[2025-05-01T00:05:39.851+0000] {processor.py:186} INFO - Started process (PID=478) to work on /opt/airflow/dags/permission_fixer_dag.py
[2025-05-01T00:05:39.851+0000] {processor.py:914} INFO - Processing file /opt/airflow/dags/permission_fixer_dag.py for tasks to queue
[2025-05-01T00:05:39.852+0000] {logging_mixin.py:190} INFO - [2025-05-01T00:05:39.852+0000] {dagbag.py:588} INFO - Filling up the DagBag from /opt/airflow/dags/permission_fixer_dag.py
[2025-05-01T00:05:39.858+0000] {logging_mixin.py:190} INFO - [2025-05-01T00:05:39.858+0000] {templater.py:94} ERROR - Failed to resolve template field 'bash_command'
Traceback (most recent call last):
  File "/home/airflow/.local/lib/python3.12/site-packages/airflow/template/templater.py", line 92, in resolve_template_files
    setattr(self, field, env.loader.get_source(env, content)[0])  # type: ignore
                         ^^^^^^^^^^^^^^^^^^^^^^^^^^^^^^^^^^^
  File "/home/airflow/.local/lib/python3.12/site-packages/jinja2/loaders.py", line 209, in get_source
    raise TemplateNotFound(
jinja2.exceptions.TemplateNotFound: 'bash /opt/airflow/scripts/permissions.sh' not found in search path: '/opt/airflow/dags'
[2025-05-01T00:05:39.860+0000] {processor.py:925} INFO - DAG(s) 'fix_permissions_dag' retrieved from /opt/airflow/dags/permission_fixer_dag.py
[2025-05-01T00:05:39.871+0000] {logging_mixin.py:190} INFO - [2025-05-01T00:05:39.871+0000] {dag.py:3239} INFO - Sync 1 DAGs
[2025-05-01T00:05:39.881+0000] {logging_mixin.py:190} INFO - [2025-05-01T00:05:39.881+0000] {dag.py:4180} INFO - Setting next_dagrun for fix_permissions_dag to 2025-04-30 23:00:00+00:00, run_after=2025-05-01 00:00:00+00:00
[2025-05-01T00:05:39.888+0000] {processor.py:208} INFO - Processing /opt/airflow/dags/permission_fixer_dag.py took 0.040 seconds
[2025-05-01T00:06:10.283+0000] {processor.py:186} INFO - Started process (PID=480) to work on /opt/airflow/dags/permission_fixer_dag.py
[2025-05-01T00:06:10.284+0000] {processor.py:914} INFO - Processing file /opt/airflow/dags/permission_fixer_dag.py for tasks to queue
[2025-05-01T00:06:10.285+0000] {logging_mixin.py:190} INFO - [2025-05-01T00:06:10.285+0000] {dagbag.py:588} INFO - Filling up the DagBag from /opt/airflow/dags/permission_fixer_dag.py
[2025-05-01T00:06:10.294+0000] {logging_mixin.py:190} INFO - [2025-05-01T00:06:10.293+0000] {templater.py:94} ERROR - Failed to resolve template field 'bash_command'
Traceback (most recent call last):
  File "/home/airflow/.local/lib/python3.12/site-packages/airflow/template/templater.py", line 92, in resolve_template_files
    setattr(self, field, env.loader.get_source(env, content)[0])  # type: ignore
                         ^^^^^^^^^^^^^^^^^^^^^^^^^^^^^^^^^^^
  File "/home/airflow/.local/lib/python3.12/site-packages/jinja2/loaders.py", line 209, in get_source
    raise TemplateNotFound(
jinja2.exceptions.TemplateNotFound: 'bash /opt/airflow/scripts/permissions.sh' not found in search path: '/opt/airflow/dags'
[2025-05-01T00:06:10.295+0000] {processor.py:925} INFO - DAG(s) 'fix_permissions_dag' retrieved from /opt/airflow/dags/permission_fixer_dag.py
[2025-05-01T00:06:10.309+0000] {logging_mixin.py:190} INFO - [2025-05-01T00:06:10.309+0000] {dag.py:3239} INFO - Sync 1 DAGs
[2025-05-01T00:06:10.321+0000] {logging_mixin.py:190} INFO - [2025-05-01T00:06:10.320+0000] {dag.py:4180} INFO - Setting next_dagrun for fix_permissions_dag to 2025-04-30 23:00:00+00:00, run_after=2025-05-01 00:00:00+00:00
[2025-05-01T00:06:10.328+0000] {processor.py:208} INFO - Processing /opt/airflow/dags/permission_fixer_dag.py took 0.051 seconds
[2025-05-01T00:21:13.052+0000] {processor.py:186} INFO - Started process (PID=482) to work on /opt/airflow/dags/permission_fixer_dag.py
[2025-05-01T00:21:13.052+0000] {processor.py:914} INFO - Processing file /opt/airflow/dags/permission_fixer_dag.py for tasks to queue
[2025-05-01T00:21:13.053+0000] {logging_mixin.py:190} INFO - [2025-05-01T00:21:13.053+0000] {dagbag.py:588} INFO - Filling up the DagBag from /opt/airflow/dags/permission_fixer_dag.py
[2025-05-01T00:21:13.062+0000] {logging_mixin.py:190} INFO - [2025-05-01T00:21:13.061+0000] {templater.py:94} ERROR - Failed to resolve template field 'bash_command'
Traceback (most recent call last):
  File "/home/airflow/.local/lib/python3.12/site-packages/airflow/template/templater.py", line 92, in resolve_template_files
    setattr(self, field, env.loader.get_source(env, content)[0])  # type: ignore
                         ^^^^^^^^^^^^^^^^^^^^^^^^^^^^^^^^^^^
  File "/home/airflow/.local/lib/python3.12/site-packages/jinja2/loaders.py", line 209, in get_source
    raise TemplateNotFound(
jinja2.exceptions.TemplateNotFound: 'bash /opt/airflow/scripts/permissions.sh' not found in search path: '/opt/airflow/dags'
[2025-05-01T00:21:13.063+0000] {processor.py:925} INFO - DAG(s) 'fix_permissions_dag' retrieved from /opt/airflow/dags/permission_fixer_dag.py
[2025-05-01T00:21:13.077+0000] {logging_mixin.py:190} INFO - [2025-05-01T00:21:13.076+0000] {dag.py:3239} INFO - Sync 1 DAGs
[2025-05-01T00:21:13.087+0000] {logging_mixin.py:190} INFO - [2025-05-01T00:21:13.087+0000] {dag.py:4180} INFO - Setting next_dagrun for fix_permissions_dag to 2025-04-30 23:00:00+00:00, run_after=2025-05-01 00:00:00+00:00
[2025-05-01T00:21:13.094+0000] {processor.py:208} INFO - Processing /opt/airflow/dags/permission_fixer_dag.py took 0.048 seconds
[2025-05-01T00:21:43.472+0000] {processor.py:186} INFO - Started process (PID=484) to work on /opt/airflow/dags/permission_fixer_dag.py
[2025-05-01T00:21:43.475+0000] {processor.py:914} INFO - Processing file /opt/airflow/dags/permission_fixer_dag.py for tasks to queue
[2025-05-01T00:21:43.476+0000] {logging_mixin.py:190} INFO - [2025-05-01T00:21:43.475+0000] {dagbag.py:588} INFO - Filling up the DagBag from /opt/airflow/dags/permission_fixer_dag.py
[2025-05-01T00:21:43.488+0000] {logging_mixin.py:190} INFO - [2025-05-01T00:21:43.487+0000] {templater.py:94} ERROR - Failed to resolve template field 'bash_command'
Traceback (most recent call last):
  File "/home/airflow/.local/lib/python3.12/site-packages/airflow/template/templater.py", line 92, in resolve_template_files
    setattr(self, field, env.loader.get_source(env, content)[0])  # type: ignore
                         ^^^^^^^^^^^^^^^^^^^^^^^^^^^^^^^^^^^
  File "/home/airflow/.local/lib/python3.12/site-packages/jinja2/loaders.py", line 209, in get_source
    raise TemplateNotFound(
jinja2.exceptions.TemplateNotFound: 'bash /opt/airflow/scripts/permissions.sh' not found in search path: '/opt/airflow/dags'
[2025-05-01T00:21:43.489+0000] {processor.py:925} INFO - DAG(s) 'fix_permissions_dag' retrieved from /opt/airflow/dags/permission_fixer_dag.py
[2025-05-01T00:21:43.504+0000] {logging_mixin.py:190} INFO - [2025-05-01T00:21:43.504+0000] {dag.py:3239} INFO - Sync 1 DAGs
[2025-05-01T00:21:43.516+0000] {logging_mixin.py:190} INFO - [2025-05-01T00:21:43.516+0000] {dag.py:4180} INFO - Setting next_dagrun for fix_permissions_dag to 2025-04-30 23:00:00+00:00, run_after=2025-05-01 00:00:00+00:00
[2025-05-01T00:21:43.524+0000] {processor.py:208} INFO - Processing /opt/airflow/dags/permission_fixer_dag.py took 0.062 seconds
[2025-05-01T00:22:14.004+0000] {processor.py:186} INFO - Started process (PID=486) to work on /opt/airflow/dags/permission_fixer_dag.py
[2025-05-01T00:22:14.005+0000] {processor.py:914} INFO - Processing file /opt/airflow/dags/permission_fixer_dag.py for tasks to queue
[2025-05-01T00:22:14.007+0000] {logging_mixin.py:190} INFO - [2025-05-01T00:22:14.006+0000] {dagbag.py:588} INFO - Filling up the DagBag from /opt/airflow/dags/permission_fixer_dag.py
[2025-05-01T00:22:14.018+0000] {logging_mixin.py:190} INFO - [2025-05-01T00:22:14.017+0000] {templater.py:94} ERROR - Failed to resolve template field 'bash_command'
Traceback (most recent call last):
  File "/home/airflow/.local/lib/python3.12/site-packages/airflow/template/templater.py", line 92, in resolve_template_files
    setattr(self, field, env.loader.get_source(env, content)[0])  # type: ignore
                         ^^^^^^^^^^^^^^^^^^^^^^^^^^^^^^^^^^^
  File "/home/airflow/.local/lib/python3.12/site-packages/jinja2/loaders.py", line 209, in get_source
    raise TemplateNotFound(
jinja2.exceptions.TemplateNotFound: 'bash /opt/airflow/scripts/permissions.sh' not found in search path: '/opt/airflow/dags'
[2025-05-01T00:22:14.019+0000] {processor.py:925} INFO - DAG(s) 'fix_permissions_dag' retrieved from /opt/airflow/dags/permission_fixer_dag.py
[2025-05-01T00:22:14.033+0000] {logging_mixin.py:190} INFO - [2025-05-01T00:22:14.033+0000] {dag.py:3239} INFO - Sync 1 DAGs
[2025-05-01T00:22:14.046+0000] {logging_mixin.py:190} INFO - [2025-05-01T00:22:14.045+0000] {dag.py:4180} INFO - Setting next_dagrun for fix_permissions_dag to 2025-04-30 23:00:00+00:00, run_after=2025-05-01 00:00:00+00:00
[2025-05-01T00:22:14.054+0000] {processor.py:208} INFO - Processing /opt/airflow/dags/permission_fixer_dag.py took 0.059 seconds
[2025-05-01T00:22:44.515+0000] {processor.py:186} INFO - Started process (PID=488) to work on /opt/airflow/dags/permission_fixer_dag.py
[2025-05-01T00:22:44.517+0000] {processor.py:914} INFO - Processing file /opt/airflow/dags/permission_fixer_dag.py for tasks to queue
[2025-05-01T00:22:44.518+0000] {logging_mixin.py:190} INFO - [2025-05-01T00:22:44.518+0000] {dagbag.py:588} INFO - Filling up the DagBag from /opt/airflow/dags/permission_fixer_dag.py
[2025-05-01T00:22:44.528+0000] {logging_mixin.py:190} INFO - [2025-05-01T00:22:44.528+0000] {templater.py:94} ERROR - Failed to resolve template field 'bash_command'
Traceback (most recent call last):
  File "/home/airflow/.local/lib/python3.12/site-packages/airflow/template/templater.py", line 92, in resolve_template_files
    setattr(self, field, env.loader.get_source(env, content)[0])  # type: ignore
                         ^^^^^^^^^^^^^^^^^^^^^^^^^^^^^^^^^^^
  File "/home/airflow/.local/lib/python3.12/site-packages/jinja2/loaders.py", line 209, in get_source
    raise TemplateNotFound(
jinja2.exceptions.TemplateNotFound: 'bash /opt/airflow/scripts/permissions.sh' not found in search path: '/opt/airflow/dags'
[2025-05-01T00:22:44.530+0000] {processor.py:925} INFO - DAG(s) 'fix_permissions_dag' retrieved from /opt/airflow/dags/permission_fixer_dag.py
[2025-05-01T00:22:44.544+0000] {logging_mixin.py:190} INFO - [2025-05-01T00:22:44.544+0000] {dag.py:3239} INFO - Sync 1 DAGs
[2025-05-01T00:22:44.557+0000] {logging_mixin.py:190} INFO - [2025-05-01T00:22:44.556+0000] {dag.py:4180} INFO - Setting next_dagrun for fix_permissions_dag to 2025-04-30 23:00:00+00:00, run_after=2025-05-01 00:00:00+00:00
[2025-05-01T00:22:44.564+0000] {processor.py:208} INFO - Processing /opt/airflow/dags/permission_fixer_dag.py took 0.057 seconds
[2025-05-01T00:52:50.293+0000] {processor.py:186} INFO - Started process (PID=490) to work on /opt/airflow/dags/permission_fixer_dag.py
[2025-05-01T00:52:50.293+0000] {processor.py:914} INFO - Processing file /opt/airflow/dags/permission_fixer_dag.py for tasks to queue
[2025-05-01T00:52:50.295+0000] {logging_mixin.py:190} INFO - [2025-05-01T00:52:50.294+0000] {dagbag.py:588} INFO - Filling up the DagBag from /opt/airflow/dags/permission_fixer_dag.py
[2025-05-01T00:52:50.303+0000] {logging_mixin.py:190} INFO - [2025-05-01T00:52:50.302+0000] {templater.py:94} ERROR - Failed to resolve template field 'bash_command'
Traceback (most recent call last):
  File "/home/airflow/.local/lib/python3.12/site-packages/airflow/template/templater.py", line 92, in resolve_template_files
    setattr(self, field, env.loader.get_source(env, content)[0])  # type: ignore
                         ^^^^^^^^^^^^^^^^^^^^^^^^^^^^^^^^^^^
  File "/home/airflow/.local/lib/python3.12/site-packages/jinja2/loaders.py", line 209, in get_source
    raise TemplateNotFound(
jinja2.exceptions.TemplateNotFound: 'bash /opt/airflow/scripts/permissions.sh' not found in search path: '/opt/airflow/dags'
[2025-05-01T00:52:50.304+0000] {processor.py:925} INFO - DAG(s) 'fix_permissions_dag' retrieved from /opt/airflow/dags/permission_fixer_dag.py
[2025-05-01T00:52:50.318+0000] {logging_mixin.py:190} INFO - [2025-05-01T00:52:50.317+0000] {dag.py:3239} INFO - Sync 1 DAGs
[2025-05-01T00:52:50.329+0000] {logging_mixin.py:190} INFO - [2025-05-01T00:52:50.329+0000] {dag.py:4180} INFO - Setting next_dagrun for fix_permissions_dag to 2025-04-30 23:00:00+00:00, run_after=2025-05-01 00:00:00+00:00
[2025-05-01T00:52:50.335+0000] {processor.py:208} INFO - Processing /opt/airflow/dags/permission_fixer_dag.py took 0.047 seconds
[2025-05-01T00:53:20.726+0000] {processor.py:186} INFO - Started process (PID=492) to work on /opt/airflow/dags/permission_fixer_dag.py
[2025-05-01T00:53:20.727+0000] {processor.py:914} INFO - Processing file /opt/airflow/dags/permission_fixer_dag.py for tasks to queue
[2025-05-01T00:53:20.728+0000] {logging_mixin.py:190} INFO - [2025-05-01T00:53:20.727+0000] {dagbag.py:588} INFO - Filling up the DagBag from /opt/airflow/dags/permission_fixer_dag.py
[2025-05-01T00:53:20.738+0000] {logging_mixin.py:190} INFO - [2025-05-01T00:53:20.737+0000] {templater.py:94} ERROR - Failed to resolve template field 'bash_command'
Traceback (most recent call last):
  File "/home/airflow/.local/lib/python3.12/site-packages/airflow/template/templater.py", line 92, in resolve_template_files
    setattr(self, field, env.loader.get_source(env, content)[0])  # type: ignore
                         ^^^^^^^^^^^^^^^^^^^^^^^^^^^^^^^^^^^
  File "/home/airflow/.local/lib/python3.12/site-packages/jinja2/loaders.py", line 209, in get_source
    raise TemplateNotFound(
jinja2.exceptions.TemplateNotFound: 'bash /opt/airflow/scripts/permissions.sh' not found in search path: '/opt/airflow/dags'
[2025-05-01T00:53:20.739+0000] {processor.py:925} INFO - DAG(s) 'fix_permissions_dag' retrieved from /opt/airflow/dags/permission_fixer_dag.py
[2025-05-01T00:53:20.754+0000] {logging_mixin.py:190} INFO - [2025-05-01T00:53:20.753+0000] {dag.py:3239} INFO - Sync 1 DAGs
[2025-05-01T00:53:20.765+0000] {logging_mixin.py:190} INFO - [2025-05-01T00:53:20.765+0000] {dag.py:4180} INFO - Setting next_dagrun for fix_permissions_dag to 2025-04-30 23:00:00+00:00, run_after=2025-05-01 00:00:00+00:00
[2025-05-01T00:53:20.773+0000] {processor.py:208} INFO - Processing /opt/airflow/dags/permission_fixer_dag.py took 0.055 seconds
[2025-05-01T00:53:51.065+0000] {processor.py:186} INFO - Started process (PID=494) to work on /opt/airflow/dags/permission_fixer_dag.py
[2025-05-01T00:53:51.066+0000] {processor.py:914} INFO - Processing file /opt/airflow/dags/permission_fixer_dag.py for tasks to queue
[2025-05-01T00:53:51.067+0000] {logging_mixin.py:190} INFO - [2025-05-01T00:53:51.067+0000] {dagbag.py:588} INFO - Filling up the DagBag from /opt/airflow/dags/permission_fixer_dag.py
[2025-05-01T00:53:51.079+0000] {logging_mixin.py:190} INFO - [2025-05-01T00:53:51.078+0000] {templater.py:94} ERROR - Failed to resolve template field 'bash_command'
Traceback (most recent call last):
  File "/home/airflow/.local/lib/python3.12/site-packages/airflow/template/templater.py", line 92, in resolve_template_files
    setattr(self, field, env.loader.get_source(env, content)[0])  # type: ignore
                         ^^^^^^^^^^^^^^^^^^^^^^^^^^^^^^^^^^^
  File "/home/airflow/.local/lib/python3.12/site-packages/jinja2/loaders.py", line 209, in get_source
    raise TemplateNotFound(
jinja2.exceptions.TemplateNotFound: 'bash /opt/airflow/scripts/permissions.sh' not found in search path: '/opt/airflow/dags'
[2025-05-01T00:53:51.080+0000] {processor.py:925} INFO - DAG(s) 'fix_permissions_dag' retrieved from /opt/airflow/dags/permission_fixer_dag.py
[2025-05-01T00:53:51.095+0000] {logging_mixin.py:190} INFO - [2025-05-01T00:53:51.095+0000] {dag.py:3239} INFO - Sync 1 DAGs
[2025-05-01T00:53:51.107+0000] {logging_mixin.py:190} INFO - [2025-05-01T00:53:51.107+0000] {dag.py:4180} INFO - Setting next_dagrun for fix_permissions_dag to 2025-04-30 23:00:00+00:00, run_after=2025-05-01 00:00:00+00:00
[2025-05-01T00:53:51.115+0000] {processor.py:208} INFO - Processing /opt/airflow/dags/permission_fixer_dag.py took 0.058 seconds
[2025-05-01T00:54:21.611+0000] {processor.py:186} INFO - Started process (PID=496) to work on /opt/airflow/dags/permission_fixer_dag.py
[2025-05-01T00:54:21.613+0000] {processor.py:914} INFO - Processing file /opt/airflow/dags/permission_fixer_dag.py for tasks to queue
[2025-05-01T00:54:21.614+0000] {logging_mixin.py:190} INFO - [2025-05-01T00:54:21.613+0000] {dagbag.py:588} INFO - Filling up the DagBag from /opt/airflow/dags/permission_fixer_dag.py
[2025-05-01T00:54:21.625+0000] {logging_mixin.py:190} INFO - [2025-05-01T00:54:21.624+0000] {templater.py:94} ERROR - Failed to resolve template field 'bash_command'
Traceback (most recent call last):
  File "/home/airflow/.local/lib/python3.12/site-packages/airflow/template/templater.py", line 92, in resolve_template_files
    setattr(self, field, env.loader.get_source(env, content)[0])  # type: ignore
                         ^^^^^^^^^^^^^^^^^^^^^^^^^^^^^^^^^^^
  File "/home/airflow/.local/lib/python3.12/site-packages/jinja2/loaders.py", line 209, in get_source
    raise TemplateNotFound(
jinja2.exceptions.TemplateNotFound: 'bash /opt/airflow/scripts/permissions.sh' not found in search path: '/opt/airflow/dags'
[2025-05-01T00:54:21.626+0000] {processor.py:925} INFO - DAG(s) 'fix_permissions_dag' retrieved from /opt/airflow/dags/permission_fixer_dag.py
[2025-05-01T00:54:21.641+0000] {logging_mixin.py:190} INFO - [2025-05-01T00:54:21.641+0000] {dag.py:3239} INFO - Sync 1 DAGs
[2025-05-01T00:54:21.653+0000] {logging_mixin.py:190} INFO - [2025-05-01T00:54:21.653+0000] {dag.py:4180} INFO - Setting next_dagrun for fix_permissions_dag to 2025-04-30 23:00:00+00:00, run_after=2025-05-01 00:00:00+00:00
[2025-05-01T00:54:21.662+0000] {processor.py:208} INFO - Processing /opt/airflow/dags/permission_fixer_dag.py took 0.058 seconds
[2025-05-01T00:54:52.094+0000] {processor.py:186} INFO - Started process (PID=498) to work on /opt/airflow/dags/permission_fixer_dag.py
[2025-05-01T00:54:52.095+0000] {processor.py:914} INFO - Processing file /opt/airflow/dags/permission_fixer_dag.py for tasks to queue
[2025-05-01T00:54:52.097+0000] {logging_mixin.py:190} INFO - [2025-05-01T00:54:52.097+0000] {dagbag.py:588} INFO - Filling up the DagBag from /opt/airflow/dags/permission_fixer_dag.py
[2025-05-01T00:54:52.107+0000] {logging_mixin.py:190} INFO - [2025-05-01T00:54:52.107+0000] {templater.py:94} ERROR - Failed to resolve template field 'bash_command'
Traceback (most recent call last):
  File "/home/airflow/.local/lib/python3.12/site-packages/airflow/template/templater.py", line 92, in resolve_template_files
    setattr(self, field, env.loader.get_source(env, content)[0])  # type: ignore
                         ^^^^^^^^^^^^^^^^^^^^^^^^^^^^^^^^^^^
  File "/home/airflow/.local/lib/python3.12/site-packages/jinja2/loaders.py", line 209, in get_source
    raise TemplateNotFound(
jinja2.exceptions.TemplateNotFound: 'bash /opt/airflow/scripts/permissions.sh' not found in search path: '/opt/airflow/dags'
[2025-05-01T00:54:52.109+0000] {processor.py:925} INFO - DAG(s) 'fix_permissions_dag' retrieved from /opt/airflow/dags/permission_fixer_dag.py
[2025-05-01T00:54:52.123+0000] {logging_mixin.py:190} INFO - [2025-05-01T00:54:52.123+0000] {dag.py:3239} INFO - Sync 1 DAGs
[2025-05-01T00:54:52.136+0000] {logging_mixin.py:190} INFO - [2025-05-01T00:54:52.135+0000] {dag.py:4180} INFO - Setting next_dagrun for fix_permissions_dag to 2025-04-30 23:00:00+00:00, run_after=2025-05-01 00:00:00+00:00
[2025-05-01T00:54:52.144+0000] {processor.py:208} INFO - Processing /opt/airflow/dags/permission_fixer_dag.py took 0.059 seconds
[2025-05-01T01:07:04.847+0000] {processor.py:186} INFO - Started process (PID=500) to work on /opt/airflow/dags/permission_fixer_dag.py
[2025-05-01T01:07:04.848+0000] {processor.py:914} INFO - Processing file /opt/airflow/dags/permission_fixer_dag.py for tasks to queue
[2025-05-01T01:07:04.849+0000] {logging_mixin.py:190} INFO - [2025-05-01T01:07:04.848+0000] {dagbag.py:588} INFO - Filling up the DagBag from /opt/airflow/dags/permission_fixer_dag.py
[2025-05-01T01:07:04.858+0000] {logging_mixin.py:190} INFO - [2025-05-01T01:07:04.857+0000] {templater.py:94} ERROR - Failed to resolve template field 'bash_command'
Traceback (most recent call last):
  File "/home/airflow/.local/lib/python3.12/site-packages/airflow/template/templater.py", line 92, in resolve_template_files
    setattr(self, field, env.loader.get_source(env, content)[0])  # type: ignore
                         ^^^^^^^^^^^^^^^^^^^^^^^^^^^^^^^^^^^
  File "/home/airflow/.local/lib/python3.12/site-packages/jinja2/loaders.py", line 209, in get_source
    raise TemplateNotFound(
jinja2.exceptions.TemplateNotFound: 'bash /opt/airflow/scripts/permissions.sh' not found in search path: '/opt/airflow/dags'
[2025-05-01T01:07:04.860+0000] {processor.py:925} INFO - DAG(s) 'fix_permissions_dag' retrieved from /opt/airflow/dags/permission_fixer_dag.py
[2025-05-01T01:07:04.873+0000] {logging_mixin.py:190} INFO - [2025-05-01T01:07:04.873+0000] {dag.py:3239} INFO - Sync 1 DAGs
[2025-05-01T01:07:04.885+0000] {logging_mixin.py:190} INFO - [2025-05-01T01:07:04.885+0000] {dag.py:4180} INFO - Setting next_dagrun for fix_permissions_dag to 2025-05-01 00:00:00+00:00, run_after=2025-05-01 01:00:00+00:00
[2025-05-01T01:07:04.893+0000] {processor.py:208} INFO - Processing /opt/airflow/dags/permission_fixer_dag.py took 0.053 seconds
[2025-05-01T01:07:35.276+0000] {processor.py:186} INFO - Started process (PID=502) to work on /opt/airflow/dags/permission_fixer_dag.py
[2025-05-01T01:07:35.276+0000] {processor.py:914} INFO - Processing file /opt/airflow/dags/permission_fixer_dag.py for tasks to queue
[2025-05-01T01:07:35.277+0000] {logging_mixin.py:190} INFO - [2025-05-01T01:07:35.277+0000] {dagbag.py:588} INFO - Filling up the DagBag from /opt/airflow/dags/permission_fixer_dag.py
[2025-05-01T01:07:35.285+0000] {logging_mixin.py:190} INFO - [2025-05-01T01:07:35.284+0000] {templater.py:94} ERROR - Failed to resolve template field 'bash_command'
Traceback (most recent call last):
  File "/home/airflow/.local/lib/python3.12/site-packages/airflow/template/templater.py", line 92, in resolve_template_files
    setattr(self, field, env.loader.get_source(env, content)[0])  # type: ignore
                         ^^^^^^^^^^^^^^^^^^^^^^^^^^^^^^^^^^^
  File "/home/airflow/.local/lib/python3.12/site-packages/jinja2/loaders.py", line 209, in get_source
    raise TemplateNotFound(
jinja2.exceptions.TemplateNotFound: 'bash /opt/airflow/scripts/permissions.sh' not found in search path: '/opt/airflow/dags'
[2025-05-01T01:07:35.286+0000] {processor.py:925} INFO - DAG(s) 'fix_permissions_dag' retrieved from /opt/airflow/dags/permission_fixer_dag.py
[2025-05-01T01:07:35.298+0000] {logging_mixin.py:190} INFO - [2025-05-01T01:07:35.298+0000] {dag.py:3239} INFO - Sync 1 DAGs
[2025-05-01T01:07:35.309+0000] {logging_mixin.py:190} INFO - [2025-05-01T01:07:35.309+0000] {dag.py:4180} INFO - Setting next_dagrun for fix_permissions_dag to 2025-05-01 00:00:00+00:00, run_after=2025-05-01 01:00:00+00:00
[2025-05-01T01:07:35.317+0000] {processor.py:208} INFO - Processing /opt/airflow/dags/permission_fixer_dag.py took 0.045 seconds
[2025-05-01T01:16:53.896+0000] {processor.py:186} INFO - Started process (PID=504) to work on /opt/airflow/dags/permission_fixer_dag.py
[2025-05-01T01:16:53.897+0000] {processor.py:914} INFO - Processing file /opt/airflow/dags/permission_fixer_dag.py for tasks to queue
[2025-05-01T01:16:53.897+0000] {logging_mixin.py:190} INFO - [2025-05-01T01:16:53.897+0000] {dagbag.py:588} INFO - Filling up the DagBag from /opt/airflow/dags/permission_fixer_dag.py
[2025-05-01T01:16:53.904+0000] {logging_mixin.py:190} INFO - [2025-05-01T01:16:53.903+0000] {templater.py:94} ERROR - Failed to resolve template field 'bash_command'
Traceback (most recent call last):
  File "/home/airflow/.local/lib/python3.12/site-packages/airflow/template/templater.py", line 92, in resolve_template_files
    setattr(self, field, env.loader.get_source(env, content)[0])  # type: ignore
                         ^^^^^^^^^^^^^^^^^^^^^^^^^^^^^^^^^^^
  File "/home/airflow/.local/lib/python3.12/site-packages/jinja2/loaders.py", line 209, in get_source
    raise TemplateNotFound(
jinja2.exceptions.TemplateNotFound: 'bash /opt/airflow/scripts/permissions.sh' not found in search path: '/opt/airflow/dags'
[2025-05-01T01:16:53.905+0000] {processor.py:925} INFO - DAG(s) 'fix_permissions_dag' retrieved from /opt/airflow/dags/permission_fixer_dag.py
[2025-05-01T01:16:53.916+0000] {logging_mixin.py:190} INFO - [2025-05-01T01:16:53.916+0000] {dag.py:3239} INFO - Sync 1 DAGs
[2025-05-01T01:16:53.926+0000] {logging_mixin.py:190} INFO - [2025-05-01T01:16:53.926+0000] {dag.py:4180} INFO - Setting next_dagrun for fix_permissions_dag to 2025-05-01 00:00:00+00:00, run_after=2025-05-01 01:00:00+00:00
[2025-05-01T01:16:53.933+0000] {processor.py:208} INFO - Processing /opt/airflow/dags/permission_fixer_dag.py took 0.040 seconds
[2025-05-01T01:17:24.132+0000] {processor.py:186} INFO - Started process (PID=506) to work on /opt/airflow/dags/permission_fixer_dag.py
[2025-05-01T01:17:24.133+0000] {processor.py:914} INFO - Processing file /opt/airflow/dags/permission_fixer_dag.py for tasks to queue
[2025-05-01T01:17:24.134+0000] {logging_mixin.py:190} INFO - [2025-05-01T01:17:24.134+0000] {dagbag.py:588} INFO - Filling up the DagBag from /opt/airflow/dags/permission_fixer_dag.py
[2025-05-01T01:17:24.141+0000] {logging_mixin.py:190} INFO - [2025-05-01T01:17:24.140+0000] {templater.py:94} ERROR - Failed to resolve template field 'bash_command'
Traceback (most recent call last):
  File "/home/airflow/.local/lib/python3.12/site-packages/airflow/template/templater.py", line 92, in resolve_template_files
    setattr(self, field, env.loader.get_source(env, content)[0])  # type: ignore
                         ^^^^^^^^^^^^^^^^^^^^^^^^^^^^^^^^^^^
  File "/home/airflow/.local/lib/python3.12/site-packages/jinja2/loaders.py", line 209, in get_source
    raise TemplateNotFound(
jinja2.exceptions.TemplateNotFound: 'bash /opt/airflow/scripts/permissions.sh' not found in search path: '/opt/airflow/dags'
[2025-05-01T01:17:24.142+0000] {processor.py:925} INFO - DAG(s) 'fix_permissions_dag' retrieved from /opt/airflow/dags/permission_fixer_dag.py
[2025-05-01T01:17:24.154+0000] {logging_mixin.py:190} INFO - [2025-05-01T01:17:24.154+0000] {dag.py:3239} INFO - Sync 1 DAGs
[2025-05-01T01:17:24.164+0000] {logging_mixin.py:190} INFO - [2025-05-01T01:17:24.164+0000] {dag.py:4180} INFO - Setting next_dagrun for fix_permissions_dag to 2025-05-01 00:00:00+00:00, run_after=2025-05-01 01:00:00+00:00
[2025-05-01T01:17:24.171+0000] {processor.py:208} INFO - Processing /opt/airflow/dags/permission_fixer_dag.py took 0.043 seconds
[2025-05-01T01:17:54.450+0000] {processor.py:186} INFO - Started process (PID=508) to work on /opt/airflow/dags/permission_fixer_dag.py
[2025-05-01T01:17:54.451+0000] {processor.py:914} INFO - Processing file /opt/airflow/dags/permission_fixer_dag.py for tasks to queue
[2025-05-01T01:17:54.452+0000] {logging_mixin.py:190} INFO - [2025-05-01T01:17:54.452+0000] {dagbag.py:588} INFO - Filling up the DagBag from /opt/airflow/dags/permission_fixer_dag.py
[2025-05-01T01:17:54.462+0000] {logging_mixin.py:190} INFO - [2025-05-01T01:17:54.461+0000] {templater.py:94} ERROR - Failed to resolve template field 'bash_command'
Traceback (most recent call last):
  File "/home/airflow/.local/lib/python3.12/site-packages/airflow/template/templater.py", line 92, in resolve_template_files
    setattr(self, field, env.loader.get_source(env, content)[0])  # type: ignore
                         ^^^^^^^^^^^^^^^^^^^^^^^^^^^^^^^^^^^
  File "/home/airflow/.local/lib/python3.12/site-packages/jinja2/loaders.py", line 209, in get_source
    raise TemplateNotFound(
jinja2.exceptions.TemplateNotFound: 'bash /opt/airflow/scripts/permissions.sh' not found in search path: '/opt/airflow/dags'
[2025-05-01T01:17:54.464+0000] {processor.py:925} INFO - DAG(s) 'fix_permissions_dag' retrieved from /opt/airflow/dags/permission_fixer_dag.py
[2025-05-01T01:17:54.478+0000] {logging_mixin.py:190} INFO - [2025-05-01T01:17:54.478+0000] {dag.py:3239} INFO - Sync 1 DAGs
[2025-05-01T01:17:54.490+0000] {logging_mixin.py:190} INFO - [2025-05-01T01:17:54.490+0000] {dag.py:4180} INFO - Setting next_dagrun for fix_permissions_dag to 2025-05-01 00:00:00+00:00, run_after=2025-05-01 01:00:00+00:00
[2025-05-01T01:17:54.498+0000] {processor.py:208} INFO - Processing /opt/airflow/dags/permission_fixer_dag.py took 0.057 seconds
[2025-05-01T01:18:24.802+0000] {processor.py:186} INFO - Started process (PID=510) to work on /opt/airflow/dags/permission_fixer_dag.py
[2025-05-01T01:18:24.804+0000] {processor.py:914} INFO - Processing file /opt/airflow/dags/permission_fixer_dag.py for tasks to queue
[2025-05-01T01:18:24.805+0000] {logging_mixin.py:190} INFO - [2025-05-01T01:18:24.805+0000] {dagbag.py:588} INFO - Filling up the DagBag from /opt/airflow/dags/permission_fixer_dag.py
[2025-05-01T01:18:24.815+0000] {logging_mixin.py:190} INFO - [2025-05-01T01:18:24.814+0000] {templater.py:94} ERROR - Failed to resolve template field 'bash_command'
Traceback (most recent call last):
  File "/home/airflow/.local/lib/python3.12/site-packages/airflow/template/templater.py", line 92, in resolve_template_files
    setattr(self, field, env.loader.get_source(env, content)[0])  # type: ignore
                         ^^^^^^^^^^^^^^^^^^^^^^^^^^^^^^^^^^^
  File "/home/airflow/.local/lib/python3.12/site-packages/jinja2/loaders.py", line 209, in get_source
    raise TemplateNotFound(
jinja2.exceptions.TemplateNotFound: 'bash /opt/airflow/scripts/permissions.sh' not found in search path: '/opt/airflow/dags'
[2025-05-01T01:18:24.817+0000] {processor.py:925} INFO - DAG(s) 'fix_permissions_dag' retrieved from /opt/airflow/dags/permission_fixer_dag.py
[2025-05-01T01:18:24.833+0000] {logging_mixin.py:190} INFO - [2025-05-01T01:18:24.833+0000] {dag.py:3239} INFO - Sync 1 DAGs
[2025-05-01T01:18:24.845+0000] {logging_mixin.py:190} INFO - [2025-05-01T01:18:24.845+0000] {dag.py:4180} INFO - Setting next_dagrun for fix_permissions_dag to 2025-05-01 00:00:00+00:00, run_after=2025-05-01 01:00:00+00:00
[2025-05-01T01:18:24.854+0000] {processor.py:208} INFO - Processing /opt/airflow/dags/permission_fixer_dag.py took 0.059 seconds
[2025-05-01T01:18:55.221+0000] {processor.py:186} INFO - Started process (PID=512) to work on /opt/airflow/dags/permission_fixer_dag.py
[2025-05-01T01:18:55.222+0000] {processor.py:914} INFO - Processing file /opt/airflow/dags/permission_fixer_dag.py for tasks to queue
[2025-05-01T01:18:55.223+0000] {logging_mixin.py:190} INFO - [2025-05-01T01:18:55.223+0000] {dagbag.py:588} INFO - Filling up the DagBag from /opt/airflow/dags/permission_fixer_dag.py
[2025-05-01T01:18:55.233+0000] {logging_mixin.py:190} INFO - [2025-05-01T01:18:55.232+0000] {templater.py:94} ERROR - Failed to resolve template field 'bash_command'
Traceback (most recent call last):
  File "/home/airflow/.local/lib/python3.12/site-packages/airflow/template/templater.py", line 92, in resolve_template_files
    setattr(self, field, env.loader.get_source(env, content)[0])  # type: ignore
                         ^^^^^^^^^^^^^^^^^^^^^^^^^^^^^^^^^^^
  File "/home/airflow/.local/lib/python3.12/site-packages/jinja2/loaders.py", line 209, in get_source
    raise TemplateNotFound(
jinja2.exceptions.TemplateNotFound: 'bash /opt/airflow/scripts/permissions.sh' not found in search path: '/opt/airflow/dags'
[2025-05-01T01:18:55.234+0000] {processor.py:925} INFO - DAG(s) 'fix_permissions_dag' retrieved from /opt/airflow/dags/permission_fixer_dag.py
[2025-05-01T01:18:55.249+0000] {logging_mixin.py:190} INFO - [2025-05-01T01:18:55.249+0000] {dag.py:3239} INFO - Sync 1 DAGs
[2025-05-01T01:18:55.262+0000] {logging_mixin.py:190} INFO - [2025-05-01T01:18:55.261+0000] {dag.py:4180} INFO - Setting next_dagrun for fix_permissions_dag to 2025-05-01 00:00:00+00:00, run_after=2025-05-01 01:00:00+00:00
[2025-05-01T01:18:55.271+0000] {processor.py:208} INFO - Processing /opt/airflow/dags/permission_fixer_dag.py took 0.057 seconds
[2025-05-01T01:19:25.687+0000] {processor.py:186} INFO - Started process (PID=514) to work on /opt/airflow/dags/permission_fixer_dag.py
[2025-05-01T01:19:25.689+0000] {processor.py:914} INFO - Processing file /opt/airflow/dags/permission_fixer_dag.py for tasks to queue
[2025-05-01T01:19:25.690+0000] {logging_mixin.py:190} INFO - [2025-05-01T01:19:25.690+0000] {dagbag.py:588} INFO - Filling up the DagBag from /opt/airflow/dags/permission_fixer_dag.py
[2025-05-01T01:19:25.701+0000] {logging_mixin.py:190} INFO - [2025-05-01T01:19:25.700+0000] {templater.py:94} ERROR - Failed to resolve template field 'bash_command'
Traceback (most recent call last):
  File "/home/airflow/.local/lib/python3.12/site-packages/airflow/template/templater.py", line 92, in resolve_template_files
    setattr(self, field, env.loader.get_source(env, content)[0])  # type: ignore
                         ^^^^^^^^^^^^^^^^^^^^^^^^^^^^^^^^^^^
  File "/home/airflow/.local/lib/python3.12/site-packages/jinja2/loaders.py", line 209, in get_source
    raise TemplateNotFound(
jinja2.exceptions.TemplateNotFound: 'bash /opt/airflow/scripts/permissions.sh' not found in search path: '/opt/airflow/dags'
[2025-05-01T01:19:25.702+0000] {processor.py:925} INFO - DAG(s) 'fix_permissions_dag' retrieved from /opt/airflow/dags/permission_fixer_dag.py
[2025-05-01T01:19:25.717+0000] {logging_mixin.py:190} INFO - [2025-05-01T01:19:25.717+0000] {dag.py:3239} INFO - Sync 1 DAGs
[2025-05-01T01:19:25.729+0000] {logging_mixin.py:190} INFO - [2025-05-01T01:19:25.729+0000] {dag.py:4180} INFO - Setting next_dagrun for fix_permissions_dag to 2025-05-01 00:00:00+00:00, run_after=2025-05-01 01:00:00+00:00
[2025-05-01T01:19:25.737+0000] {processor.py:208} INFO - Processing /opt/airflow/dags/permission_fixer_dag.py took 0.057 seconds
[2025-05-01T01:19:56.156+0000] {processor.py:186} INFO - Started process (PID=516) to work on /opt/airflow/dags/permission_fixer_dag.py
[2025-05-01T01:19:56.157+0000] {processor.py:914} INFO - Processing file /opt/airflow/dags/permission_fixer_dag.py for tasks to queue
[2025-05-01T01:19:56.158+0000] {logging_mixin.py:190} INFO - [2025-05-01T01:19:56.158+0000] {dagbag.py:588} INFO - Filling up the DagBag from /opt/airflow/dags/permission_fixer_dag.py
[2025-05-01T01:19:56.169+0000] {logging_mixin.py:190} INFO - [2025-05-01T01:19:56.168+0000] {templater.py:94} ERROR - Failed to resolve template field 'bash_command'
Traceback (most recent call last):
  File "/home/airflow/.local/lib/python3.12/site-packages/airflow/template/templater.py", line 92, in resolve_template_files
    setattr(self, field, env.loader.get_source(env, content)[0])  # type: ignore
                         ^^^^^^^^^^^^^^^^^^^^^^^^^^^^^^^^^^^
  File "/home/airflow/.local/lib/python3.12/site-packages/jinja2/loaders.py", line 209, in get_source
    raise TemplateNotFound(
jinja2.exceptions.TemplateNotFound: 'bash /opt/airflow/scripts/permissions.sh' not found in search path: '/opt/airflow/dags'
[2025-05-01T01:19:56.170+0000] {processor.py:925} INFO - DAG(s) 'fix_permissions_dag' retrieved from /opt/airflow/dags/permission_fixer_dag.py
[2025-05-01T01:19:56.185+0000] {logging_mixin.py:190} INFO - [2025-05-01T01:19:56.185+0000] {dag.py:3239} INFO - Sync 1 DAGs
[2025-05-01T01:19:56.199+0000] {logging_mixin.py:190} INFO - [2025-05-01T01:19:56.199+0000] {dag.py:4180} INFO - Setting next_dagrun for fix_permissions_dag to 2025-05-01 00:00:00+00:00, run_after=2025-05-01 01:00:00+00:00
[2025-05-01T01:19:56.208+0000] {processor.py:208} INFO - Processing /opt/airflow/dags/permission_fixer_dag.py took 0.059 seconds
[2025-05-01T01:20:26.583+0000] {processor.py:186} INFO - Started process (PID=518) to work on /opt/airflow/dags/permission_fixer_dag.py
[2025-05-01T01:20:26.584+0000] {processor.py:914} INFO - Processing file /opt/airflow/dags/permission_fixer_dag.py for tasks to queue
[2025-05-01T01:20:26.586+0000] {logging_mixin.py:190} INFO - [2025-05-01T01:20:26.585+0000] {dagbag.py:588} INFO - Filling up the DagBag from /opt/airflow/dags/permission_fixer_dag.py
[2025-05-01T01:20:26.597+0000] {logging_mixin.py:190} INFO - [2025-05-01T01:20:26.597+0000] {templater.py:94} ERROR - Failed to resolve template field 'bash_command'
Traceback (most recent call last):
  File "/home/airflow/.local/lib/python3.12/site-packages/airflow/template/templater.py", line 92, in resolve_template_files
    setattr(self, field, env.loader.get_source(env, content)[0])  # type: ignore
                         ^^^^^^^^^^^^^^^^^^^^^^^^^^^^^^^^^^^
  File "/home/airflow/.local/lib/python3.12/site-packages/jinja2/loaders.py", line 209, in get_source
    raise TemplateNotFound(
jinja2.exceptions.TemplateNotFound: 'bash /opt/airflow/scripts/permissions.sh' not found in search path: '/opt/airflow/dags'
[2025-05-01T01:20:26.600+0000] {processor.py:925} INFO - DAG(s) 'fix_permissions_dag' retrieved from /opt/airflow/dags/permission_fixer_dag.py
[2025-05-01T01:20:26.615+0000] {logging_mixin.py:190} INFO - [2025-05-01T01:20:26.615+0000] {dag.py:3239} INFO - Sync 1 DAGs
[2025-05-01T01:20:26.627+0000] {logging_mixin.py:190} INFO - [2025-05-01T01:20:26.627+0000] {dag.py:4180} INFO - Setting next_dagrun for fix_permissions_dag to 2025-05-01 00:00:00+00:00, run_after=2025-05-01 01:00:00+00:00
[2025-05-01T01:20:26.636+0000] {processor.py:208} INFO - Processing /opt/airflow/dags/permission_fixer_dag.py took 0.061 seconds
[2025-05-01T01:20:56.877+0000] {processor.py:186} INFO - Started process (PID=520) to work on /opt/airflow/dags/permission_fixer_dag.py
[2025-05-01T01:20:56.877+0000] {processor.py:914} INFO - Processing file /opt/airflow/dags/permission_fixer_dag.py for tasks to queue
[2025-05-01T01:20:56.878+0000] {logging_mixin.py:190} INFO - [2025-05-01T01:20:56.878+0000] {dagbag.py:588} INFO - Filling up the DagBag from /opt/airflow/dags/permission_fixer_dag.py
[2025-05-01T01:20:56.885+0000] {logging_mixin.py:190} INFO - [2025-05-01T01:20:56.885+0000] {templater.py:94} ERROR - Failed to resolve template field 'bash_command'
Traceback (most recent call last):
  File "/home/airflow/.local/lib/python3.12/site-packages/airflow/template/templater.py", line 92, in resolve_template_files
    setattr(self, field, env.loader.get_source(env, content)[0])  # type: ignore
                         ^^^^^^^^^^^^^^^^^^^^^^^^^^^^^^^^^^^
  File "/home/airflow/.local/lib/python3.12/site-packages/jinja2/loaders.py", line 209, in get_source
    raise TemplateNotFound(
jinja2.exceptions.TemplateNotFound: 'bash /opt/airflow/scripts/permissions.sh' not found in search path: '/opt/airflow/dags'
[2025-05-01T01:20:56.886+0000] {processor.py:925} INFO - DAG(s) 'fix_permissions_dag' retrieved from /opt/airflow/dags/permission_fixer_dag.py
[2025-05-01T01:20:56.899+0000] {logging_mixin.py:190} INFO - [2025-05-01T01:20:56.899+0000] {dag.py:3239} INFO - Sync 1 DAGs
[2025-05-01T01:20:56.911+0000] {logging_mixin.py:190} INFO - [2025-05-01T01:20:56.911+0000] {dag.py:4180} INFO - Setting next_dagrun for fix_permissions_dag to 2025-05-01 00:00:00+00:00, run_after=2025-05-01 01:00:00+00:00
[2025-05-01T01:20:56.919+0000] {processor.py:208} INFO - Processing /opt/airflow/dags/permission_fixer_dag.py took 0.045 seconds
[2025-05-01T01:21:09.984+0000] {processor.py:186} INFO - Started process (PID=522) to work on /opt/airflow/dags/permission_fixer_dag.py
[2025-05-01T01:21:09.985+0000] {processor.py:914} INFO - Processing file /opt/airflow/dags/permission_fixer_dag.py for tasks to queue
[2025-05-01T01:21:09.986+0000] {logging_mixin.py:190} INFO - [2025-05-01T01:21:09.985+0000] {dagbag.py:588} INFO - Filling up the DagBag from /opt/airflow/dags/permission_fixer_dag.py
[2025-05-01T01:21:09.995+0000] {logging_mixin.py:190} INFO - [2025-05-01T01:21:09.994+0000] {templater.py:94} ERROR - Failed to resolve template field 'bash_command'
Traceback (most recent call last):
  File "/home/airflow/.local/lib/python3.12/site-packages/airflow/template/templater.py", line 92, in resolve_template_files
    setattr(self, field, env.loader.get_source(env, content)[0])  # type: ignore
                         ^^^^^^^^^^^^^^^^^^^^^^^^^^^^^^^^^^^
  File "/home/airflow/.local/lib/python3.12/site-packages/jinja2/loaders.py", line 209, in get_source
    raise TemplateNotFound(
jinja2.exceptions.TemplateNotFound: 'bash /opt/airflow/scripts/bash/permissions.sh' not found in search path: '/opt/airflow/dags'
[2025-05-01T01:21:09.996+0000] {processor.py:925} INFO - DAG(s) 'fix_permissions_dag' retrieved from /opt/airflow/dags/permission_fixer_dag.py
[2025-05-01T01:21:10.070+0000] {logging_mixin.py:190} INFO - [2025-05-01T01:21:10.070+0000] {dag.py:3239} INFO - Sync 1 DAGs
[2025-05-01T01:21:10.078+0000] {logging_mixin.py:190} INFO - [2025-05-01T01:21:10.078+0000] {dag.py:4180} INFO - Setting next_dagrun for fix_permissions_dag to 2025-05-01 00:00:00+00:00, run_after=2025-05-01 01:00:00+00:00
[2025-05-01T01:21:10.086+0000] {processor.py:208} INFO - Processing /opt/airflow/dags/permission_fixer_dag.py took 0.106 seconds
[2025-05-01T01:21:40.173+0000] {processor.py:186} INFO - Started process (PID=525) to work on /opt/airflow/dags/permission_fixer_dag.py
[2025-05-01T01:21:40.174+0000] {processor.py:914} INFO - Processing file /opt/airflow/dags/permission_fixer_dag.py for tasks to queue
[2025-05-01T01:21:40.176+0000] {logging_mixin.py:190} INFO - [2025-05-01T01:21:40.175+0000] {dagbag.py:588} INFO - Filling up the DagBag from /opt/airflow/dags/permission_fixer_dag.py
[2025-05-01T01:21:40.188+0000] {logging_mixin.py:190} INFO - [2025-05-01T01:21:40.188+0000] {templater.py:94} ERROR - Failed to resolve template field 'bash_command'
Traceback (most recent call last):
  File "/home/airflow/.local/lib/python3.12/site-packages/airflow/template/templater.py", line 92, in resolve_template_files
    setattr(self, field, env.loader.get_source(env, content)[0])  # type: ignore
                         ^^^^^^^^^^^^^^^^^^^^^^^^^^^^^^^^^^^
  File "/home/airflow/.local/lib/python3.12/site-packages/jinja2/loaders.py", line 209, in get_source
    raise TemplateNotFound(
jinja2.exceptions.TemplateNotFound: 'bash /opt/airflow/scripts/bash/permissions.sh' not found in search path: '/opt/airflow/dags'
[2025-05-01T01:21:40.190+0000] {processor.py:925} INFO - DAG(s) 'fix_permissions_dag' retrieved from /opt/airflow/dags/permission_fixer_dag.py
[2025-05-01T01:21:40.204+0000] {logging_mixin.py:190} INFO - [2025-05-01T01:21:40.204+0000] {dag.py:3239} INFO - Sync 1 DAGs
[2025-05-01T01:21:40.216+0000] {logging_mixin.py:190} INFO - [2025-05-01T01:21:40.216+0000] {dag.py:4180} INFO - Setting next_dagrun for fix_permissions_dag to 2025-05-01 00:00:00+00:00, run_after=2025-05-01 01:00:00+00:00
[2025-05-01T01:21:40.223+0000] {processor.py:208} INFO - Processing /opt/airflow/dags/permission_fixer_dag.py took 0.057 seconds
[2025-05-01T01:22:10.396+0000] {processor.py:186} INFO - Started process (PID=527) to work on /opt/airflow/dags/permission_fixer_dag.py
[2025-05-01T01:22:10.397+0000] {processor.py:914} INFO - Processing file /opt/airflow/dags/permission_fixer_dag.py for tasks to queue
[2025-05-01T01:22:10.397+0000] {logging_mixin.py:190} INFO - [2025-05-01T01:22:10.397+0000] {dagbag.py:588} INFO - Filling up the DagBag from /opt/airflow/dags/permission_fixer_dag.py
[2025-05-01T01:22:10.404+0000] {logging_mixin.py:190} INFO - [2025-05-01T01:22:10.404+0000] {templater.py:94} ERROR - Failed to resolve template field 'bash_command'
Traceback (most recent call last):
  File "/home/airflow/.local/lib/python3.12/site-packages/airflow/template/templater.py", line 92, in resolve_template_files
    setattr(self, field, env.loader.get_source(env, content)[0])  # type: ignore
                         ^^^^^^^^^^^^^^^^^^^^^^^^^^^^^^^^^^^
  File "/home/airflow/.local/lib/python3.12/site-packages/jinja2/loaders.py", line 209, in get_source
    raise TemplateNotFound(
jinja2.exceptions.TemplateNotFound: 'bash /opt/airflow/scripts/bash/permissions.sh' not found in search path: '/opt/airflow/dags'
[2025-05-01T01:22:10.405+0000] {processor.py:925} INFO - DAG(s) 'fix_permissions_dag' retrieved from /opt/airflow/dags/permission_fixer_dag.py
[2025-05-01T01:22:10.420+0000] {logging_mixin.py:190} INFO - [2025-05-01T01:22:10.420+0000] {dag.py:3239} INFO - Sync 1 DAGs
[2025-05-01T01:22:10.431+0000] {logging_mixin.py:190} INFO - [2025-05-01T01:22:10.431+0000] {dag.py:4180} INFO - Setting next_dagrun for fix_permissions_dag to 2025-05-01 00:00:00+00:00, run_after=2025-05-01 01:00:00+00:00
[2025-05-01T01:22:10.440+0000] {processor.py:208} INFO - Processing /opt/airflow/dags/permission_fixer_dag.py took 0.046 seconds
[2025-05-01T01:22:40.649+0000] {processor.py:186} INFO - Started process (PID=529) to work on /opt/airflow/dags/permission_fixer_dag.py
[2025-05-01T01:22:40.649+0000] {processor.py:914} INFO - Processing file /opt/airflow/dags/permission_fixer_dag.py for tasks to queue
[2025-05-01T01:22:40.650+0000] {logging_mixin.py:190} INFO - [2025-05-01T01:22:40.650+0000] {dagbag.py:588} INFO - Filling up the DagBag from /opt/airflow/dags/permission_fixer_dag.py
[2025-05-01T01:22:40.659+0000] {logging_mixin.py:190} INFO - [2025-05-01T01:22:40.659+0000] {templater.py:94} ERROR - Failed to resolve template field 'bash_command'
Traceback (most recent call last):
  File "/home/airflow/.local/lib/python3.12/site-packages/airflow/template/templater.py", line 92, in resolve_template_files
    setattr(self, field, env.loader.get_source(env, content)[0])  # type: ignore
                         ^^^^^^^^^^^^^^^^^^^^^^^^^^^^^^^^^^^
  File "/home/airflow/.local/lib/python3.12/site-packages/jinja2/loaders.py", line 209, in get_source
    raise TemplateNotFound(
jinja2.exceptions.TemplateNotFound: 'bash /opt/airflow/scripts/bash/permissions.sh' not found in search path: '/opt/airflow/dags'
[2025-05-01T01:22:40.660+0000] {processor.py:925} INFO - DAG(s) 'fix_permissions_dag' retrieved from /opt/airflow/dags/permission_fixer_dag.py
[2025-05-01T01:22:40.674+0000] {logging_mixin.py:190} INFO - [2025-05-01T01:22:40.674+0000] {dag.py:3239} INFO - Sync 1 DAGs
[2025-05-01T01:22:40.684+0000] {logging_mixin.py:190} INFO - [2025-05-01T01:22:40.684+0000] {dag.py:4180} INFO - Setting next_dagrun for fix_permissions_dag to 2025-05-01 00:00:00+00:00, run_after=2025-05-01 01:00:00+00:00
[2025-05-01T01:22:40.695+0000] {processor.py:208} INFO - Processing /opt/airflow/dags/permission_fixer_dag.py took 0.052 seconds
[2025-05-01T01:23:10.895+0000] {processor.py:186} INFO - Started process (PID=531) to work on /opt/airflow/dags/permission_fixer_dag.py
[2025-05-01T01:23:10.896+0000] {processor.py:914} INFO - Processing file /opt/airflow/dags/permission_fixer_dag.py for tasks to queue
[2025-05-01T01:23:10.897+0000] {logging_mixin.py:190} INFO - [2025-05-01T01:23:10.897+0000] {dagbag.py:588} INFO - Filling up the DagBag from /opt/airflow/dags/permission_fixer_dag.py
[2025-05-01T01:23:10.906+0000] {logging_mixin.py:190} INFO - [2025-05-01T01:23:10.905+0000] {templater.py:94} ERROR - Failed to resolve template field 'bash_command'
Traceback (most recent call last):
  File "/home/airflow/.local/lib/python3.12/site-packages/airflow/template/templater.py", line 92, in resolve_template_files
    setattr(self, field, env.loader.get_source(env, content)[0])  # type: ignore
                         ^^^^^^^^^^^^^^^^^^^^^^^^^^^^^^^^^^^
  File "/home/airflow/.local/lib/python3.12/site-packages/jinja2/loaders.py", line 209, in get_source
    raise TemplateNotFound(
jinja2.exceptions.TemplateNotFound: 'bash /opt/airflow/scripts/bash/permissions.sh' not found in search path: '/opt/airflow/dags'
[2025-05-01T01:23:10.907+0000] {processor.py:925} INFO - DAG(s) 'fix_permissions_dag' retrieved from /opt/airflow/dags/permission_fixer_dag.py
[2025-05-01T01:23:10.920+0000] {logging_mixin.py:190} INFO - [2025-05-01T01:23:10.920+0000] {dag.py:3239} INFO - Sync 1 DAGs
[2025-05-01T01:23:10.933+0000] {logging_mixin.py:190} INFO - [2025-05-01T01:23:10.933+0000] {dag.py:4180} INFO - Setting next_dagrun for fix_permissions_dag to 2025-05-01 01:00:00+00:00, run_after=2025-05-01 02:00:00+00:00
[2025-05-01T01:23:10.942+0000] {processor.py:208} INFO - Processing /opt/airflow/dags/permission_fixer_dag.py took 0.053 seconds
[2025-05-01T01:23:41.111+0000] {processor.py:186} INFO - Started process (PID=533) to work on /opt/airflow/dags/permission_fixer_dag.py
[2025-05-01T01:23:41.112+0000] {processor.py:914} INFO - Processing file /opt/airflow/dags/permission_fixer_dag.py for tasks to queue
[2025-05-01T01:23:41.112+0000] {logging_mixin.py:190} INFO - [2025-05-01T01:23:41.112+0000] {dagbag.py:588} INFO - Filling up the DagBag from /opt/airflow/dags/permission_fixer_dag.py
[2025-05-01T01:23:41.120+0000] {logging_mixin.py:190} INFO - [2025-05-01T01:23:41.119+0000] {templater.py:94} ERROR - Failed to resolve template field 'bash_command'
Traceback (most recent call last):
  File "/home/airflow/.local/lib/python3.12/site-packages/airflow/template/templater.py", line 92, in resolve_template_files
    setattr(self, field, env.loader.get_source(env, content)[0])  # type: ignore
                         ^^^^^^^^^^^^^^^^^^^^^^^^^^^^^^^^^^^
  File "/home/airflow/.local/lib/python3.12/site-packages/jinja2/loaders.py", line 209, in get_source
    raise TemplateNotFound(
jinja2.exceptions.TemplateNotFound: 'bash /opt/airflow/scripts/bash/permissions.sh' not found in search path: '/opt/airflow/dags'
[2025-05-01T01:23:41.121+0000] {processor.py:925} INFO - DAG(s) 'fix_permissions_dag' retrieved from /opt/airflow/dags/permission_fixer_dag.py
[2025-05-01T01:23:41.133+0000] {logging_mixin.py:190} INFO - [2025-05-01T01:23:41.133+0000] {dag.py:3239} INFO - Sync 1 DAGs
[2025-05-01T01:23:41.142+0000] {logging_mixin.py:190} INFO - [2025-05-01T01:23:41.142+0000] {dag.py:4180} INFO - Setting next_dagrun for fix_permissions_dag to 2025-05-01 01:00:00+00:00, run_after=2025-05-01 02:00:00+00:00
[2025-05-01T01:23:41.149+0000] {processor.py:208} INFO - Processing /opt/airflow/dags/permission_fixer_dag.py took 0.041 seconds
[2025-05-01T01:24:11.297+0000] {processor.py:186} INFO - Started process (PID=535) to work on /opt/airflow/dags/permission_fixer_dag.py
[2025-05-01T01:24:11.298+0000] {processor.py:914} INFO - Processing file /opt/airflow/dags/permission_fixer_dag.py for tasks to queue
[2025-05-01T01:24:11.298+0000] {logging_mixin.py:190} INFO - [2025-05-01T01:24:11.298+0000] {dagbag.py:588} INFO - Filling up the DagBag from /opt/airflow/dags/permission_fixer_dag.py
[2025-05-01T01:24:11.306+0000] {logging_mixin.py:190} INFO - [2025-05-01T01:24:11.306+0000] {templater.py:94} ERROR - Failed to resolve template field 'bash_command'
Traceback (most recent call last):
  File "/home/airflow/.local/lib/python3.12/site-packages/airflow/template/templater.py", line 92, in resolve_template_files
    setattr(self, field, env.loader.get_source(env, content)[0])  # type: ignore
                         ^^^^^^^^^^^^^^^^^^^^^^^^^^^^^^^^^^^
  File "/home/airflow/.local/lib/python3.12/site-packages/jinja2/loaders.py", line 209, in get_source
    raise TemplateNotFound(
jinja2.exceptions.TemplateNotFound: 'bash /opt/airflow/scripts/bash/permissions.sh' not found in search path: '/opt/airflow/dags'
[2025-05-01T01:24:11.307+0000] {processor.py:925} INFO - DAG(s) 'fix_permissions_dag' retrieved from /opt/airflow/dags/permission_fixer_dag.py
[2025-05-01T01:24:11.319+0000] {logging_mixin.py:190} INFO - [2025-05-01T01:24:11.318+0000] {dag.py:3239} INFO - Sync 1 DAGs
[2025-05-01T01:24:11.328+0000] {logging_mixin.py:190} INFO - [2025-05-01T01:24:11.328+0000] {dag.py:4180} INFO - Setting next_dagrun for fix_permissions_dag to 2025-05-01 01:00:00+00:00, run_after=2025-05-01 02:00:00+00:00
[2025-05-01T01:24:11.335+0000] {processor.py:208} INFO - Processing /opt/airflow/dags/permission_fixer_dag.py took 0.042 seconds
[2025-05-01T01:24:41.487+0000] {processor.py:186} INFO - Started process (PID=537) to work on /opt/airflow/dags/permission_fixer_dag.py
[2025-05-01T01:24:41.487+0000] {processor.py:914} INFO - Processing file /opt/airflow/dags/permission_fixer_dag.py for tasks to queue
[2025-05-01T01:24:41.488+0000] {logging_mixin.py:190} INFO - [2025-05-01T01:24:41.488+0000] {dagbag.py:588} INFO - Filling up the DagBag from /opt/airflow/dags/permission_fixer_dag.py
[2025-05-01T01:24:41.495+0000] {logging_mixin.py:190} INFO - [2025-05-01T01:24:41.495+0000] {templater.py:94} ERROR - Failed to resolve template field 'bash_command'
Traceback (most recent call last):
  File "/home/airflow/.local/lib/python3.12/site-packages/airflow/template/templater.py", line 92, in resolve_template_files
    setattr(self, field, env.loader.get_source(env, content)[0])  # type: ignore
                         ^^^^^^^^^^^^^^^^^^^^^^^^^^^^^^^^^^^
  File "/home/airflow/.local/lib/python3.12/site-packages/jinja2/loaders.py", line 209, in get_source
    raise TemplateNotFound(
jinja2.exceptions.TemplateNotFound: 'bash /opt/airflow/scripts/bash/permissions.sh' not found in search path: '/opt/airflow/dags'
[2025-05-01T01:24:41.496+0000] {processor.py:925} INFO - DAG(s) 'fix_permissions_dag' retrieved from /opt/airflow/dags/permission_fixer_dag.py
[2025-05-01T01:24:41.508+0000] {logging_mixin.py:190} INFO - [2025-05-01T01:24:41.508+0000] {dag.py:3239} INFO - Sync 1 DAGs
[2025-05-01T01:24:41.518+0000] {logging_mixin.py:190} INFO - [2025-05-01T01:24:41.518+0000] {dag.py:4180} INFO - Setting next_dagrun for fix_permissions_dag to 2025-05-01 01:00:00+00:00, run_after=2025-05-01 02:00:00+00:00
[2025-05-01T01:24:41.525+0000] {processor.py:208} INFO - Processing /opt/airflow/dags/permission_fixer_dag.py took 0.042 seconds
[2025-05-01T01:25:11.676+0000] {processor.py:186} INFO - Started process (PID=539) to work on /opt/airflow/dags/permission_fixer_dag.py
[2025-05-01T01:25:11.677+0000] {processor.py:914} INFO - Processing file /opt/airflow/dags/permission_fixer_dag.py for tasks to queue
[2025-05-01T01:25:11.678+0000] {logging_mixin.py:190} INFO - [2025-05-01T01:25:11.677+0000] {dagbag.py:588} INFO - Filling up the DagBag from /opt/airflow/dags/permission_fixer_dag.py
[2025-05-01T01:25:11.685+0000] {logging_mixin.py:190} INFO - [2025-05-01T01:25:11.684+0000] {templater.py:94} ERROR - Failed to resolve template field 'bash_command'
Traceback (most recent call last):
  File "/home/airflow/.local/lib/python3.12/site-packages/airflow/template/templater.py", line 92, in resolve_template_files
    setattr(self, field, env.loader.get_source(env, content)[0])  # type: ignore
                         ^^^^^^^^^^^^^^^^^^^^^^^^^^^^^^^^^^^
  File "/home/airflow/.local/lib/python3.12/site-packages/jinja2/loaders.py", line 209, in get_source
    raise TemplateNotFound(
jinja2.exceptions.TemplateNotFound: 'bash /opt/airflow/scripts/bash/permissions.sh' not found in search path: '/opt/airflow/dags'
[2025-05-01T01:25:11.686+0000] {processor.py:925} INFO - DAG(s) 'fix_permissions_dag' retrieved from /opt/airflow/dags/permission_fixer_dag.py
[2025-05-01T01:25:11.698+0000] {logging_mixin.py:190} INFO - [2025-05-01T01:25:11.698+0000] {dag.py:3239} INFO - Sync 1 DAGs
[2025-05-01T01:25:11.708+0000] {logging_mixin.py:190} INFO - [2025-05-01T01:25:11.708+0000] {dag.py:4180} INFO - Setting next_dagrun for fix_permissions_dag to 2025-05-01 01:00:00+00:00, run_after=2025-05-01 02:00:00+00:00
[2025-05-01T01:25:11.715+0000] {processor.py:208} INFO - Processing /opt/airflow/dags/permission_fixer_dag.py took 0.042 seconds
[2025-05-01T01:38:13.413+0000] {processor.py:186} INFO - Started process (PID=541) to work on /opt/airflow/dags/permission_fixer_dag.py
[2025-05-01T01:38:13.413+0000] {processor.py:914} INFO - Processing file /opt/airflow/dags/permission_fixer_dag.py for tasks to queue
[2025-05-01T01:38:13.414+0000] {logging_mixin.py:190} INFO - [2025-05-01T01:38:13.414+0000] {dagbag.py:588} INFO - Filling up the DagBag from /opt/airflow/dags/permission_fixer_dag.py
[2025-05-01T01:38:13.421+0000] {logging_mixin.py:190} INFO - [2025-05-01T01:38:13.421+0000] {templater.py:94} ERROR - Failed to resolve template field 'bash_command'
Traceback (most recent call last):
  File "/home/airflow/.local/lib/python3.12/site-packages/airflow/template/templater.py", line 92, in resolve_template_files
    setattr(self, field, env.loader.get_source(env, content)[0])  # type: ignore
                         ^^^^^^^^^^^^^^^^^^^^^^^^^^^^^^^^^^^
  File "/home/airflow/.local/lib/python3.12/site-packages/jinja2/loaders.py", line 209, in get_source
    raise TemplateNotFound(
jinja2.exceptions.TemplateNotFound: 'bash /opt/airflow/scripts/bash/permissions.sh' not found in search path: '/opt/airflow/dags'
[2025-05-01T01:38:13.423+0000] {processor.py:925} INFO - DAG(s) 'fix_permissions_dag' retrieved from /opt/airflow/dags/permission_fixer_dag.py
[2025-05-01T01:38:13.436+0000] {logging_mixin.py:190} INFO - [2025-05-01T01:38:13.436+0000] {dag.py:3239} INFO - Sync 1 DAGs
[2025-05-01T01:38:13.448+0000] {logging_mixin.py:190} INFO - [2025-05-01T01:38:13.448+0000] {dag.py:4180} INFO - Setting next_dagrun for fix_permissions_dag to 2025-05-01 01:00:00+00:00, run_after=2025-05-01 02:00:00+00:00
[2025-05-01T01:38:13.455+0000] {processor.py:208} INFO - Processing /opt/airflow/dags/permission_fixer_dag.py took 0.046 seconds
[2025-05-01T01:38:43.609+0000] {processor.py:186} INFO - Started process (PID=543) to work on /opt/airflow/dags/permission_fixer_dag.py
[2025-05-01T01:38:43.610+0000] {processor.py:914} INFO - Processing file /opt/airflow/dags/permission_fixer_dag.py for tasks to queue
[2025-05-01T01:38:43.610+0000] {logging_mixin.py:190} INFO - [2025-05-01T01:38:43.610+0000] {dagbag.py:588} INFO - Filling up the DagBag from /opt/airflow/dags/permission_fixer_dag.py
[2025-05-01T01:38:43.617+0000] {logging_mixin.py:190} INFO - [2025-05-01T01:38:43.616+0000] {templater.py:94} ERROR - Failed to resolve template field 'bash_command'
Traceback (most recent call last):
  File "/home/airflow/.local/lib/python3.12/site-packages/airflow/template/templater.py", line 92, in resolve_template_files
    setattr(self, field, env.loader.get_source(env, content)[0])  # type: ignore
                         ^^^^^^^^^^^^^^^^^^^^^^^^^^^^^^^^^^^
  File "/home/airflow/.local/lib/python3.12/site-packages/jinja2/loaders.py", line 209, in get_source
    raise TemplateNotFound(
jinja2.exceptions.TemplateNotFound: 'bash /opt/airflow/scripts/bash/permissions.sh' not found in search path: '/opt/airflow/dags'
[2025-05-01T01:38:43.618+0000] {processor.py:925} INFO - DAG(s) 'fix_permissions_dag' retrieved from /opt/airflow/dags/permission_fixer_dag.py
[2025-05-01T01:38:43.630+0000] {logging_mixin.py:190} INFO - [2025-05-01T01:38:43.630+0000] {dag.py:3239} INFO - Sync 1 DAGs
[2025-05-01T01:38:43.640+0000] {logging_mixin.py:190} INFO - [2025-05-01T01:38:43.640+0000] {dag.py:4180} INFO - Setting next_dagrun for fix_permissions_dag to 2025-05-01 01:00:00+00:00, run_after=2025-05-01 02:00:00+00:00
[2025-05-01T01:38:43.648+0000] {processor.py:208} INFO - Processing /opt/airflow/dags/permission_fixer_dag.py took 0.042 seconds
[2025-05-01T01:39:13.831+0000] {processor.py:186} INFO - Started process (PID=545) to work on /opt/airflow/dags/permission_fixer_dag.py
[2025-05-01T01:39:13.832+0000] {processor.py:914} INFO - Processing file /opt/airflow/dags/permission_fixer_dag.py for tasks to queue
[2025-05-01T01:39:13.833+0000] {logging_mixin.py:190} INFO - [2025-05-01T01:39:13.832+0000] {dagbag.py:588} INFO - Filling up the DagBag from /opt/airflow/dags/permission_fixer_dag.py
[2025-05-01T01:39:13.839+0000] {logging_mixin.py:190} INFO - [2025-05-01T01:39:13.839+0000] {templater.py:94} ERROR - Failed to resolve template field 'bash_command'
Traceback (most recent call last):
  File "/home/airflow/.local/lib/python3.12/site-packages/airflow/template/templater.py", line 92, in resolve_template_files
    setattr(self, field, env.loader.get_source(env, content)[0])  # type: ignore
                         ^^^^^^^^^^^^^^^^^^^^^^^^^^^^^^^^^^^
  File "/home/airflow/.local/lib/python3.12/site-packages/jinja2/loaders.py", line 209, in get_source
    raise TemplateNotFound(
jinja2.exceptions.TemplateNotFound: 'bash /opt/airflow/scripts/bash/permissions.sh' not found in search path: '/opt/airflow/dags'
[2025-05-01T01:39:13.840+0000] {processor.py:925} INFO - DAG(s) 'fix_permissions_dag' retrieved from /opt/airflow/dags/permission_fixer_dag.py
[2025-05-01T01:39:13.854+0000] {logging_mixin.py:190} INFO - [2025-05-01T01:39:13.854+0000] {dag.py:3239} INFO - Sync 1 DAGs
[2025-05-01T01:39:13.865+0000] {logging_mixin.py:190} INFO - [2025-05-01T01:39:13.865+0000] {dag.py:4180} INFO - Setting next_dagrun for fix_permissions_dag to 2025-05-01 01:00:00+00:00, run_after=2025-05-01 02:00:00+00:00
[2025-05-01T01:39:13.873+0000] {processor.py:208} INFO - Processing /opt/airflow/dags/permission_fixer_dag.py took 0.044 seconds
[2025-05-01T01:39:44.080+0000] {processor.py:186} INFO - Started process (PID=547) to work on /opt/airflow/dags/permission_fixer_dag.py
[2025-05-01T01:39:44.080+0000] {processor.py:914} INFO - Processing file /opt/airflow/dags/permission_fixer_dag.py for tasks to queue
[2025-05-01T01:39:44.081+0000] {logging_mixin.py:190} INFO - [2025-05-01T01:39:44.081+0000] {dagbag.py:588} INFO - Filling up the DagBag from /opt/airflow/dags/permission_fixer_dag.py
[2025-05-01T01:39:44.088+0000] {logging_mixin.py:190} INFO - [2025-05-01T01:39:44.088+0000] {templater.py:94} ERROR - Failed to resolve template field 'bash_command'
Traceback (most recent call last):
  File "/home/airflow/.local/lib/python3.12/site-packages/airflow/template/templater.py", line 92, in resolve_template_files
    setattr(self, field, env.loader.get_source(env, content)[0])  # type: ignore
                         ^^^^^^^^^^^^^^^^^^^^^^^^^^^^^^^^^^^
  File "/home/airflow/.local/lib/python3.12/site-packages/jinja2/loaders.py", line 209, in get_source
    raise TemplateNotFound(
jinja2.exceptions.TemplateNotFound: 'bash /opt/airflow/scripts/bash/permissions.sh' not found in search path: '/opt/airflow/dags'
[2025-05-01T01:39:44.089+0000] {processor.py:925} INFO - DAG(s) 'fix_permissions_dag' retrieved from /opt/airflow/dags/permission_fixer_dag.py
[2025-05-01T01:39:44.102+0000] {logging_mixin.py:190} INFO - [2025-05-01T01:39:44.102+0000] {dag.py:3239} INFO - Sync 1 DAGs
[2025-05-01T01:39:44.112+0000] {logging_mixin.py:190} INFO - [2025-05-01T01:39:44.112+0000] {dag.py:4180} INFO - Setting next_dagrun for fix_permissions_dag to 2025-05-01 01:00:00+00:00, run_after=2025-05-01 02:00:00+00:00
[2025-05-01T01:39:44.119+0000] {processor.py:208} INFO - Processing /opt/airflow/dags/permission_fixer_dag.py took 0.042 seconds
[2025-05-01T01:40:14.350+0000] {processor.py:186} INFO - Started process (PID=549) to work on /opt/airflow/dags/permission_fixer_dag.py
[2025-05-01T01:40:14.350+0000] {processor.py:914} INFO - Processing file /opt/airflow/dags/permission_fixer_dag.py for tasks to queue
[2025-05-01T01:40:14.351+0000] {logging_mixin.py:190} INFO - [2025-05-01T01:40:14.351+0000] {dagbag.py:588} INFO - Filling up the DagBag from /opt/airflow/dags/permission_fixer_dag.py
[2025-05-01T01:40:14.359+0000] {logging_mixin.py:190} INFO - [2025-05-01T01:40:14.359+0000] {templater.py:94} ERROR - Failed to resolve template field 'bash_command'
Traceback (most recent call last):
  File "/home/airflow/.local/lib/python3.12/site-packages/airflow/template/templater.py", line 92, in resolve_template_files
    setattr(self, field, env.loader.get_source(env, content)[0])  # type: ignore
                         ^^^^^^^^^^^^^^^^^^^^^^^^^^^^^^^^^^^
  File "/home/airflow/.local/lib/python3.12/site-packages/jinja2/loaders.py", line 209, in get_source
    raise TemplateNotFound(
jinja2.exceptions.TemplateNotFound: 'bash /opt/airflow/scripts/bash/permissions.sh' not found in search path: '/opt/airflow/dags'
[2025-05-01T01:40:14.361+0000] {processor.py:925} INFO - DAG(s) 'fix_permissions_dag' retrieved from /opt/airflow/dags/permission_fixer_dag.py
[2025-05-01T01:40:14.374+0000] {logging_mixin.py:190} INFO - [2025-05-01T01:40:14.374+0000] {dag.py:3239} INFO - Sync 1 DAGs
[2025-05-01T01:40:14.385+0000] {logging_mixin.py:190} INFO - [2025-05-01T01:40:14.385+0000] {dag.py:4180} INFO - Setting next_dagrun for fix_permissions_dag to 2025-05-01 01:00:00+00:00, run_after=2025-05-01 02:00:00+00:00
[2025-05-01T01:40:14.392+0000] {processor.py:208} INFO - Processing /opt/airflow/dags/permission_fixer_dag.py took 0.046 seconds
[2025-05-01T01:40:44.723+0000] {processor.py:186} INFO - Started process (PID=551) to work on /opt/airflow/dags/permission_fixer_dag.py
[2025-05-01T01:40:44.724+0000] {processor.py:914} INFO - Processing file /opt/airflow/dags/permission_fixer_dag.py for tasks to queue
[2025-05-01T01:40:44.725+0000] {logging_mixin.py:190} INFO - [2025-05-01T01:40:44.725+0000] {dagbag.py:588} INFO - Filling up the DagBag from /opt/airflow/dags/permission_fixer_dag.py
[2025-05-01T01:40:44.733+0000] {logging_mixin.py:190} INFO - [2025-05-01T01:40:44.732+0000] {templater.py:94} ERROR - Failed to resolve template field 'bash_command'
Traceback (most recent call last):
  File "/home/airflow/.local/lib/python3.12/site-packages/airflow/template/templater.py", line 92, in resolve_template_files
    setattr(self, field, env.loader.get_source(env, content)[0])  # type: ignore
                         ^^^^^^^^^^^^^^^^^^^^^^^^^^^^^^^^^^^
  File "/home/airflow/.local/lib/python3.12/site-packages/jinja2/loaders.py", line 209, in get_source
    raise TemplateNotFound(
jinja2.exceptions.TemplateNotFound: 'bash /opt/airflow/scripts/bash/permissions.sh' not found in search path: '/opt/airflow/dags'
[2025-05-01T01:40:44.734+0000] {processor.py:925} INFO - DAG(s) 'fix_permissions_dag' retrieved from /opt/airflow/dags/permission_fixer_dag.py
[2025-05-01T01:40:44.747+0000] {logging_mixin.py:190} INFO - [2025-05-01T01:40:44.747+0000] {dag.py:3239} INFO - Sync 1 DAGs
[2025-05-01T01:40:44.759+0000] {logging_mixin.py:190} INFO - [2025-05-01T01:40:44.758+0000] {dag.py:4180} INFO - Setting next_dagrun for fix_permissions_dag to 2025-05-01 01:00:00+00:00, run_after=2025-05-01 02:00:00+00:00
[2025-05-01T01:40:44.766+0000] {processor.py:208} INFO - Processing /opt/airflow/dags/permission_fixer_dag.py took 0.046 seconds
[2025-05-01T01:41:15.056+0000] {processor.py:186} INFO - Started process (PID=553) to work on /opt/airflow/dags/permission_fixer_dag.py
[2025-05-01T01:41:15.056+0000] {processor.py:914} INFO - Processing file /opt/airflow/dags/permission_fixer_dag.py for tasks to queue
[2025-05-01T01:41:15.057+0000] {logging_mixin.py:190} INFO - [2025-05-01T01:41:15.057+0000] {dagbag.py:588} INFO - Filling up the DagBag from /opt/airflow/dags/permission_fixer_dag.py
[2025-05-01T01:41:15.064+0000] {logging_mixin.py:190} INFO - [2025-05-01T01:41:15.063+0000] {templater.py:94} ERROR - Failed to resolve template field 'bash_command'
Traceback (most recent call last):
  File "/home/airflow/.local/lib/python3.12/site-packages/airflow/template/templater.py", line 92, in resolve_template_files
    setattr(self, field, env.loader.get_source(env, content)[0])  # type: ignore
                         ^^^^^^^^^^^^^^^^^^^^^^^^^^^^^^^^^^^
  File "/home/airflow/.local/lib/python3.12/site-packages/jinja2/loaders.py", line 209, in get_source
    raise TemplateNotFound(
jinja2.exceptions.TemplateNotFound: 'bash /opt/airflow/scripts/bash/permissions.sh' not found in search path: '/opt/airflow/dags'
[2025-05-01T01:41:15.065+0000] {processor.py:925} INFO - DAG(s) 'fix_permissions_dag' retrieved from /opt/airflow/dags/permission_fixer_dag.py
[2025-05-01T01:41:15.078+0000] {logging_mixin.py:190} INFO - [2025-05-01T01:41:15.078+0000] {dag.py:3239} INFO - Sync 1 DAGs
[2025-05-01T01:41:15.089+0000] {logging_mixin.py:190} INFO - [2025-05-01T01:41:15.089+0000] {dag.py:4180} INFO - Setting next_dagrun for fix_permissions_dag to 2025-05-01 01:00:00+00:00, run_after=2025-05-01 02:00:00+00:00
[2025-05-01T01:41:15.097+0000] {processor.py:208} INFO - Processing /opt/airflow/dags/permission_fixer_dag.py took 0.045 seconds
[2025-05-01T01:41:45.392+0000] {processor.py:186} INFO - Started process (PID=555) to work on /opt/airflow/dags/permission_fixer_dag.py
[2025-05-01T01:41:45.392+0000] {processor.py:914} INFO - Processing file /opt/airflow/dags/permission_fixer_dag.py for tasks to queue
[2025-05-01T01:41:45.393+0000] {logging_mixin.py:190} INFO - [2025-05-01T01:41:45.393+0000] {dagbag.py:588} INFO - Filling up the DagBag from /opt/airflow/dags/permission_fixer_dag.py
[2025-05-01T01:41:45.400+0000] {logging_mixin.py:190} INFO - [2025-05-01T01:41:45.400+0000] {templater.py:94} ERROR - Failed to resolve template field 'bash_command'
Traceback (most recent call last):
  File "/home/airflow/.local/lib/python3.12/site-packages/airflow/template/templater.py", line 92, in resolve_template_files
    setattr(self, field, env.loader.get_source(env, content)[0])  # type: ignore
                         ^^^^^^^^^^^^^^^^^^^^^^^^^^^^^^^^^^^
  File "/home/airflow/.local/lib/python3.12/site-packages/jinja2/loaders.py", line 209, in get_source
    raise TemplateNotFound(
jinja2.exceptions.TemplateNotFound: 'bash /opt/airflow/scripts/bash/permissions.sh' not found in search path: '/opt/airflow/dags'
[2025-05-01T01:41:45.402+0000] {processor.py:925} INFO - DAG(s) 'fix_permissions_dag' retrieved from /opt/airflow/dags/permission_fixer_dag.py
[2025-05-01T01:41:45.415+0000] {logging_mixin.py:190} INFO - [2025-05-01T01:41:45.415+0000] {dag.py:3239} INFO - Sync 1 DAGs
[2025-05-01T01:41:45.425+0000] {logging_mixin.py:190} INFO - [2025-05-01T01:41:45.425+0000] {dag.py:4180} INFO - Setting next_dagrun for fix_permissions_dag to 2025-05-01 01:00:00+00:00, run_after=2025-05-01 02:00:00+00:00
[2025-05-01T01:41:45.432+0000] {processor.py:208} INFO - Processing /opt/airflow/dags/permission_fixer_dag.py took 0.046 seconds
[2025-05-01T01:42:15.719+0000] {processor.py:186} INFO - Started process (PID=557) to work on /opt/airflow/dags/permission_fixer_dag.py
[2025-05-01T01:42:15.720+0000] {processor.py:914} INFO - Processing file /opt/airflow/dags/permission_fixer_dag.py for tasks to queue
[2025-05-01T01:42:15.721+0000] {logging_mixin.py:190} INFO - [2025-05-01T01:42:15.720+0000] {dagbag.py:588} INFO - Filling up the DagBag from /opt/airflow/dags/permission_fixer_dag.py
[2025-05-01T01:42:15.729+0000] {logging_mixin.py:190} INFO - [2025-05-01T01:42:15.728+0000] {templater.py:94} ERROR - Failed to resolve template field 'bash_command'
Traceback (most recent call last):
  File "/home/airflow/.local/lib/python3.12/site-packages/airflow/template/templater.py", line 92, in resolve_template_files
    setattr(self, field, env.loader.get_source(env, content)[0])  # type: ignore
                         ^^^^^^^^^^^^^^^^^^^^^^^^^^^^^^^^^^^
  File "/home/airflow/.local/lib/python3.12/site-packages/jinja2/loaders.py", line 209, in get_source
    raise TemplateNotFound(
jinja2.exceptions.TemplateNotFound: 'bash /opt/airflow/scripts/bash/permissions.sh' not found in search path: '/opt/airflow/dags'
[2025-05-01T01:42:15.730+0000] {processor.py:925} INFO - DAG(s) 'fix_permissions_dag' retrieved from /opt/airflow/dags/permission_fixer_dag.py
[2025-05-01T01:42:15.742+0000] {logging_mixin.py:190} INFO - [2025-05-01T01:42:15.742+0000] {dag.py:3239} INFO - Sync 1 DAGs
[2025-05-01T01:42:15.753+0000] {logging_mixin.py:190} INFO - [2025-05-01T01:42:15.752+0000] {dag.py:4180} INFO - Setting next_dagrun for fix_permissions_dag to 2025-05-01 01:00:00+00:00, run_after=2025-05-01 02:00:00+00:00
[2025-05-01T01:42:15.759+0000] {processor.py:208} INFO - Processing /opt/airflow/dags/permission_fixer_dag.py took 0.044 seconds
[2025-05-01T01:42:45.941+0000] {processor.py:186} INFO - Started process (PID=559) to work on /opt/airflow/dags/permission_fixer_dag.py
[2025-05-01T01:42:45.941+0000] {processor.py:914} INFO - Processing file /opt/airflow/dags/permission_fixer_dag.py for tasks to queue
[2025-05-01T01:42:45.942+0000] {logging_mixin.py:190} INFO - [2025-05-01T01:42:45.942+0000] {dagbag.py:588} INFO - Filling up the DagBag from /opt/airflow/dags/permission_fixer_dag.py
[2025-05-01T01:42:45.949+0000] {logging_mixin.py:190} INFO - [2025-05-01T01:42:45.949+0000] {templater.py:94} ERROR - Failed to resolve template field 'bash_command'
Traceback (most recent call last):
  File "/home/airflow/.local/lib/python3.12/site-packages/airflow/template/templater.py", line 92, in resolve_template_files
    setattr(self, field, env.loader.get_source(env, content)[0])  # type: ignore
                         ^^^^^^^^^^^^^^^^^^^^^^^^^^^^^^^^^^^
  File "/home/airflow/.local/lib/python3.12/site-packages/jinja2/loaders.py", line 209, in get_source
    raise TemplateNotFound(
jinja2.exceptions.TemplateNotFound: 'bash /opt/airflow/scripts/bash/permissions.sh' not found in search path: '/opt/airflow/dags'
[2025-05-01T01:42:45.950+0000] {processor.py:925} INFO - DAG(s) 'fix_permissions_dag' retrieved from /opt/airflow/dags/permission_fixer_dag.py
[2025-05-01T01:42:45.962+0000] {logging_mixin.py:190} INFO - [2025-05-01T01:42:45.962+0000] {dag.py:3239} INFO - Sync 1 DAGs
[2025-05-01T01:42:45.972+0000] {logging_mixin.py:190} INFO - [2025-05-01T01:42:45.972+0000] {dag.py:4180} INFO - Setting next_dagrun for fix_permissions_dag to 2025-05-01 01:00:00+00:00, run_after=2025-05-01 02:00:00+00:00
[2025-05-01T01:42:45.979+0000] {processor.py:208} INFO - Processing /opt/airflow/dags/permission_fixer_dag.py took 0.042 seconds
[2025-05-01T01:43:16.189+0000] {processor.py:186} INFO - Started process (PID=561) to work on /opt/airflow/dags/permission_fixer_dag.py
[2025-05-01T01:43:16.189+0000] {processor.py:914} INFO - Processing file /opt/airflow/dags/permission_fixer_dag.py for tasks to queue
[2025-05-01T01:43:16.190+0000] {logging_mixin.py:190} INFO - [2025-05-01T01:43:16.189+0000] {dagbag.py:588} INFO - Filling up the DagBag from /opt/airflow/dags/permission_fixer_dag.py
[2025-05-01T01:43:16.198+0000] {logging_mixin.py:190} INFO - [2025-05-01T01:43:16.197+0000] {templater.py:94} ERROR - Failed to resolve template field 'bash_command'
Traceback (most recent call last):
  File "/home/airflow/.local/lib/python3.12/site-packages/airflow/template/templater.py", line 92, in resolve_template_files
    setattr(self, field, env.loader.get_source(env, content)[0])  # type: ignore
                         ^^^^^^^^^^^^^^^^^^^^^^^^^^^^^^^^^^^
  File "/home/airflow/.local/lib/python3.12/site-packages/jinja2/loaders.py", line 209, in get_source
    raise TemplateNotFound(
jinja2.exceptions.TemplateNotFound: 'bash /opt/airflow/scripts/bash/permissions.sh' not found in search path: '/opt/airflow/dags'
[2025-05-01T01:43:16.199+0000] {processor.py:925} INFO - DAG(s) 'fix_permissions_dag' retrieved from /opt/airflow/dags/permission_fixer_dag.py
[2025-05-01T01:43:16.212+0000] {logging_mixin.py:190} INFO - [2025-05-01T01:43:16.212+0000] {dag.py:3239} INFO - Sync 1 DAGs
[2025-05-01T01:43:16.223+0000] {logging_mixin.py:190} INFO - [2025-05-01T01:43:16.223+0000] {dag.py:4180} INFO - Setting next_dagrun for fix_permissions_dag to 2025-05-01 01:00:00+00:00, run_after=2025-05-01 02:00:00+00:00
[2025-05-01T01:43:16.230+0000] {processor.py:208} INFO - Processing /opt/airflow/dags/permission_fixer_dag.py took 0.045 seconds
[2025-05-01T01:43:46.436+0000] {processor.py:186} INFO - Started process (PID=563) to work on /opt/airflow/dags/permission_fixer_dag.py
[2025-05-01T01:43:46.436+0000] {processor.py:914} INFO - Processing file /opt/airflow/dags/permission_fixer_dag.py for tasks to queue
[2025-05-01T01:43:46.437+0000] {logging_mixin.py:190} INFO - [2025-05-01T01:43:46.437+0000] {dagbag.py:588} INFO - Filling up the DagBag from /opt/airflow/dags/permission_fixer_dag.py
[2025-05-01T01:43:46.445+0000] {logging_mixin.py:190} INFO - [2025-05-01T01:43:46.444+0000] {templater.py:94} ERROR - Failed to resolve template field 'bash_command'
Traceback (most recent call last):
  File "/home/airflow/.local/lib/python3.12/site-packages/airflow/template/templater.py", line 92, in resolve_template_files
    setattr(self, field, env.loader.get_source(env, content)[0])  # type: ignore
                         ^^^^^^^^^^^^^^^^^^^^^^^^^^^^^^^^^^^
  File "/home/airflow/.local/lib/python3.12/site-packages/jinja2/loaders.py", line 209, in get_source
    raise TemplateNotFound(
jinja2.exceptions.TemplateNotFound: 'bash /opt/airflow/scripts/bash/permissions.sh' not found in search path: '/opt/airflow/dags'
[2025-05-01T01:43:46.446+0000] {processor.py:925} INFO - DAG(s) 'fix_permissions_dag' retrieved from /opt/airflow/dags/permission_fixer_dag.py
[2025-05-01T01:43:46.459+0000] {logging_mixin.py:190} INFO - [2025-05-01T01:43:46.459+0000] {dag.py:3239} INFO - Sync 1 DAGs
[2025-05-01T01:43:46.471+0000] {logging_mixin.py:190} INFO - [2025-05-01T01:43:46.471+0000] {dag.py:4180} INFO - Setting next_dagrun for fix_permissions_dag to 2025-05-01 01:00:00+00:00, run_after=2025-05-01 02:00:00+00:00
[2025-05-01T01:43:46.478+0000] {processor.py:208} INFO - Processing /opt/airflow/dags/permission_fixer_dag.py took 0.046 seconds
[2025-05-01T01:44:16.769+0000] {processor.py:186} INFO - Started process (PID=565) to work on /opt/airflow/dags/permission_fixer_dag.py
[2025-05-01T01:44:16.770+0000] {processor.py:914} INFO - Processing file /opt/airflow/dags/permission_fixer_dag.py for tasks to queue
[2025-05-01T01:44:16.771+0000] {logging_mixin.py:190} INFO - [2025-05-01T01:44:16.770+0000] {dagbag.py:588} INFO - Filling up the DagBag from /opt/airflow/dags/permission_fixer_dag.py
[2025-05-01T01:44:16.779+0000] {logging_mixin.py:190} INFO - [2025-05-01T01:44:16.778+0000] {templater.py:94} ERROR - Failed to resolve template field 'bash_command'
Traceback (most recent call last):
  File "/home/airflow/.local/lib/python3.12/site-packages/airflow/template/templater.py", line 92, in resolve_template_files
    setattr(self, field, env.loader.get_source(env, content)[0])  # type: ignore
                         ^^^^^^^^^^^^^^^^^^^^^^^^^^^^^^^^^^^
  File "/home/airflow/.local/lib/python3.12/site-packages/jinja2/loaders.py", line 209, in get_source
    raise TemplateNotFound(
jinja2.exceptions.TemplateNotFound: 'bash /opt/airflow/scripts/bash/permissions.sh' not found in search path: '/opt/airflow/dags'
[2025-05-01T01:44:16.780+0000] {processor.py:925} INFO - DAG(s) 'fix_permissions_dag' retrieved from /opt/airflow/dags/permission_fixer_dag.py
[2025-05-01T01:44:16.795+0000] {logging_mixin.py:190} INFO - [2025-05-01T01:44:16.795+0000] {dag.py:3239} INFO - Sync 1 DAGs
[2025-05-01T01:44:16.805+0000] {logging_mixin.py:190} INFO - [2025-05-01T01:44:16.805+0000] {dag.py:4180} INFO - Setting next_dagrun for fix_permissions_dag to 2025-05-01 01:00:00+00:00, run_after=2025-05-01 02:00:00+00:00
[2025-05-01T01:44:16.813+0000] {processor.py:208} INFO - Processing /opt/airflow/dags/permission_fixer_dag.py took 0.047 seconds
[2025-05-01T01:44:47.019+0000] {processor.py:186} INFO - Started process (PID=567) to work on /opt/airflow/dags/permission_fixer_dag.py
[2025-05-01T01:44:47.019+0000] {processor.py:914} INFO - Processing file /opt/airflow/dags/permission_fixer_dag.py for tasks to queue
[2025-05-01T01:44:47.020+0000] {logging_mixin.py:190} INFO - [2025-05-01T01:44:47.020+0000] {dagbag.py:588} INFO - Filling up the DagBag from /opt/airflow/dags/permission_fixer_dag.py
[2025-05-01T01:44:47.028+0000] {logging_mixin.py:190} INFO - [2025-05-01T01:44:47.027+0000] {templater.py:94} ERROR - Failed to resolve template field 'bash_command'
Traceback (most recent call last):
  File "/home/airflow/.local/lib/python3.12/site-packages/airflow/template/templater.py", line 92, in resolve_template_files
    setattr(self, field, env.loader.get_source(env, content)[0])  # type: ignore
                         ^^^^^^^^^^^^^^^^^^^^^^^^^^^^^^^^^^^
  File "/home/airflow/.local/lib/python3.12/site-packages/jinja2/loaders.py", line 209, in get_source
    raise TemplateNotFound(
jinja2.exceptions.TemplateNotFound: 'bash /opt/airflow/scripts/bash/permissions.sh' not found in search path: '/opt/airflow/dags'
[2025-05-01T01:44:47.029+0000] {processor.py:925} INFO - DAG(s) 'fix_permissions_dag' retrieved from /opt/airflow/dags/permission_fixer_dag.py
[2025-05-01T01:44:47.041+0000] {logging_mixin.py:190} INFO - [2025-05-01T01:44:47.040+0000] {dag.py:3239} INFO - Sync 1 DAGs
[2025-05-01T01:44:47.050+0000] {logging_mixin.py:190} INFO - [2025-05-01T01:44:47.050+0000] {dag.py:4180} INFO - Setting next_dagrun for fix_permissions_dag to 2025-05-01 01:00:00+00:00, run_after=2025-05-01 02:00:00+00:00
[2025-05-01T01:44:47.058+0000] {processor.py:208} INFO - Processing /opt/airflow/dags/permission_fixer_dag.py took 0.042 seconds
[2025-05-01T01:45:17.323+0000] {processor.py:186} INFO - Started process (PID=569) to work on /opt/airflow/dags/permission_fixer_dag.py
[2025-05-01T01:45:17.323+0000] {processor.py:914} INFO - Processing file /opt/airflow/dags/permission_fixer_dag.py for tasks to queue
[2025-05-01T01:45:17.324+0000] {logging_mixin.py:190} INFO - [2025-05-01T01:45:17.324+0000] {dagbag.py:588} INFO - Filling up the DagBag from /opt/airflow/dags/permission_fixer_dag.py
[2025-05-01T01:45:17.330+0000] {logging_mixin.py:190} INFO - [2025-05-01T01:45:17.329+0000] {templater.py:94} ERROR - Failed to resolve template field 'bash_command'
Traceback (most recent call last):
  File "/home/airflow/.local/lib/python3.12/site-packages/airflow/template/templater.py", line 92, in resolve_template_files
    setattr(self, field, env.loader.get_source(env, content)[0])  # type: ignore
                         ^^^^^^^^^^^^^^^^^^^^^^^^^^^^^^^^^^^
  File "/home/airflow/.local/lib/python3.12/site-packages/jinja2/loaders.py", line 209, in get_source
    raise TemplateNotFound(
jinja2.exceptions.TemplateNotFound: 'bash /opt/airflow/scripts/bash/permissions.sh' not found in search path: '/opt/airflow/dags'
[2025-05-01T01:45:17.331+0000] {processor.py:925} INFO - DAG(s) 'fix_permissions_dag' retrieved from /opt/airflow/dags/permission_fixer_dag.py
[2025-05-01T01:45:17.342+0000] {logging_mixin.py:190} INFO - [2025-05-01T01:45:17.342+0000] {dag.py:3239} INFO - Sync 1 DAGs
[2025-05-01T01:45:17.352+0000] {logging_mixin.py:190} INFO - [2025-05-01T01:45:17.352+0000] {dag.py:4180} INFO - Setting next_dagrun for fix_permissions_dag to 2025-05-01 01:00:00+00:00, run_after=2025-05-01 02:00:00+00:00
[2025-05-01T01:45:17.360+0000] {processor.py:208} INFO - Processing /opt/airflow/dags/permission_fixer_dag.py took 0.041 seconds
[2025-05-01T01:45:47.674+0000] {processor.py:186} INFO - Started process (PID=571) to work on /opt/airflow/dags/permission_fixer_dag.py
[2025-05-01T01:45:47.675+0000] {processor.py:914} INFO - Processing file /opt/airflow/dags/permission_fixer_dag.py for tasks to queue
[2025-05-01T01:45:47.675+0000] {logging_mixin.py:190} INFO - [2025-05-01T01:45:47.675+0000] {dagbag.py:588} INFO - Filling up the DagBag from /opt/airflow/dags/permission_fixer_dag.py
[2025-05-01T01:45:47.683+0000] {logging_mixin.py:190} INFO - [2025-05-01T01:45:47.682+0000] {templater.py:94} ERROR - Failed to resolve template field 'bash_command'
Traceback (most recent call last):
  File "/home/airflow/.local/lib/python3.12/site-packages/airflow/template/templater.py", line 92, in resolve_template_files
    setattr(self, field, env.loader.get_source(env, content)[0])  # type: ignore
                         ^^^^^^^^^^^^^^^^^^^^^^^^^^^^^^^^^^^
  File "/home/airflow/.local/lib/python3.12/site-packages/jinja2/loaders.py", line 209, in get_source
    raise TemplateNotFound(
jinja2.exceptions.TemplateNotFound: 'bash /opt/airflow/scripts/bash/permissions.sh' not found in search path: '/opt/airflow/dags'
[2025-05-01T01:45:47.684+0000] {processor.py:925} INFO - DAG(s) 'fix_permissions_dag' retrieved from /opt/airflow/dags/permission_fixer_dag.py
[2025-05-01T01:45:47.696+0000] {logging_mixin.py:190} INFO - [2025-05-01T01:45:47.696+0000] {dag.py:3239} INFO - Sync 1 DAGs
[2025-05-01T01:45:47.704+0000] {logging_mixin.py:190} INFO - [2025-05-01T01:45:47.704+0000] {dag.py:4180} INFO - Setting next_dagrun for fix_permissions_dag to 2025-05-01 01:00:00+00:00, run_after=2025-05-01 02:00:00+00:00
[2025-05-01T01:45:47.712+0000] {processor.py:208} INFO - Processing /opt/airflow/dags/permission_fixer_dag.py took 0.046 seconds
[2025-05-01T01:46:18.020+0000] {processor.py:186} INFO - Started process (PID=573) to work on /opt/airflow/dags/permission_fixer_dag.py
[2025-05-01T01:46:18.020+0000] {processor.py:914} INFO - Processing file /opt/airflow/dags/permission_fixer_dag.py for tasks to queue
[2025-05-01T01:46:18.021+0000] {logging_mixin.py:190} INFO - [2025-05-01T01:46:18.021+0000] {dagbag.py:588} INFO - Filling up the DagBag from /opt/airflow/dags/permission_fixer_dag.py
[2025-05-01T01:46:18.027+0000] {logging_mixin.py:190} INFO - [2025-05-01T01:46:18.026+0000] {templater.py:94} ERROR - Failed to resolve template field 'bash_command'
Traceback (most recent call last):
  File "/home/airflow/.local/lib/python3.12/site-packages/airflow/template/templater.py", line 92, in resolve_template_files
    setattr(self, field, env.loader.get_source(env, content)[0])  # type: ignore
                         ^^^^^^^^^^^^^^^^^^^^^^^^^^^^^^^^^^^
  File "/home/airflow/.local/lib/python3.12/site-packages/jinja2/loaders.py", line 209, in get_source
    raise TemplateNotFound(
jinja2.exceptions.TemplateNotFound: 'bash /opt/airflow/scripts/bash/permissions.sh' not found in search path: '/opt/airflow/dags'
[2025-05-01T01:46:18.028+0000] {processor.py:925} INFO - DAG(s) 'fix_permissions_dag' retrieved from /opt/airflow/dags/permission_fixer_dag.py
[2025-05-01T01:46:18.039+0000] {logging_mixin.py:190} INFO - [2025-05-01T01:46:18.039+0000] {dag.py:3239} INFO - Sync 1 DAGs
[2025-05-01T01:46:18.049+0000] {logging_mixin.py:190} INFO - [2025-05-01T01:46:18.049+0000] {dag.py:4180} INFO - Setting next_dagrun for fix_permissions_dag to 2025-05-01 01:00:00+00:00, run_after=2025-05-01 02:00:00+00:00
[2025-05-01T01:46:18.055+0000] {processor.py:208} INFO - Processing /opt/airflow/dags/permission_fixer_dag.py took 0.041 seconds
[2025-05-01T01:46:48.350+0000] {processor.py:186} INFO - Started process (PID=575) to work on /opt/airflow/dags/permission_fixer_dag.py
[2025-05-01T01:46:48.351+0000] {processor.py:914} INFO - Processing file /opt/airflow/dags/permission_fixer_dag.py for tasks to queue
[2025-05-01T01:46:48.352+0000] {logging_mixin.py:190} INFO - [2025-05-01T01:46:48.352+0000] {dagbag.py:588} INFO - Filling up the DagBag from /opt/airflow/dags/permission_fixer_dag.py
[2025-05-01T01:46:48.359+0000] {logging_mixin.py:190} INFO - [2025-05-01T01:46:48.359+0000] {templater.py:94} ERROR - Failed to resolve template field 'bash_command'
Traceback (most recent call last):
  File "/home/airflow/.local/lib/python3.12/site-packages/airflow/template/templater.py", line 92, in resolve_template_files
    setattr(self, field, env.loader.get_source(env, content)[0])  # type: ignore
                         ^^^^^^^^^^^^^^^^^^^^^^^^^^^^^^^^^^^
  File "/home/airflow/.local/lib/python3.12/site-packages/jinja2/loaders.py", line 209, in get_source
    raise TemplateNotFound(
jinja2.exceptions.TemplateNotFound: 'bash /opt/airflow/scripts/bash/permissions.sh' not found in search path: '/opt/airflow/dags'
[2025-05-01T01:46:48.361+0000] {processor.py:925} INFO - DAG(s) 'fix_permissions_dag' retrieved from /opt/airflow/dags/permission_fixer_dag.py
[2025-05-01T01:46:48.375+0000] {logging_mixin.py:190} INFO - [2025-05-01T01:46:48.374+0000] {dag.py:3239} INFO - Sync 1 DAGs
[2025-05-01T01:46:48.385+0000] {logging_mixin.py:190} INFO - [2025-05-01T01:46:48.385+0000] {dag.py:4180} INFO - Setting next_dagrun for fix_permissions_dag to 2025-05-01 01:00:00+00:00, run_after=2025-05-01 02:00:00+00:00
[2025-05-01T01:46:48.392+0000] {processor.py:208} INFO - Processing /opt/airflow/dags/permission_fixer_dag.py took 0.047 seconds
[2025-05-01T01:47:18.555+0000] {processor.py:186} INFO - Started process (PID=577) to work on /opt/airflow/dags/permission_fixer_dag.py
[2025-05-01T01:47:18.556+0000] {processor.py:914} INFO - Processing file /opt/airflow/dags/permission_fixer_dag.py for tasks to queue
[2025-05-01T01:47:18.556+0000] {logging_mixin.py:190} INFO - [2025-05-01T01:47:18.556+0000] {dagbag.py:588} INFO - Filling up the DagBag from /opt/airflow/dags/permission_fixer_dag.py
[2025-05-01T01:47:18.564+0000] {logging_mixin.py:190} INFO - [2025-05-01T01:47:18.564+0000] {templater.py:94} ERROR - Failed to resolve template field 'bash_command'
Traceback (most recent call last):
  File "/home/airflow/.local/lib/python3.12/site-packages/airflow/template/templater.py", line 92, in resolve_template_files
    setattr(self, field, env.loader.get_source(env, content)[0])  # type: ignore
                         ^^^^^^^^^^^^^^^^^^^^^^^^^^^^^^^^^^^
  File "/home/airflow/.local/lib/python3.12/site-packages/jinja2/loaders.py", line 209, in get_source
    raise TemplateNotFound(
jinja2.exceptions.TemplateNotFound: 'bash /opt/airflow/scripts/bash/permissions.sh' not found in search path: '/opt/airflow/dags'
[2025-05-01T01:47:18.565+0000] {processor.py:925} INFO - DAG(s) 'fix_permissions_dag' retrieved from /opt/airflow/dags/permission_fixer_dag.py
[2025-05-01T01:47:18.578+0000] {logging_mixin.py:190} INFO - [2025-05-01T01:47:18.578+0000] {dag.py:3239} INFO - Sync 1 DAGs
[2025-05-01T01:47:18.588+0000] {logging_mixin.py:190} INFO - [2025-05-01T01:47:18.588+0000] {dag.py:4180} INFO - Setting next_dagrun for fix_permissions_dag to 2025-05-01 01:00:00+00:00, run_after=2025-05-01 02:00:00+00:00
[2025-05-01T01:47:18.595+0000] {processor.py:208} INFO - Processing /opt/airflow/dags/permission_fixer_dag.py took 0.044 seconds
[2025-05-01T01:47:48.822+0000] {processor.py:186} INFO - Started process (PID=579) to work on /opt/airflow/dags/permission_fixer_dag.py
[2025-05-01T01:47:48.823+0000] {processor.py:914} INFO - Processing file /opt/airflow/dags/permission_fixer_dag.py for tasks to queue
[2025-05-01T01:47:48.823+0000] {logging_mixin.py:190} INFO - [2025-05-01T01:47:48.823+0000] {dagbag.py:588} INFO - Filling up the DagBag from /opt/airflow/dags/permission_fixer_dag.py
[2025-05-01T01:47:48.831+0000] {logging_mixin.py:190} INFO - [2025-05-01T01:47:48.830+0000] {templater.py:94} ERROR - Failed to resolve template field 'bash_command'
Traceback (most recent call last):
  File "/home/airflow/.local/lib/python3.12/site-packages/airflow/template/templater.py", line 92, in resolve_template_files
    setattr(self, field, env.loader.get_source(env, content)[0])  # type: ignore
                         ^^^^^^^^^^^^^^^^^^^^^^^^^^^^^^^^^^^
  File "/home/airflow/.local/lib/python3.12/site-packages/jinja2/loaders.py", line 209, in get_source
    raise TemplateNotFound(
jinja2.exceptions.TemplateNotFound: 'bash /opt/airflow/scripts/bash/permissions.sh' not found in search path: '/opt/airflow/dags'
[2025-05-01T01:47:48.832+0000] {processor.py:925} INFO - DAG(s) 'fix_permissions_dag' retrieved from /opt/airflow/dags/permission_fixer_dag.py
[2025-05-01T01:47:48.847+0000] {logging_mixin.py:190} INFO - [2025-05-01T01:47:48.847+0000] {dag.py:3239} INFO - Sync 1 DAGs
[2025-05-01T01:47:48.860+0000] {logging_mixin.py:190} INFO - [2025-05-01T01:47:48.859+0000] {dag.py:4180} INFO - Setting next_dagrun for fix_permissions_dag to 2025-05-01 01:00:00+00:00, run_after=2025-05-01 02:00:00+00:00
[2025-05-01T01:47:48.866+0000] {processor.py:208} INFO - Processing /opt/airflow/dags/permission_fixer_dag.py took 0.049 seconds
[2025-05-01T01:48:19.072+0000] {processor.py:186} INFO - Started process (PID=581) to work on /opt/airflow/dags/permission_fixer_dag.py
[2025-05-01T01:48:19.073+0000] {processor.py:914} INFO - Processing file /opt/airflow/dags/permission_fixer_dag.py for tasks to queue
[2025-05-01T01:48:19.073+0000] {logging_mixin.py:190} INFO - [2025-05-01T01:48:19.073+0000] {dagbag.py:588} INFO - Filling up the DagBag from /opt/airflow/dags/permission_fixer_dag.py
[2025-05-01T01:48:19.080+0000] {logging_mixin.py:190} INFO - [2025-05-01T01:48:19.080+0000] {templater.py:94} ERROR - Failed to resolve template field 'bash_command'
Traceback (most recent call last):
  File "/home/airflow/.local/lib/python3.12/site-packages/airflow/template/templater.py", line 92, in resolve_template_files
    setattr(self, field, env.loader.get_source(env, content)[0])  # type: ignore
                         ^^^^^^^^^^^^^^^^^^^^^^^^^^^^^^^^^^^
  File "/home/airflow/.local/lib/python3.12/site-packages/jinja2/loaders.py", line 209, in get_source
    raise TemplateNotFound(
jinja2.exceptions.TemplateNotFound: 'bash /opt/airflow/scripts/bash/permissions.sh' not found in search path: '/opt/airflow/dags'
[2025-05-01T01:48:19.081+0000] {processor.py:925} INFO - DAG(s) 'fix_permissions_dag' retrieved from /opt/airflow/dags/permission_fixer_dag.py
[2025-05-01T01:48:19.094+0000] {logging_mixin.py:190} INFO - [2025-05-01T01:48:19.094+0000] {dag.py:3239} INFO - Sync 1 DAGs
[2025-05-01T01:48:19.104+0000] {logging_mixin.py:190} INFO - [2025-05-01T01:48:19.104+0000] {dag.py:4180} INFO - Setting next_dagrun for fix_permissions_dag to 2025-05-01 01:00:00+00:00, run_after=2025-05-01 02:00:00+00:00
[2025-05-01T01:48:19.112+0000] {processor.py:208} INFO - Processing /opt/airflow/dags/permission_fixer_dag.py took 0.043 seconds
[2025-05-01T01:48:49.346+0000] {processor.py:186} INFO - Started process (PID=583) to work on /opt/airflow/dags/permission_fixer_dag.py
[2025-05-01T01:48:49.348+0000] {processor.py:914} INFO - Processing file /opt/airflow/dags/permission_fixer_dag.py for tasks to queue
[2025-05-01T01:48:49.349+0000] {logging_mixin.py:190} INFO - [2025-05-01T01:48:49.348+0000] {dagbag.py:588} INFO - Filling up the DagBag from /opt/airflow/dags/permission_fixer_dag.py
[2025-05-01T01:48:49.357+0000] {logging_mixin.py:190} INFO - [2025-05-01T01:48:49.356+0000] {templater.py:94} ERROR - Failed to resolve template field 'bash_command'
Traceback (most recent call last):
  File "/home/airflow/.local/lib/python3.12/site-packages/airflow/template/templater.py", line 92, in resolve_template_files
    setattr(self, field, env.loader.get_source(env, content)[0])  # type: ignore
                         ^^^^^^^^^^^^^^^^^^^^^^^^^^^^^^^^^^^
  File "/home/airflow/.local/lib/python3.12/site-packages/jinja2/loaders.py", line 209, in get_source
    raise TemplateNotFound(
jinja2.exceptions.TemplateNotFound: 'bash /opt/airflow/scripts/bash/permissions.sh' not found in search path: '/opt/airflow/dags'
[2025-05-01T01:48:49.358+0000] {processor.py:925} INFO - DAG(s) 'fix_permissions_dag' retrieved from /opt/airflow/dags/permission_fixer_dag.py
[2025-05-01T01:48:49.371+0000] {logging_mixin.py:190} INFO - [2025-05-01T01:48:49.371+0000] {dag.py:3239} INFO - Sync 1 DAGs
[2025-05-01T01:48:49.382+0000] {logging_mixin.py:190} INFO - [2025-05-01T01:48:49.382+0000] {dag.py:4180} INFO - Setting next_dagrun for fix_permissions_dag to 2025-05-01 01:00:00+00:00, run_after=2025-05-01 02:00:00+00:00
[2025-05-01T01:48:49.390+0000] {processor.py:208} INFO - Processing /opt/airflow/dags/permission_fixer_dag.py took 0.049 seconds
[2025-05-01T01:49:19.587+0000] {processor.py:186} INFO - Started process (PID=585) to work on /opt/airflow/dags/permission_fixer_dag.py
[2025-05-01T01:49:19.587+0000] {processor.py:914} INFO - Processing file /opt/airflow/dags/permission_fixer_dag.py for tasks to queue
[2025-05-01T01:49:19.588+0000] {logging_mixin.py:190} INFO - [2025-05-01T01:49:19.588+0000] {dagbag.py:588} INFO - Filling up the DagBag from /opt/airflow/dags/permission_fixer_dag.py
[2025-05-01T01:49:19.596+0000] {logging_mixin.py:190} INFO - [2025-05-01T01:49:19.595+0000] {templater.py:94} ERROR - Failed to resolve template field 'bash_command'
Traceback (most recent call last):
  File "/home/airflow/.local/lib/python3.12/site-packages/airflow/template/templater.py", line 92, in resolve_template_files
    setattr(self, field, env.loader.get_source(env, content)[0])  # type: ignore
                         ^^^^^^^^^^^^^^^^^^^^^^^^^^^^^^^^^^^
  File "/home/airflow/.local/lib/python3.12/site-packages/jinja2/loaders.py", line 209, in get_source
    raise TemplateNotFound(
jinja2.exceptions.TemplateNotFound: 'bash /opt/airflow/scripts/bash/permissions.sh' not found in search path: '/opt/airflow/dags'
[2025-05-01T01:49:19.598+0000] {processor.py:925} INFO - DAG(s) 'fix_permissions_dag' retrieved from /opt/airflow/dags/permission_fixer_dag.py
[2025-05-01T01:49:19.611+0000] {logging_mixin.py:190} INFO - [2025-05-01T01:49:19.611+0000] {dag.py:3239} INFO - Sync 1 DAGs
[2025-05-01T01:49:19.622+0000] {logging_mixin.py:190} INFO - [2025-05-01T01:49:19.622+0000] {dag.py:4180} INFO - Setting next_dagrun for fix_permissions_dag to 2025-05-01 01:00:00+00:00, run_after=2025-05-01 02:00:00+00:00
[2025-05-01T01:49:19.629+0000] {processor.py:208} INFO - Processing /opt/airflow/dags/permission_fixer_dag.py took 0.047 seconds
[2025-05-01T01:49:49.882+0000] {processor.py:186} INFO - Started process (PID=587) to work on /opt/airflow/dags/permission_fixer_dag.py
[2025-05-01T01:49:49.883+0000] {processor.py:914} INFO - Processing file /opt/airflow/dags/permission_fixer_dag.py for tasks to queue
[2025-05-01T01:49:49.884+0000] {logging_mixin.py:190} INFO - [2025-05-01T01:49:49.884+0000] {dagbag.py:588} INFO - Filling up the DagBag from /opt/airflow/dags/permission_fixer_dag.py
[2025-05-01T01:49:49.895+0000] {logging_mixin.py:190} INFO - [2025-05-01T01:49:49.895+0000] {templater.py:94} ERROR - Failed to resolve template field 'bash_command'
Traceback (most recent call last):
  File "/home/airflow/.local/lib/python3.12/site-packages/airflow/template/templater.py", line 92, in resolve_template_files
    setattr(self, field, env.loader.get_source(env, content)[0])  # type: ignore
                         ^^^^^^^^^^^^^^^^^^^^^^^^^^^^^^^^^^^
  File "/home/airflow/.local/lib/python3.12/site-packages/jinja2/loaders.py", line 209, in get_source
    raise TemplateNotFound(
jinja2.exceptions.TemplateNotFound: 'bash /opt/airflow/scripts/bash/permissions.sh' not found in search path: '/opt/airflow/dags'
[2025-05-01T01:49:49.897+0000] {processor.py:925} INFO - DAG(s) 'fix_permissions_dag' retrieved from /opt/airflow/dags/permission_fixer_dag.py
[2025-05-01T01:49:49.909+0000] {logging_mixin.py:190} INFO - [2025-05-01T01:49:49.909+0000] {dag.py:3239} INFO - Sync 1 DAGs
[2025-05-01T01:49:49.919+0000] {logging_mixin.py:190} INFO - [2025-05-01T01:49:49.919+0000] {dag.py:4180} INFO - Setting next_dagrun for fix_permissions_dag to 2025-05-01 01:00:00+00:00, run_after=2025-05-01 02:00:00+00:00
[2025-05-01T01:49:49.925+0000] {processor.py:208} INFO - Processing /opt/airflow/dags/permission_fixer_dag.py took 0.048 seconds
[2025-05-01T01:50:20.153+0000] {processor.py:186} INFO - Started process (PID=589) to work on /opt/airflow/dags/permission_fixer_dag.py
[2025-05-01T01:50:20.154+0000] {processor.py:914} INFO - Processing file /opt/airflow/dags/permission_fixer_dag.py for tasks to queue
[2025-05-01T01:50:20.154+0000] {logging_mixin.py:190} INFO - [2025-05-01T01:50:20.154+0000] {dagbag.py:588} INFO - Filling up the DagBag from /opt/airflow/dags/permission_fixer_dag.py
[2025-05-01T01:50:20.161+0000] {logging_mixin.py:190} INFO - [2025-05-01T01:50:20.161+0000] {templater.py:94} ERROR - Failed to resolve template field 'bash_command'
Traceback (most recent call last):
  File "/home/airflow/.local/lib/python3.12/site-packages/airflow/template/templater.py", line 92, in resolve_template_files
    setattr(self, field, env.loader.get_source(env, content)[0])  # type: ignore
                         ^^^^^^^^^^^^^^^^^^^^^^^^^^^^^^^^^^^
  File "/home/airflow/.local/lib/python3.12/site-packages/jinja2/loaders.py", line 209, in get_source
    raise TemplateNotFound(
jinja2.exceptions.TemplateNotFound: 'bash /opt/airflow/scripts/bash/permissions.sh' not found in search path: '/opt/airflow/dags'
[2025-05-01T01:50:20.163+0000] {processor.py:925} INFO - DAG(s) 'fix_permissions_dag' retrieved from /opt/airflow/dags/permission_fixer_dag.py
[2025-05-01T01:50:20.174+0000] {logging_mixin.py:190} INFO - [2025-05-01T01:50:20.174+0000] {dag.py:3239} INFO - Sync 1 DAGs
[2025-05-01T01:50:20.184+0000] {logging_mixin.py:190} INFO - [2025-05-01T01:50:20.184+0000] {dag.py:4180} INFO - Setting next_dagrun for fix_permissions_dag to 2025-05-01 01:00:00+00:00, run_after=2025-05-01 02:00:00+00:00
[2025-05-01T01:50:20.191+0000] {processor.py:208} INFO - Processing /opt/airflow/dags/permission_fixer_dag.py took 0.041 seconds
[2025-05-01T01:50:50.388+0000] {processor.py:186} INFO - Started process (PID=591) to work on /opt/airflow/dags/permission_fixer_dag.py
[2025-05-01T01:50:50.389+0000] {processor.py:914} INFO - Processing file /opt/airflow/dags/permission_fixer_dag.py for tasks to queue
[2025-05-01T01:50:50.390+0000] {logging_mixin.py:190} INFO - [2025-05-01T01:50:50.389+0000] {dagbag.py:588} INFO - Filling up the DagBag from /opt/airflow/dags/permission_fixer_dag.py
[2025-05-01T01:50:50.397+0000] {logging_mixin.py:190} INFO - [2025-05-01T01:50:50.396+0000] {templater.py:94} ERROR - Failed to resolve template field 'bash_command'
Traceback (most recent call last):
  File "/home/airflow/.local/lib/python3.12/site-packages/airflow/template/templater.py", line 92, in resolve_template_files
    setattr(self, field, env.loader.get_source(env, content)[0])  # type: ignore
                         ^^^^^^^^^^^^^^^^^^^^^^^^^^^^^^^^^^^
  File "/home/airflow/.local/lib/python3.12/site-packages/jinja2/loaders.py", line 209, in get_source
    raise TemplateNotFound(
jinja2.exceptions.TemplateNotFound: 'bash /opt/airflow/scripts/bash/permissions.sh' not found in search path: '/opt/airflow/dags'
[2025-05-01T01:50:50.398+0000] {processor.py:925} INFO - DAG(s) 'fix_permissions_dag' retrieved from /opt/airflow/dags/permission_fixer_dag.py
[2025-05-01T01:50:50.410+0000] {logging_mixin.py:190} INFO - [2025-05-01T01:50:50.410+0000] {dag.py:3239} INFO - Sync 1 DAGs
[2025-05-01T01:50:50.420+0000] {logging_mixin.py:190} INFO - [2025-05-01T01:50:50.420+0000] {dag.py:4180} INFO - Setting next_dagrun for fix_permissions_dag to 2025-05-01 01:00:00+00:00, run_after=2025-05-01 02:00:00+00:00
[2025-05-01T01:50:50.428+0000] {processor.py:208} INFO - Processing /opt/airflow/dags/permission_fixer_dag.py took 0.043 seconds
[2025-05-01T01:51:20.722+0000] {processor.py:186} INFO - Started process (PID=593) to work on /opt/airflow/dags/permission_fixer_dag.py
[2025-05-01T01:51:20.723+0000] {processor.py:914} INFO - Processing file /opt/airflow/dags/permission_fixer_dag.py for tasks to queue
[2025-05-01T01:51:20.723+0000] {logging_mixin.py:190} INFO - [2025-05-01T01:51:20.723+0000] {dagbag.py:588} INFO - Filling up the DagBag from /opt/airflow/dags/permission_fixer_dag.py
[2025-05-01T01:51:20.729+0000] {logging_mixin.py:190} INFO - [2025-05-01T01:51:20.729+0000] {templater.py:94} ERROR - Failed to resolve template field 'bash_command'
Traceback (most recent call last):
  File "/home/airflow/.local/lib/python3.12/site-packages/airflow/template/templater.py", line 92, in resolve_template_files
    setattr(self, field, env.loader.get_source(env, content)[0])  # type: ignore
                         ^^^^^^^^^^^^^^^^^^^^^^^^^^^^^^^^^^^
  File "/home/airflow/.local/lib/python3.12/site-packages/jinja2/loaders.py", line 209, in get_source
    raise TemplateNotFound(
jinja2.exceptions.TemplateNotFound: 'bash /opt/airflow/scripts/bash/permissions.sh' not found in search path: '/opt/airflow/dags'
[2025-05-01T01:51:20.730+0000] {processor.py:925} INFO - DAG(s) 'fix_permissions_dag' retrieved from /opt/airflow/dags/permission_fixer_dag.py
[2025-05-01T01:51:20.742+0000] {logging_mixin.py:190} INFO - [2025-05-01T01:51:20.742+0000] {dag.py:3239} INFO - Sync 1 DAGs
[2025-05-01T01:51:20.752+0000] {logging_mixin.py:190} INFO - [2025-05-01T01:51:20.752+0000] {dag.py:4180} INFO - Setting next_dagrun for fix_permissions_dag to 2025-05-01 01:00:00+00:00, run_after=2025-05-01 02:00:00+00:00
[2025-05-01T01:51:20.759+0000] {processor.py:208} INFO - Processing /opt/airflow/dags/permission_fixer_dag.py took 0.041 seconds
[2025-05-01T01:51:51.057+0000] {processor.py:186} INFO - Started process (PID=595) to work on /opt/airflow/dags/permission_fixer_dag.py
[2025-05-01T01:51:51.058+0000] {processor.py:914} INFO - Processing file /opt/airflow/dags/permission_fixer_dag.py for tasks to queue
[2025-05-01T01:51:51.060+0000] {logging_mixin.py:190} INFO - [2025-05-01T01:51:51.059+0000] {dagbag.py:588} INFO - Filling up the DagBag from /opt/airflow/dags/permission_fixer_dag.py
[2025-05-01T01:51:51.066+0000] {logging_mixin.py:190} INFO - [2025-05-01T01:51:51.065+0000] {templater.py:94} ERROR - Failed to resolve template field 'bash_command'
Traceback (most recent call last):
  File "/home/airflow/.local/lib/python3.12/site-packages/airflow/template/templater.py", line 92, in resolve_template_files
    setattr(self, field, env.loader.get_source(env, content)[0])  # type: ignore
                         ^^^^^^^^^^^^^^^^^^^^^^^^^^^^^^^^^^^
  File "/home/airflow/.local/lib/python3.12/site-packages/jinja2/loaders.py", line 209, in get_source
    raise TemplateNotFound(
jinja2.exceptions.TemplateNotFound: 'bash /opt/airflow/scripts/bash/permissions.sh' not found in search path: '/opt/airflow/dags'
[2025-05-01T01:51:51.067+0000] {processor.py:925} INFO - DAG(s) 'fix_permissions_dag' retrieved from /opt/airflow/dags/permission_fixer_dag.py
[2025-05-01T01:51:51.078+0000] {logging_mixin.py:190} INFO - [2025-05-01T01:51:51.078+0000] {dag.py:3239} INFO - Sync 1 DAGs
[2025-05-01T01:51:51.089+0000] {logging_mixin.py:190} INFO - [2025-05-01T01:51:51.089+0000] {dag.py:4180} INFO - Setting next_dagrun for fix_permissions_dag to 2025-05-01 01:00:00+00:00, run_after=2025-05-01 02:00:00+00:00
[2025-05-01T01:51:51.097+0000] {processor.py:208} INFO - Processing /opt/airflow/dags/permission_fixer_dag.py took 0.044 seconds
[2025-05-01T01:52:21.403+0000] {processor.py:186} INFO - Started process (PID=597) to work on /opt/airflow/dags/permission_fixer_dag.py
[2025-05-01T01:52:21.403+0000] {processor.py:914} INFO - Processing file /opt/airflow/dags/permission_fixer_dag.py for tasks to queue
[2025-05-01T01:52:21.404+0000] {logging_mixin.py:190} INFO - [2025-05-01T01:52:21.404+0000] {dagbag.py:588} INFO - Filling up the DagBag from /opt/airflow/dags/permission_fixer_dag.py
[2025-05-01T01:52:21.410+0000] {logging_mixin.py:190} INFO - [2025-05-01T01:52:21.409+0000] {templater.py:94} ERROR - Failed to resolve template field 'bash_command'
Traceback (most recent call last):
  File "/home/airflow/.local/lib/python3.12/site-packages/airflow/template/templater.py", line 92, in resolve_template_files
    setattr(self, field, env.loader.get_source(env, content)[0])  # type: ignore
                         ^^^^^^^^^^^^^^^^^^^^^^^^^^^^^^^^^^^
  File "/home/airflow/.local/lib/python3.12/site-packages/jinja2/loaders.py", line 209, in get_source
    raise TemplateNotFound(
jinja2.exceptions.TemplateNotFound: 'bash /opt/airflow/scripts/bash/permissions.sh' not found in search path: '/opt/airflow/dags'
[2025-05-01T01:52:21.411+0000] {processor.py:925} INFO - DAG(s) 'fix_permissions_dag' retrieved from /opt/airflow/dags/permission_fixer_dag.py
[2025-05-01T01:52:21.422+0000] {logging_mixin.py:190} INFO - [2025-05-01T01:52:21.422+0000] {dag.py:3239} INFO - Sync 1 DAGs
[2025-05-01T01:52:21.433+0000] {logging_mixin.py:190} INFO - [2025-05-01T01:52:21.433+0000] {dag.py:4180} INFO - Setting next_dagrun for fix_permissions_dag to 2025-05-01 01:00:00+00:00, run_after=2025-05-01 02:00:00+00:00
[2025-05-01T01:52:21.441+0000] {processor.py:208} INFO - Processing /opt/airflow/dags/permission_fixer_dag.py took 0.043 seconds
[2025-05-01T01:52:51.695+0000] {processor.py:186} INFO - Started process (PID=599) to work on /opt/airflow/dags/permission_fixer_dag.py
[2025-05-01T01:52:51.696+0000] {processor.py:914} INFO - Processing file /opt/airflow/dags/permission_fixer_dag.py for tasks to queue
[2025-05-01T01:52:51.696+0000] {logging_mixin.py:190} INFO - [2025-05-01T01:52:51.696+0000] {dagbag.py:588} INFO - Filling up the DagBag from /opt/airflow/dags/permission_fixer_dag.py
[2025-05-01T01:52:51.703+0000] {logging_mixin.py:190} INFO - [2025-05-01T01:52:51.702+0000] {templater.py:94} ERROR - Failed to resolve template field 'bash_command'
Traceback (most recent call last):
  File "/home/airflow/.local/lib/python3.12/site-packages/airflow/template/templater.py", line 92, in resolve_template_files
    setattr(self, field, env.loader.get_source(env, content)[0])  # type: ignore
                         ^^^^^^^^^^^^^^^^^^^^^^^^^^^^^^^^^^^
  File "/home/airflow/.local/lib/python3.12/site-packages/jinja2/loaders.py", line 209, in get_source
    raise TemplateNotFound(
jinja2.exceptions.TemplateNotFound: 'bash /opt/airflow/scripts/bash/permissions.sh' not found in search path: '/opt/airflow/dags'
[2025-05-01T01:52:51.704+0000] {processor.py:925} INFO - DAG(s) 'fix_permissions_dag' retrieved from /opt/airflow/dags/permission_fixer_dag.py
[2025-05-01T01:52:51.715+0000] {logging_mixin.py:190} INFO - [2025-05-01T01:52:51.715+0000] {dag.py:3239} INFO - Sync 1 DAGs
[2025-05-01T01:52:51.724+0000] {logging_mixin.py:190} INFO - [2025-05-01T01:52:51.724+0000] {dag.py:4180} INFO - Setting next_dagrun for fix_permissions_dag to 2025-05-01 01:00:00+00:00, run_after=2025-05-01 02:00:00+00:00
[2025-05-01T01:52:51.731+0000] {processor.py:208} INFO - Processing /opt/airflow/dags/permission_fixer_dag.py took 0.042 seconds
[2025-05-01T01:53:22.052+0000] {processor.py:186} INFO - Started process (PID=601) to work on /opt/airflow/dags/permission_fixer_dag.py
[2025-05-01T01:53:22.052+0000] {processor.py:914} INFO - Processing file /opt/airflow/dags/permission_fixer_dag.py for tasks to queue
[2025-05-01T01:53:22.052+0000] {logging_mixin.py:190} INFO - [2025-05-01T01:53:22.052+0000] {dagbag.py:588} INFO - Filling up the DagBag from /opt/airflow/dags/permission_fixer_dag.py
[2025-05-01T01:53:22.059+0000] {logging_mixin.py:190} INFO - [2025-05-01T01:53:22.058+0000] {templater.py:94} ERROR - Failed to resolve template field 'bash_command'
Traceback (most recent call last):
  File "/home/airflow/.local/lib/python3.12/site-packages/airflow/template/templater.py", line 92, in resolve_template_files
    setattr(self, field, env.loader.get_source(env, content)[0])  # type: ignore
                         ^^^^^^^^^^^^^^^^^^^^^^^^^^^^^^^^^^^
  File "/home/airflow/.local/lib/python3.12/site-packages/jinja2/loaders.py", line 209, in get_source
    raise TemplateNotFound(
jinja2.exceptions.TemplateNotFound: 'bash /opt/airflow/scripts/bash/permissions.sh' not found in search path: '/opt/airflow/dags'
[2025-05-01T01:53:22.060+0000] {processor.py:925} INFO - DAG(s) 'fix_permissions_dag' retrieved from /opt/airflow/dags/permission_fixer_dag.py
[2025-05-01T01:53:22.071+0000] {logging_mixin.py:190} INFO - [2025-05-01T01:53:22.071+0000] {dag.py:3239} INFO - Sync 1 DAGs
[2025-05-01T01:53:22.082+0000] {logging_mixin.py:190} INFO - [2025-05-01T01:53:22.081+0000] {dag.py:4180} INFO - Setting next_dagrun for fix_permissions_dag to 2025-05-01 01:00:00+00:00, run_after=2025-05-01 02:00:00+00:00
[2025-05-01T01:53:22.089+0000] {processor.py:208} INFO - Processing /opt/airflow/dags/permission_fixer_dag.py took 0.039 seconds
[2025-05-01T01:53:52.482+0000] {processor.py:186} INFO - Started process (PID=603) to work on /opt/airflow/dags/permission_fixer_dag.py
[2025-05-01T01:53:52.482+0000] {processor.py:914} INFO - Processing file /opt/airflow/dags/permission_fixer_dag.py for tasks to queue
[2025-05-01T01:53:52.483+0000] {logging_mixin.py:190} INFO - [2025-05-01T01:53:52.482+0000] {dagbag.py:588} INFO - Filling up the DagBag from /opt/airflow/dags/permission_fixer_dag.py
[2025-05-01T01:53:52.489+0000] {logging_mixin.py:190} INFO - [2025-05-01T01:53:52.489+0000] {templater.py:94} ERROR - Failed to resolve template field 'bash_command'
Traceback (most recent call last):
  File "/home/airflow/.local/lib/python3.12/site-packages/airflow/template/templater.py", line 92, in resolve_template_files
    setattr(self, field, env.loader.get_source(env, content)[0])  # type: ignore
                         ^^^^^^^^^^^^^^^^^^^^^^^^^^^^^^^^^^^
  File "/home/airflow/.local/lib/python3.12/site-packages/jinja2/loaders.py", line 209, in get_source
    raise TemplateNotFound(
jinja2.exceptions.TemplateNotFound: 'bash /opt/airflow/scripts/bash/permissions.sh' not found in search path: '/opt/airflow/dags'
[2025-05-01T01:53:52.490+0000] {processor.py:925} INFO - DAG(s) 'fix_permissions_dag' retrieved from /opt/airflow/dags/permission_fixer_dag.py
[2025-05-01T01:53:52.501+0000] {logging_mixin.py:190} INFO - [2025-05-01T01:53:52.501+0000] {dag.py:3239} INFO - Sync 1 DAGs
[2025-05-01T01:53:52.511+0000] {logging_mixin.py:190} INFO - [2025-05-01T01:53:52.511+0000] {dag.py:4180} INFO - Setting next_dagrun for fix_permissions_dag to 2025-05-01 01:00:00+00:00, run_after=2025-05-01 02:00:00+00:00
[2025-05-01T01:53:52.517+0000] {processor.py:208} INFO - Processing /opt/airflow/dags/permission_fixer_dag.py took 0.038 seconds
[2025-05-01T01:54:22.902+0000] {processor.py:186} INFO - Started process (PID=605) to work on /opt/airflow/dags/permission_fixer_dag.py
[2025-05-01T01:54:22.902+0000] {processor.py:914} INFO - Processing file /opt/airflow/dags/permission_fixer_dag.py for tasks to queue
[2025-05-01T01:54:22.903+0000] {logging_mixin.py:190} INFO - [2025-05-01T01:54:22.903+0000] {dagbag.py:588} INFO - Filling up the DagBag from /opt/airflow/dags/permission_fixer_dag.py
[2025-05-01T01:54:22.910+0000] {logging_mixin.py:190} INFO - [2025-05-01T01:54:22.909+0000] {templater.py:94} ERROR - Failed to resolve template field 'bash_command'
Traceback (most recent call last):
  File "/home/airflow/.local/lib/python3.12/site-packages/airflow/template/templater.py", line 92, in resolve_template_files
    setattr(self, field, env.loader.get_source(env, content)[0])  # type: ignore
                         ^^^^^^^^^^^^^^^^^^^^^^^^^^^^^^^^^^^
  File "/home/airflow/.local/lib/python3.12/site-packages/jinja2/loaders.py", line 209, in get_source
    raise TemplateNotFound(
jinja2.exceptions.TemplateNotFound: 'bash /opt/airflow/scripts/bash/permissions.sh' not found in search path: '/opt/airflow/dags'
[2025-05-01T01:54:22.911+0000] {processor.py:925} INFO - DAG(s) 'fix_permissions_dag' retrieved from /opt/airflow/dags/permission_fixer_dag.py
[2025-05-01T01:54:22.922+0000] {logging_mixin.py:190} INFO - [2025-05-01T01:54:22.922+0000] {dag.py:3239} INFO - Sync 1 DAGs
[2025-05-01T01:54:22.932+0000] {logging_mixin.py:190} INFO - [2025-05-01T01:54:22.932+0000] {dag.py:4180} INFO - Setting next_dagrun for fix_permissions_dag to 2025-05-01 01:00:00+00:00, run_after=2025-05-01 02:00:00+00:00
[2025-05-01T01:54:22.939+0000] {processor.py:208} INFO - Processing /opt/airflow/dags/permission_fixer_dag.py took 0.040 seconds
[2025-05-01T01:54:53.327+0000] {processor.py:186} INFO - Started process (PID=607) to work on /opt/airflow/dags/permission_fixer_dag.py
[2025-05-01T01:54:53.328+0000] {processor.py:914} INFO - Processing file /opt/airflow/dags/permission_fixer_dag.py for tasks to queue
[2025-05-01T01:54:53.329+0000] {logging_mixin.py:190} INFO - [2025-05-01T01:54:53.329+0000] {dagbag.py:588} INFO - Filling up the DagBag from /opt/airflow/dags/permission_fixer_dag.py
[2025-05-01T01:54:53.335+0000] {logging_mixin.py:190} INFO - [2025-05-01T01:54:53.334+0000] {templater.py:94} ERROR - Failed to resolve template field 'bash_command'
Traceback (most recent call last):
  File "/home/airflow/.local/lib/python3.12/site-packages/airflow/template/templater.py", line 92, in resolve_template_files
    setattr(self, field, env.loader.get_source(env, content)[0])  # type: ignore
                         ^^^^^^^^^^^^^^^^^^^^^^^^^^^^^^^^^^^
  File "/home/airflow/.local/lib/python3.12/site-packages/jinja2/loaders.py", line 209, in get_source
    raise TemplateNotFound(
jinja2.exceptions.TemplateNotFound: 'bash /opt/airflow/scripts/bash/permissions.sh' not found in search path: '/opt/airflow/dags'
[2025-05-01T01:54:53.336+0000] {processor.py:925} INFO - DAG(s) 'fix_permissions_dag' retrieved from /opt/airflow/dags/permission_fixer_dag.py
[2025-05-01T01:54:53.347+0000] {logging_mixin.py:190} INFO - [2025-05-01T01:54:53.347+0000] {dag.py:3239} INFO - Sync 1 DAGs
[2025-05-01T01:54:53.358+0000] {logging_mixin.py:190} INFO - [2025-05-01T01:54:53.357+0000] {dag.py:4180} INFO - Setting next_dagrun for fix_permissions_dag to 2025-05-01 01:00:00+00:00, run_after=2025-05-01 02:00:00+00:00
[2025-05-01T01:54:53.365+0000] {processor.py:208} INFO - Processing /opt/airflow/dags/permission_fixer_dag.py took 0.042 seconds
[2025-05-01T01:55:23.660+0000] {processor.py:186} INFO - Started process (PID=609) to work on /opt/airflow/dags/permission_fixer_dag.py
[2025-05-01T01:55:23.660+0000] {processor.py:914} INFO - Processing file /opt/airflow/dags/permission_fixer_dag.py for tasks to queue
[2025-05-01T01:55:23.661+0000] {logging_mixin.py:190} INFO - [2025-05-01T01:55:23.660+0000] {dagbag.py:588} INFO - Filling up the DagBag from /opt/airflow/dags/permission_fixer_dag.py
[2025-05-01T01:55:23.667+0000] {logging_mixin.py:190} INFO - [2025-05-01T01:55:23.666+0000] {templater.py:94} ERROR - Failed to resolve template field 'bash_command'
Traceback (most recent call last):
  File "/home/airflow/.local/lib/python3.12/site-packages/airflow/template/templater.py", line 92, in resolve_template_files
    setattr(self, field, env.loader.get_source(env, content)[0])  # type: ignore
                         ^^^^^^^^^^^^^^^^^^^^^^^^^^^^^^^^^^^
  File "/home/airflow/.local/lib/python3.12/site-packages/jinja2/loaders.py", line 209, in get_source
    raise TemplateNotFound(
jinja2.exceptions.TemplateNotFound: 'bash /opt/airflow/scripts/bash/permissions.sh' not found in search path: '/opt/airflow/dags'
[2025-05-01T01:55:23.668+0000] {processor.py:925} INFO - DAG(s) 'fix_permissions_dag' retrieved from /opt/airflow/dags/permission_fixer_dag.py
[2025-05-01T01:55:23.680+0000] {logging_mixin.py:190} INFO - [2025-05-01T01:55:23.680+0000] {dag.py:3239} INFO - Sync 1 DAGs
[2025-05-01T01:55:23.689+0000] {logging_mixin.py:190} INFO - [2025-05-01T01:55:23.689+0000] {dag.py:4180} INFO - Setting next_dagrun for fix_permissions_dag to 2025-05-01 01:00:00+00:00, run_after=2025-05-01 02:00:00+00:00
[2025-05-01T01:55:23.696+0000] {processor.py:208} INFO - Processing /opt/airflow/dags/permission_fixer_dag.py took 0.040 seconds
[2025-05-01T01:55:54.016+0000] {processor.py:186} INFO - Started process (PID=611) to work on /opt/airflow/dags/permission_fixer_dag.py
[2025-05-01T01:55:54.017+0000] {processor.py:914} INFO - Processing file /opt/airflow/dags/permission_fixer_dag.py for tasks to queue
[2025-05-01T01:55:54.017+0000] {logging_mixin.py:190} INFO - [2025-05-01T01:55:54.017+0000] {dagbag.py:588} INFO - Filling up the DagBag from /opt/airflow/dags/permission_fixer_dag.py
[2025-05-01T01:55:54.025+0000] {logging_mixin.py:190} INFO - [2025-05-01T01:55:54.025+0000] {templater.py:94} ERROR - Failed to resolve template field 'bash_command'
Traceback (most recent call last):
  File "/home/airflow/.local/lib/python3.12/site-packages/airflow/template/templater.py", line 92, in resolve_template_files
    setattr(self, field, env.loader.get_source(env, content)[0])  # type: ignore
                         ^^^^^^^^^^^^^^^^^^^^^^^^^^^^^^^^^^^
  File "/home/airflow/.local/lib/python3.12/site-packages/jinja2/loaders.py", line 209, in get_source
    raise TemplateNotFound(
jinja2.exceptions.TemplateNotFound: 'bash /opt/airflow/scripts/bash/permissions.sh' not found in search path: '/opt/airflow/dags'
[2025-05-01T01:55:54.027+0000] {processor.py:925} INFO - DAG(s) 'fix_permissions_dag' retrieved from /opt/airflow/dags/permission_fixer_dag.py
[2025-05-01T01:55:54.040+0000] {logging_mixin.py:190} INFO - [2025-05-01T01:55:54.040+0000] {dag.py:3239} INFO - Sync 1 DAGs
[2025-05-01T01:55:54.050+0000] {logging_mixin.py:190} INFO - [2025-05-01T01:55:54.050+0000] {dag.py:4180} INFO - Setting next_dagrun for fix_permissions_dag to 2025-05-01 01:00:00+00:00, run_after=2025-05-01 02:00:00+00:00
[2025-05-01T01:55:54.057+0000] {processor.py:208} INFO - Processing /opt/airflow/dags/permission_fixer_dag.py took 0.047 seconds
[2025-05-01T01:56:24.440+0000] {processor.py:186} INFO - Started process (PID=613) to work on /opt/airflow/dags/permission_fixer_dag.py
[2025-05-01T01:56:24.441+0000] {processor.py:914} INFO - Processing file /opt/airflow/dags/permission_fixer_dag.py for tasks to queue
[2025-05-01T01:56:24.443+0000] {logging_mixin.py:190} INFO - [2025-05-01T01:56:24.441+0000] {dagbag.py:588} INFO - Filling up the DagBag from /opt/airflow/dags/permission_fixer_dag.py
[2025-05-01T01:56:24.457+0000] {logging_mixin.py:190} INFO - [2025-05-01T01:56:24.456+0000] {templater.py:94} ERROR - Failed to resolve template field 'bash_command'
Traceback (most recent call last):
  File "/home/airflow/.local/lib/python3.12/site-packages/airflow/template/templater.py", line 92, in resolve_template_files
    setattr(self, field, env.loader.get_source(env, content)[0])  # type: ignore
                         ^^^^^^^^^^^^^^^^^^^^^^^^^^^^^^^^^^^
  File "/home/airflow/.local/lib/python3.12/site-packages/jinja2/loaders.py", line 209, in get_source
    raise TemplateNotFound(
jinja2.exceptions.TemplateNotFound: 'bash /opt/airflow/scripts/bash/permissions.sh' not found in search path: '/opt/airflow/dags'
[2025-05-01T01:56:24.458+0000] {processor.py:925} INFO - DAG(s) 'fix_permissions_dag' retrieved from /opt/airflow/dags/permission_fixer_dag.py
[2025-05-01T01:56:24.473+0000] {logging_mixin.py:190} INFO - [2025-05-01T01:56:24.473+0000] {dag.py:3239} INFO - Sync 1 DAGs
[2025-05-01T01:56:24.483+0000] {logging_mixin.py:190} INFO - [2025-05-01T01:56:24.483+0000] {dag.py:4180} INFO - Setting next_dagrun for fix_permissions_dag to 2025-05-01 01:00:00+00:00, run_after=2025-05-01 02:00:00+00:00
[2025-05-01T01:56:24.489+0000] {processor.py:208} INFO - Processing /opt/airflow/dags/permission_fixer_dag.py took 0.056 seconds
[2025-05-01T01:56:54.886+0000] {processor.py:186} INFO - Started process (PID=615) to work on /opt/airflow/dags/permission_fixer_dag.py
[2025-05-01T01:56:54.887+0000] {processor.py:914} INFO - Processing file /opt/airflow/dags/permission_fixer_dag.py for tasks to queue
[2025-05-01T01:56:54.888+0000] {logging_mixin.py:190} INFO - [2025-05-01T01:56:54.888+0000] {dagbag.py:588} INFO - Filling up the DagBag from /opt/airflow/dags/permission_fixer_dag.py
[2025-05-01T01:56:54.897+0000] {logging_mixin.py:190} INFO - [2025-05-01T01:56:54.897+0000] {templater.py:94} ERROR - Failed to resolve template field 'bash_command'
Traceback (most recent call last):
  File "/home/airflow/.local/lib/python3.12/site-packages/airflow/template/templater.py", line 92, in resolve_template_files
    setattr(self, field, env.loader.get_source(env, content)[0])  # type: ignore
                         ^^^^^^^^^^^^^^^^^^^^^^^^^^^^^^^^^^^
  File "/home/airflow/.local/lib/python3.12/site-packages/jinja2/loaders.py", line 209, in get_source
    raise TemplateNotFound(
jinja2.exceptions.TemplateNotFound: 'bash /opt/airflow/scripts/bash/permissions.sh' not found in search path: '/opt/airflow/dags'
[2025-05-01T01:56:54.899+0000] {processor.py:925} INFO - DAG(s) 'fix_permissions_dag' retrieved from /opt/airflow/dags/permission_fixer_dag.py
[2025-05-01T01:56:54.913+0000] {logging_mixin.py:190} INFO - [2025-05-01T01:56:54.913+0000] {dag.py:3239} INFO - Sync 1 DAGs
[2025-05-01T01:56:54.924+0000] {logging_mixin.py:190} INFO - [2025-05-01T01:56:54.924+0000] {dag.py:4180} INFO - Setting next_dagrun for fix_permissions_dag to 2025-05-01 01:00:00+00:00, run_after=2025-05-01 02:00:00+00:00
[2025-05-01T01:56:54.933+0000] {processor.py:208} INFO - Processing /opt/airflow/dags/permission_fixer_dag.py took 0.052 seconds
[2025-05-01T01:57:25.345+0000] {processor.py:186} INFO - Started process (PID=617) to work on /opt/airflow/dags/permission_fixer_dag.py
[2025-05-01T01:57:25.345+0000] {processor.py:914} INFO - Processing file /opt/airflow/dags/permission_fixer_dag.py for tasks to queue
[2025-05-01T01:57:25.346+0000] {logging_mixin.py:190} INFO - [2025-05-01T01:57:25.346+0000] {dagbag.py:588} INFO - Filling up the DagBag from /opt/airflow/dags/permission_fixer_dag.py
[2025-05-01T01:57:25.355+0000] {logging_mixin.py:190} INFO - [2025-05-01T01:57:25.355+0000] {templater.py:94} ERROR - Failed to resolve template field 'bash_command'
Traceback (most recent call last):
  File "/home/airflow/.local/lib/python3.12/site-packages/airflow/template/templater.py", line 92, in resolve_template_files
    setattr(self, field, env.loader.get_source(env, content)[0])  # type: ignore
                         ^^^^^^^^^^^^^^^^^^^^^^^^^^^^^^^^^^^
  File "/home/airflow/.local/lib/python3.12/site-packages/jinja2/loaders.py", line 209, in get_source
    raise TemplateNotFound(
jinja2.exceptions.TemplateNotFound: 'bash /opt/airflow/scripts/bash/permissions.sh' not found in search path: '/opt/airflow/dags'
[2025-05-01T01:57:25.357+0000] {processor.py:925} INFO - DAG(s) 'fix_permissions_dag' retrieved from /opt/airflow/dags/permission_fixer_dag.py
[2025-05-01T01:57:25.370+0000] {logging_mixin.py:190} INFO - [2025-05-01T01:57:25.370+0000] {dag.py:3239} INFO - Sync 1 DAGs
[2025-05-01T01:57:25.382+0000] {logging_mixin.py:190} INFO - [2025-05-01T01:57:25.382+0000] {dag.py:4180} INFO - Setting next_dagrun for fix_permissions_dag to 2025-05-01 01:00:00+00:00, run_after=2025-05-01 02:00:00+00:00
[2025-05-01T01:57:25.389+0000] {processor.py:208} INFO - Processing /opt/airflow/dags/permission_fixer_dag.py took 0.049 seconds
[2025-05-01T01:57:55.785+0000] {processor.py:186} INFO - Started process (PID=619) to work on /opt/airflow/dags/permission_fixer_dag.py
[2025-05-01T01:57:55.786+0000] {processor.py:914} INFO - Processing file /opt/airflow/dags/permission_fixer_dag.py for tasks to queue
[2025-05-01T01:57:55.787+0000] {logging_mixin.py:190} INFO - [2025-05-01T01:57:55.786+0000] {dagbag.py:588} INFO - Filling up the DagBag from /opt/airflow/dags/permission_fixer_dag.py
[2025-05-01T01:57:55.796+0000] {logging_mixin.py:190} INFO - [2025-05-01T01:57:55.796+0000] {templater.py:94} ERROR - Failed to resolve template field 'bash_command'
Traceback (most recent call last):
  File "/home/airflow/.local/lib/python3.12/site-packages/airflow/template/templater.py", line 92, in resolve_template_files
    setattr(self, field, env.loader.get_source(env, content)[0])  # type: ignore
                         ^^^^^^^^^^^^^^^^^^^^^^^^^^^^^^^^^^^
  File "/home/airflow/.local/lib/python3.12/site-packages/jinja2/loaders.py", line 209, in get_source
    raise TemplateNotFound(
jinja2.exceptions.TemplateNotFound: 'bash /opt/airflow/scripts/bash/permissions.sh' not found in search path: '/opt/airflow/dags'
[2025-05-01T01:57:55.798+0000] {processor.py:925} INFO - DAG(s) 'fix_permissions_dag' retrieved from /opt/airflow/dags/permission_fixer_dag.py
[2025-05-01T01:57:55.811+0000] {logging_mixin.py:190} INFO - [2025-05-01T01:57:55.811+0000] {dag.py:3239} INFO - Sync 1 DAGs
[2025-05-01T01:57:55.822+0000] {logging_mixin.py:190} INFO - [2025-05-01T01:57:55.822+0000] {dag.py:4180} INFO - Setting next_dagrun for fix_permissions_dag to 2025-05-01 01:00:00+00:00, run_after=2025-05-01 02:00:00+00:00
[2025-05-01T01:57:55.831+0000] {processor.py:208} INFO - Processing /opt/airflow/dags/permission_fixer_dag.py took 0.051 seconds
[2025-05-01T01:58:26.235+0000] {processor.py:186} INFO - Started process (PID=621) to work on /opt/airflow/dags/permission_fixer_dag.py
[2025-05-01T01:58:26.236+0000] {processor.py:914} INFO - Processing file /opt/airflow/dags/permission_fixer_dag.py for tasks to queue
[2025-05-01T01:58:26.237+0000] {logging_mixin.py:190} INFO - [2025-05-01T01:58:26.237+0000] {dagbag.py:588} INFO - Filling up the DagBag from /opt/airflow/dags/permission_fixer_dag.py
[2025-05-01T01:58:26.246+0000] {logging_mixin.py:190} INFO - [2025-05-01T01:58:26.245+0000] {templater.py:94} ERROR - Failed to resolve template field 'bash_command'
Traceback (most recent call last):
  File "/home/airflow/.local/lib/python3.12/site-packages/airflow/template/templater.py", line 92, in resolve_template_files
    setattr(self, field, env.loader.get_source(env, content)[0])  # type: ignore
                         ^^^^^^^^^^^^^^^^^^^^^^^^^^^^^^^^^^^
  File "/home/airflow/.local/lib/python3.12/site-packages/jinja2/loaders.py", line 209, in get_source
    raise TemplateNotFound(
jinja2.exceptions.TemplateNotFound: 'bash /opt/airflow/scripts/bash/permissions.sh' not found in search path: '/opt/airflow/dags'
[2025-05-01T01:58:26.248+0000] {processor.py:925} INFO - DAG(s) 'fix_permissions_dag' retrieved from /opt/airflow/dags/permission_fixer_dag.py
[2025-05-01T01:58:26.261+0000] {logging_mixin.py:190} INFO - [2025-05-01T01:58:26.261+0000] {dag.py:3239} INFO - Sync 1 DAGs
[2025-05-01T01:58:26.272+0000] {logging_mixin.py:190} INFO - [2025-05-01T01:58:26.272+0000] {dag.py:4180} INFO - Setting next_dagrun for fix_permissions_dag to 2025-05-01 01:00:00+00:00, run_after=2025-05-01 02:00:00+00:00
[2025-05-01T01:58:26.280+0000] {processor.py:208} INFO - Processing /opt/airflow/dags/permission_fixer_dag.py took 0.051 seconds
[2025-05-01T01:58:56.647+0000] {processor.py:186} INFO - Started process (PID=623) to work on /opt/airflow/dags/permission_fixer_dag.py
[2025-05-01T01:58:56.648+0000] {processor.py:914} INFO - Processing file /opt/airflow/dags/permission_fixer_dag.py for tasks to queue
[2025-05-01T01:58:56.649+0000] {logging_mixin.py:190} INFO - [2025-05-01T01:58:56.649+0000] {dagbag.py:588} INFO - Filling up the DagBag from /opt/airflow/dags/permission_fixer_dag.py
[2025-05-01T01:58:56.658+0000] {logging_mixin.py:190} INFO - [2025-05-01T01:58:56.658+0000] {templater.py:94} ERROR - Failed to resolve template field 'bash_command'
Traceback (most recent call last):
  File "/home/airflow/.local/lib/python3.12/site-packages/airflow/template/templater.py", line 92, in resolve_template_files
    setattr(self, field, env.loader.get_source(env, content)[0])  # type: ignore
                         ^^^^^^^^^^^^^^^^^^^^^^^^^^^^^^^^^^^
  File "/home/airflow/.local/lib/python3.12/site-packages/jinja2/loaders.py", line 209, in get_source
    raise TemplateNotFound(
jinja2.exceptions.TemplateNotFound: 'bash /opt/airflow/scripts/bash/permissions.sh' not found in search path: '/opt/airflow/dags'
[2025-05-01T01:58:56.660+0000] {processor.py:925} INFO - DAG(s) 'fix_permissions_dag' retrieved from /opt/airflow/dags/permission_fixer_dag.py
[2025-05-01T01:58:56.674+0000] {logging_mixin.py:190} INFO - [2025-05-01T01:58:56.674+0000] {dag.py:3239} INFO - Sync 1 DAGs
[2025-05-01T01:58:56.685+0000] {logging_mixin.py:190} INFO - [2025-05-01T01:58:56.684+0000] {dag.py:4180} INFO - Setting next_dagrun for fix_permissions_dag to 2025-05-01 01:00:00+00:00, run_after=2025-05-01 02:00:00+00:00
[2025-05-01T01:58:56.692+0000] {processor.py:208} INFO - Processing /opt/airflow/dags/permission_fixer_dag.py took 0.052 seconds
[2025-05-01T01:59:27.026+0000] {processor.py:186} INFO - Started process (PID=625) to work on /opt/airflow/dags/permission_fixer_dag.py
[2025-05-01T01:59:27.027+0000] {processor.py:914} INFO - Processing file /opt/airflow/dags/permission_fixer_dag.py for tasks to queue
[2025-05-01T01:59:27.027+0000] {logging_mixin.py:190} INFO - [2025-05-01T01:59:27.027+0000] {dagbag.py:588} INFO - Filling up the DagBag from /opt/airflow/dags/permission_fixer_dag.py
[2025-05-01T01:59:27.036+0000] {logging_mixin.py:190} INFO - [2025-05-01T01:59:27.035+0000] {templater.py:94} ERROR - Failed to resolve template field 'bash_command'
Traceback (most recent call last):
  File "/home/airflow/.local/lib/python3.12/site-packages/airflow/template/templater.py", line 92, in resolve_template_files
    setattr(self, field, env.loader.get_source(env, content)[0])  # type: ignore
                         ^^^^^^^^^^^^^^^^^^^^^^^^^^^^^^^^^^^
  File "/home/airflow/.local/lib/python3.12/site-packages/jinja2/loaders.py", line 209, in get_source
    raise TemplateNotFound(
jinja2.exceptions.TemplateNotFound: 'bash /opt/airflow/scripts/bash/permissions.sh' not found in search path: '/opt/airflow/dags'
[2025-05-01T01:59:27.037+0000] {processor.py:925} INFO - DAG(s) 'fix_permissions_dag' retrieved from /opt/airflow/dags/permission_fixer_dag.py
[2025-05-01T01:59:27.050+0000] {logging_mixin.py:190} INFO - [2025-05-01T01:59:27.050+0000] {dag.py:3239} INFO - Sync 1 DAGs
[2025-05-01T01:59:27.062+0000] {logging_mixin.py:190} INFO - [2025-05-01T01:59:27.062+0000] {dag.py:4180} INFO - Setting next_dagrun for fix_permissions_dag to 2025-05-01 01:00:00+00:00, run_after=2025-05-01 02:00:00+00:00
[2025-05-01T01:59:27.068+0000] {processor.py:208} INFO - Processing /opt/airflow/dags/permission_fixer_dag.py took 0.048 seconds
[2025-05-01T01:59:56.250+0000] {processor.py:186} INFO - Started process (PID=626) to work on /opt/airflow/dags/permission_fixer_dag.py
[2025-05-01T01:59:56.250+0000] {processor.py:914} INFO - Processing file /opt/airflow/dags/permission_fixer_dag.py for tasks to queue
[2025-05-01T01:59:56.251+0000] {logging_mixin.py:190} INFO - [2025-05-01T01:59:56.251+0000] {dagbag.py:588} INFO - Filling up the DagBag from /opt/airflow/dags/permission_fixer_dag.py
[2025-05-01T01:59:56.257+0000] {logging_mixin.py:190} INFO - [2025-05-01T01:59:56.257+0000] {templater.py:94} ERROR - Failed to resolve template field 'bash_command'
Traceback (most recent call last):
  File "/home/airflow/.local/lib/python3.12/site-packages/airflow/template/templater.py", line 92, in resolve_template_files
    setattr(self, field, env.loader.get_source(env, content)[0])  # type: ignore
                         ^^^^^^^^^^^^^^^^^^^^^^^^^^^^^^^^^^^
  File "/home/airflow/.local/lib/python3.12/site-packages/jinja2/loaders.py", line 209, in get_source
    raise TemplateNotFound(
jinja2.exceptions.TemplateNotFound: 'bash /opt/airflow/scripts/bash/permissions.sh' not found in search path: '/opt/airflow/dags'
[2025-05-01T01:59:56.258+0000] {processor.py:925} INFO - DAG(s) 'fix_permissions_dag' retrieved from /opt/airflow/dags/permission_fixer_dag.py
[2025-05-01T01:59:56.269+0000] {logging_mixin.py:190} INFO - [2025-05-01T01:59:56.269+0000] {dag.py:3239} INFO - Sync 1 DAGs
[2025-05-01T01:59:56.280+0000] {logging_mixin.py:190} INFO - [2025-05-01T01:59:56.279+0000] {dag.py:4180} INFO - Setting next_dagrun for fix_permissions_dag to 2025-05-01 01:00:00+00:00, run_after=2025-05-01 02:00:00+00:00
[2025-05-01T01:59:56.286+0000] {processor.py:208} INFO - Processing /opt/airflow/dags/permission_fixer_dag.py took 0.039 seconds
[2025-05-01T02:00:26.537+0000] {processor.py:186} INFO - Started process (PID=628) to work on /opt/airflow/dags/permission_fixer_dag.py
[2025-05-01T02:00:26.538+0000] {processor.py:914} INFO - Processing file /opt/airflow/dags/permission_fixer_dag.py for tasks to queue
[2025-05-01T02:00:26.539+0000] {logging_mixin.py:190} INFO - [2025-05-01T02:00:26.538+0000] {dagbag.py:588} INFO - Filling up the DagBag from /opt/airflow/dags/permission_fixer_dag.py
[2025-05-01T02:00:26.552+0000] {logging_mixin.py:190} INFO - [2025-05-01T02:00:26.551+0000] {templater.py:94} ERROR - Failed to resolve template field 'bash_command'
Traceback (most recent call last):
  File "/home/airflow/.local/lib/python3.12/site-packages/airflow/template/templater.py", line 92, in resolve_template_files
    setattr(self, field, env.loader.get_source(env, content)[0])  # type: ignore
                         ^^^^^^^^^^^^^^^^^^^^^^^^^^^^^^^^^^^
  File "/home/airflow/.local/lib/python3.12/site-packages/jinja2/loaders.py", line 209, in get_source
    raise TemplateNotFound(
jinja2.exceptions.TemplateNotFound: 'bash /opt/airflow/scripts/bash/permissions.sh' not found in search path: '/opt/airflow/dags'
[2025-05-01T02:00:26.554+0000] {processor.py:925} INFO - DAG(s) 'fix_permissions_dag' retrieved from /opt/airflow/dags/permission_fixer_dag.py
[2025-05-01T02:00:26.568+0000] {logging_mixin.py:190} INFO - [2025-05-01T02:00:26.568+0000] {dag.py:3239} INFO - Sync 1 DAGs
[2025-05-01T02:00:26.579+0000] {logging_mixin.py:190} INFO - [2025-05-01T02:00:26.579+0000] {dag.py:4180} INFO - Setting next_dagrun for fix_permissions_dag to 2025-05-01 02:00:00+00:00, run_after=2025-05-01 03:00:00+00:00
[2025-05-01T02:00:26.586+0000] {processor.py:208} INFO - Processing /opt/airflow/dags/permission_fixer_dag.py took 0.058 seconds
[2025-05-01T02:00:56.821+0000] {processor.py:186} INFO - Started process (PID=630) to work on /opt/airflow/dags/permission_fixer_dag.py
[2025-05-01T02:00:56.821+0000] {processor.py:914} INFO - Processing file /opt/airflow/dags/permission_fixer_dag.py for tasks to queue
[2025-05-01T02:00:56.822+0000] {logging_mixin.py:190} INFO - [2025-05-01T02:00:56.822+0000] {dagbag.py:588} INFO - Filling up the DagBag from /opt/airflow/dags/permission_fixer_dag.py
[2025-05-01T02:00:56.828+0000] {logging_mixin.py:190} INFO - [2025-05-01T02:00:56.828+0000] {templater.py:94} ERROR - Failed to resolve template field 'bash_command'
Traceback (most recent call last):
  File "/home/airflow/.local/lib/python3.12/site-packages/airflow/template/templater.py", line 92, in resolve_template_files
    setattr(self, field, env.loader.get_source(env, content)[0])  # type: ignore
                         ^^^^^^^^^^^^^^^^^^^^^^^^^^^^^^^^^^^
  File "/home/airflow/.local/lib/python3.12/site-packages/jinja2/loaders.py", line 209, in get_source
    raise TemplateNotFound(
jinja2.exceptions.TemplateNotFound: 'bash /opt/airflow/scripts/bash/permissions.sh' not found in search path: '/opt/airflow/dags'
[2025-05-01T02:00:56.829+0000] {processor.py:925} INFO - DAG(s) 'fix_permissions_dag' retrieved from /opt/airflow/dags/permission_fixer_dag.py
[2025-05-01T02:00:56.840+0000] {logging_mixin.py:190} INFO - [2025-05-01T02:00:56.840+0000] {dag.py:3239} INFO - Sync 1 DAGs
[2025-05-01T02:00:56.850+0000] {logging_mixin.py:190} INFO - [2025-05-01T02:00:56.849+0000] {dag.py:4180} INFO - Setting next_dagrun for fix_permissions_dag to 2025-05-01 02:00:00+00:00, run_after=2025-05-01 03:00:00+00:00
[2025-05-01T02:00:56.856+0000] {processor.py:208} INFO - Processing /opt/airflow/dags/permission_fixer_dag.py took 0.039 seconds
[2025-05-01T02:01:27.044+0000] {processor.py:186} INFO - Started process (PID=632) to work on /opt/airflow/dags/permission_fixer_dag.py
[2025-05-01T02:01:27.044+0000] {processor.py:914} INFO - Processing file /opt/airflow/dags/permission_fixer_dag.py for tasks to queue
[2025-05-01T02:01:27.045+0000] {logging_mixin.py:190} INFO - [2025-05-01T02:01:27.044+0000] {dagbag.py:588} INFO - Filling up the DagBag from /opt/airflow/dags/permission_fixer_dag.py
[2025-05-01T02:01:27.053+0000] {logging_mixin.py:190} INFO - [2025-05-01T02:01:27.053+0000] {templater.py:94} ERROR - Failed to resolve template field 'bash_command'
Traceback (most recent call last):
  File "/home/airflow/.local/lib/python3.12/site-packages/airflow/template/templater.py", line 92, in resolve_template_files
    setattr(self, field, env.loader.get_source(env, content)[0])  # type: ignore
                         ^^^^^^^^^^^^^^^^^^^^^^^^^^^^^^^^^^^
  File "/home/airflow/.local/lib/python3.12/site-packages/jinja2/loaders.py", line 209, in get_source
    raise TemplateNotFound(
jinja2.exceptions.TemplateNotFound: 'bash /opt/airflow/scripts/bash/permissions.sh' not found in search path: '/opt/airflow/dags'
[2025-05-01T02:01:27.054+0000] {processor.py:925} INFO - DAG(s) 'fix_permissions_dag' retrieved from /opt/airflow/dags/permission_fixer_dag.py
[2025-05-01T02:01:27.070+0000] {logging_mixin.py:190} INFO - [2025-05-01T02:01:27.069+0000] {dag.py:3239} INFO - Sync 1 DAGs
[2025-05-01T02:01:27.084+0000] {logging_mixin.py:190} INFO - [2025-05-01T02:01:27.084+0000] {dag.py:4180} INFO - Setting next_dagrun for fix_permissions_dag to 2025-05-01 02:00:00+00:00, run_after=2025-05-01 03:00:00+00:00
[2025-05-01T02:01:27.093+0000] {processor.py:208} INFO - Processing /opt/airflow/dags/permission_fixer_dag.py took 0.053 seconds
[2025-05-01T02:01:57.297+0000] {processor.py:186} INFO - Started process (PID=634) to work on /opt/airflow/dags/permission_fixer_dag.py
[2025-05-01T02:01:57.298+0000] {processor.py:914} INFO - Processing file /opt/airflow/dags/permission_fixer_dag.py for tasks to queue
[2025-05-01T02:01:57.299+0000] {logging_mixin.py:190} INFO - [2025-05-01T02:01:57.299+0000] {dagbag.py:588} INFO - Filling up the DagBag from /opt/airflow/dags/permission_fixer_dag.py
[2025-05-01T02:01:57.309+0000] {logging_mixin.py:190} INFO - [2025-05-01T02:01:57.308+0000] {templater.py:94} ERROR - Failed to resolve template field 'bash_command'
Traceback (most recent call last):
  File "/home/airflow/.local/lib/python3.12/site-packages/airflow/template/templater.py", line 92, in resolve_template_files
    setattr(self, field, env.loader.get_source(env, content)[0])  # type: ignore
                         ^^^^^^^^^^^^^^^^^^^^^^^^^^^^^^^^^^^
  File "/home/airflow/.local/lib/python3.12/site-packages/jinja2/loaders.py", line 209, in get_source
    raise TemplateNotFound(
jinja2.exceptions.TemplateNotFound: 'bash /opt/airflow/scripts/bash/permissions.sh' not found in search path: '/opt/airflow/dags'
[2025-05-01T02:01:57.311+0000] {processor.py:925} INFO - DAG(s) 'fix_permissions_dag' retrieved from /opt/airflow/dags/permission_fixer_dag.py
[2025-05-01T02:01:57.329+0000] {logging_mixin.py:190} INFO - [2025-05-01T02:01:57.329+0000] {dag.py:3239} INFO - Sync 1 DAGs
[2025-05-01T02:01:57.344+0000] {logging_mixin.py:190} INFO - [2025-05-01T02:01:57.344+0000] {dag.py:4180} INFO - Setting next_dagrun for fix_permissions_dag to 2025-05-01 02:00:00+00:00, run_after=2025-05-01 03:00:00+00:00
[2025-05-01T02:01:57.370+0000] {processor.py:208} INFO - Processing /opt/airflow/dags/permission_fixer_dag.py took 0.081 seconds
[2025-05-01T02:02:27.595+0000] {processor.py:186} INFO - Started process (PID=636) to work on /opt/airflow/dags/permission_fixer_dag.py
[2025-05-01T02:02:27.596+0000] {processor.py:914} INFO - Processing file /opt/airflow/dags/permission_fixer_dag.py for tasks to queue
[2025-05-01T02:02:27.597+0000] {logging_mixin.py:190} INFO - [2025-05-01T02:02:27.597+0000] {dagbag.py:588} INFO - Filling up the DagBag from /opt/airflow/dags/permission_fixer_dag.py
[2025-05-01T02:02:27.608+0000] {logging_mixin.py:190} INFO - [2025-05-01T02:02:27.608+0000] {templater.py:94} ERROR - Failed to resolve template field 'bash_command'
Traceback (most recent call last):
  File "/home/airflow/.local/lib/python3.12/site-packages/airflow/template/templater.py", line 92, in resolve_template_files
    setattr(self, field, env.loader.get_source(env, content)[0])  # type: ignore
                         ^^^^^^^^^^^^^^^^^^^^^^^^^^^^^^^^^^^
  File "/home/airflow/.local/lib/python3.12/site-packages/jinja2/loaders.py", line 209, in get_source
    raise TemplateNotFound(
jinja2.exceptions.TemplateNotFound: 'bash /opt/airflow/scripts/bash/permissions.sh' not found in search path: '/opt/airflow/dags'
[2025-05-01T02:02:27.610+0000] {processor.py:925} INFO - DAG(s) 'fix_permissions_dag' retrieved from /opt/airflow/dags/permission_fixer_dag.py
[2025-05-01T02:02:27.623+0000] {logging_mixin.py:190} INFO - [2025-05-01T02:02:27.623+0000] {dag.py:3239} INFO - Sync 1 DAGs
[2025-05-01T02:02:27.634+0000] {logging_mixin.py:190} INFO - [2025-05-01T02:02:27.633+0000] {dag.py:4180} INFO - Setting next_dagrun for fix_permissions_dag to 2025-05-01 02:00:00+00:00, run_after=2025-05-01 03:00:00+00:00
[2025-05-01T02:02:27.640+0000] {processor.py:208} INFO - Processing /opt/airflow/dags/permission_fixer_dag.py took 0.050 seconds
[2025-05-01T02:02:57.922+0000] {processor.py:186} INFO - Started process (PID=638) to work on /opt/airflow/dags/permission_fixer_dag.py
[2025-05-01T02:02:57.923+0000] {processor.py:914} INFO - Processing file /opt/airflow/dags/permission_fixer_dag.py for tasks to queue
[2025-05-01T02:02:57.925+0000] {logging_mixin.py:190} INFO - [2025-05-01T02:02:57.924+0000] {dagbag.py:588} INFO - Filling up the DagBag from /opt/airflow/dags/permission_fixer_dag.py
[2025-05-01T02:02:57.935+0000] {logging_mixin.py:190} INFO - [2025-05-01T02:02:57.935+0000] {templater.py:94} ERROR - Failed to resolve template field 'bash_command'
Traceback (most recent call last):
  File "/home/airflow/.local/lib/python3.12/site-packages/airflow/template/templater.py", line 92, in resolve_template_files
    setattr(self, field, env.loader.get_source(env, content)[0])  # type: ignore
                         ^^^^^^^^^^^^^^^^^^^^^^^^^^^^^^^^^^^
  File "/home/airflow/.local/lib/python3.12/site-packages/jinja2/loaders.py", line 209, in get_source
    raise TemplateNotFound(
jinja2.exceptions.TemplateNotFound: 'bash /opt/airflow/scripts/bash/permissions.sh' not found in search path: '/opt/airflow/dags'
[2025-05-01T02:02:57.937+0000] {processor.py:925} INFO - DAG(s) 'fix_permissions_dag' retrieved from /opt/airflow/dags/permission_fixer_dag.py
[2025-05-01T02:02:57.951+0000] {logging_mixin.py:190} INFO - [2025-05-01T02:02:57.951+0000] {dag.py:3239} INFO - Sync 1 DAGs
[2025-05-01T02:02:57.961+0000] {logging_mixin.py:190} INFO - [2025-05-01T02:02:57.961+0000] {dag.py:4180} INFO - Setting next_dagrun for fix_permissions_dag to 2025-05-01 02:00:00+00:00, run_after=2025-05-01 03:00:00+00:00
[2025-05-01T02:02:57.968+0000] {processor.py:208} INFO - Processing /opt/airflow/dags/permission_fixer_dag.py took 0.052 seconds
[2025-05-01T02:03:28.151+0000] {processor.py:186} INFO - Started process (PID=640) to work on /opt/airflow/dags/permission_fixer_dag.py
[2025-05-01T02:03:28.152+0000] {processor.py:914} INFO - Processing file /opt/airflow/dags/permission_fixer_dag.py for tasks to queue
[2025-05-01T02:03:28.153+0000] {logging_mixin.py:190} INFO - [2025-05-01T02:03:28.152+0000] {dagbag.py:588} INFO - Filling up the DagBag from /opt/airflow/dags/permission_fixer_dag.py
[2025-05-01T02:03:28.162+0000] {logging_mixin.py:190} INFO - [2025-05-01T02:03:28.161+0000] {templater.py:94} ERROR - Failed to resolve template field 'bash_command'
Traceback (most recent call last):
  File "/home/airflow/.local/lib/python3.12/site-packages/airflow/template/templater.py", line 92, in resolve_template_files
    setattr(self, field, env.loader.get_source(env, content)[0])  # type: ignore
                         ^^^^^^^^^^^^^^^^^^^^^^^^^^^^^^^^^^^
  File "/home/airflow/.local/lib/python3.12/site-packages/jinja2/loaders.py", line 209, in get_source
    raise TemplateNotFound(
jinja2.exceptions.TemplateNotFound: 'bash /opt/airflow/scripts/bash/permissions.sh' not found in search path: '/opt/airflow/dags'
[2025-05-01T02:03:28.164+0000] {processor.py:925} INFO - DAG(s) 'fix_permissions_dag' retrieved from /opt/airflow/dags/permission_fixer_dag.py
[2025-05-01T02:03:28.178+0000] {logging_mixin.py:190} INFO - [2025-05-01T02:03:28.177+0000] {dag.py:3239} INFO - Sync 1 DAGs
[2025-05-01T02:03:28.188+0000] {logging_mixin.py:190} INFO - [2025-05-01T02:03:28.188+0000] {dag.py:4180} INFO - Setting next_dagrun for fix_permissions_dag to 2025-05-01 02:00:00+00:00, run_after=2025-05-01 03:00:00+00:00
[2025-05-01T02:03:28.196+0000] {processor.py:208} INFO - Processing /opt/airflow/dags/permission_fixer_dag.py took 0.050 seconds
[2025-05-01T02:03:58.409+0000] {processor.py:186} INFO - Started process (PID=642) to work on /opt/airflow/dags/permission_fixer_dag.py
[2025-05-01T02:03:58.412+0000] {processor.py:914} INFO - Processing file /opt/airflow/dags/permission_fixer_dag.py for tasks to queue
[2025-05-01T02:03:58.413+0000] {logging_mixin.py:190} INFO - [2025-05-01T02:03:58.413+0000] {dagbag.py:588} INFO - Filling up the DagBag from /opt/airflow/dags/permission_fixer_dag.py
[2025-05-01T02:03:58.422+0000] {logging_mixin.py:190} INFO - [2025-05-01T02:03:58.422+0000] {templater.py:94} ERROR - Failed to resolve template field 'bash_command'
Traceback (most recent call last):
  File "/home/airflow/.local/lib/python3.12/site-packages/airflow/template/templater.py", line 92, in resolve_template_files
    setattr(self, field, env.loader.get_source(env, content)[0])  # type: ignore
                         ^^^^^^^^^^^^^^^^^^^^^^^^^^^^^^^^^^^
  File "/home/airflow/.local/lib/python3.12/site-packages/jinja2/loaders.py", line 209, in get_source
    raise TemplateNotFound(
jinja2.exceptions.TemplateNotFound: 'bash /opt/airflow/scripts/bash/permissions.sh' not found in search path: '/opt/airflow/dags'
[2025-05-01T02:03:58.423+0000] {processor.py:925} INFO - DAG(s) 'fix_permissions_dag' retrieved from /opt/airflow/dags/permission_fixer_dag.py
[2025-05-01T02:03:58.439+0000] {logging_mixin.py:190} INFO - [2025-05-01T02:03:58.439+0000] {dag.py:3239} INFO - Sync 1 DAGs
[2025-05-01T02:03:58.452+0000] {logging_mixin.py:190} INFO - [2025-05-01T02:03:58.451+0000] {dag.py:4180} INFO - Setting next_dagrun for fix_permissions_dag to 2025-05-01 02:00:00+00:00, run_after=2025-05-01 03:00:00+00:00
[2025-05-01T02:03:58.460+0000] {processor.py:208} INFO - Processing /opt/airflow/dags/permission_fixer_dag.py took 0.057 seconds
[2025-05-01T02:04:28.636+0000] {processor.py:186} INFO - Started process (PID=644) to work on /opt/airflow/dags/permission_fixer_dag.py
[2025-05-01T02:04:28.636+0000] {processor.py:914} INFO - Processing file /opt/airflow/dags/permission_fixer_dag.py for tasks to queue
[2025-05-01T02:04:28.637+0000] {logging_mixin.py:190} INFO - [2025-05-01T02:04:28.637+0000] {dagbag.py:588} INFO - Filling up the DagBag from /opt/airflow/dags/permission_fixer_dag.py
[2025-05-01T02:04:28.645+0000] {logging_mixin.py:190} INFO - [2025-05-01T02:04:28.644+0000] {templater.py:94} ERROR - Failed to resolve template field 'bash_command'
Traceback (most recent call last):
  File "/home/airflow/.local/lib/python3.12/site-packages/airflow/template/templater.py", line 92, in resolve_template_files
    setattr(self, field, env.loader.get_source(env, content)[0])  # type: ignore
                         ^^^^^^^^^^^^^^^^^^^^^^^^^^^^^^^^^^^
  File "/home/airflow/.local/lib/python3.12/site-packages/jinja2/loaders.py", line 209, in get_source
    raise TemplateNotFound(
jinja2.exceptions.TemplateNotFound: 'bash /opt/airflow/scripts/bash/permissions.sh' not found in search path: '/opt/airflow/dags'
[2025-05-01T02:04:28.646+0000] {processor.py:925} INFO - DAG(s) 'fix_permissions_dag' retrieved from /opt/airflow/dags/permission_fixer_dag.py
[2025-05-01T02:04:28.660+0000] {logging_mixin.py:190} INFO - [2025-05-01T02:04:28.660+0000] {dag.py:3239} INFO - Sync 1 DAGs
[2025-05-01T02:04:28.672+0000] {logging_mixin.py:190} INFO - [2025-05-01T02:04:28.672+0000] {dag.py:4180} INFO - Setting next_dagrun for fix_permissions_dag to 2025-05-01 02:00:00+00:00, run_after=2025-05-01 03:00:00+00:00
[2025-05-01T02:04:28.680+0000] {processor.py:208} INFO - Processing /opt/airflow/dags/permission_fixer_dag.py took 0.048 seconds
[2025-05-01T02:04:58.843+0000] {processor.py:186} INFO - Started process (PID=646) to work on /opt/airflow/dags/permission_fixer_dag.py
[2025-05-01T02:04:58.843+0000] {processor.py:914} INFO - Processing file /opt/airflow/dags/permission_fixer_dag.py for tasks to queue
[2025-05-01T02:04:58.844+0000] {logging_mixin.py:190} INFO - [2025-05-01T02:04:58.844+0000] {dagbag.py:588} INFO - Filling up the DagBag from /opt/airflow/dags/permission_fixer_dag.py
[2025-05-01T02:04:58.850+0000] {logging_mixin.py:190} INFO - [2025-05-01T02:04:58.850+0000] {templater.py:94} ERROR - Failed to resolve template field 'bash_command'
Traceback (most recent call last):
  File "/home/airflow/.local/lib/python3.12/site-packages/airflow/template/templater.py", line 92, in resolve_template_files
    setattr(self, field, env.loader.get_source(env, content)[0])  # type: ignore
                         ^^^^^^^^^^^^^^^^^^^^^^^^^^^^^^^^^^^
  File "/home/airflow/.local/lib/python3.12/site-packages/jinja2/loaders.py", line 209, in get_source
    raise TemplateNotFound(
jinja2.exceptions.TemplateNotFound: 'bash /opt/airflow/scripts/bash/permissions.sh' not found in search path: '/opt/airflow/dags'
[2025-05-01T02:04:58.851+0000] {processor.py:925} INFO - DAG(s) 'fix_permissions_dag' retrieved from /opt/airflow/dags/permission_fixer_dag.py
[2025-05-01T02:04:58.863+0000] {logging_mixin.py:190} INFO - [2025-05-01T02:04:58.863+0000] {dag.py:3239} INFO - Sync 1 DAGs
[2025-05-01T02:04:58.875+0000] {logging_mixin.py:190} INFO - [2025-05-01T02:04:58.875+0000] {dag.py:4180} INFO - Setting next_dagrun for fix_permissions_dag to 2025-05-01 02:00:00+00:00, run_after=2025-05-01 03:00:00+00:00
[2025-05-01T02:04:58.884+0000] {processor.py:208} INFO - Processing /opt/airflow/dags/permission_fixer_dag.py took 0.045 seconds
[2025-05-01T02:05:29.072+0000] {processor.py:186} INFO - Started process (PID=648) to work on /opt/airflow/dags/permission_fixer_dag.py
[2025-05-01T02:05:29.072+0000] {processor.py:914} INFO - Processing file /opt/airflow/dags/permission_fixer_dag.py for tasks to queue
[2025-05-01T02:05:29.073+0000] {logging_mixin.py:190} INFO - [2025-05-01T02:05:29.073+0000] {dagbag.py:588} INFO - Filling up the DagBag from /opt/airflow/dags/permission_fixer_dag.py
[2025-05-01T02:05:29.081+0000] {logging_mixin.py:190} INFO - [2025-05-01T02:05:29.081+0000] {templater.py:94} ERROR - Failed to resolve template field 'bash_command'
Traceback (most recent call last):
  File "/home/airflow/.local/lib/python3.12/site-packages/airflow/template/templater.py", line 92, in resolve_template_files
    setattr(self, field, env.loader.get_source(env, content)[0])  # type: ignore
                         ^^^^^^^^^^^^^^^^^^^^^^^^^^^^^^^^^^^
  File "/home/airflow/.local/lib/python3.12/site-packages/jinja2/loaders.py", line 209, in get_source
    raise TemplateNotFound(
jinja2.exceptions.TemplateNotFound: 'bash /opt/airflow/scripts/bash/permissions.sh' not found in search path: '/opt/airflow/dags'
[2025-05-01T02:05:29.083+0000] {processor.py:925} INFO - DAG(s) 'fix_permissions_dag' retrieved from /opt/airflow/dags/permission_fixer_dag.py
[2025-05-01T02:05:29.097+0000] {logging_mixin.py:190} INFO - [2025-05-01T02:05:29.097+0000] {dag.py:3239} INFO - Sync 1 DAGs
[2025-05-01T02:05:29.109+0000] {logging_mixin.py:190} INFO - [2025-05-01T02:05:29.109+0000] {dag.py:4180} INFO - Setting next_dagrun for fix_permissions_dag to 2025-05-01 02:00:00+00:00, run_after=2025-05-01 03:00:00+00:00
[2025-05-01T02:05:29.120+0000] {processor.py:208} INFO - Processing /opt/airflow/dags/permission_fixer_dag.py took 0.052 seconds
[2025-05-01T02:05:59.298+0000] {processor.py:186} INFO - Started process (PID=650) to work on /opt/airflow/dags/permission_fixer_dag.py
[2025-05-01T02:05:59.299+0000] {processor.py:914} INFO - Processing file /opt/airflow/dags/permission_fixer_dag.py for tasks to queue
[2025-05-01T02:05:59.299+0000] {logging_mixin.py:190} INFO - [2025-05-01T02:05:59.299+0000] {dagbag.py:588} INFO - Filling up the DagBag from /opt/airflow/dags/permission_fixer_dag.py
[2025-05-01T02:05:59.308+0000] {logging_mixin.py:190} INFO - [2025-05-01T02:05:59.307+0000] {templater.py:94} ERROR - Failed to resolve template field 'bash_command'
Traceback (most recent call last):
  File "/home/airflow/.local/lib/python3.12/site-packages/airflow/template/templater.py", line 92, in resolve_template_files
    setattr(self, field, env.loader.get_source(env, content)[0])  # type: ignore
                         ^^^^^^^^^^^^^^^^^^^^^^^^^^^^^^^^^^^
  File "/home/airflow/.local/lib/python3.12/site-packages/jinja2/loaders.py", line 209, in get_source
    raise TemplateNotFound(
jinja2.exceptions.TemplateNotFound: 'bash /opt/airflow/scripts/bash/permissions.sh' not found in search path: '/opt/airflow/dags'
[2025-05-01T02:05:59.309+0000] {processor.py:925} INFO - DAG(s) 'fix_permissions_dag' retrieved from /opt/airflow/dags/permission_fixer_dag.py
[2025-05-01T02:05:59.326+0000] {logging_mixin.py:190} INFO - [2025-05-01T02:05:59.326+0000] {dag.py:3239} INFO - Sync 1 DAGs
[2025-05-01T02:05:59.338+0000] {logging_mixin.py:190} INFO - [2025-05-01T02:05:59.338+0000] {dag.py:4180} INFO - Setting next_dagrun for fix_permissions_dag to 2025-05-01 02:00:00+00:00, run_after=2025-05-01 03:00:00+00:00
[2025-05-01T02:05:59.345+0000] {processor.py:208} INFO - Processing /opt/airflow/dags/permission_fixer_dag.py took 0.051 seconds
[2025-05-01T02:06:29.480+0000] {processor.py:186} INFO - Started process (PID=652) to work on /opt/airflow/dags/permission_fixer_dag.py
[2025-05-01T02:06:29.481+0000] {processor.py:914} INFO - Processing file /opt/airflow/dags/permission_fixer_dag.py for tasks to queue
[2025-05-01T02:06:29.482+0000] {logging_mixin.py:190} INFO - [2025-05-01T02:06:29.482+0000] {dagbag.py:588} INFO - Filling up the DagBag from /opt/airflow/dags/permission_fixer_dag.py
[2025-05-01T02:06:29.490+0000] {logging_mixin.py:190} INFO - [2025-05-01T02:06:29.490+0000] {templater.py:94} ERROR - Failed to resolve template field 'bash_command'
Traceback (most recent call last):
  File "/home/airflow/.local/lib/python3.12/site-packages/airflow/template/templater.py", line 92, in resolve_template_files
    setattr(self, field, env.loader.get_source(env, content)[0])  # type: ignore
                         ^^^^^^^^^^^^^^^^^^^^^^^^^^^^^^^^^^^
  File "/home/airflow/.local/lib/python3.12/site-packages/jinja2/loaders.py", line 209, in get_source
    raise TemplateNotFound(
jinja2.exceptions.TemplateNotFound: 'bash /opt/airflow/scripts/bash/permissions.sh' not found in search path: '/opt/airflow/dags'
[2025-05-01T02:06:29.492+0000] {processor.py:925} INFO - DAG(s) 'fix_permissions_dag' retrieved from /opt/airflow/dags/permission_fixer_dag.py
[2025-05-01T02:06:29.509+0000] {logging_mixin.py:190} INFO - [2025-05-01T02:06:29.508+0000] {dag.py:3239} INFO - Sync 1 DAGs
[2025-05-01T02:06:29.522+0000] {logging_mixin.py:190} INFO - [2025-05-01T02:06:29.522+0000] {dag.py:4180} INFO - Setting next_dagrun for fix_permissions_dag to 2025-05-01 02:00:00+00:00, run_after=2025-05-01 03:00:00+00:00
[2025-05-01T02:06:29.533+0000] {processor.py:208} INFO - Processing /opt/airflow/dags/permission_fixer_dag.py took 0.056 seconds
[2025-05-01T02:06:59.731+0000] {processor.py:186} INFO - Started process (PID=654) to work on /opt/airflow/dags/permission_fixer_dag.py
[2025-05-01T02:06:59.732+0000] {processor.py:914} INFO - Processing file /opt/airflow/dags/permission_fixer_dag.py for tasks to queue
[2025-05-01T02:06:59.733+0000] {logging_mixin.py:190} INFO - [2025-05-01T02:06:59.733+0000] {dagbag.py:588} INFO - Filling up the DagBag from /opt/airflow/dags/permission_fixer_dag.py
[2025-05-01T02:06:59.741+0000] {logging_mixin.py:190} INFO - [2025-05-01T02:06:59.741+0000] {templater.py:94} ERROR - Failed to resolve template field 'bash_command'
Traceback (most recent call last):
  File "/home/airflow/.local/lib/python3.12/site-packages/airflow/template/templater.py", line 92, in resolve_template_files
    setattr(self, field, env.loader.get_source(env, content)[0])  # type: ignore
                         ^^^^^^^^^^^^^^^^^^^^^^^^^^^^^^^^^^^
  File "/home/airflow/.local/lib/python3.12/site-packages/jinja2/loaders.py", line 209, in get_source
    raise TemplateNotFound(
jinja2.exceptions.TemplateNotFound: 'bash /opt/airflow/scripts/bash/permissions.sh' not found in search path: '/opt/airflow/dags'
[2025-05-01T02:06:59.743+0000] {processor.py:925} INFO - DAG(s) 'fix_permissions_dag' retrieved from /opt/airflow/dags/permission_fixer_dag.py
[2025-05-01T02:06:59.757+0000] {logging_mixin.py:190} INFO - [2025-05-01T02:06:59.756+0000] {dag.py:3239} INFO - Sync 1 DAGs
[2025-05-01T02:06:59.767+0000] {logging_mixin.py:190} INFO - [2025-05-01T02:06:59.767+0000] {dag.py:4180} INFO - Setting next_dagrun for fix_permissions_dag to 2025-05-01 02:00:00+00:00, run_after=2025-05-01 03:00:00+00:00
[2025-05-01T02:06:59.774+0000] {processor.py:208} INFO - Processing /opt/airflow/dags/permission_fixer_dag.py took 0.047 seconds
[2025-05-01T02:07:29.917+0000] {processor.py:186} INFO - Started process (PID=656) to work on /opt/airflow/dags/permission_fixer_dag.py
[2025-05-01T02:07:29.918+0000] {processor.py:914} INFO - Processing file /opt/airflow/dags/permission_fixer_dag.py for tasks to queue
[2025-05-01T02:07:29.918+0000] {logging_mixin.py:190} INFO - [2025-05-01T02:07:29.918+0000] {dagbag.py:588} INFO - Filling up the DagBag from /opt/airflow/dags/permission_fixer_dag.py
[2025-05-01T02:07:29.925+0000] {logging_mixin.py:190} INFO - [2025-05-01T02:07:29.924+0000] {templater.py:94} ERROR - Failed to resolve template field 'bash_command'
Traceback (most recent call last):
  File "/home/airflow/.local/lib/python3.12/site-packages/airflow/template/templater.py", line 92, in resolve_template_files
    setattr(self, field, env.loader.get_source(env, content)[0])  # type: ignore
                         ^^^^^^^^^^^^^^^^^^^^^^^^^^^^^^^^^^^
  File "/home/airflow/.local/lib/python3.12/site-packages/jinja2/loaders.py", line 209, in get_source
    raise TemplateNotFound(
jinja2.exceptions.TemplateNotFound: 'bash /opt/airflow/scripts/bash/permissions.sh' not found in search path: '/opt/airflow/dags'
[2025-05-01T02:07:29.926+0000] {processor.py:925} INFO - DAG(s) 'fix_permissions_dag' retrieved from /opt/airflow/dags/permission_fixer_dag.py
[2025-05-01T02:07:29.939+0000] {logging_mixin.py:190} INFO - [2025-05-01T02:07:29.939+0000] {dag.py:3239} INFO - Sync 1 DAGs
[2025-05-01T02:07:29.950+0000] {logging_mixin.py:190} INFO - [2025-05-01T02:07:29.950+0000] {dag.py:4180} INFO - Setting next_dagrun for fix_permissions_dag to 2025-05-01 02:00:00+00:00, run_after=2025-05-01 03:00:00+00:00
[2025-05-01T02:07:29.959+0000] {processor.py:208} INFO - Processing /opt/airflow/dags/permission_fixer_dag.py took 0.046 seconds
[2025-05-01T02:08:00.089+0000] {processor.py:186} INFO - Started process (PID=658) to work on /opt/airflow/dags/permission_fixer_dag.py
[2025-05-01T02:08:00.090+0000] {processor.py:914} INFO - Processing file /opt/airflow/dags/permission_fixer_dag.py for tasks to queue
[2025-05-01T02:08:00.091+0000] {logging_mixin.py:190} INFO - [2025-05-01T02:08:00.091+0000] {dagbag.py:588} INFO - Filling up the DagBag from /opt/airflow/dags/permission_fixer_dag.py
[2025-05-01T02:08:00.100+0000] {logging_mixin.py:190} INFO - [2025-05-01T02:08:00.099+0000] {templater.py:94} ERROR - Failed to resolve template field 'bash_command'
Traceback (most recent call last):
  File "/home/airflow/.local/lib/python3.12/site-packages/airflow/template/templater.py", line 92, in resolve_template_files
    setattr(self, field, env.loader.get_source(env, content)[0])  # type: ignore
                         ^^^^^^^^^^^^^^^^^^^^^^^^^^^^^^^^^^^
  File "/home/airflow/.local/lib/python3.12/site-packages/jinja2/loaders.py", line 209, in get_source
    raise TemplateNotFound(
jinja2.exceptions.TemplateNotFound: 'bash /opt/airflow/scripts/bash/permissions.sh' not found in search path: '/opt/airflow/dags'
[2025-05-01T02:08:00.102+0000] {processor.py:925} INFO - DAG(s) 'fix_permissions_dag' retrieved from /opt/airflow/dags/permission_fixer_dag.py
[2025-05-01T02:08:00.118+0000] {logging_mixin.py:190} INFO - [2025-05-01T02:08:00.118+0000] {dag.py:3239} INFO - Sync 1 DAGs
[2025-05-01T02:08:00.130+0000] {logging_mixin.py:190} INFO - [2025-05-01T02:08:00.130+0000] {dag.py:4180} INFO - Setting next_dagrun for fix_permissions_dag to 2025-05-01 02:00:00+00:00, run_after=2025-05-01 03:00:00+00:00
[2025-05-01T02:08:00.139+0000] {processor.py:208} INFO - Processing /opt/airflow/dags/permission_fixer_dag.py took 0.055 seconds
[2025-05-01T02:08:19.238+0000] {processor.py:186} INFO - Started process (PID=660) to work on /opt/airflow/dags/permission_fixer_dag.py
[2025-05-01T02:08:19.239+0000] {processor.py:914} INFO - Processing file /opt/airflow/dags/permission_fixer_dag.py for tasks to queue
[2025-05-01T02:08:19.239+0000] {logging_mixin.py:190} INFO - [2025-05-01T02:08:19.239+0000] {dagbag.py:588} INFO - Filling up the DagBag from /opt/airflow/dags/permission_fixer_dag.py
[2025-05-01T02:08:19.248+0000] {logging_mixin.py:190} INFO - [2025-05-01T02:08:19.247+0000] {templater.py:94} ERROR - Failed to resolve template field 'bash_command'
Traceback (most recent call last):
  File "/home/airflow/.local/lib/python3.12/site-packages/airflow/template/templater.py", line 92, in resolve_template_files
    setattr(self, field, env.loader.get_source(env, content)[0])  # type: ignore
                         ^^^^^^^^^^^^^^^^^^^^^^^^^^^^^^^^^^^
  File "/home/airflow/.local/lib/python3.12/site-packages/jinja2/loaders.py", line 209, in get_source
    raise TemplateNotFound(
jinja2.exceptions.TemplateNotFound: 'bash /opt/airflow/scripts/bash/permissions.sh' not found in search path: '/opt/airflow/dags'
[2025-05-01T02:08:19.249+0000] {processor.py:925} INFO - DAG(s) 'fix_permissions_dag' retrieved from /opt/airflow/dags/permission_fixer_dag.py
[2025-05-01T02:08:19.261+0000] {logging_mixin.py:190} INFO - [2025-05-01T02:08:19.261+0000] {dag.py:3239} INFO - Sync 1 DAGs
[2025-05-01T02:08:19.271+0000] {logging_mixin.py:190} INFO - [2025-05-01T02:08:19.271+0000] {dag.py:4180} INFO - Setting next_dagrun for fix_permissions_dag to 2025-05-01 02:00:00+00:00, run_after=2025-05-01 03:00:00+00:00
[2025-05-01T02:08:19.279+0000] {processor.py:208} INFO - Processing /opt/airflow/dags/permission_fixer_dag.py took 0.043 seconds
[2025-05-01T02:08:29.303+0000] {processor.py:186} INFO - Started process (PID=661) to work on /opt/airflow/dags/permission_fixer_dag.py
[2025-05-01T02:08:29.304+0000] {processor.py:914} INFO - Processing file /opt/airflow/dags/permission_fixer_dag.py for tasks to queue
[2025-05-01T02:08:29.305+0000] {logging_mixin.py:190} INFO - [2025-05-01T02:08:29.304+0000] {dagbag.py:588} INFO - Filling up the DagBag from /opt/airflow/dags/permission_fixer_dag.py
[2025-05-01T02:08:29.313+0000] {logging_mixin.py:190} INFO - [2025-05-01T02:08:29.313+0000] {templater.py:94} ERROR - Failed to resolve template field 'bash_command'
Traceback (most recent call last):
  File "/home/airflow/.local/lib/python3.12/site-packages/airflow/template/templater.py", line 92, in resolve_template_files
    setattr(self, field, env.loader.get_source(env, content)[0])  # type: ignore
                         ^^^^^^^^^^^^^^^^^^^^^^^^^^^^^^^^^^^
  File "/home/airflow/.local/lib/python3.12/site-packages/jinja2/loaders.py", line 209, in get_source
    raise TemplateNotFound(
jinja2.exceptions.TemplateNotFound: 'bash /opt/airflow/scripts/bash/permissions.sh' not found in search path: '/opt/airflow/dags'
[2025-05-01T02:08:29.315+0000] {processor.py:925} INFO - DAG(s) 'fix_permissions_dag' retrieved from /opt/airflow/dags/permission_fixer_dag.py
[2025-05-01T02:08:29.329+0000] {logging_mixin.py:190} INFO - [2025-05-01T02:08:29.329+0000] {dag.py:3239} INFO - Sync 1 DAGs
[2025-05-01T02:08:29.340+0000] {logging_mixin.py:190} INFO - [2025-05-01T02:08:29.340+0000] {dag.py:4180} INFO - Setting next_dagrun for fix_permissions_dag to 2025-05-01 02:00:00+00:00, run_after=2025-05-01 03:00:00+00:00
[2025-05-01T02:08:29.348+0000] {processor.py:208} INFO - Processing /opt/airflow/dags/permission_fixer_dag.py took 0.048 seconds
[2025-05-01T02:08:34.379+0000] {processor.py:186} INFO - Started process (PID=663) to work on /opt/airflow/dags/permission_fixer_dag.py
[2025-05-01T02:08:34.379+0000] {processor.py:914} INFO - Processing file /opt/airflow/dags/permission_fixer_dag.py for tasks to queue
[2025-05-01T02:08:34.380+0000] {logging_mixin.py:190} INFO - [2025-05-01T02:08:34.380+0000] {dagbag.py:588} INFO - Filling up the DagBag from /opt/airflow/dags/permission_fixer_dag.py
[2025-05-01T02:08:34.389+0000] {logging_mixin.py:190} INFO - [2025-05-01T02:08:34.388+0000] {templater.py:94} ERROR - Failed to resolve template field 'bash_command'
Traceback (most recent call last):
  File "/home/airflow/.local/lib/python3.12/site-packages/airflow/template/templater.py", line 92, in resolve_template_files
    setattr(self, field, env.loader.get_source(env, content)[0])  # type: ignore
                         ^^^^^^^^^^^^^^^^^^^^^^^^^^^^^^^^^^^
  File "/home/airflow/.local/lib/python3.12/site-packages/jinja2/loaders.py", line 209, in get_source
    raise TemplateNotFound(
jinja2.exceptions.TemplateNotFound: 'bash /opt/airflow/scripts/bash/permissions.sh' not found in search path: '/opt/airflow/dags'
[2025-05-01T02:08:34.390+0000] {processor.py:925} INFO - DAG(s) 'fix_permissions_dag' retrieved from /opt/airflow/dags/permission_fixer_dag.py
[2025-05-01T02:08:34.402+0000] {logging_mixin.py:190} INFO - [2025-05-01T02:08:34.402+0000] {dag.py:3239} INFO - Sync 1 DAGs
[2025-05-01T02:08:34.412+0000] {logging_mixin.py:190} INFO - [2025-05-01T02:08:34.412+0000] {dag.py:4180} INFO - Setting next_dagrun for fix_permissions_dag to 2025-05-01 02:00:00+00:00, run_after=2025-05-01 03:00:00+00:00
[2025-05-01T02:08:34.418+0000] {processor.py:208} INFO - Processing /opt/airflow/dags/permission_fixer_dag.py took 0.043 seconds
[2025-05-01T02:09:04.542+0000] {processor.py:186} INFO - Started process (PID=665) to work on /opt/airflow/dags/permission_fixer_dag.py
[2025-05-01T02:09:04.542+0000] {processor.py:914} INFO - Processing file /opt/airflow/dags/permission_fixer_dag.py for tasks to queue
[2025-05-01T02:09:04.543+0000] {logging_mixin.py:190} INFO - [2025-05-01T02:09:04.542+0000] {dagbag.py:588} INFO - Filling up the DagBag from /opt/airflow/dags/permission_fixer_dag.py
[2025-05-01T02:09:04.551+0000] {logging_mixin.py:190} INFO - [2025-05-01T02:09:04.551+0000] {templater.py:94} ERROR - Failed to resolve template field 'bash_command'
Traceback (most recent call last):
  File "/home/airflow/.local/lib/python3.12/site-packages/airflow/template/templater.py", line 92, in resolve_template_files
    setattr(self, field, env.loader.get_source(env, content)[0])  # type: ignore
                         ^^^^^^^^^^^^^^^^^^^^^^^^^^^^^^^^^^^
  File "/home/airflow/.local/lib/python3.12/site-packages/jinja2/loaders.py", line 209, in get_source
    raise TemplateNotFound(
jinja2.exceptions.TemplateNotFound: 'bash /opt/airflow/scripts/bash/permissions.sh' not found in search path: '/opt/airflow/dags'
[2025-05-01T02:09:04.552+0000] {processor.py:925} INFO - DAG(s) 'fix_permissions_dag' retrieved from /opt/airflow/dags/permission_fixer_dag.py
[2025-05-01T02:09:04.564+0000] {logging_mixin.py:190} INFO - [2025-05-01T02:09:04.564+0000] {dag.py:3239} INFO - Sync 1 DAGs
[2025-05-01T02:09:04.577+0000] {logging_mixin.py:190} INFO - [2025-05-01T02:09:04.577+0000] {dag.py:4180} INFO - Setting next_dagrun for fix_permissions_dag to 2025-05-01 02:00:00+00:00, run_after=2025-05-01 03:00:00+00:00
[2025-05-01T02:09:04.584+0000] {processor.py:208} INFO - Processing /opt/airflow/dags/permission_fixer_dag.py took 0.047 seconds
[2025-05-01T02:09:34.719+0000] {processor.py:186} INFO - Started process (PID=667) to work on /opt/airflow/dags/permission_fixer_dag.py
[2025-05-01T02:09:34.719+0000] {processor.py:914} INFO - Processing file /opt/airflow/dags/permission_fixer_dag.py for tasks to queue
[2025-05-01T02:09:34.720+0000] {logging_mixin.py:190} INFO - [2025-05-01T02:09:34.720+0000] {dagbag.py:588} INFO - Filling up the DagBag from /opt/airflow/dags/permission_fixer_dag.py
[2025-05-01T02:09:34.727+0000] {logging_mixin.py:190} INFO - [2025-05-01T02:09:34.726+0000] {templater.py:94} ERROR - Failed to resolve template field 'bash_command'
Traceback (most recent call last):
  File "/home/airflow/.local/lib/python3.12/site-packages/airflow/template/templater.py", line 92, in resolve_template_files
    setattr(self, field, env.loader.get_source(env, content)[0])  # type: ignore
                         ^^^^^^^^^^^^^^^^^^^^^^^^^^^^^^^^^^^
  File "/home/airflow/.local/lib/python3.12/site-packages/jinja2/loaders.py", line 209, in get_source
    raise TemplateNotFound(
jinja2.exceptions.TemplateNotFound: 'bash /opt/airflow/scripts/bash/permissions.sh' not found in search path: '/opt/airflow/dags'
[2025-05-01T02:09:34.728+0000] {processor.py:925} INFO - DAG(s) 'fix_permissions_dag' retrieved from /opt/airflow/dags/permission_fixer_dag.py
[2025-05-01T02:09:34.740+0000] {logging_mixin.py:190} INFO - [2025-05-01T02:09:34.740+0000] {dag.py:3239} INFO - Sync 1 DAGs
[2025-05-01T02:09:34.750+0000] {logging_mixin.py:190} INFO - [2025-05-01T02:09:34.750+0000] {dag.py:4180} INFO - Setting next_dagrun for fix_permissions_dag to 2025-05-01 01:00:00+00:00, run_after=2025-05-01 02:00:00+00:00
[2025-05-01T02:09:34.759+0000] {processor.py:208} INFO - Processing /opt/airflow/dags/permission_fixer_dag.py took 0.043 seconds
[2025-05-01T02:10:04.874+0000] {processor.py:186} INFO - Started process (PID=669) to work on /opt/airflow/dags/permission_fixer_dag.py
[2025-05-01T02:10:04.874+0000] {processor.py:914} INFO - Processing file /opt/airflow/dags/permission_fixer_dag.py for tasks to queue
[2025-05-01T02:10:04.875+0000] {logging_mixin.py:190} INFO - [2025-05-01T02:10:04.875+0000] {dagbag.py:588} INFO - Filling up the DagBag from /opt/airflow/dags/permission_fixer_dag.py
[2025-05-01T02:10:04.883+0000] {logging_mixin.py:190} INFO - [2025-05-01T02:10:04.882+0000] {templater.py:94} ERROR - Failed to resolve template field 'bash_command'
Traceback (most recent call last):
  File "/home/airflow/.local/lib/python3.12/site-packages/airflow/template/templater.py", line 92, in resolve_template_files
    setattr(self, field, env.loader.get_source(env, content)[0])  # type: ignore
                         ^^^^^^^^^^^^^^^^^^^^^^^^^^^^^^^^^^^
  File "/home/airflow/.local/lib/python3.12/site-packages/jinja2/loaders.py", line 209, in get_source
    raise TemplateNotFound(
jinja2.exceptions.TemplateNotFound: 'bash /opt/airflow/scripts/bash/permissions.sh' not found in search path: '/opt/airflow/dags'
[2025-05-01T02:10:04.884+0000] {processor.py:925} INFO - DAG(s) 'fix_permissions_dag' retrieved from /opt/airflow/dags/permission_fixer_dag.py
[2025-05-01T02:10:04.899+0000] {logging_mixin.py:190} INFO - [2025-05-01T02:10:04.899+0000] {dag.py:3239} INFO - Sync 1 DAGs
[2025-05-01T02:10:04.910+0000] {logging_mixin.py:190} INFO - [2025-05-01T02:10:04.910+0000] {dag.py:4180} INFO - Setting next_dagrun for fix_permissions_dag to 2025-05-01 02:00:00+00:00, run_after=2025-05-01 03:00:00+00:00
[2025-05-01T02:10:04.920+0000] {processor.py:208} INFO - Processing /opt/airflow/dags/permission_fixer_dag.py took 0.050 seconds
[2025-05-01T02:10:35.035+0000] {processor.py:186} INFO - Started process (PID=670) to work on /opt/airflow/dags/permission_fixer_dag.py
[2025-05-01T02:10:35.036+0000] {processor.py:914} INFO - Processing file /opt/airflow/dags/permission_fixer_dag.py for tasks to queue
[2025-05-01T02:10:35.036+0000] {logging_mixin.py:190} INFO - [2025-05-01T02:10:35.036+0000] {dagbag.py:588} INFO - Filling up the DagBag from /opt/airflow/dags/permission_fixer_dag.py
[2025-05-01T02:10:35.043+0000] {logging_mixin.py:190} INFO - [2025-05-01T02:10:35.043+0000] {templater.py:94} ERROR - Failed to resolve template field 'bash_command'
Traceback (most recent call last):
  File "/home/airflow/.local/lib/python3.12/site-packages/airflow/template/templater.py", line 92, in resolve_template_files
    setattr(self, field, env.loader.get_source(env, content)[0])  # type: ignore
                         ^^^^^^^^^^^^^^^^^^^^^^^^^^^^^^^^^^^
  File "/home/airflow/.local/lib/python3.12/site-packages/jinja2/loaders.py", line 209, in get_source
    raise TemplateNotFound(
jinja2.exceptions.TemplateNotFound: 'bash /opt/airflow/scripts/bash/permissions.sh' not found in search path: '/opt/airflow/dags'
[2025-05-01T02:10:35.045+0000] {processor.py:925} INFO - DAG(s) 'fix_permissions_dag' retrieved from /opt/airflow/dags/permission_fixer_dag.py
[2025-05-01T02:10:35.058+0000] {logging_mixin.py:190} INFO - [2025-05-01T02:10:35.058+0000] {dag.py:3239} INFO - Sync 1 DAGs
[2025-05-01T02:10:35.069+0000] {logging_mixin.py:190} INFO - [2025-05-01T02:10:35.069+0000] {dag.py:4180} INFO - Setting next_dagrun for fix_permissions_dag to 2025-05-01 01:00:00+00:00, run_after=2025-05-01 02:00:00+00:00
[2025-05-01T02:10:35.076+0000] {processor.py:208} INFO - Processing /opt/airflow/dags/permission_fixer_dag.py took 0.045 seconds
[2025-05-01T02:11:05.197+0000] {processor.py:186} INFO - Started process (PID=672) to work on /opt/airflow/dags/permission_fixer_dag.py
[2025-05-01T02:11:05.198+0000] {processor.py:914} INFO - Processing file /opt/airflow/dags/permission_fixer_dag.py for tasks to queue
[2025-05-01T02:11:05.199+0000] {logging_mixin.py:190} INFO - [2025-05-01T02:11:05.198+0000] {dagbag.py:588} INFO - Filling up the DagBag from /opt/airflow/dags/permission_fixer_dag.py
[2025-05-01T02:11:05.207+0000] {logging_mixin.py:190} INFO - [2025-05-01T02:11:05.207+0000] {templater.py:94} ERROR - Failed to resolve template field 'bash_command'
Traceback (most recent call last):
  File "/home/airflow/.local/lib/python3.12/site-packages/airflow/template/templater.py", line 92, in resolve_template_files
    setattr(self, field, env.loader.get_source(env, content)[0])  # type: ignore
                         ^^^^^^^^^^^^^^^^^^^^^^^^^^^^^^^^^^^
  File "/home/airflow/.local/lib/python3.12/site-packages/jinja2/loaders.py", line 209, in get_source
    raise TemplateNotFound(
jinja2.exceptions.TemplateNotFound: 'bash /opt/airflow/scripts/bash/permissions.sh' not found in search path: '/opt/airflow/dags'
[2025-05-01T02:11:05.209+0000] {processor.py:925} INFO - DAG(s) 'fix_permissions_dag' retrieved from /opt/airflow/dags/permission_fixer_dag.py
[2025-05-01T02:11:05.223+0000] {logging_mixin.py:190} INFO - [2025-05-01T02:11:05.223+0000] {dag.py:3239} INFO - Sync 1 DAGs
[2025-05-01T02:11:05.236+0000] {logging_mixin.py:190} INFO - [2025-05-01T02:11:05.236+0000] {dag.py:4180} INFO - Setting next_dagrun for fix_permissions_dag to 2025-05-01 02:00:00+00:00, run_after=2025-05-01 03:00:00+00:00
[2025-05-01T02:11:05.246+0000] {processor.py:208} INFO - Processing /opt/airflow/dags/permission_fixer_dag.py took 0.054 seconds
[2025-05-01T02:11:35.368+0000] {processor.py:186} INFO - Started process (PID=674) to work on /opt/airflow/dags/permission_fixer_dag.py
[2025-05-01T02:11:35.371+0000] {processor.py:914} INFO - Processing file /opt/airflow/dags/permission_fixer_dag.py for tasks to queue
[2025-05-01T02:11:35.371+0000] {logging_mixin.py:190} INFO - [2025-05-01T02:11:35.371+0000] {dagbag.py:588} INFO - Filling up the DagBag from /opt/airflow/dags/permission_fixer_dag.py
[2025-05-01T02:11:35.379+0000] {logging_mixin.py:190} INFO - [2025-05-01T02:11:35.378+0000] {templater.py:94} ERROR - Failed to resolve template field 'bash_command'
Traceback (most recent call last):
  File "/home/airflow/.local/lib/python3.12/site-packages/airflow/template/templater.py", line 92, in resolve_template_files
    setattr(self, field, env.loader.get_source(env, content)[0])  # type: ignore
                         ^^^^^^^^^^^^^^^^^^^^^^^^^^^^^^^^^^^
  File "/home/airflow/.local/lib/python3.12/site-packages/jinja2/loaders.py", line 209, in get_source
    raise TemplateNotFound(
jinja2.exceptions.TemplateNotFound: 'bash /opt/airflow/scripts/bash/permissions.sh' not found in search path: '/opt/airflow/dags'
[2025-05-01T02:11:35.380+0000] {processor.py:925} INFO - DAG(s) 'fix_permissions_dag' retrieved from /opt/airflow/dags/permission_fixer_dag.py
[2025-05-01T02:11:35.393+0000] {logging_mixin.py:190} INFO - [2025-05-01T02:11:35.393+0000] {dag.py:3239} INFO - Sync 1 DAGs
[2025-05-01T02:11:35.404+0000] {logging_mixin.py:190} INFO - [2025-05-01T02:11:35.404+0000] {dag.py:4180} INFO - Setting next_dagrun for fix_permissions_dag to 2025-05-01 02:00:00+00:00, run_after=2025-05-01 03:00:00+00:00
[2025-05-01T02:11:35.412+0000] {processor.py:208} INFO - Processing /opt/airflow/dags/permission_fixer_dag.py took 0.047 seconds
[2025-05-01T02:12:05.580+0000] {processor.py:186} INFO - Started process (PID=676) to work on /opt/airflow/dags/permission_fixer_dag.py
[2025-05-01T02:12:05.580+0000] {processor.py:914} INFO - Processing file /opt/airflow/dags/permission_fixer_dag.py for tasks to queue
[2025-05-01T02:12:05.581+0000] {logging_mixin.py:190} INFO - [2025-05-01T02:12:05.581+0000] {dagbag.py:588} INFO - Filling up the DagBag from /opt/airflow/dags/permission_fixer_dag.py
[2025-05-01T02:12:05.588+0000] {logging_mixin.py:190} INFO - [2025-05-01T02:12:05.587+0000] {templater.py:94} ERROR - Failed to resolve template field 'bash_command'
Traceback (most recent call last):
  File "/home/airflow/.local/lib/python3.12/site-packages/airflow/template/templater.py", line 92, in resolve_template_files
    setattr(self, field, env.loader.get_source(env, content)[0])  # type: ignore
                         ^^^^^^^^^^^^^^^^^^^^^^^^^^^^^^^^^^^
  File "/home/airflow/.local/lib/python3.12/site-packages/jinja2/loaders.py", line 209, in get_source
    raise TemplateNotFound(
jinja2.exceptions.TemplateNotFound: 'bash /opt/airflow/scripts/bash/permissions.sh' not found in search path: '/opt/airflow/dags'
[2025-05-01T02:12:05.589+0000] {processor.py:925} INFO - DAG(s) 'fix_permissions_dag' retrieved from /opt/airflow/dags/permission_fixer_dag.py
[2025-05-01T02:12:05.602+0000] {logging_mixin.py:190} INFO - [2025-05-01T02:12:05.602+0000] {dag.py:3239} INFO - Sync 1 DAGs
[2025-05-01T02:12:05.613+0000] {logging_mixin.py:190} INFO - [2025-05-01T02:12:05.613+0000] {dag.py:4180} INFO - Setting next_dagrun for fix_permissions_dag to 2025-05-01 02:00:00+00:00, run_after=2025-05-01 03:00:00+00:00
[2025-05-01T02:12:05.622+0000] {processor.py:208} INFO - Processing /opt/airflow/dags/permission_fixer_dag.py took 0.045 seconds
[2025-05-01T02:12:35.793+0000] {processor.py:186} INFO - Started process (PID=678) to work on /opt/airflow/dags/permission_fixer_dag.py
[2025-05-01T02:12:35.794+0000] {processor.py:914} INFO - Processing file /opt/airflow/dags/permission_fixer_dag.py for tasks to queue
[2025-05-01T02:12:35.795+0000] {logging_mixin.py:190} INFO - [2025-05-01T02:12:35.794+0000] {dagbag.py:588} INFO - Filling up the DagBag from /opt/airflow/dags/permission_fixer_dag.py
[2025-05-01T02:12:35.803+0000] {logging_mixin.py:190} INFO - [2025-05-01T02:12:35.802+0000] {templater.py:94} ERROR - Failed to resolve template field 'bash_command'
Traceback (most recent call last):
  File "/home/airflow/.local/lib/python3.12/site-packages/airflow/template/templater.py", line 92, in resolve_template_files
    setattr(self, field, env.loader.get_source(env, content)[0])  # type: ignore
                         ^^^^^^^^^^^^^^^^^^^^^^^^^^^^^^^^^^^
  File "/home/airflow/.local/lib/python3.12/site-packages/jinja2/loaders.py", line 209, in get_source
    raise TemplateNotFound(
jinja2.exceptions.TemplateNotFound: 'bash /opt/airflow/scripts/bash/permissions.sh' not found in search path: '/opt/airflow/dags'
[2025-05-01T02:12:35.804+0000] {processor.py:925} INFO - DAG(s) 'fix_permissions_dag' retrieved from /opt/airflow/dags/permission_fixer_dag.py
[2025-05-01T02:12:35.818+0000] {logging_mixin.py:190} INFO - [2025-05-01T02:12:35.818+0000] {dag.py:3239} INFO - Sync 1 DAGs
[2025-05-01T02:12:35.830+0000] {logging_mixin.py:190} INFO - [2025-05-01T02:12:35.830+0000] {dag.py:4180} INFO - Setting next_dagrun for fix_permissions_dag to 2025-05-01 01:00:00+00:00, run_after=2025-05-01 02:00:00+00:00
[2025-05-01T02:12:35.838+0000] {processor.py:208} INFO - Processing /opt/airflow/dags/permission_fixer_dag.py took 0.049 seconds
[2025-05-01T02:13:06.000+0000] {processor.py:186} INFO - Started process (PID=680) to work on /opt/airflow/dags/permission_fixer_dag.py
[2025-05-01T02:13:06.001+0000] {processor.py:914} INFO - Processing file /opt/airflow/dags/permission_fixer_dag.py for tasks to queue
[2025-05-01T02:13:06.001+0000] {logging_mixin.py:190} INFO - [2025-05-01T02:13:06.001+0000] {dagbag.py:588} INFO - Filling up the DagBag from /opt/airflow/dags/permission_fixer_dag.py
[2025-05-01T02:13:06.009+0000] {logging_mixin.py:190} INFO - [2025-05-01T02:13:06.009+0000] {templater.py:94} ERROR - Failed to resolve template field 'bash_command'
Traceback (most recent call last):
  File "/home/airflow/.local/lib/python3.12/site-packages/airflow/template/templater.py", line 92, in resolve_template_files
    setattr(self, field, env.loader.get_source(env, content)[0])  # type: ignore
                         ^^^^^^^^^^^^^^^^^^^^^^^^^^^^^^^^^^^
  File "/home/airflow/.local/lib/python3.12/site-packages/jinja2/loaders.py", line 209, in get_source
    raise TemplateNotFound(
jinja2.exceptions.TemplateNotFound: 'bash /opt/airflow/scripts/bash/permissions.sh' not found in search path: '/opt/airflow/dags'
[2025-05-01T02:13:06.011+0000] {processor.py:925} INFO - DAG(s) 'fix_permissions_dag' retrieved from /opt/airflow/dags/permission_fixer_dag.py
[2025-05-01T02:13:06.024+0000] {logging_mixin.py:190} INFO - [2025-05-01T02:13:06.024+0000] {dag.py:3239} INFO - Sync 1 DAGs
[2025-05-01T02:13:06.035+0000] {logging_mixin.py:190} INFO - [2025-05-01T02:13:06.035+0000] {dag.py:4180} INFO - Setting next_dagrun for fix_permissions_dag to 2025-05-01 02:00:00+00:00, run_after=2025-05-01 03:00:00+00:00
[2025-05-01T02:13:06.045+0000] {processor.py:208} INFO - Processing /opt/airflow/dags/permission_fixer_dag.py took 0.048 seconds
[2025-05-01T02:13:36.354+0000] {processor.py:186} INFO - Started process (PID=682) to work on /opt/airflow/dags/permission_fixer_dag.py
[2025-05-01T02:13:36.355+0000] {processor.py:914} INFO - Processing file /opt/airflow/dags/permission_fixer_dag.py for tasks to queue
[2025-05-01T02:13:36.356+0000] {logging_mixin.py:190} INFO - [2025-05-01T02:13:36.356+0000] {dagbag.py:588} INFO - Filling up the DagBag from /opt/airflow/dags/permission_fixer_dag.py
[2025-05-01T02:13:36.365+0000] {logging_mixin.py:190} INFO - [2025-05-01T02:13:36.364+0000] {templater.py:94} ERROR - Failed to resolve template field 'bash_command'
Traceback (most recent call last):
  File "/home/airflow/.local/lib/python3.12/site-packages/airflow/template/templater.py", line 92, in resolve_template_files
    setattr(self, field, env.loader.get_source(env, content)[0])  # type: ignore
                         ^^^^^^^^^^^^^^^^^^^^^^^^^^^^^^^^^^^
  File "/home/airflow/.local/lib/python3.12/site-packages/jinja2/loaders.py", line 209, in get_source
    raise TemplateNotFound(
jinja2.exceptions.TemplateNotFound: 'bash /opt/airflow/scripts/bash/permissions.sh' not found in search path: '/opt/airflow/dags'
[2025-05-01T02:13:36.367+0000] {processor.py:925} INFO - DAG(s) 'fix_permissions_dag' retrieved from /opt/airflow/dags/permission_fixer_dag.py
[2025-05-01T02:13:36.383+0000] {logging_mixin.py:190} INFO - [2025-05-01T02:13:36.383+0000] {dag.py:3239} INFO - Sync 1 DAGs
[2025-05-01T02:13:36.394+0000] {logging_mixin.py:190} INFO - [2025-05-01T02:13:36.394+0000] {dag.py:4180} INFO - Setting next_dagrun for fix_permissions_dag to 2025-05-01 02:00:00+00:00, run_after=2025-05-01 03:00:00+00:00
[2025-05-01T02:13:36.401+0000] {processor.py:208} INFO - Processing /opt/airflow/dags/permission_fixer_dag.py took 0.055 seconds
[2025-05-01T02:14:06.768+0000] {processor.py:186} INFO - Started process (PID=684) to work on /opt/airflow/dags/permission_fixer_dag.py
[2025-05-01T02:14:06.768+0000] {processor.py:914} INFO - Processing file /opt/airflow/dags/permission_fixer_dag.py for tasks to queue
[2025-05-01T02:14:06.769+0000] {logging_mixin.py:190} INFO - [2025-05-01T02:14:06.769+0000] {dagbag.py:588} INFO - Filling up the DagBag from /opt/airflow/dags/permission_fixer_dag.py
[2025-05-01T02:14:06.781+0000] {logging_mixin.py:190} INFO - [2025-05-01T02:14:06.780+0000] {templater.py:94} ERROR - Failed to resolve template field 'bash_command'
Traceback (most recent call last):
  File "/home/airflow/.local/lib/python3.12/site-packages/airflow/template/templater.py", line 92, in resolve_template_files
    setattr(self, field, env.loader.get_source(env, content)[0])  # type: ignore
                         ^^^^^^^^^^^^^^^^^^^^^^^^^^^^^^^^^^^
  File "/home/airflow/.local/lib/python3.12/site-packages/jinja2/loaders.py", line 209, in get_source
    raise TemplateNotFound(
jinja2.exceptions.TemplateNotFound: 'bash /opt/airflow/scripts/bash/permissions.sh' not found in search path: '/opt/airflow/dags'
[2025-05-01T02:14:06.783+0000] {processor.py:925} INFO - DAG(s) 'fix_permissions_dag' retrieved from /opt/airflow/dags/permission_fixer_dag.py
[2025-05-01T02:14:06.799+0000] {logging_mixin.py:190} INFO - [2025-05-01T02:14:06.799+0000] {dag.py:3239} INFO - Sync 1 DAGs
[2025-05-01T02:14:06.811+0000] {logging_mixin.py:190} INFO - [2025-05-01T02:14:06.811+0000] {dag.py:4180} INFO - Setting next_dagrun for fix_permissions_dag to 2025-05-01 02:00:00+00:00, run_after=2025-05-01 03:00:00+00:00
[2025-05-01T02:14:06.819+0000] {processor.py:208} INFO - Processing /opt/airflow/dags/permission_fixer_dag.py took 0.060 seconds
[2025-05-01T02:14:37.190+0000] {processor.py:186} INFO - Started process (PID=686) to work on /opt/airflow/dags/permission_fixer_dag.py
[2025-05-01T02:14:37.191+0000] {processor.py:914} INFO - Processing file /opt/airflow/dags/permission_fixer_dag.py for tasks to queue
[2025-05-01T02:14:37.192+0000] {logging_mixin.py:190} INFO - [2025-05-01T02:14:37.191+0000] {dagbag.py:588} INFO - Filling up the DagBag from /opt/airflow/dags/permission_fixer_dag.py
[2025-05-01T02:14:37.201+0000] {logging_mixin.py:190} INFO - [2025-05-01T02:14:37.201+0000] {templater.py:94} ERROR - Failed to resolve template field 'bash_command'
Traceback (most recent call last):
  File "/home/airflow/.local/lib/python3.12/site-packages/airflow/template/templater.py", line 92, in resolve_template_files
    setattr(self, field, env.loader.get_source(env, content)[0])  # type: ignore
                         ^^^^^^^^^^^^^^^^^^^^^^^^^^^^^^^^^^^
  File "/home/airflow/.local/lib/python3.12/site-packages/jinja2/loaders.py", line 209, in get_source
    raise TemplateNotFound(
jinja2.exceptions.TemplateNotFound: 'bash /opt/airflow/scripts/bash/permissions.sh' not found in search path: '/opt/airflow/dags'
[2025-05-01T02:14:37.203+0000] {processor.py:925} INFO - DAG(s) 'fix_permissions_dag' retrieved from /opt/airflow/dags/permission_fixer_dag.py
[2025-05-01T02:14:37.217+0000] {logging_mixin.py:190} INFO - [2025-05-01T02:14:37.217+0000] {dag.py:3239} INFO - Sync 1 DAGs
[2025-05-01T02:14:37.230+0000] {logging_mixin.py:190} INFO - [2025-05-01T02:14:37.230+0000] {dag.py:4180} INFO - Setting next_dagrun for fix_permissions_dag to 2025-05-01 02:00:00+00:00, run_after=2025-05-01 03:00:00+00:00
[2025-05-01T02:14:37.239+0000] {processor.py:208} INFO - Processing /opt/airflow/dags/permission_fixer_dag.py took 0.055 seconds
[2025-05-01T02:15:07.654+0000] {processor.py:186} INFO - Started process (PID=688) to work on /opt/airflow/dags/permission_fixer_dag.py
[2025-05-01T02:15:07.654+0000] {processor.py:914} INFO - Processing file /opt/airflow/dags/permission_fixer_dag.py for tasks to queue
[2025-05-01T02:15:07.656+0000] {logging_mixin.py:190} INFO - [2025-05-01T02:15:07.655+0000] {dagbag.py:588} INFO - Filling up the DagBag from /opt/airflow/dags/permission_fixer_dag.py
[2025-05-01T02:15:07.670+0000] {logging_mixin.py:190} INFO - [2025-05-01T02:15:07.669+0000] {templater.py:94} ERROR - Failed to resolve template field 'bash_command'
Traceback (most recent call last):
  File "/home/airflow/.local/lib/python3.12/site-packages/airflow/template/templater.py", line 92, in resolve_template_files
    setattr(self, field, env.loader.get_source(env, content)[0])  # type: ignore
                         ^^^^^^^^^^^^^^^^^^^^^^^^^^^^^^^^^^^
  File "/home/airflow/.local/lib/python3.12/site-packages/jinja2/loaders.py", line 209, in get_source
    raise TemplateNotFound(
jinja2.exceptions.TemplateNotFound: 'bash /opt/airflow/scripts/bash/permissions.sh' not found in search path: '/opt/airflow/dags'
[2025-05-01T02:15:07.671+0000] {processor.py:925} INFO - DAG(s) 'fix_permissions_dag' retrieved from /opt/airflow/dags/permission_fixer_dag.py
[2025-05-01T02:15:07.687+0000] {logging_mixin.py:190} INFO - [2025-05-01T02:15:07.687+0000] {dag.py:3239} INFO - Sync 1 DAGs
[2025-05-01T02:15:07.697+0000] {logging_mixin.py:190} INFO - [2025-05-01T02:15:07.697+0000] {dag.py:4180} INFO - Setting next_dagrun for fix_permissions_dag to 2025-05-01 02:00:00+00:00, run_after=2025-05-01 03:00:00+00:00
[2025-05-01T02:15:07.704+0000] {processor.py:208} INFO - Processing /opt/airflow/dags/permission_fixer_dag.py took 0.059 seconds
[2025-05-01T02:15:38.075+0000] {processor.py:186} INFO - Started process (PID=690) to work on /opt/airflow/dags/permission_fixer_dag.py
[2025-05-01T02:15:38.077+0000] {processor.py:914} INFO - Processing file /opt/airflow/dags/permission_fixer_dag.py for tasks to queue
[2025-05-01T02:15:38.079+0000] {logging_mixin.py:190} INFO - [2025-05-01T02:15:38.078+0000] {dagbag.py:588} INFO - Filling up the DagBag from /opt/airflow/dags/permission_fixer_dag.py
[2025-05-01T02:15:38.092+0000] {logging_mixin.py:190} INFO - [2025-05-01T02:15:38.091+0000] {templater.py:94} ERROR - Failed to resolve template field 'bash_command'
Traceback (most recent call last):
  File "/home/airflow/.local/lib/python3.12/site-packages/airflow/template/templater.py", line 92, in resolve_template_files
    setattr(self, field, env.loader.get_source(env, content)[0])  # type: ignore
                         ^^^^^^^^^^^^^^^^^^^^^^^^^^^^^^^^^^^
  File "/home/airflow/.local/lib/python3.12/site-packages/jinja2/loaders.py", line 209, in get_source
    raise TemplateNotFound(
jinja2.exceptions.TemplateNotFound: 'bash /opt/airflow/scripts/bash/permissions.sh' not found in search path: '/opt/airflow/dags'
[2025-05-01T02:15:38.094+0000] {processor.py:925} INFO - DAG(s) 'fix_permissions_dag' retrieved from /opt/airflow/dags/permission_fixer_dag.py
[2025-05-01T02:15:38.108+0000] {logging_mixin.py:190} INFO - [2025-05-01T02:15:38.108+0000] {dag.py:3239} INFO - Sync 1 DAGs
[2025-05-01T02:15:38.119+0000] {logging_mixin.py:190} INFO - [2025-05-01T02:15:38.119+0000] {dag.py:4180} INFO - Setting next_dagrun for fix_permissions_dag to 2025-05-01 02:00:00+00:00, run_after=2025-05-01 03:00:00+00:00
[2025-05-01T02:15:38.126+0000] {processor.py:208} INFO - Processing /opt/airflow/dags/permission_fixer_dag.py took 0.058 seconds
[2025-05-01T02:16:08.452+0000] {processor.py:186} INFO - Started process (PID=692) to work on /opt/airflow/dags/permission_fixer_dag.py
[2025-05-01T02:16:08.453+0000] {processor.py:914} INFO - Processing file /opt/airflow/dags/permission_fixer_dag.py for tasks to queue
[2025-05-01T02:16:08.454+0000] {logging_mixin.py:190} INFO - [2025-05-01T02:16:08.454+0000] {dagbag.py:588} INFO - Filling up the DagBag from /opt/airflow/dags/permission_fixer_dag.py
[2025-05-01T02:16:08.468+0000] {logging_mixin.py:190} INFO - [2025-05-01T02:16:08.467+0000] {templater.py:94} ERROR - Failed to resolve template field 'bash_command'
Traceback (most recent call last):
  File "/home/airflow/.local/lib/python3.12/site-packages/airflow/template/templater.py", line 92, in resolve_template_files
    setattr(self, field, env.loader.get_source(env, content)[0])  # type: ignore
                         ^^^^^^^^^^^^^^^^^^^^^^^^^^^^^^^^^^^
  File "/home/airflow/.local/lib/python3.12/site-packages/jinja2/loaders.py", line 209, in get_source
    raise TemplateNotFound(
jinja2.exceptions.TemplateNotFound: 'bash /opt/airflow/scripts/bash/permissions.sh' not found in search path: '/opt/airflow/dags'
[2025-05-01T02:16:08.470+0000] {processor.py:925} INFO - DAG(s) 'fix_permissions_dag' retrieved from /opt/airflow/dags/permission_fixer_dag.py
[2025-05-01T02:16:08.485+0000] {logging_mixin.py:190} INFO - [2025-05-01T02:16:08.485+0000] {dag.py:3239} INFO - Sync 1 DAGs
[2025-05-01T02:16:08.495+0000] {logging_mixin.py:190} INFO - [2025-05-01T02:16:08.495+0000] {dag.py:4180} INFO - Setting next_dagrun for fix_permissions_dag to 2025-05-01 02:00:00+00:00, run_after=2025-05-01 03:00:00+00:00
[2025-05-01T02:16:08.502+0000] {processor.py:208} INFO - Processing /opt/airflow/dags/permission_fixer_dag.py took 0.057 seconds
[2025-05-01T02:16:38.870+0000] {processor.py:186} INFO - Started process (PID=694) to work on /opt/airflow/dags/permission_fixer_dag.py
[2025-05-01T02:16:38.872+0000] {processor.py:914} INFO - Processing file /opt/airflow/dags/permission_fixer_dag.py for tasks to queue
[2025-05-01T02:16:38.873+0000] {logging_mixin.py:190} INFO - [2025-05-01T02:16:38.872+0000] {dagbag.py:588} INFO - Filling up the DagBag from /opt/airflow/dags/permission_fixer_dag.py
[2025-05-01T02:16:38.884+0000] {logging_mixin.py:190} INFO - [2025-05-01T02:16:38.883+0000] {templater.py:94} ERROR - Failed to resolve template field 'bash_command'
Traceback (most recent call last):
  File "/home/airflow/.local/lib/python3.12/site-packages/airflow/template/templater.py", line 92, in resolve_template_files
    setattr(self, field, env.loader.get_source(env, content)[0])  # type: ignore
                         ^^^^^^^^^^^^^^^^^^^^^^^^^^^^^^^^^^^
  File "/home/airflow/.local/lib/python3.12/site-packages/jinja2/loaders.py", line 209, in get_source
    raise TemplateNotFound(
jinja2.exceptions.TemplateNotFound: 'bash /opt/airflow/scripts/bash/permissions.sh' not found in search path: '/opt/airflow/dags'
[2025-05-01T02:16:38.885+0000] {processor.py:925} INFO - DAG(s) 'fix_permissions_dag' retrieved from /opt/airflow/dags/permission_fixer_dag.py
[2025-05-01T02:16:38.898+0000] {logging_mixin.py:190} INFO - [2025-05-01T02:16:38.898+0000] {dag.py:3239} INFO - Sync 1 DAGs
[2025-05-01T02:16:38.907+0000] {logging_mixin.py:190} INFO - [2025-05-01T02:16:38.907+0000] {dag.py:4180} INFO - Setting next_dagrun for fix_permissions_dag to 2025-05-01 02:00:00+00:00, run_after=2025-05-01 03:00:00+00:00
[2025-05-01T02:16:38.913+0000] {processor.py:208} INFO - Processing /opt/airflow/dags/permission_fixer_dag.py took 0.049 seconds
[2025-05-01T02:17:09.309+0000] {processor.py:186} INFO - Started process (PID=696) to work on /opt/airflow/dags/permission_fixer_dag.py
[2025-05-01T02:17:09.310+0000] {processor.py:914} INFO - Processing file /opt/airflow/dags/permission_fixer_dag.py for tasks to queue
[2025-05-01T02:17:09.312+0000] {logging_mixin.py:190} INFO - [2025-05-01T02:17:09.311+0000] {dagbag.py:588} INFO - Filling up the DagBag from /opt/airflow/dags/permission_fixer_dag.py
[2025-05-01T02:17:09.326+0000] {logging_mixin.py:190} INFO - [2025-05-01T02:17:09.325+0000] {templater.py:94} ERROR - Failed to resolve template field 'bash_command'
Traceback (most recent call last):
  File "/home/airflow/.local/lib/python3.12/site-packages/airflow/template/templater.py", line 92, in resolve_template_files
    setattr(self, field, env.loader.get_source(env, content)[0])  # type: ignore
                         ^^^^^^^^^^^^^^^^^^^^^^^^^^^^^^^^^^^
  File "/home/airflow/.local/lib/python3.12/site-packages/jinja2/loaders.py", line 209, in get_source
    raise TemplateNotFound(
jinja2.exceptions.TemplateNotFound: 'bash /opt/airflow/scripts/bash/permissions.sh' not found in search path: '/opt/airflow/dags'
[2025-05-01T02:17:09.328+0000] {processor.py:925} INFO - DAG(s) 'fix_permissions_dag' retrieved from /opt/airflow/dags/permission_fixer_dag.py
[2025-05-01T02:17:09.342+0000] {logging_mixin.py:190} INFO - [2025-05-01T02:17:09.342+0000] {dag.py:3239} INFO - Sync 1 DAGs
[2025-05-01T02:17:09.353+0000] {logging_mixin.py:190} INFO - [2025-05-01T02:17:09.353+0000] {dag.py:4180} INFO - Setting next_dagrun for fix_permissions_dag to 2025-05-01 02:00:00+00:00, run_after=2025-05-01 03:00:00+00:00
[2025-05-01T02:17:09.360+0000] {processor.py:208} INFO - Processing /opt/airflow/dags/permission_fixer_dag.py took 0.058 seconds
[2025-05-01T02:17:39.677+0000] {processor.py:186} INFO - Started process (PID=698) to work on /opt/airflow/dags/permission_fixer_dag.py
[2025-05-01T02:17:39.678+0000] {processor.py:914} INFO - Processing file /opt/airflow/dags/permission_fixer_dag.py for tasks to queue
[2025-05-01T02:17:39.679+0000] {logging_mixin.py:190} INFO - [2025-05-01T02:17:39.679+0000] {dagbag.py:588} INFO - Filling up the DagBag from /opt/airflow/dags/permission_fixer_dag.py
[2025-05-01T02:17:39.686+0000] {logging_mixin.py:190} INFO - [2025-05-01T02:17:39.686+0000] {templater.py:94} ERROR - Failed to resolve template field 'bash_command'
Traceback (most recent call last):
  File "/home/airflow/.local/lib/python3.12/site-packages/airflow/template/templater.py", line 92, in resolve_template_files
    setattr(self, field, env.loader.get_source(env, content)[0])  # type: ignore
                         ^^^^^^^^^^^^^^^^^^^^^^^^^^^^^^^^^^^
  File "/home/airflow/.local/lib/python3.12/site-packages/jinja2/loaders.py", line 209, in get_source
    raise TemplateNotFound(
jinja2.exceptions.TemplateNotFound: 'bash /opt/airflow/scripts/bash/permissions.sh' not found in search path: '/opt/airflow/dags'
[2025-05-01T02:17:39.688+0000] {processor.py:925} INFO - DAG(s) 'fix_permissions_dag' retrieved from /opt/airflow/dags/permission_fixer_dag.py
[2025-05-01T02:17:39.702+0000] {logging_mixin.py:190} INFO - [2025-05-01T02:17:39.702+0000] {dag.py:3239} INFO - Sync 1 DAGs
[2025-05-01T02:17:39.714+0000] {logging_mixin.py:190} INFO - [2025-05-01T02:17:39.714+0000] {dag.py:4180} INFO - Setting next_dagrun for fix_permissions_dag to 2025-05-01 02:00:00+00:00, run_after=2025-05-01 03:00:00+00:00
[2025-05-01T02:17:39.722+0000] {processor.py:208} INFO - Processing /opt/airflow/dags/permission_fixer_dag.py took 0.048 seconds
[2025-05-01T02:18:09.850+0000] {processor.py:186} INFO - Started process (PID=700) to work on /opt/airflow/dags/permission_fixer_dag.py
[2025-05-01T02:18:09.851+0000] {processor.py:914} INFO - Processing file /opt/airflow/dags/permission_fixer_dag.py for tasks to queue
[2025-05-01T02:18:09.851+0000] {logging_mixin.py:190} INFO - [2025-05-01T02:18:09.851+0000] {dagbag.py:588} INFO - Filling up the DagBag from /opt/airflow/dags/permission_fixer_dag.py
[2025-05-01T02:18:09.859+0000] {logging_mixin.py:190} INFO - [2025-05-01T02:18:09.858+0000] {templater.py:94} ERROR - Failed to resolve template field 'bash_command'
Traceback (most recent call last):
  File "/home/airflow/.local/lib/python3.12/site-packages/airflow/template/templater.py", line 92, in resolve_template_files
    setattr(self, field, env.loader.get_source(env, content)[0])  # type: ignore
                         ^^^^^^^^^^^^^^^^^^^^^^^^^^^^^^^^^^^
  File "/home/airflow/.local/lib/python3.12/site-packages/jinja2/loaders.py", line 209, in get_source
    raise TemplateNotFound(
jinja2.exceptions.TemplateNotFound: 'bash /opt/airflow/scripts/bash/permissions.sh' not found in search path: '/opt/airflow/dags'
[2025-05-01T02:18:09.860+0000] {processor.py:925} INFO - DAG(s) 'fix_permissions_dag' retrieved from /opt/airflow/dags/permission_fixer_dag.py
[2025-05-01T02:18:09.874+0000] {logging_mixin.py:190} INFO - [2025-05-01T02:18:09.874+0000] {dag.py:3239} INFO - Sync 1 DAGs
[2025-05-01T02:18:09.886+0000] {logging_mixin.py:190} INFO - [2025-05-01T02:18:09.885+0000] {dag.py:4180} INFO - Setting next_dagrun for fix_permissions_dag to 2025-05-01 02:00:00+00:00, run_after=2025-05-01 03:00:00+00:00
[2025-05-01T02:18:09.895+0000] {processor.py:208} INFO - Processing /opt/airflow/dags/permission_fixer_dag.py took 0.047 seconds
[2025-05-01T02:18:40.020+0000] {processor.py:186} INFO - Started process (PID=702) to work on /opt/airflow/dags/permission_fixer_dag.py
[2025-05-01T02:18:40.021+0000] {processor.py:914} INFO - Processing file /opt/airflow/dags/permission_fixer_dag.py for tasks to queue
[2025-05-01T02:18:40.022+0000] {logging_mixin.py:190} INFO - [2025-05-01T02:18:40.021+0000] {dagbag.py:588} INFO - Filling up the DagBag from /opt/airflow/dags/permission_fixer_dag.py
[2025-05-01T02:18:40.030+0000] {logging_mixin.py:190} INFO - [2025-05-01T02:18:40.029+0000] {templater.py:94} ERROR - Failed to resolve template field 'bash_command'
Traceback (most recent call last):
  File "/home/airflow/.local/lib/python3.12/site-packages/airflow/template/templater.py", line 92, in resolve_template_files
    setattr(self, field, env.loader.get_source(env, content)[0])  # type: ignore
                         ^^^^^^^^^^^^^^^^^^^^^^^^^^^^^^^^^^^
  File "/home/airflow/.local/lib/python3.12/site-packages/jinja2/loaders.py", line 209, in get_source
    raise TemplateNotFound(
jinja2.exceptions.TemplateNotFound: 'bash /opt/airflow/scripts/bash/permissions.sh' not found in search path: '/opt/airflow/dags'
[2025-05-01T02:18:40.031+0000] {processor.py:925} INFO - DAG(s) 'fix_permissions_dag' retrieved from /opt/airflow/dags/permission_fixer_dag.py
[2025-05-01T02:18:40.043+0000] {logging_mixin.py:190} INFO - [2025-05-01T02:18:40.043+0000] {dag.py:3239} INFO - Sync 1 DAGs
[2025-05-01T02:18:40.055+0000] {logging_mixin.py:190} INFO - [2025-05-01T02:18:40.055+0000] {dag.py:4180} INFO - Setting next_dagrun for fix_permissions_dag to 2025-05-01 02:00:00+00:00, run_after=2025-05-01 03:00:00+00:00
[2025-05-01T02:18:40.062+0000] {processor.py:208} INFO - Processing /opt/airflow/dags/permission_fixer_dag.py took 0.045 seconds
[2025-05-01T02:19:10.192+0000] {processor.py:186} INFO - Started process (PID=704) to work on /opt/airflow/dags/permission_fixer_dag.py
[2025-05-01T02:19:10.193+0000] {processor.py:914} INFO - Processing file /opt/airflow/dags/permission_fixer_dag.py for tasks to queue
[2025-05-01T02:19:10.194+0000] {logging_mixin.py:190} INFO - [2025-05-01T02:19:10.193+0000] {dagbag.py:588} INFO - Filling up the DagBag from /opt/airflow/dags/permission_fixer_dag.py
[2025-05-01T02:19:10.203+0000] {logging_mixin.py:190} INFO - [2025-05-01T02:19:10.203+0000] {templater.py:94} ERROR - Failed to resolve template field 'bash_command'
Traceback (most recent call last):
  File "/home/airflow/.local/lib/python3.12/site-packages/airflow/template/templater.py", line 92, in resolve_template_files
    setattr(self, field, env.loader.get_source(env, content)[0])  # type: ignore
                         ^^^^^^^^^^^^^^^^^^^^^^^^^^^^^^^^^^^
  File "/home/airflow/.local/lib/python3.12/site-packages/jinja2/loaders.py", line 209, in get_source
    raise TemplateNotFound(
jinja2.exceptions.TemplateNotFound: 'bash /opt/airflow/scripts/bash/permissions.sh' not found in search path: '/opt/airflow/dags'
[2025-05-01T02:19:10.205+0000] {processor.py:925} INFO - DAG(s) 'fix_permissions_dag' retrieved from /opt/airflow/dags/permission_fixer_dag.py
[2025-05-01T02:19:10.222+0000] {logging_mixin.py:190} INFO - [2025-05-01T02:19:10.222+0000] {dag.py:3239} INFO - Sync 1 DAGs
[2025-05-01T02:19:10.242+0000] {logging_mixin.py:190} INFO - [2025-05-01T02:19:10.242+0000] {dag.py:4180} INFO - Setting next_dagrun for fix_permissions_dag to 2025-05-01 02:00:00+00:00, run_after=2025-05-01 03:00:00+00:00
[2025-05-01T02:19:10.253+0000] {processor.py:208} INFO - Processing /opt/airflow/dags/permission_fixer_dag.py took 0.066 seconds
[2025-05-01T02:19:40.384+0000] {processor.py:186} INFO - Started process (PID=706) to work on /opt/airflow/dags/permission_fixer_dag.py
[2025-05-01T02:19:40.387+0000] {processor.py:914} INFO - Processing file /opt/airflow/dags/permission_fixer_dag.py for tasks to queue
[2025-05-01T02:19:40.387+0000] {logging_mixin.py:190} INFO - [2025-05-01T02:19:40.387+0000] {dagbag.py:588} INFO - Filling up the DagBag from /opt/airflow/dags/permission_fixer_dag.py
[2025-05-01T02:19:40.395+0000] {logging_mixin.py:190} INFO - [2025-05-01T02:19:40.394+0000] {templater.py:94} ERROR - Failed to resolve template field 'bash_command'
Traceback (most recent call last):
  File "/home/airflow/.local/lib/python3.12/site-packages/airflow/template/templater.py", line 92, in resolve_template_files
    setattr(self, field, env.loader.get_source(env, content)[0])  # type: ignore
                         ^^^^^^^^^^^^^^^^^^^^^^^^^^^^^^^^^^^
  File "/home/airflow/.local/lib/python3.12/site-packages/jinja2/loaders.py", line 209, in get_source
    raise TemplateNotFound(
jinja2.exceptions.TemplateNotFound: 'bash /opt/airflow/scripts/bash/permissions.sh' not found in search path: '/opt/airflow/dags'
[2025-05-01T02:19:40.396+0000] {processor.py:925} INFO - DAG(s) 'fix_permissions_dag' retrieved from /opt/airflow/dags/permission_fixer_dag.py
[2025-05-01T02:19:40.409+0000] {logging_mixin.py:190} INFO - [2025-05-01T02:19:40.408+0000] {dag.py:3239} INFO - Sync 1 DAGs
[2025-05-01T02:19:40.419+0000] {logging_mixin.py:190} INFO - [2025-05-01T02:19:40.419+0000] {dag.py:4180} INFO - Setting next_dagrun for fix_permissions_dag to 2025-05-01 02:00:00+00:00, run_after=2025-05-01 03:00:00+00:00
[2025-05-01T02:19:40.429+0000] {processor.py:208} INFO - Processing /opt/airflow/dags/permission_fixer_dag.py took 0.048 seconds
[2025-05-01T02:20:10.552+0000] {processor.py:186} INFO - Started process (PID=708) to work on /opt/airflow/dags/permission_fixer_dag.py
[2025-05-01T02:20:10.552+0000] {processor.py:914} INFO - Processing file /opt/airflow/dags/permission_fixer_dag.py for tasks to queue
[2025-05-01T02:20:10.553+0000] {logging_mixin.py:190} INFO - [2025-05-01T02:20:10.553+0000] {dagbag.py:588} INFO - Filling up the DagBag from /opt/airflow/dags/permission_fixer_dag.py
[2025-05-01T02:20:10.561+0000] {logging_mixin.py:190} INFO - [2025-05-01T02:20:10.560+0000] {templater.py:94} ERROR - Failed to resolve template field 'bash_command'
Traceback (most recent call last):
  File "/home/airflow/.local/lib/python3.12/site-packages/airflow/template/templater.py", line 92, in resolve_template_files
    setattr(self, field, env.loader.get_source(env, content)[0])  # type: ignore
                         ^^^^^^^^^^^^^^^^^^^^^^^^^^^^^^^^^^^
  File "/home/airflow/.local/lib/python3.12/site-packages/jinja2/loaders.py", line 209, in get_source
    raise TemplateNotFound(
jinja2.exceptions.TemplateNotFound: 'bash /opt/airflow/scripts/bash/permissions.sh' not found in search path: '/opt/airflow/dags'
[2025-05-01T02:20:10.562+0000] {processor.py:925} INFO - DAG(s) 'fix_permissions_dag' retrieved from /opt/airflow/dags/permission_fixer_dag.py
[2025-05-01T02:20:10.575+0000] {logging_mixin.py:190} INFO - [2025-05-01T02:20:10.575+0000] {dag.py:3239} INFO - Sync 1 DAGs
[2025-05-01T02:20:10.586+0000] {logging_mixin.py:190} INFO - [2025-05-01T02:20:10.586+0000] {dag.py:4180} INFO - Setting next_dagrun for fix_permissions_dag to 2025-05-01 02:00:00+00:00, run_after=2025-05-01 03:00:00+00:00
[2025-05-01T02:20:10.595+0000] {processor.py:208} INFO - Processing /opt/airflow/dags/permission_fixer_dag.py took 0.046 seconds
[2025-05-01T02:20:36.776+0000] {processor.py:186} INFO - Started process (PID=710) to work on /opt/airflow/dags/permission_fixer_dag.py
[2025-05-01T02:20:36.777+0000] {processor.py:914} INFO - Processing file /opt/airflow/dags/permission_fixer_dag.py for tasks to queue
[2025-05-01T02:20:36.778+0000] {logging_mixin.py:190} INFO - [2025-05-01T02:20:36.778+0000] {dagbag.py:588} INFO - Filling up the DagBag from /opt/airflow/dags/permission_fixer_dag.py
[2025-05-01T02:20:36.787+0000] {logging_mixin.py:190} INFO - [2025-05-01T02:20:36.784+0000] {dagbag.py:387} ERROR - Failed to import: /opt/airflow/dags/permission_fixer_dag.py
Traceback (most recent call last):
  File "/home/airflow/.local/lib/python3.12/site-packages/airflow/models/dagbag.py", line 383, in parse
    loader.exec_module(new_module)
  File "<frozen importlib._bootstrap_external>", line 999, in exec_module
  File "<frozen importlib._bootstrap>", line 488, in _call_with_frames_removed
  File "/opt/airflow/dags/permission_fixer_dag.py", line 18, in <module>
    fix_permissions = BashOperator(
                      ^^^^^^^^^^^^^
  File "/home/airflow/.local/lib/python3.12/site-packages/airflow/models/baseoperator.py", line 508, in apply_defaults
    result = func(self, **kwargs, default_args=default_args)
             ^^^^^^^^^^^^^^^^^^^^^^^^^^^^^^^^^^^^^^^^^^^^^^^
  File "/home/airflow/.local/lib/python3.12/site-packages/airflow/operators/bash.py", line 166, in __init__
    super().__init__(**kwargs)
  File "/home/airflow/.local/lib/python3.12/site-packages/airflow/models/baseoperator.py", line 508, in apply_defaults
    result = func(self, **kwargs, default_args=default_args)
             ^^^^^^^^^^^^^^^^^^^^^^^^^^^^^^^^^^^^^^^^^^^^^^^
  File "/home/airflow/.local/lib/python3.12/site-packages/airflow/models/baseoperator.py", line 959, in __init__
    raise AirflowException(
airflow.exceptions.AirflowException: Invalid arguments were passed to BashOperator (task_id: fix_permissions). Invalid arguments were:
**kwargs: {'template_fields': []}
[2025-05-01T02:20:36.787+0000] {processor.py:927} WARNING - No viable dags retrieved from /opt/airflow/dags/permission_fixer_dag.py
[2025-05-01T02:20:36.800+0000] {processor.py:208} INFO - Processing /opt/airflow/dags/permission_fixer_dag.py took 0.029 seconds
[2025-05-01T02:20:37.783+0000] {processor.py:186} INFO - Started process (PID=711) to work on /opt/airflow/dags/permission_fixer_dag.py
[2025-05-01T02:20:37.784+0000] {processor.py:914} INFO - Processing file /opt/airflow/dags/permission_fixer_dag.py for tasks to queue
[2025-05-01T02:20:37.784+0000] {logging_mixin.py:190} INFO - [2025-05-01T02:20:37.784+0000] {dagbag.py:588} INFO - Filling up the DagBag from /opt/airflow/dags/permission_fixer_dag.py
[2025-05-01T02:20:37.790+0000] {logging_mixin.py:190} INFO - [2025-05-01T02:20:37.789+0000] {dagbag.py:387} ERROR - Failed to import: /opt/airflow/dags/permission_fixer_dag.py
Traceback (most recent call last):
  File "/home/airflow/.local/lib/python3.12/site-packages/airflow/models/dagbag.py", line 383, in parse
    loader.exec_module(new_module)
  File "<frozen importlib._bootstrap_external>", line 999, in exec_module
  File "<frozen importlib._bootstrap>", line 488, in _call_with_frames_removed
  File "/opt/airflow/dags/permission_fixer_dag.py", line 18, in <module>
    fix_permissions = BashOperator(
                      ^^^^^^^^^^^^^
  File "/home/airflow/.local/lib/python3.12/site-packages/airflow/models/baseoperator.py", line 508, in apply_defaults
    result = func(self, **kwargs, default_args=default_args)
             ^^^^^^^^^^^^^^^^^^^^^^^^^^^^^^^^^^^^^^^^^^^^^^^
  File "/home/airflow/.local/lib/python3.12/site-packages/airflow/operators/bash.py", line 166, in __init__
    super().__init__(**kwargs)
  File "/home/airflow/.local/lib/python3.12/site-packages/airflow/models/baseoperator.py", line 508, in apply_defaults
    result = func(self, **kwargs, default_args=default_args)
             ^^^^^^^^^^^^^^^^^^^^^^^^^^^^^^^^^^^^^^^^^^^^^^^
  File "/home/airflow/.local/lib/python3.12/site-packages/airflow/models/baseoperator.py", line 959, in __init__
    raise AirflowException(
airflow.exceptions.AirflowException: Invalid arguments were passed to BashOperator (task_id: fix_permissions). Invalid arguments were:
**kwargs: {'template_fields': []}
[2025-05-01T02:20:37.791+0000] {processor.py:927} WARNING - No viable dags retrieved from /opt/airflow/dags/permission_fixer_dag.py
[2025-05-01T02:20:37.803+0000] {processor.py:208} INFO - Processing /opt/airflow/dags/permission_fixer_dag.py took 0.023 seconds
[2025-05-01T02:21:07.970+0000] {processor.py:186} INFO - Started process (PID=713) to work on /opt/airflow/dags/permission_fixer_dag.py
[2025-05-01T02:21:07.971+0000] {processor.py:914} INFO - Processing file /opt/airflow/dags/permission_fixer_dag.py for tasks to queue
[2025-05-01T02:21:07.971+0000] {logging_mixin.py:190} INFO - [2025-05-01T02:21:07.971+0000] {dagbag.py:588} INFO - Filling up the DagBag from /opt/airflow/dags/permission_fixer_dag.py
[2025-05-01T02:21:07.976+0000] {logging_mixin.py:190} INFO - [2025-05-01T02:21:07.975+0000] {dagbag.py:387} ERROR - Failed to import: /opt/airflow/dags/permission_fixer_dag.py
Traceback (most recent call last):
  File "/home/airflow/.local/lib/python3.12/site-packages/airflow/models/dagbag.py", line 383, in parse
    loader.exec_module(new_module)
  File "<frozen importlib._bootstrap_external>", line 999, in exec_module
  File "<frozen importlib._bootstrap>", line 488, in _call_with_frames_removed
  File "/opt/airflow/dags/permission_fixer_dag.py", line 18, in <module>
    fix_permissions = BashOperator(
                      ^^^^^^^^^^^^^
  File "/home/airflow/.local/lib/python3.12/site-packages/airflow/models/baseoperator.py", line 508, in apply_defaults
    result = func(self, **kwargs, default_args=default_args)
             ^^^^^^^^^^^^^^^^^^^^^^^^^^^^^^^^^^^^^^^^^^^^^^^
  File "/home/airflow/.local/lib/python3.12/site-packages/airflow/operators/bash.py", line 166, in __init__
    super().__init__(**kwargs)
  File "/home/airflow/.local/lib/python3.12/site-packages/airflow/models/baseoperator.py", line 508, in apply_defaults
    result = func(self, **kwargs, default_args=default_args)
             ^^^^^^^^^^^^^^^^^^^^^^^^^^^^^^^^^^^^^^^^^^^^^^^
  File "/home/airflow/.local/lib/python3.12/site-packages/airflow/models/baseoperator.py", line 959, in __init__
    raise AirflowException(
airflow.exceptions.AirflowException: Invalid arguments were passed to BashOperator (task_id: fix_permissions). Invalid arguments were:
**kwargs: {'template_fields': []}
[2025-05-01T02:21:07.976+0000] {processor.py:927} WARNING - No viable dags retrieved from /opt/airflow/dags/permission_fixer_dag.py
[2025-05-01T02:21:07.984+0000] {processor.py:208} INFO - Processing /opt/airflow/dags/permission_fixer_dag.py took 0.017 seconds
[2025-05-01T02:21:38.239+0000] {processor.py:186} INFO - Started process (PID=715) to work on /opt/airflow/dags/permission_fixer_dag.py
[2025-05-01T02:21:38.240+0000] {processor.py:914} INFO - Processing file /opt/airflow/dags/permission_fixer_dag.py for tasks to queue
[2025-05-01T02:21:38.242+0000] {logging_mixin.py:190} INFO - [2025-05-01T02:21:38.241+0000] {dagbag.py:588} INFO - Filling up the DagBag from /opt/airflow/dags/permission_fixer_dag.py
[2025-05-01T02:21:38.249+0000] {logging_mixin.py:190} INFO - [2025-05-01T02:21:38.247+0000] {dagbag.py:387} ERROR - Failed to import: /opt/airflow/dags/permission_fixer_dag.py
Traceback (most recent call last):
  File "/home/airflow/.local/lib/python3.12/site-packages/airflow/models/dagbag.py", line 383, in parse
    loader.exec_module(new_module)
  File "<frozen importlib._bootstrap_external>", line 999, in exec_module
  File "<frozen importlib._bootstrap>", line 488, in _call_with_frames_removed
  File "/opt/airflow/dags/permission_fixer_dag.py", line 18, in <module>
    fix_permissions = BashOperator(
                      ^^^^^^^^^^^^^
  File "/home/airflow/.local/lib/python3.12/site-packages/airflow/models/baseoperator.py", line 508, in apply_defaults
    result = func(self, **kwargs, default_args=default_args)
             ^^^^^^^^^^^^^^^^^^^^^^^^^^^^^^^^^^^^^^^^^^^^^^^
  File "/home/airflow/.local/lib/python3.12/site-packages/airflow/operators/bash.py", line 166, in __init__
    super().__init__(**kwargs)
  File "/home/airflow/.local/lib/python3.12/site-packages/airflow/models/baseoperator.py", line 508, in apply_defaults
    result = func(self, **kwargs, default_args=default_args)
             ^^^^^^^^^^^^^^^^^^^^^^^^^^^^^^^^^^^^^^^^^^^^^^^
  File "/home/airflow/.local/lib/python3.12/site-packages/airflow/models/baseoperator.py", line 959, in __init__
    raise AirflowException(
airflow.exceptions.AirflowException: Invalid arguments were passed to BashOperator (task_id: fix_permissions). Invalid arguments were:
**kwargs: {'template_fields': []}
[2025-05-01T02:21:38.249+0000] {processor.py:927} WARNING - No viable dags retrieved from /opt/airflow/dags/permission_fixer_dag.py
[2025-05-01T02:21:38.260+0000] {processor.py:208} INFO - Processing /opt/airflow/dags/permission_fixer_dag.py took 0.028 seconds
[2025-05-01T02:22:08.597+0000] {processor.py:186} INFO - Started process (PID=717) to work on /opt/airflow/dags/permission_fixer_dag.py
[2025-05-01T02:22:08.598+0000] {processor.py:914} INFO - Processing file /opt/airflow/dags/permission_fixer_dag.py for tasks to queue
[2025-05-01T02:22:08.600+0000] {logging_mixin.py:190} INFO - [2025-05-01T02:22:08.599+0000] {dagbag.py:588} INFO - Filling up the DagBag from /opt/airflow/dags/permission_fixer_dag.py
[2025-05-01T02:22:08.607+0000] {logging_mixin.py:190} INFO - [2025-05-01T02:22:08.606+0000] {dagbag.py:387} ERROR - Failed to import: /opt/airflow/dags/permission_fixer_dag.py
Traceback (most recent call last):
  File "/home/airflow/.local/lib/python3.12/site-packages/airflow/models/dagbag.py", line 383, in parse
    loader.exec_module(new_module)
  File "<frozen importlib._bootstrap_external>", line 999, in exec_module
  File "<frozen importlib._bootstrap>", line 488, in _call_with_frames_removed
  File "/opt/airflow/dags/permission_fixer_dag.py", line 18, in <module>
    fix_permissions = BashOperator(
                      ^^^^^^^^^^^^^
  File "/home/airflow/.local/lib/python3.12/site-packages/airflow/models/baseoperator.py", line 508, in apply_defaults
    result = func(self, **kwargs, default_args=default_args)
             ^^^^^^^^^^^^^^^^^^^^^^^^^^^^^^^^^^^^^^^^^^^^^^^
  File "/home/airflow/.local/lib/python3.12/site-packages/airflow/operators/bash.py", line 166, in __init__
    super().__init__(**kwargs)
  File "/home/airflow/.local/lib/python3.12/site-packages/airflow/models/baseoperator.py", line 508, in apply_defaults
    result = func(self, **kwargs, default_args=default_args)
             ^^^^^^^^^^^^^^^^^^^^^^^^^^^^^^^^^^^^^^^^^^^^^^^
  File "/home/airflow/.local/lib/python3.12/site-packages/airflow/models/baseoperator.py", line 959, in __init__
    raise AirflowException(
airflow.exceptions.AirflowException: Invalid arguments were passed to BashOperator (task_id: fix_permissions). Invalid arguments were:
**kwargs: {'template_fields': []}
[2025-05-01T02:22:08.608+0000] {processor.py:927} WARNING - No viable dags retrieved from /opt/airflow/dags/permission_fixer_dag.py
[2025-05-01T02:22:08.621+0000] {processor.py:208} INFO - Processing /opt/airflow/dags/permission_fixer_dag.py took 0.030 seconds
[2025-05-01T02:22:38.901+0000] {processor.py:186} INFO - Started process (PID=719) to work on /opt/airflow/dags/permission_fixer_dag.py
[2025-05-01T02:22:38.902+0000] {processor.py:914} INFO - Processing file /opt/airflow/dags/permission_fixer_dag.py for tasks to queue
[2025-05-01T02:22:38.904+0000] {logging_mixin.py:190} INFO - [2025-05-01T02:22:38.903+0000] {dagbag.py:588} INFO - Filling up the DagBag from /opt/airflow/dags/permission_fixer_dag.py
[2025-05-01T02:22:38.914+0000] {logging_mixin.py:190} INFO - [2025-05-01T02:22:38.912+0000] {dagbag.py:387} ERROR - Failed to import: /opt/airflow/dags/permission_fixer_dag.py
Traceback (most recent call last):
  File "/home/airflow/.local/lib/python3.12/site-packages/airflow/models/dagbag.py", line 383, in parse
    loader.exec_module(new_module)
  File "<frozen importlib._bootstrap_external>", line 999, in exec_module
  File "<frozen importlib._bootstrap>", line 488, in _call_with_frames_removed
  File "/opt/airflow/dags/permission_fixer_dag.py", line 18, in <module>
    fix_permissions = BashOperator(
                      ^^^^^^^^^^^^^
  File "/home/airflow/.local/lib/python3.12/site-packages/airflow/models/baseoperator.py", line 508, in apply_defaults
    result = func(self, **kwargs, default_args=default_args)
             ^^^^^^^^^^^^^^^^^^^^^^^^^^^^^^^^^^^^^^^^^^^^^^^
  File "/home/airflow/.local/lib/python3.12/site-packages/airflow/operators/bash.py", line 166, in __init__
    super().__init__(**kwargs)
  File "/home/airflow/.local/lib/python3.12/site-packages/airflow/models/baseoperator.py", line 508, in apply_defaults
    result = func(self, **kwargs, default_args=default_args)
             ^^^^^^^^^^^^^^^^^^^^^^^^^^^^^^^^^^^^^^^^^^^^^^^
  File "/home/airflow/.local/lib/python3.12/site-packages/airflow/models/baseoperator.py", line 959, in __init__
    raise AirflowException(
airflow.exceptions.AirflowException: Invalid arguments were passed to BashOperator (task_id: fix_permissions). Invalid arguments were:
**kwargs: {'template_fields': []}
[2025-05-01T02:22:38.914+0000] {processor.py:927} WARNING - No viable dags retrieved from /opt/airflow/dags/permission_fixer_dag.py
[2025-05-01T02:22:38.931+0000] {processor.py:208} INFO - Processing /opt/airflow/dags/permission_fixer_dag.py took 0.040 seconds
[2025-05-01T02:23:09.154+0000] {processor.py:186} INFO - Started process (PID=721) to work on /opt/airflow/dags/permission_fixer_dag.py
[2025-05-01T02:23:09.155+0000] {processor.py:914} INFO - Processing file /opt/airflow/dags/permission_fixer_dag.py for tasks to queue
[2025-05-01T02:23:09.156+0000] {logging_mixin.py:190} INFO - [2025-05-01T02:23:09.156+0000] {dagbag.py:588} INFO - Filling up the DagBag from /opt/airflow/dags/permission_fixer_dag.py
[2025-05-01T02:23:09.162+0000] {logging_mixin.py:190} INFO - [2025-05-01T02:23:09.161+0000] {dagbag.py:387} ERROR - Failed to import: /opt/airflow/dags/permission_fixer_dag.py
Traceback (most recent call last):
  File "/home/airflow/.local/lib/python3.12/site-packages/airflow/models/dagbag.py", line 383, in parse
    loader.exec_module(new_module)
  File "<frozen importlib._bootstrap_external>", line 999, in exec_module
  File "<frozen importlib._bootstrap>", line 488, in _call_with_frames_removed
  File "/opt/airflow/dags/permission_fixer_dag.py", line 18, in <module>
    fix_permissions = BashOperator(
                      ^^^^^^^^^^^^^
  File "/home/airflow/.local/lib/python3.12/site-packages/airflow/models/baseoperator.py", line 508, in apply_defaults
    result = func(self, **kwargs, default_args=default_args)
             ^^^^^^^^^^^^^^^^^^^^^^^^^^^^^^^^^^^^^^^^^^^^^^^
  File "/home/airflow/.local/lib/python3.12/site-packages/airflow/operators/bash.py", line 166, in __init__
    super().__init__(**kwargs)
  File "/home/airflow/.local/lib/python3.12/site-packages/airflow/models/baseoperator.py", line 508, in apply_defaults
    result = func(self, **kwargs, default_args=default_args)
             ^^^^^^^^^^^^^^^^^^^^^^^^^^^^^^^^^^^^^^^^^^^^^^^
  File "/home/airflow/.local/lib/python3.12/site-packages/airflow/models/baseoperator.py", line 959, in __init__
    raise AirflowException(
airflow.exceptions.AirflowException: Invalid arguments were passed to BashOperator (task_id: fix_permissions). Invalid arguments were:
**kwargs: {'template_fields': []}
[2025-05-01T02:23:09.162+0000] {processor.py:927} WARNING - No viable dags retrieved from /opt/airflow/dags/permission_fixer_dag.py
[2025-05-01T02:23:09.173+0000] {processor.py:208} INFO - Processing /opt/airflow/dags/permission_fixer_dag.py took 0.024 seconds
[2025-05-01T02:23:21.245+0000] {processor.py:186} INFO - Started process (PID=723) to work on /opt/airflow/dags/permission_fixer_dag.py
[2025-05-01T02:23:21.245+0000] {processor.py:914} INFO - Processing file /opt/airflow/dags/permission_fixer_dag.py for tasks to queue
[2025-05-01T02:23:21.246+0000] {logging_mixin.py:190} INFO - [2025-05-01T02:23:21.246+0000] {dagbag.py:588} INFO - Filling up the DagBag from /opt/airflow/dags/permission_fixer_dag.py
[2025-05-01T02:23:21.255+0000] {processor.py:925} INFO - DAG(s) 'fix_permissions_dag' retrieved from /opt/airflow/dags/permission_fixer_dag.py
[2025-05-01T02:23:21.314+0000] {logging_mixin.py:190} INFO - [2025-05-01T02:23:21.314+0000] {dag.py:3239} INFO - Sync 1 DAGs
[2025-05-01T02:23:21.324+0000] {logging_mixin.py:190} INFO - [2025-05-01T02:23:21.323+0000] {dag.py:4180} INFO - Setting next_dagrun for fix_permissions_dag to 2025-05-01 01:00:00+00:00, run_after=2025-05-01 02:00:00+00:00
[2025-05-01T02:23:21.331+0000] {processor.py:208} INFO - Processing /opt/airflow/dags/permission_fixer_dag.py took 0.091 seconds
[2025-05-01T02:23:51.515+0000] {processor.py:186} INFO - Started process (PID=725) to work on /opt/airflow/dags/permission_fixer_dag.py
[2025-05-01T02:23:51.516+0000] {processor.py:914} INFO - Processing file /opt/airflow/dags/permission_fixer_dag.py for tasks to queue
[2025-05-01T02:23:51.516+0000] {logging_mixin.py:190} INFO - [2025-05-01T02:23:51.516+0000] {dagbag.py:588} INFO - Filling up the DagBag from /opt/airflow/dags/permission_fixer_dag.py
[2025-05-01T02:23:51.524+0000] {processor.py:925} INFO - DAG(s) 'fix_permissions_dag' retrieved from /opt/airflow/dags/permission_fixer_dag.py
[2025-05-01T02:23:51.539+0000] {logging_mixin.py:190} INFO - [2025-05-01T02:23:51.538+0000] {dag.py:3239} INFO - Sync 1 DAGs
[2025-05-01T02:23:51.550+0000] {logging_mixin.py:190} INFO - [2025-05-01T02:23:51.550+0000] {dag.py:4180} INFO - Setting next_dagrun for fix_permissions_dag to 2025-05-01 02:00:00+00:00, run_after=2025-05-01 03:00:00+00:00
[2025-05-01T02:23:51.557+0000] {processor.py:208} INFO - Processing /opt/airflow/dags/permission_fixer_dag.py took 0.047 seconds
[2025-05-01T02:24:21.813+0000] {processor.py:186} INFO - Started process (PID=727) to work on /opt/airflow/dags/permission_fixer_dag.py
[2025-05-01T02:24:21.814+0000] {processor.py:914} INFO - Processing file /opt/airflow/dags/permission_fixer_dag.py for tasks to queue
[2025-05-01T02:24:21.815+0000] {logging_mixin.py:190} INFO - [2025-05-01T02:24:21.815+0000] {dagbag.py:588} INFO - Filling up the DagBag from /opt/airflow/dags/permission_fixer_dag.py
[2025-05-01T02:24:21.824+0000] {processor.py:925} INFO - DAG(s) 'fix_permissions_dag' retrieved from /opt/airflow/dags/permission_fixer_dag.py
[2025-05-01T02:24:21.839+0000] {logging_mixin.py:190} INFO - [2025-05-01T02:24:21.839+0000] {dag.py:3239} INFO - Sync 1 DAGs
[2025-05-01T02:24:21.849+0000] {logging_mixin.py:190} INFO - [2025-05-01T02:24:21.849+0000] {dag.py:4180} INFO - Setting next_dagrun for fix_permissions_dag to 2025-05-01 02:00:00+00:00, run_after=2025-05-01 03:00:00+00:00
[2025-05-01T02:24:21.855+0000] {processor.py:208} INFO - Processing /opt/airflow/dags/permission_fixer_dag.py took 0.047 seconds
[2025-05-01T02:24:52.101+0000] {processor.py:186} INFO - Started process (PID=729) to work on /opt/airflow/dags/permission_fixer_dag.py
[2025-05-01T02:24:52.102+0000] {processor.py:914} INFO - Processing file /opt/airflow/dags/permission_fixer_dag.py for tasks to queue
[2025-05-01T02:24:52.102+0000] {logging_mixin.py:190} INFO - [2025-05-01T02:24:52.102+0000] {dagbag.py:588} INFO - Filling up the DagBag from /opt/airflow/dags/permission_fixer_dag.py
[2025-05-01T02:24:52.109+0000] {processor.py:925} INFO - DAG(s) 'fix_permissions_dag' retrieved from /opt/airflow/dags/permission_fixer_dag.py
[2025-05-01T02:24:52.121+0000] {logging_mixin.py:190} INFO - [2025-05-01T02:24:52.121+0000] {dag.py:3239} INFO - Sync 1 DAGs
[2025-05-01T02:24:52.131+0000] {logging_mixin.py:190} INFO - [2025-05-01T02:24:52.131+0000] {dag.py:4180} INFO - Setting next_dagrun for fix_permissions_dag to 2025-05-01 02:00:00+00:00, run_after=2025-05-01 03:00:00+00:00
[2025-05-01T02:24:52.137+0000] {processor.py:208} INFO - Processing /opt/airflow/dags/permission_fixer_dag.py took 0.040 seconds
[2025-05-01T02:25:22.324+0000] {processor.py:186} INFO - Started process (PID=731) to work on /opt/airflow/dags/permission_fixer_dag.py
[2025-05-01T02:25:22.325+0000] {processor.py:914} INFO - Processing file /opt/airflow/dags/permission_fixer_dag.py for tasks to queue
[2025-05-01T02:25:22.325+0000] {logging_mixin.py:190} INFO - [2025-05-01T02:25:22.325+0000] {dagbag.py:588} INFO - Filling up the DagBag from /opt/airflow/dags/permission_fixer_dag.py
[2025-05-01T02:25:22.332+0000] {processor.py:925} INFO - DAG(s) 'fix_permissions_dag' retrieved from /opt/airflow/dags/permission_fixer_dag.py
[2025-05-01T02:25:22.345+0000] {logging_mixin.py:190} INFO - [2025-05-01T02:25:22.345+0000] {dag.py:3239} INFO - Sync 1 DAGs
[2025-05-01T02:25:22.355+0000] {logging_mixin.py:190} INFO - [2025-05-01T02:25:22.355+0000] {dag.py:4180} INFO - Setting next_dagrun for fix_permissions_dag to 2025-05-01 02:00:00+00:00, run_after=2025-05-01 03:00:00+00:00
[2025-05-01T02:25:22.363+0000] {processor.py:208} INFO - Processing /opt/airflow/dags/permission_fixer_dag.py took 0.043 seconds
[2025-05-01T02:25:52.556+0000] {processor.py:186} INFO - Started process (PID=733) to work on /opt/airflow/dags/permission_fixer_dag.py
[2025-05-01T02:25:52.557+0000] {processor.py:914} INFO - Processing file /opt/airflow/dags/permission_fixer_dag.py for tasks to queue
[2025-05-01T02:25:52.557+0000] {logging_mixin.py:190} INFO - [2025-05-01T02:25:52.557+0000] {dagbag.py:588} INFO - Filling up the DagBag from /opt/airflow/dags/permission_fixer_dag.py
[2025-05-01T02:25:52.563+0000] {processor.py:925} INFO - DAG(s) 'fix_permissions_dag' retrieved from /opt/airflow/dags/permission_fixer_dag.py
[2025-05-01T02:25:52.575+0000] {logging_mixin.py:190} INFO - [2025-05-01T02:25:52.574+0000] {dag.py:3239} INFO - Sync 1 DAGs
[2025-05-01T02:25:52.584+0000] {logging_mixin.py:190} INFO - [2025-05-01T02:25:52.584+0000] {dag.py:4180} INFO - Setting next_dagrun for fix_permissions_dag to 2025-05-01 02:00:00+00:00, run_after=2025-05-01 03:00:00+00:00
[2025-05-01T02:25:52.591+0000] {processor.py:208} INFO - Processing /opt/airflow/dags/permission_fixer_dag.py took 0.038 seconds
[2025-05-01T02:26:22.811+0000] {processor.py:186} INFO - Started process (PID=735) to work on /opt/airflow/dags/permission_fixer_dag.py
[2025-05-01T02:26:22.812+0000] {processor.py:914} INFO - Processing file /opt/airflow/dags/permission_fixer_dag.py for tasks to queue
[2025-05-01T02:26:22.813+0000] {logging_mixin.py:190} INFO - [2025-05-01T02:26:22.813+0000] {dagbag.py:588} INFO - Filling up the DagBag from /opt/airflow/dags/permission_fixer_dag.py
[2025-05-01T02:26:22.819+0000] {processor.py:925} INFO - DAG(s) 'fix_permissions_dag' retrieved from /opt/airflow/dags/permission_fixer_dag.py
[2025-05-01T02:26:22.831+0000] {logging_mixin.py:190} INFO - [2025-05-01T02:26:22.831+0000] {dag.py:3239} INFO - Sync 1 DAGs
[2025-05-01T02:26:22.841+0000] {logging_mixin.py:190} INFO - [2025-05-01T02:26:22.841+0000] {dag.py:4180} INFO - Setting next_dagrun for fix_permissions_dag to 2025-05-01 02:00:00+00:00, run_after=2025-05-01 03:00:00+00:00
[2025-05-01T02:26:22.848+0000] {processor.py:208} INFO - Processing /opt/airflow/dags/permission_fixer_dag.py took 0.040 seconds
[2025-05-01T02:26:53.082+0000] {processor.py:186} INFO - Started process (PID=737) to work on /opt/airflow/dags/permission_fixer_dag.py
[2025-05-01T02:26:53.083+0000] {processor.py:914} INFO - Processing file /opt/airflow/dags/permission_fixer_dag.py for tasks to queue
[2025-05-01T02:26:53.084+0000] {logging_mixin.py:190} INFO - [2025-05-01T02:26:53.083+0000] {dagbag.py:588} INFO - Filling up the DagBag from /opt/airflow/dags/permission_fixer_dag.py
[2025-05-01T02:26:53.091+0000] {processor.py:925} INFO - DAG(s) 'fix_permissions_dag' retrieved from /opt/airflow/dags/permission_fixer_dag.py
[2025-05-01T02:26:53.105+0000] {logging_mixin.py:190} INFO - [2025-05-01T02:26:53.105+0000] {dag.py:3239} INFO - Sync 1 DAGs
[2025-05-01T02:26:53.116+0000] {logging_mixin.py:190} INFO - [2025-05-01T02:26:53.116+0000] {dag.py:4180} INFO - Setting next_dagrun for fix_permissions_dag to 2025-05-01 02:00:00+00:00, run_after=2025-05-01 03:00:00+00:00
[2025-05-01T02:26:53.123+0000] {processor.py:208} INFO - Processing /opt/airflow/dags/permission_fixer_dag.py took 0.046 seconds
[2025-05-01T02:27:23.308+0000] {processor.py:186} INFO - Started process (PID=739) to work on /opt/airflow/dags/permission_fixer_dag.py
[2025-05-01T02:27:23.309+0000] {processor.py:914} INFO - Processing file /opt/airflow/dags/permission_fixer_dag.py for tasks to queue
[2025-05-01T02:27:23.310+0000] {logging_mixin.py:190} INFO - [2025-05-01T02:27:23.309+0000] {dagbag.py:588} INFO - Filling up the DagBag from /opt/airflow/dags/permission_fixer_dag.py
[2025-05-01T02:27:23.316+0000] {processor.py:925} INFO - DAG(s) 'fix_permissions_dag' retrieved from /opt/airflow/dags/permission_fixer_dag.py
[2025-05-01T02:27:23.329+0000] {logging_mixin.py:190} INFO - [2025-05-01T02:27:23.329+0000] {dag.py:3239} INFO - Sync 1 DAGs
[2025-05-01T02:27:23.339+0000] {logging_mixin.py:190} INFO - [2025-05-01T02:27:23.339+0000] {dag.py:4180} INFO - Setting next_dagrun for fix_permissions_dag to 2025-05-01 02:00:00+00:00, run_after=2025-05-01 03:00:00+00:00
[2025-05-01T02:27:23.346+0000] {processor.py:208} INFO - Processing /opt/airflow/dags/permission_fixer_dag.py took 0.044 seconds
[2025-05-01T02:27:53.608+0000] {processor.py:186} INFO - Started process (PID=741) to work on /opt/airflow/dags/permission_fixer_dag.py
[2025-05-01T02:27:53.609+0000] {processor.py:914} INFO - Processing file /opt/airflow/dags/permission_fixer_dag.py for tasks to queue
[2025-05-01T02:27:53.610+0000] {logging_mixin.py:190} INFO - [2025-05-01T02:27:53.609+0000] {dagbag.py:588} INFO - Filling up the DagBag from /opt/airflow/dags/permission_fixer_dag.py
[2025-05-01T02:27:53.617+0000] {processor.py:925} INFO - DAG(s) 'fix_permissions_dag' retrieved from /opt/airflow/dags/permission_fixer_dag.py
[2025-05-01T02:27:53.630+0000] {logging_mixin.py:190} INFO - [2025-05-01T02:27:53.630+0000] {dag.py:3239} INFO - Sync 1 DAGs
[2025-05-01T02:27:53.641+0000] {logging_mixin.py:190} INFO - [2025-05-01T02:27:53.641+0000] {dag.py:4180} INFO - Setting next_dagrun for fix_permissions_dag to 2025-05-01 02:00:00+00:00, run_after=2025-05-01 03:00:00+00:00
[2025-05-01T02:27:53.649+0000] {processor.py:208} INFO - Processing /opt/airflow/dags/permission_fixer_dag.py took 0.047 seconds
[2025-05-01T02:28:23.877+0000] {processor.py:186} INFO - Started process (PID=743) to work on /opt/airflow/dags/permission_fixer_dag.py
[2025-05-01T02:28:23.878+0000] {processor.py:914} INFO - Processing file /opt/airflow/dags/permission_fixer_dag.py for tasks to queue
[2025-05-01T02:28:23.879+0000] {logging_mixin.py:190} INFO - [2025-05-01T02:28:23.879+0000] {dagbag.py:588} INFO - Filling up the DagBag from /opt/airflow/dags/permission_fixer_dag.py
[2025-05-01T02:28:23.887+0000] {processor.py:925} INFO - DAG(s) 'fix_permissions_dag' retrieved from /opt/airflow/dags/permission_fixer_dag.py
[2025-05-01T02:28:23.900+0000] {logging_mixin.py:190} INFO - [2025-05-01T02:28:23.900+0000] {dag.py:3239} INFO - Sync 1 DAGs
[2025-05-01T02:28:23.911+0000] {logging_mixin.py:190} INFO - [2025-05-01T02:28:23.911+0000] {dag.py:4180} INFO - Setting next_dagrun for fix_permissions_dag to 2025-05-01 02:00:00+00:00, run_after=2025-05-01 03:00:00+00:00
[2025-05-01T02:28:23.918+0000] {processor.py:208} INFO - Processing /opt/airflow/dags/permission_fixer_dag.py took 0.047 seconds
[2025-05-01T02:28:54.194+0000] {processor.py:186} INFO - Started process (PID=745) to work on /opt/airflow/dags/permission_fixer_dag.py
[2025-05-01T02:28:54.195+0000] {processor.py:914} INFO - Processing file /opt/airflow/dags/permission_fixer_dag.py for tasks to queue
[2025-05-01T02:28:54.196+0000] {logging_mixin.py:190} INFO - [2025-05-01T02:28:54.195+0000] {dagbag.py:588} INFO - Filling up the DagBag from /opt/airflow/dags/permission_fixer_dag.py
[2025-05-01T02:28:54.205+0000] {processor.py:925} INFO - DAG(s) 'fix_permissions_dag' retrieved from /opt/airflow/dags/permission_fixer_dag.py
[2025-05-01T02:28:54.219+0000] {logging_mixin.py:190} INFO - [2025-05-01T02:28:54.219+0000] {dag.py:3239} INFO - Sync 1 DAGs
[2025-05-01T02:28:54.229+0000] {logging_mixin.py:190} INFO - [2025-05-01T02:28:54.229+0000] {dag.py:4180} INFO - Setting next_dagrun for fix_permissions_dag to 2025-05-01 02:00:00+00:00, run_after=2025-05-01 03:00:00+00:00
[2025-05-01T02:28:54.236+0000] {processor.py:208} INFO - Processing /opt/airflow/dags/permission_fixer_dag.py took 0.047 seconds
[2025-05-01T04:25:11.160+0000] {processor.py:186} INFO - Started process (PID=746) to work on /opt/airflow/dags/permission_fixer_dag.py
[2025-05-01T04:25:11.161+0000] {processor.py:914} INFO - Processing file /opt/airflow/dags/permission_fixer_dag.py for tasks to queue
[2025-05-01T04:25:11.162+0000] {logging_mixin.py:190} INFO - [2025-05-01T04:25:11.162+0000] {dagbag.py:588} INFO - Filling up the DagBag from /opt/airflow/dags/permission_fixer_dag.py
[2025-05-01T04:25:11.168+0000] {processor.py:925} INFO - DAG(s) 'fix_permissions_dag' retrieved from /opt/airflow/dags/permission_fixer_dag.py
[2025-05-01T04:25:11.180+0000] {logging_mixin.py:190} INFO - [2025-05-01T04:25:11.180+0000] {dag.py:3239} INFO - Sync 1 DAGs
[2025-05-01T04:25:11.189+0000] {logging_mixin.py:190} INFO - [2025-05-01T04:25:11.189+0000] {dag.py:4180} INFO - Setting next_dagrun for fix_permissions_dag to 2025-05-01 03:00:00+00:00, run_after=2025-05-01 04:00:00+00:00
[2025-05-01T04:25:11.197+0000] {processor.py:208} INFO - Processing /opt/airflow/dags/permission_fixer_dag.py took 0.040 seconds
[2025-05-01T04:25:41.548+0000] {processor.py:186} INFO - Started process (PID=748) to work on /opt/airflow/dags/permission_fixer_dag.py
[2025-05-01T04:25:41.549+0000] {processor.py:914} INFO - Processing file /opt/airflow/dags/permission_fixer_dag.py for tasks to queue
[2025-05-01T04:25:41.549+0000] {logging_mixin.py:190} INFO - [2025-05-01T04:25:41.549+0000] {dagbag.py:588} INFO - Filling up the DagBag from /opt/airflow/dags/permission_fixer_dag.py
[2025-05-01T04:25:41.557+0000] {processor.py:925} INFO - DAG(s) 'fix_permissions_dag' retrieved from /opt/airflow/dags/permission_fixer_dag.py
[2025-05-01T04:25:41.571+0000] {logging_mixin.py:190} INFO - [2025-05-01T04:25:41.571+0000] {dag.py:3239} INFO - Sync 1 DAGs
[2025-05-01T04:25:41.583+0000] {logging_mixin.py:190} INFO - [2025-05-01T04:25:41.583+0000] {dag.py:4180} INFO - Setting next_dagrun for fix_permissions_dag to 2025-05-01 04:00:00+00:00, run_after=2025-05-01 05:00:00+00:00
[2025-05-01T04:25:41.593+0000] {processor.py:208} INFO - Processing /opt/airflow/dags/permission_fixer_dag.py took 0.051 seconds
[2025-05-01T04:44:27.372+0000] {processor.py:186} INFO - Started process (PID=750) to work on /opt/airflow/dags/permission_fixer_dag.py
[2025-05-01T04:44:27.372+0000] {processor.py:914} INFO - Processing file /opt/airflow/dags/permission_fixer_dag.py for tasks to queue
[2025-05-01T04:44:27.373+0000] {logging_mixin.py:190} INFO - [2025-05-01T04:44:27.372+0000] {dagbag.py:588} INFO - Filling up the DagBag from /opt/airflow/dags/permission_fixer_dag.py
[2025-05-01T04:44:27.378+0000] {processor.py:925} INFO - DAG(s) 'fix_permissions_dag' retrieved from /opt/airflow/dags/permission_fixer_dag.py
[2025-05-01T04:44:27.389+0000] {logging_mixin.py:190} INFO - [2025-05-01T04:44:27.389+0000] {dag.py:3239} INFO - Sync 1 DAGs
[2025-05-01T04:44:27.399+0000] {logging_mixin.py:190} INFO - [2025-05-01T04:44:27.399+0000] {dag.py:4180} INFO - Setting next_dagrun for fix_permissions_dag to 2025-05-01 04:00:00+00:00, run_after=2025-05-01 05:00:00+00:00
[2025-05-01T04:44:27.405+0000] {processor.py:208} INFO - Processing /opt/airflow/dags/permission_fixer_dag.py took 0.036 seconds
[2025-05-01T04:44:57.789+0000] {processor.py:186} INFO - Started process (PID=752) to work on /opt/airflow/dags/permission_fixer_dag.py
[2025-05-01T04:44:57.789+0000] {processor.py:914} INFO - Processing file /opt/airflow/dags/permission_fixer_dag.py for tasks to queue
[2025-05-01T04:44:57.790+0000] {logging_mixin.py:190} INFO - [2025-05-01T04:44:57.790+0000] {dagbag.py:588} INFO - Filling up the DagBag from /opt/airflow/dags/permission_fixer_dag.py
[2025-05-01T04:44:57.798+0000] {processor.py:925} INFO - DAG(s) 'fix_permissions_dag' retrieved from /opt/airflow/dags/permission_fixer_dag.py
[2025-05-01T04:44:57.812+0000] {logging_mixin.py:190} INFO - [2025-05-01T04:44:57.812+0000] {dag.py:3239} INFO - Sync 1 DAGs
[2025-05-01T04:44:57.823+0000] {logging_mixin.py:190} INFO - [2025-05-01T04:44:57.823+0000] {dag.py:4180} INFO - Setting next_dagrun for fix_permissions_dag to 2025-05-01 04:00:00+00:00, run_after=2025-05-01 05:00:00+00:00
[2025-05-01T04:44:57.830+0000] {processor.py:208} INFO - Processing /opt/airflow/dags/permission_fixer_dag.py took 0.047 seconds
[2025-05-01T05:00:00.587+0000] {processor.py:186} INFO - Started process (PID=754) to work on /opt/airflow/dags/permission_fixer_dag.py
[2025-05-01T05:00:00.588+0000] {processor.py:914} INFO - Processing file /opt/airflow/dags/permission_fixer_dag.py for tasks to queue
[2025-05-01T05:00:00.589+0000] {logging_mixin.py:190} INFO - [2025-05-01T05:00:00.588+0000] {dagbag.py:588} INFO - Filling up the DagBag from /opt/airflow/dags/permission_fixer_dag.py
[2025-05-01T05:00:00.595+0000] {processor.py:925} INFO - DAG(s) 'fix_permissions_dag' retrieved from /opt/airflow/dags/permission_fixer_dag.py
[2025-05-01T05:00:00.608+0000] {logging_mixin.py:190} INFO - [2025-05-01T05:00:00.608+0000] {dag.py:3239} INFO - Sync 1 DAGs
[2025-05-01T05:00:00.620+0000] {logging_mixin.py:190} INFO - [2025-05-01T05:00:00.620+0000] {dag.py:4180} INFO - Setting next_dagrun for fix_permissions_dag to 2025-05-01 05:00:00+00:00, run_after=2025-05-01 06:00:00+00:00
[2025-05-01T05:00:00.628+0000] {processor.py:208} INFO - Processing /opt/airflow/dags/permission_fixer_dag.py took 0.043 seconds
[2025-05-01T05:00:31.041+0000] {processor.py:186} INFO - Started process (PID=756) to work on /opt/airflow/dags/permission_fixer_dag.py
[2025-05-01T05:00:31.042+0000] {processor.py:914} INFO - Processing file /opt/airflow/dags/permission_fixer_dag.py for tasks to queue
[2025-05-01T05:00:31.043+0000] {logging_mixin.py:190} INFO - [2025-05-01T05:00:31.043+0000] {dagbag.py:588} INFO - Filling up the DagBag from /opt/airflow/dags/permission_fixer_dag.py
[2025-05-01T05:00:31.050+0000] {processor.py:925} INFO - DAG(s) 'fix_permissions_dag' retrieved from /opt/airflow/dags/permission_fixer_dag.py
[2025-05-01T05:00:31.064+0000] {logging_mixin.py:190} INFO - [2025-05-01T05:00:31.064+0000] {dag.py:3239} INFO - Sync 1 DAGs
[2025-05-01T05:00:31.076+0000] {logging_mixin.py:190} INFO - [2025-05-01T05:00:31.076+0000] {dag.py:4180} INFO - Setting next_dagrun for fix_permissions_dag to 2025-05-01 05:00:00+00:00, run_after=2025-05-01 06:00:00+00:00
[2025-05-01T05:00:31.083+0000] {processor.py:208} INFO - Processing /opt/airflow/dags/permission_fixer_dag.py took 0.049 seconds
[2025-05-01T05:01:01.412+0000] {processor.py:186} INFO - Started process (PID=758) to work on /opt/airflow/dags/permission_fixer_dag.py
[2025-05-01T05:01:01.413+0000] {processor.py:914} INFO - Processing file /opt/airflow/dags/permission_fixer_dag.py for tasks to queue
[2025-05-01T05:01:01.414+0000] {logging_mixin.py:190} INFO - [2025-05-01T05:01:01.413+0000] {dagbag.py:588} INFO - Filling up the DagBag from /opt/airflow/dags/permission_fixer_dag.py
[2025-05-01T05:01:01.421+0000] {processor.py:925} INFO - DAG(s) 'fix_permissions_dag' retrieved from /opt/airflow/dags/permission_fixer_dag.py
[2025-05-01T05:01:01.435+0000] {logging_mixin.py:190} INFO - [2025-05-01T05:01:01.435+0000] {dag.py:3239} INFO - Sync 1 DAGs
[2025-05-01T05:01:01.446+0000] {logging_mixin.py:190} INFO - [2025-05-01T05:01:01.445+0000] {dag.py:4180} INFO - Setting next_dagrun for fix_permissions_dag to 2025-05-01 05:00:00+00:00, run_after=2025-05-01 06:00:00+00:00
[2025-05-01T05:01:01.456+0000] {processor.py:208} INFO - Processing /opt/airflow/dags/permission_fixer_dag.py took 0.051 seconds
[2025-05-01T05:16:09.076+0000] {processor.py:186} INFO - Started process (PID=760) to work on /opt/airflow/dags/permission_fixer_dag.py
[2025-05-01T05:16:09.076+0000] {processor.py:914} INFO - Processing file /opt/airflow/dags/permission_fixer_dag.py for tasks to queue
[2025-05-01T05:16:09.077+0000] {logging_mixin.py:190} INFO - [2025-05-01T05:16:09.077+0000] {dagbag.py:588} INFO - Filling up the DagBag from /opt/airflow/dags/permission_fixer_dag.py
[2025-05-01T05:16:09.084+0000] {processor.py:925} INFO - DAG(s) 'fix_permissions_dag' retrieved from /opt/airflow/dags/permission_fixer_dag.py
[2025-05-01T05:16:09.098+0000] {logging_mixin.py:190} INFO - [2025-05-01T05:16:09.098+0000] {dag.py:3239} INFO - Sync 1 DAGs
[2025-05-01T05:16:09.108+0000] {logging_mixin.py:190} INFO - [2025-05-01T05:16:09.108+0000] {dag.py:4180} INFO - Setting next_dagrun for fix_permissions_dag to 2025-05-01 05:00:00+00:00, run_after=2025-05-01 06:00:00+00:00
[2025-05-01T05:16:09.116+0000] {processor.py:208} INFO - Processing /opt/airflow/dags/permission_fixer_dag.py took 0.044 seconds
[2025-05-01T05:16:39.452+0000] {processor.py:186} INFO - Started process (PID=762) to work on /opt/airflow/dags/permission_fixer_dag.py
[2025-05-01T05:16:39.452+0000] {processor.py:914} INFO - Processing file /opt/airflow/dags/permission_fixer_dag.py for tasks to queue
[2025-05-01T05:16:39.454+0000] {logging_mixin.py:190} INFO - [2025-05-01T05:16:39.454+0000] {dagbag.py:588} INFO - Filling up the DagBag from /opt/airflow/dags/permission_fixer_dag.py
[2025-05-01T05:16:39.461+0000] {processor.py:925} INFO - DAG(s) 'fix_permissions_dag' retrieved from /opt/airflow/dags/permission_fixer_dag.py
[2025-05-01T05:16:39.475+0000] {logging_mixin.py:190} INFO - [2025-05-01T05:16:39.475+0000] {dag.py:3239} INFO - Sync 1 DAGs
[2025-05-01T05:16:39.488+0000] {logging_mixin.py:190} INFO - [2025-05-01T05:16:39.487+0000] {dag.py:4180} INFO - Setting next_dagrun for fix_permissions_dag to 2025-05-01 05:00:00+00:00, run_after=2025-05-01 06:00:00+00:00
[2025-05-01T05:16:39.495+0000] {processor.py:208} INFO - Processing /opt/airflow/dags/permission_fixer_dag.py took 0.050 seconds
[2025-05-01T05:25:47.480+0000] {processor.py:186} INFO - Started process (PID=764) to work on /opt/airflow/dags/permission_fixer_dag.py
[2025-05-01T05:25:47.480+0000] {processor.py:914} INFO - Processing file /opt/airflow/dags/permission_fixer_dag.py for tasks to queue
[2025-05-01T05:25:47.481+0000] {logging_mixin.py:190} INFO - [2025-05-01T05:25:47.480+0000] {dagbag.py:588} INFO - Filling up the DagBag from /opt/airflow/dags/permission_fixer_dag.py
[2025-05-01T05:25:47.487+0000] {processor.py:925} INFO - DAG(s) 'fix_permissions_dag' retrieved from /opt/airflow/dags/permission_fixer_dag.py
[2025-05-01T05:25:47.499+0000] {logging_mixin.py:190} INFO - [2025-05-01T05:25:47.499+0000] {dag.py:3239} INFO - Sync 1 DAGs
[2025-05-01T05:25:47.509+0000] {logging_mixin.py:190} INFO - [2025-05-01T05:25:47.509+0000] {dag.py:4180} INFO - Setting next_dagrun for fix_permissions_dag to 2025-05-01 05:00:00+00:00, run_after=2025-05-01 06:00:00+00:00
[2025-05-01T05:25:47.516+0000] {processor.py:208} INFO - Processing /opt/airflow/dags/permission_fixer_dag.py took 0.040 seconds
[2025-05-01T05:26:17.883+0000] {processor.py:186} INFO - Started process (PID=766) to work on /opt/airflow/dags/permission_fixer_dag.py
[2025-05-01T05:26:17.884+0000] {processor.py:914} INFO - Processing file /opt/airflow/dags/permission_fixer_dag.py for tasks to queue
[2025-05-01T05:26:17.885+0000] {logging_mixin.py:190} INFO - [2025-05-01T05:26:17.885+0000] {dagbag.py:588} INFO - Filling up the DagBag from /opt/airflow/dags/permission_fixer_dag.py
[2025-05-01T05:26:17.893+0000] {processor.py:925} INFO - DAG(s) 'fix_permissions_dag' retrieved from /opt/airflow/dags/permission_fixer_dag.py
[2025-05-01T05:26:17.908+0000] {logging_mixin.py:190} INFO - [2025-05-01T05:26:17.907+0000] {dag.py:3239} INFO - Sync 1 DAGs
[2025-05-01T05:26:17.918+0000] {logging_mixin.py:190} INFO - [2025-05-01T05:26:17.918+0000] {dag.py:4180} INFO - Setting next_dagrun for fix_permissions_dag to 2025-05-01 05:00:00+00:00, run_after=2025-05-01 06:00:00+00:00
[2025-05-01T05:26:17.926+0000] {processor.py:208} INFO - Processing /opt/airflow/dags/permission_fixer_dag.py took 0.048 seconds
[2025-05-01T05:26:48.310+0000] {processor.py:186} INFO - Started process (PID=768) to work on /opt/airflow/dags/permission_fixer_dag.py
[2025-05-01T05:26:48.311+0000] {processor.py:914} INFO - Processing file /opt/airflow/dags/permission_fixer_dag.py for tasks to queue
[2025-05-01T05:26:48.312+0000] {logging_mixin.py:190} INFO - [2025-05-01T05:26:48.311+0000] {dagbag.py:588} INFO - Filling up the DagBag from /opt/airflow/dags/permission_fixer_dag.py
[2025-05-01T05:26:48.319+0000] {processor.py:925} INFO - DAG(s) 'fix_permissions_dag' retrieved from /opt/airflow/dags/permission_fixer_dag.py
[2025-05-01T05:26:48.332+0000] {logging_mixin.py:190} INFO - [2025-05-01T05:26:48.332+0000] {dag.py:3239} INFO - Sync 1 DAGs
[2025-05-01T05:26:48.343+0000] {logging_mixin.py:190} INFO - [2025-05-01T05:26:48.343+0000] {dag.py:4180} INFO - Setting next_dagrun for fix_permissions_dag to 2025-05-01 05:00:00+00:00, run_after=2025-05-01 06:00:00+00:00
[2025-05-01T05:26:48.350+0000] {processor.py:208} INFO - Processing /opt/airflow/dags/permission_fixer_dag.py took 0.046 seconds
[2025-05-01T05:27:18.649+0000] {processor.py:186} INFO - Started process (PID=770) to work on /opt/airflow/dags/permission_fixer_dag.py
[2025-05-01T05:27:18.649+0000] {processor.py:914} INFO - Processing file /opt/airflow/dags/permission_fixer_dag.py for tasks to queue
[2025-05-01T05:27:18.650+0000] {logging_mixin.py:190} INFO - [2025-05-01T05:27:18.650+0000] {dagbag.py:588} INFO - Filling up the DagBag from /opt/airflow/dags/permission_fixer_dag.py
[2025-05-01T05:27:18.658+0000] {processor.py:925} INFO - DAG(s) 'fix_permissions_dag' retrieved from /opt/airflow/dags/permission_fixer_dag.py
[2025-05-01T05:27:18.672+0000] {logging_mixin.py:190} INFO - [2025-05-01T05:27:18.672+0000] {dag.py:3239} INFO - Sync 1 DAGs
[2025-05-01T05:27:18.683+0000] {logging_mixin.py:190} INFO - [2025-05-01T05:27:18.683+0000] {dag.py:4180} INFO - Setting next_dagrun for fix_permissions_dag to 2025-05-01 05:00:00+00:00, run_after=2025-05-01 06:00:00+00:00
[2025-05-01T05:27:18.690+0000] {processor.py:208} INFO - Processing /opt/airflow/dags/permission_fixer_dag.py took 0.048 seconds
[2025-05-01T05:46:16.584+0000] {processor.py:186} INFO - Started process (PID=772) to work on /opt/airflow/dags/permission_fixer_dag.py
[2025-05-01T05:46:16.584+0000] {processor.py:914} INFO - Processing file /opt/airflow/dags/permission_fixer_dag.py for tasks to queue
[2025-05-01T05:46:16.585+0000] {logging_mixin.py:190} INFO - [2025-05-01T05:46:16.585+0000] {dagbag.py:588} INFO - Filling up the DagBag from /opt/airflow/dags/permission_fixer_dag.py
[2025-05-01T05:46:16.593+0000] {processor.py:925} INFO - DAG(s) 'fix_permissions_dag' retrieved from /opt/airflow/dags/permission_fixer_dag.py
[2025-05-01T05:46:16.606+0000] {logging_mixin.py:190} INFO - [2025-05-01T05:46:16.606+0000] {dag.py:3239} INFO - Sync 1 DAGs
[2025-05-01T05:46:16.619+0000] {logging_mixin.py:190} INFO - [2025-05-01T05:46:16.619+0000] {dag.py:4180} INFO - Setting next_dagrun for fix_permissions_dag to 2025-05-01 05:00:00+00:00, run_after=2025-05-01 06:00:00+00:00
[2025-05-01T05:46:16.626+0000] {processor.py:208} INFO - Processing /opt/airflow/dags/permission_fixer_dag.py took 0.045 seconds
[2025-05-01T05:46:46.979+0000] {processor.py:186} INFO - Started process (PID=774) to work on /opt/airflow/dags/permission_fixer_dag.py
[2025-05-01T05:46:46.980+0000] {processor.py:914} INFO - Processing file /opt/airflow/dags/permission_fixer_dag.py for tasks to queue
[2025-05-01T05:46:46.981+0000] {logging_mixin.py:190} INFO - [2025-05-01T05:46:46.980+0000] {dagbag.py:588} INFO - Filling up the DagBag from /opt/airflow/dags/permission_fixer_dag.py
[2025-05-01T05:46:46.988+0000] {processor.py:925} INFO - DAG(s) 'fix_permissions_dag' retrieved from /opt/airflow/dags/permission_fixer_dag.py
[2025-05-01T05:46:47.003+0000] {logging_mixin.py:190} INFO - [2025-05-01T05:46:47.002+0000] {dag.py:3239} INFO - Sync 1 DAGs
[2025-05-01T05:46:47.014+0000] {logging_mixin.py:190} INFO - [2025-05-01T05:46:47.014+0000] {dag.py:4180} INFO - Setting next_dagrun for fix_permissions_dag to 2025-05-01 05:00:00+00:00, run_after=2025-05-01 06:00:00+00:00
[2025-05-01T05:46:47.022+0000] {processor.py:208} INFO - Processing /opt/airflow/dags/permission_fixer_dag.py took 0.047 seconds
[2025-05-01T06:01:49.804+0000] {processor.py:186} INFO - Started process (PID=776) to work on /opt/airflow/dags/permission_fixer_dag.py
[2025-05-01T06:01:49.805+0000] {processor.py:914} INFO - Processing file /opt/airflow/dags/permission_fixer_dag.py for tasks to queue
[2025-05-01T06:01:49.805+0000] {logging_mixin.py:190} INFO - [2025-05-01T06:01:49.805+0000] {dagbag.py:588} INFO - Filling up the DagBag from /opt/airflow/dags/permission_fixer_dag.py
[2025-05-01T06:01:49.810+0000] {processor.py:925} INFO - DAG(s) 'fix_permissions_dag' retrieved from /opt/airflow/dags/permission_fixer_dag.py
[2025-05-01T06:01:49.822+0000] {logging_mixin.py:190} INFO - [2025-05-01T06:01:49.822+0000] {dag.py:3239} INFO - Sync 1 DAGs
[2025-05-01T06:01:49.833+0000] {logging_mixin.py:190} INFO - [2025-05-01T06:01:49.833+0000] {dag.py:4180} INFO - Setting next_dagrun for fix_permissions_dag to 2025-05-01 05:00:00+00:00, run_after=2025-05-01 06:00:00+00:00
[2025-05-01T06:01:49.841+0000] {processor.py:208} INFO - Processing /opt/airflow/dags/permission_fixer_dag.py took 0.039 seconds
[2025-05-01T06:02:20.278+0000] {processor.py:186} INFO - Started process (PID=778) to work on /opt/airflow/dags/permission_fixer_dag.py
[2025-05-01T06:02:20.280+0000] {processor.py:914} INFO - Processing file /opt/airflow/dags/permission_fixer_dag.py for tasks to queue
[2025-05-01T06:02:20.281+0000] {logging_mixin.py:190} INFO - [2025-05-01T06:02:20.280+0000] {dagbag.py:588} INFO - Filling up the DagBag from /opt/airflow/dags/permission_fixer_dag.py
[2025-05-01T06:02:20.288+0000] {processor.py:925} INFO - DAG(s) 'fix_permissions_dag' retrieved from /opt/airflow/dags/permission_fixer_dag.py
[2025-05-01T06:02:20.302+0000] {logging_mixin.py:190} INFO - [2025-05-01T06:02:20.302+0000] {dag.py:3239} INFO - Sync 1 DAGs
[2025-05-01T06:02:20.314+0000] {logging_mixin.py:190} INFO - [2025-05-01T06:02:20.314+0000] {dag.py:4180} INFO - Setting next_dagrun for fix_permissions_dag to 2025-05-01 06:00:00+00:00, run_after=2025-05-01 07:00:00+00:00
[2025-05-01T06:02:20.321+0000] {processor.py:208} INFO - Processing /opt/airflow/dags/permission_fixer_dag.py took 0.050 seconds
[2025-05-01T06:05:43.199+0000] {processor.py:186} INFO - Started process (PID=780) to work on /opt/airflow/dags/permission_fixer_dag.py
[2025-05-01T06:05:43.199+0000] {processor.py:914} INFO - Processing file /opt/airflow/dags/permission_fixer_dag.py for tasks to queue
[2025-05-01T06:05:43.200+0000] {logging_mixin.py:190} INFO - [2025-05-01T06:05:43.200+0000] {dagbag.py:588} INFO - Filling up the DagBag from /opt/airflow/dags/permission_fixer_dag.py
[2025-05-01T06:05:43.206+0000] {processor.py:925} INFO - DAG(s) 'fix_permissions_dag' retrieved from /opt/airflow/dags/permission_fixer_dag.py
[2025-05-01T06:05:43.220+0000] {logging_mixin.py:190} INFO - [2025-05-01T06:05:43.220+0000] {dag.py:3239} INFO - Sync 1 DAGs
[2025-05-01T06:05:43.231+0000] {logging_mixin.py:190} INFO - [2025-05-01T06:05:43.231+0000] {dag.py:4180} INFO - Setting next_dagrun for fix_permissions_dag to 2025-05-01 06:00:00+00:00, run_after=2025-05-01 07:00:00+00:00
[2025-05-01T06:05:43.238+0000] {processor.py:208} INFO - Processing /opt/airflow/dags/permission_fixer_dag.py took 0.044 seconds
[2025-05-01T06:06:13.629+0000] {processor.py:186} INFO - Started process (PID=782) to work on /opt/airflow/dags/permission_fixer_dag.py
[2025-05-01T06:06:13.629+0000] {processor.py:914} INFO - Processing file /opt/airflow/dags/permission_fixer_dag.py for tasks to queue
[2025-05-01T06:06:13.630+0000] {logging_mixin.py:190} INFO - [2025-05-01T06:06:13.630+0000] {dagbag.py:588} INFO - Filling up the DagBag from /opt/airflow/dags/permission_fixer_dag.py
[2025-05-01T06:06:13.637+0000] {processor.py:925} INFO - DAG(s) 'fix_permissions_dag' retrieved from /opt/airflow/dags/permission_fixer_dag.py
[2025-05-01T06:06:13.651+0000] {logging_mixin.py:190} INFO - [2025-05-01T06:06:13.651+0000] {dag.py:3239} INFO - Sync 1 DAGs
[2025-05-01T06:06:13.662+0000] {logging_mixin.py:190} INFO - [2025-05-01T06:06:13.662+0000] {dag.py:4180} INFO - Setting next_dagrun for fix_permissions_dag to 2025-05-01 06:00:00+00:00, run_after=2025-05-01 07:00:00+00:00
[2025-05-01T06:06:13.670+0000] {processor.py:208} INFO - Processing /opt/airflow/dags/permission_fixer_dag.py took 0.047 seconds
[2025-05-01T06:21:20.243+0000] {processor.py:186} INFO - Started process (PID=784) to work on /opt/airflow/dags/permission_fixer_dag.py
[2025-05-01T06:21:20.243+0000] {processor.py:914} INFO - Processing file /opt/airflow/dags/permission_fixer_dag.py for tasks to queue
[2025-05-01T06:21:20.244+0000] {logging_mixin.py:190} INFO - [2025-05-01T06:21:20.244+0000] {dagbag.py:588} INFO - Filling up the DagBag from /opt/airflow/dags/permission_fixer_dag.py
[2025-05-01T06:21:20.251+0000] {processor.py:925} INFO - DAG(s) 'fix_permissions_dag' retrieved from /opt/airflow/dags/permission_fixer_dag.py
[2025-05-01T06:21:20.265+0000] {logging_mixin.py:190} INFO - [2025-05-01T06:21:20.265+0000] {dag.py:3239} INFO - Sync 1 DAGs
[2025-05-01T06:21:20.275+0000] {logging_mixin.py:190} INFO - [2025-05-01T06:21:20.275+0000] {dag.py:4180} INFO - Setting next_dagrun for fix_permissions_dag to 2025-05-01 06:00:00+00:00, run_after=2025-05-01 07:00:00+00:00
[2025-05-01T06:21:20.282+0000] {processor.py:208} INFO - Processing /opt/airflow/dags/permission_fixer_dag.py took 0.044 seconds
[2025-05-01T06:21:50.650+0000] {processor.py:186} INFO - Started process (PID=786) to work on /opt/airflow/dags/permission_fixer_dag.py
[2025-05-01T06:21:50.651+0000] {processor.py:914} INFO - Processing file /opt/airflow/dags/permission_fixer_dag.py for tasks to queue
[2025-05-01T06:21:50.653+0000] {logging_mixin.py:190} INFO - [2025-05-01T06:21:50.652+0000] {dagbag.py:588} INFO - Filling up the DagBag from /opt/airflow/dags/permission_fixer_dag.py
[2025-05-01T06:21:50.660+0000] {processor.py:925} INFO - DAG(s) 'fix_permissions_dag' retrieved from /opt/airflow/dags/permission_fixer_dag.py
[2025-05-01T06:21:50.675+0000] {logging_mixin.py:190} INFO - [2025-05-01T06:21:50.675+0000] {dag.py:3239} INFO - Sync 1 DAGs
[2025-05-01T06:21:50.686+0000] {logging_mixin.py:190} INFO - [2025-05-01T06:21:50.685+0000] {dag.py:4180} INFO - Setting next_dagrun for fix_permissions_dag to 2025-05-01 06:00:00+00:00, run_after=2025-05-01 07:00:00+00:00
[2025-05-01T06:21:50.694+0000] {processor.py:208} INFO - Processing /opt/airflow/dags/permission_fixer_dag.py took 0.050 seconds
[2025-05-01T06:26:57.314+0000] {processor.py:186} INFO - Started process (PID=788) to work on /opt/airflow/dags/permission_fixer_dag.py
[2025-05-01T06:26:57.314+0000] {processor.py:914} INFO - Processing file /opt/airflow/dags/permission_fixer_dag.py for tasks to queue
[2025-05-01T06:26:57.315+0000] {logging_mixin.py:190} INFO - [2025-05-01T06:26:57.315+0000] {dagbag.py:588} INFO - Filling up the DagBag from /opt/airflow/dags/permission_fixer_dag.py
[2025-05-01T06:26:57.321+0000] {processor.py:925} INFO - DAG(s) 'fix_permissions_dag' retrieved from /opt/airflow/dags/permission_fixer_dag.py
[2025-05-01T06:26:57.334+0000] {logging_mixin.py:190} INFO - [2025-05-01T06:26:57.334+0000] {dag.py:3239} INFO - Sync 1 DAGs
[2025-05-01T06:26:57.344+0000] {logging_mixin.py:190} INFO - [2025-05-01T06:26:57.344+0000] {dag.py:4180} INFO - Setting next_dagrun for fix_permissions_dag to 2025-05-01 06:00:00+00:00, run_after=2025-05-01 07:00:00+00:00
[2025-05-01T06:26:57.351+0000] {processor.py:208} INFO - Processing /opt/airflow/dags/permission_fixer_dag.py took 0.044 seconds
[2025-05-01T06:27:27.688+0000] {processor.py:186} INFO - Started process (PID=790) to work on /opt/airflow/dags/permission_fixer_dag.py
[2025-05-01T06:27:27.689+0000] {processor.py:914} INFO - Processing file /opt/airflow/dags/permission_fixer_dag.py for tasks to queue
[2025-05-01T06:27:27.690+0000] {logging_mixin.py:190} INFO - [2025-05-01T06:27:27.690+0000] {dagbag.py:588} INFO - Filling up the DagBag from /opt/airflow/dags/permission_fixer_dag.py
[2025-05-01T06:27:27.697+0000] {processor.py:925} INFO - DAG(s) 'fix_permissions_dag' retrieved from /opt/airflow/dags/permission_fixer_dag.py
[2025-05-01T06:27:27.711+0000] {logging_mixin.py:190} INFO - [2025-05-01T06:27:27.711+0000] {dag.py:3239} INFO - Sync 1 DAGs
[2025-05-01T06:27:27.721+0000] {logging_mixin.py:190} INFO - [2025-05-01T06:27:27.721+0000] {dag.py:4180} INFO - Setting next_dagrun for fix_permissions_dag to 2025-05-01 06:00:00+00:00, run_after=2025-05-01 07:00:00+00:00
[2025-05-01T06:27:27.728+0000] {processor.py:208} INFO - Processing /opt/airflow/dags/permission_fixer_dag.py took 0.044 seconds
[2025-05-01T06:42:31.183+0000] {processor.py:186} INFO - Started process (PID=792) to work on /opt/airflow/dags/permission_fixer_dag.py
[2025-05-01T06:42:31.184+0000] {processor.py:914} INFO - Processing file /opt/airflow/dags/permission_fixer_dag.py for tasks to queue
[2025-05-01T06:42:31.184+0000] {logging_mixin.py:190} INFO - [2025-05-01T06:42:31.184+0000] {dagbag.py:588} INFO - Filling up the DagBag from /opt/airflow/dags/permission_fixer_dag.py
[2025-05-01T06:42:31.192+0000] {processor.py:925} INFO - DAG(s) 'fix_permissions_dag' retrieved from /opt/airflow/dags/permission_fixer_dag.py
[2025-05-01T06:42:31.205+0000] {logging_mixin.py:190} INFO - [2025-05-01T06:42:31.205+0000] {dag.py:3239} INFO - Sync 1 DAGs
[2025-05-01T06:42:31.215+0000] {logging_mixin.py:190} INFO - [2025-05-01T06:42:31.215+0000] {dag.py:4180} INFO - Setting next_dagrun for fix_permissions_dag to 2025-05-01 06:00:00+00:00, run_after=2025-05-01 07:00:00+00:00
[2025-05-01T06:42:31.223+0000] {processor.py:208} INFO - Processing /opt/airflow/dags/permission_fixer_dag.py took 0.044 seconds
[2025-05-01T06:43:01.606+0000] {processor.py:186} INFO - Started process (PID=794) to work on /opt/airflow/dags/permission_fixer_dag.py
[2025-05-01T06:43:01.607+0000] {processor.py:914} INFO - Processing file /opt/airflow/dags/permission_fixer_dag.py for tasks to queue
[2025-05-01T06:43:01.608+0000] {logging_mixin.py:190} INFO - [2025-05-01T06:43:01.608+0000] {dagbag.py:588} INFO - Filling up the DagBag from /opt/airflow/dags/permission_fixer_dag.py
[2025-05-01T06:43:01.615+0000] {processor.py:925} INFO - DAG(s) 'fix_permissions_dag' retrieved from /opt/airflow/dags/permission_fixer_dag.py
[2025-05-01T06:43:01.629+0000] {logging_mixin.py:190} INFO - [2025-05-01T06:43:01.629+0000] {dag.py:3239} INFO - Sync 1 DAGs
[2025-05-01T06:43:01.640+0000] {logging_mixin.py:190} INFO - [2025-05-01T06:43:01.640+0000] {dag.py:4180} INFO - Setting next_dagrun for fix_permissions_dag to 2025-05-01 06:00:00+00:00, run_after=2025-05-01 07:00:00+00:00
[2025-05-01T06:43:01.648+0000] {processor.py:208} INFO - Processing /opt/airflow/dags/permission_fixer_dag.py took 0.048 seconds
[2025-05-01T06:43:31.995+0000] {processor.py:186} INFO - Started process (PID=796) to work on /opt/airflow/dags/permission_fixer_dag.py
[2025-05-01T06:43:31.996+0000] {processor.py:914} INFO - Processing file /opt/airflow/dags/permission_fixer_dag.py for tasks to queue
[2025-05-01T06:43:31.997+0000] {logging_mixin.py:190} INFO - [2025-05-01T06:43:31.997+0000] {dagbag.py:588} INFO - Filling up the DagBag from /opt/airflow/dags/permission_fixer_dag.py
[2025-05-01T06:43:32.003+0000] {processor.py:925} INFO - DAG(s) 'fix_permissions_dag' retrieved from /opt/airflow/dags/permission_fixer_dag.py
[2025-05-01T06:43:32.017+0000] {logging_mixin.py:190} INFO - [2025-05-01T06:43:32.017+0000] {dag.py:3239} INFO - Sync 1 DAGs
[2025-05-01T06:43:32.028+0000] {logging_mixin.py:190} INFO - [2025-05-01T06:43:32.027+0000] {dag.py:4180} INFO - Setting next_dagrun for fix_permissions_dag to 2025-05-01 06:00:00+00:00, run_after=2025-05-01 07:00:00+00:00
[2025-05-01T06:43:32.035+0000] {processor.py:208} INFO - Processing /opt/airflow/dags/permission_fixer_dag.py took 0.044 seconds
[2025-05-01T06:58:36.156+0000] {processor.py:186} INFO - Started process (PID=798) to work on /opt/airflow/dags/permission_fixer_dag.py
[2025-05-01T06:58:36.156+0000] {processor.py:914} INFO - Processing file /opt/airflow/dags/permission_fixer_dag.py for tasks to queue
[2025-05-01T06:58:36.157+0000] {logging_mixin.py:190} INFO - [2025-05-01T06:58:36.157+0000] {dagbag.py:588} INFO - Filling up the DagBag from /opt/airflow/dags/permission_fixer_dag.py
[2025-05-01T06:58:36.162+0000] {processor.py:925} INFO - DAG(s) 'fix_permissions_dag' retrieved from /opt/airflow/dags/permission_fixer_dag.py
[2025-05-01T06:58:36.174+0000] {logging_mixin.py:190} INFO - [2025-05-01T06:58:36.174+0000] {dag.py:3239} INFO - Sync 1 DAGs
[2025-05-01T06:58:36.184+0000] {logging_mixin.py:190} INFO - [2025-05-01T06:58:36.184+0000] {dag.py:4180} INFO - Setting next_dagrun for fix_permissions_dag to 2025-05-01 06:00:00+00:00, run_after=2025-05-01 07:00:00+00:00
[2025-05-01T06:58:36.190+0000] {processor.py:208} INFO - Processing /opt/airflow/dags/permission_fixer_dag.py took 0.038 seconds
[2025-05-01T06:59:06.502+0000] {processor.py:186} INFO - Started process (PID=800) to work on /opt/airflow/dags/permission_fixer_dag.py
[2025-05-01T06:59:06.503+0000] {processor.py:914} INFO - Processing file /opt/airflow/dags/permission_fixer_dag.py for tasks to queue
[2025-05-01T06:59:06.504+0000] {logging_mixin.py:190} INFO - [2025-05-01T06:59:06.504+0000] {dagbag.py:588} INFO - Filling up the DagBag from /opt/airflow/dags/permission_fixer_dag.py
[2025-05-01T06:59:06.512+0000] {processor.py:925} INFO - DAG(s) 'fix_permissions_dag' retrieved from /opt/airflow/dags/permission_fixer_dag.py
[2025-05-01T06:59:06.526+0000] {logging_mixin.py:190} INFO - [2025-05-01T06:59:06.526+0000] {dag.py:3239} INFO - Sync 1 DAGs
[2025-05-01T06:59:06.537+0000] {logging_mixin.py:190} INFO - [2025-05-01T06:59:06.537+0000] {dag.py:4180} INFO - Setting next_dagrun for fix_permissions_dag to 2025-05-01 06:00:00+00:00, run_after=2025-05-01 07:00:00+00:00
[2025-05-01T06:59:06.544+0000] {processor.py:208} INFO - Processing /opt/airflow/dags/permission_fixer_dag.py took 0.047 seconds
[2025-05-01T07:27:48.121+0000] {processor.py:186} INFO - Started process (PID=802) to work on /opt/airflow/dags/permission_fixer_dag.py
[2025-05-01T07:27:48.122+0000] {processor.py:914} INFO - Processing file /opt/airflow/dags/permission_fixer_dag.py for tasks to queue
[2025-05-01T07:27:48.123+0000] {logging_mixin.py:190} INFO - [2025-05-01T07:27:48.123+0000] {dagbag.py:588} INFO - Filling up the DagBag from /opt/airflow/dags/permission_fixer_dag.py
[2025-05-01T07:27:48.128+0000] {processor.py:925} INFO - DAG(s) 'fix_permissions_dag' retrieved from /opt/airflow/dags/permission_fixer_dag.py
[2025-05-01T07:27:48.142+0000] {logging_mixin.py:190} INFO - [2025-05-01T07:27:48.142+0000] {dag.py:3239} INFO - Sync 1 DAGs
[2025-05-01T07:27:48.152+0000] {logging_mixin.py:190} INFO - [2025-05-01T07:27:48.152+0000] {dag.py:4180} INFO - Setting next_dagrun for fix_permissions_dag to 2025-05-01 07:00:00+00:00, run_after=2025-05-01 08:00:00+00:00
[2025-05-01T07:27:48.161+0000] {processor.py:208} INFO - Processing /opt/airflow/dags/permission_fixer_dag.py took 0.042 seconds
[2025-05-01T07:28:18.477+0000] {processor.py:186} INFO - Started process (PID=804) to work on /opt/airflow/dags/permission_fixer_dag.py
[2025-05-01T07:28:18.478+0000] {processor.py:914} INFO - Processing file /opt/airflow/dags/permission_fixer_dag.py for tasks to queue
[2025-05-01T07:28:18.479+0000] {logging_mixin.py:190} INFO - [2025-05-01T07:28:18.478+0000] {dagbag.py:588} INFO - Filling up the DagBag from /opt/airflow/dags/permission_fixer_dag.py
[2025-05-01T07:28:18.485+0000] {processor.py:925} INFO - DAG(s) 'fix_permissions_dag' retrieved from /opt/airflow/dags/permission_fixer_dag.py
[2025-05-01T07:28:18.498+0000] {logging_mixin.py:190} INFO - [2025-05-01T07:28:18.498+0000] {dag.py:3239} INFO - Sync 1 DAGs
[2025-05-01T07:28:18.509+0000] {logging_mixin.py:190} INFO - [2025-05-01T07:28:18.509+0000] {dag.py:4180} INFO - Setting next_dagrun for fix_permissions_dag to 2025-05-01 07:00:00+00:00, run_after=2025-05-01 08:00:00+00:00
[2025-05-01T07:28:18.515+0000] {processor.py:208} INFO - Processing /opt/airflow/dags/permission_fixer_dag.py took 0.042 seconds
[2025-05-01T07:43:21.244+0000] {processor.py:186} INFO - Started process (PID=806) to work on /opt/airflow/dags/permission_fixer_dag.py
[2025-05-01T07:43:21.244+0000] {processor.py:914} INFO - Processing file /opt/airflow/dags/permission_fixer_dag.py for tasks to queue
[2025-05-01T07:43:21.245+0000] {logging_mixin.py:190} INFO - [2025-05-01T07:43:21.245+0000] {dagbag.py:588} INFO - Filling up the DagBag from /opt/airflow/dags/permission_fixer_dag.py
[2025-05-01T07:43:21.252+0000] {processor.py:925} INFO - DAG(s) 'fix_permissions_dag' retrieved from /opt/airflow/dags/permission_fixer_dag.py
[2025-05-01T07:43:21.265+0000] {logging_mixin.py:190} INFO - [2025-05-01T07:43:21.265+0000] {dag.py:3239} INFO - Sync 1 DAGs
[2025-05-01T07:43:21.276+0000] {logging_mixin.py:190} INFO - [2025-05-01T07:43:21.275+0000] {dag.py:4180} INFO - Setting next_dagrun for fix_permissions_dag to 2025-05-01 07:00:00+00:00, run_after=2025-05-01 08:00:00+00:00
[2025-05-01T07:43:21.282+0000] {processor.py:208} INFO - Processing /opt/airflow/dags/permission_fixer_dag.py took 0.043 seconds
[2025-05-01T07:43:51.660+0000] {processor.py:186} INFO - Started process (PID=808) to work on /opt/airflow/dags/permission_fixer_dag.py
[2025-05-01T07:43:51.660+0000] {processor.py:914} INFO - Processing file /opt/airflow/dags/permission_fixer_dag.py for tasks to queue
[2025-05-01T07:43:51.661+0000] {logging_mixin.py:190} INFO - [2025-05-01T07:43:51.661+0000] {dagbag.py:588} INFO - Filling up the DagBag from /opt/airflow/dags/permission_fixer_dag.py
[2025-05-01T07:43:51.669+0000] {processor.py:925} INFO - DAG(s) 'fix_permissions_dag' retrieved from /opt/airflow/dags/permission_fixer_dag.py
[2025-05-01T07:43:51.683+0000] {logging_mixin.py:190} INFO - [2025-05-01T07:43:51.683+0000] {dag.py:3239} INFO - Sync 1 DAGs
[2025-05-01T07:43:51.694+0000] {logging_mixin.py:190} INFO - [2025-05-01T07:43:51.694+0000] {dag.py:4180} INFO - Setting next_dagrun for fix_permissions_dag to 2025-05-01 07:00:00+00:00, run_after=2025-05-01 08:00:00+00:00
[2025-05-01T07:43:51.701+0000] {processor.py:208} INFO - Processing /opt/airflow/dags/permission_fixer_dag.py took 0.047 seconds
[2025-05-01T07:58:54.376+0000] {processor.py:186} INFO - Started process (PID=810) to work on /opt/airflow/dags/permission_fixer_dag.py
[2025-05-01T07:58:54.377+0000] {processor.py:914} INFO - Processing file /opt/airflow/dags/permission_fixer_dag.py for tasks to queue
[2025-05-01T07:58:54.378+0000] {logging_mixin.py:190} INFO - [2025-05-01T07:58:54.377+0000] {dagbag.py:588} INFO - Filling up the DagBag from /opt/airflow/dags/permission_fixer_dag.py
[2025-05-01T07:58:54.384+0000] {processor.py:925} INFO - DAG(s) 'fix_permissions_dag' retrieved from /opt/airflow/dags/permission_fixer_dag.py
[2025-05-01T07:58:54.398+0000] {logging_mixin.py:190} INFO - [2025-05-01T07:58:54.398+0000] {dag.py:3239} INFO - Sync 1 DAGs
[2025-05-01T07:58:54.408+0000] {logging_mixin.py:190} INFO - [2025-05-01T07:58:54.408+0000] {dag.py:4180} INFO - Setting next_dagrun for fix_permissions_dag to 2025-05-01 07:00:00+00:00, run_after=2025-05-01 08:00:00+00:00
[2025-05-01T07:58:54.416+0000] {processor.py:208} INFO - Processing /opt/airflow/dags/permission_fixer_dag.py took 0.044 seconds
[2025-05-01T07:59:24.786+0000] {processor.py:186} INFO - Started process (PID=812) to work on /opt/airflow/dags/permission_fixer_dag.py
[2025-05-01T07:59:24.787+0000] {processor.py:914} INFO - Processing file /opt/airflow/dags/permission_fixer_dag.py for tasks to queue
[2025-05-01T07:59:24.788+0000] {logging_mixin.py:190} INFO - [2025-05-01T07:59:24.788+0000] {dagbag.py:588} INFO - Filling up the DagBag from /opt/airflow/dags/permission_fixer_dag.py
[2025-05-01T07:59:24.796+0000] {processor.py:925} INFO - DAG(s) 'fix_permissions_dag' retrieved from /opt/airflow/dags/permission_fixer_dag.py
[2025-05-01T07:59:24.810+0000] {logging_mixin.py:190} INFO - [2025-05-01T07:59:24.810+0000] {dag.py:3239} INFO - Sync 1 DAGs
[2025-05-01T07:59:24.822+0000] {logging_mixin.py:190} INFO - [2025-05-01T07:59:24.822+0000] {dag.py:4180} INFO - Setting next_dagrun for fix_permissions_dag to 2025-05-01 07:00:00+00:00, run_after=2025-05-01 08:00:00+00:00
[2025-05-01T07:59:24.830+0000] {processor.py:208} INFO - Processing /opt/airflow/dags/permission_fixer_dag.py took 0.049 seconds
[2025-05-01T08:22:58.446+0000] {processor.py:186} INFO - Started process (PID=814) to work on /opt/airflow/dags/permission_fixer_dag.py
[2025-05-01T08:22:58.446+0000] {processor.py:914} INFO - Processing file /opt/airflow/dags/permission_fixer_dag.py for tasks to queue
[2025-05-01T08:22:58.447+0000] {logging_mixin.py:190} INFO - [2025-05-01T08:22:58.447+0000] {dagbag.py:588} INFO - Filling up the DagBag from /opt/airflow/dags/permission_fixer_dag.py
[2025-05-01T08:22:58.452+0000] {processor.py:925} INFO - DAG(s) 'fix_permissions_dag' retrieved from /opt/airflow/dags/permission_fixer_dag.py
[2025-05-01T08:22:58.464+0000] {logging_mixin.py:190} INFO - [2025-05-01T08:22:58.464+0000] {dag.py:3239} INFO - Sync 1 DAGs
[2025-05-01T08:22:58.474+0000] {logging_mixin.py:190} INFO - [2025-05-01T08:22:58.474+0000] {dag.py:4180} INFO - Setting next_dagrun for fix_permissions_dag to 2025-05-01 07:00:00+00:00, run_after=2025-05-01 08:00:00+00:00
[2025-05-01T08:22:58.480+0000] {processor.py:208} INFO - Processing /opt/airflow/dags/permission_fixer_dag.py took 0.038 seconds
[2025-05-01T08:23:28.774+0000] {processor.py:186} INFO - Started process (PID=816) to work on /opt/airflow/dags/permission_fixer_dag.py
[2025-05-01T08:23:28.775+0000] {processor.py:914} INFO - Processing file /opt/airflow/dags/permission_fixer_dag.py for tasks to queue
[2025-05-01T08:23:28.776+0000] {logging_mixin.py:190} INFO - [2025-05-01T08:23:28.776+0000] {dagbag.py:588} INFO - Filling up the DagBag from /opt/airflow/dags/permission_fixer_dag.py
[2025-05-01T08:23:28.784+0000] {processor.py:925} INFO - DAG(s) 'fix_permissions_dag' retrieved from /opt/airflow/dags/permission_fixer_dag.py
[2025-05-01T08:23:28.798+0000] {logging_mixin.py:190} INFO - [2025-05-01T08:23:28.798+0000] {dag.py:3239} INFO - Sync 1 DAGs
[2025-05-01T08:23:28.809+0000] {logging_mixin.py:190} INFO - [2025-05-01T08:23:28.809+0000] {dag.py:4180} INFO - Setting next_dagrun for fix_permissions_dag to 2025-05-01 08:00:00+00:00, run_after=2025-05-01 09:00:00+00:00
[2025-05-01T08:23:28.817+0000] {processor.py:208} INFO - Processing /opt/airflow/dags/permission_fixer_dag.py took 0.049 seconds
[2025-05-01T08:38:31.599+0000] {processor.py:186} INFO - Started process (PID=818) to work on /opt/airflow/dags/permission_fixer_dag.py
[2025-05-01T08:38:31.599+0000] {processor.py:914} INFO - Processing file /opt/airflow/dags/permission_fixer_dag.py for tasks to queue
[2025-05-01T08:38:31.599+0000] {logging_mixin.py:190} INFO - [2025-05-01T08:38:31.599+0000] {dagbag.py:588} INFO - Filling up the DagBag from /opt/airflow/dags/permission_fixer_dag.py
[2025-05-01T08:38:31.605+0000] {processor.py:925} INFO - DAG(s) 'fix_permissions_dag' retrieved from /opt/airflow/dags/permission_fixer_dag.py
[2025-05-01T08:38:31.615+0000] {logging_mixin.py:190} INFO - [2025-05-01T08:38:31.615+0000] {dag.py:3239} INFO - Sync 1 DAGs
[2025-05-01T08:38:31.624+0000] {logging_mixin.py:190} INFO - [2025-05-01T08:38:31.624+0000] {dag.py:4180} INFO - Setting next_dagrun for fix_permissions_dag to 2025-05-01 08:00:00+00:00, run_after=2025-05-01 09:00:00+00:00
[2025-05-01T08:38:31.631+0000] {processor.py:208} INFO - Processing /opt/airflow/dags/permission_fixer_dag.py took 0.035 seconds
[2025-05-01T08:39:02.044+0000] {processor.py:186} INFO - Started process (PID=820) to work on /opt/airflow/dags/permission_fixer_dag.py
[2025-05-01T08:39:02.045+0000] {processor.py:914} INFO - Processing file /opt/airflow/dags/permission_fixer_dag.py for tasks to queue
[2025-05-01T08:39:02.046+0000] {logging_mixin.py:190} INFO - [2025-05-01T08:39:02.046+0000] {dagbag.py:588} INFO - Filling up the DagBag from /opt/airflow/dags/permission_fixer_dag.py
[2025-05-01T08:39:02.053+0000] {processor.py:925} INFO - DAG(s) 'fix_permissions_dag' retrieved from /opt/airflow/dags/permission_fixer_dag.py
[2025-05-01T08:39:02.066+0000] {logging_mixin.py:190} INFO - [2025-05-01T08:39:02.066+0000] {dag.py:3239} INFO - Sync 1 DAGs
[2025-05-01T08:39:02.077+0000] {logging_mixin.py:190} INFO - [2025-05-01T08:39:02.077+0000] {dag.py:4180} INFO - Setting next_dagrun for fix_permissions_dag to 2025-05-01 08:00:00+00:00, run_after=2025-05-01 09:00:00+00:00
[2025-05-01T08:39:02.084+0000] {processor.py:208} INFO - Processing /opt/airflow/dags/permission_fixer_dag.py took 0.045 seconds
[2025-05-01T08:54:04.791+0000] {processor.py:186} INFO - Started process (PID=822) to work on /opt/airflow/dags/permission_fixer_dag.py
[2025-05-01T08:54:04.791+0000] {processor.py:914} INFO - Processing file /opt/airflow/dags/permission_fixer_dag.py for tasks to queue
[2025-05-01T08:54:04.792+0000] {logging_mixin.py:190} INFO - [2025-05-01T08:54:04.792+0000] {dagbag.py:588} INFO - Filling up the DagBag from /opt/airflow/dags/permission_fixer_dag.py
[2025-05-01T08:54:04.799+0000] {processor.py:925} INFO - DAG(s) 'fix_permissions_dag' retrieved from /opt/airflow/dags/permission_fixer_dag.py
[2025-05-01T08:54:04.812+0000] {logging_mixin.py:190} INFO - [2025-05-01T08:54:04.812+0000] {dag.py:3239} INFO - Sync 1 DAGs
[2025-05-01T08:54:04.822+0000] {logging_mixin.py:190} INFO - [2025-05-01T08:54:04.822+0000] {dag.py:4180} INFO - Setting next_dagrun for fix_permissions_dag to 2025-05-01 08:00:00+00:00, run_after=2025-05-01 09:00:00+00:00
[2025-05-01T08:54:04.830+0000] {processor.py:208} INFO - Processing /opt/airflow/dags/permission_fixer_dag.py took 0.043 seconds
[2025-05-01T08:54:35.196+0000] {processor.py:186} INFO - Started process (PID=824) to work on /opt/airflow/dags/permission_fixer_dag.py
[2025-05-01T08:54:35.197+0000] {processor.py:914} INFO - Processing file /opt/airflow/dags/permission_fixer_dag.py for tasks to queue
[2025-05-01T08:54:35.198+0000] {logging_mixin.py:190} INFO - [2025-05-01T08:54:35.198+0000] {dagbag.py:588} INFO - Filling up the DagBag from /opt/airflow/dags/permission_fixer_dag.py
[2025-05-01T08:54:35.206+0000] {processor.py:925} INFO - DAG(s) 'fix_permissions_dag' retrieved from /opt/airflow/dags/permission_fixer_dag.py
[2025-05-01T08:54:35.219+0000] {logging_mixin.py:190} INFO - [2025-05-01T08:54:35.219+0000] {dag.py:3239} INFO - Sync 1 DAGs
[2025-05-01T08:54:35.230+0000] {logging_mixin.py:190} INFO - [2025-05-01T08:54:35.230+0000] {dag.py:4180} INFO - Setting next_dagrun for fix_permissions_dag to 2025-05-01 08:00:00+00:00, run_after=2025-05-01 09:00:00+00:00
[2025-05-01T08:54:35.239+0000] {processor.py:208} INFO - Processing /opt/airflow/dags/permission_fixer_dag.py took 0.048 seconds
[2025-05-01T09:24:38.646+0000] {processor.py:186} INFO - Started process (PID=826) to work on /opt/airflow/dags/permission_fixer_dag.py
[2025-05-01T09:24:38.646+0000] {processor.py:914} INFO - Processing file /opt/airflow/dags/permission_fixer_dag.py for tasks to queue
[2025-05-01T09:24:38.648+0000] {logging_mixin.py:190} INFO - [2025-05-01T09:24:38.647+0000] {dagbag.py:588} INFO - Filling up the DagBag from /opt/airflow/dags/permission_fixer_dag.py
[2025-05-01T09:24:38.655+0000] {processor.py:925} INFO - DAG(s) 'fix_permissions_dag' retrieved from /opt/airflow/dags/permission_fixer_dag.py
[2025-05-01T09:24:38.668+0000] {logging_mixin.py:190} INFO - [2025-05-01T09:24:38.668+0000] {dag.py:3239} INFO - Sync 1 DAGs
[2025-05-01T09:24:38.679+0000] {logging_mixin.py:190} INFO - [2025-05-01T09:24:38.679+0000] {dag.py:4180} INFO - Setting next_dagrun for fix_permissions_dag to 2025-05-01 09:00:00+00:00, run_after=2025-05-01 10:00:00+00:00
[2025-05-01T09:24:38.686+0000] {processor.py:208} INFO - Processing /opt/airflow/dags/permission_fixer_dag.py took 0.044 seconds
[2025-05-01T09:25:09.171+0000] {processor.py:186} INFO - Started process (PID=828) to work on /opt/airflow/dags/permission_fixer_dag.py
[2025-05-01T09:25:09.172+0000] {processor.py:914} INFO - Processing file /opt/airflow/dags/permission_fixer_dag.py for tasks to queue
[2025-05-01T09:25:09.173+0000] {logging_mixin.py:190} INFO - [2025-05-01T09:25:09.173+0000] {dagbag.py:588} INFO - Filling up the DagBag from /opt/airflow/dags/permission_fixer_dag.py
[2025-05-01T09:25:09.180+0000] {processor.py:925} INFO - DAG(s) 'fix_permissions_dag' retrieved from /opt/airflow/dags/permission_fixer_dag.py
[2025-05-01T09:25:09.193+0000] {logging_mixin.py:190} INFO - [2025-05-01T09:25:09.192+0000] {dag.py:3239} INFO - Sync 1 DAGs
[2025-05-01T09:25:09.203+0000] {logging_mixin.py:190} INFO - [2025-05-01T09:25:09.203+0000] {dag.py:4180} INFO - Setting next_dagrun for fix_permissions_dag to 2025-05-01 09:00:00+00:00, run_after=2025-05-01 10:00:00+00:00
[2025-05-01T09:25:09.210+0000] {processor.py:208} INFO - Processing /opt/airflow/dags/permission_fixer_dag.py took 0.044 seconds
[2025-05-01T09:40:10.963+0000] {processor.py:186} INFO - Started process (PID=830) to work on /opt/airflow/dags/permission_fixer_dag.py
[2025-05-01T09:40:10.964+0000] {processor.py:914} INFO - Processing file /opt/airflow/dags/permission_fixer_dag.py for tasks to queue
[2025-05-01T09:40:10.964+0000] {logging_mixin.py:190} INFO - [2025-05-01T09:40:10.964+0000] {dagbag.py:588} INFO - Filling up the DagBag from /opt/airflow/dags/permission_fixer_dag.py
[2025-05-01T09:40:10.970+0000] {processor.py:925} INFO - DAG(s) 'fix_permissions_dag' retrieved from /opt/airflow/dags/permission_fixer_dag.py
[2025-05-01T09:40:10.980+0000] {logging_mixin.py:190} INFO - [2025-05-01T09:40:10.980+0000] {dag.py:3239} INFO - Sync 1 DAGs
[2025-05-01T09:40:10.990+0000] {logging_mixin.py:190} INFO - [2025-05-01T09:40:10.990+0000] {dag.py:4180} INFO - Setting next_dagrun for fix_permissions_dag to 2025-05-01 09:00:00+00:00, run_after=2025-05-01 10:00:00+00:00
[2025-05-01T09:40:10.996+0000] {processor.py:208} INFO - Processing /opt/airflow/dags/permission_fixer_dag.py took 0.036 seconds
[2025-05-01T09:40:41.352+0000] {processor.py:186} INFO - Started process (PID=832) to work on /opt/airflow/dags/permission_fixer_dag.py
[2025-05-01T09:40:41.352+0000] {processor.py:914} INFO - Processing file /opt/airflow/dags/permission_fixer_dag.py for tasks to queue
[2025-05-01T09:40:41.353+0000] {logging_mixin.py:190} INFO - [2025-05-01T09:40:41.353+0000] {dagbag.py:588} INFO - Filling up the DagBag from /opt/airflow/dags/permission_fixer_dag.py
[2025-05-01T09:40:41.360+0000] {processor.py:925} INFO - DAG(s) 'fix_permissions_dag' retrieved from /opt/airflow/dags/permission_fixer_dag.py
[2025-05-01T09:40:41.373+0000] {logging_mixin.py:190} INFO - [2025-05-01T09:40:41.373+0000] {dag.py:3239} INFO - Sync 1 DAGs
[2025-05-01T09:40:41.384+0000] {logging_mixin.py:190} INFO - [2025-05-01T09:40:41.384+0000] {dag.py:4180} INFO - Setting next_dagrun for fix_permissions_dag to 2025-05-01 09:00:00+00:00, run_after=2025-05-01 10:00:00+00:00
[2025-05-01T09:40:41.391+0000] {processor.py:208} INFO - Processing /opt/airflow/dags/permission_fixer_dag.py took 0.045 seconds
[2025-05-01T10:10:44.826+0000] {processor.py:186} INFO - Started process (PID=834) to work on /opt/airflow/dags/permission_fixer_dag.py
[2025-05-01T10:10:44.826+0000] {processor.py:914} INFO - Processing file /opt/airflow/dags/permission_fixer_dag.py for tasks to queue
[2025-05-01T10:10:44.827+0000] {logging_mixin.py:190} INFO - [2025-05-01T10:10:44.826+0000] {dagbag.py:588} INFO - Filling up the DagBag from /opt/airflow/dags/permission_fixer_dag.py
[2025-05-01T10:10:44.833+0000] {processor.py:925} INFO - DAG(s) 'fix_permissions_dag' retrieved from /opt/airflow/dags/permission_fixer_dag.py
[2025-05-01T10:10:44.846+0000] {logging_mixin.py:190} INFO - [2025-05-01T10:10:44.845+0000] {dag.py:3239} INFO - Sync 1 DAGs
[2025-05-01T10:10:44.857+0000] {logging_mixin.py:190} INFO - [2025-05-01T10:10:44.857+0000] {dag.py:4180} INFO - Setting next_dagrun for fix_permissions_dag to 2025-05-01 10:00:00+00:00, run_after=2025-05-01 11:00:00+00:00
[2025-05-01T10:10:44.865+0000] {processor.py:208} INFO - Processing /opt/airflow/dags/permission_fixer_dag.py took 0.043 seconds
[2025-05-01T10:11:15.265+0000] {processor.py:186} INFO - Started process (PID=836) to work on /opt/airflow/dags/permission_fixer_dag.py
[2025-05-01T10:11:15.266+0000] {processor.py:914} INFO - Processing file /opt/airflow/dags/permission_fixer_dag.py for tasks to queue
[2025-05-01T10:11:15.268+0000] {logging_mixin.py:190} INFO - [2025-05-01T10:11:15.267+0000] {dagbag.py:588} INFO - Filling up the DagBag from /opt/airflow/dags/permission_fixer_dag.py
[2025-05-01T10:11:15.275+0000] {processor.py:925} INFO - DAG(s) 'fix_permissions_dag' retrieved from /opt/airflow/dags/permission_fixer_dag.py
[2025-05-01T10:11:15.288+0000] {logging_mixin.py:190} INFO - [2025-05-01T10:11:15.288+0000] {dag.py:3239} INFO - Sync 1 DAGs
[2025-05-01T10:11:15.300+0000] {logging_mixin.py:190} INFO - [2025-05-01T10:11:15.300+0000] {dag.py:4180} INFO - Setting next_dagrun for fix_permissions_dag to 2025-05-01 10:00:00+00:00, run_after=2025-05-01 11:00:00+00:00
[2025-05-01T10:11:15.307+0000] {processor.py:208} INFO - Processing /opt/airflow/dags/permission_fixer_dag.py took 0.048 seconds
[2025-05-01T10:26:18.060+0000] {processor.py:186} INFO - Started process (PID=838) to work on /opt/airflow/dags/permission_fixer_dag.py
[2025-05-01T10:26:18.061+0000] {processor.py:914} INFO - Processing file /opt/airflow/dags/permission_fixer_dag.py for tasks to queue
[2025-05-01T10:26:18.061+0000] {logging_mixin.py:190} INFO - [2025-05-01T10:26:18.061+0000] {dagbag.py:588} INFO - Filling up the DagBag from /opt/airflow/dags/permission_fixer_dag.py
[2025-05-01T10:26:18.068+0000] {processor.py:925} INFO - DAG(s) 'fix_permissions_dag' retrieved from /opt/airflow/dags/permission_fixer_dag.py
[2025-05-01T10:26:18.081+0000] {logging_mixin.py:190} INFO - [2025-05-01T10:26:18.081+0000] {dag.py:3239} INFO - Sync 1 DAGs
[2025-05-01T10:26:18.093+0000] {logging_mixin.py:190} INFO - [2025-05-01T10:26:18.092+0000] {dag.py:4180} INFO - Setting next_dagrun for fix_permissions_dag to 2025-05-01 10:00:00+00:00, run_after=2025-05-01 11:00:00+00:00
[2025-05-01T10:26:18.100+0000] {processor.py:208} INFO - Processing /opt/airflow/dags/permission_fixer_dag.py took 0.044 seconds
[2025-05-01T10:26:48.523+0000] {processor.py:186} INFO - Started process (PID=840) to work on /opt/airflow/dags/permission_fixer_dag.py
[2025-05-01T10:26:48.524+0000] {processor.py:914} INFO - Processing file /opt/airflow/dags/permission_fixer_dag.py for tasks to queue
[2025-05-01T10:26:48.525+0000] {logging_mixin.py:190} INFO - [2025-05-01T10:26:48.525+0000] {dagbag.py:588} INFO - Filling up the DagBag from /opt/airflow/dags/permission_fixer_dag.py
[2025-05-01T10:26:48.532+0000] {processor.py:925} INFO - DAG(s) 'fix_permissions_dag' retrieved from /opt/airflow/dags/permission_fixer_dag.py
[2025-05-01T10:26:48.547+0000] {logging_mixin.py:190} INFO - [2025-05-01T10:26:48.546+0000] {dag.py:3239} INFO - Sync 1 DAGs
[2025-05-01T10:26:48.557+0000] {logging_mixin.py:190} INFO - [2025-05-01T10:26:48.557+0000] {dag.py:4180} INFO - Setting next_dagrun for fix_permissions_dag to 2025-05-01 10:00:00+00:00, run_after=2025-05-01 11:00:00+00:00
[2025-05-01T10:26:48.566+0000] {processor.py:208} INFO - Processing /opt/airflow/dags/permission_fixer_dag.py took 0.049 seconds
[2025-05-01T10:41:50.480+0000] {processor.py:186} INFO - Started process (PID=842) to work on /opt/airflow/dags/permission_fixer_dag.py
[2025-05-01T10:41:50.481+0000] {processor.py:914} INFO - Processing file /opt/airflow/dags/permission_fixer_dag.py for tasks to queue
[2025-05-01T10:41:50.481+0000] {logging_mixin.py:190} INFO - [2025-05-01T10:41:50.481+0000] {dagbag.py:588} INFO - Filling up the DagBag from /opt/airflow/dags/permission_fixer_dag.py
[2025-05-01T10:41:50.488+0000] {processor.py:925} INFO - DAG(s) 'fix_permissions_dag' retrieved from /opt/airflow/dags/permission_fixer_dag.py
[2025-05-01T10:41:50.503+0000] {logging_mixin.py:190} INFO - [2025-05-01T10:41:50.503+0000] {dag.py:3239} INFO - Sync 1 DAGs
[2025-05-01T10:41:50.514+0000] {logging_mixin.py:190} INFO - [2025-05-01T10:41:50.514+0000] {dag.py:4180} INFO - Setting next_dagrun for fix_permissions_dag to 2025-05-01 10:00:00+00:00, run_after=2025-05-01 11:00:00+00:00
[2025-05-01T10:41:50.525+0000] {processor.py:208} INFO - Processing /opt/airflow/dags/permission_fixer_dag.py took 0.048 seconds
[2025-05-01T10:42:20.856+0000] {processor.py:186} INFO - Started process (PID=844) to work on /opt/airflow/dags/permission_fixer_dag.py
[2025-05-01T10:42:20.857+0000] {processor.py:914} INFO - Processing file /opt/airflow/dags/permission_fixer_dag.py for tasks to queue
[2025-05-01T10:42:20.858+0000] {logging_mixin.py:190} INFO - [2025-05-01T10:42:20.858+0000] {dagbag.py:588} INFO - Filling up the DagBag from /opt/airflow/dags/permission_fixer_dag.py
[2025-05-01T10:42:20.865+0000] {processor.py:925} INFO - DAG(s) 'fix_permissions_dag' retrieved from /opt/airflow/dags/permission_fixer_dag.py
[2025-05-01T10:42:20.879+0000] {logging_mixin.py:190} INFO - [2025-05-01T10:42:20.879+0000] {dag.py:3239} INFO - Sync 1 DAGs
[2025-05-01T10:42:20.890+0000] {logging_mixin.py:190} INFO - [2025-05-01T10:42:20.890+0000] {dag.py:4180} INFO - Setting next_dagrun for fix_permissions_dag to 2025-05-01 10:00:00+00:00, run_after=2025-05-01 11:00:00+00:00
[2025-05-01T10:42:20.897+0000] {processor.py:208} INFO - Processing /opt/airflow/dags/permission_fixer_dag.py took 0.047 seconds
[2025-05-01T11:12:24.329+0000] {processor.py:186} INFO - Started process (PID=846) to work on /opt/airflow/dags/permission_fixer_dag.py
[2025-05-01T11:12:24.330+0000] {processor.py:914} INFO - Processing file /opt/airflow/dags/permission_fixer_dag.py for tasks to queue
[2025-05-01T11:12:24.330+0000] {logging_mixin.py:190} INFO - [2025-05-01T11:12:24.330+0000] {dagbag.py:588} INFO - Filling up the DagBag from /opt/airflow/dags/permission_fixer_dag.py
[2025-05-01T11:12:24.336+0000] {processor.py:925} INFO - DAG(s) 'fix_permissions_dag' retrieved from /opt/airflow/dags/permission_fixer_dag.py
[2025-05-01T11:12:24.348+0000] {logging_mixin.py:190} INFO - [2025-05-01T11:12:24.348+0000] {dag.py:3239} INFO - Sync 1 DAGs
[2025-05-01T11:12:24.358+0000] {logging_mixin.py:190} INFO - [2025-05-01T11:12:24.358+0000] {dag.py:4180} INFO - Setting next_dagrun for fix_permissions_dag to 2025-05-01 10:00:00+00:00, run_after=2025-05-01 11:00:00+00:00
[2025-05-01T11:12:24.365+0000] {processor.py:208} INFO - Processing /opt/airflow/dags/permission_fixer_dag.py took 0.039 seconds
[2025-05-01T11:12:54.729+0000] {processor.py:186} INFO - Started process (PID=848) to work on /opt/airflow/dags/permission_fixer_dag.py
[2025-05-01T11:12:54.729+0000] {processor.py:914} INFO - Processing file /opt/airflow/dags/permission_fixer_dag.py for tasks to queue
[2025-05-01T11:12:54.730+0000] {logging_mixin.py:190} INFO - [2025-05-01T11:12:54.730+0000] {dagbag.py:588} INFO - Filling up the DagBag from /opt/airflow/dags/permission_fixer_dag.py
[2025-05-01T11:12:54.737+0000] {processor.py:925} INFO - DAG(s) 'fix_permissions_dag' retrieved from /opt/airflow/dags/permission_fixer_dag.py
[2025-05-01T11:12:54.750+0000] {logging_mixin.py:190} INFO - [2025-05-01T11:12:54.750+0000] {dag.py:3239} INFO - Sync 1 DAGs
[2025-05-01T11:12:54.761+0000] {logging_mixin.py:190} INFO - [2025-05-01T11:12:54.761+0000] {dag.py:4180} INFO - Setting next_dagrun for fix_permissions_dag to 2025-05-01 11:00:00+00:00, run_after=2025-05-01 12:00:00+00:00
[2025-05-01T11:12:54.769+0000] {processor.py:208} INFO - Processing /opt/airflow/dags/permission_fixer_dag.py took 0.045 seconds
[2025-05-01T11:21:01.270+0000] {processor.py:186} INFO - Started process (PID=850) to work on /opt/airflow/dags/permission_fixer_dag.py
[2025-05-01T11:21:01.271+0000] {processor.py:914} INFO - Processing file /opt/airflow/dags/permission_fixer_dag.py for tasks to queue
[2025-05-01T11:21:01.271+0000] {logging_mixin.py:190} INFO - [2025-05-01T11:21:01.271+0000] {dagbag.py:588} INFO - Filling up the DagBag from /opt/airflow/dags/permission_fixer_dag.py
[2025-05-01T11:21:01.277+0000] {processor.py:925} INFO - DAG(s) 'fix_permissions_dag' retrieved from /opt/airflow/dags/permission_fixer_dag.py
[2025-05-01T11:21:01.290+0000] {logging_mixin.py:190} INFO - [2025-05-01T11:21:01.290+0000] {dag.py:3239} INFO - Sync 1 DAGs
[2025-05-01T11:21:01.300+0000] {logging_mixin.py:190} INFO - [2025-05-01T11:21:01.300+0000] {dag.py:4180} INFO - Setting next_dagrun for fix_permissions_dag to 2025-05-01 11:00:00+00:00, run_after=2025-05-01 12:00:00+00:00
[2025-05-01T11:21:01.308+0000] {processor.py:208} INFO - Processing /opt/airflow/dags/permission_fixer_dag.py took 0.043 seconds
[2025-05-01T11:21:31.651+0000] {processor.py:186} INFO - Started process (PID=852) to work on /opt/airflow/dags/permission_fixer_dag.py
[2025-05-01T11:21:31.651+0000] {processor.py:914} INFO - Processing file /opt/airflow/dags/permission_fixer_dag.py for tasks to queue
[2025-05-01T11:21:31.653+0000] {logging_mixin.py:190} INFO - [2025-05-01T11:21:31.653+0000] {dagbag.py:588} INFO - Filling up the DagBag from /opt/airflow/dags/permission_fixer_dag.py
[2025-05-01T11:21:31.660+0000] {processor.py:925} INFO - DAG(s) 'fix_permissions_dag' retrieved from /opt/airflow/dags/permission_fixer_dag.py
[2025-05-01T11:21:31.674+0000] {logging_mixin.py:190} INFO - [2025-05-01T11:21:31.674+0000] {dag.py:3239} INFO - Sync 1 DAGs
[2025-05-01T11:21:31.685+0000] {logging_mixin.py:190} INFO - [2025-05-01T11:21:31.685+0000] {dag.py:4180} INFO - Setting next_dagrun for fix_permissions_dag to 2025-05-01 11:00:00+00:00, run_after=2025-05-01 12:00:00+00:00
[2025-05-01T11:21:31.693+0000] {processor.py:208} INFO - Processing /opt/airflow/dags/permission_fixer_dag.py took 0.047 seconds
[2025-05-01T11:51:35.287+0000] {processor.py:186} INFO - Started process (PID=854) to work on /opt/airflow/dags/permission_fixer_dag.py
[2025-05-01T11:51:35.287+0000] {processor.py:914} INFO - Processing file /opt/airflow/dags/permission_fixer_dag.py for tasks to queue
[2025-05-01T11:51:35.288+0000] {logging_mixin.py:190} INFO - [2025-05-01T11:51:35.288+0000] {dagbag.py:588} INFO - Filling up the DagBag from /opt/airflow/dags/permission_fixer_dag.py
[2025-05-01T11:51:35.295+0000] {processor.py:925} INFO - DAG(s) 'fix_permissions_dag' retrieved from /opt/airflow/dags/permission_fixer_dag.py
[2025-05-01T11:51:35.309+0000] {logging_mixin.py:190} INFO - [2025-05-01T11:51:35.309+0000] {dag.py:3239} INFO - Sync 1 DAGs
[2025-05-01T11:51:35.321+0000] {logging_mixin.py:190} INFO - [2025-05-01T11:51:35.321+0000] {dag.py:4180} INFO - Setting next_dagrun for fix_permissions_dag to 2025-05-01 11:00:00+00:00, run_after=2025-05-01 12:00:00+00:00
[2025-05-01T11:51:35.328+0000] {processor.py:208} INFO - Processing /opt/airflow/dags/permission_fixer_dag.py took 0.046 seconds
[2025-05-01T11:52:05.725+0000] {processor.py:186} INFO - Started process (PID=856) to work on /opt/airflow/dags/permission_fixer_dag.py
[2025-05-01T11:52:05.726+0000] {processor.py:914} INFO - Processing file /opt/airflow/dags/permission_fixer_dag.py for tasks to queue
[2025-05-01T11:52:05.727+0000] {logging_mixin.py:190} INFO - [2025-05-01T11:52:05.726+0000] {dagbag.py:588} INFO - Filling up the DagBag from /opt/airflow/dags/permission_fixer_dag.py
[2025-05-01T11:52:05.733+0000] {processor.py:925} INFO - DAG(s) 'fix_permissions_dag' retrieved from /opt/airflow/dags/permission_fixer_dag.py
[2025-05-01T11:52:05.748+0000] {logging_mixin.py:190} INFO - [2025-05-01T11:52:05.748+0000] {dag.py:3239} INFO - Sync 1 DAGs
[2025-05-01T11:52:05.759+0000] {logging_mixin.py:190} INFO - [2025-05-01T11:52:05.759+0000] {dag.py:4180} INFO - Setting next_dagrun for fix_permissions_dag to 2025-05-01 11:00:00+00:00, run_after=2025-05-01 12:00:00+00:00
[2025-05-01T11:52:05.767+0000] {processor.py:208} INFO - Processing /opt/airflow/dags/permission_fixer_dag.py took 0.047 seconds
[2025-05-01T12:07:08.389+0000] {processor.py:186} INFO - Started process (PID=858) to work on /opt/airflow/dags/permission_fixer_dag.py
[2025-05-01T12:07:08.389+0000] {processor.py:914} INFO - Processing file /opt/airflow/dags/permission_fixer_dag.py for tasks to queue
[2025-05-01T12:07:08.390+0000] {logging_mixin.py:190} INFO - [2025-05-01T12:07:08.390+0000] {dagbag.py:588} INFO - Filling up the DagBag from /opt/airflow/dags/permission_fixer_dag.py
[2025-05-01T12:07:08.397+0000] {processor.py:925} INFO - DAG(s) 'fix_permissions_dag' retrieved from /opt/airflow/dags/permission_fixer_dag.py
[2025-05-01T12:07:08.409+0000] {logging_mixin.py:190} INFO - [2025-05-01T12:07:08.409+0000] {dag.py:3239} INFO - Sync 1 DAGs
[2025-05-01T12:07:08.421+0000] {logging_mixin.py:190} INFO - [2025-05-01T12:07:08.421+0000] {dag.py:4180} INFO - Setting next_dagrun for fix_permissions_dag to 2025-05-01 11:00:00+00:00, run_after=2025-05-01 12:00:00+00:00
[2025-05-01T12:07:08.428+0000] {processor.py:208} INFO - Processing /opt/airflow/dags/permission_fixer_dag.py took 0.044 seconds
[2025-05-01T12:07:38.835+0000] {processor.py:186} INFO - Started process (PID=860) to work on /opt/airflow/dags/permission_fixer_dag.py
[2025-05-01T12:07:38.837+0000] {processor.py:914} INFO - Processing file /opt/airflow/dags/permission_fixer_dag.py for tasks to queue
[2025-05-01T12:07:38.837+0000] {logging_mixin.py:190} INFO - [2025-05-01T12:07:38.837+0000] {dagbag.py:588} INFO - Filling up the DagBag from /opt/airflow/dags/permission_fixer_dag.py
[2025-05-01T12:07:38.845+0000] {processor.py:925} INFO - DAG(s) 'fix_permissions_dag' retrieved from /opt/airflow/dags/permission_fixer_dag.py
[2025-05-01T12:07:38.859+0000] {logging_mixin.py:190} INFO - [2025-05-01T12:07:38.858+0000] {dag.py:3239} INFO - Sync 1 DAGs
[2025-05-01T12:07:38.870+0000] {logging_mixin.py:190} INFO - [2025-05-01T12:07:38.870+0000] {dag.py:4180} INFO - Setting next_dagrun for fix_permissions_dag to 2025-05-01 12:00:00+00:00, run_after=2025-05-01 13:00:00+00:00
[2025-05-01T12:07:38.877+0000] {processor.py:208} INFO - Processing /opt/airflow/dags/permission_fixer_dag.py took 0.049 seconds
[2025-05-01T12:22:40.755+0000] {processor.py:186} INFO - Started process (PID=862) to work on /opt/airflow/dags/permission_fixer_dag.py
[2025-05-01T12:22:40.755+0000] {processor.py:914} INFO - Processing file /opt/airflow/dags/permission_fixer_dag.py for tasks to queue
[2025-05-01T12:22:40.756+0000] {logging_mixin.py:190} INFO - [2025-05-01T12:22:40.756+0000] {dagbag.py:588} INFO - Filling up the DagBag from /opt/airflow/dags/permission_fixer_dag.py
[2025-05-01T12:22:40.761+0000] {processor.py:925} INFO - DAG(s) 'fix_permissions_dag' retrieved from /opt/airflow/dags/permission_fixer_dag.py
[2025-05-01T12:22:40.773+0000] {logging_mixin.py:190} INFO - [2025-05-01T12:22:40.773+0000] {dag.py:3239} INFO - Sync 1 DAGs
[2025-05-01T12:22:40.782+0000] {logging_mixin.py:190} INFO - [2025-05-01T12:22:40.782+0000] {dag.py:4180} INFO - Setting next_dagrun for fix_permissions_dag to 2025-05-01 12:00:00+00:00, run_after=2025-05-01 13:00:00+00:00
[2025-05-01T12:22:40.789+0000] {processor.py:208} INFO - Processing /opt/airflow/dags/permission_fixer_dag.py took 0.037 seconds
[2025-05-01T12:23:11.191+0000] {processor.py:186} INFO - Started process (PID=864) to work on /opt/airflow/dags/permission_fixer_dag.py
[2025-05-01T12:23:11.192+0000] {processor.py:914} INFO - Processing file /opt/airflow/dags/permission_fixer_dag.py for tasks to queue
[2025-05-01T12:23:11.193+0000] {logging_mixin.py:190} INFO - [2025-05-01T12:23:11.193+0000] {dagbag.py:588} INFO - Filling up the DagBag from /opt/airflow/dags/permission_fixer_dag.py
[2025-05-01T12:23:11.200+0000] {processor.py:925} INFO - DAG(s) 'fix_permissions_dag' retrieved from /opt/airflow/dags/permission_fixer_dag.py
[2025-05-01T12:23:11.214+0000] {logging_mixin.py:190} INFO - [2025-05-01T12:23:11.214+0000] {dag.py:3239} INFO - Sync 1 DAGs
[2025-05-01T12:23:11.225+0000] {logging_mixin.py:190} INFO - [2025-05-01T12:23:11.225+0000] {dag.py:4180} INFO - Setting next_dagrun for fix_permissions_dag to 2025-05-01 12:00:00+00:00, run_after=2025-05-01 13:00:00+00:00
[2025-05-01T12:23:11.233+0000] {processor.py:208} INFO - Processing /opt/airflow/dags/permission_fixer_dag.py took 0.048 seconds
[2025-05-01T12:53:15.089+0000] {processor.py:186} INFO - Started process (PID=866) to work on /opt/airflow/dags/permission_fixer_dag.py
[2025-05-01T12:53:15.090+0000] {processor.py:914} INFO - Processing file /opt/airflow/dags/permission_fixer_dag.py for tasks to queue
[2025-05-01T12:53:15.091+0000] {logging_mixin.py:190} INFO - [2025-05-01T12:53:15.090+0000] {dagbag.py:588} INFO - Filling up the DagBag from /opt/airflow/dags/permission_fixer_dag.py
[2025-05-01T12:53:15.096+0000] {processor.py:925} INFO - DAG(s) 'fix_permissions_dag' retrieved from /opt/airflow/dags/permission_fixer_dag.py
[2025-05-01T12:53:15.107+0000] {logging_mixin.py:190} INFO - [2025-05-01T12:53:15.107+0000] {dag.py:3239} INFO - Sync 1 DAGs
[2025-05-01T12:53:15.118+0000] {logging_mixin.py:190} INFO - [2025-05-01T12:53:15.118+0000] {dag.py:4180} INFO - Setting next_dagrun for fix_permissions_dag to 2025-05-01 12:00:00+00:00, run_after=2025-05-01 13:00:00+00:00
[2025-05-01T12:53:15.125+0000] {processor.py:208} INFO - Processing /opt/airflow/dags/permission_fixer_dag.py took 0.039 seconds
[2025-05-01T12:53:45.494+0000] {processor.py:186} INFO - Started process (PID=868) to work on /opt/airflow/dags/permission_fixer_dag.py
[2025-05-01T12:53:45.495+0000] {processor.py:914} INFO - Processing file /opt/airflow/dags/permission_fixer_dag.py for tasks to queue
[2025-05-01T12:53:45.497+0000] {logging_mixin.py:190} INFO - [2025-05-01T12:53:45.496+0000] {dagbag.py:588} INFO - Filling up the DagBag from /opt/airflow/dags/permission_fixer_dag.py
[2025-05-01T12:53:45.510+0000] {processor.py:925} INFO - DAG(s) 'fix_permissions_dag' retrieved from /opt/airflow/dags/permission_fixer_dag.py
[2025-05-01T12:53:45.534+0000] {logging_mixin.py:190} INFO - [2025-05-01T12:53:45.534+0000] {dag.py:3239} INFO - Sync 1 DAGs
[2025-05-01T12:53:45.555+0000] {logging_mixin.py:190} INFO - [2025-05-01T12:53:45.555+0000] {dag.py:4180} INFO - Setting next_dagrun for fix_permissions_dag to 2025-05-01 12:00:00+00:00, run_after=2025-05-01 13:00:00+00:00
[2025-05-01T12:53:45.565+0000] {processor.py:208} INFO - Processing /opt/airflow/dags/permission_fixer_dag.py took 0.084 seconds
[2025-05-01T13:08:47.575+0000] {processor.py:186} INFO - Started process (PID=870) to work on /opt/airflow/dags/permission_fixer_dag.py
[2025-05-01T13:08:47.576+0000] {processor.py:914} INFO - Processing file /opt/airflow/dags/permission_fixer_dag.py for tasks to queue
[2025-05-01T13:08:47.576+0000] {logging_mixin.py:190} INFO - [2025-05-01T13:08:47.576+0000] {dagbag.py:588} INFO - Filling up the DagBag from /opt/airflow/dags/permission_fixer_dag.py
[2025-05-01T13:08:47.584+0000] {processor.py:925} INFO - DAG(s) 'fix_permissions_dag' retrieved from /opt/airflow/dags/permission_fixer_dag.py
[2025-05-01T13:08:47.597+0000] {logging_mixin.py:190} INFO - [2025-05-01T13:08:47.597+0000] {dag.py:3239} INFO - Sync 1 DAGs
[2025-05-01T13:08:47.608+0000] {logging_mixin.py:190} INFO - [2025-05-01T13:08:47.608+0000] {dag.py:4180} INFO - Setting next_dagrun for fix_permissions_dag to 2025-05-01 12:00:00+00:00, run_after=2025-05-01 13:00:00+00:00
[2025-05-01T13:08:47.616+0000] {processor.py:208} INFO - Processing /opt/airflow/dags/permission_fixer_dag.py took 0.045 seconds
[2025-05-01T13:09:18.003+0000] {processor.py:186} INFO - Started process (PID=872) to work on /opt/airflow/dags/permission_fixer_dag.py
[2025-05-01T13:09:18.004+0000] {processor.py:914} INFO - Processing file /opt/airflow/dags/permission_fixer_dag.py for tasks to queue
[2025-05-01T13:09:18.004+0000] {logging_mixin.py:190} INFO - [2025-05-01T13:09:18.004+0000] {dagbag.py:588} INFO - Filling up the DagBag from /opt/airflow/dags/permission_fixer_dag.py
[2025-05-01T13:09:18.012+0000] {processor.py:925} INFO - DAG(s) 'fix_permissions_dag' retrieved from /opt/airflow/dags/permission_fixer_dag.py
[2025-05-01T13:09:18.026+0000] {logging_mixin.py:190} INFO - [2025-05-01T13:09:18.026+0000] {dag.py:3239} INFO - Sync 1 DAGs
[2025-05-01T13:09:18.039+0000] {logging_mixin.py:190} INFO - [2025-05-01T13:09:18.038+0000] {dag.py:4180} INFO - Setting next_dagrun for fix_permissions_dag to 2025-05-01 13:00:00+00:00, run_after=2025-05-01 14:00:00+00:00
[2025-05-01T13:09:18.046+0000] {processor.py:208} INFO - Processing /opt/airflow/dags/permission_fixer_dag.py took 0.047 seconds
[2025-05-01T13:22:12.125+0000] {processor.py:186} INFO - Started process (PID=874) to work on /opt/airflow/dags/permission_fixer_dag.py
[2025-05-01T13:22:12.126+0000] {processor.py:914} INFO - Processing file /opt/airflow/dags/permission_fixer_dag.py for tasks to queue
[2025-05-01T13:22:12.127+0000] {logging_mixin.py:190} INFO - [2025-05-01T13:22:12.126+0000] {dagbag.py:588} INFO - Filling up the DagBag from /opt/airflow/dags/permission_fixer_dag.py
[2025-05-01T13:22:12.133+0000] {processor.py:925} INFO - DAG(s) 'fix_permissions_dag' retrieved from /opt/airflow/dags/permission_fixer_dag.py
[2025-05-01T13:22:12.149+0000] {logging_mixin.py:190} INFO - [2025-05-01T13:22:12.149+0000] {dag.py:3239} INFO - Sync 1 DAGs
[2025-05-01T13:22:12.161+0000] {logging_mixin.py:190} INFO - [2025-05-01T13:22:12.160+0000] {dag.py:4180} INFO - Setting next_dagrun for fix_permissions_dag to 2025-05-01 13:00:00+00:00, run_after=2025-05-01 14:00:00+00:00
[2025-05-01T13:22:12.170+0000] {processor.py:208} INFO - Processing /opt/airflow/dags/permission_fixer_dag.py took 0.048 seconds
[2025-05-01T13:22:42.484+0000] {processor.py:186} INFO - Started process (PID=876) to work on /opt/airflow/dags/permission_fixer_dag.py
[2025-05-01T13:22:42.485+0000] {processor.py:914} INFO - Processing file /opt/airflow/dags/permission_fixer_dag.py for tasks to queue
[2025-05-01T13:22:42.486+0000] {logging_mixin.py:190} INFO - [2025-05-01T13:22:42.486+0000] {dagbag.py:588} INFO - Filling up the DagBag from /opt/airflow/dags/permission_fixer_dag.py
[2025-05-01T13:22:42.497+0000] {processor.py:925} INFO - DAG(s) 'fix_permissions_dag' retrieved from /opt/airflow/dags/permission_fixer_dag.py
[2025-05-01T13:22:42.521+0000] {logging_mixin.py:190} INFO - [2025-05-01T13:22:42.520+0000] {dag.py:3239} INFO - Sync 1 DAGs
[2025-05-01T13:22:42.534+0000] {logging_mixin.py:190} INFO - [2025-05-01T13:22:42.534+0000] {dag.py:4180} INFO - Setting next_dagrun for fix_permissions_dag to 2025-05-01 13:00:00+00:00, run_after=2025-05-01 14:00:00+00:00
[2025-05-01T13:22:42.542+0000] {processor.py:208} INFO - Processing /opt/airflow/dags/permission_fixer_dag.py took 0.063 seconds
[2025-05-01T13:52:46.085+0000] {processor.py:186} INFO - Started process (PID=878) to work on /opt/airflow/dags/permission_fixer_dag.py
[2025-05-01T13:52:46.086+0000] {processor.py:914} INFO - Processing file /opt/airflow/dags/permission_fixer_dag.py for tasks to queue
[2025-05-01T13:52:46.086+0000] {logging_mixin.py:190} INFO - [2025-05-01T13:52:46.086+0000] {dagbag.py:588} INFO - Filling up the DagBag from /opt/airflow/dags/permission_fixer_dag.py
[2025-05-01T13:52:46.092+0000] {processor.py:925} INFO - DAG(s) 'fix_permissions_dag' retrieved from /opt/airflow/dags/permission_fixer_dag.py
[2025-05-01T13:52:46.104+0000] {logging_mixin.py:190} INFO - [2025-05-01T13:52:46.104+0000] {dag.py:3239} INFO - Sync 1 DAGs
[2025-05-01T13:52:46.114+0000] {logging_mixin.py:190} INFO - [2025-05-01T13:52:46.114+0000] {dag.py:4180} INFO - Setting next_dagrun for fix_permissions_dag to 2025-05-01 13:00:00+00:00, run_after=2025-05-01 14:00:00+00:00
[2025-05-01T13:52:46.121+0000] {processor.py:208} INFO - Processing /opt/airflow/dags/permission_fixer_dag.py took 0.039 seconds
[2025-05-01T13:53:16.525+0000] {processor.py:186} INFO - Started process (PID=880) to work on /opt/airflow/dags/permission_fixer_dag.py
[2025-05-01T13:53:16.526+0000] {processor.py:914} INFO - Processing file /opt/airflow/dags/permission_fixer_dag.py for tasks to queue
[2025-05-01T13:53:16.527+0000] {logging_mixin.py:190} INFO - [2025-05-01T13:53:16.527+0000] {dagbag.py:588} INFO - Filling up the DagBag from /opt/airflow/dags/permission_fixer_dag.py
[2025-05-01T13:53:16.534+0000] {processor.py:925} INFO - DAG(s) 'fix_permissions_dag' retrieved from /opt/airflow/dags/permission_fixer_dag.py
[2025-05-01T13:53:16.549+0000] {logging_mixin.py:190} INFO - [2025-05-01T13:53:16.549+0000] {dag.py:3239} INFO - Sync 1 DAGs
[2025-05-01T13:53:16.559+0000] {logging_mixin.py:190} INFO - [2025-05-01T13:53:16.559+0000] {dag.py:4180} INFO - Setting next_dagrun for fix_permissions_dag to 2025-05-01 13:00:00+00:00, run_after=2025-05-01 14:00:00+00:00
[2025-05-01T13:53:16.567+0000] {processor.py:208} INFO - Processing /opt/airflow/dags/permission_fixer_dag.py took 0.048 seconds
[2025-05-01T14:08:19.324+0000] {processor.py:186} INFO - Started process (PID=882) to work on /opt/airflow/dags/permission_fixer_dag.py
[2025-05-01T14:08:19.325+0000] {processor.py:914} INFO - Processing file /opt/airflow/dags/permission_fixer_dag.py for tasks to queue
[2025-05-01T14:08:19.326+0000] {logging_mixin.py:190} INFO - [2025-05-01T14:08:19.325+0000] {dagbag.py:588} INFO - Filling up the DagBag from /opt/airflow/dags/permission_fixer_dag.py
[2025-05-01T14:08:19.332+0000] {processor.py:925} INFO - DAG(s) 'fix_permissions_dag' retrieved from /opt/airflow/dags/permission_fixer_dag.py
[2025-05-01T14:08:19.343+0000] {logging_mixin.py:190} INFO - [2025-05-01T14:08:19.343+0000] {dag.py:3239} INFO - Sync 1 DAGs
[2025-05-01T14:08:19.353+0000] {logging_mixin.py:190} INFO - [2025-05-01T14:08:19.353+0000] {dag.py:4180} INFO - Setting next_dagrun for fix_permissions_dag to 2025-05-01 13:00:00+00:00, run_after=2025-05-01 14:00:00+00:00
[2025-05-01T14:08:19.360+0000] {processor.py:208} INFO - Processing /opt/airflow/dags/permission_fixer_dag.py took 0.039 seconds
[2025-05-01T14:08:49.706+0000] {processor.py:186} INFO - Started process (PID=884) to work on /opt/airflow/dags/permission_fixer_dag.py
[2025-05-01T14:08:49.707+0000] {processor.py:914} INFO - Processing file /opt/airflow/dags/permission_fixer_dag.py for tasks to queue
[2025-05-01T14:08:49.708+0000] {logging_mixin.py:190} INFO - [2025-05-01T14:08:49.708+0000] {dagbag.py:588} INFO - Filling up the DagBag from /opt/airflow/dags/permission_fixer_dag.py
[2025-05-01T14:08:49.716+0000] {processor.py:925} INFO - DAG(s) 'fix_permissions_dag' retrieved from /opt/airflow/dags/permission_fixer_dag.py
[2025-05-01T14:08:49.731+0000] {logging_mixin.py:190} INFO - [2025-05-01T14:08:49.731+0000] {dag.py:3239} INFO - Sync 1 DAGs
[2025-05-01T14:08:49.741+0000] {logging_mixin.py:190} INFO - [2025-05-01T14:08:49.741+0000] {dag.py:4180} INFO - Setting next_dagrun for fix_permissions_dag to 2025-05-01 14:00:00+00:00, run_after=2025-05-01 15:00:00+00:00
[2025-05-01T14:08:49.748+0000] {processor.py:208} INFO - Processing /opt/airflow/dags/permission_fixer_dag.py took 0.048 seconds
[2025-05-01T14:38:14.806+0000] {processor.py:186} INFO - Started process (PID=886) to work on /opt/airflow/dags/permission_fixer_dag.py
[2025-05-01T14:38:14.806+0000] {processor.py:914} INFO - Processing file /opt/airflow/dags/permission_fixer_dag.py for tasks to queue
[2025-05-01T14:38:14.807+0000] {logging_mixin.py:190} INFO - [2025-05-01T14:38:14.807+0000] {dagbag.py:588} INFO - Filling up the DagBag from /opt/airflow/dags/permission_fixer_dag.py
[2025-05-01T14:38:14.813+0000] {processor.py:925} INFO - DAG(s) 'fix_permissions_dag' retrieved from /opt/airflow/dags/permission_fixer_dag.py
[2025-05-01T14:38:14.827+0000] {logging_mixin.py:190} INFO - [2025-05-01T14:38:14.827+0000] {dag.py:3239} INFO - Sync 1 DAGs
[2025-05-01T14:38:14.837+0000] {logging_mixin.py:190} INFO - [2025-05-01T14:38:14.837+0000] {dag.py:4180} INFO - Setting next_dagrun for fix_permissions_dag to 2025-05-01 14:00:00+00:00, run_after=2025-05-01 15:00:00+00:00
[2025-05-01T14:38:14.844+0000] {processor.py:208} INFO - Processing /opt/airflow/dags/permission_fixer_dag.py took 0.042 seconds
[2025-05-01T14:38:45.179+0000] {processor.py:186} INFO - Started process (PID=888) to work on /opt/airflow/dags/permission_fixer_dag.py
[2025-05-01T14:38:45.180+0000] {processor.py:914} INFO - Processing file /opt/airflow/dags/permission_fixer_dag.py for tasks to queue
[2025-05-01T14:38:45.180+0000] {logging_mixin.py:190} INFO - [2025-05-01T14:38:45.180+0000] {dagbag.py:588} INFO - Filling up the DagBag from /opt/airflow/dags/permission_fixer_dag.py
[2025-05-01T14:38:45.187+0000] {processor.py:925} INFO - DAG(s) 'fix_permissions_dag' retrieved from /opt/airflow/dags/permission_fixer_dag.py
[2025-05-01T14:38:45.199+0000] {logging_mixin.py:190} INFO - [2025-05-01T14:38:45.199+0000] {dag.py:3239} INFO - Sync 1 DAGs
[2025-05-01T14:38:45.209+0000] {logging_mixin.py:190} INFO - [2025-05-01T14:38:45.209+0000] {dag.py:4180} INFO - Setting next_dagrun for fix_permissions_dag to 2025-05-01 14:00:00+00:00, run_after=2025-05-01 15:00:00+00:00
[2025-05-01T14:38:45.217+0000] {processor.py:208} INFO - Processing /opt/airflow/dags/permission_fixer_dag.py took 0.043 seconds
[2025-05-01T14:53:46.226+0000] {processor.py:186} INFO - Started process (PID=890) to work on /opt/airflow/dags/permission_fixer_dag.py
[2025-05-01T14:53:46.226+0000] {processor.py:914} INFO - Processing file /opt/airflow/dags/permission_fixer_dag.py for tasks to queue
[2025-05-01T14:53:46.227+0000] {logging_mixin.py:190} INFO - [2025-05-01T14:53:46.227+0000] {dagbag.py:588} INFO - Filling up the DagBag from /opt/airflow/dags/permission_fixer_dag.py
[2025-05-01T14:53:46.233+0000] {processor.py:925} INFO - DAG(s) 'fix_permissions_dag' retrieved from /opt/airflow/dags/permission_fixer_dag.py
[2025-05-01T14:53:46.245+0000] {logging_mixin.py:190} INFO - [2025-05-01T14:53:46.245+0000] {dag.py:3239} INFO - Sync 1 DAGs
[2025-05-01T14:53:46.257+0000] {logging_mixin.py:190} INFO - [2025-05-01T14:53:46.257+0000] {dag.py:4180} INFO - Setting next_dagrun for fix_permissions_dag to 2025-05-01 14:00:00+00:00, run_after=2025-05-01 15:00:00+00:00
[2025-05-01T14:53:46.268+0000] {processor.py:208} INFO - Processing /opt/airflow/dags/permission_fixer_dag.py took 0.046 seconds
[2025-05-01T14:54:16.640+0000] {processor.py:186} INFO - Started process (PID=892) to work on /opt/airflow/dags/permission_fixer_dag.py
[2025-05-01T14:54:16.641+0000] {processor.py:914} INFO - Processing file /opt/airflow/dags/permission_fixer_dag.py for tasks to queue
[2025-05-01T14:54:16.642+0000] {logging_mixin.py:190} INFO - [2025-05-01T14:54:16.642+0000] {dagbag.py:588} INFO - Filling up the DagBag from /opt/airflow/dags/permission_fixer_dag.py
[2025-05-01T14:54:16.650+0000] {processor.py:925} INFO - DAG(s) 'fix_permissions_dag' retrieved from /opt/airflow/dags/permission_fixer_dag.py
[2025-05-01T14:54:16.664+0000] {logging_mixin.py:190} INFO - [2025-05-01T14:54:16.663+0000] {dag.py:3239} INFO - Sync 1 DAGs
[2025-05-01T14:54:16.675+0000] {logging_mixin.py:190} INFO - [2025-05-01T14:54:16.675+0000] {dag.py:4180} INFO - Setting next_dagrun for fix_permissions_dag to 2025-05-01 14:00:00+00:00, run_after=2025-05-01 15:00:00+00:00
[2025-05-01T14:54:16.682+0000] {processor.py:208} INFO - Processing /opt/airflow/dags/permission_fixer_dag.py took 0.048 seconds
[2025-05-01T15:09:19.384+0000] {processor.py:186} INFO - Started process (PID=894) to work on /opt/airflow/dags/permission_fixer_dag.py
[2025-05-01T15:09:19.384+0000] {processor.py:914} INFO - Processing file /opt/airflow/dags/permission_fixer_dag.py for tasks to queue
[2025-05-01T15:09:19.385+0000] {logging_mixin.py:190} INFO - [2025-05-01T15:09:19.385+0000] {dagbag.py:588} INFO - Filling up the DagBag from /opt/airflow/dags/permission_fixer_dag.py
[2025-05-01T15:09:19.392+0000] {processor.py:925} INFO - DAG(s) 'fix_permissions_dag' retrieved from /opt/airflow/dags/permission_fixer_dag.py
[2025-05-01T15:09:19.405+0000] {logging_mixin.py:190} INFO - [2025-05-01T15:09:19.405+0000] {dag.py:3239} INFO - Sync 1 DAGs
[2025-05-01T15:09:19.415+0000] {logging_mixin.py:190} INFO - [2025-05-01T15:09:19.415+0000] {dag.py:4180} INFO - Setting next_dagrun for fix_permissions_dag to 2025-05-01 14:00:00+00:00, run_after=2025-05-01 15:00:00+00:00
[2025-05-01T15:09:19.421+0000] {processor.py:208} INFO - Processing /opt/airflow/dags/permission_fixer_dag.py took 0.042 seconds
[2025-05-01T15:09:49.883+0000] {processor.py:186} INFO - Started process (PID=896) to work on /opt/airflow/dags/permission_fixer_dag.py
[2025-05-01T15:09:49.884+0000] {processor.py:914} INFO - Processing file /opt/airflow/dags/permission_fixer_dag.py for tasks to queue
[2025-05-01T15:09:49.885+0000] {logging_mixin.py:190} INFO - [2025-05-01T15:09:49.884+0000] {dagbag.py:588} INFO - Filling up the DagBag from /opt/airflow/dags/permission_fixer_dag.py
[2025-05-01T15:09:49.893+0000] {processor.py:925} INFO - DAG(s) 'fix_permissions_dag' retrieved from /opt/airflow/dags/permission_fixer_dag.py
[2025-05-01T15:09:49.907+0000] {logging_mixin.py:190} INFO - [2025-05-01T15:09:49.907+0000] {dag.py:3239} INFO - Sync 1 DAGs
[2025-05-01T15:09:49.918+0000] {logging_mixin.py:190} INFO - [2025-05-01T15:09:49.918+0000] {dag.py:4180} INFO - Setting next_dagrun for fix_permissions_dag to 2025-05-01 15:00:00+00:00, run_after=2025-05-01 16:00:00+00:00
[2025-05-01T15:09:49.925+0000] {processor.py:208} INFO - Processing /opt/airflow/dags/permission_fixer_dag.py took 0.047 seconds
[2025-05-01T15:44:00.934+0000] {processor.py:186} INFO - Started process (PID=898) to work on /opt/airflow/dags/permission_fixer_dag.py
[2025-05-01T15:44:00.934+0000] {processor.py:914} INFO - Processing file /opt/airflow/dags/permission_fixer_dag.py for tasks to queue
[2025-05-01T15:44:00.935+0000] {logging_mixin.py:190} INFO - [2025-05-01T15:44:00.934+0000] {dagbag.py:588} INFO - Filling up the DagBag from /opt/airflow/dags/permission_fixer_dag.py
[2025-05-01T15:44:00.940+0000] {processor.py:925} INFO - DAG(s) 'fix_permissions_dag' retrieved from /opt/airflow/dags/permission_fixer_dag.py
[2025-05-01T15:44:00.954+0000] {logging_mixin.py:190} INFO - [2025-05-01T15:44:00.953+0000] {dag.py:3239} INFO - Sync 1 DAGs
[2025-05-01T15:44:00.964+0000] {logging_mixin.py:190} INFO - [2025-05-01T15:44:00.964+0000] {dag.py:4180} INFO - Setting next_dagrun for fix_permissions_dag to 2025-05-01 15:00:00+00:00, run_after=2025-05-01 16:00:00+00:00
[2025-05-01T15:44:00.971+0000] {processor.py:208} INFO - Processing /opt/airflow/dags/permission_fixer_dag.py took 0.041 seconds
[2025-05-01T15:44:31.256+0000] {processor.py:186} INFO - Started process (PID=900) to work on /opt/airflow/dags/permission_fixer_dag.py
[2025-05-01T15:44:31.256+0000] {processor.py:914} INFO - Processing file /opt/airflow/dags/permission_fixer_dag.py for tasks to queue
[2025-05-01T15:44:31.258+0000] {logging_mixin.py:190} INFO - [2025-05-01T15:44:31.258+0000] {dagbag.py:588} INFO - Filling up the DagBag from /opt/airflow/dags/permission_fixer_dag.py
[2025-05-01T15:44:31.265+0000] {processor.py:925} INFO - DAG(s) 'fix_permissions_dag' retrieved from /opt/airflow/dags/permission_fixer_dag.py
[2025-05-01T15:44:31.279+0000] {logging_mixin.py:190} INFO - [2025-05-01T15:44:31.278+0000] {dag.py:3239} INFO - Sync 1 DAGs
[2025-05-01T15:44:31.289+0000] {logging_mixin.py:190} INFO - [2025-05-01T15:44:31.289+0000] {dag.py:4180} INFO - Setting next_dagrun for fix_permissions_dag to 2025-05-01 15:00:00+00:00, run_after=2025-05-01 16:00:00+00:00
[2025-05-01T15:44:31.296+0000] {processor.py:208} INFO - Processing /opt/airflow/dags/permission_fixer_dag.py took 0.046 seconds
[2025-05-01T15:59:35.306+0000] {processor.py:186} INFO - Started process (PID=902) to work on /opt/airflow/dags/permission_fixer_dag.py
[2025-05-01T15:59:35.307+0000] {processor.py:914} INFO - Processing file /opt/airflow/dags/permission_fixer_dag.py for tasks to queue
[2025-05-01T15:59:35.307+0000] {logging_mixin.py:190} INFO - [2025-05-01T15:59:35.307+0000] {dagbag.py:588} INFO - Filling up the DagBag from /opt/airflow/dags/permission_fixer_dag.py
[2025-05-01T15:59:35.314+0000] {processor.py:925} INFO - DAG(s) 'fix_permissions_dag' retrieved from /opt/airflow/dags/permission_fixer_dag.py
[2025-05-01T15:59:35.326+0000] {logging_mixin.py:190} INFO - [2025-05-01T15:59:35.325+0000] {dag.py:3239} INFO - Sync 1 DAGs
[2025-05-01T15:59:35.335+0000] {logging_mixin.py:190} INFO - [2025-05-01T15:59:35.335+0000] {dag.py:4180} INFO - Setting next_dagrun for fix_permissions_dag to 2025-05-01 15:00:00+00:00, run_after=2025-05-01 16:00:00+00:00
[2025-05-01T15:59:35.342+0000] {processor.py:208} INFO - Processing /opt/airflow/dags/permission_fixer_dag.py took 0.040 seconds
[2025-05-01T16:00:05.689+0000] {processor.py:186} INFO - Started process (PID=904) to work on /opt/airflow/dags/permission_fixer_dag.py
[2025-05-01T16:00:05.690+0000] {processor.py:914} INFO - Processing file /opt/airflow/dags/permission_fixer_dag.py for tasks to queue
[2025-05-01T16:00:05.691+0000] {logging_mixin.py:190} INFO - [2025-05-01T16:00:05.691+0000] {dagbag.py:588} INFO - Filling up the DagBag from /opt/airflow/dags/permission_fixer_dag.py
[2025-05-01T16:00:05.699+0000] {processor.py:925} INFO - DAG(s) 'fix_permissions_dag' retrieved from /opt/airflow/dags/permission_fixer_dag.py
[2025-05-01T16:00:05.713+0000] {logging_mixin.py:190} INFO - [2025-05-01T16:00:05.713+0000] {dag.py:3239} INFO - Sync 1 DAGs
[2025-05-01T16:00:05.725+0000] {logging_mixin.py:190} INFO - [2025-05-01T16:00:05.725+0000] {dag.py:4180} INFO - Setting next_dagrun for fix_permissions_dag to 2025-05-01 16:00:00+00:00, run_after=2025-05-01 17:00:00+00:00
[2025-05-01T16:00:05.732+0000] {processor.py:208} INFO - Processing /opt/airflow/dags/permission_fixer_dag.py took 0.049 seconds
[2025-05-01T16:15:08.452+0000] {processor.py:186} INFO - Started process (PID=906) to work on /opt/airflow/dags/permission_fixer_dag.py
[2025-05-01T16:15:08.452+0000] {processor.py:914} INFO - Processing file /opt/airflow/dags/permission_fixer_dag.py for tasks to queue
[2025-05-01T16:15:08.453+0000] {logging_mixin.py:190} INFO - [2025-05-01T16:15:08.453+0000] {dagbag.py:588} INFO - Filling up the DagBag from /opt/airflow/dags/permission_fixer_dag.py
[2025-05-01T16:15:08.460+0000] {processor.py:925} INFO - DAG(s) 'fix_permissions_dag' retrieved from /opt/airflow/dags/permission_fixer_dag.py
[2025-05-01T16:15:08.474+0000] {logging_mixin.py:190} INFO - [2025-05-01T16:15:08.474+0000] {dag.py:3239} INFO - Sync 1 DAGs
[2025-05-01T16:15:08.485+0000] {logging_mixin.py:190} INFO - [2025-05-01T16:15:08.485+0000] {dag.py:4180} INFO - Setting next_dagrun for fix_permissions_dag to 2025-05-01 16:00:00+00:00, run_after=2025-05-01 17:00:00+00:00
[2025-05-01T16:15:08.492+0000] {processor.py:208} INFO - Processing /opt/airflow/dags/permission_fixer_dag.py took 0.045 seconds
[2025-05-01T16:15:38.900+0000] {processor.py:186} INFO - Started process (PID=908) to work on /opt/airflow/dags/permission_fixer_dag.py
[2025-05-01T16:15:38.900+0000] {processor.py:914} INFO - Processing file /opt/airflow/dags/permission_fixer_dag.py for tasks to queue
[2025-05-01T16:15:38.902+0000] {logging_mixin.py:190} INFO - [2025-05-01T16:15:38.902+0000] {dagbag.py:588} INFO - Filling up the DagBag from /opt/airflow/dags/permission_fixer_dag.py
[2025-05-01T16:15:38.910+0000] {processor.py:925} INFO - DAG(s) 'fix_permissions_dag' retrieved from /opt/airflow/dags/permission_fixer_dag.py
[2025-05-01T16:15:38.925+0000] {logging_mixin.py:190} INFO - [2025-05-01T16:15:38.924+0000] {dag.py:3239} INFO - Sync 1 DAGs
[2025-05-01T16:15:38.935+0000] {logging_mixin.py:190} INFO - [2025-05-01T16:15:38.935+0000] {dag.py:4180} INFO - Setting next_dagrun for fix_permissions_dag to 2025-05-01 16:00:00+00:00, run_after=2025-05-01 17:00:00+00:00
[2025-05-01T16:15:38.944+0000] {processor.py:208} INFO - Processing /opt/airflow/dags/permission_fixer_dag.py took 0.049 seconds
[2025-05-01T16:40:04.677+0000] {processor.py:186} INFO - Started process (PID=910) to work on /opt/airflow/dags/permission_fixer_dag.py
[2025-05-01T16:40:04.677+0000] {processor.py:914} INFO - Processing file /opt/airflow/dags/permission_fixer_dag.py for tasks to queue
[2025-05-01T16:40:04.678+0000] {logging_mixin.py:190} INFO - [2025-05-01T16:40:04.678+0000] {dagbag.py:588} INFO - Filling up the DagBag from /opt/airflow/dags/permission_fixer_dag.py
[2025-05-01T16:40:04.686+0000] {processor.py:925} INFO - DAG(s) 'fix_permissions_dag' retrieved from /opt/airflow/dags/permission_fixer_dag.py
[2025-05-01T16:40:04.699+0000] {logging_mixin.py:190} INFO - [2025-05-01T16:40:04.699+0000] {dag.py:3239} INFO - Sync 1 DAGs
[2025-05-01T16:40:04.710+0000] {logging_mixin.py:190} INFO - [2025-05-01T16:40:04.709+0000] {dag.py:4180} INFO - Setting next_dagrun for fix_permissions_dag to 2025-05-01 16:00:00+00:00, run_after=2025-05-01 17:00:00+00:00
[2025-05-01T16:40:04.716+0000] {processor.py:208} INFO - Processing /opt/airflow/dags/permission_fixer_dag.py took 0.043 seconds
[2025-05-01T16:40:35.059+0000] {processor.py:186} INFO - Started process (PID=912) to work on /opt/airflow/dags/permission_fixer_dag.py
[2025-05-01T16:40:35.059+0000] {processor.py:914} INFO - Processing file /opt/airflow/dags/permission_fixer_dag.py for tasks to queue
[2025-05-01T16:40:35.060+0000] {logging_mixin.py:190} INFO - [2025-05-01T16:40:35.060+0000] {dagbag.py:588} INFO - Filling up the DagBag from /opt/airflow/dags/permission_fixer_dag.py
[2025-05-01T16:40:35.067+0000] {processor.py:925} INFO - DAG(s) 'fix_permissions_dag' retrieved from /opt/airflow/dags/permission_fixer_dag.py
[2025-05-01T16:40:35.081+0000] {logging_mixin.py:190} INFO - [2025-05-01T16:40:35.081+0000] {dag.py:3239} INFO - Sync 1 DAGs
[2025-05-01T16:40:35.092+0000] {logging_mixin.py:190} INFO - [2025-05-01T16:40:35.092+0000] {dag.py:4180} INFO - Setting next_dagrun for fix_permissions_dag to 2025-05-01 16:00:00+00:00, run_after=2025-05-01 17:00:00+00:00
[2025-05-01T16:40:35.099+0000] {processor.py:208} INFO - Processing /opt/airflow/dags/permission_fixer_dag.py took 0.045 seconds
[2025-05-01T16:55:37.200+0000] {processor.py:186} INFO - Started process (PID=914) to work on /opt/airflow/dags/permission_fixer_dag.py
[2025-05-01T16:55:37.201+0000] {processor.py:914} INFO - Processing file /opt/airflow/dags/permission_fixer_dag.py for tasks to queue
[2025-05-01T16:55:37.202+0000] {logging_mixin.py:190} INFO - [2025-05-01T16:55:37.201+0000] {dagbag.py:588} INFO - Filling up the DagBag from /opt/airflow/dags/permission_fixer_dag.py
[2025-05-01T16:55:37.209+0000] {processor.py:925} INFO - DAG(s) 'fix_permissions_dag' retrieved from /opt/airflow/dags/permission_fixer_dag.py
[2025-05-01T16:55:37.222+0000] {logging_mixin.py:190} INFO - [2025-05-01T16:55:37.222+0000] {dag.py:3239} INFO - Sync 1 DAGs
[2025-05-01T16:55:37.233+0000] {logging_mixin.py:190} INFO - [2025-05-01T16:55:37.233+0000] {dag.py:4180} INFO - Setting next_dagrun for fix_permissions_dag to 2025-05-01 16:00:00+00:00, run_after=2025-05-01 17:00:00+00:00
[2025-05-01T16:55:37.241+0000] {processor.py:208} INFO - Processing /opt/airflow/dags/permission_fixer_dag.py took 0.044 seconds
[2025-05-01T16:56:07.749+0000] {processor.py:186} INFO - Started process (PID=916) to work on /opt/airflow/dags/permission_fixer_dag.py
[2025-05-01T16:56:07.751+0000] {processor.py:914} INFO - Processing file /opt/airflow/dags/permission_fixer_dag.py for tasks to queue
[2025-05-01T16:56:07.752+0000] {logging_mixin.py:190} INFO - [2025-05-01T16:56:07.752+0000] {dagbag.py:588} INFO - Filling up the DagBag from /opt/airflow/dags/permission_fixer_dag.py
[2025-05-01T16:56:07.759+0000] {processor.py:925} INFO - DAG(s) 'fix_permissions_dag' retrieved from /opt/airflow/dags/permission_fixer_dag.py
[2025-05-01T16:56:07.774+0000] {logging_mixin.py:190} INFO - [2025-05-01T16:56:07.773+0000] {dag.py:3239} INFO - Sync 1 DAGs
[2025-05-01T16:56:07.784+0000] {logging_mixin.py:190} INFO - [2025-05-01T16:56:07.784+0000] {dag.py:4180} INFO - Setting next_dagrun for fix_permissions_dag to 2025-05-01 16:00:00+00:00, run_after=2025-05-01 17:00:00+00:00
[2025-05-01T16:56:07.794+0000] {processor.py:208} INFO - Processing /opt/airflow/dags/permission_fixer_dag.py took 0.051 seconds
[2025-05-01T17:11:16.876+0000] {processor.py:186} INFO - Started process (PID=918) to work on /opt/airflow/dags/permission_fixer_dag.py
[2025-05-01T17:11:16.877+0000] {processor.py:914} INFO - Processing file /opt/airflow/dags/permission_fixer_dag.py for tasks to queue
[2025-05-01T17:11:16.877+0000] {logging_mixin.py:190} INFO - [2025-05-01T17:11:16.877+0000] {dagbag.py:588} INFO - Filling up the DagBag from /opt/airflow/dags/permission_fixer_dag.py
[2025-05-01T17:11:16.883+0000] {processor.py:925} INFO - DAG(s) 'fix_permissions_dag' retrieved from /opt/airflow/dags/permission_fixer_dag.py
[2025-05-01T17:11:16.897+0000] {logging_mixin.py:190} INFO - [2025-05-01T17:11:16.897+0000] {dag.py:3239} INFO - Sync 1 DAGs
[2025-05-01T17:11:16.907+0000] {logging_mixin.py:190} INFO - [2025-05-01T17:11:16.907+0000] {dag.py:4180} INFO - Setting next_dagrun for fix_permissions_dag to 2025-05-01 17:00:00+00:00, run_after=2025-05-01 18:00:00+00:00
[2025-05-01T17:11:16.914+0000] {processor.py:208} INFO - Processing /opt/airflow/dags/permission_fixer_dag.py took 0.041 seconds
[2025-05-01T17:11:47.266+0000] {processor.py:186} INFO - Started process (PID=920) to work on /opt/airflow/dags/permission_fixer_dag.py
[2025-05-01T17:11:47.267+0000] {processor.py:914} INFO - Processing file /opt/airflow/dags/permission_fixer_dag.py for tasks to queue
[2025-05-01T17:11:47.268+0000] {logging_mixin.py:190} INFO - [2025-05-01T17:11:47.268+0000] {dagbag.py:588} INFO - Filling up the DagBag from /opt/airflow/dags/permission_fixer_dag.py
[2025-05-01T17:11:47.274+0000] {processor.py:925} INFO - DAG(s) 'fix_permissions_dag' retrieved from /opt/airflow/dags/permission_fixer_dag.py
[2025-05-01T17:11:47.287+0000] {logging_mixin.py:190} INFO - [2025-05-01T17:11:47.287+0000] {dag.py:3239} INFO - Sync 1 DAGs
[2025-05-01T17:11:47.299+0000] {logging_mixin.py:190} INFO - [2025-05-01T17:11:47.299+0000] {dag.py:4180} INFO - Setting next_dagrun for fix_permissions_dag to 2025-05-01 17:00:00+00:00, run_after=2025-05-01 18:00:00+00:00
[2025-05-01T17:11:47.306+0000] {processor.py:208} INFO - Processing /opt/airflow/dags/permission_fixer_dag.py took 0.044 seconds
[2025-05-01T17:26:13.751+0000] {processor.py:186} INFO - Started process (PID=922) to work on /opt/airflow/dags/permission_fixer_dag.py
[2025-05-01T17:26:13.752+0000] {processor.py:914} INFO - Processing file /opt/airflow/dags/permission_fixer_dag.py for tasks to queue
[2025-05-01T17:26:13.752+0000] {logging_mixin.py:190} INFO - [2025-05-01T17:26:13.752+0000] {dagbag.py:588} INFO - Filling up the DagBag from /opt/airflow/dags/permission_fixer_dag.py
[2025-05-01T17:26:13.758+0000] {processor.py:925} INFO - DAG(s) 'fix_permissions_dag' retrieved from /opt/airflow/dags/permission_fixer_dag.py
[2025-05-01T17:26:13.769+0000] {logging_mixin.py:190} INFO - [2025-05-01T17:26:13.769+0000] {dag.py:3239} INFO - Sync 1 DAGs
[2025-05-01T17:26:13.779+0000] {logging_mixin.py:190} INFO - [2025-05-01T17:26:13.779+0000] {dag.py:4180} INFO - Setting next_dagrun for fix_permissions_dag to 2025-05-01 17:00:00+00:00, run_after=2025-05-01 18:00:00+00:00
[2025-05-01T17:26:13.786+0000] {processor.py:208} INFO - Processing /opt/airflow/dags/permission_fixer_dag.py took 0.040 seconds
[2025-05-01T17:26:44.183+0000] {processor.py:186} INFO - Started process (PID=924) to work on /opt/airflow/dags/permission_fixer_dag.py
[2025-05-01T17:26:44.184+0000] {processor.py:914} INFO - Processing file /opt/airflow/dags/permission_fixer_dag.py for tasks to queue
[2025-05-01T17:26:44.185+0000] {logging_mixin.py:190} INFO - [2025-05-01T17:26:44.185+0000] {dagbag.py:588} INFO - Filling up the DagBag from /opt/airflow/dags/permission_fixer_dag.py
[2025-05-01T17:26:44.192+0000] {processor.py:925} INFO - DAG(s) 'fix_permissions_dag' retrieved from /opt/airflow/dags/permission_fixer_dag.py
[2025-05-01T17:26:44.206+0000] {logging_mixin.py:190} INFO - [2025-05-01T17:26:44.206+0000] {dag.py:3239} INFO - Sync 1 DAGs
[2025-05-01T17:26:44.218+0000] {logging_mixin.py:190} INFO - [2025-05-01T17:26:44.218+0000] {dag.py:4180} INFO - Setting next_dagrun for fix_permissions_dag to 2025-05-01 17:00:00+00:00, run_after=2025-05-01 18:00:00+00:00
[2025-05-01T17:26:44.226+0000] {processor.py:208} INFO - Processing /opt/airflow/dags/permission_fixer_dag.py took 0.048 seconds
[2025-05-01T17:56:48.179+0000] {processor.py:186} INFO - Started process (PID=926) to work on /opt/airflow/dags/permission_fixer_dag.py
[2025-05-01T17:56:48.180+0000] {processor.py:914} INFO - Processing file /opt/airflow/dags/permission_fixer_dag.py for tasks to queue
[2025-05-01T17:56:48.181+0000] {logging_mixin.py:190} INFO - [2025-05-01T17:56:48.180+0000] {dagbag.py:588} INFO - Filling up the DagBag from /opt/airflow/dags/permission_fixer_dag.py
[2025-05-01T17:56:48.187+0000] {processor.py:925} INFO - DAG(s) 'fix_permissions_dag' retrieved from /opt/airflow/dags/permission_fixer_dag.py
[2025-05-01T17:56:48.198+0000] {logging_mixin.py:190} INFO - [2025-05-01T17:56:48.198+0000] {dag.py:3239} INFO - Sync 1 DAGs
[2025-05-01T17:56:48.207+0000] {logging_mixin.py:190} INFO - [2025-05-01T17:56:48.207+0000] {dag.py:4180} INFO - Setting next_dagrun for fix_permissions_dag to 2025-05-01 17:00:00+00:00, run_after=2025-05-01 18:00:00+00:00
[2025-05-01T17:56:48.215+0000] {processor.py:208} INFO - Processing /opt/airflow/dags/permission_fixer_dag.py took 0.039 seconds
[2025-05-01T17:57:18.557+0000] {processor.py:186} INFO - Started process (PID=928) to work on /opt/airflow/dags/permission_fixer_dag.py
[2025-05-01T17:57:18.558+0000] {processor.py:914} INFO - Processing file /opt/airflow/dags/permission_fixer_dag.py for tasks to queue
[2025-05-01T17:57:18.559+0000] {logging_mixin.py:190} INFO - [2025-05-01T17:57:18.559+0000] {dagbag.py:588} INFO - Filling up the DagBag from /opt/airflow/dags/permission_fixer_dag.py
[2025-05-01T17:57:18.569+0000] {processor.py:925} INFO - DAG(s) 'fix_permissions_dag' retrieved from /opt/airflow/dags/permission_fixer_dag.py
[2025-05-01T17:57:18.582+0000] {logging_mixin.py:190} INFO - [2025-05-01T17:57:18.582+0000] {dag.py:3239} INFO - Sync 1 DAGs
[2025-05-01T17:57:18.596+0000] {logging_mixin.py:190} INFO - [2025-05-01T17:57:18.595+0000] {dag.py:4180} INFO - Setting next_dagrun for fix_permissions_dag to 2025-05-01 17:00:00+00:00, run_after=2025-05-01 18:00:00+00:00
[2025-05-01T17:57:18.602+0000] {processor.py:208} INFO - Processing /opt/airflow/dags/permission_fixer_dag.py took 0.050 seconds
[2025-05-01T18:12:24.336+0000] {processor.py:186} INFO - Started process (PID=930) to work on /opt/airflow/dags/permission_fixer_dag.py
[2025-05-01T18:12:24.337+0000] {processor.py:914} INFO - Processing file /opt/airflow/dags/permission_fixer_dag.py for tasks to queue
[2025-05-01T18:12:24.337+0000] {logging_mixin.py:190} INFO - [2025-05-01T18:12:24.337+0000] {dagbag.py:588} INFO - Filling up the DagBag from /opt/airflow/dags/permission_fixer_dag.py
[2025-05-01T18:12:24.344+0000] {processor.py:925} INFO - DAG(s) 'fix_permissions_dag' retrieved from /opt/airflow/dags/permission_fixer_dag.py
[2025-05-01T18:12:24.358+0000] {logging_mixin.py:190} INFO - [2025-05-01T18:12:24.358+0000] {dag.py:3239} INFO - Sync 1 DAGs
[2025-05-01T18:12:24.370+0000] {logging_mixin.py:190} INFO - [2025-05-01T18:12:24.370+0000] {dag.py:4180} INFO - Setting next_dagrun for fix_permissions_dag to 2025-05-01 18:00:00+00:00, run_after=2025-05-01 19:00:00+00:00
[2025-05-01T18:12:24.378+0000] {processor.py:208} INFO - Processing /opt/airflow/dags/permission_fixer_dag.py took 0.045 seconds
[2025-05-01T18:12:54.789+0000] {processor.py:186} INFO - Started process (PID=932) to work on /opt/airflow/dags/permission_fixer_dag.py
[2025-05-01T18:12:54.790+0000] {processor.py:914} INFO - Processing file /opt/airflow/dags/permission_fixer_dag.py for tasks to queue
[2025-05-01T18:12:54.792+0000] {logging_mixin.py:190} INFO - [2025-05-01T18:12:54.792+0000] {dagbag.py:588} INFO - Filling up the DagBag from /opt/airflow/dags/permission_fixer_dag.py
[2025-05-01T18:12:54.800+0000] {processor.py:925} INFO - DAG(s) 'fix_permissions_dag' retrieved from /opt/airflow/dags/permission_fixer_dag.py
[2025-05-01T18:12:54.815+0000] {logging_mixin.py:190} INFO - [2025-05-01T18:12:54.815+0000] {dag.py:3239} INFO - Sync 1 DAGs
[2025-05-01T18:12:54.826+0000] {logging_mixin.py:190} INFO - [2025-05-01T18:12:54.826+0000] {dag.py:4180} INFO - Setting next_dagrun for fix_permissions_dag to 2025-05-01 18:00:00+00:00, run_after=2025-05-01 19:00:00+00:00
[2025-05-01T18:12:54.834+0000] {processor.py:208} INFO - Processing /opt/airflow/dags/permission_fixer_dag.py took 0.051 seconds
[2025-05-01T18:31:58.695+0000] {processor.py:186} INFO - Started process (PID=934) to work on /opt/airflow/dags/permission_fixer_dag.py
[2025-05-01T18:31:58.696+0000] {processor.py:914} INFO - Processing file /opt/airflow/dags/permission_fixer_dag.py for tasks to queue
[2025-05-01T18:31:58.696+0000] {logging_mixin.py:190} INFO - [2025-05-01T18:31:58.696+0000] {dagbag.py:588} INFO - Filling up the DagBag from /opt/airflow/dags/permission_fixer_dag.py
[2025-05-01T18:31:58.703+0000] {processor.py:925} INFO - DAG(s) 'fix_permissions_dag' retrieved from /opt/airflow/dags/permission_fixer_dag.py
[2025-05-01T18:31:58.716+0000] {logging_mixin.py:190} INFO - [2025-05-01T18:31:58.716+0000] {dag.py:3239} INFO - Sync 1 DAGs
[2025-05-01T18:31:58.727+0000] {logging_mixin.py:190} INFO - [2025-05-01T18:31:58.727+0000] {dag.py:4180} INFO - Setting next_dagrun for fix_permissions_dag to 2025-05-01 18:00:00+00:00, run_after=2025-05-01 19:00:00+00:00
[2025-05-01T18:31:58.735+0000] {processor.py:208} INFO - Processing /opt/airflow/dags/permission_fixer_dag.py took 0.044 seconds
[2025-05-01T18:32:29.109+0000] {processor.py:186} INFO - Started process (PID=936) to work on /opt/airflow/dags/permission_fixer_dag.py
[2025-05-01T18:32:29.110+0000] {processor.py:914} INFO - Processing file /opt/airflow/dags/permission_fixer_dag.py for tasks to queue
[2025-05-01T18:32:29.111+0000] {logging_mixin.py:190} INFO - [2025-05-01T18:32:29.111+0000] {dagbag.py:588} INFO - Filling up the DagBag from /opt/airflow/dags/permission_fixer_dag.py
[2025-05-01T18:32:29.119+0000] {processor.py:925} INFO - DAG(s) 'fix_permissions_dag' retrieved from /opt/airflow/dags/permission_fixer_dag.py
[2025-05-01T18:32:29.132+0000] {logging_mixin.py:190} INFO - [2025-05-01T18:32:29.132+0000] {dag.py:3239} INFO - Sync 1 DAGs
[2025-05-01T18:32:29.144+0000] {logging_mixin.py:190} INFO - [2025-05-01T18:32:29.144+0000] {dag.py:4180} INFO - Setting next_dagrun for fix_permissions_dag to 2025-05-01 18:00:00+00:00, run_after=2025-05-01 19:00:00+00:00
[2025-05-01T18:32:29.152+0000] {processor.py:208} INFO - Processing /opt/airflow/dags/permission_fixer_dag.py took 0.048 seconds
[2025-05-01T18:47:38.023+0000] {processor.py:186} INFO - Started process (PID=938) to work on /opt/airflow/dags/permission_fixer_dag.py
[2025-05-01T18:47:38.023+0000] {processor.py:914} INFO - Processing file /opt/airflow/dags/permission_fixer_dag.py for tasks to queue
[2025-05-01T18:47:38.025+0000] {logging_mixin.py:190} INFO - [2025-05-01T18:47:38.024+0000] {dagbag.py:588} INFO - Filling up the DagBag from /opt/airflow/dags/permission_fixer_dag.py
[2025-05-01T18:47:38.031+0000] {processor.py:925} INFO - DAG(s) 'fix_permissions_dag' retrieved from /opt/airflow/dags/permission_fixer_dag.py
[2025-05-01T18:47:38.044+0000] {logging_mixin.py:190} INFO - [2025-05-01T18:47:38.044+0000] {dag.py:3239} INFO - Sync 1 DAGs
[2025-05-01T18:47:38.054+0000] {logging_mixin.py:190} INFO - [2025-05-01T18:47:38.054+0000] {dag.py:4180} INFO - Setting next_dagrun for fix_permissions_dag to 2025-05-01 18:00:00+00:00, run_after=2025-05-01 19:00:00+00:00
[2025-05-01T18:47:38.061+0000] {processor.py:208} INFO - Processing /opt/airflow/dags/permission_fixer_dag.py took 0.043 seconds
[2025-05-01T18:48:08.547+0000] {processor.py:186} INFO - Started process (PID=940) to work on /opt/airflow/dags/permission_fixer_dag.py
[2025-05-01T18:48:08.548+0000] {processor.py:914} INFO - Processing file /opt/airflow/dags/permission_fixer_dag.py for tasks to queue
[2025-05-01T18:48:08.549+0000] {logging_mixin.py:190} INFO - [2025-05-01T18:48:08.549+0000] {dagbag.py:588} INFO - Filling up the DagBag from /opt/airflow/dags/permission_fixer_dag.py
[2025-05-01T18:48:08.556+0000] {processor.py:925} INFO - DAG(s) 'fix_permissions_dag' retrieved from /opt/airflow/dags/permission_fixer_dag.py
[2025-05-01T18:48:08.570+0000] {logging_mixin.py:190} INFO - [2025-05-01T18:48:08.569+0000] {dag.py:3239} INFO - Sync 1 DAGs
[2025-05-01T18:48:08.579+0000] {logging_mixin.py:190} INFO - [2025-05-01T18:48:08.579+0000] {dag.py:4180} INFO - Setting next_dagrun for fix_permissions_dag to 2025-05-01 18:00:00+00:00, run_after=2025-05-01 19:00:00+00:00
[2025-05-01T18:48:08.585+0000] {processor.py:208} INFO - Processing /opt/airflow/dags/permission_fixer_dag.py took 0.043 seconds
[2025-05-01T19:43:04.757+0000] {processor.py:186} INFO - Started process (PID=942) to work on /opt/airflow/dags/permission_fixer_dag.py
[2025-05-01T19:43:04.758+0000] {processor.py:914} INFO - Processing file /opt/airflow/dags/permission_fixer_dag.py for tasks to queue
[2025-05-01T19:43:04.759+0000] {logging_mixin.py:190} INFO - [2025-05-01T19:43:04.759+0000] {dagbag.py:588} INFO - Filling up the DagBag from /opt/airflow/dags/permission_fixer_dag.py
[2025-05-01T19:43:04.766+0000] {processor.py:925} INFO - DAG(s) 'fix_permissions_dag' retrieved from /opt/airflow/dags/permission_fixer_dag.py
[2025-05-01T19:43:04.778+0000] {logging_mixin.py:190} INFO - [2025-05-01T19:43:04.778+0000] {dag.py:3239} INFO - Sync 1 DAGs
[2025-05-01T19:43:04.788+0000] {logging_mixin.py:190} INFO - [2025-05-01T19:43:04.788+0000] {dag.py:4180} INFO - Setting next_dagrun for fix_permissions_dag to 2025-05-01 18:00:00+00:00, run_after=2025-05-01 19:00:00+00:00
[2025-05-01T19:43:04.795+0000] {processor.py:208} INFO - Processing /opt/airflow/dags/permission_fixer_dag.py took 0.042 seconds
[2025-05-01T19:43:35.180+0000] {processor.py:186} INFO - Started process (PID=944) to work on /opt/airflow/dags/permission_fixer_dag.py
[2025-05-01T19:43:35.181+0000] {processor.py:914} INFO - Processing file /opt/airflow/dags/permission_fixer_dag.py for tasks to queue
[2025-05-01T19:43:35.182+0000] {logging_mixin.py:190} INFO - [2025-05-01T19:43:35.181+0000] {dagbag.py:588} INFO - Filling up the DagBag from /opt/airflow/dags/permission_fixer_dag.py
[2025-05-01T19:43:35.190+0000] {processor.py:925} INFO - DAG(s) 'fix_permissions_dag' retrieved from /opt/airflow/dags/permission_fixer_dag.py
[2025-05-01T19:43:35.205+0000] {logging_mixin.py:190} INFO - [2025-05-01T19:43:35.205+0000] {dag.py:3239} INFO - Sync 1 DAGs
[2025-05-01T19:43:35.217+0000] {logging_mixin.py:190} INFO - [2025-05-01T19:43:35.217+0000] {dag.py:4180} INFO - Setting next_dagrun for fix_permissions_dag to 2025-05-01 19:00:00+00:00, run_after=2025-05-01 20:00:00+00:00
[2025-05-01T19:43:35.226+0000] {processor.py:208} INFO - Processing /opt/airflow/dags/permission_fixer_dag.py took 0.052 seconds
[2025-05-01T20:28:38.446+0000] {processor.py:186} INFO - Started process (PID=946) to work on /opt/airflow/dags/permission_fixer_dag.py
[2025-05-01T20:28:38.447+0000] {processor.py:914} INFO - Processing file /opt/airflow/dags/permission_fixer_dag.py for tasks to queue
[2025-05-01T20:28:38.447+0000] {logging_mixin.py:190} INFO - [2025-05-01T20:28:38.447+0000] {dagbag.py:588} INFO - Filling up the DagBag from /opt/airflow/dags/permission_fixer_dag.py
[2025-05-01T20:28:38.453+0000] {processor.py:925} INFO - DAG(s) 'fix_permissions_dag' retrieved from /opt/airflow/dags/permission_fixer_dag.py
[2025-05-01T20:28:38.465+0000] {logging_mixin.py:190} INFO - [2025-05-01T20:28:38.465+0000] {dag.py:3239} INFO - Sync 1 DAGs
[2025-05-01T20:28:38.476+0000] {logging_mixin.py:190} INFO - [2025-05-01T20:28:38.475+0000] {dag.py:4180} INFO - Setting next_dagrun for fix_permissions_dag to 2025-05-01 20:00:00+00:00, run_after=2025-05-01 21:00:00+00:00
[2025-05-01T20:28:38.484+0000] {processor.py:208} INFO - Processing /opt/airflow/dags/permission_fixer_dag.py took 0.040 seconds
[2025-05-01T20:29:08.917+0000] {processor.py:186} INFO - Started process (PID=948) to work on /opt/airflow/dags/permission_fixer_dag.py
[2025-05-01T20:29:08.918+0000] {processor.py:914} INFO - Processing file /opt/airflow/dags/permission_fixer_dag.py for tasks to queue
[2025-05-01T20:29:08.919+0000] {logging_mixin.py:190} INFO - [2025-05-01T20:29:08.919+0000] {dagbag.py:588} INFO - Filling up the DagBag from /opt/airflow/dags/permission_fixer_dag.py
[2025-05-01T20:29:08.926+0000] {processor.py:925} INFO - DAG(s) 'fix_permissions_dag' retrieved from /opt/airflow/dags/permission_fixer_dag.py
[2025-05-01T20:29:08.941+0000] {logging_mixin.py:190} INFO - [2025-05-01T20:29:08.941+0000] {dag.py:3239} INFO - Sync 1 DAGs
[2025-05-01T20:29:08.952+0000] {logging_mixin.py:190} INFO - [2025-05-01T20:29:08.952+0000] {dag.py:4180} INFO - Setting next_dagrun for fix_permissions_dag to 2025-05-01 20:00:00+00:00, run_after=2025-05-01 21:00:00+00:00
[2025-05-01T20:29:08.960+0000] {processor.py:208} INFO - Processing /opt/airflow/dags/permission_fixer_dag.py took 0.048 seconds
[2025-05-01T21:14:13.078+0000] {processor.py:186} INFO - Started process (PID=950) to work on /opt/airflow/dags/permission_fixer_dag.py
[2025-05-01T21:14:13.078+0000] {processor.py:914} INFO - Processing file /opt/airflow/dags/permission_fixer_dag.py for tasks to queue
[2025-05-01T21:14:13.079+0000] {logging_mixin.py:190} INFO - [2025-05-01T21:14:13.079+0000] {dagbag.py:588} INFO - Filling up the DagBag from /opt/airflow/dags/permission_fixer_dag.py
[2025-05-01T21:14:13.085+0000] {processor.py:925} INFO - DAG(s) 'fix_permissions_dag' retrieved from /opt/airflow/dags/permission_fixer_dag.py
[2025-05-01T21:14:13.098+0000] {logging_mixin.py:190} INFO - [2025-05-01T21:14:13.098+0000] {dag.py:3239} INFO - Sync 1 DAGs
[2025-05-01T21:14:13.108+0000] {logging_mixin.py:190} INFO - [2025-05-01T21:14:13.108+0000] {dag.py:4180} INFO - Setting next_dagrun for fix_permissions_dag to 2025-05-01 21:00:00+00:00, run_after=2025-05-01 22:00:00+00:00
[2025-05-01T21:14:13.115+0000] {processor.py:208} INFO - Processing /opt/airflow/dags/permission_fixer_dag.py took 0.040 seconds
[2025-05-01T21:14:43.410+0000] {processor.py:186} INFO - Started process (PID=952) to work on /opt/airflow/dags/permission_fixer_dag.py
[2025-05-01T21:14:43.411+0000] {processor.py:914} INFO - Processing file /opt/airflow/dags/permission_fixer_dag.py for tasks to queue
[2025-05-01T21:14:43.412+0000] {logging_mixin.py:190} INFO - [2025-05-01T21:14:43.412+0000] {dagbag.py:588} INFO - Filling up the DagBag from /opt/airflow/dags/permission_fixer_dag.py
[2025-05-01T21:14:43.422+0000] {processor.py:925} INFO - DAG(s) 'fix_permissions_dag' retrieved from /opt/airflow/dags/permission_fixer_dag.py
[2025-05-01T21:14:43.439+0000] {logging_mixin.py:190} INFO - [2025-05-01T21:14:43.439+0000] {dag.py:3239} INFO - Sync 1 DAGs
[2025-05-01T21:14:43.451+0000] {logging_mixin.py:190} INFO - [2025-05-01T21:14:43.450+0000] {dag.py:4180} INFO - Setting next_dagrun for fix_permissions_dag to 2025-05-01 21:00:00+00:00, run_after=2025-05-01 22:00:00+00:00
[2025-05-01T21:14:43.458+0000] {processor.py:208} INFO - Processing /opt/airflow/dags/permission_fixer_dag.py took 0.056 seconds
[2025-05-01T21:22:58.297+0000] {processor.py:186} INFO - Started process (PID=954) to work on /opt/airflow/dags/permission_fixer_dag.py
[2025-05-01T21:22:58.298+0000] {processor.py:914} INFO - Processing file /opt/airflow/dags/permission_fixer_dag.py for tasks to queue
[2025-05-01T21:22:58.300+0000] {logging_mixin.py:190} INFO - [2025-05-01T21:22:58.299+0000] {dagbag.py:588} INFO - Filling up the DagBag from /opt/airflow/dags/permission_fixer_dag.py
[2025-05-01T21:22:58.308+0000] {processor.py:925} INFO - DAG(s) 'fix_permissions_dag' retrieved from /opt/airflow/dags/permission_fixer_dag.py
[2025-05-01T21:22:58.323+0000] {logging_mixin.py:190} INFO - [2025-05-01T21:22:58.323+0000] {dag.py:3239} INFO - Sync 1 DAGs
[2025-05-01T21:22:58.334+0000] {logging_mixin.py:190} INFO - [2025-05-01T21:22:58.334+0000] {dag.py:4180} INFO - Setting next_dagrun for fix_permissions_dag to 2025-05-01 21:00:00+00:00, run_after=2025-05-01 22:00:00+00:00
[2025-05-01T21:22:58.342+0000] {processor.py:208} INFO - Processing /opt/airflow/dags/permission_fixer_dag.py took 0.051 seconds
[2025-05-01T21:23:28.745+0000] {processor.py:186} INFO - Started process (PID=956) to work on /opt/airflow/dags/permission_fixer_dag.py
[2025-05-01T21:23:28.747+0000] {processor.py:914} INFO - Processing file /opt/airflow/dags/permission_fixer_dag.py for tasks to queue
[2025-05-01T21:23:28.748+0000] {logging_mixin.py:190} INFO - [2025-05-01T21:23:28.747+0000] {dagbag.py:588} INFO - Filling up the DagBag from /opt/airflow/dags/permission_fixer_dag.py
[2025-05-01T21:23:28.756+0000] {processor.py:925} INFO - DAG(s) 'fix_permissions_dag' retrieved from /opt/airflow/dags/permission_fixer_dag.py
[2025-05-01T21:23:28.771+0000] {logging_mixin.py:190} INFO - [2025-05-01T21:23:28.771+0000] {dag.py:3239} INFO - Sync 1 DAGs
[2025-05-01T21:23:28.783+0000] {logging_mixin.py:190} INFO - [2025-05-01T21:23:28.783+0000] {dag.py:4180} INFO - Setting next_dagrun for fix_permissions_dag to 2025-05-01 21:00:00+00:00, run_after=2025-05-01 22:00:00+00:00
[2025-05-01T21:23:28.791+0000] {processor.py:208} INFO - Processing /opt/airflow/dags/permission_fixer_dag.py took 0.054 seconds
[2025-05-01T21:23:59.193+0000] {processor.py:186} INFO - Started process (PID=958) to work on /opt/airflow/dags/permission_fixer_dag.py
[2025-05-01T21:23:59.194+0000] {processor.py:914} INFO - Processing file /opt/airflow/dags/permission_fixer_dag.py for tasks to queue
[2025-05-01T21:23:59.195+0000] {logging_mixin.py:190} INFO - [2025-05-01T21:23:59.195+0000] {dagbag.py:588} INFO - Filling up the DagBag from /opt/airflow/dags/permission_fixer_dag.py
[2025-05-01T21:23:59.204+0000] {processor.py:925} INFO - DAG(s) 'fix_permissions_dag' retrieved from /opt/airflow/dags/permission_fixer_dag.py
[2025-05-01T21:23:59.219+0000] {logging_mixin.py:190} INFO - [2025-05-01T21:23:59.219+0000] {dag.py:3239} INFO - Sync 1 DAGs
[2025-05-01T21:23:59.230+0000] {logging_mixin.py:190} INFO - [2025-05-01T21:23:59.230+0000] {dag.py:4180} INFO - Setting next_dagrun for fix_permissions_dag to 2025-05-01 21:00:00+00:00, run_after=2025-05-01 22:00:00+00:00
[2025-05-01T21:23:59.238+0000] {processor.py:208} INFO - Processing /opt/airflow/dags/permission_fixer_dag.py took 0.054 seconds
[2025-05-01T21:24:29.661+0000] {processor.py:186} INFO - Started process (PID=960) to work on /opt/airflow/dags/permission_fixer_dag.py
[2025-05-01T21:24:29.661+0000] {processor.py:914} INFO - Processing file /opt/airflow/dags/permission_fixer_dag.py for tasks to queue
[2025-05-01T21:24:29.663+0000] {logging_mixin.py:190} INFO - [2025-05-01T21:24:29.662+0000] {dagbag.py:588} INFO - Filling up the DagBag from /opt/airflow/dags/permission_fixer_dag.py
[2025-05-01T21:24:29.672+0000] {processor.py:925} INFO - DAG(s) 'fix_permissions_dag' retrieved from /opt/airflow/dags/permission_fixer_dag.py
[2025-05-01T21:24:29.687+0000] {logging_mixin.py:190} INFO - [2025-05-01T21:24:29.687+0000] {dag.py:3239} INFO - Sync 1 DAGs
[2025-05-01T21:24:29.698+0000] {logging_mixin.py:190} INFO - [2025-05-01T21:24:29.698+0000] {dag.py:4180} INFO - Setting next_dagrun for fix_permissions_dag to 2025-05-01 21:00:00+00:00, run_after=2025-05-01 22:00:00+00:00
[2025-05-01T21:24:29.706+0000] {processor.py:208} INFO - Processing /opt/airflow/dags/permission_fixer_dag.py took 0.054 seconds
[2025-05-01T21:25:00.051+0000] {processor.py:186} INFO - Started process (PID=962) to work on /opt/airflow/dags/permission_fixer_dag.py
[2025-05-01T21:25:00.052+0000] {processor.py:914} INFO - Processing file /opt/airflow/dags/permission_fixer_dag.py for tasks to queue
[2025-05-01T21:25:00.053+0000] {logging_mixin.py:190} INFO - [2025-05-01T21:25:00.053+0000] {dagbag.py:588} INFO - Filling up the DagBag from /opt/airflow/dags/permission_fixer_dag.py
[2025-05-01T21:25:00.059+0000] {processor.py:925} INFO - DAG(s) 'fix_permissions_dag' retrieved from /opt/airflow/dags/permission_fixer_dag.py
[2025-05-01T21:25:00.071+0000] {logging_mixin.py:190} INFO - [2025-05-01T21:25:00.070+0000] {dag.py:3239} INFO - Sync 1 DAGs
[2025-05-01T21:25:00.081+0000] {logging_mixin.py:190} INFO - [2025-05-01T21:25:00.081+0000] {dag.py:4180} INFO - Setting next_dagrun for fix_permissions_dag to 2025-05-01 21:00:00+00:00, run_after=2025-05-01 22:00:00+00:00
[2025-05-01T21:25:00.088+0000] {processor.py:208} INFO - Processing /opt/airflow/dags/permission_fixer_dag.py took 0.040 seconds
[2025-05-01T21:25:30.363+0000] {processor.py:186} INFO - Started process (PID=964) to work on /opt/airflow/dags/permission_fixer_dag.py
[2025-05-01T21:25:30.363+0000] {processor.py:914} INFO - Processing file /opt/airflow/dags/permission_fixer_dag.py for tasks to queue
[2025-05-01T21:25:30.364+0000] {logging_mixin.py:190} INFO - [2025-05-01T21:25:30.364+0000] {dagbag.py:588} INFO - Filling up the DagBag from /opt/airflow/dags/permission_fixer_dag.py
[2025-05-01T21:25:30.371+0000] {processor.py:925} INFO - DAG(s) 'fix_permissions_dag' retrieved from /opt/airflow/dags/permission_fixer_dag.py
[2025-05-01T21:25:30.385+0000] {logging_mixin.py:190} INFO - [2025-05-01T21:25:30.385+0000] {dag.py:3239} INFO - Sync 1 DAGs
[2025-05-01T21:25:30.396+0000] {logging_mixin.py:190} INFO - [2025-05-01T21:25:30.396+0000] {dag.py:4180} INFO - Setting next_dagrun for fix_permissions_dag to 2025-05-01 21:00:00+00:00, run_after=2025-05-01 22:00:00+00:00
[2025-05-01T21:25:30.405+0000] {processor.py:208} INFO - Processing /opt/airflow/dags/permission_fixer_dag.py took 0.046 seconds
[2025-05-01T21:26:00.569+0000] {processor.py:186} INFO - Started process (PID=966) to work on /opt/airflow/dags/permission_fixer_dag.py
[2025-05-01T21:26:00.570+0000] {processor.py:914} INFO - Processing file /opt/airflow/dags/permission_fixer_dag.py for tasks to queue
[2025-05-01T21:26:00.571+0000] {logging_mixin.py:190} INFO - [2025-05-01T21:26:00.571+0000] {dagbag.py:588} INFO - Filling up the DagBag from /opt/airflow/dags/permission_fixer_dag.py
[2025-05-01T21:26:00.577+0000] {processor.py:925} INFO - DAG(s) 'fix_permissions_dag' retrieved from /opt/airflow/dags/permission_fixer_dag.py
[2025-05-01T21:26:00.593+0000] {logging_mixin.py:190} INFO - [2025-05-01T21:26:00.593+0000] {dag.py:3239} INFO - Sync 1 DAGs
[2025-05-01T21:26:00.605+0000] {logging_mixin.py:190} INFO - [2025-05-01T21:26:00.605+0000] {dag.py:4180} INFO - Setting next_dagrun for fix_permissions_dag to 2025-05-01 21:00:00+00:00, run_after=2025-05-01 22:00:00+00:00
[2025-05-01T21:26:00.614+0000] {processor.py:208} INFO - Processing /opt/airflow/dags/permission_fixer_dag.py took 0.048 seconds
[2025-05-01T21:26:30.885+0000] {processor.py:186} INFO - Started process (PID=968) to work on /opt/airflow/dags/permission_fixer_dag.py
[2025-05-01T21:26:30.886+0000] {processor.py:914} INFO - Processing file /opt/airflow/dags/permission_fixer_dag.py for tasks to queue
[2025-05-01T21:26:30.886+0000] {logging_mixin.py:190} INFO - [2025-05-01T21:26:30.886+0000] {dagbag.py:588} INFO - Filling up the DagBag from /opt/airflow/dags/permission_fixer_dag.py
[2025-05-01T21:26:30.894+0000] {processor.py:925} INFO - DAG(s) 'fix_permissions_dag' retrieved from /opt/airflow/dags/permission_fixer_dag.py
[2025-05-01T21:26:30.907+0000] {logging_mixin.py:190} INFO - [2025-05-01T21:26:30.907+0000] {dag.py:3239} INFO - Sync 1 DAGs
[2025-05-01T21:26:30.918+0000] {logging_mixin.py:190} INFO - [2025-05-01T21:26:30.918+0000] {dag.py:4180} INFO - Setting next_dagrun for fix_permissions_dag to 2025-05-01 21:00:00+00:00, run_after=2025-05-01 22:00:00+00:00
[2025-05-01T21:26:30.925+0000] {processor.py:208} INFO - Processing /opt/airflow/dags/permission_fixer_dag.py took 0.045 seconds
[2025-05-01T21:27:01.250+0000] {processor.py:186} INFO - Started process (PID=970) to work on /opt/airflow/dags/permission_fixer_dag.py
[2025-05-01T21:27:01.251+0000] {processor.py:914} INFO - Processing file /opt/airflow/dags/permission_fixer_dag.py for tasks to queue
[2025-05-01T21:27:01.252+0000] {logging_mixin.py:190} INFO - [2025-05-01T21:27:01.252+0000] {dagbag.py:588} INFO - Filling up the DagBag from /opt/airflow/dags/permission_fixer_dag.py
[2025-05-01T21:27:01.261+0000] {processor.py:925} INFO - DAG(s) 'fix_permissions_dag' retrieved from /opt/airflow/dags/permission_fixer_dag.py
[2025-05-01T21:27:01.276+0000] {logging_mixin.py:190} INFO - [2025-05-01T21:27:01.276+0000] {dag.py:3239} INFO - Sync 1 DAGs
[2025-05-01T21:27:01.287+0000] {logging_mixin.py:190} INFO - [2025-05-01T21:27:01.287+0000] {dag.py:4180} INFO - Setting next_dagrun for fix_permissions_dag to 2025-05-01 21:00:00+00:00, run_after=2025-05-01 22:00:00+00:00
[2025-05-01T21:27:01.294+0000] {processor.py:208} INFO - Processing /opt/airflow/dags/permission_fixer_dag.py took 0.050 seconds
[2025-05-01T21:27:31.574+0000] {processor.py:186} INFO - Started process (PID=972) to work on /opt/airflow/dags/permission_fixer_dag.py
[2025-05-01T21:27:31.574+0000] {processor.py:914} INFO - Processing file /opt/airflow/dags/permission_fixer_dag.py for tasks to queue
[2025-05-01T21:27:31.576+0000] {logging_mixin.py:190} INFO - [2025-05-01T21:27:31.575+0000] {dagbag.py:588} INFO - Filling up the DagBag from /opt/airflow/dags/permission_fixer_dag.py
[2025-05-01T21:27:31.583+0000] {processor.py:925} INFO - DAG(s) 'fix_permissions_dag' retrieved from /opt/airflow/dags/permission_fixer_dag.py
[2025-05-01T21:27:31.597+0000] {logging_mixin.py:190} INFO - [2025-05-01T21:27:31.597+0000] {dag.py:3239} INFO - Sync 1 DAGs
[2025-05-01T21:27:31.608+0000] {logging_mixin.py:190} INFO - [2025-05-01T21:27:31.608+0000] {dag.py:4180} INFO - Setting next_dagrun for fix_permissions_dag to 2025-05-01 21:00:00+00:00, run_after=2025-05-01 22:00:00+00:00
[2025-05-01T21:27:31.616+0000] {processor.py:208} INFO - Processing /opt/airflow/dags/permission_fixer_dag.py took 0.047 seconds
[2025-05-01T21:28:01.988+0000] {processor.py:186} INFO - Started process (PID=976) to work on /opt/airflow/dags/permission_fixer_dag.py
[2025-05-01T21:28:01.989+0000] {processor.py:914} INFO - Processing file /opt/airflow/dags/permission_fixer_dag.py for tasks to queue
[2025-05-01T21:28:01.990+0000] {logging_mixin.py:190} INFO - [2025-05-01T21:28:01.989+0000] {dagbag.py:588} INFO - Filling up the DagBag from /opt/airflow/dags/permission_fixer_dag.py
[2025-05-01T21:28:01.995+0000] {processor.py:925} INFO - DAG(s) 'fix_permissions_dag' retrieved from /opt/airflow/dags/permission_fixer_dag.py
[2025-05-01T21:28:02.008+0000] {logging_mixin.py:190} INFO - [2025-05-01T21:28:02.008+0000] {dag.py:3239} INFO - Sync 1 DAGs
[2025-05-01T21:28:02.018+0000] {logging_mixin.py:190} INFO - [2025-05-01T21:28:02.017+0000] {dag.py:4180} INFO - Setting next_dagrun for fix_permissions_dag to 2025-05-01 21:00:00+00:00, run_after=2025-05-01 22:00:00+00:00
[2025-05-01T21:28:02.023+0000] {processor.py:208} INFO - Processing /opt/airflow/dags/permission_fixer_dag.py took 0.038 seconds
[2025-05-01T21:28:32.220+0000] {processor.py:186} INFO - Started process (PID=978) to work on /opt/airflow/dags/permission_fixer_dag.py
[2025-05-01T21:28:32.220+0000] {processor.py:914} INFO - Processing file /opt/airflow/dags/permission_fixer_dag.py for tasks to queue
[2025-05-01T21:28:32.221+0000] {logging_mixin.py:190} INFO - [2025-05-01T21:28:32.221+0000] {dagbag.py:588} INFO - Filling up the DagBag from /opt/airflow/dags/permission_fixer_dag.py
[2025-05-01T21:28:32.227+0000] {processor.py:925} INFO - DAG(s) 'fix_permissions_dag' retrieved from /opt/airflow/dags/permission_fixer_dag.py
[2025-05-01T21:28:32.240+0000] {logging_mixin.py:190} INFO - [2025-05-01T21:28:32.240+0000] {dag.py:3239} INFO - Sync 1 DAGs
[2025-05-01T21:28:32.251+0000] {logging_mixin.py:190} INFO - [2025-05-01T21:28:32.251+0000] {dag.py:4180} INFO - Setting next_dagrun for fix_permissions_dag to 2025-05-01 21:00:00+00:00, run_after=2025-05-01 22:00:00+00:00
[2025-05-01T21:28:32.261+0000] {processor.py:208} INFO - Processing /opt/airflow/dags/permission_fixer_dag.py took 0.044 seconds
[2025-05-01T21:29:02.446+0000] {processor.py:186} INFO - Started process (PID=980) to work on /opt/airflow/dags/permission_fixer_dag.py
[2025-05-01T21:29:02.447+0000] {processor.py:914} INFO - Processing file /opt/airflow/dags/permission_fixer_dag.py for tasks to queue
[2025-05-01T21:29:02.450+0000] {logging_mixin.py:190} INFO - [2025-05-01T21:29:02.450+0000] {dagbag.py:588} INFO - Filling up the DagBag from /opt/airflow/dags/permission_fixer_dag.py
[2025-05-01T21:29:02.461+0000] {processor.py:925} INFO - DAG(s) 'fix_permissions_dag' retrieved from /opt/airflow/dags/permission_fixer_dag.py
[2025-05-01T21:29:02.478+0000] {logging_mixin.py:190} INFO - [2025-05-01T21:29:02.477+0000] {dag.py:3239} INFO - Sync 1 DAGs
[2025-05-01T21:29:02.491+0000] {logging_mixin.py:190} INFO - [2025-05-01T21:29:02.491+0000] {dag.py:4180} INFO - Setting next_dagrun for fix_permissions_dag to 2025-05-01 21:00:00+00:00, run_after=2025-05-01 22:00:00+00:00
[2025-05-01T21:29:02.501+0000] {processor.py:208} INFO - Processing /opt/airflow/dags/permission_fixer_dag.py took 0.058 seconds
[2025-05-01T21:29:32.735+0000] {processor.py:186} INFO - Started process (PID=982) to work on /opt/airflow/dags/permission_fixer_dag.py
[2025-05-01T21:29:32.736+0000] {processor.py:914} INFO - Processing file /opt/airflow/dags/permission_fixer_dag.py for tasks to queue
[2025-05-01T21:29:32.736+0000] {logging_mixin.py:190} INFO - [2025-05-01T21:29:32.736+0000] {dagbag.py:588} INFO - Filling up the DagBag from /opt/airflow/dags/permission_fixer_dag.py
[2025-05-01T21:29:32.742+0000] {processor.py:925} INFO - DAG(s) 'fix_permissions_dag' retrieved from /opt/airflow/dags/permission_fixer_dag.py
[2025-05-01T21:29:32.755+0000] {logging_mixin.py:190} INFO - [2025-05-01T21:29:32.754+0000] {dag.py:3239} INFO - Sync 1 DAGs
[2025-05-01T21:29:32.764+0000] {logging_mixin.py:190} INFO - [2025-05-01T21:29:32.764+0000] {dag.py:4180} INFO - Setting next_dagrun for fix_permissions_dag to 2025-05-01 21:00:00+00:00, run_after=2025-05-01 22:00:00+00:00
[2025-05-01T21:29:32.771+0000] {processor.py:208} INFO - Processing /opt/airflow/dags/permission_fixer_dag.py took 0.039 seconds
[2025-05-01T21:30:03.014+0000] {processor.py:186} INFO - Started process (PID=984) to work on /opt/airflow/dags/permission_fixer_dag.py
[2025-05-01T21:30:03.015+0000] {processor.py:914} INFO - Processing file /opt/airflow/dags/permission_fixer_dag.py for tasks to queue
[2025-05-01T21:30:03.016+0000] {logging_mixin.py:190} INFO - [2025-05-01T21:30:03.016+0000] {dagbag.py:588} INFO - Filling up the DagBag from /opt/airflow/dags/permission_fixer_dag.py
[2025-05-01T21:30:03.026+0000] {processor.py:925} INFO - DAG(s) 'fix_permissions_dag' retrieved from /opt/airflow/dags/permission_fixer_dag.py
[2025-05-01T21:30:03.041+0000] {logging_mixin.py:190} INFO - [2025-05-01T21:30:03.041+0000] {dag.py:3239} INFO - Sync 1 DAGs
[2025-05-01T21:30:03.051+0000] {logging_mixin.py:190} INFO - [2025-05-01T21:30:03.051+0000] {dag.py:4180} INFO - Setting next_dagrun for fix_permissions_dag to 2025-05-01 21:00:00+00:00, run_after=2025-05-01 22:00:00+00:00
[2025-05-01T21:30:03.059+0000] {processor.py:208} INFO - Processing /opt/airflow/dags/permission_fixer_dag.py took 0.050 seconds
[2025-05-01T21:30:33.252+0000] {processor.py:186} INFO - Started process (PID=986) to work on /opt/airflow/dags/permission_fixer_dag.py
[2025-05-01T21:30:33.253+0000] {processor.py:914} INFO - Processing file /opt/airflow/dags/permission_fixer_dag.py for tasks to queue
[2025-05-01T21:30:33.254+0000] {logging_mixin.py:190} INFO - [2025-05-01T21:30:33.253+0000] {dagbag.py:588} INFO - Filling up the DagBag from /opt/airflow/dags/permission_fixer_dag.py
[2025-05-01T21:30:33.260+0000] {processor.py:925} INFO - DAG(s) 'fix_permissions_dag' retrieved from /opt/airflow/dags/permission_fixer_dag.py
[2025-05-01T21:30:33.272+0000] {logging_mixin.py:190} INFO - [2025-05-01T21:30:33.272+0000] {dag.py:3239} INFO - Sync 1 DAGs
[2025-05-01T21:30:33.283+0000] {logging_mixin.py:190} INFO - [2025-05-01T21:30:33.283+0000] {dag.py:4180} INFO - Setting next_dagrun for fix_permissions_dag to 2025-05-01 21:00:00+00:00, run_after=2025-05-01 22:00:00+00:00
[2025-05-01T21:30:33.290+0000] {processor.py:208} INFO - Processing /opt/airflow/dags/permission_fixer_dag.py took 0.042 seconds
[2025-05-01T21:31:03.422+0000] {processor.py:186} INFO - Started process (PID=988) to work on /opt/airflow/dags/permission_fixer_dag.py
[2025-05-01T21:31:03.423+0000] {processor.py:914} INFO - Processing file /opt/airflow/dags/permission_fixer_dag.py for tasks to queue
[2025-05-01T21:31:03.424+0000] {logging_mixin.py:190} INFO - [2025-05-01T21:31:03.424+0000] {dagbag.py:588} INFO - Filling up the DagBag from /opt/airflow/dags/permission_fixer_dag.py
[2025-05-01T21:31:03.429+0000] {processor.py:925} INFO - DAG(s) 'fix_permissions_dag' retrieved from /opt/airflow/dags/permission_fixer_dag.py
[2025-05-01T21:31:03.440+0000] {logging_mixin.py:190} INFO - [2025-05-01T21:31:03.440+0000] {dag.py:3239} INFO - Sync 1 DAGs
[2025-05-01T21:31:03.451+0000] {logging_mixin.py:190} INFO - [2025-05-01T21:31:03.451+0000] {dag.py:4180} INFO - Setting next_dagrun for fix_permissions_dag to 2025-05-01 21:00:00+00:00, run_after=2025-05-01 22:00:00+00:00
[2025-05-01T21:31:03.458+0000] {processor.py:208} INFO - Processing /opt/airflow/dags/permission_fixer_dag.py took 0.039 seconds
[2025-05-01T21:31:33.593+0000] {processor.py:186} INFO - Started process (PID=990) to work on /opt/airflow/dags/permission_fixer_dag.py
[2025-05-01T21:31:33.594+0000] {processor.py:914} INFO - Processing file /opt/airflow/dags/permission_fixer_dag.py for tasks to queue
[2025-05-01T21:31:33.594+0000] {logging_mixin.py:190} INFO - [2025-05-01T21:31:33.594+0000] {dagbag.py:588} INFO - Filling up the DagBag from /opt/airflow/dags/permission_fixer_dag.py
[2025-05-01T21:31:33.600+0000] {processor.py:925} INFO - DAG(s) 'fix_permissions_dag' retrieved from /opt/airflow/dags/permission_fixer_dag.py
[2025-05-01T21:31:33.617+0000] {logging_mixin.py:190} INFO - [2025-05-01T21:31:33.616+0000] {dag.py:3239} INFO - Sync 1 DAGs
[2025-05-01T21:31:33.630+0000] {logging_mixin.py:190} INFO - [2025-05-01T21:31:33.630+0000] {dag.py:4180} INFO - Setting next_dagrun for fix_permissions_dag to 2025-05-01 21:00:00+00:00, run_after=2025-05-01 22:00:00+00:00
[2025-05-01T21:31:33.642+0000] {processor.py:208} INFO - Processing /opt/airflow/dags/permission_fixer_dag.py took 0.053 seconds
[2025-05-01T21:32:03.984+0000] {processor.py:186} INFO - Started process (PID=992) to work on /opt/airflow/dags/permission_fixer_dag.py
[2025-05-01T21:32:03.985+0000] {processor.py:914} INFO - Processing file /opt/airflow/dags/permission_fixer_dag.py for tasks to queue
[2025-05-01T21:32:03.986+0000] {logging_mixin.py:190} INFO - [2025-05-01T21:32:03.986+0000] {dagbag.py:588} INFO - Filling up the DagBag from /opt/airflow/dags/permission_fixer_dag.py
[2025-05-01T21:32:03.997+0000] {processor.py:925} INFO - DAG(s) 'fix_permissions_dag' retrieved from /opt/airflow/dags/permission_fixer_dag.py
[2025-05-01T21:32:04.014+0000] {logging_mixin.py:190} INFO - [2025-05-01T21:32:04.014+0000] {dag.py:3239} INFO - Sync 1 DAGs
[2025-05-01T21:32:04.026+0000] {logging_mixin.py:190} INFO - [2025-05-01T21:32:04.026+0000] {dag.py:4180} INFO - Setting next_dagrun for fix_permissions_dag to 2025-05-01 21:00:00+00:00, run_after=2025-05-01 22:00:00+00:00
[2025-05-01T21:32:04.033+0000] {processor.py:208} INFO - Processing /opt/airflow/dags/permission_fixer_dag.py took 0.058 seconds
[2025-05-01T21:32:34.325+0000] {processor.py:186} INFO - Started process (PID=994) to work on /opt/airflow/dags/permission_fixer_dag.py
[2025-05-01T21:32:34.326+0000] {processor.py:914} INFO - Processing file /opt/airflow/dags/permission_fixer_dag.py for tasks to queue
[2025-05-01T21:32:34.328+0000] {logging_mixin.py:190} INFO - [2025-05-01T21:32:34.327+0000] {dagbag.py:588} INFO - Filling up the DagBag from /opt/airflow/dags/permission_fixer_dag.py
[2025-05-01T21:32:34.337+0000] {processor.py:925} INFO - DAG(s) 'fix_permissions_dag' retrieved from /opt/airflow/dags/permission_fixer_dag.py
[2025-05-01T21:32:34.353+0000] {logging_mixin.py:190} INFO - [2025-05-01T21:32:34.353+0000] {dag.py:3239} INFO - Sync 1 DAGs
[2025-05-01T21:32:34.366+0000] {logging_mixin.py:190} INFO - [2025-05-01T21:32:34.366+0000] {dag.py:4180} INFO - Setting next_dagrun for fix_permissions_dag to 2025-05-01 21:00:00+00:00, run_after=2025-05-01 22:00:00+00:00
[2025-05-01T21:32:34.374+0000] {processor.py:208} INFO - Processing /opt/airflow/dags/permission_fixer_dag.py took 0.057 seconds
[2025-05-01T21:33:04.596+0000] {processor.py:186} INFO - Started process (PID=996) to work on /opt/airflow/dags/permission_fixer_dag.py
[2025-05-01T21:33:04.597+0000] {processor.py:914} INFO - Processing file /opt/airflow/dags/permission_fixer_dag.py for tasks to queue
[2025-05-01T21:33:04.598+0000] {logging_mixin.py:190} INFO - [2025-05-01T21:33:04.597+0000] {dagbag.py:588} INFO - Filling up the DagBag from /opt/airflow/dags/permission_fixer_dag.py
[2025-05-01T21:33:04.604+0000] {processor.py:925} INFO - DAG(s) 'fix_permissions_dag' retrieved from /opt/airflow/dags/permission_fixer_dag.py
[2025-05-01T21:33:04.617+0000] {logging_mixin.py:190} INFO - [2025-05-01T21:33:04.617+0000] {dag.py:3239} INFO - Sync 1 DAGs
[2025-05-01T21:33:04.627+0000] {logging_mixin.py:190} INFO - [2025-05-01T21:33:04.627+0000] {dag.py:4180} INFO - Setting next_dagrun for fix_permissions_dag to 2025-05-01 21:00:00+00:00, run_after=2025-05-01 22:00:00+00:00
[2025-05-01T21:33:04.634+0000] {processor.py:208} INFO - Processing /opt/airflow/dags/permission_fixer_dag.py took 0.041 seconds
[2025-05-01T21:33:34.848+0000] {processor.py:186} INFO - Started process (PID=998) to work on /opt/airflow/dags/permission_fixer_dag.py
[2025-05-01T21:33:34.849+0000] {processor.py:914} INFO - Processing file /opt/airflow/dags/permission_fixer_dag.py for tasks to queue
[2025-05-01T21:33:34.850+0000] {logging_mixin.py:190} INFO - [2025-05-01T21:33:34.849+0000] {dagbag.py:588} INFO - Filling up the DagBag from /opt/airflow/dags/permission_fixer_dag.py
[2025-05-01T21:33:34.858+0000] {processor.py:925} INFO - DAG(s) 'fix_permissions_dag' retrieved from /opt/airflow/dags/permission_fixer_dag.py
[2025-05-01T21:33:34.872+0000] {logging_mixin.py:190} INFO - [2025-05-01T21:33:34.872+0000] {dag.py:3239} INFO - Sync 1 DAGs
[2025-05-01T21:33:34.883+0000] {logging_mixin.py:190} INFO - [2025-05-01T21:33:34.883+0000] {dag.py:4180} INFO - Setting next_dagrun for fix_permissions_dag to 2025-05-01 21:00:00+00:00, run_after=2025-05-01 22:00:00+00:00
[2025-05-01T21:33:34.890+0000] {processor.py:208} INFO - Processing /opt/airflow/dags/permission_fixer_dag.py took 0.047 seconds
[2025-05-01T21:34:05.117+0000] {processor.py:186} INFO - Started process (PID=1000) to work on /opt/airflow/dags/permission_fixer_dag.py
[2025-05-01T21:34:05.118+0000] {processor.py:914} INFO - Processing file /opt/airflow/dags/permission_fixer_dag.py for tasks to queue
[2025-05-01T21:34:05.119+0000] {logging_mixin.py:190} INFO - [2025-05-01T21:34:05.119+0000] {dagbag.py:588} INFO - Filling up the DagBag from /opt/airflow/dags/permission_fixer_dag.py
[2025-05-01T21:34:05.129+0000] {processor.py:925} INFO - DAG(s) 'fix_permissions_dag' retrieved from /opt/airflow/dags/permission_fixer_dag.py
[2025-05-01T21:34:05.147+0000] {logging_mixin.py:190} INFO - [2025-05-01T21:34:05.147+0000] {dag.py:3239} INFO - Sync 1 DAGs
[2025-05-01T21:34:05.158+0000] {logging_mixin.py:190} INFO - [2025-05-01T21:34:05.158+0000] {dag.py:4180} INFO - Setting next_dagrun for fix_permissions_dag to 2025-05-01 21:00:00+00:00, run_after=2025-05-01 22:00:00+00:00
[2025-05-01T21:34:05.166+0000] {processor.py:208} INFO - Processing /opt/airflow/dags/permission_fixer_dag.py took 0.054 seconds
[2025-05-01T21:34:35.315+0000] {processor.py:186} INFO - Started process (PID=1002) to work on /opt/airflow/dags/permission_fixer_dag.py
[2025-05-01T21:34:35.315+0000] {processor.py:914} INFO - Processing file /opt/airflow/dags/permission_fixer_dag.py for tasks to queue
[2025-05-01T21:34:35.316+0000] {logging_mixin.py:190} INFO - [2025-05-01T21:34:35.316+0000] {dagbag.py:588} INFO - Filling up the DagBag from /opt/airflow/dags/permission_fixer_dag.py
[2025-05-01T21:34:35.321+0000] {processor.py:925} INFO - DAG(s) 'fix_permissions_dag' retrieved from /opt/airflow/dags/permission_fixer_dag.py
[2025-05-01T21:34:35.333+0000] {logging_mixin.py:190} INFO - [2025-05-01T21:34:35.333+0000] {dag.py:3239} INFO - Sync 1 DAGs
[2025-05-01T21:34:35.342+0000] {logging_mixin.py:190} INFO - [2025-05-01T21:34:35.342+0000] {dag.py:4180} INFO - Setting next_dagrun for fix_permissions_dag to 2025-05-01 21:00:00+00:00, run_after=2025-05-01 22:00:00+00:00
[2025-05-01T21:34:35.349+0000] {processor.py:208} INFO - Processing /opt/airflow/dags/permission_fixer_dag.py took 0.037 seconds
[2025-05-01T21:35:05.507+0000] {processor.py:186} INFO - Started process (PID=1004) to work on /opt/airflow/dags/permission_fixer_dag.py
[2025-05-01T21:35:05.508+0000] {processor.py:914} INFO - Processing file /opt/airflow/dags/permission_fixer_dag.py for tasks to queue
[2025-05-01T21:35:05.509+0000] {logging_mixin.py:190} INFO - [2025-05-01T21:35:05.508+0000] {dagbag.py:588} INFO - Filling up the DagBag from /opt/airflow/dags/permission_fixer_dag.py
[2025-05-01T21:35:05.515+0000] {processor.py:925} INFO - DAG(s) 'fix_permissions_dag' retrieved from /opt/airflow/dags/permission_fixer_dag.py
[2025-05-01T21:35:05.527+0000] {logging_mixin.py:190} INFO - [2025-05-01T21:35:05.527+0000] {dag.py:3239} INFO - Sync 1 DAGs
[2025-05-01T21:35:05.536+0000] {logging_mixin.py:190} INFO - [2025-05-01T21:35:05.536+0000] {dag.py:4180} INFO - Setting next_dagrun for fix_permissions_dag to 2025-05-01 21:00:00+00:00, run_after=2025-05-01 22:00:00+00:00
[2025-05-01T21:35:05.542+0000] {processor.py:208} INFO - Processing /opt/airflow/dags/permission_fixer_dag.py took 0.040 seconds
[2025-05-01T21:35:35.739+0000] {processor.py:186} INFO - Started process (PID=1006) to work on /opt/airflow/dags/permission_fixer_dag.py
[2025-05-01T21:35:35.740+0000] {processor.py:914} INFO - Processing file /opt/airflow/dags/permission_fixer_dag.py for tasks to queue
[2025-05-01T21:35:35.741+0000] {logging_mixin.py:190} INFO - [2025-05-01T21:35:35.740+0000] {dagbag.py:588} INFO - Filling up the DagBag from /opt/airflow/dags/permission_fixer_dag.py
[2025-05-01T21:35:35.752+0000] {processor.py:925} INFO - DAG(s) 'fix_permissions_dag' retrieved from /opt/airflow/dags/permission_fixer_dag.py
[2025-05-01T21:35:35.767+0000] {logging_mixin.py:190} INFO - [2025-05-01T21:35:35.766+0000] {dag.py:3239} INFO - Sync 1 DAGs
[2025-05-01T21:35:35.778+0000] {logging_mixin.py:190} INFO - [2025-05-01T21:35:35.778+0000] {dag.py:4180} INFO - Setting next_dagrun for fix_permissions_dag to 2025-05-01 21:00:00+00:00, run_after=2025-05-01 22:00:00+00:00
[2025-05-01T21:35:35.785+0000] {processor.py:208} INFO - Processing /opt/airflow/dags/permission_fixer_dag.py took 0.050 seconds
[2025-05-01T21:36:06.020+0000] {processor.py:186} INFO - Started process (PID=1008) to work on /opt/airflow/dags/permission_fixer_dag.py
[2025-05-01T21:36:06.021+0000] {processor.py:914} INFO - Processing file /opt/airflow/dags/permission_fixer_dag.py for tasks to queue
[2025-05-01T21:36:06.022+0000] {logging_mixin.py:190} INFO - [2025-05-01T21:36:06.021+0000] {dagbag.py:588} INFO - Filling up the DagBag from /opt/airflow/dags/permission_fixer_dag.py
[2025-05-01T21:36:06.031+0000] {processor.py:925} INFO - DAG(s) 'fix_permissions_dag' retrieved from /opt/airflow/dags/permission_fixer_dag.py
[2025-05-01T21:36:06.045+0000] {logging_mixin.py:190} INFO - [2025-05-01T21:36:06.045+0000] {dag.py:3239} INFO - Sync 1 DAGs
[2025-05-01T21:36:06.056+0000] {logging_mixin.py:190} INFO - [2025-05-01T21:36:06.056+0000] {dag.py:4180} INFO - Setting next_dagrun for fix_permissions_dag to 2025-05-01 21:00:00+00:00, run_after=2025-05-01 22:00:00+00:00
[2025-05-01T21:36:06.062+0000] {processor.py:208} INFO - Processing /opt/airflow/dags/permission_fixer_dag.py took 0.048 seconds
[2025-05-01T21:36:36.388+0000] {processor.py:186} INFO - Started process (PID=1010) to work on /opt/airflow/dags/permission_fixer_dag.py
[2025-05-01T21:36:36.388+0000] {processor.py:914} INFO - Processing file /opt/airflow/dags/permission_fixer_dag.py for tasks to queue
[2025-05-01T21:36:36.389+0000] {logging_mixin.py:190} INFO - [2025-05-01T21:36:36.389+0000] {dagbag.py:588} INFO - Filling up the DagBag from /opt/airflow/dags/permission_fixer_dag.py
[2025-05-01T21:36:36.397+0000] {processor.py:925} INFO - DAG(s) 'fix_permissions_dag' retrieved from /opt/airflow/dags/permission_fixer_dag.py
[2025-05-01T21:36:36.411+0000] {logging_mixin.py:190} INFO - [2025-05-01T21:36:36.411+0000] {dag.py:3239} INFO - Sync 1 DAGs
[2025-05-01T21:36:36.423+0000] {logging_mixin.py:190} INFO - [2025-05-01T21:36:36.423+0000] {dag.py:4180} INFO - Setting next_dagrun for fix_permissions_dag to 2025-05-01 21:00:00+00:00, run_after=2025-05-01 22:00:00+00:00
[2025-05-01T21:36:36.430+0000] {processor.py:208} INFO - Processing /opt/airflow/dags/permission_fixer_dag.py took 0.047 seconds
[2025-05-01T21:37:06.672+0000] {processor.py:186} INFO - Started process (PID=1012) to work on /opt/airflow/dags/permission_fixer_dag.py
[2025-05-01T21:37:06.673+0000] {processor.py:914} INFO - Processing file /opt/airflow/dags/permission_fixer_dag.py for tasks to queue
[2025-05-01T21:37:06.674+0000] {logging_mixin.py:190} INFO - [2025-05-01T21:37:06.674+0000] {dagbag.py:588} INFO - Filling up the DagBag from /opt/airflow/dags/permission_fixer_dag.py
[2025-05-01T21:37:06.684+0000] {processor.py:925} INFO - DAG(s) 'fix_permissions_dag' retrieved from /opt/airflow/dags/permission_fixer_dag.py
[2025-05-01T21:37:06.698+0000] {logging_mixin.py:190} INFO - [2025-05-01T21:37:06.698+0000] {dag.py:3239} INFO - Sync 1 DAGs
[2025-05-01T21:37:06.708+0000] {logging_mixin.py:190} INFO - [2025-05-01T21:37:06.708+0000] {dag.py:4180} INFO - Setting next_dagrun for fix_permissions_dag to 2025-05-01 21:00:00+00:00, run_after=2025-05-01 22:00:00+00:00
[2025-05-01T21:37:06.714+0000] {processor.py:208} INFO - Processing /opt/airflow/dags/permission_fixer_dag.py took 0.048 seconds
[2025-05-01T21:37:37.039+0000] {processor.py:186} INFO - Started process (PID=1014) to work on /opt/airflow/dags/permission_fixer_dag.py
[2025-05-01T21:37:37.040+0000] {processor.py:914} INFO - Processing file /opt/airflow/dags/permission_fixer_dag.py for tasks to queue
[2025-05-01T21:37:37.041+0000] {logging_mixin.py:190} INFO - [2025-05-01T21:37:37.040+0000] {dagbag.py:588} INFO - Filling up the DagBag from /opt/airflow/dags/permission_fixer_dag.py
[2025-05-01T21:37:37.053+0000] {processor.py:925} INFO - DAG(s) 'fix_permissions_dag' retrieved from /opt/airflow/dags/permission_fixer_dag.py
[2025-05-01T21:37:37.070+0000] {logging_mixin.py:190} INFO - [2025-05-01T21:37:37.070+0000] {dag.py:3239} INFO - Sync 1 DAGs
[2025-05-01T21:37:37.083+0000] {logging_mixin.py:190} INFO - [2025-05-01T21:37:37.083+0000] {dag.py:4180} INFO - Setting next_dagrun for fix_permissions_dag to 2025-05-01 21:00:00+00:00, run_after=2025-05-01 22:00:00+00:00
[2025-05-01T21:37:37.091+0000] {processor.py:208} INFO - Processing /opt/airflow/dags/permission_fixer_dag.py took 0.061 seconds
[2025-05-01T21:38:07.478+0000] {processor.py:186} INFO - Started process (PID=1016) to work on /opt/airflow/dags/permission_fixer_dag.py
[2025-05-01T21:38:07.480+0000] {processor.py:914} INFO - Processing file /opt/airflow/dags/permission_fixer_dag.py for tasks to queue
[2025-05-01T21:38:07.481+0000] {logging_mixin.py:190} INFO - [2025-05-01T21:38:07.480+0000] {dagbag.py:588} INFO - Filling up the DagBag from /opt/airflow/dags/permission_fixer_dag.py
[2025-05-01T21:38:07.492+0000] {processor.py:925} INFO - DAG(s) 'fix_permissions_dag' retrieved from /opt/airflow/dags/permission_fixer_dag.py
[2025-05-01T21:38:07.507+0000] {logging_mixin.py:190} INFO - [2025-05-01T21:38:07.506+0000] {dag.py:3239} INFO - Sync 1 DAGs
[2025-05-01T21:38:07.518+0000] {logging_mixin.py:190} INFO - [2025-05-01T21:38:07.518+0000] {dag.py:4180} INFO - Setting next_dagrun for fix_permissions_dag to 2025-05-01 21:00:00+00:00, run_after=2025-05-01 22:00:00+00:00
[2025-05-01T21:38:07.525+0000] {processor.py:208} INFO - Processing /opt/airflow/dags/permission_fixer_dag.py took 0.053 seconds
[2025-05-01T21:38:37.796+0000] {processor.py:186} INFO - Started process (PID=1018) to work on /opt/airflow/dags/permission_fixer_dag.py
[2025-05-01T21:38:37.796+0000] {processor.py:914} INFO - Processing file /opt/airflow/dags/permission_fixer_dag.py for tasks to queue
[2025-05-01T21:38:37.798+0000] {logging_mixin.py:190} INFO - [2025-05-01T21:38:37.797+0000] {dagbag.py:588} INFO - Filling up the DagBag from /opt/airflow/dags/permission_fixer_dag.py
[2025-05-01T21:38:37.806+0000] {processor.py:925} INFO - DAG(s) 'fix_permissions_dag' retrieved from /opt/airflow/dags/permission_fixer_dag.py
[2025-05-01T21:38:37.819+0000] {logging_mixin.py:190} INFO - [2025-05-01T21:38:37.819+0000] {dag.py:3239} INFO - Sync 1 DAGs
[2025-05-01T21:38:37.829+0000] {logging_mixin.py:190} INFO - [2025-05-01T21:38:37.829+0000] {dag.py:4180} INFO - Setting next_dagrun for fix_permissions_dag to 2025-05-01 21:00:00+00:00, run_after=2025-05-01 22:00:00+00:00
[2025-05-01T21:38:37.836+0000] {processor.py:208} INFO - Processing /opt/airflow/dags/permission_fixer_dag.py took 0.046 seconds
[2025-05-01T21:39:08.096+0000] {processor.py:186} INFO - Started process (PID=1020) to work on /opt/airflow/dags/permission_fixer_dag.py
[2025-05-01T21:39:08.097+0000] {processor.py:914} INFO - Processing file /opt/airflow/dags/permission_fixer_dag.py for tasks to queue
[2025-05-01T21:39:08.098+0000] {logging_mixin.py:190} INFO - [2025-05-01T21:39:08.098+0000] {dagbag.py:588} INFO - Filling up the DagBag from /opt/airflow/dags/permission_fixer_dag.py
[2025-05-01T21:39:08.106+0000] {processor.py:925} INFO - DAG(s) 'fix_permissions_dag' retrieved from /opt/airflow/dags/permission_fixer_dag.py
[2025-05-01T21:39:08.119+0000] {logging_mixin.py:190} INFO - [2025-05-01T21:39:08.119+0000] {dag.py:3239} INFO - Sync 1 DAGs
[2025-05-01T21:39:08.130+0000] {logging_mixin.py:190} INFO - [2025-05-01T21:39:08.130+0000] {dag.py:4180} INFO - Setting next_dagrun for fix_permissions_dag to 2025-05-01 21:00:00+00:00, run_after=2025-05-01 22:00:00+00:00
[2025-05-01T21:39:08.137+0000] {processor.py:208} INFO - Processing /opt/airflow/dags/permission_fixer_dag.py took 0.047 seconds
[2025-05-01T21:39:38.379+0000] {processor.py:186} INFO - Started process (PID=1022) to work on /opt/airflow/dags/permission_fixer_dag.py
[2025-05-01T21:39:38.379+0000] {processor.py:914} INFO - Processing file /opt/airflow/dags/permission_fixer_dag.py for tasks to queue
[2025-05-01T21:39:38.379+0000] {logging_mixin.py:190} INFO - [2025-05-01T21:39:38.379+0000] {dagbag.py:588} INFO - Filling up the DagBag from /opt/airflow/dags/permission_fixer_dag.py
[2025-05-01T21:39:38.385+0000] {processor.py:925} INFO - DAG(s) 'fix_permissions_dag' retrieved from /opt/airflow/dags/permission_fixer_dag.py
[2025-05-01T21:39:38.397+0000] {logging_mixin.py:190} INFO - [2025-05-01T21:39:38.397+0000] {dag.py:3239} INFO - Sync 1 DAGs
[2025-05-01T21:39:38.407+0000] {logging_mixin.py:190} INFO - [2025-05-01T21:39:38.407+0000] {dag.py:4180} INFO - Setting next_dagrun for fix_permissions_dag to 2025-05-01 21:00:00+00:00, run_after=2025-05-01 22:00:00+00:00
[2025-05-01T21:39:38.415+0000] {processor.py:208} INFO - Processing /opt/airflow/dags/permission_fixer_dag.py took 0.040 seconds
[2025-05-01T21:40:08.726+0000] {processor.py:186} INFO - Started process (PID=1024) to work on /opt/airflow/dags/permission_fixer_dag.py
[2025-05-01T21:40:08.728+0000] {processor.py:914} INFO - Processing file /opt/airflow/dags/permission_fixer_dag.py for tasks to queue
[2025-05-01T21:40:08.729+0000] {logging_mixin.py:190} INFO - [2025-05-01T21:40:08.729+0000] {dagbag.py:588} INFO - Filling up the DagBag from /opt/airflow/dags/permission_fixer_dag.py
[2025-05-01T21:40:08.740+0000] {processor.py:925} INFO - DAG(s) 'fix_permissions_dag' retrieved from /opt/airflow/dags/permission_fixer_dag.py
[2025-05-01T21:40:08.754+0000] {logging_mixin.py:190} INFO - [2025-05-01T21:40:08.754+0000] {dag.py:3239} INFO - Sync 1 DAGs
[2025-05-01T21:40:08.764+0000] {logging_mixin.py:190} INFO - [2025-05-01T21:40:08.764+0000] {dag.py:4180} INFO - Setting next_dagrun for fix_permissions_dag to 2025-05-01 21:00:00+00:00, run_after=2025-05-01 22:00:00+00:00
[2025-05-01T21:40:08.771+0000] {processor.py:208} INFO - Processing /opt/airflow/dags/permission_fixer_dag.py took 0.052 seconds
[2025-05-01T21:40:39.127+0000] {processor.py:186} INFO - Started process (PID=1026) to work on /opt/airflow/dags/permission_fixer_dag.py
[2025-05-01T21:40:39.128+0000] {processor.py:914} INFO - Processing file /opt/airflow/dags/permission_fixer_dag.py for tasks to queue
[2025-05-01T21:40:39.130+0000] {logging_mixin.py:190} INFO - [2025-05-01T21:40:39.130+0000] {dagbag.py:588} INFO - Filling up the DagBag from /opt/airflow/dags/permission_fixer_dag.py
[2025-05-01T21:40:39.138+0000] {processor.py:925} INFO - DAG(s) 'fix_permissions_dag' retrieved from /opt/airflow/dags/permission_fixer_dag.py
[2025-05-01T21:40:39.153+0000] {logging_mixin.py:190} INFO - [2025-05-01T21:40:39.153+0000] {dag.py:3239} INFO - Sync 1 DAGs
[2025-05-01T21:40:39.166+0000] {logging_mixin.py:190} INFO - [2025-05-01T21:40:39.165+0000] {dag.py:4180} INFO - Setting next_dagrun for fix_permissions_dag to 2025-05-01 21:00:00+00:00, run_after=2025-05-01 22:00:00+00:00
[2025-05-01T21:40:39.173+0000] {processor.py:208} INFO - Processing /opt/airflow/dags/permission_fixer_dag.py took 0.054 seconds
[2025-05-01T21:41:09.543+0000] {processor.py:186} INFO - Started process (PID=1028) to work on /opt/airflow/dags/permission_fixer_dag.py
[2025-05-01T21:41:09.544+0000] {processor.py:914} INFO - Processing file /opt/airflow/dags/permission_fixer_dag.py for tasks to queue
[2025-05-01T21:41:09.545+0000] {logging_mixin.py:190} INFO - [2025-05-01T21:41:09.545+0000] {dagbag.py:588} INFO - Filling up the DagBag from /opt/airflow/dags/permission_fixer_dag.py
[2025-05-01T21:41:09.556+0000] {processor.py:925} INFO - DAG(s) 'fix_permissions_dag' retrieved from /opt/airflow/dags/permission_fixer_dag.py
[2025-05-01T21:41:09.574+0000] {logging_mixin.py:190} INFO - [2025-05-01T21:41:09.574+0000] {dag.py:3239} INFO - Sync 1 DAGs
[2025-05-01T21:41:09.585+0000] {logging_mixin.py:190} INFO - [2025-05-01T21:41:09.585+0000] {dag.py:4180} INFO - Setting next_dagrun for fix_permissions_dag to 2025-05-01 21:00:00+00:00, run_after=2025-05-01 22:00:00+00:00
[2025-05-01T21:41:09.591+0000] {processor.py:208} INFO - Processing /opt/airflow/dags/permission_fixer_dag.py took 0.057 seconds
[2025-05-01T21:41:39.962+0000] {processor.py:186} INFO - Started process (PID=1030) to work on /opt/airflow/dags/permission_fixer_dag.py
[2025-05-01T21:41:39.963+0000] {processor.py:914} INFO - Processing file /opt/airflow/dags/permission_fixer_dag.py for tasks to queue
[2025-05-01T21:41:39.964+0000] {logging_mixin.py:190} INFO - [2025-05-01T21:41:39.964+0000] {dagbag.py:588} INFO - Filling up the DagBag from /opt/airflow/dags/permission_fixer_dag.py
[2025-05-01T21:41:39.974+0000] {processor.py:925} INFO - DAG(s) 'fix_permissions_dag' retrieved from /opt/airflow/dags/permission_fixer_dag.py
[2025-05-01T21:41:39.992+0000] {logging_mixin.py:190} INFO - [2025-05-01T21:41:39.992+0000] {dag.py:3239} INFO - Sync 1 DAGs
[2025-05-01T21:41:40.003+0000] {logging_mixin.py:190} INFO - [2025-05-01T21:41:40.003+0000] {dag.py:4180} INFO - Setting next_dagrun for fix_permissions_dag to 2025-05-01 21:00:00+00:00, run_after=2025-05-01 22:00:00+00:00
[2025-05-01T21:41:40.010+0000] {processor.py:208} INFO - Processing /opt/airflow/dags/permission_fixer_dag.py took 0.056 seconds
[2025-05-01T21:42:10.386+0000] {processor.py:186} INFO - Started process (PID=1032) to work on /opt/airflow/dags/permission_fixer_dag.py
[2025-05-01T21:42:10.387+0000] {processor.py:914} INFO - Processing file /opt/airflow/dags/permission_fixer_dag.py for tasks to queue
[2025-05-01T21:42:10.388+0000] {logging_mixin.py:190} INFO - [2025-05-01T21:42:10.387+0000] {dagbag.py:588} INFO - Filling up the DagBag from /opt/airflow/dags/permission_fixer_dag.py
[2025-05-01T21:42:10.398+0000] {processor.py:925} INFO - DAG(s) 'fix_permissions_dag' retrieved from /opt/airflow/dags/permission_fixer_dag.py
[2025-05-01T21:42:10.413+0000] {logging_mixin.py:190} INFO - [2025-05-01T21:42:10.413+0000] {dag.py:3239} INFO - Sync 1 DAGs
[2025-05-01T21:42:10.425+0000] {logging_mixin.py:190} INFO - [2025-05-01T21:42:10.425+0000] {dag.py:4180} INFO - Setting next_dagrun for fix_permissions_dag to 2025-05-01 21:00:00+00:00, run_after=2025-05-01 22:00:00+00:00
[2025-05-01T21:42:10.431+0000] {processor.py:208} INFO - Processing /opt/airflow/dags/permission_fixer_dag.py took 0.053 seconds
[2025-05-01T21:42:40.821+0000] {processor.py:186} INFO - Started process (PID=1034) to work on /opt/airflow/dags/permission_fixer_dag.py
[2025-05-01T21:42:40.822+0000] {processor.py:914} INFO - Processing file /opt/airflow/dags/permission_fixer_dag.py for tasks to queue
[2025-05-01T21:42:40.824+0000] {logging_mixin.py:190} INFO - [2025-05-01T21:42:40.823+0000] {dagbag.py:588} INFO - Filling up the DagBag from /opt/airflow/dags/permission_fixer_dag.py
[2025-05-01T21:42:40.835+0000] {processor.py:925} INFO - DAG(s) 'fix_permissions_dag' retrieved from /opt/airflow/dags/permission_fixer_dag.py
[2025-05-01T21:42:40.851+0000] {logging_mixin.py:190} INFO - [2025-05-01T21:42:40.851+0000] {dag.py:3239} INFO - Sync 1 DAGs
[2025-05-01T21:42:40.862+0000] {logging_mixin.py:190} INFO - [2025-05-01T21:42:40.862+0000] {dag.py:4180} INFO - Setting next_dagrun for fix_permissions_dag to 2025-05-01 21:00:00+00:00, run_after=2025-05-01 22:00:00+00:00
[2025-05-01T21:42:40.869+0000] {processor.py:208} INFO - Processing /opt/airflow/dags/permission_fixer_dag.py took 0.056 seconds
[2025-05-01T21:43:11.272+0000] {processor.py:186} INFO - Started process (PID=1036) to work on /opt/airflow/dags/permission_fixer_dag.py
[2025-05-01T21:43:11.272+0000] {processor.py:914} INFO - Processing file /opt/airflow/dags/permission_fixer_dag.py for tasks to queue
[2025-05-01T21:43:11.273+0000] {logging_mixin.py:190} INFO - [2025-05-01T21:43:11.273+0000] {dagbag.py:588} INFO - Filling up the DagBag from /opt/airflow/dags/permission_fixer_dag.py
[2025-05-01T21:43:11.287+0000] {processor.py:925} INFO - DAG(s) 'fix_permissions_dag' retrieved from /opt/airflow/dags/permission_fixer_dag.py
[2025-05-01T21:43:11.303+0000] {logging_mixin.py:190} INFO - [2025-05-01T21:43:11.303+0000] {dag.py:3239} INFO - Sync 1 DAGs
[2025-05-01T21:43:11.315+0000] {logging_mixin.py:190} INFO - [2025-05-01T21:43:11.315+0000] {dag.py:4180} INFO - Setting next_dagrun for fix_permissions_dag to 2025-05-01 21:00:00+00:00, run_after=2025-05-01 22:00:00+00:00
[2025-05-01T21:43:11.322+0000] {processor.py:208} INFO - Processing /opt/airflow/dags/permission_fixer_dag.py took 0.058 seconds
[2025-05-01T21:43:41.696+0000] {processor.py:186} INFO - Started process (PID=1038) to work on /opt/airflow/dags/permission_fixer_dag.py
[2025-05-01T21:43:41.698+0000] {processor.py:914} INFO - Processing file /opt/airflow/dags/permission_fixer_dag.py for tasks to queue
[2025-05-01T21:43:41.699+0000] {logging_mixin.py:190} INFO - [2025-05-01T21:43:41.699+0000] {dagbag.py:588} INFO - Filling up the DagBag from /opt/airflow/dags/permission_fixer_dag.py
[2025-05-01T21:43:41.710+0000] {processor.py:925} INFO - DAG(s) 'fix_permissions_dag' retrieved from /opt/airflow/dags/permission_fixer_dag.py
[2025-05-01T21:43:41.727+0000] {logging_mixin.py:190} INFO - [2025-05-01T21:43:41.726+0000] {dag.py:3239} INFO - Sync 1 DAGs
[2025-05-01T21:43:41.737+0000] {logging_mixin.py:190} INFO - [2025-05-01T21:43:41.737+0000] {dag.py:4180} INFO - Setting next_dagrun for fix_permissions_dag to 2025-05-01 21:00:00+00:00, run_after=2025-05-01 22:00:00+00:00
[2025-05-01T21:43:41.743+0000] {processor.py:208} INFO - Processing /opt/airflow/dags/permission_fixer_dag.py took 0.055 seconds
[2025-05-01T21:44:12.103+0000] {processor.py:186} INFO - Started process (PID=1040) to work on /opt/airflow/dags/permission_fixer_dag.py
[2025-05-01T21:44:12.104+0000] {processor.py:914} INFO - Processing file /opt/airflow/dags/permission_fixer_dag.py for tasks to queue
[2025-05-01T21:44:12.105+0000] {logging_mixin.py:190} INFO - [2025-05-01T21:44:12.105+0000] {dagbag.py:588} INFO - Filling up the DagBag from /opt/airflow/dags/permission_fixer_dag.py
[2025-05-01T21:44:12.116+0000] {processor.py:925} INFO - DAG(s) 'fix_permissions_dag' retrieved from /opt/airflow/dags/permission_fixer_dag.py
[2025-05-01T21:44:12.132+0000] {logging_mixin.py:190} INFO - [2025-05-01T21:44:12.132+0000] {dag.py:3239} INFO - Sync 1 DAGs
[2025-05-01T21:44:12.143+0000] {logging_mixin.py:190} INFO - [2025-05-01T21:44:12.143+0000] {dag.py:4180} INFO - Setting next_dagrun for fix_permissions_dag to 2025-05-01 21:00:00+00:00, run_after=2025-05-01 22:00:00+00:00
[2025-05-01T21:44:12.150+0000] {processor.py:208} INFO - Processing /opt/airflow/dags/permission_fixer_dag.py took 0.054 seconds
[2025-05-01T21:44:42.501+0000] {processor.py:186} INFO - Started process (PID=1042) to work on /opt/airflow/dags/permission_fixer_dag.py
[2025-05-01T21:44:42.502+0000] {processor.py:914} INFO - Processing file /opt/airflow/dags/permission_fixer_dag.py for tasks to queue
[2025-05-01T21:44:42.503+0000] {logging_mixin.py:190} INFO - [2025-05-01T21:44:42.503+0000] {dagbag.py:588} INFO - Filling up the DagBag from /opt/airflow/dags/permission_fixer_dag.py
[2025-05-01T21:44:42.514+0000] {processor.py:925} INFO - DAG(s) 'fix_permissions_dag' retrieved from /opt/airflow/dags/permission_fixer_dag.py
[2025-05-01T21:44:42.530+0000] {logging_mixin.py:190} INFO - [2025-05-01T21:44:42.530+0000] {dag.py:3239} INFO - Sync 1 DAGs
[2025-05-01T21:44:42.541+0000] {logging_mixin.py:190} INFO - [2025-05-01T21:44:42.541+0000] {dag.py:4180} INFO - Setting next_dagrun for fix_permissions_dag to 2025-05-01 21:00:00+00:00, run_after=2025-05-01 22:00:00+00:00
[2025-05-01T21:44:42.549+0000] {processor.py:208} INFO - Processing /opt/airflow/dags/permission_fixer_dag.py took 0.054 seconds
[2025-05-01T21:45:12.892+0000] {processor.py:186} INFO - Started process (PID=1044) to work on /opt/airflow/dags/permission_fixer_dag.py
[2025-05-01T21:45:12.893+0000] {processor.py:914} INFO - Processing file /opt/airflow/dags/permission_fixer_dag.py for tasks to queue
[2025-05-01T21:45:12.894+0000] {logging_mixin.py:190} INFO - [2025-05-01T21:45:12.894+0000] {dagbag.py:588} INFO - Filling up the DagBag from /opt/airflow/dags/permission_fixer_dag.py
[2025-05-01T21:45:12.899+0000] {processor.py:925} INFO - DAG(s) 'fix_permissions_dag' retrieved from /opt/airflow/dags/permission_fixer_dag.py
[2025-05-01T21:45:12.915+0000] {logging_mixin.py:190} INFO - [2025-05-01T21:45:12.914+0000] {dag.py:3239} INFO - Sync 1 DAGs
[2025-05-01T21:45:12.927+0000] {logging_mixin.py:190} INFO - [2025-05-01T21:45:12.927+0000] {dag.py:4180} INFO - Setting next_dagrun for fix_permissions_dag to 2025-05-01 21:00:00+00:00, run_after=2025-05-01 22:00:00+00:00
[2025-05-01T21:45:12.934+0000] {processor.py:208} INFO - Processing /opt/airflow/dags/permission_fixer_dag.py took 0.045 seconds
[2025-05-01T21:45:43.305+0000] {processor.py:186} INFO - Started process (PID=1046) to work on /opt/airflow/dags/permission_fixer_dag.py
[2025-05-01T21:45:43.306+0000] {processor.py:914} INFO - Processing file /opt/airflow/dags/permission_fixer_dag.py for tasks to queue
[2025-05-01T21:45:43.308+0000] {logging_mixin.py:190} INFO - [2025-05-01T21:45:43.307+0000] {dagbag.py:588} INFO - Filling up the DagBag from /opt/airflow/dags/permission_fixer_dag.py
[2025-05-01T21:45:43.321+0000] {processor.py:925} INFO - DAG(s) 'fix_permissions_dag' retrieved from /opt/airflow/dags/permission_fixer_dag.py
[2025-05-01T21:45:43.339+0000] {logging_mixin.py:190} INFO - [2025-05-01T21:45:43.338+0000] {dag.py:3239} INFO - Sync 1 DAGs
[2025-05-01T21:45:43.350+0000] {logging_mixin.py:190} INFO - [2025-05-01T21:45:43.350+0000] {dag.py:4180} INFO - Setting next_dagrun for fix_permissions_dag to 2025-05-01 21:00:00+00:00, run_after=2025-05-01 22:00:00+00:00
[2025-05-01T21:45:43.357+0000] {processor.py:208} INFO - Processing /opt/airflow/dags/permission_fixer_dag.py took 0.061 seconds
[2025-05-01T21:46:13.690+0000] {processor.py:186} INFO - Started process (PID=1048) to work on /opt/airflow/dags/permission_fixer_dag.py
[2025-05-01T21:46:13.690+0000] {processor.py:914} INFO - Processing file /opt/airflow/dags/permission_fixer_dag.py for tasks to queue
[2025-05-01T21:46:13.692+0000] {logging_mixin.py:190} INFO - [2025-05-01T21:46:13.692+0000] {dagbag.py:588} INFO - Filling up the DagBag from /opt/airflow/dags/permission_fixer_dag.py
[2025-05-01T21:46:13.699+0000] {processor.py:925} INFO - DAG(s) 'fix_permissions_dag' retrieved from /opt/airflow/dags/permission_fixer_dag.py
[2025-05-01T21:46:13.713+0000] {logging_mixin.py:190} INFO - [2025-05-01T21:46:13.713+0000] {dag.py:3239} INFO - Sync 1 DAGs
[2025-05-01T21:46:13.724+0000] {logging_mixin.py:190} INFO - [2025-05-01T21:46:13.724+0000] {dag.py:4180} INFO - Setting next_dagrun for fix_permissions_dag to 2025-05-01 21:00:00+00:00, run_after=2025-05-01 22:00:00+00:00
[2025-05-01T21:46:13.733+0000] {processor.py:208} INFO - Processing /opt/airflow/dags/permission_fixer_dag.py took 0.049 seconds
[2025-05-01T21:46:44.109+0000] {processor.py:186} INFO - Started process (PID=1050) to work on /opt/airflow/dags/permission_fixer_dag.py
[2025-05-01T21:46:44.110+0000] {processor.py:914} INFO - Processing file /opt/airflow/dags/permission_fixer_dag.py for tasks to queue
[2025-05-01T21:46:44.111+0000] {logging_mixin.py:190} INFO - [2025-05-01T21:46:44.111+0000] {dagbag.py:588} INFO - Filling up the DagBag from /opt/airflow/dags/permission_fixer_dag.py
[2025-05-01T21:46:44.120+0000] {processor.py:925} INFO - DAG(s) 'fix_permissions_dag' retrieved from /opt/airflow/dags/permission_fixer_dag.py
[2025-05-01T21:46:44.137+0000] {logging_mixin.py:190} INFO - [2025-05-01T21:46:44.136+0000] {dag.py:3239} INFO - Sync 1 DAGs
[2025-05-01T21:46:44.149+0000] {logging_mixin.py:190} INFO - [2025-05-01T21:46:44.149+0000] {dag.py:4180} INFO - Setting next_dagrun for fix_permissions_dag to 2025-05-01 21:00:00+00:00, run_after=2025-05-01 22:00:00+00:00
[2025-05-01T21:46:44.157+0000] {processor.py:208} INFO - Processing /opt/airflow/dags/permission_fixer_dag.py took 0.057 seconds
[2025-05-01T21:47:14.518+0000] {processor.py:186} INFO - Started process (PID=1052) to work on /opt/airflow/dags/permission_fixer_dag.py
[2025-05-01T21:47:14.519+0000] {processor.py:914} INFO - Processing file /opt/airflow/dags/permission_fixer_dag.py for tasks to queue
[2025-05-01T21:47:14.522+0000] {logging_mixin.py:190} INFO - [2025-05-01T21:47:14.520+0000] {dagbag.py:588} INFO - Filling up the DagBag from /opt/airflow/dags/permission_fixer_dag.py
[2025-05-01T21:47:14.534+0000] {processor.py:925} INFO - DAG(s) 'fix_permissions_dag' retrieved from /opt/airflow/dags/permission_fixer_dag.py
[2025-05-01T21:47:14.551+0000] {logging_mixin.py:190} INFO - [2025-05-01T21:47:14.551+0000] {dag.py:3239} INFO - Sync 1 DAGs
[2025-05-01T21:47:14.562+0000] {logging_mixin.py:190} INFO - [2025-05-01T21:47:14.562+0000] {dag.py:4180} INFO - Setting next_dagrun for fix_permissions_dag to 2025-05-01 21:00:00+00:00, run_after=2025-05-01 22:00:00+00:00
[2025-05-01T21:47:14.569+0000] {processor.py:208} INFO - Processing /opt/airflow/dags/permission_fixer_dag.py took 0.060 seconds
[2025-05-01T21:47:44.948+0000] {processor.py:186} INFO - Started process (PID=1054) to work on /opt/airflow/dags/permission_fixer_dag.py
[2025-05-01T21:47:44.949+0000] {processor.py:914} INFO - Processing file /opt/airflow/dags/permission_fixer_dag.py for tasks to queue
[2025-05-01T21:47:44.951+0000] {logging_mixin.py:190} INFO - [2025-05-01T21:47:44.951+0000] {dagbag.py:588} INFO - Filling up the DagBag from /opt/airflow/dags/permission_fixer_dag.py
[2025-05-01T21:47:44.961+0000] {processor.py:925} INFO - DAG(s) 'fix_permissions_dag' retrieved from /opt/airflow/dags/permission_fixer_dag.py
[2025-05-01T21:47:44.977+0000] {logging_mixin.py:190} INFO - [2025-05-01T21:47:44.977+0000] {dag.py:3239} INFO - Sync 1 DAGs
[2025-05-01T21:47:44.988+0000] {logging_mixin.py:190} INFO - [2025-05-01T21:47:44.988+0000] {dag.py:4180} INFO - Setting next_dagrun for fix_permissions_dag to 2025-05-01 21:00:00+00:00, run_after=2025-05-01 22:00:00+00:00
[2025-05-01T21:47:44.995+0000] {processor.py:208} INFO - Processing /opt/airflow/dags/permission_fixer_dag.py took 0.055 seconds
[2025-05-01T21:48:15.372+0000] {processor.py:186} INFO - Started process (PID=1056) to work on /opt/airflow/dags/permission_fixer_dag.py
[2025-05-01T21:48:15.374+0000] {processor.py:914} INFO - Processing file /opt/airflow/dags/permission_fixer_dag.py for tasks to queue
[2025-05-01T21:48:15.375+0000] {logging_mixin.py:190} INFO - [2025-05-01T21:48:15.375+0000] {dagbag.py:588} INFO - Filling up the DagBag from /opt/airflow/dags/permission_fixer_dag.py
[2025-05-01T21:48:15.384+0000] {processor.py:925} INFO - DAG(s) 'fix_permissions_dag' retrieved from /opt/airflow/dags/permission_fixer_dag.py
[2025-05-01T21:48:15.400+0000] {logging_mixin.py:190} INFO - [2025-05-01T21:48:15.399+0000] {dag.py:3239} INFO - Sync 1 DAGs
[2025-05-01T21:48:15.412+0000] {logging_mixin.py:190} INFO - [2025-05-01T21:48:15.412+0000] {dag.py:4180} INFO - Setting next_dagrun for fix_permissions_dag to 2025-05-01 21:00:00+00:00, run_after=2025-05-01 22:00:00+00:00
[2025-05-01T21:48:15.420+0000] {processor.py:208} INFO - Processing /opt/airflow/dags/permission_fixer_dag.py took 0.054 seconds
[2025-05-01T21:48:45.761+0000] {processor.py:186} INFO - Started process (PID=1058) to work on /opt/airflow/dags/permission_fixer_dag.py
[2025-05-01T21:48:45.762+0000] {processor.py:914} INFO - Processing file /opt/airflow/dags/permission_fixer_dag.py for tasks to queue
[2025-05-01T21:48:45.763+0000] {logging_mixin.py:190} INFO - [2025-05-01T21:48:45.763+0000] {dagbag.py:588} INFO - Filling up the DagBag from /opt/airflow/dags/permission_fixer_dag.py
[2025-05-01T21:48:45.776+0000] {processor.py:925} INFO - DAG(s) 'fix_permissions_dag' retrieved from /opt/airflow/dags/permission_fixer_dag.py
[2025-05-01T21:48:45.793+0000] {logging_mixin.py:190} INFO - [2025-05-01T21:48:45.793+0000] {dag.py:3239} INFO - Sync 1 DAGs
[2025-05-01T21:48:45.804+0000] {logging_mixin.py:190} INFO - [2025-05-01T21:48:45.804+0000] {dag.py:4180} INFO - Setting next_dagrun for fix_permissions_dag to 2025-05-01 21:00:00+00:00, run_after=2025-05-01 22:00:00+00:00
[2025-05-01T21:48:45.811+0000] {processor.py:208} INFO - Processing /opt/airflow/dags/permission_fixer_dag.py took 0.058 seconds
[2025-05-01T21:49:16.207+0000] {processor.py:186} INFO - Started process (PID=1060) to work on /opt/airflow/dags/permission_fixer_dag.py
[2025-05-01T21:49:16.209+0000] {processor.py:914} INFO - Processing file /opt/airflow/dags/permission_fixer_dag.py for tasks to queue
[2025-05-01T21:49:16.210+0000] {logging_mixin.py:190} INFO - [2025-05-01T21:49:16.209+0000] {dagbag.py:588} INFO - Filling up the DagBag from /opt/airflow/dags/permission_fixer_dag.py
[2025-05-01T21:49:16.224+0000] {processor.py:925} INFO - DAG(s) 'fix_permissions_dag' retrieved from /opt/airflow/dags/permission_fixer_dag.py
[2025-05-01T21:49:16.242+0000] {logging_mixin.py:190} INFO - [2025-05-01T21:49:16.242+0000] {dag.py:3239} INFO - Sync 1 DAGs
[2025-05-01T21:49:16.254+0000] {logging_mixin.py:190} INFO - [2025-05-01T21:49:16.254+0000] {dag.py:4180} INFO - Setting next_dagrun for fix_permissions_dag to 2025-05-01 21:00:00+00:00, run_after=2025-05-01 22:00:00+00:00
[2025-05-01T21:49:16.263+0000] {processor.py:208} INFO - Processing /opt/airflow/dags/permission_fixer_dag.py took 0.063 seconds
[2025-05-01T21:49:46.516+0000] {processor.py:186} INFO - Started process (PID=1062) to work on /opt/airflow/dags/permission_fixer_dag.py
[2025-05-01T21:49:46.517+0000] {processor.py:914} INFO - Processing file /opt/airflow/dags/permission_fixer_dag.py for tasks to queue
[2025-05-01T21:49:46.518+0000] {logging_mixin.py:190} INFO - [2025-05-01T21:49:46.517+0000] {dagbag.py:588} INFO - Filling up the DagBag from /opt/airflow/dags/permission_fixer_dag.py
[2025-05-01T21:49:46.524+0000] {processor.py:925} INFO - DAG(s) 'fix_permissions_dag' retrieved from /opt/airflow/dags/permission_fixer_dag.py
[2025-05-01T21:49:46.537+0000] {logging_mixin.py:190} INFO - [2025-05-01T21:49:46.537+0000] {dag.py:3239} INFO - Sync 1 DAGs
[2025-05-01T21:49:46.547+0000] {logging_mixin.py:190} INFO - [2025-05-01T21:49:46.547+0000] {dag.py:4180} INFO - Setting next_dagrun for fix_permissions_dag to 2025-05-01 21:00:00+00:00, run_after=2025-05-01 22:00:00+00:00
[2025-05-01T21:49:46.554+0000] {processor.py:208} INFO - Processing /opt/airflow/dags/permission_fixer_dag.py took 0.042 seconds
[2025-05-01T21:50:16.781+0000] {processor.py:186} INFO - Started process (PID=1064) to work on /opt/airflow/dags/permission_fixer_dag.py
[2025-05-01T21:50:16.782+0000] {processor.py:914} INFO - Processing file /opt/airflow/dags/permission_fixer_dag.py for tasks to queue
[2025-05-01T21:50:16.782+0000] {logging_mixin.py:190} INFO - [2025-05-01T21:50:16.782+0000] {dagbag.py:588} INFO - Filling up the DagBag from /opt/airflow/dags/permission_fixer_dag.py
[2025-05-01T21:50:16.789+0000] {processor.py:925} INFO - DAG(s) 'fix_permissions_dag' retrieved from /opt/airflow/dags/permission_fixer_dag.py
[2025-05-01T21:50:16.806+0000] {logging_mixin.py:190} INFO - [2025-05-01T21:50:16.806+0000] {dag.py:3239} INFO - Sync 1 DAGs
[2025-05-01T21:50:16.819+0000] {logging_mixin.py:190} INFO - [2025-05-01T21:50:16.819+0000] {dag.py:4180} INFO - Setting next_dagrun for fix_permissions_dag to 2025-05-01 21:00:00+00:00, run_after=2025-05-01 22:00:00+00:00
[2025-05-01T21:50:16.832+0000] {processor.py:208} INFO - Processing /opt/airflow/dags/permission_fixer_dag.py took 0.055 seconds
[2025-05-01T21:50:47.061+0000] {processor.py:186} INFO - Started process (PID=1066) to work on /opt/airflow/dags/permission_fixer_dag.py
[2025-05-01T21:50:47.061+0000] {processor.py:914} INFO - Processing file /opt/airflow/dags/permission_fixer_dag.py for tasks to queue
[2025-05-01T21:50:47.062+0000] {logging_mixin.py:190} INFO - [2025-05-01T21:50:47.062+0000] {dagbag.py:588} INFO - Filling up the DagBag from /opt/airflow/dags/permission_fixer_dag.py
[2025-05-01T21:50:47.067+0000] {processor.py:925} INFO - DAG(s) 'fix_permissions_dag' retrieved from /opt/airflow/dags/permission_fixer_dag.py
[2025-05-01T21:50:47.077+0000] {logging_mixin.py:190} INFO - [2025-05-01T21:50:47.077+0000] {dag.py:3239} INFO - Sync 1 DAGs
[2025-05-01T21:50:47.087+0000] {logging_mixin.py:190} INFO - [2025-05-01T21:50:47.087+0000] {dag.py:4180} INFO - Setting next_dagrun for fix_permissions_dag to 2025-05-01 21:00:00+00:00, run_after=2025-05-01 22:00:00+00:00
[2025-05-01T21:50:47.094+0000] {processor.py:208} INFO - Processing /opt/airflow/dags/permission_fixer_dag.py took 0.036 seconds
[2025-05-01T21:51:17.319+0000] {processor.py:186} INFO - Started process (PID=1068) to work on /opt/airflow/dags/permission_fixer_dag.py
[2025-05-01T21:51:17.319+0000] {processor.py:914} INFO - Processing file /opt/airflow/dags/permission_fixer_dag.py for tasks to queue
[2025-05-01T21:51:17.320+0000] {logging_mixin.py:190} INFO - [2025-05-01T21:51:17.320+0000] {dagbag.py:588} INFO - Filling up the DagBag from /opt/airflow/dags/permission_fixer_dag.py
[2025-05-01T21:51:17.330+0000] {processor.py:925} INFO - DAG(s) 'fix_permissions_dag' retrieved from /opt/airflow/dags/permission_fixer_dag.py
[2025-05-01T21:51:17.347+0000] {logging_mixin.py:190} INFO - [2025-05-01T21:51:17.346+0000] {dag.py:3239} INFO - Sync 1 DAGs
[2025-05-01T21:51:17.360+0000] {logging_mixin.py:190} INFO - [2025-05-01T21:51:17.360+0000] {dag.py:4180} INFO - Setting next_dagrun for fix_permissions_dag to 2025-05-01 21:00:00+00:00, run_after=2025-05-01 22:00:00+00:00
[2025-05-01T21:51:17.368+0000] {processor.py:208} INFO - Processing /opt/airflow/dags/permission_fixer_dag.py took 0.055 seconds
[2025-05-01T21:51:47.661+0000] {processor.py:186} INFO - Started process (PID=1070) to work on /opt/airflow/dags/permission_fixer_dag.py
[2025-05-01T21:51:47.662+0000] {processor.py:914} INFO - Processing file /opt/airflow/dags/permission_fixer_dag.py for tasks to queue
[2025-05-01T21:51:47.663+0000] {logging_mixin.py:190} INFO - [2025-05-01T21:51:47.662+0000] {dagbag.py:588} INFO - Filling up the DagBag from /opt/airflow/dags/permission_fixer_dag.py
[2025-05-01T21:51:47.674+0000] {processor.py:925} INFO - DAG(s) 'fix_permissions_dag' retrieved from /opt/airflow/dags/permission_fixer_dag.py
[2025-05-01T21:51:47.691+0000] {logging_mixin.py:190} INFO - [2025-05-01T21:51:47.691+0000] {dag.py:3239} INFO - Sync 1 DAGs
[2025-05-01T21:51:47.705+0000] {logging_mixin.py:190} INFO - [2025-05-01T21:51:47.705+0000] {dag.py:4180} INFO - Setting next_dagrun for fix_permissions_dag to 2025-05-01 21:00:00+00:00, run_after=2025-05-01 22:00:00+00:00
[2025-05-01T21:51:47.712+0000] {processor.py:208} INFO - Processing /opt/airflow/dags/permission_fixer_dag.py took 0.058 seconds
[2025-05-01T21:52:17.941+0000] {processor.py:186} INFO - Started process (PID=1072) to work on /opt/airflow/dags/permission_fixer_dag.py
[2025-05-01T21:52:17.942+0000] {processor.py:914} INFO - Processing file /opt/airflow/dags/permission_fixer_dag.py for tasks to queue
[2025-05-01T21:52:17.943+0000] {logging_mixin.py:190} INFO - [2025-05-01T21:52:17.943+0000] {dagbag.py:588} INFO - Filling up the DagBag from /opt/airflow/dags/permission_fixer_dag.py
[2025-05-01T21:52:17.952+0000] {processor.py:925} INFO - DAG(s) 'fix_permissions_dag' retrieved from /opt/airflow/dags/permission_fixer_dag.py
[2025-05-01T21:52:17.967+0000] {logging_mixin.py:190} INFO - [2025-05-01T21:52:17.967+0000] {dag.py:3239} INFO - Sync 1 DAGs
[2025-05-01T21:52:17.978+0000] {logging_mixin.py:190} INFO - [2025-05-01T21:52:17.978+0000] {dag.py:4180} INFO - Setting next_dagrun for fix_permissions_dag to 2025-05-01 21:00:00+00:00, run_after=2025-05-01 22:00:00+00:00
[2025-05-01T21:52:17.986+0000] {processor.py:208} INFO - Processing /opt/airflow/dags/permission_fixer_dag.py took 0.050 seconds
[2025-05-01T21:52:48.282+0000] {processor.py:186} INFO - Started process (PID=1074) to work on /opt/airflow/dags/permission_fixer_dag.py
[2025-05-01T21:52:48.283+0000] {processor.py:914} INFO - Processing file /opt/airflow/dags/permission_fixer_dag.py for tasks to queue
[2025-05-01T21:52:48.283+0000] {logging_mixin.py:190} INFO - [2025-05-01T21:52:48.283+0000] {dagbag.py:588} INFO - Filling up the DagBag from /opt/airflow/dags/permission_fixer_dag.py
[2025-05-01T21:52:48.290+0000] {processor.py:925} INFO - DAG(s) 'fix_permissions_dag' retrieved from /opt/airflow/dags/permission_fixer_dag.py
[2025-05-01T21:52:48.302+0000] {logging_mixin.py:190} INFO - [2025-05-01T21:52:48.302+0000] {dag.py:3239} INFO - Sync 1 DAGs
[2025-05-01T21:52:48.312+0000] {logging_mixin.py:190} INFO - [2025-05-01T21:52:48.312+0000] {dag.py:4180} INFO - Setting next_dagrun for fix_permissions_dag to 2025-05-01 21:00:00+00:00, run_after=2025-05-01 22:00:00+00:00
[2025-05-01T21:52:48.318+0000] {processor.py:208} INFO - Processing /opt/airflow/dags/permission_fixer_dag.py took 0.042 seconds
[2025-05-01T21:53:18.576+0000] {processor.py:186} INFO - Started process (PID=1076) to work on /opt/airflow/dags/permission_fixer_dag.py
[2025-05-01T21:53:18.577+0000] {processor.py:914} INFO - Processing file /opt/airflow/dags/permission_fixer_dag.py for tasks to queue
[2025-05-01T21:53:18.578+0000] {logging_mixin.py:190} INFO - [2025-05-01T21:53:18.577+0000] {dagbag.py:588} INFO - Filling up the DagBag from /opt/airflow/dags/permission_fixer_dag.py
[2025-05-01T21:53:18.584+0000] {processor.py:925} INFO - DAG(s) 'fix_permissions_dag' retrieved from /opt/airflow/dags/permission_fixer_dag.py
[2025-05-01T21:53:18.595+0000] {logging_mixin.py:190} INFO - [2025-05-01T21:53:18.594+0000] {dag.py:3239} INFO - Sync 1 DAGs
[2025-05-01T21:53:18.603+0000] {logging_mixin.py:190} INFO - [2025-05-01T21:53:18.603+0000] {dag.py:4180} INFO - Setting next_dagrun for fix_permissions_dag to 2025-05-01 21:00:00+00:00, run_after=2025-05-01 22:00:00+00:00
[2025-05-01T21:53:18.609+0000] {processor.py:208} INFO - Processing /opt/airflow/dags/permission_fixer_dag.py took 0.037 seconds
[2025-05-01T21:53:48.797+0000] {processor.py:186} INFO - Started process (PID=1078) to work on /opt/airflow/dags/permission_fixer_dag.py
[2025-05-01T21:53:48.798+0000] {processor.py:914} INFO - Processing file /opt/airflow/dags/permission_fixer_dag.py for tasks to queue
[2025-05-01T21:53:48.799+0000] {logging_mixin.py:190} INFO - [2025-05-01T21:53:48.799+0000] {dagbag.py:588} INFO - Filling up the DagBag from /opt/airflow/dags/permission_fixer_dag.py
[2025-05-01T21:53:48.805+0000] {processor.py:925} INFO - DAG(s) 'fix_permissions_dag' retrieved from /opt/airflow/dags/permission_fixer_dag.py
[2025-05-01T21:53:48.817+0000] {logging_mixin.py:190} INFO - [2025-05-01T21:53:48.817+0000] {dag.py:3239} INFO - Sync 1 DAGs
[2025-05-01T21:53:48.827+0000] {logging_mixin.py:190} INFO - [2025-05-01T21:53:48.827+0000] {dag.py:4180} INFO - Setting next_dagrun for fix_permissions_dag to 2025-05-01 21:00:00+00:00, run_after=2025-05-01 22:00:00+00:00
[2025-05-01T21:53:48.834+0000] {processor.py:208} INFO - Processing /opt/airflow/dags/permission_fixer_dag.py took 0.042 seconds
[2025-05-01T21:54:19.050+0000] {processor.py:186} INFO - Started process (PID=1080) to work on /opt/airflow/dags/permission_fixer_dag.py
[2025-05-01T21:54:19.050+0000] {processor.py:914} INFO - Processing file /opt/airflow/dags/permission_fixer_dag.py for tasks to queue
[2025-05-01T21:54:19.051+0000] {logging_mixin.py:190} INFO - [2025-05-01T21:54:19.051+0000] {dagbag.py:588} INFO - Filling up the DagBag from /opt/airflow/dags/permission_fixer_dag.py
[2025-05-01T21:54:19.059+0000] {processor.py:925} INFO - DAG(s) 'fix_permissions_dag' retrieved from /opt/airflow/dags/permission_fixer_dag.py
[2025-05-01T21:54:19.074+0000] {logging_mixin.py:190} INFO - [2025-05-01T21:54:19.074+0000] {dag.py:3239} INFO - Sync 1 DAGs
[2025-05-01T21:54:19.086+0000] {logging_mixin.py:190} INFO - [2025-05-01T21:54:19.086+0000] {dag.py:4180} INFO - Setting next_dagrun for fix_permissions_dag to 2025-05-01 21:00:00+00:00, run_after=2025-05-01 22:00:00+00:00
[2025-05-01T21:54:19.092+0000] {processor.py:208} INFO - Processing /opt/airflow/dags/permission_fixer_dag.py took 0.049 seconds
[2025-05-01T21:54:49.262+0000] {processor.py:186} INFO - Started process (PID=1082) to work on /opt/airflow/dags/permission_fixer_dag.py
[2025-05-01T21:54:49.262+0000] {processor.py:914} INFO - Processing file /opt/airflow/dags/permission_fixer_dag.py for tasks to queue
[2025-05-01T21:54:49.264+0000] {logging_mixin.py:190} INFO - [2025-05-01T21:54:49.263+0000] {dagbag.py:588} INFO - Filling up the DagBag from /opt/airflow/dags/permission_fixer_dag.py
[2025-05-01T21:54:49.272+0000] {processor.py:925} INFO - DAG(s) 'fix_permissions_dag' retrieved from /opt/airflow/dags/permission_fixer_dag.py
[2025-05-01T21:54:49.286+0000] {logging_mixin.py:190} INFO - [2025-05-01T21:54:49.286+0000] {dag.py:3239} INFO - Sync 1 DAGs
[2025-05-01T21:54:49.297+0000] {logging_mixin.py:190} INFO - [2025-05-01T21:54:49.297+0000] {dag.py:4180} INFO - Setting next_dagrun for fix_permissions_dag to 2025-05-01 21:00:00+00:00, run_after=2025-05-01 22:00:00+00:00
[2025-05-01T21:54:49.304+0000] {processor.py:208} INFO - Processing /opt/airflow/dags/permission_fixer_dag.py took 0.046 seconds
[2025-05-01T21:55:19.490+0000] {processor.py:186} INFO - Started process (PID=1084) to work on /opt/airflow/dags/permission_fixer_dag.py
[2025-05-01T21:55:19.491+0000] {processor.py:914} INFO - Processing file /opt/airflow/dags/permission_fixer_dag.py for tasks to queue
[2025-05-01T21:55:19.492+0000] {logging_mixin.py:190} INFO - [2025-05-01T21:55:19.492+0000] {dagbag.py:588} INFO - Filling up the DagBag from /opt/airflow/dags/permission_fixer_dag.py
[2025-05-01T21:55:19.508+0000] {processor.py:925} INFO - DAG(s) 'fix_permissions_dag' retrieved from /opt/airflow/dags/permission_fixer_dag.py
[2025-05-01T21:55:19.523+0000] {logging_mixin.py:190} INFO - [2025-05-01T21:55:19.523+0000] {dag.py:3239} INFO - Sync 1 DAGs
[2025-05-01T21:55:19.539+0000] {logging_mixin.py:190} INFO - [2025-05-01T21:55:19.539+0000] {dag.py:4180} INFO - Setting next_dagrun for fix_permissions_dag to 2025-05-01 21:00:00+00:00, run_after=2025-05-01 22:00:00+00:00
[2025-05-01T21:55:19.545+0000] {processor.py:208} INFO - Processing /opt/airflow/dags/permission_fixer_dag.py took 0.059 seconds
[2025-05-01T21:55:49.743+0000] {processor.py:186} INFO - Started process (PID=1086) to work on /opt/airflow/dags/permission_fixer_dag.py
[2025-05-01T21:55:49.744+0000] {processor.py:914} INFO - Processing file /opt/airflow/dags/permission_fixer_dag.py for tasks to queue
[2025-05-01T21:55:49.745+0000] {logging_mixin.py:190} INFO - [2025-05-01T21:55:49.744+0000] {dagbag.py:588} INFO - Filling up the DagBag from /opt/airflow/dags/permission_fixer_dag.py
[2025-05-01T21:55:49.760+0000] {processor.py:925} INFO - DAG(s) 'fix_permissions_dag' retrieved from /opt/airflow/dags/permission_fixer_dag.py
[2025-05-01T21:55:49.780+0000] {logging_mixin.py:190} INFO - [2025-05-01T21:55:49.780+0000] {dag.py:3239} INFO - Sync 1 DAGs
[2025-05-01T21:55:49.794+0000] {logging_mixin.py:190} INFO - [2025-05-01T21:55:49.794+0000] {dag.py:4180} INFO - Setting next_dagrun for fix_permissions_dag to 2025-05-01 21:00:00+00:00, run_after=2025-05-01 22:00:00+00:00
[2025-05-01T21:55:49.803+0000] {processor.py:208} INFO - Processing /opt/airflow/dags/permission_fixer_dag.py took 0.085 seconds
[2025-05-01T21:56:19.997+0000] {processor.py:186} INFO - Started process (PID=1088) to work on /opt/airflow/dags/permission_fixer_dag.py
[2025-05-01T21:56:19.998+0000] {processor.py:914} INFO - Processing file /opt/airflow/dags/permission_fixer_dag.py for tasks to queue
[2025-05-01T21:56:19.998+0000] {logging_mixin.py:190} INFO - [2025-05-01T21:56:19.998+0000] {dagbag.py:588} INFO - Filling up the DagBag from /opt/airflow/dags/permission_fixer_dag.py
[2025-05-01T21:56:20.004+0000] {processor.py:925} INFO - DAG(s) 'fix_permissions_dag' retrieved from /opt/airflow/dags/permission_fixer_dag.py
[2025-05-01T21:56:20.016+0000] {logging_mixin.py:190} INFO - [2025-05-01T21:56:20.016+0000] {dag.py:3239} INFO - Sync 1 DAGs
[2025-05-01T21:56:20.026+0000] {logging_mixin.py:190} INFO - [2025-05-01T21:56:20.026+0000] {dag.py:4180} INFO - Setting next_dagrun for fix_permissions_dag to 2025-05-01 21:00:00+00:00, run_after=2025-05-01 22:00:00+00:00
[2025-05-01T21:56:20.032+0000] {processor.py:208} INFO - Processing /opt/airflow/dags/permission_fixer_dag.py took 0.038 seconds
[2025-05-01T21:56:50.221+0000] {processor.py:186} INFO - Started process (PID=1090) to work on /opt/airflow/dags/permission_fixer_dag.py
[2025-05-01T21:56:50.222+0000] {processor.py:914} INFO - Processing file /opt/airflow/dags/permission_fixer_dag.py for tasks to queue
[2025-05-01T21:56:50.222+0000] {logging_mixin.py:190} INFO - [2025-05-01T21:56:50.222+0000] {dagbag.py:588} INFO - Filling up the DagBag from /opt/airflow/dags/permission_fixer_dag.py
[2025-05-01T21:56:50.230+0000] {processor.py:925} INFO - DAG(s) 'fix_permissions_dag' retrieved from /opt/airflow/dags/permission_fixer_dag.py
[2025-05-01T21:56:50.244+0000] {logging_mixin.py:190} INFO - [2025-05-01T21:56:50.244+0000] {dag.py:3239} INFO - Sync 1 DAGs
[2025-05-01T21:56:50.255+0000] {logging_mixin.py:190} INFO - [2025-05-01T21:56:50.255+0000] {dag.py:4180} INFO - Setting next_dagrun for fix_permissions_dag to 2025-05-01 21:00:00+00:00, run_after=2025-05-01 22:00:00+00:00
[2025-05-01T21:56:50.261+0000] {processor.py:208} INFO - Processing /opt/airflow/dags/permission_fixer_dag.py took 0.045 seconds
[2025-05-01T21:57:20.566+0000] {processor.py:186} INFO - Started process (PID=1092) to work on /opt/airflow/dags/permission_fixer_dag.py
[2025-05-01T21:57:20.567+0000] {processor.py:914} INFO - Processing file /opt/airflow/dags/permission_fixer_dag.py for tasks to queue
[2025-05-01T21:57:20.568+0000] {logging_mixin.py:190} INFO - [2025-05-01T21:57:20.567+0000] {dagbag.py:588} INFO - Filling up the DagBag from /opt/airflow/dags/permission_fixer_dag.py
[2025-05-01T21:57:20.575+0000] {processor.py:925} INFO - DAG(s) 'fix_permissions_dag' retrieved from /opt/airflow/dags/permission_fixer_dag.py
[2025-05-01T21:57:20.589+0000] {logging_mixin.py:190} INFO - [2025-05-01T21:57:20.589+0000] {dag.py:3239} INFO - Sync 1 DAGs
[2025-05-01T21:57:20.599+0000] {logging_mixin.py:190} INFO - [2025-05-01T21:57:20.599+0000] {dag.py:4180} INFO - Setting next_dagrun for fix_permissions_dag to 2025-05-01 21:00:00+00:00, run_after=2025-05-01 22:00:00+00:00
[2025-05-01T21:57:20.606+0000] {processor.py:208} INFO - Processing /opt/airflow/dags/permission_fixer_dag.py took 0.048 seconds
[2025-05-01T21:57:50.862+0000] {processor.py:186} INFO - Started process (PID=1094) to work on /opt/airflow/dags/permission_fixer_dag.py
[2025-05-01T21:57:50.863+0000] {processor.py:914} INFO - Processing file /opt/airflow/dags/permission_fixer_dag.py for tasks to queue
[2025-05-01T21:57:50.864+0000] {logging_mixin.py:190} INFO - [2025-05-01T21:57:50.864+0000] {dagbag.py:588} INFO - Filling up the DagBag from /opt/airflow/dags/permission_fixer_dag.py
[2025-05-01T21:57:50.870+0000] {processor.py:925} INFO - DAG(s) 'fix_permissions_dag' retrieved from /opt/airflow/dags/permission_fixer_dag.py
[2025-05-01T21:57:50.882+0000] {logging_mixin.py:190} INFO - [2025-05-01T21:57:50.882+0000] {dag.py:3239} INFO - Sync 1 DAGs
[2025-05-01T21:57:50.892+0000] {logging_mixin.py:190} INFO - [2025-05-01T21:57:50.892+0000] {dag.py:4180} INFO - Setting next_dagrun for fix_permissions_dag to 2025-05-01 21:00:00+00:00, run_after=2025-05-01 22:00:00+00:00
[2025-05-01T21:57:50.898+0000] {processor.py:208} INFO - Processing /opt/airflow/dags/permission_fixer_dag.py took 0.040 seconds
[2025-05-01T21:58:21.107+0000] {processor.py:186} INFO - Started process (PID=1096) to work on /opt/airflow/dags/permission_fixer_dag.py
[2025-05-01T21:58:21.107+0000] {processor.py:914} INFO - Processing file /opt/airflow/dags/permission_fixer_dag.py for tasks to queue
[2025-05-01T21:58:21.108+0000] {logging_mixin.py:190} INFO - [2025-05-01T21:58:21.108+0000] {dagbag.py:588} INFO - Filling up the DagBag from /opt/airflow/dags/permission_fixer_dag.py
[2025-05-01T21:58:21.115+0000] {processor.py:925} INFO - DAG(s) 'fix_permissions_dag' retrieved from /opt/airflow/dags/permission_fixer_dag.py
[2025-05-01T21:58:21.128+0000] {logging_mixin.py:190} INFO - [2025-05-01T21:58:21.128+0000] {dag.py:3239} INFO - Sync 1 DAGs
[2025-05-01T21:58:21.138+0000] {logging_mixin.py:190} INFO - [2025-05-01T21:58:21.138+0000] {dag.py:4180} INFO - Setting next_dagrun for fix_permissions_dag to 2025-05-01 21:00:00+00:00, run_after=2025-05-01 22:00:00+00:00
[2025-05-01T21:58:21.144+0000] {processor.py:208} INFO - Processing /opt/airflow/dags/permission_fixer_dag.py took 0.042 seconds
[2025-05-01T21:58:51.263+0000] {processor.py:186} INFO - Started process (PID=1098) to work on /opt/airflow/dags/permission_fixer_dag.py
[2025-05-01T21:58:51.263+0000] {processor.py:914} INFO - Processing file /opt/airflow/dags/permission_fixer_dag.py for tasks to queue
[2025-05-01T21:58:51.264+0000] {logging_mixin.py:190} INFO - [2025-05-01T21:58:51.264+0000] {dagbag.py:588} INFO - Filling up the DagBag from /opt/airflow/dags/permission_fixer_dag.py
[2025-05-01T21:58:51.269+0000] {processor.py:925} INFO - DAG(s) 'fix_permissions_dag' retrieved from /opt/airflow/dags/permission_fixer_dag.py
[2025-05-01T21:58:51.280+0000] {logging_mixin.py:190} INFO - [2025-05-01T21:58:51.280+0000] {dag.py:3239} INFO - Sync 1 DAGs
[2025-05-01T21:58:51.290+0000] {logging_mixin.py:190} INFO - [2025-05-01T21:58:51.290+0000] {dag.py:4180} INFO - Setting next_dagrun for fix_permissions_dag to 2025-05-01 21:00:00+00:00, run_after=2025-05-01 22:00:00+00:00
[2025-05-01T21:58:51.297+0000] {processor.py:208} INFO - Processing /opt/airflow/dags/permission_fixer_dag.py took 0.038 seconds
[2025-05-01T21:59:21.428+0000] {processor.py:186} INFO - Started process (PID=1100) to work on /opt/airflow/dags/permission_fixer_dag.py
[2025-05-01T21:59:21.428+0000] {processor.py:914} INFO - Processing file /opt/airflow/dags/permission_fixer_dag.py for tasks to queue
[2025-05-01T21:59:21.429+0000] {logging_mixin.py:190} INFO - [2025-05-01T21:59:21.429+0000] {dagbag.py:588} INFO - Filling up the DagBag from /opt/airflow/dags/permission_fixer_dag.py
[2025-05-01T21:59:21.437+0000] {processor.py:925} INFO - DAG(s) 'fix_permissions_dag' retrieved from /opt/airflow/dags/permission_fixer_dag.py
[2025-05-01T21:59:21.451+0000] {logging_mixin.py:190} INFO - [2025-05-01T21:59:21.451+0000] {dag.py:3239} INFO - Sync 1 DAGs
[2025-05-01T21:59:21.463+0000] {logging_mixin.py:190} INFO - [2025-05-01T21:59:21.463+0000] {dag.py:4180} INFO - Setting next_dagrun for fix_permissions_dag to 2025-05-01 21:00:00+00:00, run_after=2025-05-01 22:00:00+00:00
[2025-05-01T21:59:21.471+0000] {processor.py:208} INFO - Processing /opt/airflow/dags/permission_fixer_dag.py took 0.047 seconds
[2025-05-01T21:59:51.592+0000] {processor.py:186} INFO - Started process (PID=1102) to work on /opt/airflow/dags/permission_fixer_dag.py
[2025-05-01T21:59:51.593+0000] {processor.py:914} INFO - Processing file /opt/airflow/dags/permission_fixer_dag.py for tasks to queue
[2025-05-01T21:59:51.594+0000] {logging_mixin.py:190} INFO - [2025-05-01T21:59:51.593+0000] {dagbag.py:588} INFO - Filling up the DagBag from /opt/airflow/dags/permission_fixer_dag.py
[2025-05-01T21:59:51.599+0000] {processor.py:925} INFO - DAG(s) 'fix_permissions_dag' retrieved from /opt/airflow/dags/permission_fixer_dag.py
[2025-05-01T21:59:51.612+0000] {logging_mixin.py:190} INFO - [2025-05-01T21:59:51.612+0000] {dag.py:3239} INFO - Sync 1 DAGs
[2025-05-01T21:59:51.622+0000] {logging_mixin.py:190} INFO - [2025-05-01T21:59:51.622+0000] {dag.py:4180} INFO - Setting next_dagrun for fix_permissions_dag to 2025-05-01 21:00:00+00:00, run_after=2025-05-01 22:00:00+00:00
[2025-05-01T21:59:51.630+0000] {processor.py:208} INFO - Processing /opt/airflow/dags/permission_fixer_dag.py took 0.041 seconds
[2025-05-01T22:00:21.872+0000] {processor.py:186} INFO - Started process (PID=1104) to work on /opt/airflow/dags/permission_fixer_dag.py
[2025-05-01T22:00:21.873+0000] {processor.py:914} INFO - Processing file /opt/airflow/dags/permission_fixer_dag.py for tasks to queue
[2025-05-01T22:00:21.874+0000] {logging_mixin.py:190} INFO - [2025-05-01T22:00:21.874+0000] {dagbag.py:588} INFO - Filling up the DagBag from /opt/airflow/dags/permission_fixer_dag.py
[2025-05-01T22:00:21.884+0000] {processor.py:925} INFO - DAG(s) 'fix_permissions_dag' retrieved from /opt/airflow/dags/permission_fixer_dag.py
[2025-05-01T22:00:21.900+0000] {logging_mixin.py:190} INFO - [2025-05-01T22:00:21.900+0000] {dag.py:3239} INFO - Sync 1 DAGs
[2025-05-01T22:00:21.911+0000] {logging_mixin.py:190} INFO - [2025-05-01T22:00:21.911+0000] {dag.py:4180} INFO - Setting next_dagrun for fix_permissions_dag to 2025-05-01 22:00:00+00:00, run_after=2025-05-01 23:00:00+00:00
[2025-05-01T22:00:21.919+0000] {processor.py:208} INFO - Processing /opt/airflow/dags/permission_fixer_dag.py took 0.052 seconds
[2025-05-01T22:00:52.251+0000] {processor.py:186} INFO - Started process (PID=1106) to work on /opt/airflow/dags/permission_fixer_dag.py
[2025-05-01T22:00:52.252+0000] {processor.py:914} INFO - Processing file /opt/airflow/dags/permission_fixer_dag.py for tasks to queue
[2025-05-01T22:00:52.253+0000] {logging_mixin.py:190} INFO - [2025-05-01T22:00:52.253+0000] {dagbag.py:588} INFO - Filling up the DagBag from /opt/airflow/dags/permission_fixer_dag.py
[2025-05-01T22:00:52.266+0000] {processor.py:925} INFO - DAG(s) 'fix_permissions_dag' retrieved from /opt/airflow/dags/permission_fixer_dag.py
[2025-05-01T22:00:52.283+0000] {logging_mixin.py:190} INFO - [2025-05-01T22:00:52.283+0000] {dag.py:3239} INFO - Sync 1 DAGs
[2025-05-01T22:00:52.295+0000] {logging_mixin.py:190} INFO - [2025-05-01T22:00:52.295+0000] {dag.py:4180} INFO - Setting next_dagrun for fix_permissions_dag to 2025-05-01 22:00:00+00:00, run_after=2025-05-01 23:00:00+00:00
[2025-05-01T22:00:52.302+0000] {processor.py:208} INFO - Processing /opt/airflow/dags/permission_fixer_dag.py took 0.060 seconds
[2025-05-01T22:01:22.591+0000] {processor.py:186} INFO - Started process (PID=1108) to work on /opt/airflow/dags/permission_fixer_dag.py
[2025-05-01T22:01:22.591+0000] {processor.py:914} INFO - Processing file /opt/airflow/dags/permission_fixer_dag.py for tasks to queue
[2025-05-01T22:01:22.592+0000] {logging_mixin.py:190} INFO - [2025-05-01T22:01:22.592+0000] {dagbag.py:588} INFO - Filling up the DagBag from /opt/airflow/dags/permission_fixer_dag.py
[2025-05-01T22:01:22.597+0000] {processor.py:925} INFO - DAG(s) 'fix_permissions_dag' retrieved from /opt/airflow/dags/permission_fixer_dag.py
[2025-05-01T22:01:22.609+0000] {logging_mixin.py:190} INFO - [2025-05-01T22:01:22.609+0000] {dag.py:3239} INFO - Sync 1 DAGs
[2025-05-01T22:01:22.619+0000] {logging_mixin.py:190} INFO - [2025-05-01T22:01:22.618+0000] {dag.py:4180} INFO - Setting next_dagrun for fix_permissions_dag to 2025-05-01 22:00:00+00:00, run_after=2025-05-01 23:00:00+00:00
[2025-05-01T22:01:22.629+0000] {processor.py:208} INFO - Processing /opt/airflow/dags/permission_fixer_dag.py took 0.041 seconds
[2025-05-01T22:01:52.844+0000] {processor.py:186} INFO - Started process (PID=1110) to work on /opt/airflow/dags/permission_fixer_dag.py
[2025-05-01T22:01:52.845+0000] {processor.py:914} INFO - Processing file /opt/airflow/dags/permission_fixer_dag.py for tasks to queue
[2025-05-01T22:01:52.845+0000] {logging_mixin.py:190} INFO - [2025-05-01T22:01:52.845+0000] {dagbag.py:588} INFO - Filling up the DagBag from /opt/airflow/dags/permission_fixer_dag.py
[2025-05-01T22:01:52.850+0000] {processor.py:925} INFO - DAG(s) 'fix_permissions_dag' retrieved from /opt/airflow/dags/permission_fixer_dag.py
[2025-05-01T22:01:52.860+0000] {logging_mixin.py:190} INFO - [2025-05-01T22:01:52.860+0000] {dag.py:3239} INFO - Sync 1 DAGs
[2025-05-01T22:01:52.869+0000] {logging_mixin.py:190} INFO - [2025-05-01T22:01:52.869+0000] {dag.py:4180} INFO - Setting next_dagrun for fix_permissions_dag to 2025-05-01 22:00:00+00:00, run_after=2025-05-01 23:00:00+00:00
[2025-05-01T22:01:52.874+0000] {processor.py:208} INFO - Processing /opt/airflow/dags/permission_fixer_dag.py took 0.033 seconds
[2025-05-01T22:02:23.169+0000] {processor.py:186} INFO - Started process (PID=1112) to work on /opt/airflow/dags/permission_fixer_dag.py
[2025-05-01T22:02:23.170+0000] {processor.py:914} INFO - Processing file /opt/airflow/dags/permission_fixer_dag.py for tasks to queue
[2025-05-01T22:02:23.171+0000] {logging_mixin.py:190} INFO - [2025-05-01T22:02:23.171+0000] {dagbag.py:588} INFO - Filling up the DagBag from /opt/airflow/dags/permission_fixer_dag.py
[2025-05-01T22:02:23.182+0000] {processor.py:925} INFO - DAG(s) 'fix_permissions_dag' retrieved from /opt/airflow/dags/permission_fixer_dag.py
[2025-05-01T22:02:23.198+0000] {logging_mixin.py:190} INFO - [2025-05-01T22:02:23.198+0000] {dag.py:3239} INFO - Sync 1 DAGs
[2025-05-01T22:02:23.209+0000] {logging_mixin.py:190} INFO - [2025-05-01T22:02:23.209+0000] {dag.py:4180} INFO - Setting next_dagrun for fix_permissions_dag to 2025-05-01 22:00:00+00:00, run_after=2025-05-01 23:00:00+00:00
[2025-05-01T22:02:23.216+0000] {processor.py:208} INFO - Processing /opt/airflow/dags/permission_fixer_dag.py took 0.054 seconds
[2025-05-01T22:02:53.576+0000] {processor.py:186} INFO - Started process (PID=1114) to work on /opt/airflow/dags/permission_fixer_dag.py
[2025-05-01T22:02:53.578+0000] {processor.py:914} INFO - Processing file /opt/airflow/dags/permission_fixer_dag.py for tasks to queue
[2025-05-01T22:02:53.579+0000] {logging_mixin.py:190} INFO - [2025-05-01T22:02:53.579+0000] {dagbag.py:588} INFO - Filling up the DagBag from /opt/airflow/dags/permission_fixer_dag.py
[2025-05-01T22:02:53.587+0000] {processor.py:925} INFO - DAG(s) 'fix_permissions_dag' retrieved from /opt/airflow/dags/permission_fixer_dag.py
[2025-05-01T22:02:53.600+0000] {logging_mixin.py:190} INFO - [2025-05-01T22:02:53.600+0000] {dag.py:3239} INFO - Sync 1 DAGs
[2025-05-01T22:02:53.610+0000] {logging_mixin.py:190} INFO - [2025-05-01T22:02:53.610+0000] {dag.py:4180} INFO - Setting next_dagrun for fix_permissions_dag to 2025-05-01 22:00:00+00:00, run_after=2025-05-01 23:00:00+00:00
[2025-05-01T22:02:53.617+0000] {processor.py:208} INFO - Processing /opt/airflow/dags/permission_fixer_dag.py took 0.047 seconds
[2025-05-01T22:03:23.952+0000] {processor.py:186} INFO - Started process (PID=1116) to work on /opt/airflow/dags/permission_fixer_dag.py
[2025-05-01T22:03:23.953+0000] {processor.py:914} INFO - Processing file /opt/airflow/dags/permission_fixer_dag.py for tasks to queue
[2025-05-01T22:03:23.955+0000] {logging_mixin.py:190} INFO - [2025-05-01T22:03:23.955+0000] {dagbag.py:588} INFO - Filling up the DagBag from /opt/airflow/dags/permission_fixer_dag.py
[2025-05-01T22:03:23.967+0000] {processor.py:925} INFO - DAG(s) 'fix_permissions_dag' retrieved from /opt/airflow/dags/permission_fixer_dag.py
[2025-05-01T22:03:23.984+0000] {logging_mixin.py:190} INFO - [2025-05-01T22:03:23.984+0000] {dag.py:3239} INFO - Sync 1 DAGs
[2025-05-01T22:03:23.994+0000] {logging_mixin.py:190} INFO - [2025-05-01T22:03:23.994+0000] {dag.py:4180} INFO - Setting next_dagrun for fix_permissions_dag to 2025-05-01 22:00:00+00:00, run_after=2025-05-01 23:00:00+00:00
[2025-05-01T22:03:24.001+0000] {processor.py:208} INFO - Processing /opt/airflow/dags/permission_fixer_dag.py took 0.062 seconds
[2025-05-01T22:03:54.339+0000] {processor.py:186} INFO - Started process (PID=1118) to work on /opt/airflow/dags/permission_fixer_dag.py
[2025-05-01T22:03:54.340+0000] {processor.py:914} INFO - Processing file /opt/airflow/dags/permission_fixer_dag.py for tasks to queue
[2025-05-01T22:03:54.342+0000] {logging_mixin.py:190} INFO - [2025-05-01T22:03:54.341+0000] {dagbag.py:588} INFO - Filling up the DagBag from /opt/airflow/dags/permission_fixer_dag.py
[2025-05-01T22:03:54.352+0000] {processor.py:925} INFO - DAG(s) 'fix_permissions_dag' retrieved from /opt/airflow/dags/permission_fixer_dag.py
[2025-05-01T22:03:54.367+0000] {logging_mixin.py:190} INFO - [2025-05-01T22:03:54.367+0000] {dag.py:3239} INFO - Sync 1 DAGs
[2025-05-01T22:03:54.379+0000] {logging_mixin.py:190} INFO - [2025-05-01T22:03:54.379+0000] {dag.py:4180} INFO - Setting next_dagrun for fix_permissions_dag to 2025-05-01 22:00:00+00:00, run_after=2025-05-01 23:00:00+00:00
[2025-05-01T22:03:54.385+0000] {processor.py:208} INFO - Processing /opt/airflow/dags/permission_fixer_dag.py took 0.056 seconds
[2025-05-01T22:04:24.772+0000] {processor.py:186} INFO - Started process (PID=1120) to work on /opt/airflow/dags/permission_fixer_dag.py
[2025-05-01T22:04:24.774+0000] {processor.py:914} INFO - Processing file /opt/airflow/dags/permission_fixer_dag.py for tasks to queue
[2025-05-01T22:04:24.777+0000] {logging_mixin.py:190} INFO - [2025-05-01T22:04:24.776+0000] {dagbag.py:588} INFO - Filling up the DagBag from /opt/airflow/dags/permission_fixer_dag.py
[2025-05-01T22:04:24.788+0000] {processor.py:925} INFO - DAG(s) 'fix_permissions_dag' retrieved from /opt/airflow/dags/permission_fixer_dag.py
[2025-05-01T22:04:24.806+0000] {logging_mixin.py:190} INFO - [2025-05-01T22:04:24.806+0000] {dag.py:3239} INFO - Sync 1 DAGs
[2025-05-01T22:04:24.817+0000] {logging_mixin.py:190} INFO - [2025-05-01T22:04:24.817+0000] {dag.py:4180} INFO - Setting next_dagrun for fix_permissions_dag to 2025-05-01 22:00:00+00:00, run_after=2025-05-01 23:00:00+00:00
[2025-05-01T22:04:24.826+0000] {processor.py:208} INFO - Processing /opt/airflow/dags/permission_fixer_dag.py took 0.062 seconds
[2025-05-01T22:05:22.153+0000] {processor.py:186} INFO - Started process (PID=36) to work on /opt/airflow/dags/permission_fixer_dag.py
[2025-05-01T22:05:22.154+0000] {processor.py:914} INFO - Processing file /opt/airflow/dags/permission_fixer_dag.py for tasks to queue
[2025-05-01T22:05:22.155+0000] {logging_mixin.py:190} INFO - [2025-05-01T22:05:22.155+0000] {dagbag.py:588} INFO - Filling up the DagBag from /opt/airflow/dags/permission_fixer_dag.py
[2025-05-01T22:05:22.167+0000] {processor.py:925} INFO - DAG(s) 'fix_permissions_dag' retrieved from /opt/airflow/dags/permission_fixer_dag.py
[2025-05-01T22:05:22.190+0000] {logging_mixin.py:190} INFO - [2025-05-01T22:05:22.190+0000] {dag.py:3239} INFO - Sync 1 DAGs
[2025-05-01T22:05:22.204+0000] {logging_mixin.py:190} INFO - [2025-05-01T22:05:22.203+0000] {dag.py:4180} INFO - Setting next_dagrun for fix_permissions_dag to 2025-05-01 22:00:00+00:00, run_after=2025-05-01 23:00:00+00:00
[2025-05-01T22:05:22.213+0000] {processor.py:208} INFO - Processing /opt/airflow/dags/permission_fixer_dag.py took 0.063 seconds
[2025-05-01T22:05:52.435+0000] {processor.py:186} INFO - Started process (PID=37) to work on /opt/airflow/dags/permission_fixer_dag.py
[2025-05-01T22:05:52.436+0000] {processor.py:914} INFO - Processing file /opt/airflow/dags/permission_fixer_dag.py for tasks to queue
[2025-05-01T22:05:52.437+0000] {logging_mixin.py:190} INFO - [2025-05-01T22:05:52.436+0000] {dagbag.py:588} INFO - Filling up the DagBag from /opt/airflow/dags/permission_fixer_dag.py
[2025-05-01T22:05:52.450+0000] {processor.py:925} INFO - DAG(s) 'fix_permissions_dag' retrieved from /opt/airflow/dags/permission_fixer_dag.py
[2025-05-01T22:05:52.466+0000] {logging_mixin.py:190} INFO - [2025-05-01T22:05:52.465+0000] {dag.py:3239} INFO - Sync 1 DAGs
[2025-05-01T22:05:52.478+0000] {logging_mixin.py:190} INFO - [2025-05-01T22:05:52.478+0000] {dag.py:4180} INFO - Setting next_dagrun for fix_permissions_dag to 2025-05-01 22:00:00+00:00, run_after=2025-05-01 23:00:00+00:00
[2025-05-01T22:05:52.485+0000] {processor.py:208} INFO - Processing /opt/airflow/dags/permission_fixer_dag.py took 0.052 seconds
[2025-05-01T22:06:22.668+0000] {processor.py:186} INFO - Started process (PID=39) to work on /opt/airflow/dags/permission_fixer_dag.py
[2025-05-01T22:06:22.668+0000] {processor.py:914} INFO - Processing file /opt/airflow/dags/permission_fixer_dag.py for tasks to queue
[2025-05-01T22:06:22.669+0000] {logging_mixin.py:190} INFO - [2025-05-01T22:06:22.669+0000] {dagbag.py:588} INFO - Filling up the DagBag from /opt/airflow/dags/permission_fixer_dag.py
[2025-05-01T22:06:22.677+0000] {processor.py:925} INFO - DAG(s) 'fix_permissions_dag' retrieved from /opt/airflow/dags/permission_fixer_dag.py
[2025-05-01T22:06:22.690+0000] {logging_mixin.py:190} INFO - [2025-05-01T22:06:22.690+0000] {dag.py:3239} INFO - Sync 1 DAGs
[2025-05-01T22:06:22.701+0000] {logging_mixin.py:190} INFO - [2025-05-01T22:06:22.701+0000] {dag.py:4180} INFO - Setting next_dagrun for fix_permissions_dag to 2025-05-01 22:00:00+00:00, run_after=2025-05-01 23:00:00+00:00
[2025-05-01T22:06:22.708+0000] {processor.py:208} INFO - Processing /opt/airflow/dags/permission_fixer_dag.py took 0.045 seconds
[2025-05-01T22:06:52.873+0000] {processor.py:186} INFO - Started process (PID=41) to work on /opt/airflow/dags/permission_fixer_dag.py
[2025-05-01T22:06:52.874+0000] {processor.py:914} INFO - Processing file /opt/airflow/dags/permission_fixer_dag.py for tasks to queue
[2025-05-01T22:06:52.875+0000] {logging_mixin.py:190} INFO - [2025-05-01T22:06:52.875+0000] {dagbag.py:588} INFO - Filling up the DagBag from /opt/airflow/dags/permission_fixer_dag.py
[2025-05-01T22:06:52.885+0000] {processor.py:925} INFO - DAG(s) 'fix_permissions_dag' retrieved from /opt/airflow/dags/permission_fixer_dag.py
[2025-05-01T22:06:52.902+0000] {logging_mixin.py:190} INFO - [2025-05-01T22:06:52.901+0000] {dag.py:3239} INFO - Sync 1 DAGs
[2025-05-01T22:06:52.913+0000] {logging_mixin.py:190} INFO - [2025-05-01T22:06:52.913+0000] {dag.py:4180} INFO - Setting next_dagrun for fix_permissions_dag to 2025-05-01 22:00:00+00:00, run_after=2025-05-01 23:00:00+00:00
[2025-05-01T22:06:52.919+0000] {processor.py:208} INFO - Processing /opt/airflow/dags/permission_fixer_dag.py took 0.053 seconds
[2025-05-01T22:07:23.171+0000] {processor.py:186} INFO - Started process (PID=43) to work on /opt/airflow/dags/permission_fixer_dag.py
[2025-05-01T22:07:23.172+0000] {processor.py:914} INFO - Processing file /opt/airflow/dags/permission_fixer_dag.py for tasks to queue
[2025-05-01T22:07:23.173+0000] {logging_mixin.py:190} INFO - [2025-05-01T22:07:23.172+0000] {dagbag.py:588} INFO - Filling up the DagBag from /opt/airflow/dags/permission_fixer_dag.py
[2025-05-01T22:07:23.181+0000] {processor.py:925} INFO - DAG(s) 'fix_permissions_dag' retrieved from /opt/airflow/dags/permission_fixer_dag.py
[2025-05-01T22:07:23.199+0000] {logging_mixin.py:190} INFO - [2025-05-01T22:07:23.199+0000] {dag.py:3239} INFO - Sync 1 DAGs
[2025-05-01T22:07:23.210+0000] {logging_mixin.py:190} INFO - [2025-05-01T22:07:23.210+0000] {dag.py:4180} INFO - Setting next_dagrun for fix_permissions_dag to 2025-05-01 22:00:00+00:00, run_after=2025-05-01 23:00:00+00:00
[2025-05-01T22:07:23.218+0000] {processor.py:208} INFO - Processing /opt/airflow/dags/permission_fixer_dag.py took 0.052 seconds
[2025-05-01T22:07:53.468+0000] {processor.py:186} INFO - Started process (PID=45) to work on /opt/airflow/dags/permission_fixer_dag.py
[2025-05-01T22:07:53.469+0000] {processor.py:914} INFO - Processing file /opt/airflow/dags/permission_fixer_dag.py for tasks to queue
[2025-05-01T22:07:53.469+0000] {logging_mixin.py:190} INFO - [2025-05-01T22:07:53.469+0000] {dagbag.py:588} INFO - Filling up the DagBag from /opt/airflow/dags/permission_fixer_dag.py
[2025-05-01T22:07:53.476+0000] {processor.py:925} INFO - DAG(s) 'fix_permissions_dag' retrieved from /opt/airflow/dags/permission_fixer_dag.py
[2025-05-01T22:07:53.491+0000] {logging_mixin.py:190} INFO - [2025-05-01T22:07:53.490+0000] {dag.py:3239} INFO - Sync 1 DAGs
[2025-05-01T22:07:53.501+0000] {logging_mixin.py:190} INFO - [2025-05-01T22:07:53.501+0000] {dag.py:4180} INFO - Setting next_dagrun for fix_permissions_dag to 2025-05-01 22:00:00+00:00, run_after=2025-05-01 23:00:00+00:00
[2025-05-01T22:07:53.507+0000] {processor.py:208} INFO - Processing /opt/airflow/dags/permission_fixer_dag.py took 0.043 seconds
[2025-05-01T22:08:23.720+0000] {processor.py:186} INFO - Started process (PID=47) to work on /opt/airflow/dags/permission_fixer_dag.py
[2025-05-01T22:08:23.721+0000] {processor.py:914} INFO - Processing file /opt/airflow/dags/permission_fixer_dag.py for tasks to queue
[2025-05-01T22:08:23.722+0000] {logging_mixin.py:190} INFO - [2025-05-01T22:08:23.722+0000] {dagbag.py:588} INFO - Filling up the DagBag from /opt/airflow/dags/permission_fixer_dag.py
[2025-05-01T22:08:23.730+0000] {processor.py:925} INFO - DAG(s) 'fix_permissions_dag' retrieved from /opt/airflow/dags/permission_fixer_dag.py
[2025-05-01T22:08:23.747+0000] {logging_mixin.py:190} INFO - [2025-05-01T22:08:23.747+0000] {dag.py:3239} INFO - Sync 1 DAGs
[2025-05-01T22:08:23.758+0000] {logging_mixin.py:190} INFO - [2025-05-01T22:08:23.758+0000] {dag.py:4180} INFO - Setting next_dagrun for fix_permissions_dag to 2025-05-01 22:00:00+00:00, run_after=2025-05-01 23:00:00+00:00
[2025-05-01T22:08:23.765+0000] {processor.py:208} INFO - Processing /opt/airflow/dags/permission_fixer_dag.py took 0.049 seconds
[2025-05-01T22:08:54.010+0000] {processor.py:186} INFO - Started process (PID=49) to work on /opt/airflow/dags/permission_fixer_dag.py
[2025-05-01T22:08:54.010+0000] {processor.py:914} INFO - Processing file /opt/airflow/dags/permission_fixer_dag.py for tasks to queue
[2025-05-01T22:08:54.011+0000] {logging_mixin.py:190} INFO - [2025-05-01T22:08:54.011+0000] {dagbag.py:588} INFO - Filling up the DagBag from /opt/airflow/dags/permission_fixer_dag.py
[2025-05-01T22:08:54.022+0000] {processor.py:925} INFO - DAG(s) 'fix_permissions_dag' retrieved from /opt/airflow/dags/permission_fixer_dag.py
[2025-05-01T22:08:54.038+0000] {logging_mixin.py:190} INFO - [2025-05-01T22:08:54.037+0000] {dag.py:3239} INFO - Sync 1 DAGs
[2025-05-01T22:08:54.048+0000] {logging_mixin.py:190} INFO - [2025-05-01T22:08:54.048+0000] {dag.py:4180} INFO - Setting next_dagrun for fix_permissions_dag to 2025-05-01 22:00:00+00:00, run_after=2025-05-01 23:00:00+00:00
[2025-05-01T22:08:54.056+0000] {processor.py:208} INFO - Processing /opt/airflow/dags/permission_fixer_dag.py took 0.052 seconds
[2025-05-01T22:09:24.424+0000] {processor.py:186} INFO - Started process (PID=51) to work on /opt/airflow/dags/permission_fixer_dag.py
[2025-05-01T22:09:24.424+0000] {processor.py:914} INFO - Processing file /opt/airflow/dags/permission_fixer_dag.py for tasks to queue
[2025-05-01T22:09:24.424+0000] {logging_mixin.py:190} INFO - [2025-05-01T22:09:24.424+0000] {dagbag.py:588} INFO - Filling up the DagBag from /opt/airflow/dags/permission_fixer_dag.py
[2025-05-01T22:09:24.430+0000] {processor.py:925} INFO - DAG(s) 'fix_permissions_dag' retrieved from /opt/airflow/dags/permission_fixer_dag.py
[2025-05-01T22:09:24.442+0000] {logging_mixin.py:190} INFO - [2025-05-01T22:09:24.442+0000] {dag.py:3239} INFO - Sync 1 DAGs
[2025-05-01T22:09:24.453+0000] {logging_mixin.py:190} INFO - [2025-05-01T22:09:24.453+0000] {dag.py:4180} INFO - Setting next_dagrun for fix_permissions_dag to 2025-05-01 22:00:00+00:00, run_after=2025-05-01 23:00:00+00:00
[2025-05-01T22:09:24.459+0000] {processor.py:208} INFO - Processing /opt/airflow/dags/permission_fixer_dag.py took 0.039 seconds
[2025-05-01T22:09:54.817+0000] {processor.py:186} INFO - Started process (PID=53) to work on /opt/airflow/dags/permission_fixer_dag.py
[2025-05-01T22:09:54.818+0000] {processor.py:914} INFO - Processing file /opt/airflow/dags/permission_fixer_dag.py for tasks to queue
[2025-05-01T22:09:54.819+0000] {logging_mixin.py:190} INFO - [2025-05-01T22:09:54.819+0000] {dagbag.py:588} INFO - Filling up the DagBag from /opt/airflow/dags/permission_fixer_dag.py
[2025-05-01T22:09:54.830+0000] {processor.py:925} INFO - DAG(s) 'fix_permissions_dag' retrieved from /opt/airflow/dags/permission_fixer_dag.py
[2025-05-01T22:09:54.848+0000] {logging_mixin.py:190} INFO - [2025-05-01T22:09:54.848+0000] {dag.py:3239} INFO - Sync 1 DAGs
[2025-05-01T22:09:54.859+0000] {logging_mixin.py:190} INFO - [2025-05-01T22:09:54.859+0000] {dag.py:4180} INFO - Setting next_dagrun for fix_permissions_dag to 2025-05-01 22:00:00+00:00, run_after=2025-05-01 23:00:00+00:00
[2025-05-01T22:09:54.866+0000] {processor.py:208} INFO - Processing /opt/airflow/dags/permission_fixer_dag.py took 0.056 seconds
[2025-05-01T22:10:25.247+0000] {processor.py:186} INFO - Started process (PID=55) to work on /opt/airflow/dags/permission_fixer_dag.py
[2025-05-01T22:10:25.249+0000] {processor.py:914} INFO - Processing file /opt/airflow/dags/permission_fixer_dag.py for tasks to queue
[2025-05-01T22:10:25.250+0000] {logging_mixin.py:190} INFO - [2025-05-01T22:10:25.249+0000] {dagbag.py:588} INFO - Filling up the DagBag from /opt/airflow/dags/permission_fixer_dag.py
[2025-05-01T22:10:25.260+0000] {processor.py:925} INFO - DAG(s) 'fix_permissions_dag' retrieved from /opt/airflow/dags/permission_fixer_dag.py
[2025-05-01T22:10:25.276+0000] {logging_mixin.py:190} INFO - [2025-05-01T22:10:25.276+0000] {dag.py:3239} INFO - Sync 1 DAGs
[2025-05-01T22:10:25.287+0000] {logging_mixin.py:190} INFO - [2025-05-01T22:10:25.287+0000] {dag.py:4180} INFO - Setting next_dagrun for fix_permissions_dag to 2025-05-01 22:00:00+00:00, run_after=2025-05-01 23:00:00+00:00
[2025-05-01T22:10:25.294+0000] {processor.py:208} INFO - Processing /opt/airflow/dags/permission_fixer_dag.py took 0.054 seconds
[2025-05-01T22:10:55.650+0000] {processor.py:186} INFO - Started process (PID=57) to work on /opt/airflow/dags/permission_fixer_dag.py
[2025-05-01T22:10:55.650+0000] {processor.py:914} INFO - Processing file /opt/airflow/dags/permission_fixer_dag.py for tasks to queue
[2025-05-01T22:10:55.652+0000] {logging_mixin.py:190} INFO - [2025-05-01T22:10:55.651+0000] {dagbag.py:588} INFO - Filling up the DagBag from /opt/airflow/dags/permission_fixer_dag.py
[2025-05-01T22:10:55.664+0000] {processor.py:925} INFO - DAG(s) 'fix_permissions_dag' retrieved from /opt/airflow/dags/permission_fixer_dag.py
[2025-05-01T22:10:55.680+0000] {logging_mixin.py:190} INFO - [2025-05-01T22:10:55.680+0000] {dag.py:3239} INFO - Sync 1 DAGs
[2025-05-01T22:10:55.692+0000] {logging_mixin.py:190} INFO - [2025-05-01T22:10:55.692+0000] {dag.py:4180} INFO - Setting next_dagrun for fix_permissions_dag to 2025-05-01 22:00:00+00:00, run_after=2025-05-01 23:00:00+00:00
[2025-05-01T22:10:55.699+0000] {processor.py:208} INFO - Processing /opt/airflow/dags/permission_fixer_dag.py took 0.056 seconds
[2025-05-01T22:11:26.054+0000] {processor.py:186} INFO - Started process (PID=59) to work on /opt/airflow/dags/permission_fixer_dag.py
[2025-05-01T22:11:26.054+0000] {processor.py:914} INFO - Processing file /opt/airflow/dags/permission_fixer_dag.py for tasks to queue
[2025-05-01T22:11:26.055+0000] {logging_mixin.py:190} INFO - [2025-05-01T22:11:26.055+0000] {dagbag.py:588} INFO - Filling up the DagBag from /opt/airflow/dags/permission_fixer_dag.py
[2025-05-01T22:11:26.064+0000] {processor.py:925} INFO - DAG(s) 'fix_permissions_dag' retrieved from /opt/airflow/dags/permission_fixer_dag.py
[2025-05-01T22:11:26.083+0000] {logging_mixin.py:190} INFO - [2025-05-01T22:11:26.083+0000] {dag.py:3239} INFO - Sync 1 DAGs
[2025-05-01T22:11:26.096+0000] {logging_mixin.py:190} INFO - [2025-05-01T22:11:26.096+0000] {dag.py:4180} INFO - Setting next_dagrun for fix_permissions_dag to 2025-05-01 22:00:00+00:00, run_after=2025-05-01 23:00:00+00:00
[2025-05-01T22:11:26.104+0000] {processor.py:208} INFO - Processing /opt/airflow/dags/permission_fixer_dag.py took 0.055 seconds
[2025-05-01T22:11:56.477+0000] {processor.py:186} INFO - Started process (PID=61) to work on /opt/airflow/dags/permission_fixer_dag.py
[2025-05-01T22:11:56.478+0000] {processor.py:914} INFO - Processing file /opt/airflow/dags/permission_fixer_dag.py for tasks to queue
[2025-05-01T22:11:56.479+0000] {logging_mixin.py:190} INFO - [2025-05-01T22:11:56.479+0000] {dagbag.py:588} INFO - Filling up the DagBag from /opt/airflow/dags/permission_fixer_dag.py
[2025-05-01T22:11:56.488+0000] {processor.py:925} INFO - DAG(s) 'fix_permissions_dag' retrieved from /opt/airflow/dags/permission_fixer_dag.py
[2025-05-01T22:11:56.503+0000] {logging_mixin.py:190} INFO - [2025-05-01T22:11:56.502+0000] {dag.py:3239} INFO - Sync 1 DAGs
[2025-05-01T22:11:56.513+0000] {logging_mixin.py:190} INFO - [2025-05-01T22:11:56.513+0000] {dag.py:4180} INFO - Setting next_dagrun for fix_permissions_dag to 2025-05-01 22:00:00+00:00, run_after=2025-05-01 23:00:00+00:00
[2025-05-01T22:11:56.520+0000] {processor.py:208} INFO - Processing /opt/airflow/dags/permission_fixer_dag.py took 0.048 seconds
[2025-05-01T22:12:26.837+0000] {processor.py:186} INFO - Started process (PID=63) to work on /opt/airflow/dags/permission_fixer_dag.py
[2025-05-01T22:12:26.838+0000] {processor.py:914} INFO - Processing file /opt/airflow/dags/permission_fixer_dag.py for tasks to queue
[2025-05-01T22:12:26.839+0000] {logging_mixin.py:190} INFO - [2025-05-01T22:12:26.839+0000] {dagbag.py:588} INFO - Filling up the DagBag from /opt/airflow/dags/permission_fixer_dag.py
[2025-05-01T22:12:26.849+0000] {processor.py:925} INFO - DAG(s) 'fix_permissions_dag' retrieved from /opt/airflow/dags/permission_fixer_dag.py
[2025-05-01T22:12:26.868+0000] {logging_mixin.py:190} INFO - [2025-05-01T22:12:26.868+0000] {dag.py:3239} INFO - Sync 1 DAGs
[2025-05-01T22:12:26.881+0000] {logging_mixin.py:190} INFO - [2025-05-01T22:12:26.880+0000] {dag.py:4180} INFO - Setting next_dagrun for fix_permissions_dag to 2025-05-01 22:00:00+00:00, run_after=2025-05-01 23:00:00+00:00
[2025-05-01T22:12:26.887+0000] {processor.py:208} INFO - Processing /opt/airflow/dags/permission_fixer_dag.py took 0.059 seconds
[2025-05-01T22:12:57.176+0000] {processor.py:186} INFO - Started process (PID=65) to work on /opt/airflow/dags/permission_fixer_dag.py
[2025-05-01T22:12:57.176+0000] {processor.py:914} INFO - Processing file /opt/airflow/dags/permission_fixer_dag.py for tasks to queue
[2025-05-01T22:12:57.177+0000] {logging_mixin.py:190} INFO - [2025-05-01T22:12:57.177+0000] {dagbag.py:588} INFO - Filling up the DagBag from /opt/airflow/dags/permission_fixer_dag.py
[2025-05-01T22:12:57.187+0000] {processor.py:925} INFO - DAG(s) 'fix_permissions_dag' retrieved from /opt/airflow/dags/permission_fixer_dag.py
[2025-05-01T22:12:57.202+0000] {logging_mixin.py:190} INFO - [2025-05-01T22:12:57.202+0000] {dag.py:3239} INFO - Sync 1 DAGs
[2025-05-01T22:12:57.212+0000] {logging_mixin.py:190} INFO - [2025-05-01T22:12:57.212+0000] {dag.py:4180} INFO - Setting next_dagrun for fix_permissions_dag to 2025-05-01 22:00:00+00:00, run_after=2025-05-01 23:00:00+00:00
[2025-05-01T22:12:57.218+0000] {processor.py:208} INFO - Processing /opt/airflow/dags/permission_fixer_dag.py took 0.048 seconds
[2025-05-01T22:13:27.586+0000] {processor.py:186} INFO - Started process (PID=67) to work on /opt/airflow/dags/permission_fixer_dag.py
[2025-05-01T22:13:27.588+0000] {processor.py:914} INFO - Processing file /opt/airflow/dags/permission_fixer_dag.py for tasks to queue
[2025-05-01T22:13:27.589+0000] {logging_mixin.py:190} INFO - [2025-05-01T22:13:27.588+0000] {dagbag.py:588} INFO - Filling up the DagBag from /opt/airflow/dags/permission_fixer_dag.py
[2025-05-01T22:13:27.600+0000] {processor.py:925} INFO - DAG(s) 'fix_permissions_dag' retrieved from /opt/airflow/dags/permission_fixer_dag.py
[2025-05-01T22:13:27.618+0000] {logging_mixin.py:190} INFO - [2025-05-01T22:13:27.618+0000] {dag.py:3239} INFO - Sync 1 DAGs
[2025-05-01T22:13:27.628+0000] {logging_mixin.py:190} INFO - [2025-05-01T22:13:27.628+0000] {dag.py:4180} INFO - Setting next_dagrun for fix_permissions_dag to 2025-05-01 22:00:00+00:00, run_after=2025-05-01 23:00:00+00:00
[2025-05-01T22:13:27.635+0000] {processor.py:208} INFO - Processing /opt/airflow/dags/permission_fixer_dag.py took 0.056 seconds
[2025-05-01T22:13:57.828+0000] {processor.py:186} INFO - Started process (PID=69) to work on /opt/airflow/dags/permission_fixer_dag.py
[2025-05-01T22:13:57.829+0000] {processor.py:914} INFO - Processing file /opt/airflow/dags/permission_fixer_dag.py for tasks to queue
[2025-05-01T22:13:57.830+0000] {logging_mixin.py:190} INFO - [2025-05-01T22:13:57.829+0000] {dagbag.py:588} INFO - Filling up the DagBag from /opt/airflow/dags/permission_fixer_dag.py
[2025-05-01T22:13:57.836+0000] {processor.py:925} INFO - DAG(s) 'fix_permissions_dag' retrieved from /opt/airflow/dags/permission_fixer_dag.py
[2025-05-01T22:13:57.850+0000] {logging_mixin.py:190} INFO - [2025-05-01T22:13:57.850+0000] {dag.py:3239} INFO - Sync 1 DAGs
[2025-05-01T22:13:57.861+0000] {logging_mixin.py:190} INFO - [2025-05-01T22:13:57.861+0000] {dag.py:4180} INFO - Setting next_dagrun for fix_permissions_dag to 2025-05-01 22:00:00+00:00, run_after=2025-05-01 23:00:00+00:00
[2025-05-01T22:13:57.868+0000] {processor.py:208} INFO - Processing /opt/airflow/dags/permission_fixer_dag.py took 0.043 seconds
[2025-05-01T22:14:28.065+0000] {processor.py:186} INFO - Started process (PID=71) to work on /opt/airflow/dags/permission_fixer_dag.py
[2025-05-01T22:14:28.065+0000] {processor.py:914} INFO - Processing file /opt/airflow/dags/permission_fixer_dag.py for tasks to queue
[2025-05-01T22:14:28.066+0000] {logging_mixin.py:190} INFO - [2025-05-01T22:14:28.066+0000] {dagbag.py:588} INFO - Filling up the DagBag from /opt/airflow/dags/permission_fixer_dag.py
[2025-05-01T22:14:28.073+0000] {processor.py:925} INFO - DAG(s) 'fix_permissions_dag' retrieved from /opt/airflow/dags/permission_fixer_dag.py
[2025-05-01T22:14:28.088+0000] {logging_mixin.py:190} INFO - [2025-05-01T22:14:28.088+0000] {dag.py:3239} INFO - Sync 1 DAGs
[2025-05-01T22:14:28.099+0000] {logging_mixin.py:190} INFO - [2025-05-01T22:14:28.099+0000] {dag.py:4180} INFO - Setting next_dagrun for fix_permissions_dag to 2025-05-01 22:00:00+00:00, run_after=2025-05-01 23:00:00+00:00
[2025-05-01T22:14:28.107+0000] {processor.py:208} INFO - Processing /opt/airflow/dags/permission_fixer_dag.py took 0.048 seconds
[2025-05-01T22:14:58.260+0000] {processor.py:186} INFO - Started process (PID=73) to work on /opt/airflow/dags/permission_fixer_dag.py
[2025-05-01T22:14:58.261+0000] {processor.py:914} INFO - Processing file /opt/airflow/dags/permission_fixer_dag.py for tasks to queue
[2025-05-01T22:14:58.263+0000] {logging_mixin.py:190} INFO - [2025-05-01T22:14:58.262+0000] {dagbag.py:588} INFO - Filling up the DagBag from /opt/airflow/dags/permission_fixer_dag.py
[2025-05-01T22:14:58.275+0000] {processor.py:925} INFO - DAG(s) 'fix_permissions_dag' retrieved from /opt/airflow/dags/permission_fixer_dag.py
[2025-05-01T22:14:58.294+0000] {logging_mixin.py:190} INFO - [2025-05-01T22:14:58.294+0000] {dag.py:3239} INFO - Sync 1 DAGs
[2025-05-01T22:14:58.308+0000] {logging_mixin.py:190} INFO - [2025-05-01T22:14:58.308+0000] {dag.py:4180} INFO - Setting next_dagrun for fix_permissions_dag to 2025-05-01 22:00:00+00:00, run_after=2025-05-01 23:00:00+00:00
[2025-05-01T22:14:58.315+0000] {processor.py:208} INFO - Processing /opt/airflow/dags/permission_fixer_dag.py took 0.062 seconds
[2025-05-01T22:15:28.514+0000] {processor.py:186} INFO - Started process (PID=75) to work on /opt/airflow/dags/permission_fixer_dag.py
[2025-05-01T22:15:28.515+0000] {processor.py:914} INFO - Processing file /opt/airflow/dags/permission_fixer_dag.py for tasks to queue
[2025-05-01T22:15:28.516+0000] {logging_mixin.py:190} INFO - [2025-05-01T22:15:28.516+0000] {dagbag.py:588} INFO - Filling up the DagBag from /opt/airflow/dags/permission_fixer_dag.py
[2025-05-01T22:15:28.544+0000] {processor.py:925} INFO - DAG(s) 'fix_permissions_dag' retrieved from /opt/airflow/dags/permission_fixer_dag.py
[2025-05-01T22:15:28.566+0000] {logging_mixin.py:190} INFO - [2025-05-01T22:15:28.566+0000] {dag.py:3239} INFO - Sync 1 DAGs
[2025-05-01T22:15:28.586+0000] {logging_mixin.py:190} INFO - [2025-05-01T22:15:28.586+0000] {dag.py:4180} INFO - Setting next_dagrun for fix_permissions_dag to 2025-05-01 22:00:00+00:00, run_after=2025-05-01 23:00:00+00:00
[2025-05-01T22:15:28.600+0000] {processor.py:208} INFO - Processing /opt/airflow/dags/permission_fixer_dag.py took 0.089 seconds
[2025-05-01T22:15:58.720+0000] {processor.py:186} INFO - Started process (PID=77) to work on /opt/airflow/dags/permission_fixer_dag.py
[2025-05-01T22:15:58.720+0000] {processor.py:914} INFO - Processing file /opt/airflow/dags/permission_fixer_dag.py for tasks to queue
[2025-05-01T22:15:58.721+0000] {logging_mixin.py:190} INFO - [2025-05-01T22:15:58.721+0000] {dagbag.py:588} INFO - Filling up the DagBag from /opt/airflow/dags/permission_fixer_dag.py
[2025-05-01T22:15:58.727+0000] {processor.py:925} INFO - DAG(s) 'fix_permissions_dag' retrieved from /opt/airflow/dags/permission_fixer_dag.py
[2025-05-01T22:15:58.742+0000] {logging_mixin.py:190} INFO - [2025-05-01T22:15:58.741+0000] {dag.py:3239} INFO - Sync 1 DAGs
[2025-05-01T22:15:58.754+0000] {logging_mixin.py:190} INFO - [2025-05-01T22:15:58.753+0000] {dag.py:4180} INFO - Setting next_dagrun for fix_permissions_dag to 2025-05-01 22:00:00+00:00, run_after=2025-05-01 23:00:00+00:00
[2025-05-01T22:15:58.762+0000] {processor.py:208} INFO - Processing /opt/airflow/dags/permission_fixer_dag.py took 0.046 seconds
[2025-05-01T22:16:28.879+0000] {processor.py:186} INFO - Started process (PID=79) to work on /opt/airflow/dags/permission_fixer_dag.py
[2025-05-01T22:16:28.879+0000] {processor.py:914} INFO - Processing file /opt/airflow/dags/permission_fixer_dag.py for tasks to queue
[2025-05-01T22:16:28.880+0000] {logging_mixin.py:190} INFO - [2025-05-01T22:16:28.880+0000] {dagbag.py:588} INFO - Filling up the DagBag from /opt/airflow/dags/permission_fixer_dag.py
[2025-05-01T22:16:28.888+0000] {processor.py:925} INFO - DAG(s) 'fix_permissions_dag' retrieved from /opt/airflow/dags/permission_fixer_dag.py
[2025-05-01T22:16:28.903+0000] {logging_mixin.py:190} INFO - [2025-05-01T22:16:28.903+0000] {dag.py:3239} INFO - Sync 1 DAGs
[2025-05-01T22:16:28.914+0000] {logging_mixin.py:190} INFO - [2025-05-01T22:16:28.914+0000] {dag.py:4180} INFO - Setting next_dagrun for fix_permissions_dag to 2025-05-01 22:00:00+00:00, run_after=2025-05-01 23:00:00+00:00
[2025-05-01T22:16:28.921+0000] {processor.py:208} INFO - Processing /opt/airflow/dags/permission_fixer_dag.py took 0.047 seconds
[2025-05-01T22:16:59.029+0000] {processor.py:186} INFO - Started process (PID=81) to work on /opt/airflow/dags/permission_fixer_dag.py
[2025-05-01T22:16:59.030+0000] {processor.py:914} INFO - Processing file /opt/airflow/dags/permission_fixer_dag.py for tasks to queue
[2025-05-01T22:16:59.030+0000] {logging_mixin.py:190} INFO - [2025-05-01T22:16:59.030+0000] {dagbag.py:588} INFO - Filling up the DagBag from /opt/airflow/dags/permission_fixer_dag.py
[2025-05-01T22:16:59.037+0000] {processor.py:925} INFO - DAG(s) 'fix_permissions_dag' retrieved from /opt/airflow/dags/permission_fixer_dag.py
[2025-05-01T22:16:59.051+0000] {logging_mixin.py:190} INFO - [2025-05-01T22:16:59.051+0000] {dag.py:3239} INFO - Sync 1 DAGs
[2025-05-01T22:16:59.062+0000] {logging_mixin.py:190} INFO - [2025-05-01T22:16:59.062+0000] {dag.py:4180} INFO - Setting next_dagrun for fix_permissions_dag to 2025-05-01 22:00:00+00:00, run_after=2025-05-01 23:00:00+00:00
[2025-05-01T22:16:59.069+0000] {processor.py:208} INFO - Processing /opt/airflow/dags/permission_fixer_dag.py took 0.043 seconds
[2025-05-01T22:17:29.184+0000] {processor.py:186} INFO - Started process (PID=83) to work on /opt/airflow/dags/permission_fixer_dag.py
[2025-05-01T22:17:29.184+0000] {processor.py:914} INFO - Processing file /opt/airflow/dags/permission_fixer_dag.py for tasks to queue
[2025-05-01T22:17:29.185+0000] {logging_mixin.py:190} INFO - [2025-05-01T22:17:29.185+0000] {dagbag.py:588} INFO - Filling up the DagBag from /opt/airflow/dags/permission_fixer_dag.py
[2025-05-01T22:17:29.192+0000] {processor.py:925} INFO - DAG(s) 'fix_permissions_dag' retrieved from /opt/airflow/dags/permission_fixer_dag.py
[2025-05-01T22:17:29.206+0000] {logging_mixin.py:190} INFO - [2025-05-01T22:17:29.206+0000] {dag.py:3239} INFO - Sync 1 DAGs
[2025-05-01T22:17:29.217+0000] {logging_mixin.py:190} INFO - [2025-05-01T22:17:29.217+0000] {dag.py:4180} INFO - Setting next_dagrun for fix_permissions_dag to 2025-05-01 22:00:00+00:00, run_after=2025-05-01 23:00:00+00:00
[2025-05-01T22:17:29.226+0000] {processor.py:208} INFO - Processing /opt/airflow/dags/permission_fixer_dag.py took 0.045 seconds
[2025-05-01T22:17:59.338+0000] {processor.py:186} INFO - Started process (PID=85) to work on /opt/airflow/dags/permission_fixer_dag.py
[2025-05-01T22:17:59.338+0000] {processor.py:914} INFO - Processing file /opt/airflow/dags/permission_fixer_dag.py for tasks to queue
[2025-05-01T22:17:59.339+0000] {logging_mixin.py:190} INFO - [2025-05-01T22:17:59.338+0000] {dagbag.py:588} INFO - Filling up the DagBag from /opt/airflow/dags/permission_fixer_dag.py
[2025-05-01T22:17:59.344+0000] {processor.py:925} INFO - DAG(s) 'fix_permissions_dag' retrieved from /opt/airflow/dags/permission_fixer_dag.py
[2025-05-01T22:17:59.358+0000] {logging_mixin.py:190} INFO - [2025-05-01T22:17:59.358+0000] {dag.py:3239} INFO - Sync 1 DAGs
[2025-05-01T22:17:59.370+0000] {logging_mixin.py:190} INFO - [2025-05-01T22:17:59.370+0000] {dag.py:4180} INFO - Setting next_dagrun for fix_permissions_dag to 2025-05-01 22:00:00+00:00, run_after=2025-05-01 23:00:00+00:00
[2025-05-01T22:17:59.379+0000] {processor.py:208} INFO - Processing /opt/airflow/dags/permission_fixer_dag.py took 0.045 seconds
[2025-05-01T22:18:29.497+0000] {processor.py:186} INFO - Started process (PID=87) to work on /opt/airflow/dags/permission_fixer_dag.py
[2025-05-01T22:18:29.498+0000] {processor.py:914} INFO - Processing file /opt/airflow/dags/permission_fixer_dag.py for tasks to queue
[2025-05-01T22:18:29.499+0000] {logging_mixin.py:190} INFO - [2025-05-01T22:18:29.498+0000] {dagbag.py:588} INFO - Filling up the DagBag from /opt/airflow/dags/permission_fixer_dag.py
[2025-05-01T22:18:29.504+0000] {processor.py:925} INFO - DAG(s) 'fix_permissions_dag' retrieved from /opt/airflow/dags/permission_fixer_dag.py
[2025-05-01T22:18:29.518+0000] {logging_mixin.py:190} INFO - [2025-05-01T22:18:29.518+0000] {dag.py:3239} INFO - Sync 1 DAGs
[2025-05-01T22:18:29.529+0000] {logging_mixin.py:190} INFO - [2025-05-01T22:18:29.529+0000] {dag.py:4180} INFO - Setting next_dagrun for fix_permissions_dag to 2025-05-01 22:00:00+00:00, run_after=2025-05-01 23:00:00+00:00
[2025-05-01T22:18:29.537+0000] {processor.py:208} INFO - Processing /opt/airflow/dags/permission_fixer_dag.py took 0.043 seconds
[2025-05-01T22:18:59.652+0000] {processor.py:186} INFO - Started process (PID=89) to work on /opt/airflow/dags/permission_fixer_dag.py
[2025-05-01T22:18:59.652+0000] {processor.py:914} INFO - Processing file /opt/airflow/dags/permission_fixer_dag.py for tasks to queue
[2025-05-01T22:18:59.653+0000] {logging_mixin.py:190} INFO - [2025-05-01T22:18:59.652+0000] {dagbag.py:588} INFO - Filling up the DagBag from /opt/airflow/dags/permission_fixer_dag.py
[2025-05-01T22:18:59.658+0000] {processor.py:925} INFO - DAG(s) 'fix_permissions_dag' retrieved from /opt/airflow/dags/permission_fixer_dag.py
[2025-05-01T22:18:59.673+0000] {logging_mixin.py:190} INFO - [2025-05-01T22:18:59.673+0000] {dag.py:3239} INFO - Sync 1 DAGs
[2025-05-01T22:18:59.684+0000] {logging_mixin.py:190} INFO - [2025-05-01T22:18:59.684+0000] {dag.py:4180} INFO - Setting next_dagrun for fix_permissions_dag to 2025-05-01 22:00:00+00:00, run_after=2025-05-01 23:00:00+00:00
[2025-05-01T22:18:59.692+0000] {processor.py:208} INFO - Processing /opt/airflow/dags/permission_fixer_dag.py took 0.044 seconds
[2025-05-01T22:19:29.806+0000] {processor.py:186} INFO - Started process (PID=91) to work on /opt/airflow/dags/permission_fixer_dag.py
[2025-05-01T22:19:29.806+0000] {processor.py:914} INFO - Processing file /opt/airflow/dags/permission_fixer_dag.py for tasks to queue
[2025-05-01T22:19:29.807+0000] {logging_mixin.py:190} INFO - [2025-05-01T22:19:29.806+0000] {dagbag.py:588} INFO - Filling up the DagBag from /opt/airflow/dags/permission_fixer_dag.py
[2025-05-01T22:19:29.813+0000] {processor.py:925} INFO - DAG(s) 'fix_permissions_dag' retrieved from /opt/airflow/dags/permission_fixer_dag.py
[2025-05-01T22:19:29.827+0000] {logging_mixin.py:190} INFO - [2025-05-01T22:19:29.827+0000] {dag.py:3239} INFO - Sync 1 DAGs
[2025-05-01T22:19:29.838+0000] {logging_mixin.py:190} INFO - [2025-05-01T22:19:29.838+0000] {dag.py:4180} INFO - Setting next_dagrun for fix_permissions_dag to 2025-05-01 22:00:00+00:00, run_after=2025-05-01 23:00:00+00:00
[2025-05-01T22:19:29.846+0000] {processor.py:208} INFO - Processing /opt/airflow/dags/permission_fixer_dag.py took 0.043 seconds
[2025-05-01T22:19:59.965+0000] {processor.py:186} INFO - Started process (PID=93) to work on /opt/airflow/dags/permission_fixer_dag.py
[2025-05-01T22:19:59.965+0000] {processor.py:914} INFO - Processing file /opt/airflow/dags/permission_fixer_dag.py for tasks to queue
[2025-05-01T22:19:59.966+0000] {logging_mixin.py:190} INFO - [2025-05-01T22:19:59.965+0000] {dagbag.py:588} INFO - Filling up the DagBag from /opt/airflow/dags/permission_fixer_dag.py
[2025-05-01T22:19:59.972+0000] {processor.py:925} INFO - DAG(s) 'fix_permissions_dag' retrieved from /opt/airflow/dags/permission_fixer_dag.py
[2025-05-01T22:19:59.984+0000] {logging_mixin.py:190} INFO - [2025-05-01T22:19:59.984+0000] {dag.py:3239} INFO - Sync 1 DAGs
[2025-05-01T22:19:59.994+0000] {logging_mixin.py:190} INFO - [2025-05-01T22:19:59.994+0000] {dag.py:4180} INFO - Setting next_dagrun for fix_permissions_dag to 2025-05-01 22:00:00+00:00, run_after=2025-05-01 23:00:00+00:00
[2025-05-01T22:20:00.001+0000] {processor.py:208} INFO - Processing /opt/airflow/dags/permission_fixer_dag.py took 0.040 seconds
[2025-05-01T22:20:30.123+0000] {processor.py:186} INFO - Started process (PID=95) to work on /opt/airflow/dags/permission_fixer_dag.py
[2025-05-01T22:20:30.123+0000] {processor.py:914} INFO - Processing file /opt/airflow/dags/permission_fixer_dag.py for tasks to queue
[2025-05-01T22:20:30.124+0000] {logging_mixin.py:190} INFO - [2025-05-01T22:20:30.124+0000] {dagbag.py:588} INFO - Filling up the DagBag from /opt/airflow/dags/permission_fixer_dag.py
[2025-05-01T22:20:30.130+0000] {processor.py:925} INFO - DAG(s) 'fix_permissions_dag' retrieved from /opt/airflow/dags/permission_fixer_dag.py
[2025-05-01T22:20:30.142+0000] {logging_mixin.py:190} INFO - [2025-05-01T22:20:30.142+0000] {dag.py:3239} INFO - Sync 1 DAGs
[2025-05-01T22:20:30.154+0000] {logging_mixin.py:190} INFO - [2025-05-01T22:20:30.154+0000] {dag.py:4180} INFO - Setting next_dagrun for fix_permissions_dag to 2025-05-01 22:00:00+00:00, run_after=2025-05-01 23:00:00+00:00
[2025-05-01T22:20:30.162+0000] {processor.py:208} INFO - Processing /opt/airflow/dags/permission_fixer_dag.py took 0.043 seconds
[2025-05-01T22:21:00.265+0000] {processor.py:186} INFO - Started process (PID=97) to work on /opt/airflow/dags/permission_fixer_dag.py
[2025-05-01T22:21:00.265+0000] {processor.py:914} INFO - Processing file /opt/airflow/dags/permission_fixer_dag.py for tasks to queue
[2025-05-01T22:21:00.265+0000] {logging_mixin.py:190} INFO - [2025-05-01T22:21:00.265+0000] {dagbag.py:588} INFO - Filling up the DagBag from /opt/airflow/dags/permission_fixer_dag.py
[2025-05-01T22:21:00.272+0000] {processor.py:925} INFO - DAG(s) 'fix_permissions_dag' retrieved from /opt/airflow/dags/permission_fixer_dag.py
[2025-05-01T22:21:00.285+0000] {logging_mixin.py:190} INFO - [2025-05-01T22:21:00.285+0000] {dag.py:3239} INFO - Sync 1 DAGs
[2025-05-01T22:21:00.297+0000] {logging_mixin.py:190} INFO - [2025-05-01T22:21:00.297+0000] {dag.py:4180} INFO - Setting next_dagrun for fix_permissions_dag to 2025-05-01 22:00:00+00:00, run_after=2025-05-01 23:00:00+00:00
[2025-05-01T22:21:00.304+0000] {processor.py:208} INFO - Processing /opt/airflow/dags/permission_fixer_dag.py took 0.042 seconds
[2025-05-01T22:21:30.414+0000] {processor.py:186} INFO - Started process (PID=99) to work on /opt/airflow/dags/permission_fixer_dag.py
[2025-05-01T22:21:30.415+0000] {processor.py:914} INFO - Processing file /opt/airflow/dags/permission_fixer_dag.py for tasks to queue
[2025-05-01T22:21:30.415+0000] {logging_mixin.py:190} INFO - [2025-05-01T22:21:30.415+0000] {dagbag.py:588} INFO - Filling up the DagBag from /opt/airflow/dags/permission_fixer_dag.py
[2025-05-01T22:21:30.421+0000] {processor.py:925} INFO - DAG(s) 'fix_permissions_dag' retrieved from /opt/airflow/dags/permission_fixer_dag.py
[2025-05-01T22:21:30.433+0000] {logging_mixin.py:190} INFO - [2025-05-01T22:21:30.433+0000] {dag.py:3239} INFO - Sync 1 DAGs
[2025-05-01T22:21:30.444+0000] {logging_mixin.py:190} INFO - [2025-05-01T22:21:30.444+0000] {dag.py:4180} INFO - Setting next_dagrun for fix_permissions_dag to 2025-05-01 22:00:00+00:00, run_after=2025-05-01 23:00:00+00:00
[2025-05-01T22:21:30.453+0000] {processor.py:208} INFO - Processing /opt/airflow/dags/permission_fixer_dag.py took 0.042 seconds
[2025-05-01T22:22:00.558+0000] {processor.py:186} INFO - Started process (PID=101) to work on /opt/airflow/dags/permission_fixer_dag.py
[2025-05-01T22:22:00.559+0000] {processor.py:914} INFO - Processing file /opt/airflow/dags/permission_fixer_dag.py for tasks to queue
[2025-05-01T22:22:00.559+0000] {logging_mixin.py:190} INFO - [2025-05-01T22:22:00.559+0000] {dagbag.py:588} INFO - Filling up the DagBag from /opt/airflow/dags/permission_fixer_dag.py
[2025-05-01T22:22:00.565+0000] {processor.py:925} INFO - DAG(s) 'fix_permissions_dag' retrieved from /opt/airflow/dags/permission_fixer_dag.py
[2025-05-01T22:22:00.577+0000] {logging_mixin.py:190} INFO - [2025-05-01T22:22:00.577+0000] {dag.py:3239} INFO - Sync 1 DAGs
[2025-05-01T22:22:00.588+0000] {logging_mixin.py:190} INFO - [2025-05-01T22:22:00.588+0000] {dag.py:4180} INFO - Setting next_dagrun for fix_permissions_dag to 2025-05-01 22:00:00+00:00, run_after=2025-05-01 23:00:00+00:00
[2025-05-01T22:22:00.595+0000] {processor.py:208} INFO - Processing /opt/airflow/dags/permission_fixer_dag.py took 0.040 seconds
[2025-05-01T22:22:30.705+0000] {processor.py:186} INFO - Started process (PID=103) to work on /opt/airflow/dags/permission_fixer_dag.py
[2025-05-01T22:22:30.706+0000] {processor.py:914} INFO - Processing file /opt/airflow/dags/permission_fixer_dag.py for tasks to queue
[2025-05-01T22:22:30.706+0000] {logging_mixin.py:190} INFO - [2025-05-01T22:22:30.706+0000] {dagbag.py:588} INFO - Filling up the DagBag from /opt/airflow/dags/permission_fixer_dag.py
[2025-05-01T22:22:30.712+0000] {processor.py:925} INFO - DAG(s) 'fix_permissions_dag' retrieved from /opt/airflow/dags/permission_fixer_dag.py
[2025-05-01T22:22:30.725+0000] {logging_mixin.py:190} INFO - [2025-05-01T22:22:30.725+0000] {dag.py:3239} INFO - Sync 1 DAGs
[2025-05-01T22:22:30.736+0000] {logging_mixin.py:190} INFO - [2025-05-01T22:22:30.736+0000] {dag.py:4180} INFO - Setting next_dagrun for fix_permissions_dag to 2025-05-01 22:00:00+00:00, run_after=2025-05-01 23:00:00+00:00
[2025-05-01T22:22:30.744+0000] {processor.py:208} INFO - Processing /opt/airflow/dags/permission_fixer_dag.py took 0.043 seconds
[2025-05-01T22:23:00.854+0000] {processor.py:186} INFO - Started process (PID=105) to work on /opt/airflow/dags/permission_fixer_dag.py
[2025-05-01T22:23:00.854+0000] {processor.py:914} INFO - Processing file /opt/airflow/dags/permission_fixer_dag.py for tasks to queue
[2025-05-01T22:23:00.855+0000] {logging_mixin.py:190} INFO - [2025-05-01T22:23:00.854+0000] {dagbag.py:588} INFO - Filling up the DagBag from /opt/airflow/dags/permission_fixer_dag.py
[2025-05-01T22:23:00.860+0000] {processor.py:925} INFO - DAG(s) 'fix_permissions_dag' retrieved from /opt/airflow/dags/permission_fixer_dag.py
[2025-05-01T22:23:00.874+0000] {logging_mixin.py:190} INFO - [2025-05-01T22:23:00.874+0000] {dag.py:3239} INFO - Sync 1 DAGs
[2025-05-01T22:23:00.884+0000] {logging_mixin.py:190} INFO - [2025-05-01T22:23:00.884+0000] {dag.py:4180} INFO - Setting next_dagrun for fix_permissions_dag to 2025-05-01 22:00:00+00:00, run_after=2025-05-01 23:00:00+00:00
[2025-05-01T22:23:00.893+0000] {processor.py:208} INFO - Processing /opt/airflow/dags/permission_fixer_dag.py took 0.042 seconds
[2025-05-01T22:23:31.008+0000] {processor.py:186} INFO - Started process (PID=107) to work on /opt/airflow/dags/permission_fixer_dag.py
[2025-05-01T22:23:31.009+0000] {processor.py:914} INFO - Processing file /opt/airflow/dags/permission_fixer_dag.py for tasks to queue
[2025-05-01T22:23:31.010+0000] {logging_mixin.py:190} INFO - [2025-05-01T22:23:31.009+0000] {dagbag.py:588} INFO - Filling up the DagBag from /opt/airflow/dags/permission_fixer_dag.py
[2025-05-01T22:23:31.015+0000] {processor.py:925} INFO - DAG(s) 'fix_permissions_dag' retrieved from /opt/airflow/dags/permission_fixer_dag.py
[2025-05-01T22:23:31.026+0000] {logging_mixin.py:190} INFO - [2025-05-01T22:23:31.026+0000] {dag.py:3239} INFO - Sync 1 DAGs
[2025-05-01T22:23:31.038+0000] {logging_mixin.py:190} INFO - [2025-05-01T22:23:31.037+0000] {dag.py:4180} INFO - Setting next_dagrun for fix_permissions_dag to 2025-05-01 22:00:00+00:00, run_after=2025-05-01 23:00:00+00:00
[2025-05-01T22:23:31.046+0000] {processor.py:208} INFO - Processing /opt/airflow/dags/permission_fixer_dag.py took 0.040 seconds
[2025-05-01T22:24:01.148+0000] {processor.py:186} INFO - Started process (PID=109) to work on /opt/airflow/dags/permission_fixer_dag.py
[2025-05-01T22:24:01.148+0000] {processor.py:914} INFO - Processing file /opt/airflow/dags/permission_fixer_dag.py for tasks to queue
[2025-05-01T22:24:01.149+0000] {logging_mixin.py:190} INFO - [2025-05-01T22:24:01.148+0000] {dagbag.py:588} INFO - Filling up the DagBag from /opt/airflow/dags/permission_fixer_dag.py
[2025-05-01T22:24:01.154+0000] {processor.py:925} INFO - DAG(s) 'fix_permissions_dag' retrieved from /opt/airflow/dags/permission_fixer_dag.py
[2025-05-01T22:24:01.169+0000] {logging_mixin.py:190} INFO - [2025-05-01T22:24:01.168+0000] {dag.py:3239} INFO - Sync 1 DAGs
[2025-05-01T22:24:01.179+0000] {logging_mixin.py:190} INFO - [2025-05-01T22:24:01.179+0000] {dag.py:4180} INFO - Setting next_dagrun for fix_permissions_dag to 2025-05-01 22:00:00+00:00, run_after=2025-05-01 23:00:00+00:00
[2025-05-01T22:24:01.188+0000] {processor.py:208} INFO - Processing /opt/airflow/dags/permission_fixer_dag.py took 0.043 seconds
[2025-05-01T22:24:31.290+0000] {processor.py:186} INFO - Started process (PID=111) to work on /opt/airflow/dags/permission_fixer_dag.py
[2025-05-01T22:24:31.291+0000] {processor.py:914} INFO - Processing file /opt/airflow/dags/permission_fixer_dag.py for tasks to queue
[2025-05-01T22:24:31.291+0000] {logging_mixin.py:190} INFO - [2025-05-01T22:24:31.291+0000] {dagbag.py:588} INFO - Filling up the DagBag from /opt/airflow/dags/permission_fixer_dag.py
[2025-05-01T22:24:31.297+0000] {processor.py:925} INFO - DAG(s) 'fix_permissions_dag' retrieved from /opt/airflow/dags/permission_fixer_dag.py
[2025-05-01T22:24:31.312+0000] {logging_mixin.py:190} INFO - [2025-05-01T22:24:31.311+0000] {dag.py:3239} INFO - Sync 1 DAGs
[2025-05-01T22:24:31.322+0000] {logging_mixin.py:190} INFO - [2025-05-01T22:24:31.322+0000] {dag.py:4180} INFO - Setting next_dagrun for fix_permissions_dag to 2025-05-01 22:00:00+00:00, run_after=2025-05-01 23:00:00+00:00
[2025-05-01T22:24:31.331+0000] {processor.py:208} INFO - Processing /opt/airflow/dags/permission_fixer_dag.py took 0.044 seconds
[2025-05-01T22:25:01.447+0000] {processor.py:186} INFO - Started process (PID=113) to work on /opt/airflow/dags/permission_fixer_dag.py
[2025-05-01T22:25:01.448+0000] {processor.py:914} INFO - Processing file /opt/airflow/dags/permission_fixer_dag.py for tasks to queue
[2025-05-01T22:25:01.448+0000] {logging_mixin.py:190} INFO - [2025-05-01T22:25:01.448+0000] {dagbag.py:588} INFO - Filling up the DagBag from /opt/airflow/dags/permission_fixer_dag.py
[2025-05-01T22:25:01.455+0000] {processor.py:925} INFO - DAG(s) 'fix_permissions_dag' retrieved from /opt/airflow/dags/permission_fixer_dag.py
[2025-05-01T22:25:01.469+0000] {logging_mixin.py:190} INFO - [2025-05-01T22:25:01.469+0000] {dag.py:3239} INFO - Sync 1 DAGs
[2025-05-01T22:25:01.480+0000] {logging_mixin.py:190} INFO - [2025-05-01T22:25:01.480+0000] {dag.py:4180} INFO - Setting next_dagrun for fix_permissions_dag to 2025-05-01 22:00:00+00:00, run_after=2025-05-01 23:00:00+00:00
[2025-05-01T22:25:01.487+0000] {processor.py:208} INFO - Processing /opt/airflow/dags/permission_fixer_dag.py took 0.044 seconds
[2025-05-01T22:25:31.621+0000] {processor.py:186} INFO - Started process (PID=115) to work on /opt/airflow/dags/permission_fixer_dag.py
[2025-05-01T22:25:31.621+0000] {processor.py:914} INFO - Processing file /opt/airflow/dags/permission_fixer_dag.py for tasks to queue
[2025-05-01T22:25:31.622+0000] {logging_mixin.py:190} INFO - [2025-05-01T22:25:31.622+0000] {dagbag.py:588} INFO - Filling up the DagBag from /opt/airflow/dags/permission_fixer_dag.py
[2025-05-01T22:25:31.628+0000] {processor.py:925} INFO - DAG(s) 'fix_permissions_dag' retrieved from /opt/airflow/dags/permission_fixer_dag.py
[2025-05-01T22:25:31.641+0000] {logging_mixin.py:190} INFO - [2025-05-01T22:25:31.641+0000] {dag.py:3239} INFO - Sync 1 DAGs
[2025-05-01T22:25:31.650+0000] {logging_mixin.py:190} INFO - [2025-05-01T22:25:31.650+0000] {dag.py:4180} INFO - Setting next_dagrun for fix_permissions_dag to 2025-05-01 22:00:00+00:00, run_after=2025-05-01 23:00:00+00:00
[2025-05-01T22:25:31.657+0000] {processor.py:208} INFO - Processing /opt/airflow/dags/permission_fixer_dag.py took 0.040 seconds
[2025-05-01T22:26:01.785+0000] {processor.py:186} INFO - Started process (PID=117) to work on /opt/airflow/dags/permission_fixer_dag.py
[2025-05-01T22:26:01.786+0000] {processor.py:914} INFO - Processing file /opt/airflow/dags/permission_fixer_dag.py for tasks to queue
[2025-05-01T22:26:01.786+0000] {logging_mixin.py:190} INFO - [2025-05-01T22:26:01.786+0000] {dagbag.py:588} INFO - Filling up the DagBag from /opt/airflow/dags/permission_fixer_dag.py
[2025-05-01T22:26:01.792+0000] {processor.py:925} INFO - DAG(s) 'fix_permissions_dag' retrieved from /opt/airflow/dags/permission_fixer_dag.py
[2025-05-01T22:26:01.804+0000] {logging_mixin.py:190} INFO - [2025-05-01T22:26:01.804+0000] {dag.py:3239} INFO - Sync 1 DAGs
[2025-05-01T22:26:01.814+0000] {logging_mixin.py:190} INFO - [2025-05-01T22:26:01.814+0000] {dag.py:4180} INFO - Setting next_dagrun for fix_permissions_dag to 2025-05-01 22:00:00+00:00, run_after=2025-05-01 23:00:00+00:00
[2025-05-01T22:26:01.822+0000] {processor.py:208} INFO - Processing /opt/airflow/dags/permission_fixer_dag.py took 0.040 seconds
[2025-05-01T22:26:31.942+0000] {processor.py:186} INFO - Started process (PID=119) to work on /opt/airflow/dags/permission_fixer_dag.py
[2025-05-01T22:26:31.942+0000] {processor.py:914} INFO - Processing file /opt/airflow/dags/permission_fixer_dag.py for tasks to queue
[2025-05-01T22:26:31.944+0000] {logging_mixin.py:190} INFO - [2025-05-01T22:26:31.943+0000] {dagbag.py:588} INFO - Filling up the DagBag from /opt/airflow/dags/permission_fixer_dag.py
[2025-05-01T22:26:31.950+0000] {processor.py:925} INFO - DAG(s) 'fix_permissions_dag' retrieved from /opt/airflow/dags/permission_fixer_dag.py
[2025-05-01T22:26:31.963+0000] {logging_mixin.py:190} INFO - [2025-05-01T22:26:31.963+0000] {dag.py:3239} INFO - Sync 1 DAGs
[2025-05-01T22:26:31.974+0000] {logging_mixin.py:190} INFO - [2025-05-01T22:26:31.974+0000] {dag.py:4180} INFO - Setting next_dagrun for fix_permissions_dag to 2025-05-01 22:00:00+00:00, run_after=2025-05-01 23:00:00+00:00
[2025-05-01T22:26:31.983+0000] {processor.py:208} INFO - Processing /opt/airflow/dags/permission_fixer_dag.py took 0.046 seconds
[2025-05-01T22:27:02.103+0000] {processor.py:186} INFO - Started process (PID=121) to work on /opt/airflow/dags/permission_fixer_dag.py
[2025-05-01T22:27:02.104+0000] {processor.py:914} INFO - Processing file /opt/airflow/dags/permission_fixer_dag.py for tasks to queue
[2025-05-01T22:27:02.104+0000] {logging_mixin.py:190} INFO - [2025-05-01T22:27:02.104+0000] {dagbag.py:588} INFO - Filling up the DagBag from /opt/airflow/dags/permission_fixer_dag.py
[2025-05-01T22:27:02.110+0000] {processor.py:925} INFO - DAG(s) 'fix_permissions_dag' retrieved from /opt/airflow/dags/permission_fixer_dag.py
[2025-05-01T22:27:02.122+0000] {logging_mixin.py:190} INFO - [2025-05-01T22:27:02.122+0000] {dag.py:3239} INFO - Sync 1 DAGs
[2025-05-01T22:27:02.132+0000] {logging_mixin.py:190} INFO - [2025-05-01T22:27:02.132+0000] {dag.py:4180} INFO - Setting next_dagrun for fix_permissions_dag to 2025-05-01 22:00:00+00:00, run_after=2025-05-01 23:00:00+00:00
[2025-05-01T22:27:02.139+0000] {processor.py:208} INFO - Processing /opt/airflow/dags/permission_fixer_dag.py took 0.039 seconds
[2025-05-01T22:27:32.261+0000] {processor.py:186} INFO - Started process (PID=123) to work on /opt/airflow/dags/permission_fixer_dag.py
[2025-05-01T22:27:32.262+0000] {processor.py:914} INFO - Processing file /opt/airflow/dags/permission_fixer_dag.py for tasks to queue
[2025-05-01T22:27:32.262+0000] {logging_mixin.py:190} INFO - [2025-05-01T22:27:32.262+0000] {dagbag.py:588} INFO - Filling up the DagBag from /opt/airflow/dags/permission_fixer_dag.py
[2025-05-01T22:27:32.268+0000] {processor.py:925} INFO - DAG(s) 'fix_permissions_dag' retrieved from /opt/airflow/dags/permission_fixer_dag.py
[2025-05-01T22:27:32.281+0000] {logging_mixin.py:190} INFO - [2025-05-01T22:27:32.281+0000] {dag.py:3239} INFO - Sync 1 DAGs
[2025-05-01T22:27:32.292+0000] {logging_mixin.py:190} INFO - [2025-05-01T22:27:32.292+0000] {dag.py:4180} INFO - Setting next_dagrun for fix_permissions_dag to 2025-05-01 22:00:00+00:00, run_after=2025-05-01 23:00:00+00:00
[2025-05-01T22:27:32.301+0000] {processor.py:208} INFO - Processing /opt/airflow/dags/permission_fixer_dag.py took 0.042 seconds
[2025-05-01T22:28:02.447+0000] {processor.py:186} INFO - Started process (PID=124) to work on /opt/airflow/dags/permission_fixer_dag.py
[2025-05-01T22:28:02.447+0000] {processor.py:914} INFO - Processing file /opt/airflow/dags/permission_fixer_dag.py for tasks to queue
[2025-05-01T22:28:02.448+0000] {logging_mixin.py:190} INFO - [2025-05-01T22:28:02.448+0000] {dagbag.py:588} INFO - Filling up the DagBag from /opt/airflow/dags/permission_fixer_dag.py
[2025-05-01T22:28:02.455+0000] {processor.py:925} INFO - DAG(s) 'fix_permissions_dag' retrieved from /opt/airflow/dags/permission_fixer_dag.py
[2025-05-01T22:28:02.468+0000] {logging_mixin.py:190} INFO - [2025-05-01T22:28:02.468+0000] {dag.py:3239} INFO - Sync 1 DAGs
[2025-05-01T22:28:02.477+0000] {logging_mixin.py:190} INFO - [2025-05-01T22:28:02.477+0000] {dag.py:4180} INFO - Setting next_dagrun for fix_permissions_dag to 2025-05-01 22:00:00+00:00, run_after=2025-05-01 23:00:00+00:00
[2025-05-01T22:28:02.484+0000] {processor.py:208} INFO - Processing /opt/airflow/dags/permission_fixer_dag.py took 0.041 seconds
[2025-05-01T22:28:32.630+0000] {processor.py:186} INFO - Started process (PID=126) to work on /opt/airflow/dags/permission_fixer_dag.py
[2025-05-01T22:28:32.631+0000] {processor.py:914} INFO - Processing file /opt/airflow/dags/permission_fixer_dag.py for tasks to queue
[2025-05-01T22:28:32.631+0000] {logging_mixin.py:190} INFO - [2025-05-01T22:28:32.631+0000] {dagbag.py:588} INFO - Filling up the DagBag from /opt/airflow/dags/permission_fixer_dag.py
[2025-05-01T22:28:32.637+0000] {processor.py:925} INFO - DAG(s) 'fix_permissions_dag' retrieved from /opt/airflow/dags/permission_fixer_dag.py
[2025-05-01T22:28:32.649+0000] {logging_mixin.py:190} INFO - [2025-05-01T22:28:32.649+0000] {dag.py:3239} INFO - Sync 1 DAGs
[2025-05-01T22:28:32.659+0000] {logging_mixin.py:190} INFO - [2025-05-01T22:28:32.659+0000] {dag.py:4180} INFO - Setting next_dagrun for fix_permissions_dag to 2025-05-01 22:00:00+00:00, run_after=2025-05-01 23:00:00+00:00
[2025-05-01T22:28:32.665+0000] {processor.py:208} INFO - Processing /opt/airflow/dags/permission_fixer_dag.py took 0.038 seconds
[2025-05-01T22:29:02.826+0000] {processor.py:186} INFO - Started process (PID=128) to work on /opt/airflow/dags/permission_fixer_dag.py
[2025-05-01T22:29:02.827+0000] {processor.py:914} INFO - Processing file /opt/airflow/dags/permission_fixer_dag.py for tasks to queue
[2025-05-01T22:29:02.827+0000] {logging_mixin.py:190} INFO - [2025-05-01T22:29:02.827+0000] {dagbag.py:588} INFO - Filling up the DagBag from /opt/airflow/dags/permission_fixer_dag.py
[2025-05-01T22:29:02.833+0000] {processor.py:925} INFO - DAG(s) 'fix_permissions_dag' retrieved from /opt/airflow/dags/permission_fixer_dag.py
[2025-05-01T22:29:02.846+0000] {logging_mixin.py:190} INFO - [2025-05-01T22:29:02.846+0000] {dag.py:3239} INFO - Sync 1 DAGs
[2025-05-01T22:29:02.856+0000] {logging_mixin.py:190} INFO - [2025-05-01T22:29:02.856+0000] {dag.py:4180} INFO - Setting next_dagrun for fix_permissions_dag to 2025-05-01 22:00:00+00:00, run_after=2025-05-01 23:00:00+00:00
[2025-05-01T22:29:02.863+0000] {processor.py:208} INFO - Processing /opt/airflow/dags/permission_fixer_dag.py took 0.040 seconds
[2025-05-01T22:29:33.003+0000] {processor.py:186} INFO - Started process (PID=130) to work on /opt/airflow/dags/permission_fixer_dag.py
[2025-05-01T22:29:33.004+0000] {processor.py:914} INFO - Processing file /opt/airflow/dags/permission_fixer_dag.py for tasks to queue
[2025-05-01T22:29:33.005+0000] {logging_mixin.py:190} INFO - [2025-05-01T22:29:33.005+0000] {dagbag.py:588} INFO - Filling up the DagBag from /opt/airflow/dags/permission_fixer_dag.py
[2025-05-01T22:29:33.012+0000] {processor.py:925} INFO - DAG(s) 'fix_permissions_dag' retrieved from /opt/airflow/dags/permission_fixer_dag.py
[2025-05-01T22:29:33.025+0000] {logging_mixin.py:190} INFO - [2025-05-01T22:29:33.025+0000] {dag.py:3239} INFO - Sync 1 DAGs
[2025-05-01T22:29:33.036+0000] {logging_mixin.py:190} INFO - [2025-05-01T22:29:33.035+0000] {dag.py:4180} INFO - Setting next_dagrun for fix_permissions_dag to 2025-05-01 22:00:00+00:00, run_after=2025-05-01 23:00:00+00:00
[2025-05-01T22:29:33.043+0000] {processor.py:208} INFO - Processing /opt/airflow/dags/permission_fixer_dag.py took 0.043 seconds
[2025-05-01T22:30:03.168+0000] {processor.py:186} INFO - Started process (PID=132) to work on /opt/airflow/dags/permission_fixer_dag.py
[2025-05-01T22:30:03.170+0000] {processor.py:914} INFO - Processing file /opt/airflow/dags/permission_fixer_dag.py for tasks to queue
[2025-05-01T22:30:03.171+0000] {logging_mixin.py:190} INFO - [2025-05-01T22:30:03.171+0000] {dagbag.py:588} INFO - Filling up the DagBag from /opt/airflow/dags/permission_fixer_dag.py
[2025-05-01T22:30:03.177+0000] {processor.py:925} INFO - DAG(s) 'fix_permissions_dag' retrieved from /opt/airflow/dags/permission_fixer_dag.py
[2025-05-01T22:30:03.190+0000] {logging_mixin.py:190} INFO - [2025-05-01T22:30:03.190+0000] {dag.py:3239} INFO - Sync 1 DAGs
[2025-05-01T22:30:03.201+0000] {logging_mixin.py:190} INFO - [2025-05-01T22:30:03.200+0000] {dag.py:4180} INFO - Setting next_dagrun for fix_permissions_dag to 2025-05-01 22:00:00+00:00, run_after=2025-05-01 23:00:00+00:00
[2025-05-01T22:30:03.209+0000] {processor.py:208} INFO - Processing /opt/airflow/dags/permission_fixer_dag.py took 0.044 seconds
[2025-05-01T22:31:45.672+0000] {processor.py:186} INFO - Started process (PID=36) to work on /opt/airflow/dags/permission_fixer_dag.py
[2025-05-01T22:31:45.673+0000] {processor.py:914} INFO - Processing file /opt/airflow/dags/permission_fixer_dag.py for tasks to queue
[2025-05-01T22:31:45.673+0000] {logging_mixin.py:190} INFO - [2025-05-01T22:31:45.673+0000] {dagbag.py:588} INFO - Filling up the DagBag from /opt/airflow/dags/permission_fixer_dag.py
[2025-05-01T22:31:45.691+0000] {processor.py:925} INFO - DAG(s) 'fix_permissions_dag' retrieved from /opt/airflow/dags/permission_fixer_dag.py
[2025-05-01T22:31:45.716+0000] {logging_mixin.py:190} INFO - [2025-05-01T22:31:45.716+0000] {dag.py:3239} INFO - Sync 1 DAGs
[2025-05-01T22:31:45.732+0000] {logging_mixin.py:190} INFO - [2025-05-01T22:31:45.732+0000] {dag.py:4180} INFO - Setting next_dagrun for fix_permissions_dag to 2025-05-01 22:00:00+00:00, run_after=2025-05-01 23:00:00+00:00
[2025-05-01T22:31:45.747+0000] {processor.py:208} INFO - Processing /opt/airflow/dags/permission_fixer_dag.py took 0.079 seconds
[2025-05-01T22:32:15.904+0000] {processor.py:186} INFO - Started process (PID=37) to work on /opt/airflow/dags/permission_fixer_dag.py
[2025-05-01T22:32:15.905+0000] {processor.py:914} INFO - Processing file /opt/airflow/dags/permission_fixer_dag.py for tasks to queue
[2025-05-01T22:32:15.905+0000] {logging_mixin.py:190} INFO - [2025-05-01T22:32:15.905+0000] {dagbag.py:588} INFO - Filling up the DagBag from /opt/airflow/dags/permission_fixer_dag.py
[2025-05-01T22:32:15.910+0000] {processor.py:925} INFO - DAG(s) 'fix_permissions_dag' retrieved from /opt/airflow/dags/permission_fixer_dag.py
[2025-05-01T22:32:15.921+0000] {logging_mixin.py:190} INFO - [2025-05-01T22:32:15.921+0000] {dag.py:3239} INFO - Sync 1 DAGs
[2025-05-01T22:32:15.929+0000] {logging_mixin.py:190} INFO - [2025-05-01T22:32:15.929+0000] {dag.py:4180} INFO - Setting next_dagrun for fix_permissions_dag to 2025-05-01 22:00:00+00:00, run_after=2025-05-01 23:00:00+00:00
[2025-05-01T22:32:15.936+0000] {processor.py:208} INFO - Processing /opt/airflow/dags/permission_fixer_dag.py took 0.034 seconds
[2025-05-01T22:32:46.114+0000] {processor.py:186} INFO - Started process (PID=39) to work on /opt/airflow/dags/permission_fixer_dag.py
[2025-05-01T22:32:46.114+0000] {processor.py:914} INFO - Processing file /opt/airflow/dags/permission_fixer_dag.py for tasks to queue
[2025-05-01T22:32:46.115+0000] {logging_mixin.py:190} INFO - [2025-05-01T22:32:46.115+0000] {dagbag.py:588} INFO - Filling up the DagBag from /opt/airflow/dags/permission_fixer_dag.py
[2025-05-01T22:32:46.121+0000] {processor.py:925} INFO - DAG(s) 'fix_permissions_dag' retrieved from /opt/airflow/dags/permission_fixer_dag.py
[2025-05-01T22:32:46.133+0000] {logging_mixin.py:190} INFO - [2025-05-01T22:32:46.132+0000] {dag.py:3239} INFO - Sync 1 DAGs
[2025-05-01T22:32:46.143+0000] {logging_mixin.py:190} INFO - [2025-05-01T22:32:46.143+0000] {dag.py:4180} INFO - Setting next_dagrun for fix_permissions_dag to 2025-05-01 22:00:00+00:00, run_after=2025-05-01 23:00:00+00:00
[2025-05-01T22:32:46.150+0000] {processor.py:208} INFO - Processing /opt/airflow/dags/permission_fixer_dag.py took 0.039 seconds
[2025-05-01T22:33:16.356+0000] {processor.py:186} INFO - Started process (PID=41) to work on /opt/airflow/dags/permission_fixer_dag.py
[2025-05-01T22:33:16.357+0000] {processor.py:914} INFO - Processing file /opt/airflow/dags/permission_fixer_dag.py for tasks to queue
[2025-05-01T22:33:16.358+0000] {logging_mixin.py:190} INFO - [2025-05-01T22:33:16.357+0000] {dagbag.py:588} INFO - Filling up the DagBag from /opt/airflow/dags/permission_fixer_dag.py
[2025-05-01T22:33:16.366+0000] {processor.py:925} INFO - DAG(s) 'fix_permissions_dag' retrieved from /opt/airflow/dags/permission_fixer_dag.py
[2025-05-01T22:33:16.381+0000] {logging_mixin.py:190} INFO - [2025-05-01T22:33:16.381+0000] {dag.py:3239} INFO - Sync 1 DAGs
[2025-05-01T22:33:16.392+0000] {logging_mixin.py:190} INFO - [2025-05-01T22:33:16.392+0000] {dag.py:4180} INFO - Setting next_dagrun for fix_permissions_dag to 2025-05-01 22:00:00+00:00, run_after=2025-05-01 23:00:00+00:00
[2025-05-01T22:33:16.400+0000] {processor.py:208} INFO - Processing /opt/airflow/dags/permission_fixer_dag.py took 0.049 seconds
[2025-05-01T22:33:46.697+0000] {processor.py:186} INFO - Started process (PID=43) to work on /opt/airflow/dags/permission_fixer_dag.py
[2025-05-01T22:33:46.697+0000] {processor.py:914} INFO - Processing file /opt/airflow/dags/permission_fixer_dag.py for tasks to queue
[2025-05-01T22:33:46.698+0000] {logging_mixin.py:190} INFO - [2025-05-01T22:33:46.698+0000] {dagbag.py:588} INFO - Filling up the DagBag from /opt/airflow/dags/permission_fixer_dag.py
[2025-05-01T22:33:46.707+0000] {processor.py:925} INFO - DAG(s) 'fix_permissions_dag' retrieved from /opt/airflow/dags/permission_fixer_dag.py
[2025-05-01T22:33:46.723+0000] {logging_mixin.py:190} INFO - [2025-05-01T22:33:46.723+0000] {dag.py:3239} INFO - Sync 1 DAGs
[2025-05-01T22:33:46.733+0000] {logging_mixin.py:190} INFO - [2025-05-01T22:33:46.733+0000] {dag.py:4180} INFO - Setting next_dagrun for fix_permissions_dag to 2025-05-01 22:00:00+00:00, run_after=2025-05-01 23:00:00+00:00
[2025-05-01T22:33:46.740+0000] {processor.py:208} INFO - Processing /opt/airflow/dags/permission_fixer_dag.py took 0.048 seconds
[2025-05-01T22:34:17.065+0000] {processor.py:186} INFO - Started process (PID=45) to work on /opt/airflow/dags/permission_fixer_dag.py
[2025-05-01T22:34:17.067+0000] {processor.py:914} INFO - Processing file /opt/airflow/dags/permission_fixer_dag.py for tasks to queue
[2025-05-01T22:34:17.068+0000] {logging_mixin.py:190} INFO - [2025-05-01T22:34:17.067+0000] {dagbag.py:588} INFO - Filling up the DagBag from /opt/airflow/dags/permission_fixer_dag.py
[2025-05-01T22:34:17.076+0000] {processor.py:925} INFO - DAG(s) 'fix_permissions_dag' retrieved from /opt/airflow/dags/permission_fixer_dag.py
[2025-05-01T22:34:17.092+0000] {logging_mixin.py:190} INFO - [2025-05-01T22:34:17.092+0000] {dag.py:3239} INFO - Sync 1 DAGs
[2025-05-01T22:34:17.102+0000] {logging_mixin.py:190} INFO - [2025-05-01T22:34:17.102+0000] {dag.py:4180} INFO - Setting next_dagrun for fix_permissions_dag to 2025-05-01 22:00:00+00:00, run_after=2025-05-01 23:00:00+00:00
[2025-05-01T22:34:17.109+0000] {processor.py:208} INFO - Processing /opt/airflow/dags/permission_fixer_dag.py took 0.049 seconds
[2025-05-01T22:34:47.351+0000] {processor.py:186} INFO - Started process (PID=47) to work on /opt/airflow/dags/permission_fixer_dag.py
[2025-05-01T22:34:47.352+0000] {processor.py:914} INFO - Processing file /opt/airflow/dags/permission_fixer_dag.py for tasks to queue
[2025-05-01T22:34:47.352+0000] {logging_mixin.py:190} INFO - [2025-05-01T22:34:47.352+0000] {dagbag.py:588} INFO - Filling up the DagBag from /opt/airflow/dags/permission_fixer_dag.py
[2025-05-01T22:34:47.359+0000] {processor.py:925} INFO - DAG(s) 'fix_permissions_dag' retrieved from /opt/airflow/dags/permission_fixer_dag.py
[2025-05-01T22:34:47.372+0000] {logging_mixin.py:190} INFO - [2025-05-01T22:34:47.371+0000] {dag.py:3239} INFO - Sync 1 DAGs
[2025-05-01T22:34:47.382+0000] {logging_mixin.py:190} INFO - [2025-05-01T22:34:47.382+0000] {dag.py:4180} INFO - Setting next_dagrun for fix_permissions_dag to 2025-05-01 22:00:00+00:00, run_after=2025-05-01 23:00:00+00:00
[2025-05-01T22:34:47.388+0000] {processor.py:208} INFO - Processing /opt/airflow/dags/permission_fixer_dag.py took 0.042 seconds
[2025-05-01T22:35:17.623+0000] {processor.py:186} INFO - Started process (PID=49) to work on /opt/airflow/dags/permission_fixer_dag.py
[2025-05-01T22:35:17.626+0000] {processor.py:914} INFO - Processing file /opt/airflow/dags/permission_fixer_dag.py for tasks to queue
[2025-05-01T22:35:17.627+0000] {logging_mixin.py:190} INFO - [2025-05-01T22:35:17.627+0000] {dagbag.py:588} INFO - Filling up the DagBag from /opt/airflow/dags/permission_fixer_dag.py
[2025-05-01T22:35:17.635+0000] {processor.py:925} INFO - DAG(s) 'fix_permissions_dag' retrieved from /opt/airflow/dags/permission_fixer_dag.py
[2025-05-01T22:35:17.650+0000] {logging_mixin.py:190} INFO - [2025-05-01T22:35:17.650+0000] {dag.py:3239} INFO - Sync 1 DAGs
[2025-05-01T22:35:17.659+0000] {logging_mixin.py:190} INFO - [2025-05-01T22:35:17.659+0000] {dag.py:4180} INFO - Setting next_dagrun for fix_permissions_dag to 2025-05-01 22:00:00+00:00, run_after=2025-05-01 23:00:00+00:00
[2025-05-01T22:35:17.666+0000] {processor.py:208} INFO - Processing /opt/airflow/dags/permission_fixer_dag.py took 0.048 seconds
[2025-05-01T22:35:47.860+0000] {processor.py:186} INFO - Started process (PID=51) to work on /opt/airflow/dags/permission_fixer_dag.py
[2025-05-01T22:35:47.860+0000] {processor.py:914} INFO - Processing file /opt/airflow/dags/permission_fixer_dag.py for tasks to queue
[2025-05-01T22:35:47.861+0000] {logging_mixin.py:190} INFO - [2025-05-01T22:35:47.861+0000] {dagbag.py:588} INFO - Filling up the DagBag from /opt/airflow/dags/permission_fixer_dag.py
[2025-05-01T22:35:47.869+0000] {processor.py:925} INFO - DAG(s) 'fix_permissions_dag' retrieved from /opt/airflow/dags/permission_fixer_dag.py
[2025-05-01T22:35:47.887+0000] {logging_mixin.py:190} INFO - [2025-05-01T22:35:47.887+0000] {dag.py:3239} INFO - Sync 1 DAGs
[2025-05-01T22:35:47.899+0000] {logging_mixin.py:190} INFO - [2025-05-01T22:35:47.899+0000] {dag.py:4180} INFO - Setting next_dagrun for fix_permissions_dag to 2025-05-01 22:00:00+00:00, run_after=2025-05-01 23:00:00+00:00
[2025-05-01T22:35:47.906+0000] {processor.py:208} INFO - Processing /opt/airflow/dags/permission_fixer_dag.py took 0.052 seconds
[2025-05-01T22:36:18.164+0000] {processor.py:186} INFO - Started process (PID=53) to work on /opt/airflow/dags/permission_fixer_dag.py
[2025-05-01T22:36:18.165+0000] {processor.py:914} INFO - Processing file /opt/airflow/dags/permission_fixer_dag.py for tasks to queue
[2025-05-01T22:36:18.166+0000] {logging_mixin.py:190} INFO - [2025-05-01T22:36:18.166+0000] {dagbag.py:588} INFO - Filling up the DagBag from /opt/airflow/dags/permission_fixer_dag.py
[2025-05-01T22:36:18.173+0000] {processor.py:925} INFO - DAG(s) 'fix_permissions_dag' retrieved from /opt/airflow/dags/permission_fixer_dag.py
[2025-05-01T22:36:18.186+0000] {logging_mixin.py:190} INFO - [2025-05-01T22:36:18.186+0000] {dag.py:3239} INFO - Sync 1 DAGs
[2025-05-01T22:36:18.196+0000] {logging_mixin.py:190} INFO - [2025-05-01T22:36:18.196+0000] {dag.py:4180} INFO - Setting next_dagrun for fix_permissions_dag to 2025-05-01 22:00:00+00:00, run_after=2025-05-01 23:00:00+00:00
[2025-05-01T22:36:18.202+0000] {processor.py:208} INFO - Processing /opt/airflow/dags/permission_fixer_dag.py took 0.042 seconds
[2025-05-01T22:36:48.465+0000] {processor.py:186} INFO - Started process (PID=55) to work on /opt/airflow/dags/permission_fixer_dag.py
[2025-05-01T22:36:48.466+0000] {processor.py:914} INFO - Processing file /opt/airflow/dags/permission_fixer_dag.py for tasks to queue
[2025-05-01T22:36:48.467+0000] {logging_mixin.py:190} INFO - [2025-05-01T22:36:48.467+0000] {dagbag.py:588} INFO - Filling up the DagBag from /opt/airflow/dags/permission_fixer_dag.py
[2025-05-01T22:36:48.472+0000] {processor.py:925} INFO - DAG(s) 'fix_permissions_dag' retrieved from /opt/airflow/dags/permission_fixer_dag.py
[2025-05-01T22:36:48.486+0000] {logging_mixin.py:190} INFO - [2025-05-01T22:36:48.485+0000] {dag.py:3239} INFO - Sync 1 DAGs
[2025-05-01T22:36:48.499+0000] {logging_mixin.py:190} INFO - [2025-05-01T22:36:48.498+0000] {dag.py:4180} INFO - Setting next_dagrun for fix_permissions_dag to 2025-05-01 22:00:00+00:00, run_after=2025-05-01 23:00:00+00:00
[2025-05-01T22:36:48.505+0000] {processor.py:208} INFO - Processing /opt/airflow/dags/permission_fixer_dag.py took 0.045 seconds
[2025-05-01T22:37:18.843+0000] {processor.py:186} INFO - Started process (PID=57) to work on /opt/airflow/dags/permission_fixer_dag.py
[2025-05-01T22:37:18.844+0000] {processor.py:914} INFO - Processing file /opt/airflow/dags/permission_fixer_dag.py for tasks to queue
[2025-05-01T22:37:18.845+0000] {logging_mixin.py:190} INFO - [2025-05-01T22:37:18.845+0000] {dagbag.py:588} INFO - Filling up the DagBag from /opt/airflow/dags/permission_fixer_dag.py
[2025-05-01T22:37:18.856+0000] {processor.py:925} INFO - DAG(s) 'fix_permissions_dag' retrieved from /opt/airflow/dags/permission_fixer_dag.py
[2025-05-01T22:37:18.875+0000] {logging_mixin.py:190} INFO - [2025-05-01T22:37:18.875+0000] {dag.py:3239} INFO - Sync 1 DAGs
[2025-05-01T22:37:18.888+0000] {logging_mixin.py:190} INFO - [2025-05-01T22:37:18.888+0000] {dag.py:4180} INFO - Setting next_dagrun for fix_permissions_dag to 2025-05-01 22:00:00+00:00, run_after=2025-05-01 23:00:00+00:00
[2025-05-01T22:37:18.896+0000] {processor.py:208} INFO - Processing /opt/airflow/dags/permission_fixer_dag.py took 0.061 seconds
[2025-05-01T22:37:49.201+0000] {processor.py:186} INFO - Started process (PID=59) to work on /opt/airflow/dags/permission_fixer_dag.py
[2025-05-01T22:37:49.202+0000] {processor.py:914} INFO - Processing file /opt/airflow/dags/permission_fixer_dag.py for tasks to queue
[2025-05-01T22:37:49.203+0000] {logging_mixin.py:190} INFO - [2025-05-01T22:37:49.202+0000] {dagbag.py:588} INFO - Filling up the DagBag from /opt/airflow/dags/permission_fixer_dag.py
[2025-05-01T22:37:49.212+0000] {processor.py:925} INFO - DAG(s) 'fix_permissions_dag' retrieved from /opt/airflow/dags/permission_fixer_dag.py
[2025-05-01T22:37:49.227+0000] {logging_mixin.py:190} INFO - [2025-05-01T22:37:49.227+0000] {dag.py:3239} INFO - Sync 1 DAGs
[2025-05-01T22:37:49.238+0000] {logging_mixin.py:190} INFO - [2025-05-01T22:37:49.238+0000] {dag.py:4180} INFO - Setting next_dagrun for fix_permissions_dag to 2025-05-01 22:00:00+00:00, run_after=2025-05-01 23:00:00+00:00
[2025-05-01T22:37:49.244+0000] {processor.py:208} INFO - Processing /opt/airflow/dags/permission_fixer_dag.py took 0.048 seconds
[2025-05-01T22:38:19.558+0000] {processor.py:186} INFO - Started process (PID=61) to work on /opt/airflow/dags/permission_fixer_dag.py
[2025-05-01T22:38:19.559+0000] {processor.py:914} INFO - Processing file /opt/airflow/dags/permission_fixer_dag.py for tasks to queue
[2025-05-01T22:38:19.560+0000] {logging_mixin.py:190} INFO - [2025-05-01T22:38:19.560+0000] {dagbag.py:588} INFO - Filling up the DagBag from /opt/airflow/dags/permission_fixer_dag.py
[2025-05-01T22:38:19.568+0000] {processor.py:925} INFO - DAG(s) 'fix_permissions_dag' retrieved from /opt/airflow/dags/permission_fixer_dag.py
[2025-05-01T22:38:19.584+0000] {logging_mixin.py:190} INFO - [2025-05-01T22:38:19.584+0000] {dag.py:3239} INFO - Sync 1 DAGs
[2025-05-01T22:38:19.596+0000] {logging_mixin.py:190} INFO - [2025-05-01T22:38:19.596+0000] {dag.py:4180} INFO - Setting next_dagrun for fix_permissions_dag to 2025-05-01 22:00:00+00:00, run_after=2025-05-01 23:00:00+00:00
[2025-05-01T22:38:19.603+0000] {processor.py:208} INFO - Processing /opt/airflow/dags/permission_fixer_dag.py took 0.051 seconds
[2025-05-01T22:38:49.799+0000] {processor.py:186} INFO - Started process (PID=63) to work on /opt/airflow/dags/permission_fixer_dag.py
[2025-05-01T22:38:49.800+0000] {processor.py:914} INFO - Processing file /opt/airflow/dags/permission_fixer_dag.py for tasks to queue
[2025-05-01T22:38:49.801+0000] {logging_mixin.py:190} INFO - [2025-05-01T22:38:49.800+0000] {dagbag.py:588} INFO - Filling up the DagBag from /opt/airflow/dags/permission_fixer_dag.py
[2025-05-01T22:38:49.807+0000] {processor.py:925} INFO - DAG(s) 'fix_permissions_dag' retrieved from /opt/airflow/dags/permission_fixer_dag.py
[2025-05-01T22:38:49.820+0000] {logging_mixin.py:190} INFO - [2025-05-01T22:38:49.820+0000] {dag.py:3239} INFO - Sync 1 DAGs
[2025-05-01T22:38:49.830+0000] {logging_mixin.py:190} INFO - [2025-05-01T22:38:49.830+0000] {dag.py:4180} INFO - Setting next_dagrun for fix_permissions_dag to 2025-05-01 22:00:00+00:00, run_after=2025-05-01 23:00:00+00:00
[2025-05-01T22:38:49.837+0000] {processor.py:208} INFO - Processing /opt/airflow/dags/permission_fixer_dag.py took 0.043 seconds
[2025-05-01T22:39:20.139+0000] {processor.py:186} INFO - Started process (PID=65) to work on /opt/airflow/dags/permission_fixer_dag.py
[2025-05-01T22:39:20.139+0000] {processor.py:914} INFO - Processing file /opt/airflow/dags/permission_fixer_dag.py for tasks to queue
[2025-05-01T22:39:20.140+0000] {logging_mixin.py:190} INFO - [2025-05-01T22:39:20.140+0000] {dagbag.py:588} INFO - Filling up the DagBag from /opt/airflow/dags/permission_fixer_dag.py
[2025-05-01T22:39:20.148+0000] {processor.py:925} INFO - DAG(s) 'fix_permissions_dag' retrieved from /opt/airflow/dags/permission_fixer_dag.py
[2025-05-01T22:39:20.162+0000] {logging_mixin.py:190} INFO - [2025-05-01T22:39:20.162+0000] {dag.py:3239} INFO - Sync 1 DAGs
[2025-05-01T22:39:20.173+0000] {logging_mixin.py:190} INFO - [2025-05-01T22:39:20.173+0000] {dag.py:4180} INFO - Setting next_dagrun for fix_permissions_dag to 2025-05-01 22:00:00+00:00, run_after=2025-05-01 23:00:00+00:00
[2025-05-01T22:39:20.179+0000] {processor.py:208} INFO - Processing /opt/airflow/dags/permission_fixer_dag.py took 0.047 seconds
[2025-05-01T22:39:50.467+0000] {processor.py:186} INFO - Started process (PID=67) to work on /opt/airflow/dags/permission_fixer_dag.py
[2025-05-01T22:39:50.467+0000] {processor.py:914} INFO - Processing file /opt/airflow/dags/permission_fixer_dag.py for tasks to queue
[2025-05-01T22:39:50.468+0000] {logging_mixin.py:190} INFO - [2025-05-01T22:39:50.468+0000] {dagbag.py:588} INFO - Filling up the DagBag from /opt/airflow/dags/permission_fixer_dag.py
[2025-05-01T22:39:50.474+0000] {processor.py:925} INFO - DAG(s) 'fix_permissions_dag' retrieved from /opt/airflow/dags/permission_fixer_dag.py
[2025-05-01T22:39:50.486+0000] {logging_mixin.py:190} INFO - [2025-05-01T22:39:50.486+0000] {dag.py:3239} INFO - Sync 1 DAGs
[2025-05-01T22:39:50.496+0000] {logging_mixin.py:190} INFO - [2025-05-01T22:39:50.495+0000] {dag.py:4180} INFO - Setting next_dagrun for fix_permissions_dag to 2025-05-01 22:00:00+00:00, run_after=2025-05-01 23:00:00+00:00
[2025-05-01T22:39:50.502+0000] {processor.py:208} INFO - Processing /opt/airflow/dags/permission_fixer_dag.py took 0.038 seconds
[2025-05-01T22:40:20.873+0000] {processor.py:186} INFO - Started process (PID=69) to work on /opt/airflow/dags/permission_fixer_dag.py
[2025-05-01T22:40:20.874+0000] {processor.py:914} INFO - Processing file /opt/airflow/dags/permission_fixer_dag.py for tasks to queue
[2025-05-01T22:40:20.874+0000] {logging_mixin.py:190} INFO - [2025-05-01T22:40:20.874+0000] {dagbag.py:588} INFO - Filling up the DagBag from /opt/airflow/dags/permission_fixer_dag.py
[2025-05-01T22:40:20.881+0000] {processor.py:925} INFO - DAG(s) 'fix_permissions_dag' retrieved from /opt/airflow/dags/permission_fixer_dag.py
[2025-05-01T22:40:20.896+0000] {logging_mixin.py:190} INFO - [2025-05-01T22:40:20.896+0000] {dag.py:3239} INFO - Sync 1 DAGs
[2025-05-01T22:40:20.909+0000] {logging_mixin.py:190} INFO - [2025-05-01T22:40:20.908+0000] {dag.py:4180} INFO - Setting next_dagrun for fix_permissions_dag to 2025-05-01 22:00:00+00:00, run_after=2025-05-01 23:00:00+00:00
[2025-05-01T22:40:20.917+0000] {processor.py:208} INFO - Processing /opt/airflow/dags/permission_fixer_dag.py took 0.050 seconds
[2025-05-01T22:40:51.299+0000] {processor.py:186} INFO - Started process (PID=71) to work on /opt/airflow/dags/permission_fixer_dag.py
[2025-05-01T22:40:51.299+0000] {processor.py:914} INFO - Processing file /opt/airflow/dags/permission_fixer_dag.py for tasks to queue
[2025-05-01T22:40:51.301+0000] {logging_mixin.py:190} INFO - [2025-05-01T22:40:51.301+0000] {dagbag.py:588} INFO - Filling up the DagBag from /opt/airflow/dags/permission_fixer_dag.py
[2025-05-01T22:40:51.311+0000] {processor.py:925} INFO - DAG(s) 'fix_permissions_dag' retrieved from /opt/airflow/dags/permission_fixer_dag.py
[2025-05-01T22:40:51.329+0000] {logging_mixin.py:190} INFO - [2025-05-01T22:40:51.329+0000] {dag.py:3239} INFO - Sync 1 DAGs
[2025-05-01T22:40:51.339+0000] {logging_mixin.py:190} INFO - [2025-05-01T22:40:51.339+0000] {dag.py:4180} INFO - Setting next_dagrun for fix_permissions_dag to 2025-05-01 22:00:00+00:00, run_after=2025-05-01 23:00:00+00:00
[2025-05-01T22:40:51.348+0000] {processor.py:208} INFO - Processing /opt/airflow/dags/permission_fixer_dag.py took 0.056 seconds
[2025-05-01T22:41:21.694+0000] {processor.py:186} INFO - Started process (PID=73) to work on /opt/airflow/dags/permission_fixer_dag.py
[2025-05-01T22:41:21.695+0000] {processor.py:914} INFO - Processing file /opt/airflow/dags/permission_fixer_dag.py for tasks to queue
[2025-05-01T22:41:21.697+0000] {logging_mixin.py:190} INFO - [2025-05-01T22:41:21.697+0000] {dagbag.py:588} INFO - Filling up the DagBag from /opt/airflow/dags/permission_fixer_dag.py
[2025-05-01T22:41:21.708+0000] {processor.py:925} INFO - DAG(s) 'fix_permissions_dag' retrieved from /opt/airflow/dags/permission_fixer_dag.py
[2025-05-01T22:41:21.726+0000] {logging_mixin.py:190} INFO - [2025-05-01T22:41:21.726+0000] {dag.py:3239} INFO - Sync 1 DAGs
[2025-05-01T22:41:21.738+0000] {logging_mixin.py:190} INFO - [2025-05-01T22:41:21.738+0000] {dag.py:4180} INFO - Setting next_dagrun for fix_permissions_dag to 2025-05-01 22:00:00+00:00, run_after=2025-05-01 23:00:00+00:00
[2025-05-01T22:41:21.745+0000] {processor.py:208} INFO - Processing /opt/airflow/dags/permission_fixer_dag.py took 0.058 seconds
[2025-05-01T22:41:52.119+0000] {processor.py:186} INFO - Started process (PID=75) to work on /opt/airflow/dags/permission_fixer_dag.py
[2025-05-01T22:41:52.120+0000] {processor.py:914} INFO - Processing file /opt/airflow/dags/permission_fixer_dag.py for tasks to queue
[2025-05-01T22:41:52.121+0000] {logging_mixin.py:190} INFO - [2025-05-01T22:41:52.121+0000] {dagbag.py:588} INFO - Filling up the DagBag from /opt/airflow/dags/permission_fixer_dag.py
[2025-05-01T22:41:52.133+0000] {processor.py:925} INFO - DAG(s) 'fix_permissions_dag' retrieved from /opt/airflow/dags/permission_fixer_dag.py
[2025-05-01T22:41:52.151+0000] {logging_mixin.py:190} INFO - [2025-05-01T22:41:52.150+0000] {dag.py:3239} INFO - Sync 1 DAGs
[2025-05-01T22:41:52.163+0000] {logging_mixin.py:190} INFO - [2025-05-01T22:41:52.163+0000] {dag.py:4180} INFO - Setting next_dagrun for fix_permissions_dag to 2025-05-01 22:00:00+00:00, run_after=2025-05-01 23:00:00+00:00
[2025-05-01T22:41:52.170+0000] {processor.py:208} INFO - Processing /opt/airflow/dags/permission_fixer_dag.py took 0.058 seconds
[2025-05-01T22:42:22.538+0000] {processor.py:186} INFO - Started process (PID=77) to work on /opt/airflow/dags/permission_fixer_dag.py
[2025-05-01T22:42:22.539+0000] {processor.py:914} INFO - Processing file /opt/airflow/dags/permission_fixer_dag.py for tasks to queue
[2025-05-01T22:42:22.541+0000] {logging_mixin.py:190} INFO - [2025-05-01T22:42:22.540+0000] {dagbag.py:588} INFO - Filling up the DagBag from /opt/airflow/dags/permission_fixer_dag.py
[2025-05-01T22:42:22.551+0000] {processor.py:925} INFO - DAG(s) 'fix_permissions_dag' retrieved from /opt/airflow/dags/permission_fixer_dag.py
[2025-05-01T22:42:22.568+0000] {logging_mixin.py:190} INFO - [2025-05-01T22:42:22.568+0000] {dag.py:3239} INFO - Sync 1 DAGs
[2025-05-01T22:42:22.578+0000] {logging_mixin.py:190} INFO - [2025-05-01T22:42:22.578+0000] {dag.py:4180} INFO - Setting next_dagrun for fix_permissions_dag to 2025-05-01 22:00:00+00:00, run_after=2025-05-01 23:00:00+00:00
[2025-05-01T22:42:22.585+0000] {processor.py:208} INFO - Processing /opt/airflow/dags/permission_fixer_dag.py took 0.055 seconds
[2025-05-01T22:42:52.942+0000] {processor.py:186} INFO - Started process (PID=79) to work on /opt/airflow/dags/permission_fixer_dag.py
[2025-05-01T22:42:52.943+0000] {processor.py:914} INFO - Processing file /opt/airflow/dags/permission_fixer_dag.py for tasks to queue
[2025-05-01T22:42:52.944+0000] {logging_mixin.py:190} INFO - [2025-05-01T22:42:52.944+0000] {dagbag.py:588} INFO - Filling up the DagBag from /opt/airflow/dags/permission_fixer_dag.py
[2025-05-01T22:42:52.954+0000] {processor.py:925} INFO - DAG(s) 'fix_permissions_dag' retrieved from /opt/airflow/dags/permission_fixer_dag.py
[2025-05-01T22:42:52.971+0000] {logging_mixin.py:190} INFO - [2025-05-01T22:42:52.971+0000] {dag.py:3239} INFO - Sync 1 DAGs
[2025-05-01T22:42:52.982+0000] {logging_mixin.py:190} INFO - [2025-05-01T22:42:52.982+0000] {dag.py:4180} INFO - Setting next_dagrun for fix_permissions_dag to 2025-05-01 22:00:00+00:00, run_after=2025-05-01 23:00:00+00:00
[2025-05-01T22:42:52.988+0000] {processor.py:208} INFO - Processing /opt/airflow/dags/permission_fixer_dag.py took 0.052 seconds
[2025-05-01T22:43:23.318+0000] {processor.py:186} INFO - Started process (PID=81) to work on /opt/airflow/dags/permission_fixer_dag.py
[2025-05-01T22:43:23.319+0000] {processor.py:914} INFO - Processing file /opt/airflow/dags/permission_fixer_dag.py for tasks to queue
[2025-05-01T22:43:23.320+0000] {logging_mixin.py:190} INFO - [2025-05-01T22:43:23.320+0000] {dagbag.py:588} INFO - Filling up the DagBag from /opt/airflow/dags/permission_fixer_dag.py
[2025-05-01T22:43:23.332+0000] {processor.py:925} INFO - DAG(s) 'fix_permissions_dag' retrieved from /opt/airflow/dags/permission_fixer_dag.py
[2025-05-01T22:43:23.349+0000] {logging_mixin.py:190} INFO - [2025-05-01T22:43:23.348+0000] {dag.py:3239} INFO - Sync 1 DAGs
[2025-05-01T22:43:23.360+0000] {logging_mixin.py:190} INFO - [2025-05-01T22:43:23.360+0000] {dag.py:4180} INFO - Setting next_dagrun for fix_permissions_dag to 2025-05-01 22:00:00+00:00, run_after=2025-05-01 23:00:00+00:00
[2025-05-01T22:43:23.367+0000] {processor.py:208} INFO - Processing /opt/airflow/dags/permission_fixer_dag.py took 0.057 seconds
[2025-05-01T22:43:53.693+0000] {processor.py:186} INFO - Started process (PID=83) to work on /opt/airflow/dags/permission_fixer_dag.py
[2025-05-01T22:43:53.693+0000] {processor.py:914} INFO - Processing file /opt/airflow/dags/permission_fixer_dag.py for tasks to queue
[2025-05-01T22:43:53.694+0000] {logging_mixin.py:190} INFO - [2025-05-01T22:43:53.694+0000] {dagbag.py:588} INFO - Filling up the DagBag from /opt/airflow/dags/permission_fixer_dag.py
[2025-05-01T22:43:53.706+0000] {processor.py:925} INFO - DAG(s) 'fix_permissions_dag' retrieved from /opt/airflow/dags/permission_fixer_dag.py
[2025-05-01T22:43:53.723+0000] {logging_mixin.py:190} INFO - [2025-05-01T22:43:53.723+0000] {dag.py:3239} INFO - Sync 1 DAGs
[2025-05-01T22:43:53.734+0000] {logging_mixin.py:190} INFO - [2025-05-01T22:43:53.734+0000] {dag.py:4180} INFO - Setting next_dagrun for fix_permissions_dag to 2025-05-01 22:00:00+00:00, run_after=2025-05-01 23:00:00+00:00
[2025-05-01T22:43:53.741+0000] {processor.py:208} INFO - Processing /opt/airflow/dags/permission_fixer_dag.py took 0.056 seconds
[2025-05-01T22:44:24.131+0000] {processor.py:186} INFO - Started process (PID=85) to work on /opt/airflow/dags/permission_fixer_dag.py
[2025-05-01T22:44:24.133+0000] {processor.py:914} INFO - Processing file /opt/airflow/dags/permission_fixer_dag.py for tasks to queue
[2025-05-01T22:44:24.134+0000] {logging_mixin.py:190} INFO - [2025-05-01T22:44:24.133+0000] {dagbag.py:588} INFO - Filling up the DagBag from /opt/airflow/dags/permission_fixer_dag.py
[2025-05-01T22:44:24.145+0000] {processor.py:925} INFO - DAG(s) 'fix_permissions_dag' retrieved from /opt/airflow/dags/permission_fixer_dag.py
[2025-05-01T22:44:24.162+0000] {logging_mixin.py:190} INFO - [2025-05-01T22:44:24.162+0000] {dag.py:3239} INFO - Sync 1 DAGs
[2025-05-01T22:44:24.173+0000] {logging_mixin.py:190} INFO - [2025-05-01T22:44:24.173+0000] {dag.py:4180} INFO - Setting next_dagrun for fix_permissions_dag to 2025-05-01 22:00:00+00:00, run_after=2025-05-01 23:00:00+00:00
[2025-05-01T22:44:24.180+0000] {processor.py:208} INFO - Processing /opt/airflow/dags/permission_fixer_dag.py took 0.056 seconds
[2025-05-01T22:44:54.572+0000] {processor.py:186} INFO - Started process (PID=87) to work on /opt/airflow/dags/permission_fixer_dag.py
[2025-05-01T22:44:54.573+0000] {processor.py:914} INFO - Processing file /opt/airflow/dags/permission_fixer_dag.py for tasks to queue
[2025-05-01T22:44:54.575+0000] {logging_mixin.py:190} INFO - [2025-05-01T22:44:54.575+0000] {dagbag.py:588} INFO - Filling up the DagBag from /opt/airflow/dags/permission_fixer_dag.py
[2025-05-01T22:44:54.586+0000] {processor.py:925} INFO - DAG(s) 'fix_permissions_dag' retrieved from /opt/airflow/dags/permission_fixer_dag.py
[2025-05-01T22:44:54.603+0000] {logging_mixin.py:190} INFO - [2025-05-01T22:44:54.602+0000] {dag.py:3239} INFO - Sync 1 DAGs
[2025-05-01T22:44:54.614+0000] {logging_mixin.py:190} INFO - [2025-05-01T22:44:54.614+0000] {dag.py:4180} INFO - Setting next_dagrun for fix_permissions_dag to 2025-05-01 22:00:00+00:00, run_after=2025-05-01 23:00:00+00:00
[2025-05-01T22:44:54.620+0000] {processor.py:208} INFO - Processing /opt/airflow/dags/permission_fixer_dag.py took 0.055 seconds
[2025-05-01T22:45:24.976+0000] {processor.py:186} INFO - Started process (PID=89) to work on /opt/airflow/dags/permission_fixer_dag.py
[2025-05-01T22:45:24.977+0000] {processor.py:914} INFO - Processing file /opt/airflow/dags/permission_fixer_dag.py for tasks to queue
[2025-05-01T22:45:24.979+0000] {logging_mixin.py:190} INFO - [2025-05-01T22:45:24.979+0000] {dagbag.py:588} INFO - Filling up the DagBag from /opt/airflow/dags/permission_fixer_dag.py
[2025-05-01T22:45:24.987+0000] {processor.py:925} INFO - DAG(s) 'fix_permissions_dag' retrieved from /opt/airflow/dags/permission_fixer_dag.py
[2025-05-01T22:45:25.003+0000] {logging_mixin.py:190} INFO - [2025-05-01T22:45:25.003+0000] {dag.py:3239} INFO - Sync 1 DAGs
[2025-05-01T22:45:25.016+0000] {logging_mixin.py:190} INFO - [2025-05-01T22:45:25.016+0000] {dag.py:4180} INFO - Setting next_dagrun for fix_permissions_dag to 2025-05-01 22:00:00+00:00, run_after=2025-05-01 23:00:00+00:00
[2025-05-01T22:45:25.026+0000] {processor.py:208} INFO - Processing /opt/airflow/dags/permission_fixer_dag.py took 0.060 seconds
[2025-05-01T22:45:55.385+0000] {processor.py:186} INFO - Started process (PID=91) to work on /opt/airflow/dags/permission_fixer_dag.py
[2025-05-01T22:45:55.388+0000] {processor.py:914} INFO - Processing file /opt/airflow/dags/permission_fixer_dag.py for tasks to queue
[2025-05-01T22:45:55.390+0000] {logging_mixin.py:190} INFO - [2025-05-01T22:45:55.390+0000] {dagbag.py:588} INFO - Filling up the DagBag from /opt/airflow/dags/permission_fixer_dag.py
[2025-05-01T22:45:55.402+0000] {processor.py:925} INFO - DAG(s) 'fix_permissions_dag' retrieved from /opt/airflow/dags/permission_fixer_dag.py
[2025-05-01T22:45:55.419+0000] {logging_mixin.py:190} INFO - [2025-05-01T22:45:55.418+0000] {dag.py:3239} INFO - Sync 1 DAGs
[2025-05-01T22:45:55.432+0000] {logging_mixin.py:190} INFO - [2025-05-01T22:45:55.431+0000] {dag.py:4180} INFO - Setting next_dagrun for fix_permissions_dag to 2025-05-01 22:00:00+00:00, run_after=2025-05-01 23:00:00+00:00
[2025-05-01T22:45:55.439+0000] {processor.py:208} INFO - Processing /opt/airflow/dags/permission_fixer_dag.py took 0.061 seconds
[2025-05-01T22:46:25.753+0000] {processor.py:186} INFO - Started process (PID=93) to work on /opt/airflow/dags/permission_fixer_dag.py
[2025-05-01T22:46:25.755+0000] {processor.py:914} INFO - Processing file /opt/airflow/dags/permission_fixer_dag.py for tasks to queue
[2025-05-01T22:46:25.755+0000] {logging_mixin.py:190} INFO - [2025-05-01T22:46:25.755+0000] {dagbag.py:588} INFO - Filling up the DagBag from /opt/airflow/dags/permission_fixer_dag.py
[2025-05-01T22:46:25.765+0000] {processor.py:925} INFO - DAG(s) 'fix_permissions_dag' retrieved from /opt/airflow/dags/permission_fixer_dag.py
[2025-05-01T22:46:25.779+0000] {logging_mixin.py:190} INFO - [2025-05-01T22:46:25.779+0000] {dag.py:3239} INFO - Sync 1 DAGs
[2025-05-01T22:46:25.789+0000] {logging_mixin.py:190} INFO - [2025-05-01T22:46:25.789+0000] {dag.py:4180} INFO - Setting next_dagrun for fix_permissions_dag to 2025-05-01 22:00:00+00:00, run_after=2025-05-01 23:00:00+00:00
[2025-05-01T22:46:25.796+0000] {processor.py:208} INFO - Processing /opt/airflow/dags/permission_fixer_dag.py took 0.048 seconds
[2025-05-01T22:46:56.143+0000] {processor.py:186} INFO - Started process (PID=95) to work on /opt/airflow/dags/permission_fixer_dag.py
[2025-05-01T22:46:56.143+0000] {processor.py:914} INFO - Processing file /opt/airflow/dags/permission_fixer_dag.py for tasks to queue
[2025-05-01T22:46:56.144+0000] {logging_mixin.py:190} INFO - [2025-05-01T22:46:56.144+0000] {dagbag.py:588} INFO - Filling up the DagBag from /opt/airflow/dags/permission_fixer_dag.py
[2025-05-01T22:46:56.154+0000] {processor.py:925} INFO - DAG(s) 'fix_permissions_dag' retrieved from /opt/airflow/dags/permission_fixer_dag.py
[2025-05-01T22:46:56.168+0000] {logging_mixin.py:190} INFO - [2025-05-01T22:46:56.168+0000] {dag.py:3239} INFO - Sync 1 DAGs
[2025-05-01T22:46:56.180+0000] {logging_mixin.py:190} INFO - [2025-05-01T22:46:56.180+0000] {dag.py:4180} INFO - Setting next_dagrun for fix_permissions_dag to 2025-05-01 22:00:00+00:00, run_after=2025-05-01 23:00:00+00:00
[2025-05-01T22:46:56.187+0000] {processor.py:208} INFO - Processing /opt/airflow/dags/permission_fixer_dag.py took 0.051 seconds
[2025-05-01T22:47:26.493+0000] {processor.py:186} INFO - Started process (PID=97) to work on /opt/airflow/dags/permission_fixer_dag.py
[2025-05-01T22:47:26.494+0000] {processor.py:914} INFO - Processing file /opt/airflow/dags/permission_fixer_dag.py for tasks to queue
[2025-05-01T22:47:26.494+0000] {logging_mixin.py:190} INFO - [2025-05-01T22:47:26.494+0000] {dagbag.py:588} INFO - Filling up the DagBag from /opt/airflow/dags/permission_fixer_dag.py
[2025-05-01T22:47:26.501+0000] {processor.py:925} INFO - DAG(s) 'fix_permissions_dag' retrieved from /opt/airflow/dags/permission_fixer_dag.py
[2025-05-01T22:47:26.514+0000] {logging_mixin.py:190} INFO - [2025-05-01T22:47:26.513+0000] {dag.py:3239} INFO - Sync 1 DAGs
[2025-05-01T22:47:26.525+0000] {logging_mixin.py:190} INFO - [2025-05-01T22:47:26.525+0000] {dag.py:4180} INFO - Setting next_dagrun for fix_permissions_dag to 2025-05-01 22:00:00+00:00, run_after=2025-05-01 23:00:00+00:00
[2025-05-01T22:47:26.533+0000] {processor.py:208} INFO - Processing /opt/airflow/dags/permission_fixer_dag.py took 0.043 seconds
[2025-05-01T22:47:56.728+0000] {processor.py:186} INFO - Started process (PID=99) to work on /opt/airflow/dags/permission_fixer_dag.py
[2025-05-01T22:47:56.728+0000] {processor.py:914} INFO - Processing file /opt/airflow/dags/permission_fixer_dag.py for tasks to queue
[2025-05-01T22:47:56.729+0000] {logging_mixin.py:190} INFO - [2025-05-01T22:47:56.729+0000] {dagbag.py:588} INFO - Filling up the DagBag from /opt/airflow/dags/permission_fixer_dag.py
[2025-05-01T22:47:56.735+0000] {processor.py:925} INFO - DAG(s) 'fix_permissions_dag' retrieved from /opt/airflow/dags/permission_fixer_dag.py
[2025-05-01T22:47:56.750+0000] {logging_mixin.py:190} INFO - [2025-05-01T22:47:56.750+0000] {dag.py:3239} INFO - Sync 1 DAGs
[2025-05-01T22:47:56.760+0000] {logging_mixin.py:190} INFO - [2025-05-01T22:47:56.760+0000] {dag.py:4180} INFO - Setting next_dagrun for fix_permissions_dag to 2025-05-01 22:00:00+00:00, run_after=2025-05-01 23:00:00+00:00
[2025-05-01T22:47:56.767+0000] {processor.py:208} INFO - Processing /opt/airflow/dags/permission_fixer_dag.py took 0.043 seconds
[2025-05-01T22:48:26.972+0000] {processor.py:186} INFO - Started process (PID=101) to work on /opt/airflow/dags/permission_fixer_dag.py
[2025-05-01T22:48:26.973+0000] {processor.py:914} INFO - Processing file /opt/airflow/dags/permission_fixer_dag.py for tasks to queue
[2025-05-01T22:48:26.975+0000] {logging_mixin.py:190} INFO - [2025-05-01T22:48:26.975+0000] {dagbag.py:588} INFO - Filling up the DagBag from /opt/airflow/dags/permission_fixer_dag.py
[2025-05-01T22:48:26.983+0000] {processor.py:925} INFO - DAG(s) 'fix_permissions_dag' retrieved from /opt/airflow/dags/permission_fixer_dag.py
[2025-05-01T22:48:26.996+0000] {logging_mixin.py:190} INFO - [2025-05-01T22:48:26.996+0000] {dag.py:3239} INFO - Sync 1 DAGs
[2025-05-01T22:48:27.007+0000] {logging_mixin.py:190} INFO - [2025-05-01T22:48:27.007+0000] {dag.py:4180} INFO - Setting next_dagrun for fix_permissions_dag to 2025-05-01 22:00:00+00:00, run_after=2025-05-01 23:00:00+00:00
[2025-05-01T22:48:27.014+0000] {processor.py:208} INFO - Processing /opt/airflow/dags/permission_fixer_dag.py took 0.047 seconds
[2025-05-01T22:48:57.321+0000] {processor.py:186} INFO - Started process (PID=103) to work on /opt/airflow/dags/permission_fixer_dag.py
[2025-05-01T22:48:57.322+0000] {processor.py:914} INFO - Processing file /opt/airflow/dags/permission_fixer_dag.py for tasks to queue
[2025-05-01T22:48:57.323+0000] {logging_mixin.py:190} INFO - [2025-05-01T22:48:57.323+0000] {dagbag.py:588} INFO - Filling up the DagBag from /opt/airflow/dags/permission_fixer_dag.py
[2025-05-01T22:48:57.330+0000] {processor.py:925} INFO - DAG(s) 'fix_permissions_dag' retrieved from /opt/airflow/dags/permission_fixer_dag.py
[2025-05-01T22:48:57.346+0000] {logging_mixin.py:190} INFO - [2025-05-01T22:48:57.346+0000] {dag.py:3239} INFO - Sync 1 DAGs
[2025-05-01T22:48:57.357+0000] {logging_mixin.py:190} INFO - [2025-05-01T22:48:57.357+0000] {dag.py:4180} INFO - Setting next_dagrun for fix_permissions_dag to 2025-05-01 22:00:00+00:00, run_after=2025-05-01 23:00:00+00:00
[2025-05-01T22:48:57.365+0000] {processor.py:208} INFO - Processing /opt/airflow/dags/permission_fixer_dag.py took 0.051 seconds
[2025-05-01T22:49:27.632+0000] {processor.py:186} INFO - Started process (PID=105) to work on /opt/airflow/dags/permission_fixer_dag.py
[2025-05-01T22:49:27.633+0000] {processor.py:914} INFO - Processing file /opt/airflow/dags/permission_fixer_dag.py for tasks to queue
[2025-05-01T22:49:27.634+0000] {logging_mixin.py:190} INFO - [2025-05-01T22:49:27.634+0000] {dagbag.py:588} INFO - Filling up the DagBag from /opt/airflow/dags/permission_fixer_dag.py
[2025-05-01T22:49:27.646+0000] {processor.py:925} INFO - DAG(s) 'fix_permissions_dag' retrieved from /opt/airflow/dags/permission_fixer_dag.py
[2025-05-01T22:49:27.663+0000] {logging_mixin.py:190} INFO - [2025-05-01T22:49:27.662+0000] {dag.py:3239} INFO - Sync 1 DAGs
[2025-05-01T22:49:27.675+0000] {logging_mixin.py:190} INFO - [2025-05-01T22:49:27.674+0000] {dag.py:4180} INFO - Setting next_dagrun for fix_permissions_dag to 2025-05-01 22:00:00+00:00, run_after=2025-05-01 23:00:00+00:00
[2025-05-01T22:49:27.683+0000] {processor.py:208} INFO - Processing /opt/airflow/dags/permission_fixer_dag.py took 0.056 seconds
[2025-05-01T22:49:58.064+0000] {processor.py:186} INFO - Started process (PID=107) to work on /opt/airflow/dags/permission_fixer_dag.py
[2025-05-01T22:49:58.065+0000] {processor.py:914} INFO - Processing file /opt/airflow/dags/permission_fixer_dag.py for tasks to queue
[2025-05-01T22:49:58.066+0000] {logging_mixin.py:190} INFO - [2025-05-01T22:49:58.065+0000] {dagbag.py:588} INFO - Filling up the DagBag from /opt/airflow/dags/permission_fixer_dag.py
[2025-05-01T22:49:58.077+0000] {processor.py:925} INFO - DAG(s) 'fix_permissions_dag' retrieved from /opt/airflow/dags/permission_fixer_dag.py
[2025-05-01T22:49:58.095+0000] {logging_mixin.py:190} INFO - [2025-05-01T22:49:58.095+0000] {dag.py:3239} INFO - Sync 1 DAGs
[2025-05-01T22:49:58.106+0000] {logging_mixin.py:190} INFO - [2025-05-01T22:49:58.106+0000] {dag.py:4180} INFO - Setting next_dagrun for fix_permissions_dag to 2025-05-01 22:00:00+00:00, run_after=2025-05-01 23:00:00+00:00
[2025-05-01T22:49:58.113+0000] {processor.py:208} INFO - Processing /opt/airflow/dags/permission_fixer_dag.py took 0.057 seconds
[2025-05-01T22:50:28.452+0000] {processor.py:186} INFO - Started process (PID=109) to work on /opt/airflow/dags/permission_fixer_dag.py
[2025-05-01T22:50:28.453+0000] {processor.py:914} INFO - Processing file /opt/airflow/dags/permission_fixer_dag.py for tasks to queue
[2025-05-01T22:50:28.454+0000] {logging_mixin.py:190} INFO - [2025-05-01T22:50:28.454+0000] {dagbag.py:588} INFO - Filling up the DagBag from /opt/airflow/dags/permission_fixer_dag.py
[2025-05-01T22:50:28.464+0000] {processor.py:925} INFO - DAG(s) 'fix_permissions_dag' retrieved from /opt/airflow/dags/permission_fixer_dag.py
[2025-05-01T22:50:28.480+0000] {logging_mixin.py:190} INFO - [2025-05-01T22:50:28.480+0000] {dag.py:3239} INFO - Sync 1 DAGs
[2025-05-01T22:50:28.491+0000] {logging_mixin.py:190} INFO - [2025-05-01T22:50:28.491+0000] {dag.py:4180} INFO - Setting next_dagrun for fix_permissions_dag to 2025-05-01 22:00:00+00:00, run_after=2025-05-01 23:00:00+00:00
[2025-05-01T22:50:28.498+0000] {processor.py:208} INFO - Processing /opt/airflow/dags/permission_fixer_dag.py took 0.051 seconds
[2025-05-01T22:50:58.843+0000] {processor.py:186} INFO - Started process (PID=111) to work on /opt/airflow/dags/permission_fixer_dag.py
[2025-05-01T22:50:58.844+0000] {processor.py:914} INFO - Processing file /opt/airflow/dags/permission_fixer_dag.py for tasks to queue
[2025-05-01T22:50:58.844+0000] {logging_mixin.py:190} INFO - [2025-05-01T22:50:58.844+0000] {dagbag.py:588} INFO - Filling up the DagBag from /opt/airflow/dags/permission_fixer_dag.py
[2025-05-01T22:50:58.853+0000] {processor.py:925} INFO - DAG(s) 'fix_permissions_dag' retrieved from /opt/airflow/dags/permission_fixer_dag.py
[2025-05-01T22:50:58.868+0000] {logging_mixin.py:190} INFO - [2025-05-01T22:50:58.867+0000] {dag.py:3239} INFO - Sync 1 DAGs
[2025-05-01T22:50:58.878+0000] {logging_mixin.py:190} INFO - [2025-05-01T22:50:58.878+0000] {dag.py:4180} INFO - Setting next_dagrun for fix_permissions_dag to 2025-05-01 22:00:00+00:00, run_after=2025-05-01 23:00:00+00:00
[2025-05-01T22:50:58.885+0000] {processor.py:208} INFO - Processing /opt/airflow/dags/permission_fixer_dag.py took 0.047 seconds
[2025-05-01T22:51:29.091+0000] {processor.py:186} INFO - Started process (PID=113) to work on /opt/airflow/dags/permission_fixer_dag.py
[2025-05-01T22:51:29.091+0000] {processor.py:914} INFO - Processing file /opt/airflow/dags/permission_fixer_dag.py for tasks to queue
[2025-05-01T22:51:29.092+0000] {logging_mixin.py:190} INFO - [2025-05-01T22:51:29.092+0000] {dagbag.py:588} INFO - Filling up the DagBag from /opt/airflow/dags/permission_fixer_dag.py
[2025-05-01T22:51:29.098+0000] {processor.py:925} INFO - DAG(s) 'fix_permissions_dag' retrieved from /opt/airflow/dags/permission_fixer_dag.py
[2025-05-01T22:51:29.109+0000] {logging_mixin.py:190} INFO - [2025-05-01T22:51:29.109+0000] {dag.py:3239} INFO - Sync 1 DAGs
[2025-05-01T22:51:29.118+0000] {logging_mixin.py:190} INFO - [2025-05-01T22:51:29.118+0000] {dag.py:4180} INFO - Setting next_dagrun for fix_permissions_dag to 2025-05-01 22:00:00+00:00, run_after=2025-05-01 23:00:00+00:00
[2025-05-01T22:51:29.125+0000] {processor.py:208} INFO - Processing /opt/airflow/dags/permission_fixer_dag.py took 0.037 seconds
[2025-05-01T22:51:59.361+0000] {processor.py:186} INFO - Started process (PID=115) to work on /opt/airflow/dags/permission_fixer_dag.py
[2025-05-01T22:51:59.362+0000] {processor.py:914} INFO - Processing file /opt/airflow/dags/permission_fixer_dag.py for tasks to queue
[2025-05-01T22:51:59.363+0000] {logging_mixin.py:190} INFO - [2025-05-01T22:51:59.362+0000] {dagbag.py:588} INFO - Filling up the DagBag from /opt/airflow/dags/permission_fixer_dag.py
[2025-05-01T22:51:59.368+0000] {processor.py:925} INFO - DAG(s) 'fix_permissions_dag' retrieved from /opt/airflow/dags/permission_fixer_dag.py
[2025-05-01T22:51:59.381+0000] {logging_mixin.py:190} INFO - [2025-05-01T22:51:59.381+0000] {dag.py:3239} INFO - Sync 1 DAGs
[2025-05-01T22:51:59.392+0000] {logging_mixin.py:190} INFO - [2025-05-01T22:51:59.392+0000] {dag.py:4180} INFO - Setting next_dagrun for fix_permissions_dag to 2025-05-01 22:00:00+00:00, run_after=2025-05-01 23:00:00+00:00
[2025-05-01T22:51:59.399+0000] {processor.py:208} INFO - Processing /opt/airflow/dags/permission_fixer_dag.py took 0.042 seconds
[2025-05-01T22:52:29.600+0000] {processor.py:186} INFO - Started process (PID=117) to work on /opt/airflow/dags/permission_fixer_dag.py
[2025-05-01T22:52:29.601+0000] {processor.py:914} INFO - Processing file /opt/airflow/dags/permission_fixer_dag.py for tasks to queue
[2025-05-01T22:52:29.602+0000] {logging_mixin.py:190} INFO - [2025-05-01T22:52:29.602+0000] {dagbag.py:588} INFO - Filling up the DagBag from /opt/airflow/dags/permission_fixer_dag.py
[2025-05-01T22:52:29.610+0000] {processor.py:925} INFO - DAG(s) 'fix_permissions_dag' retrieved from /opt/airflow/dags/permission_fixer_dag.py
[2025-05-01T22:52:29.624+0000] {logging_mixin.py:190} INFO - [2025-05-01T22:52:29.624+0000] {dag.py:3239} INFO - Sync 1 DAGs
[2025-05-01T22:52:29.634+0000] {logging_mixin.py:190} INFO - [2025-05-01T22:52:29.634+0000] {dag.py:4180} INFO - Setting next_dagrun for fix_permissions_dag to 2025-05-01 22:00:00+00:00, run_after=2025-05-01 23:00:00+00:00
[2025-05-01T22:52:29.641+0000] {processor.py:208} INFO - Processing /opt/airflow/dags/permission_fixer_dag.py took 0.046 seconds
[2025-05-01T22:52:59.990+0000] {processor.py:186} INFO - Started process (PID=119) to work on /opt/airflow/dags/permission_fixer_dag.py
[2025-05-01T22:52:59.991+0000] {processor.py:914} INFO - Processing file /opt/airflow/dags/permission_fixer_dag.py for tasks to queue
[2025-05-01T22:52:59.992+0000] {logging_mixin.py:190} INFO - [2025-05-01T22:52:59.992+0000] {dagbag.py:588} INFO - Filling up the DagBag from /opt/airflow/dags/permission_fixer_dag.py
[2025-05-01T22:53:00.001+0000] {processor.py:925} INFO - DAG(s) 'fix_permissions_dag' retrieved from /opt/airflow/dags/permission_fixer_dag.py
[2025-05-01T22:53:00.019+0000] {logging_mixin.py:190} INFO - [2025-05-01T22:53:00.019+0000] {dag.py:3239} INFO - Sync 1 DAGs
[2025-05-01T22:53:00.031+0000] {logging_mixin.py:190} INFO - [2025-05-01T22:53:00.031+0000] {dag.py:4180} INFO - Setting next_dagrun for fix_permissions_dag to 2025-05-01 22:00:00+00:00, run_after=2025-05-01 23:00:00+00:00
[2025-05-01T22:53:00.037+0000] {processor.py:208} INFO - Processing /opt/airflow/dags/permission_fixer_dag.py took 0.054 seconds
[2025-05-01T22:53:30.305+0000] {processor.py:186} INFO - Started process (PID=121) to work on /opt/airflow/dags/permission_fixer_dag.py
[2025-05-01T22:53:30.306+0000] {processor.py:914} INFO - Processing file /opt/airflow/dags/permission_fixer_dag.py for tasks to queue
[2025-05-01T22:53:30.307+0000] {logging_mixin.py:190} INFO - [2025-05-01T22:53:30.306+0000] {dagbag.py:588} INFO - Filling up the DagBag from /opt/airflow/dags/permission_fixer_dag.py
[2025-05-01T22:53:30.314+0000] {processor.py:925} INFO - DAG(s) 'fix_permissions_dag' retrieved from /opt/airflow/dags/permission_fixer_dag.py
[2025-05-01T22:53:30.328+0000] {logging_mixin.py:190} INFO - [2025-05-01T22:53:30.328+0000] {dag.py:3239} INFO - Sync 1 DAGs
[2025-05-01T22:53:30.338+0000] {logging_mixin.py:190} INFO - [2025-05-01T22:53:30.338+0000] {dag.py:4180} INFO - Setting next_dagrun for fix_permissions_dag to 2025-05-01 22:00:00+00:00, run_after=2025-05-01 23:00:00+00:00
[2025-05-01T22:53:30.345+0000] {processor.py:208} INFO - Processing /opt/airflow/dags/permission_fixer_dag.py took 0.045 seconds
[2025-05-01T22:54:00.555+0000] {processor.py:186} INFO - Started process (PID=123) to work on /opt/airflow/dags/permission_fixer_dag.py
[2025-05-01T22:54:00.556+0000] {processor.py:914} INFO - Processing file /opt/airflow/dags/permission_fixer_dag.py for tasks to queue
[2025-05-01T22:54:00.557+0000] {logging_mixin.py:190} INFO - [2025-05-01T22:54:00.557+0000] {dagbag.py:588} INFO - Filling up the DagBag from /opt/airflow/dags/permission_fixer_dag.py
[2025-05-01T22:54:00.565+0000] {processor.py:925} INFO - DAG(s) 'fix_permissions_dag' retrieved from /opt/airflow/dags/permission_fixer_dag.py
[2025-05-01T22:54:00.582+0000] {logging_mixin.py:190} INFO - [2025-05-01T22:54:00.581+0000] {dag.py:3239} INFO - Sync 1 DAGs
[2025-05-01T22:54:00.593+0000] {logging_mixin.py:190} INFO - [2025-05-01T22:54:00.593+0000] {dag.py:4180} INFO - Setting next_dagrun for fix_permissions_dag to 2025-05-01 22:00:00+00:00, run_after=2025-05-01 23:00:00+00:00
[2025-05-01T22:54:00.600+0000] {processor.py:208} INFO - Processing /opt/airflow/dags/permission_fixer_dag.py took 0.051 seconds
[2025-05-01T22:54:30.774+0000] {processor.py:186} INFO - Started process (PID=125) to work on /opt/airflow/dags/permission_fixer_dag.py
[2025-05-01T22:54:30.775+0000] {processor.py:914} INFO - Processing file /opt/airflow/dags/permission_fixer_dag.py for tasks to queue
[2025-05-01T22:54:30.776+0000] {logging_mixin.py:190} INFO - [2025-05-01T22:54:30.775+0000] {dagbag.py:588} INFO - Filling up the DagBag from /opt/airflow/dags/permission_fixer_dag.py
[2025-05-01T22:54:30.783+0000] {processor.py:925} INFO - DAG(s) 'fix_permissions_dag' retrieved from /opt/airflow/dags/permission_fixer_dag.py
[2025-05-01T22:54:30.797+0000] {logging_mixin.py:190} INFO - [2025-05-01T22:54:30.796+0000] {dag.py:3239} INFO - Sync 1 DAGs
[2025-05-01T22:54:30.807+0000] {logging_mixin.py:190} INFO - [2025-05-01T22:54:30.807+0000] {dag.py:4180} INFO - Setting next_dagrun for fix_permissions_dag to 2025-05-01 22:00:00+00:00, run_after=2025-05-01 23:00:00+00:00
[2025-05-01T22:54:30.814+0000] {processor.py:208} INFO - Processing /opt/airflow/dags/permission_fixer_dag.py took 0.044 seconds
[2025-05-01T22:55:01.073+0000] {processor.py:186} INFO - Started process (PID=127) to work on /opt/airflow/dags/permission_fixer_dag.py
[2025-05-01T22:55:01.074+0000] {processor.py:914} INFO - Processing file /opt/airflow/dags/permission_fixer_dag.py for tasks to queue
[2025-05-01T22:55:01.074+0000] {logging_mixin.py:190} INFO - [2025-05-01T22:55:01.074+0000] {dagbag.py:588} INFO - Filling up the DagBag from /opt/airflow/dags/permission_fixer_dag.py
[2025-05-01T22:55:01.081+0000] {processor.py:925} INFO - DAG(s) 'fix_permissions_dag' retrieved from /opt/airflow/dags/permission_fixer_dag.py
[2025-05-01T22:55:01.096+0000] {logging_mixin.py:190} INFO - [2025-05-01T22:55:01.095+0000] {dag.py:3239} INFO - Sync 1 DAGs
[2025-05-01T22:55:01.106+0000] {logging_mixin.py:190} INFO - [2025-05-01T22:55:01.106+0000] {dag.py:4180} INFO - Setting next_dagrun for fix_permissions_dag to 2025-05-01 22:00:00+00:00, run_after=2025-05-01 23:00:00+00:00
[2025-05-01T22:55:01.113+0000] {processor.py:208} INFO - Processing /opt/airflow/dags/permission_fixer_dag.py took 0.044 seconds
[2025-05-01T22:55:31.360+0000] {processor.py:186} INFO - Started process (PID=129) to work on /opt/airflow/dags/permission_fixer_dag.py
[2025-05-01T22:55:31.360+0000] {processor.py:914} INFO - Processing file /opt/airflow/dags/permission_fixer_dag.py for tasks to queue
[2025-05-01T22:55:31.361+0000] {logging_mixin.py:190} INFO - [2025-05-01T22:55:31.361+0000] {dagbag.py:588} INFO - Filling up the DagBag from /opt/airflow/dags/permission_fixer_dag.py
[2025-05-01T22:55:31.371+0000] {processor.py:925} INFO - DAG(s) 'fix_permissions_dag' retrieved from /opt/airflow/dags/permission_fixer_dag.py
[2025-05-01T22:55:31.386+0000] {logging_mixin.py:190} INFO - [2025-05-01T22:55:31.386+0000] {dag.py:3239} INFO - Sync 1 DAGs
[2025-05-01T22:55:31.398+0000] {logging_mixin.py:190} INFO - [2025-05-01T22:55:31.398+0000] {dag.py:4180} INFO - Setting next_dagrun for fix_permissions_dag to 2025-05-01 22:00:00+00:00, run_after=2025-05-01 23:00:00+00:00
[2025-05-01T22:55:31.405+0000] {processor.py:208} INFO - Processing /opt/airflow/dags/permission_fixer_dag.py took 0.050 seconds
[2025-05-01T22:56:01.660+0000] {processor.py:186} INFO - Started process (PID=131) to work on /opt/airflow/dags/permission_fixer_dag.py
[2025-05-01T22:56:01.661+0000] {processor.py:914} INFO - Processing file /opt/airflow/dags/permission_fixer_dag.py for tasks to queue
[2025-05-01T22:56:01.662+0000] {logging_mixin.py:190} INFO - [2025-05-01T22:56:01.662+0000] {dagbag.py:588} INFO - Filling up the DagBag from /opt/airflow/dags/permission_fixer_dag.py
[2025-05-01T22:56:01.671+0000] {processor.py:925} INFO - DAG(s) 'fix_permissions_dag' retrieved from /opt/airflow/dags/permission_fixer_dag.py
[2025-05-01T22:56:01.687+0000] {logging_mixin.py:190} INFO - [2025-05-01T22:56:01.687+0000] {dag.py:3239} INFO - Sync 1 DAGs
[2025-05-01T22:56:01.699+0000] {logging_mixin.py:190} INFO - [2025-05-01T22:56:01.699+0000] {dag.py:4180} INFO - Setting next_dagrun for fix_permissions_dag to 2025-05-01 22:00:00+00:00, run_after=2025-05-01 23:00:00+00:00
[2025-05-01T22:56:01.705+0000] {processor.py:208} INFO - Processing /opt/airflow/dags/permission_fixer_dag.py took 0.051 seconds
[2025-05-01T22:56:32.092+0000] {processor.py:186} INFO - Started process (PID=133) to work on /opt/airflow/dags/permission_fixer_dag.py
[2025-05-01T22:56:32.093+0000] {processor.py:914} INFO - Processing file /opt/airflow/dags/permission_fixer_dag.py for tasks to queue
[2025-05-01T22:56:32.094+0000] {logging_mixin.py:190} INFO - [2025-05-01T22:56:32.093+0000] {dagbag.py:588} INFO - Filling up the DagBag from /opt/airflow/dags/permission_fixer_dag.py
[2025-05-01T22:56:32.105+0000] {processor.py:925} INFO - DAG(s) 'fix_permissions_dag' retrieved from /opt/airflow/dags/permission_fixer_dag.py
[2025-05-01T22:56:32.122+0000] {logging_mixin.py:190} INFO - [2025-05-01T22:56:32.122+0000] {dag.py:3239} INFO - Sync 1 DAGs
[2025-05-01T22:56:32.133+0000] {logging_mixin.py:190} INFO - [2025-05-01T22:56:32.133+0000] {dag.py:4180} INFO - Setting next_dagrun for fix_permissions_dag to 2025-05-01 22:00:00+00:00, run_after=2025-05-01 23:00:00+00:00
[2025-05-01T22:56:32.142+0000] {processor.py:208} INFO - Processing /opt/airflow/dags/permission_fixer_dag.py took 0.058 seconds
[2025-05-01T22:57:02.498+0000] {processor.py:186} INFO - Started process (PID=135) to work on /opt/airflow/dags/permission_fixer_dag.py
[2025-05-01T22:57:02.499+0000] {processor.py:914} INFO - Processing file /opt/airflow/dags/permission_fixer_dag.py for tasks to queue
[2025-05-01T22:57:02.500+0000] {logging_mixin.py:190} INFO - [2025-05-01T22:57:02.499+0000] {dagbag.py:588} INFO - Filling up the DagBag from /opt/airflow/dags/permission_fixer_dag.py
[2025-05-01T22:57:02.508+0000] {processor.py:925} INFO - DAG(s) 'fix_permissions_dag' retrieved from /opt/airflow/dags/permission_fixer_dag.py
[2025-05-01T22:57:02.523+0000] {logging_mixin.py:190} INFO - [2025-05-01T22:57:02.523+0000] {dag.py:3239} INFO - Sync 1 DAGs
[2025-05-01T22:57:02.536+0000] {logging_mixin.py:190} INFO - [2025-05-01T22:57:02.536+0000] {dag.py:4180} INFO - Setting next_dagrun for fix_permissions_dag to 2025-05-01 22:00:00+00:00, run_after=2025-05-01 23:00:00+00:00
[2025-05-01T22:57:02.544+0000] {processor.py:208} INFO - Processing /opt/airflow/dags/permission_fixer_dag.py took 0.051 seconds
[2025-05-01T22:57:32.898+0000] {processor.py:186} INFO - Started process (PID=137) to work on /opt/airflow/dags/permission_fixer_dag.py
[2025-05-01T22:57:32.899+0000] {processor.py:914} INFO - Processing file /opt/airflow/dags/permission_fixer_dag.py for tasks to queue
[2025-05-01T22:57:32.900+0000] {logging_mixin.py:190} INFO - [2025-05-01T22:57:32.900+0000] {dagbag.py:588} INFO - Filling up the DagBag from /opt/airflow/dags/permission_fixer_dag.py
[2025-05-01T22:57:32.910+0000] {processor.py:925} INFO - DAG(s) 'fix_permissions_dag' retrieved from /opt/airflow/dags/permission_fixer_dag.py
[2025-05-01T22:57:32.928+0000] {logging_mixin.py:190} INFO - [2025-05-01T22:57:32.928+0000] {dag.py:3239} INFO - Sync 1 DAGs
[2025-05-01T22:57:32.938+0000] {logging_mixin.py:190} INFO - [2025-05-01T22:57:32.938+0000] {dag.py:4180} INFO - Setting next_dagrun for fix_permissions_dag to 2025-05-01 22:00:00+00:00, run_after=2025-05-01 23:00:00+00:00
[2025-05-01T22:57:32.945+0000] {processor.py:208} INFO - Processing /opt/airflow/dags/permission_fixer_dag.py took 0.055 seconds
[2025-05-01T22:58:03.287+0000] {processor.py:186} INFO - Started process (PID=139) to work on /opt/airflow/dags/permission_fixer_dag.py
[2025-05-01T22:58:03.288+0000] {processor.py:914} INFO - Processing file /opt/airflow/dags/permission_fixer_dag.py for tasks to queue
[2025-05-01T22:58:03.289+0000] {logging_mixin.py:190} INFO - [2025-05-01T22:58:03.289+0000] {dagbag.py:588} INFO - Filling up the DagBag from /opt/airflow/dags/permission_fixer_dag.py
[2025-05-01T22:58:03.300+0000] {processor.py:925} INFO - DAG(s) 'fix_permissions_dag' retrieved from /opt/airflow/dags/permission_fixer_dag.py
[2025-05-01T22:58:03.317+0000] {logging_mixin.py:190} INFO - [2025-05-01T22:58:03.317+0000] {dag.py:3239} INFO - Sync 1 DAGs
[2025-05-01T22:58:03.328+0000] {logging_mixin.py:190} INFO - [2025-05-01T22:58:03.328+0000] {dag.py:4180} INFO - Setting next_dagrun for fix_permissions_dag to 2025-05-01 22:00:00+00:00, run_after=2025-05-01 23:00:00+00:00
[2025-05-01T22:58:03.335+0000] {processor.py:208} INFO - Processing /opt/airflow/dags/permission_fixer_dag.py took 0.056 seconds
[2025-05-01T22:58:33.705+0000] {processor.py:186} INFO - Started process (PID=141) to work on /opt/airflow/dags/permission_fixer_dag.py
[2025-05-01T22:58:33.706+0000] {processor.py:914} INFO - Processing file /opt/airflow/dags/permission_fixer_dag.py for tasks to queue
[2025-05-01T22:58:33.707+0000] {logging_mixin.py:190} INFO - [2025-05-01T22:58:33.707+0000] {dagbag.py:588} INFO - Filling up the DagBag from /opt/airflow/dags/permission_fixer_dag.py
[2025-05-01T22:58:33.718+0000] {processor.py:925} INFO - DAG(s) 'fix_permissions_dag' retrieved from /opt/airflow/dags/permission_fixer_dag.py
[2025-05-01T22:58:33.734+0000] {logging_mixin.py:190} INFO - [2025-05-01T22:58:33.734+0000] {dag.py:3239} INFO - Sync 1 DAGs
[2025-05-01T22:58:33.746+0000] {logging_mixin.py:190} INFO - [2025-05-01T22:58:33.745+0000] {dag.py:4180} INFO - Setting next_dagrun for fix_permissions_dag to 2025-05-01 22:00:00+00:00, run_after=2025-05-01 23:00:00+00:00
[2025-05-01T22:58:33.752+0000] {processor.py:208} INFO - Processing /opt/airflow/dags/permission_fixer_dag.py took 0.056 seconds
[2025-05-01T22:59:03.935+0000] {processor.py:186} INFO - Started process (PID=143) to work on /opt/airflow/dags/permission_fixer_dag.py
[2025-05-01T22:59:03.936+0000] {processor.py:914} INFO - Processing file /opt/airflow/dags/permission_fixer_dag.py for tasks to queue
[2025-05-01T22:59:03.937+0000] {logging_mixin.py:190} INFO - [2025-05-01T22:59:03.936+0000] {dagbag.py:588} INFO - Filling up the DagBag from /opt/airflow/dags/permission_fixer_dag.py
[2025-05-01T22:59:03.943+0000] {processor.py:925} INFO - DAG(s) 'fix_permissions_dag' retrieved from /opt/airflow/dags/permission_fixer_dag.py
[2025-05-01T22:59:03.958+0000] {logging_mixin.py:190} INFO - [2025-05-01T22:59:03.958+0000] {dag.py:3239} INFO - Sync 1 DAGs
[2025-05-01T22:59:03.970+0000] {logging_mixin.py:190} INFO - [2025-05-01T22:59:03.970+0000] {dag.py:4180} INFO - Setting next_dagrun for fix_permissions_dag to 2025-05-01 22:00:00+00:00, run_after=2025-05-01 23:00:00+00:00
[2025-05-01T22:59:03.979+0000] {processor.py:208} INFO - Processing /opt/airflow/dags/permission_fixer_dag.py took 0.047 seconds
[2025-05-01T22:59:34.097+0000] {processor.py:186} INFO - Started process (PID=145) to work on /opt/airflow/dags/permission_fixer_dag.py
[2025-05-01T22:59:34.097+0000] {processor.py:914} INFO - Processing file /opt/airflow/dags/permission_fixer_dag.py for tasks to queue
[2025-05-01T22:59:34.097+0000] {logging_mixin.py:190} INFO - [2025-05-01T22:59:34.097+0000] {dagbag.py:588} INFO - Filling up the DagBag from /opt/airflow/dags/permission_fixer_dag.py
[2025-05-01T22:59:34.104+0000] {processor.py:925} INFO - DAG(s) 'fix_permissions_dag' retrieved from /opt/airflow/dags/permission_fixer_dag.py
[2025-05-01T22:59:34.118+0000] {logging_mixin.py:190} INFO - [2025-05-01T22:59:34.118+0000] {dag.py:3239} INFO - Sync 1 DAGs
[2025-05-01T22:59:34.131+0000] {logging_mixin.py:190} INFO - [2025-05-01T22:59:34.131+0000] {dag.py:4180} INFO - Setting next_dagrun for fix_permissions_dag to 2025-05-01 22:00:00+00:00, run_after=2025-05-01 23:00:00+00:00
[2025-05-01T22:59:34.139+0000] {processor.py:208} INFO - Processing /opt/airflow/dags/permission_fixer_dag.py took 0.046 seconds
[2025-05-01T23:00:04.257+0000] {processor.py:186} INFO - Started process (PID=147) to work on /opt/airflow/dags/permission_fixer_dag.py
[2025-05-01T23:00:04.257+0000] {processor.py:914} INFO - Processing file /opt/airflow/dags/permission_fixer_dag.py for tasks to queue
[2025-05-01T23:00:04.258+0000] {logging_mixin.py:190} INFO - [2025-05-01T23:00:04.258+0000] {dagbag.py:588} INFO - Filling up the DagBag from /opt/airflow/dags/permission_fixer_dag.py
[2025-05-01T23:00:04.263+0000] {processor.py:925} INFO - DAG(s) 'fix_permissions_dag' retrieved from /opt/airflow/dags/permission_fixer_dag.py
[2025-05-01T23:00:04.277+0000] {logging_mixin.py:190} INFO - [2025-05-01T23:00:04.277+0000] {dag.py:3239} INFO - Sync 1 DAGs
[2025-05-01T23:00:04.288+0000] {logging_mixin.py:190} INFO - [2025-05-01T23:00:04.288+0000] {dag.py:4180} INFO - Setting next_dagrun for fix_permissions_dag to 2025-05-01 23:00:00+00:00, run_after=2025-05-02 00:00:00+00:00
[2025-05-01T23:00:04.297+0000] {processor.py:208} INFO - Processing /opt/airflow/dags/permission_fixer_dag.py took 0.044 seconds
[2025-05-01T23:00:34.407+0000] {processor.py:186} INFO - Started process (PID=149) to work on /opt/airflow/dags/permission_fixer_dag.py
[2025-05-01T23:00:34.407+0000] {processor.py:914} INFO - Processing file /opt/airflow/dags/permission_fixer_dag.py for tasks to queue
[2025-05-01T23:00:34.408+0000] {logging_mixin.py:190} INFO - [2025-05-01T23:00:34.408+0000] {dagbag.py:588} INFO - Filling up the DagBag from /opt/airflow/dags/permission_fixer_dag.py
[2025-05-01T23:00:34.414+0000] {processor.py:925} INFO - DAG(s) 'fix_permissions_dag' retrieved from /opt/airflow/dags/permission_fixer_dag.py
[2025-05-01T23:00:34.427+0000] {logging_mixin.py:190} INFO - [2025-05-01T23:00:34.427+0000] {dag.py:3239} INFO - Sync 1 DAGs
[2025-05-01T23:00:34.439+0000] {logging_mixin.py:190} INFO - [2025-05-01T23:00:34.439+0000] {dag.py:4180} INFO - Setting next_dagrun for fix_permissions_dag to 2025-05-01 23:00:00+00:00, run_after=2025-05-02 00:00:00+00:00
[2025-05-01T23:00:34.446+0000] {processor.py:208} INFO - Processing /opt/airflow/dags/permission_fixer_dag.py took 0.043 seconds
[2025-05-01T23:01:04.566+0000] {processor.py:186} INFO - Started process (PID=151) to work on /opt/airflow/dags/permission_fixer_dag.py
[2025-05-01T23:01:04.566+0000] {processor.py:914} INFO - Processing file /opt/airflow/dags/permission_fixer_dag.py for tasks to queue
[2025-05-01T23:01:04.567+0000] {logging_mixin.py:190} INFO - [2025-05-01T23:01:04.567+0000] {dagbag.py:588} INFO - Filling up the DagBag from /opt/airflow/dags/permission_fixer_dag.py
[2025-05-01T23:01:04.571+0000] {processor.py:925} INFO - DAG(s) 'fix_permissions_dag' retrieved from /opt/airflow/dags/permission_fixer_dag.py
[2025-05-01T23:01:04.582+0000] {logging_mixin.py:190} INFO - [2025-05-01T23:01:04.582+0000] {dag.py:3239} INFO - Sync 1 DAGs
[2025-05-01T23:01:04.590+0000] {logging_mixin.py:190} INFO - [2025-05-01T23:01:04.590+0000] {dag.py:4180} INFO - Setting next_dagrun for fix_permissions_dag to 2025-05-01 23:00:00+00:00, run_after=2025-05-02 00:00:00+00:00
[2025-05-01T23:01:04.598+0000] {processor.py:208} INFO - Processing /opt/airflow/dags/permission_fixer_dag.py took 0.034 seconds
[2025-05-01T23:01:34.711+0000] {processor.py:186} INFO - Started process (PID=153) to work on /opt/airflow/dags/permission_fixer_dag.py
[2025-05-01T23:01:34.711+0000] {processor.py:914} INFO - Processing file /opt/airflow/dags/permission_fixer_dag.py for tasks to queue
[2025-05-01T23:01:34.712+0000] {logging_mixin.py:190} INFO - [2025-05-01T23:01:34.712+0000] {dagbag.py:588} INFO - Filling up the DagBag from /opt/airflow/dags/permission_fixer_dag.py
[2025-05-01T23:01:34.718+0000] {processor.py:925} INFO - DAG(s) 'fix_permissions_dag' retrieved from /opt/airflow/dags/permission_fixer_dag.py
[2025-05-01T23:01:34.731+0000] {logging_mixin.py:190} INFO - [2025-05-01T23:01:34.731+0000] {dag.py:3239} INFO - Sync 1 DAGs
[2025-05-01T23:01:34.743+0000] {logging_mixin.py:190} INFO - [2025-05-01T23:01:34.743+0000] {dag.py:4180} INFO - Setting next_dagrun for fix_permissions_dag to 2025-05-01 23:00:00+00:00, run_after=2025-05-02 00:00:00+00:00
[2025-05-01T23:01:34.755+0000] {processor.py:208} INFO - Processing /opt/airflow/dags/permission_fixer_dag.py took 0.047 seconds
[2025-05-01T23:02:04.883+0000] {processor.py:186} INFO - Started process (PID=155) to work on /opt/airflow/dags/permission_fixer_dag.py
[2025-05-01T23:02:04.884+0000] {processor.py:914} INFO - Processing file /opt/airflow/dags/permission_fixer_dag.py for tasks to queue
[2025-05-01T23:02:04.885+0000] {logging_mixin.py:190} INFO - [2025-05-01T23:02:04.884+0000] {dagbag.py:588} INFO - Filling up the DagBag from /opt/airflow/dags/permission_fixer_dag.py
[2025-05-01T23:02:04.890+0000] {processor.py:925} INFO - DAG(s) 'fix_permissions_dag' retrieved from /opt/airflow/dags/permission_fixer_dag.py
[2025-05-01T23:02:04.903+0000] {logging_mixin.py:190} INFO - [2025-05-01T23:02:04.903+0000] {dag.py:3239} INFO - Sync 1 DAGs
[2025-05-01T23:02:04.913+0000] {logging_mixin.py:190} INFO - [2025-05-01T23:02:04.913+0000] {dag.py:4180} INFO - Setting next_dagrun for fix_permissions_dag to 2025-05-01 23:00:00+00:00, run_after=2025-05-02 00:00:00+00:00
[2025-05-01T23:02:04.921+0000] {processor.py:208} INFO - Processing /opt/airflow/dags/permission_fixer_dag.py took 0.042 seconds
[2025-05-01T23:02:35.031+0000] {processor.py:186} INFO - Started process (PID=157) to work on /opt/airflow/dags/permission_fixer_dag.py
[2025-05-01T23:02:35.032+0000] {processor.py:914} INFO - Processing file /opt/airflow/dags/permission_fixer_dag.py for tasks to queue
[2025-05-01T23:02:35.033+0000] {logging_mixin.py:190} INFO - [2025-05-01T23:02:35.032+0000] {dagbag.py:588} INFO - Filling up the DagBag from /opt/airflow/dags/permission_fixer_dag.py
[2025-05-01T23:02:35.038+0000] {processor.py:925} INFO - DAG(s) 'fix_permissions_dag' retrieved from /opt/airflow/dags/permission_fixer_dag.py
[2025-05-01T23:02:35.050+0000] {logging_mixin.py:190} INFO - [2025-05-01T23:02:35.050+0000] {dag.py:3239} INFO - Sync 1 DAGs
[2025-05-01T23:02:35.061+0000] {logging_mixin.py:190} INFO - [2025-05-01T23:02:35.061+0000] {dag.py:4180} INFO - Setting next_dagrun for fix_permissions_dag to 2025-05-01 23:00:00+00:00, run_after=2025-05-02 00:00:00+00:00
[2025-05-01T23:02:35.068+0000] {processor.py:208} INFO - Processing /opt/airflow/dags/permission_fixer_dag.py took 0.040 seconds
[2025-05-01T23:03:05.185+0000] {processor.py:186} INFO - Started process (PID=159) to work on /opt/airflow/dags/permission_fixer_dag.py
[2025-05-01T23:03:05.186+0000] {processor.py:914} INFO - Processing file /opt/airflow/dags/permission_fixer_dag.py for tasks to queue
[2025-05-01T23:03:05.186+0000] {logging_mixin.py:190} INFO - [2025-05-01T23:03:05.186+0000] {dagbag.py:588} INFO - Filling up the DagBag from /opt/airflow/dags/permission_fixer_dag.py
[2025-05-01T23:03:05.192+0000] {processor.py:925} INFO - DAG(s) 'fix_permissions_dag' retrieved from /opt/airflow/dags/permission_fixer_dag.py
[2025-05-01T23:03:05.204+0000] {logging_mixin.py:190} INFO - [2025-05-01T23:03:05.204+0000] {dag.py:3239} INFO - Sync 1 DAGs
[2025-05-01T23:03:05.215+0000] {logging_mixin.py:190} INFO - [2025-05-01T23:03:05.215+0000] {dag.py:4180} INFO - Setting next_dagrun for fix_permissions_dag to 2025-05-01 23:00:00+00:00, run_after=2025-05-02 00:00:00+00:00
[2025-05-01T23:03:05.223+0000] {processor.py:208} INFO - Processing /opt/airflow/dags/permission_fixer_dag.py took 0.041 seconds
[2025-05-01T23:03:35.572+0000] {processor.py:186} INFO - Started process (PID=162) to work on /opt/airflow/dags/permission_fixer_dag.py
[2025-05-01T23:03:35.573+0000] {processor.py:914} INFO - Processing file /opt/airflow/dags/permission_fixer_dag.py for tasks to queue
[2025-05-01T23:03:35.573+0000] {logging_mixin.py:190} INFO - [2025-05-01T23:03:35.573+0000] {dagbag.py:588} INFO - Filling up the DagBag from /opt/airflow/dags/permission_fixer_dag.py
[2025-05-01T23:03:35.579+0000] {processor.py:925} INFO - DAG(s) 'fix_permissions_dag' retrieved from /opt/airflow/dags/permission_fixer_dag.py
[2025-05-01T23:03:35.592+0000] {logging_mixin.py:190} INFO - [2025-05-01T23:03:35.592+0000] {dag.py:3239} INFO - Sync 1 DAGs
[2025-05-01T23:03:35.603+0000] {logging_mixin.py:190} INFO - [2025-05-01T23:03:35.603+0000] {dag.py:4180} INFO - Setting next_dagrun for fix_permissions_dag to 2025-05-01 23:00:00+00:00, run_after=2025-05-02 00:00:00+00:00
[2025-05-01T23:03:35.611+0000] {processor.py:208} INFO - Processing /opt/airflow/dags/permission_fixer_dag.py took 0.042 seconds
[2025-05-01T23:04:05.727+0000] {processor.py:186} INFO - Started process (PID=164) to work on /opt/airflow/dags/permission_fixer_dag.py
[2025-05-01T23:04:05.727+0000] {processor.py:914} INFO - Processing file /opt/airflow/dags/permission_fixer_dag.py for tasks to queue
[2025-05-01T23:04:05.728+0000] {logging_mixin.py:190} INFO - [2025-05-01T23:04:05.728+0000] {dagbag.py:588} INFO - Filling up the DagBag from /opt/airflow/dags/permission_fixer_dag.py
[2025-05-01T23:04:05.734+0000] {processor.py:925} INFO - DAG(s) 'fix_permissions_dag' retrieved from /opt/airflow/dags/permission_fixer_dag.py
[2025-05-01T23:04:05.745+0000] {logging_mixin.py:190} INFO - [2025-05-01T23:04:05.745+0000] {dag.py:3239} INFO - Sync 1 DAGs
[2025-05-01T23:04:05.755+0000] {logging_mixin.py:190} INFO - [2025-05-01T23:04:05.755+0000] {dag.py:4180} INFO - Setting next_dagrun for fix_permissions_dag to 2025-05-01 23:00:00+00:00, run_after=2025-05-02 00:00:00+00:00
[2025-05-01T23:04:05.761+0000] {processor.py:208} INFO - Processing /opt/airflow/dags/permission_fixer_dag.py took 0.038 seconds
[2025-05-01T23:04:36.054+0000] {processor.py:186} INFO - Started process (PID=166) to work on /opt/airflow/dags/permission_fixer_dag.py
[2025-05-01T23:04:36.054+0000] {processor.py:914} INFO - Processing file /opt/airflow/dags/permission_fixer_dag.py for tasks to queue
[2025-05-01T23:04:36.055+0000] {logging_mixin.py:190} INFO - [2025-05-01T23:04:36.055+0000] {dagbag.py:588} INFO - Filling up the DagBag from /opt/airflow/dags/permission_fixer_dag.py
[2025-05-01T23:04:36.064+0000] {processor.py:925} INFO - DAG(s) 'fix_permissions_dag' retrieved from /opt/airflow/dags/permission_fixer_dag.py
[2025-05-01T23:04:36.078+0000] {logging_mixin.py:190} INFO - [2025-05-01T23:04:36.077+0000] {dag.py:3239} INFO - Sync 1 DAGs
[2025-05-01T23:04:36.088+0000] {logging_mixin.py:190} INFO - [2025-05-01T23:04:36.088+0000] {dag.py:4180} INFO - Setting next_dagrun for fix_permissions_dag to 2025-05-01 23:00:00+00:00, run_after=2025-05-02 00:00:00+00:00
[2025-05-01T23:04:36.095+0000] {processor.py:208} INFO - Processing /opt/airflow/dags/permission_fixer_dag.py took 0.046 seconds
[2025-05-01T23:05:06.299+0000] {processor.py:186} INFO - Started process (PID=168) to work on /opt/airflow/dags/permission_fixer_dag.py
[2025-05-01T23:05:06.299+0000] {processor.py:914} INFO - Processing file /opt/airflow/dags/permission_fixer_dag.py for tasks to queue
[2025-05-01T23:05:06.300+0000] {logging_mixin.py:190} INFO - [2025-05-01T23:05:06.300+0000] {dagbag.py:588} INFO - Filling up the DagBag from /opt/airflow/dags/permission_fixer_dag.py
[2025-05-01T23:05:06.307+0000] {processor.py:925} INFO - DAG(s) 'fix_permissions_dag' retrieved from /opt/airflow/dags/permission_fixer_dag.py
[2025-05-01T23:05:06.322+0000] {logging_mixin.py:190} INFO - [2025-05-01T23:05:06.322+0000] {dag.py:3239} INFO - Sync 1 DAGs
[2025-05-01T23:05:06.334+0000] {logging_mixin.py:190} INFO - [2025-05-01T23:05:06.334+0000] {dag.py:4180} INFO - Setting next_dagrun for fix_permissions_dag to 2025-05-01 23:00:00+00:00, run_after=2025-05-02 00:00:00+00:00
[2025-05-01T23:05:06.341+0000] {processor.py:208} INFO - Processing /opt/airflow/dags/permission_fixer_dag.py took 0.049 seconds
[2025-05-01T23:05:36.678+0000] {processor.py:186} INFO - Started process (PID=170) to work on /opt/airflow/dags/permission_fixer_dag.py
[2025-05-01T23:05:36.679+0000] {processor.py:914} INFO - Processing file /opt/airflow/dags/permission_fixer_dag.py for tasks to queue
[2025-05-01T23:05:36.680+0000] {logging_mixin.py:190} INFO - [2025-05-01T23:05:36.680+0000] {dagbag.py:588} INFO - Filling up the DagBag from /opt/airflow/dags/permission_fixer_dag.py
[2025-05-01T23:05:36.692+0000] {processor.py:925} INFO - DAG(s) 'fix_permissions_dag' retrieved from /opt/airflow/dags/permission_fixer_dag.py
[2025-05-01T23:05:36.709+0000] {logging_mixin.py:190} INFO - [2025-05-01T23:05:36.709+0000] {dag.py:3239} INFO - Sync 1 DAGs
[2025-05-01T23:05:36.720+0000] {logging_mixin.py:190} INFO - [2025-05-01T23:05:36.720+0000] {dag.py:4180} INFO - Setting next_dagrun for fix_permissions_dag to 2025-05-01 23:00:00+00:00, run_after=2025-05-02 00:00:00+00:00
[2025-05-01T23:05:36.727+0000] {processor.py:208} INFO - Processing /opt/airflow/dags/permission_fixer_dag.py took 0.056 seconds
[2025-05-01T23:06:07.099+0000] {processor.py:186} INFO - Started process (PID=172) to work on /opt/airflow/dags/permission_fixer_dag.py
[2025-05-01T23:06:07.100+0000] {processor.py:914} INFO - Processing file /opt/airflow/dags/permission_fixer_dag.py for tasks to queue
[2025-05-01T23:06:07.101+0000] {logging_mixin.py:190} INFO - [2025-05-01T23:06:07.101+0000] {dagbag.py:588} INFO - Filling up the DagBag from /opt/airflow/dags/permission_fixer_dag.py
[2025-05-01T23:06:07.111+0000] {processor.py:925} INFO - DAG(s) 'fix_permissions_dag' retrieved from /opt/airflow/dags/permission_fixer_dag.py
[2025-05-01T23:06:07.128+0000] {logging_mixin.py:190} INFO - [2025-05-01T23:06:07.128+0000] {dag.py:3239} INFO - Sync 1 DAGs
[2025-05-01T23:06:07.139+0000] {logging_mixin.py:190} INFO - [2025-05-01T23:06:07.139+0000] {dag.py:4180} INFO - Setting next_dagrun for fix_permissions_dag to 2025-05-01 23:00:00+00:00, run_after=2025-05-02 00:00:00+00:00
[2025-05-01T23:06:07.146+0000] {processor.py:208} INFO - Processing /opt/airflow/dags/permission_fixer_dag.py took 0.054 seconds
[2025-05-01T23:06:37.474+0000] {processor.py:186} INFO - Started process (PID=174) to work on /opt/airflow/dags/permission_fixer_dag.py
[2025-05-01T23:06:37.475+0000] {processor.py:914} INFO - Processing file /opt/airflow/dags/permission_fixer_dag.py for tasks to queue
[2025-05-01T23:06:37.475+0000] {logging_mixin.py:190} INFO - [2025-05-01T23:06:37.475+0000] {dagbag.py:588} INFO - Filling up the DagBag from /opt/airflow/dags/permission_fixer_dag.py
[2025-05-01T23:06:37.486+0000] {processor.py:925} INFO - DAG(s) 'fix_permissions_dag' retrieved from /opt/airflow/dags/permission_fixer_dag.py
[2025-05-01T23:06:37.502+0000] {logging_mixin.py:190} INFO - [2025-05-01T23:06:37.502+0000] {dag.py:3239} INFO - Sync 1 DAGs
[2025-05-01T23:06:37.513+0000] {logging_mixin.py:190} INFO - [2025-05-01T23:06:37.513+0000] {dag.py:4180} INFO - Setting next_dagrun for fix_permissions_dag to 2025-05-01 23:00:00+00:00, run_after=2025-05-02 00:00:00+00:00
[2025-05-01T23:06:37.521+0000] {processor.py:208} INFO - Processing /opt/airflow/dags/permission_fixer_dag.py took 0.052 seconds
[2025-05-01T23:07:07.854+0000] {processor.py:186} INFO - Started process (PID=176) to work on /opt/airflow/dags/permission_fixer_dag.py
[2025-05-01T23:07:07.855+0000] {processor.py:914} INFO - Processing file /opt/airflow/dags/permission_fixer_dag.py for tasks to queue
[2025-05-01T23:07:07.856+0000] {logging_mixin.py:190} INFO - [2025-05-01T23:07:07.856+0000] {dagbag.py:588} INFO - Filling up the DagBag from /opt/airflow/dags/permission_fixer_dag.py
[2025-05-01T23:07:07.867+0000] {processor.py:925} INFO - DAG(s) 'fix_permissions_dag' retrieved from /opt/airflow/dags/permission_fixer_dag.py
[2025-05-01T23:07:07.884+0000] {logging_mixin.py:190} INFO - [2025-05-01T23:07:07.884+0000] {dag.py:3239} INFO - Sync 1 DAGs
[2025-05-01T23:07:07.895+0000] {logging_mixin.py:190} INFO - [2025-05-01T23:07:07.895+0000] {dag.py:4180} INFO - Setting next_dagrun for fix_permissions_dag to 2025-05-01 23:00:00+00:00, run_after=2025-05-02 00:00:00+00:00
[2025-05-01T23:07:07.902+0000] {processor.py:208} INFO - Processing /opt/airflow/dags/permission_fixer_dag.py took 0.056 seconds
[2025-05-01T23:07:38.277+0000] {processor.py:186} INFO - Started process (PID=178) to work on /opt/airflow/dags/permission_fixer_dag.py
[2025-05-01T23:07:38.278+0000] {processor.py:914} INFO - Processing file /opt/airflow/dags/permission_fixer_dag.py for tasks to queue
[2025-05-01T23:07:38.279+0000] {logging_mixin.py:190} INFO - [2025-05-01T23:07:38.278+0000] {dagbag.py:588} INFO - Filling up the DagBag from /opt/airflow/dags/permission_fixer_dag.py
[2025-05-01T23:07:38.289+0000] {processor.py:925} INFO - DAG(s) 'fix_permissions_dag' retrieved from /opt/airflow/dags/permission_fixer_dag.py
[2025-05-01T23:07:38.306+0000] {logging_mixin.py:190} INFO - [2025-05-01T23:07:38.306+0000] {dag.py:3239} INFO - Sync 1 DAGs
[2025-05-01T23:07:38.317+0000] {logging_mixin.py:190} INFO - [2025-05-01T23:07:38.317+0000] {dag.py:4180} INFO - Setting next_dagrun for fix_permissions_dag to 2025-05-01 23:00:00+00:00, run_after=2025-05-02 00:00:00+00:00
[2025-05-01T23:07:38.324+0000] {processor.py:208} INFO - Processing /opt/airflow/dags/permission_fixer_dag.py took 0.055 seconds
[2025-05-01T23:08:08.649+0000] {processor.py:186} INFO - Started process (PID=180) to work on /opt/airflow/dags/permission_fixer_dag.py
[2025-05-01T23:08:08.651+0000] {processor.py:914} INFO - Processing file /opt/airflow/dags/permission_fixer_dag.py for tasks to queue
[2025-05-01T23:08:08.652+0000] {logging_mixin.py:190} INFO - [2025-05-01T23:08:08.651+0000] {dagbag.py:588} INFO - Filling up the DagBag from /opt/airflow/dags/permission_fixer_dag.py
[2025-05-01T23:08:08.663+0000] {processor.py:925} INFO - DAG(s) 'fix_permissions_dag' retrieved from /opt/airflow/dags/permission_fixer_dag.py
[2025-05-01T23:08:08.678+0000] {logging_mixin.py:190} INFO - [2025-05-01T23:08:08.678+0000] {dag.py:3239} INFO - Sync 1 DAGs
[2025-05-01T23:08:08.692+0000] {logging_mixin.py:190} INFO - [2025-05-01T23:08:08.691+0000] {dag.py:4180} INFO - Setting next_dagrun for fix_permissions_dag to 2025-05-01 23:00:00+00:00, run_after=2025-05-02 00:00:00+00:00
[2025-05-01T23:08:08.699+0000] {processor.py:208} INFO - Processing /opt/airflow/dags/permission_fixer_dag.py took 0.058 seconds
[2025-05-01T23:08:39.051+0000] {processor.py:186} INFO - Started process (PID=182) to work on /opt/airflow/dags/permission_fixer_dag.py
[2025-05-01T23:08:39.052+0000] {processor.py:914} INFO - Processing file /opt/airflow/dags/permission_fixer_dag.py for tasks to queue
[2025-05-01T23:08:39.054+0000] {logging_mixin.py:190} INFO - [2025-05-01T23:08:39.054+0000] {dagbag.py:588} INFO - Filling up the DagBag from /opt/airflow/dags/permission_fixer_dag.py
[2025-05-01T23:08:39.064+0000] {processor.py:925} INFO - DAG(s) 'fix_permissions_dag' retrieved from /opt/airflow/dags/permission_fixer_dag.py
[2025-05-01T23:08:39.082+0000] {logging_mixin.py:190} INFO - [2025-05-01T23:08:39.082+0000] {dag.py:3239} INFO - Sync 1 DAGs
[2025-05-01T23:08:39.092+0000] {logging_mixin.py:190} INFO - [2025-05-01T23:08:39.092+0000] {dag.py:4180} INFO - Setting next_dagrun for fix_permissions_dag to 2025-05-01 23:00:00+00:00, run_after=2025-05-02 00:00:00+00:00
[2025-05-01T23:08:39.099+0000] {processor.py:208} INFO - Processing /opt/airflow/dags/permission_fixer_dag.py took 0.057 seconds
[2025-05-01T23:09:09.445+0000] {processor.py:186} INFO - Started process (PID=184) to work on /opt/airflow/dags/permission_fixer_dag.py
[2025-05-01T23:09:09.447+0000] {processor.py:914} INFO - Processing file /opt/airflow/dags/permission_fixer_dag.py for tasks to queue
[2025-05-01T23:09:09.449+0000] {logging_mixin.py:190} INFO - [2025-05-01T23:09:09.448+0000] {dagbag.py:588} INFO - Filling up the DagBag from /opt/airflow/dags/permission_fixer_dag.py
[2025-05-01T23:09:09.461+0000] {processor.py:925} INFO - DAG(s) 'fix_permissions_dag' retrieved from /opt/airflow/dags/permission_fixer_dag.py
[2025-05-01T23:09:09.479+0000] {logging_mixin.py:190} INFO - [2025-05-01T23:09:09.479+0000] {dag.py:3239} INFO - Sync 1 DAGs
[2025-05-01T23:09:09.490+0000] {logging_mixin.py:190} INFO - [2025-05-01T23:09:09.490+0000] {dag.py:4180} INFO - Setting next_dagrun for fix_permissions_dag to 2025-05-01 23:00:00+00:00, run_after=2025-05-02 00:00:00+00:00
[2025-05-01T23:09:09.498+0000] {processor.py:208} INFO - Processing /opt/airflow/dags/permission_fixer_dag.py took 0.062 seconds
[2025-05-01T23:09:39.887+0000] {processor.py:186} INFO - Started process (PID=186) to work on /opt/airflow/dags/permission_fixer_dag.py
[2025-05-01T23:09:39.888+0000] {processor.py:914} INFO - Processing file /opt/airflow/dags/permission_fixer_dag.py for tasks to queue
[2025-05-01T23:09:39.889+0000] {logging_mixin.py:190} INFO - [2025-05-01T23:09:39.888+0000] {dagbag.py:588} INFO - Filling up the DagBag from /opt/airflow/dags/permission_fixer_dag.py
[2025-05-01T23:09:39.898+0000] {processor.py:925} INFO - DAG(s) 'fix_permissions_dag' retrieved from /opt/airflow/dags/permission_fixer_dag.py
[2025-05-01T23:09:39.915+0000] {logging_mixin.py:190} INFO - [2025-05-01T23:09:39.915+0000] {dag.py:3239} INFO - Sync 1 DAGs
[2025-05-01T23:09:39.926+0000] {logging_mixin.py:190} INFO - [2025-05-01T23:09:39.926+0000] {dag.py:4180} INFO - Setting next_dagrun for fix_permissions_dag to 2025-05-01 23:00:00+00:00, run_after=2025-05-02 00:00:00+00:00
[2025-05-01T23:09:39.932+0000] {processor.py:208} INFO - Processing /opt/airflow/dags/permission_fixer_dag.py took 0.051 seconds
[2025-05-01T23:10:10.294+0000] {processor.py:186} INFO - Started process (PID=188) to work on /opt/airflow/dags/permission_fixer_dag.py
[2025-05-01T23:10:10.295+0000] {processor.py:914} INFO - Processing file /opt/airflow/dags/permission_fixer_dag.py for tasks to queue
[2025-05-01T23:10:10.296+0000] {logging_mixin.py:190} INFO - [2025-05-01T23:10:10.296+0000] {dagbag.py:588} INFO - Filling up the DagBag from /opt/airflow/dags/permission_fixer_dag.py
[2025-05-01T23:10:10.311+0000] {processor.py:925} INFO - DAG(s) 'fix_permissions_dag' retrieved from /opt/airflow/dags/permission_fixer_dag.py
[2025-05-01T23:10:10.330+0000] {logging_mixin.py:190} INFO - [2025-05-01T23:10:10.330+0000] {dag.py:3239} INFO - Sync 1 DAGs
[2025-05-01T23:10:10.342+0000] {logging_mixin.py:190} INFO - [2025-05-01T23:10:10.342+0000] {dag.py:4180} INFO - Setting next_dagrun for fix_permissions_dag to 2025-05-01 23:00:00+00:00, run_after=2025-05-02 00:00:00+00:00
[2025-05-01T23:10:10.349+0000] {processor.py:208} INFO - Processing /opt/airflow/dags/permission_fixer_dag.py took 0.065 seconds
[2025-05-01T23:10:40.709+0000] {processor.py:186} INFO - Started process (PID=190) to work on /opt/airflow/dags/permission_fixer_dag.py
[2025-05-01T23:10:40.710+0000] {processor.py:914} INFO - Processing file /opt/airflow/dags/permission_fixer_dag.py for tasks to queue
[2025-05-01T23:10:40.711+0000] {logging_mixin.py:190} INFO - [2025-05-01T23:10:40.711+0000] {dagbag.py:588} INFO - Filling up the DagBag from /opt/airflow/dags/permission_fixer_dag.py
[2025-05-01T23:10:40.722+0000] {processor.py:925} INFO - DAG(s) 'fix_permissions_dag' retrieved from /opt/airflow/dags/permission_fixer_dag.py
[2025-05-01T23:10:40.738+0000] {logging_mixin.py:190} INFO - [2025-05-01T23:10:40.738+0000] {dag.py:3239} INFO - Sync 1 DAGs
[2025-05-01T23:10:40.749+0000] {logging_mixin.py:190} INFO - [2025-05-01T23:10:40.749+0000] {dag.py:4180} INFO - Setting next_dagrun for fix_permissions_dag to 2025-05-01 23:00:00+00:00, run_after=2025-05-02 00:00:00+00:00
[2025-05-01T23:10:40.756+0000] {processor.py:208} INFO - Processing /opt/airflow/dags/permission_fixer_dag.py took 0.055 seconds
[2025-05-01T23:11:11.115+0000] {processor.py:186} INFO - Started process (PID=192) to work on /opt/airflow/dags/permission_fixer_dag.py
[2025-05-01T23:11:11.117+0000] {processor.py:914} INFO - Processing file /opt/airflow/dags/permission_fixer_dag.py for tasks to queue
[2025-05-01T23:11:11.119+0000] {logging_mixin.py:190} INFO - [2025-05-01T23:11:11.118+0000] {dagbag.py:588} INFO - Filling up the DagBag from /opt/airflow/dags/permission_fixer_dag.py
[2025-05-01T23:11:11.130+0000] {processor.py:925} INFO - DAG(s) 'fix_permissions_dag' retrieved from /opt/airflow/dags/permission_fixer_dag.py
[2025-05-01T23:11:11.147+0000] {logging_mixin.py:190} INFO - [2025-05-01T23:11:11.147+0000] {dag.py:3239} INFO - Sync 1 DAGs
[2025-05-01T23:11:11.159+0000] {logging_mixin.py:190} INFO - [2025-05-01T23:11:11.159+0000] {dag.py:4180} INFO - Setting next_dagrun for fix_permissions_dag to 2025-05-01 23:00:00+00:00, run_after=2025-05-02 00:00:00+00:00
[2025-05-01T23:11:11.166+0000] {processor.py:208} INFO - Processing /opt/airflow/dags/permission_fixer_dag.py took 0.059 seconds
[2025-05-01T23:11:41.483+0000] {processor.py:186} INFO - Started process (PID=194) to work on /opt/airflow/dags/permission_fixer_dag.py
[2025-05-01T23:11:41.484+0000] {processor.py:914} INFO - Processing file /opt/airflow/dags/permission_fixer_dag.py for tasks to queue
[2025-05-01T23:11:41.485+0000] {logging_mixin.py:190} INFO - [2025-05-01T23:11:41.485+0000] {dagbag.py:588} INFO - Filling up the DagBag from /opt/airflow/dags/permission_fixer_dag.py
[2025-05-01T23:11:41.495+0000] {processor.py:925} INFO - DAG(s) 'fix_permissions_dag' retrieved from /opt/airflow/dags/permission_fixer_dag.py
[2025-05-01T23:11:41.512+0000] {logging_mixin.py:190} INFO - [2025-05-01T23:11:41.512+0000] {dag.py:3239} INFO - Sync 1 DAGs
[2025-05-01T23:11:41.523+0000] {logging_mixin.py:190} INFO - [2025-05-01T23:11:41.523+0000] {dag.py:4180} INFO - Setting next_dagrun for fix_permissions_dag to 2025-05-01 23:00:00+00:00, run_after=2025-05-02 00:00:00+00:00
[2025-05-01T23:11:41.531+0000] {processor.py:208} INFO - Processing /opt/airflow/dags/permission_fixer_dag.py took 0.055 seconds
[2025-05-01T23:12:11.872+0000] {processor.py:186} INFO - Started process (PID=196) to work on /opt/airflow/dags/permission_fixer_dag.py
[2025-05-01T23:12:11.873+0000] {processor.py:914} INFO - Processing file /opt/airflow/dags/permission_fixer_dag.py for tasks to queue
[2025-05-01T23:12:11.875+0000] {logging_mixin.py:190} INFO - [2025-05-01T23:12:11.874+0000] {dagbag.py:588} INFO - Filling up the DagBag from /opt/airflow/dags/permission_fixer_dag.py
[2025-05-01T23:12:11.884+0000] {processor.py:925} INFO - DAG(s) 'fix_permissions_dag' retrieved from /opt/airflow/dags/permission_fixer_dag.py
[2025-05-01T23:12:11.901+0000] {logging_mixin.py:190} INFO - [2025-05-01T23:12:11.901+0000] {dag.py:3239} INFO - Sync 1 DAGs
[2025-05-01T23:12:11.912+0000] {logging_mixin.py:190} INFO - [2025-05-01T23:12:11.912+0000] {dag.py:4180} INFO - Setting next_dagrun for fix_permissions_dag to 2025-05-01 23:00:00+00:00, run_after=2025-05-02 00:00:00+00:00
[2025-05-01T23:12:11.920+0000] {processor.py:208} INFO - Processing /opt/airflow/dags/permission_fixer_dag.py took 0.056 seconds
[2025-05-01T23:12:42.293+0000] {processor.py:186} INFO - Started process (PID=198) to work on /opt/airflow/dags/permission_fixer_dag.py
[2025-05-01T23:12:42.294+0000] {processor.py:914} INFO - Processing file /opt/airflow/dags/permission_fixer_dag.py for tasks to queue
[2025-05-01T23:12:42.296+0000] {logging_mixin.py:190} INFO - [2025-05-01T23:12:42.296+0000] {dagbag.py:588} INFO - Filling up the DagBag from /opt/airflow/dags/permission_fixer_dag.py
[2025-05-01T23:12:42.306+0000] {processor.py:925} INFO - DAG(s) 'fix_permissions_dag' retrieved from /opt/airflow/dags/permission_fixer_dag.py
[2025-05-01T23:12:42.334+0000] {logging_mixin.py:190} INFO - [2025-05-01T23:12:42.334+0000] {dag.py:3239} INFO - Sync 1 DAGs
[2025-05-01T23:12:42.347+0000] {logging_mixin.py:190} INFO - [2025-05-01T23:12:42.347+0000] {dag.py:4180} INFO - Setting next_dagrun for fix_permissions_dag to 2025-05-01 23:00:00+00:00, run_after=2025-05-02 00:00:00+00:00
[2025-05-01T23:12:42.354+0000] {processor.py:208} INFO - Processing /opt/airflow/dags/permission_fixer_dag.py took 0.069 seconds
[2025-05-01T23:13:12.735+0000] {processor.py:186} INFO - Started process (PID=200) to work on /opt/airflow/dags/permission_fixer_dag.py
[2025-05-01T23:13:12.736+0000] {processor.py:914} INFO - Processing file /opt/airflow/dags/permission_fixer_dag.py for tasks to queue
[2025-05-01T23:13:12.737+0000] {logging_mixin.py:190} INFO - [2025-05-01T23:13:12.737+0000] {dagbag.py:588} INFO - Filling up the DagBag from /opt/airflow/dags/permission_fixer_dag.py
[2025-05-01T23:13:12.748+0000] {processor.py:925} INFO - DAG(s) 'fix_permissions_dag' retrieved from /opt/airflow/dags/permission_fixer_dag.py
[2025-05-01T23:13:12.766+0000] {logging_mixin.py:190} INFO - [2025-05-01T23:13:12.765+0000] {dag.py:3239} INFO - Sync 1 DAGs
[2025-05-01T23:13:12.777+0000] {logging_mixin.py:190} INFO - [2025-05-01T23:13:12.777+0000] {dag.py:4180} INFO - Setting next_dagrun for fix_permissions_dag to 2025-05-01 23:00:00+00:00, run_after=2025-05-02 00:00:00+00:00
[2025-05-01T23:13:12.784+0000] {processor.py:208} INFO - Processing /opt/airflow/dags/permission_fixer_dag.py took 0.056 seconds
[2025-05-01T23:13:43.130+0000] {processor.py:186} INFO - Started process (PID=202) to work on /opt/airflow/dags/permission_fixer_dag.py
[2025-05-01T23:13:43.131+0000] {processor.py:914} INFO - Processing file /opt/airflow/dags/permission_fixer_dag.py for tasks to queue
[2025-05-01T23:13:43.133+0000] {logging_mixin.py:190} INFO - [2025-05-01T23:13:43.132+0000] {dagbag.py:588} INFO - Filling up the DagBag from /opt/airflow/dags/permission_fixer_dag.py
[2025-05-01T23:13:43.144+0000] {processor.py:925} INFO - DAG(s) 'fix_permissions_dag' retrieved from /opt/airflow/dags/permission_fixer_dag.py
[2025-05-01T23:13:43.162+0000] {logging_mixin.py:190} INFO - [2025-05-01T23:13:43.162+0000] {dag.py:3239} INFO - Sync 1 DAGs
[2025-05-01T23:13:43.173+0000] {logging_mixin.py:190} INFO - [2025-05-01T23:13:43.173+0000] {dag.py:4180} INFO - Setting next_dagrun for fix_permissions_dag to 2025-05-01 23:00:00+00:00, run_after=2025-05-02 00:00:00+00:00
[2025-05-01T23:13:43.180+0000] {processor.py:208} INFO - Processing /opt/airflow/dags/permission_fixer_dag.py took 0.060 seconds
[2025-05-01T23:14:13.554+0000] {processor.py:186} INFO - Started process (PID=204) to work on /opt/airflow/dags/permission_fixer_dag.py
[2025-05-01T23:14:13.555+0000] {processor.py:914} INFO - Processing file /opt/airflow/dags/permission_fixer_dag.py for tasks to queue
[2025-05-01T23:14:13.556+0000] {logging_mixin.py:190} INFO - [2025-05-01T23:14:13.556+0000] {dagbag.py:588} INFO - Filling up the DagBag from /opt/airflow/dags/permission_fixer_dag.py
[2025-05-01T23:14:13.569+0000] {processor.py:925} INFO - DAG(s) 'fix_permissions_dag' retrieved from /opt/airflow/dags/permission_fixer_dag.py
[2025-05-01T23:14:13.588+0000] {logging_mixin.py:190} INFO - [2025-05-01T23:14:13.588+0000] {dag.py:3239} INFO - Sync 1 DAGs
[2025-05-01T23:14:13.600+0000] {logging_mixin.py:190} INFO - [2025-05-01T23:14:13.600+0000] {dag.py:4180} INFO - Setting next_dagrun for fix_permissions_dag to 2025-05-01 23:00:00+00:00, run_after=2025-05-02 00:00:00+00:00
[2025-05-01T23:14:13.607+0000] {processor.py:208} INFO - Processing /opt/airflow/dags/permission_fixer_dag.py took 0.062 seconds
[2025-05-01T23:14:43.995+0000] {processor.py:186} INFO - Started process (PID=206) to work on /opt/airflow/dags/permission_fixer_dag.py
[2025-05-01T23:14:43.997+0000] {processor.py:914} INFO - Processing file /opt/airflow/dags/permission_fixer_dag.py for tasks to queue
[2025-05-01T23:14:43.998+0000] {logging_mixin.py:190} INFO - [2025-05-01T23:14:43.998+0000] {dagbag.py:588} INFO - Filling up the DagBag from /opt/airflow/dags/permission_fixer_dag.py
[2025-05-01T23:14:44.010+0000] {processor.py:925} INFO - DAG(s) 'fix_permissions_dag' retrieved from /opt/airflow/dags/permission_fixer_dag.py
[2025-05-01T23:14:44.027+0000] {logging_mixin.py:190} INFO - [2025-05-01T23:14:44.026+0000] {dag.py:3239} INFO - Sync 1 DAGs
[2025-05-01T23:14:44.038+0000] {logging_mixin.py:190} INFO - [2025-05-01T23:14:44.038+0000] {dag.py:4180} INFO - Setting next_dagrun for fix_permissions_dag to 2025-05-01 23:00:00+00:00, run_after=2025-05-02 00:00:00+00:00
[2025-05-01T23:14:44.045+0000] {processor.py:208} INFO - Processing /opt/airflow/dags/permission_fixer_dag.py took 0.059 seconds
[2025-05-01T23:15:14.416+0000] {processor.py:186} INFO - Started process (PID=208) to work on /opt/airflow/dags/permission_fixer_dag.py
[2025-05-01T23:15:14.416+0000] {processor.py:914} INFO - Processing file /opt/airflow/dags/permission_fixer_dag.py for tasks to queue
[2025-05-01T23:15:14.418+0000] {logging_mixin.py:190} INFO - [2025-05-01T23:15:14.417+0000] {dagbag.py:588} INFO - Filling up the DagBag from /opt/airflow/dags/permission_fixer_dag.py
[2025-05-01T23:15:14.430+0000] {processor.py:925} INFO - DAG(s) 'fix_permissions_dag' retrieved from /opt/airflow/dags/permission_fixer_dag.py
[2025-05-01T23:15:14.447+0000] {logging_mixin.py:190} INFO - [2025-05-01T23:15:14.446+0000] {dag.py:3239} INFO - Sync 1 DAGs
[2025-05-01T23:15:14.458+0000] {logging_mixin.py:190} INFO - [2025-05-01T23:15:14.458+0000] {dag.py:4180} INFO - Setting next_dagrun for fix_permissions_dag to 2025-05-01 23:00:00+00:00, run_after=2025-05-02 00:00:00+00:00
[2025-05-01T23:15:14.466+0000] {processor.py:208} INFO - Processing /opt/airflow/dags/permission_fixer_dag.py took 0.058 seconds
[2025-05-01T23:15:44.828+0000] {processor.py:186} INFO - Started process (PID=210) to work on /opt/airflow/dags/permission_fixer_dag.py
[2025-05-01T23:15:44.830+0000] {processor.py:914} INFO - Processing file /opt/airflow/dags/permission_fixer_dag.py for tasks to queue
[2025-05-01T23:15:44.831+0000] {logging_mixin.py:190} INFO - [2025-05-01T23:15:44.830+0000] {dagbag.py:588} INFO - Filling up the DagBag from /opt/airflow/dags/permission_fixer_dag.py
[2025-05-01T23:15:44.841+0000] {processor.py:925} INFO - DAG(s) 'fix_permissions_dag' retrieved from /opt/airflow/dags/permission_fixer_dag.py
[2025-05-01T23:15:44.858+0000] {logging_mixin.py:190} INFO - [2025-05-01T23:15:44.857+0000] {dag.py:3239} INFO - Sync 1 DAGs
[2025-05-01T23:15:44.870+0000] {logging_mixin.py:190} INFO - [2025-05-01T23:15:44.870+0000] {dag.py:4180} INFO - Setting next_dagrun for fix_permissions_dag to 2025-05-01 23:00:00+00:00, run_after=2025-05-02 00:00:00+00:00
[2025-05-01T23:15:44.880+0000] {processor.py:208} INFO - Processing /opt/airflow/dags/permission_fixer_dag.py took 0.059 seconds
[2025-05-01T23:16:15.213+0000] {processor.py:186} INFO - Started process (PID=212) to work on /opt/airflow/dags/permission_fixer_dag.py
[2025-05-01T23:16:15.214+0000] {processor.py:914} INFO - Processing file /opt/airflow/dags/permission_fixer_dag.py for tasks to queue
[2025-05-01T23:16:15.215+0000] {logging_mixin.py:190} INFO - [2025-05-01T23:16:15.214+0000] {dagbag.py:588} INFO - Filling up the DagBag from /opt/airflow/dags/permission_fixer_dag.py
[2025-05-01T23:16:15.225+0000] {processor.py:925} INFO - DAG(s) 'fix_permissions_dag' retrieved from /opt/airflow/dags/permission_fixer_dag.py
[2025-05-01T23:16:15.243+0000] {logging_mixin.py:190} INFO - [2025-05-01T23:16:15.242+0000] {dag.py:3239} INFO - Sync 1 DAGs
[2025-05-01T23:16:15.253+0000] {logging_mixin.py:190} INFO - [2025-05-01T23:16:15.253+0000] {dag.py:4180} INFO - Setting next_dagrun for fix_permissions_dag to 2025-05-01 23:00:00+00:00, run_after=2025-05-02 00:00:00+00:00
[2025-05-01T23:16:15.260+0000] {processor.py:208} INFO - Processing /opt/airflow/dags/permission_fixer_dag.py took 0.054 seconds
[2025-05-01T23:16:45.564+0000] {processor.py:186} INFO - Started process (PID=214) to work on /opt/airflow/dags/permission_fixer_dag.py
[2025-05-01T23:16:45.565+0000] {processor.py:914} INFO - Processing file /opt/airflow/dags/permission_fixer_dag.py for tasks to queue
[2025-05-01T23:16:45.565+0000] {logging_mixin.py:190} INFO - [2025-05-01T23:16:45.565+0000] {dagbag.py:588} INFO - Filling up the DagBag from /opt/airflow/dags/permission_fixer_dag.py
[2025-05-01T23:16:45.575+0000] {processor.py:925} INFO - DAG(s) 'fix_permissions_dag' retrieved from /opt/airflow/dags/permission_fixer_dag.py
[2025-05-01T23:16:45.590+0000] {logging_mixin.py:190} INFO - [2025-05-01T23:16:45.590+0000] {dag.py:3239} INFO - Sync 1 DAGs
[2025-05-01T23:16:45.600+0000] {logging_mixin.py:190} INFO - [2025-05-01T23:16:45.599+0000] {dag.py:4180} INFO - Setting next_dagrun for fix_permissions_dag to 2025-05-01 23:00:00+00:00, run_after=2025-05-02 00:00:00+00:00
[2025-05-01T23:16:45.606+0000] {processor.py:208} INFO - Processing /opt/airflow/dags/permission_fixer_dag.py took 0.047 seconds
[2025-05-01T23:17:15.932+0000] {processor.py:186} INFO - Started process (PID=216) to work on /opt/airflow/dags/permission_fixer_dag.py
[2025-05-01T23:17:15.933+0000] {processor.py:914} INFO - Processing file /opt/airflow/dags/permission_fixer_dag.py for tasks to queue
[2025-05-01T23:17:15.934+0000] {logging_mixin.py:190} INFO - [2025-05-01T23:17:15.934+0000] {dagbag.py:588} INFO - Filling up the DagBag from /opt/airflow/dags/permission_fixer_dag.py
[2025-05-01T23:17:15.943+0000] {processor.py:925} INFO - DAG(s) 'fix_permissions_dag' retrieved from /opt/airflow/dags/permission_fixer_dag.py
[2025-05-01T23:17:15.958+0000] {logging_mixin.py:190} INFO - [2025-05-01T23:17:15.958+0000] {dag.py:3239} INFO - Sync 1 DAGs
[2025-05-01T23:17:15.968+0000] {logging_mixin.py:190} INFO - [2025-05-01T23:17:15.968+0000] {dag.py:4180} INFO - Setting next_dagrun for fix_permissions_dag to 2025-05-01 23:00:00+00:00, run_after=2025-05-02 00:00:00+00:00
[2025-05-01T23:17:15.975+0000] {processor.py:208} INFO - Processing /opt/airflow/dags/permission_fixer_dag.py took 0.049 seconds
[2025-05-01T23:17:46.320+0000] {processor.py:186} INFO - Started process (PID=218) to work on /opt/airflow/dags/permission_fixer_dag.py
[2025-05-01T23:17:46.321+0000] {processor.py:914} INFO - Processing file /opt/airflow/dags/permission_fixer_dag.py for tasks to queue
[2025-05-01T23:17:46.322+0000] {logging_mixin.py:190} INFO - [2025-05-01T23:17:46.322+0000] {dagbag.py:588} INFO - Filling up the DagBag from /opt/airflow/dags/permission_fixer_dag.py
[2025-05-01T23:17:46.335+0000] {processor.py:925} INFO - DAG(s) 'fix_permissions_dag' retrieved from /opt/airflow/dags/permission_fixer_dag.py
[2025-05-01T23:17:46.351+0000] {logging_mixin.py:190} INFO - [2025-05-01T23:17:46.351+0000] {dag.py:3239} INFO - Sync 1 DAGs
[2025-05-01T23:17:46.362+0000] {logging_mixin.py:190} INFO - [2025-05-01T23:17:46.362+0000] {dag.py:4180} INFO - Setting next_dagrun for fix_permissions_dag to 2025-05-01 23:00:00+00:00, run_after=2025-05-02 00:00:00+00:00
[2025-05-01T23:17:46.369+0000] {processor.py:208} INFO - Processing /opt/airflow/dags/permission_fixer_dag.py took 0.058 seconds
[2025-05-01T23:18:16.735+0000] {processor.py:186} INFO - Started process (PID=220) to work on /opt/airflow/dags/permission_fixer_dag.py
[2025-05-01T23:18:16.736+0000] {processor.py:914} INFO - Processing file /opt/airflow/dags/permission_fixer_dag.py for tasks to queue
[2025-05-01T23:18:16.737+0000] {logging_mixin.py:190} INFO - [2025-05-01T23:18:16.737+0000] {dagbag.py:588} INFO - Filling up the DagBag from /opt/airflow/dags/permission_fixer_dag.py
[2025-05-01T23:18:16.749+0000] {processor.py:925} INFO - DAG(s) 'fix_permissions_dag' retrieved from /opt/airflow/dags/permission_fixer_dag.py
[2025-05-01T23:18:16.767+0000] {logging_mixin.py:190} INFO - [2025-05-01T23:18:16.767+0000] {dag.py:3239} INFO - Sync 1 DAGs
[2025-05-01T23:18:16.779+0000] {logging_mixin.py:190} INFO - [2025-05-01T23:18:16.779+0000] {dag.py:4180} INFO - Setting next_dagrun for fix_permissions_dag to 2025-05-01 23:00:00+00:00, run_after=2025-05-02 00:00:00+00:00
[2025-05-01T23:18:16.786+0000] {processor.py:208} INFO - Processing /opt/airflow/dags/permission_fixer_dag.py took 0.059 seconds
[2025-05-01T23:18:47.167+0000] {processor.py:186} INFO - Started process (PID=222) to work on /opt/airflow/dags/permission_fixer_dag.py
[2025-05-01T23:18:47.169+0000] {processor.py:914} INFO - Processing file /opt/airflow/dags/permission_fixer_dag.py for tasks to queue
[2025-05-01T23:18:47.170+0000] {logging_mixin.py:190} INFO - [2025-05-01T23:18:47.170+0000] {dagbag.py:588} INFO - Filling up the DagBag from /opt/airflow/dags/permission_fixer_dag.py
[2025-05-01T23:18:47.182+0000] {processor.py:925} INFO - DAG(s) 'fix_permissions_dag' retrieved from /opt/airflow/dags/permission_fixer_dag.py
[2025-05-01T23:18:47.200+0000] {logging_mixin.py:190} INFO - [2025-05-01T23:18:47.200+0000] {dag.py:3239} INFO - Sync 1 DAGs
[2025-05-01T23:18:47.211+0000] {logging_mixin.py:190} INFO - [2025-05-01T23:18:47.211+0000] {dag.py:4180} INFO - Setting next_dagrun for fix_permissions_dag to 2025-05-01 23:00:00+00:00, run_after=2025-05-02 00:00:00+00:00
[2025-05-01T23:18:47.218+0000] {processor.py:208} INFO - Processing /opt/airflow/dags/permission_fixer_dag.py took 0.060 seconds
[2025-05-01T23:19:17.579+0000] {processor.py:186} INFO - Started process (PID=224) to work on /opt/airflow/dags/permission_fixer_dag.py
[2025-05-01T23:19:17.580+0000] {processor.py:914} INFO - Processing file /opt/airflow/dags/permission_fixer_dag.py for tasks to queue
[2025-05-01T23:19:17.580+0000] {logging_mixin.py:190} INFO - [2025-05-01T23:19:17.580+0000] {dagbag.py:588} INFO - Filling up the DagBag from /opt/airflow/dags/permission_fixer_dag.py
[2025-05-01T23:19:17.590+0000] {processor.py:925} INFO - DAG(s) 'fix_permissions_dag' retrieved from /opt/airflow/dags/permission_fixer_dag.py
[2025-05-01T23:19:17.606+0000] {logging_mixin.py:190} INFO - [2025-05-01T23:19:17.606+0000] {dag.py:3239} INFO - Sync 1 DAGs
[2025-05-01T23:19:17.617+0000] {logging_mixin.py:190} INFO - [2025-05-01T23:19:17.617+0000] {dag.py:4180} INFO - Setting next_dagrun for fix_permissions_dag to 2025-05-01 23:00:00+00:00, run_after=2025-05-02 00:00:00+00:00
[2025-05-01T23:19:17.624+0000] {processor.py:208} INFO - Processing /opt/airflow/dags/permission_fixer_dag.py took 0.051 seconds
[2025-05-01T23:19:47.988+0000] {processor.py:186} INFO - Started process (PID=226) to work on /opt/airflow/dags/permission_fixer_dag.py
[2025-05-01T23:19:47.989+0000] {processor.py:914} INFO - Processing file /opt/airflow/dags/permission_fixer_dag.py for tasks to queue
[2025-05-01T23:19:47.990+0000] {logging_mixin.py:190} INFO - [2025-05-01T23:19:47.990+0000] {dagbag.py:588} INFO - Filling up the DagBag from /opt/airflow/dags/permission_fixer_dag.py
[2025-05-01T23:19:48.001+0000] {processor.py:925} INFO - DAG(s) 'fix_permissions_dag' retrieved from /opt/airflow/dags/permission_fixer_dag.py
[2025-05-01T23:19:48.017+0000] {logging_mixin.py:190} INFO - [2025-05-01T23:19:48.017+0000] {dag.py:3239} INFO - Sync 1 DAGs
[2025-05-01T23:19:48.028+0000] {logging_mixin.py:190} INFO - [2025-05-01T23:19:48.028+0000] {dag.py:4180} INFO - Setting next_dagrun for fix_permissions_dag to 2025-05-01 23:00:00+00:00, run_after=2025-05-02 00:00:00+00:00
[2025-05-01T23:19:48.035+0000] {processor.py:208} INFO - Processing /opt/airflow/dags/permission_fixer_dag.py took 0.055 seconds
[2025-05-01T23:20:18.394+0000] {processor.py:186} INFO - Started process (PID=228) to work on /opt/airflow/dags/permission_fixer_dag.py
[2025-05-01T23:20:18.394+0000] {processor.py:914} INFO - Processing file /opt/airflow/dags/permission_fixer_dag.py for tasks to queue
[2025-05-01T23:20:18.396+0000] {logging_mixin.py:190} INFO - [2025-05-01T23:20:18.395+0000] {dagbag.py:588} INFO - Filling up the DagBag from /opt/airflow/dags/permission_fixer_dag.py
[2025-05-01T23:20:18.406+0000] {processor.py:925} INFO - DAG(s) 'fix_permissions_dag' retrieved from /opt/airflow/dags/permission_fixer_dag.py
[2025-05-01T23:20:18.423+0000] {logging_mixin.py:190} INFO - [2025-05-01T23:20:18.423+0000] {dag.py:3239} INFO - Sync 1 DAGs
[2025-05-01T23:20:18.435+0000] {logging_mixin.py:190} INFO - [2025-05-01T23:20:18.435+0000] {dag.py:4180} INFO - Setting next_dagrun for fix_permissions_dag to 2025-05-01 23:00:00+00:00, run_after=2025-05-02 00:00:00+00:00
[2025-05-01T23:20:18.442+0000] {processor.py:208} INFO - Processing /opt/airflow/dags/permission_fixer_dag.py took 0.056 seconds
[2025-05-01T23:20:48.822+0000] {processor.py:186} INFO - Started process (PID=230) to work on /opt/airflow/dags/permission_fixer_dag.py
[2025-05-01T23:20:48.823+0000] {processor.py:914} INFO - Processing file /opt/airflow/dags/permission_fixer_dag.py for tasks to queue
[2025-05-01T23:20:48.824+0000] {logging_mixin.py:190} INFO - [2025-05-01T23:20:48.824+0000] {dagbag.py:588} INFO - Filling up the DagBag from /opt/airflow/dags/permission_fixer_dag.py
[2025-05-01T23:20:48.835+0000] {processor.py:925} INFO - DAG(s) 'fix_permissions_dag' retrieved from /opt/airflow/dags/permission_fixer_dag.py
[2025-05-01T23:20:48.852+0000] {logging_mixin.py:190} INFO - [2025-05-01T23:20:48.852+0000] {dag.py:3239} INFO - Sync 1 DAGs
[2025-05-01T23:20:48.863+0000] {logging_mixin.py:190} INFO - [2025-05-01T23:20:48.863+0000] {dag.py:4180} INFO - Setting next_dagrun for fix_permissions_dag to 2025-05-01 23:00:00+00:00, run_after=2025-05-02 00:00:00+00:00
[2025-05-01T23:20:48.871+0000] {processor.py:208} INFO - Processing /opt/airflow/dags/permission_fixer_dag.py took 0.057 seconds
[2025-05-01T23:21:19.186+0000] {processor.py:186} INFO - Started process (PID=232) to work on /opt/airflow/dags/permission_fixer_dag.py
[2025-05-01T23:21:19.187+0000] {processor.py:914} INFO - Processing file /opt/airflow/dags/permission_fixer_dag.py for tasks to queue
[2025-05-01T23:21:19.188+0000] {logging_mixin.py:190} INFO - [2025-05-01T23:21:19.188+0000] {dagbag.py:588} INFO - Filling up the DagBag from /opt/airflow/dags/permission_fixer_dag.py
[2025-05-01T23:21:19.198+0000] {processor.py:925} INFO - DAG(s) 'fix_permissions_dag' retrieved from /opt/airflow/dags/permission_fixer_dag.py
[2025-05-01T23:21:19.212+0000] {logging_mixin.py:190} INFO - [2025-05-01T23:21:19.212+0000] {dag.py:3239} INFO - Sync 1 DAGs
[2025-05-01T23:21:19.223+0000] {logging_mixin.py:190} INFO - [2025-05-01T23:21:19.223+0000] {dag.py:4180} INFO - Setting next_dagrun for fix_permissions_dag to 2025-05-01 23:00:00+00:00, run_after=2025-05-02 00:00:00+00:00
[2025-05-01T23:21:19.230+0000] {processor.py:208} INFO - Processing /opt/airflow/dags/permission_fixer_dag.py took 0.050 seconds
[2025-05-01T23:21:49.538+0000] {processor.py:186} INFO - Started process (PID=234) to work on /opt/airflow/dags/permission_fixer_dag.py
[2025-05-01T23:21:49.539+0000] {processor.py:914} INFO - Processing file /opt/airflow/dags/permission_fixer_dag.py for tasks to queue
[2025-05-01T23:21:49.541+0000] {logging_mixin.py:190} INFO - [2025-05-01T23:21:49.540+0000] {dagbag.py:588} INFO - Filling up the DagBag from /opt/airflow/dags/permission_fixer_dag.py
[2025-05-01T23:21:49.550+0000] {processor.py:925} INFO - DAG(s) 'fix_permissions_dag' retrieved from /opt/airflow/dags/permission_fixer_dag.py
[2025-05-01T23:21:49.565+0000] {logging_mixin.py:190} INFO - [2025-05-01T23:21:49.565+0000] {dag.py:3239} INFO - Sync 1 DAGs
[2025-05-01T23:21:49.577+0000] {logging_mixin.py:190} INFO - [2025-05-01T23:21:49.577+0000] {dag.py:4180} INFO - Setting next_dagrun for fix_permissions_dag to 2025-05-01 23:00:00+00:00, run_after=2025-05-02 00:00:00+00:00
[2025-05-01T23:21:49.584+0000] {processor.py:208} INFO - Processing /opt/airflow/dags/permission_fixer_dag.py took 0.054 seconds
[2025-05-01T23:22:19.945+0000] {processor.py:186} INFO - Started process (PID=236) to work on /opt/airflow/dags/permission_fixer_dag.py
[2025-05-01T23:22:19.946+0000] {processor.py:914} INFO - Processing file /opt/airflow/dags/permission_fixer_dag.py for tasks to queue
[2025-05-01T23:22:19.947+0000] {logging_mixin.py:190} INFO - [2025-05-01T23:22:19.947+0000] {dagbag.py:588} INFO - Filling up the DagBag from /opt/airflow/dags/permission_fixer_dag.py
[2025-05-01T23:22:19.958+0000] {processor.py:925} INFO - DAG(s) 'fix_permissions_dag' retrieved from /opt/airflow/dags/permission_fixer_dag.py
[2025-05-01T23:22:19.975+0000] {logging_mixin.py:190} INFO - [2025-05-01T23:22:19.975+0000] {dag.py:3239} INFO - Sync 1 DAGs
[2025-05-01T23:22:19.986+0000] {logging_mixin.py:190} INFO - [2025-05-01T23:22:19.986+0000] {dag.py:4180} INFO - Setting next_dagrun for fix_permissions_dag to 2025-05-01 23:00:00+00:00, run_after=2025-05-02 00:00:00+00:00
[2025-05-01T23:22:19.993+0000] {processor.py:208} INFO - Processing /opt/airflow/dags/permission_fixer_dag.py took 0.056 seconds
[2025-05-01T23:22:50.350+0000] {processor.py:186} INFO - Started process (PID=238) to work on /opt/airflow/dags/permission_fixer_dag.py
[2025-05-01T23:22:50.351+0000] {processor.py:914} INFO - Processing file /opt/airflow/dags/permission_fixer_dag.py for tasks to queue
[2025-05-01T23:22:50.353+0000] {logging_mixin.py:190} INFO - [2025-05-01T23:22:50.352+0000] {dagbag.py:588} INFO - Filling up the DagBag from /opt/airflow/dags/permission_fixer_dag.py
[2025-05-01T23:22:50.363+0000] {processor.py:925} INFO - DAG(s) 'fix_permissions_dag' retrieved from /opt/airflow/dags/permission_fixer_dag.py
[2025-05-01T23:22:50.381+0000] {logging_mixin.py:190} INFO - [2025-05-01T23:22:50.380+0000] {dag.py:3239} INFO - Sync 1 DAGs
[2025-05-01T23:22:50.392+0000] {logging_mixin.py:190} INFO - [2025-05-01T23:22:50.392+0000] {dag.py:4180} INFO - Setting next_dagrun for fix_permissions_dag to 2025-05-01 23:00:00+00:00, run_after=2025-05-02 00:00:00+00:00
[2025-05-01T23:22:50.399+0000] {processor.py:208} INFO - Processing /opt/airflow/dags/permission_fixer_dag.py took 0.057 seconds
[2025-05-01T23:23:20.747+0000] {processor.py:186} INFO - Started process (PID=240) to work on /opt/airflow/dags/permission_fixer_dag.py
[2025-05-01T23:23:20.748+0000] {processor.py:914} INFO - Processing file /opt/airflow/dags/permission_fixer_dag.py for tasks to queue
[2025-05-01T23:23:20.749+0000] {logging_mixin.py:190} INFO - [2025-05-01T23:23:20.748+0000] {dagbag.py:588} INFO - Filling up the DagBag from /opt/airflow/dags/permission_fixer_dag.py
[2025-05-01T23:23:20.758+0000] {processor.py:925} INFO - DAG(s) 'fix_permissions_dag' retrieved from /opt/airflow/dags/permission_fixer_dag.py
[2025-05-01T23:23:20.773+0000] {logging_mixin.py:190} INFO - [2025-05-01T23:23:20.772+0000] {dag.py:3239} INFO - Sync 1 DAGs
[2025-05-01T23:23:20.784+0000] {logging_mixin.py:190} INFO - [2025-05-01T23:23:20.784+0000] {dag.py:4180} INFO - Setting next_dagrun for fix_permissions_dag to 2025-05-01 23:00:00+00:00, run_after=2025-05-02 00:00:00+00:00
[2025-05-01T23:23:20.791+0000] {processor.py:208} INFO - Processing /opt/airflow/dags/permission_fixer_dag.py took 0.050 seconds
[2025-05-01T23:23:51.144+0000] {processor.py:186} INFO - Started process (PID=242) to work on /opt/airflow/dags/permission_fixer_dag.py
[2025-05-01T23:23:51.145+0000] {processor.py:914} INFO - Processing file /opt/airflow/dags/permission_fixer_dag.py for tasks to queue
[2025-05-01T23:23:51.145+0000] {logging_mixin.py:190} INFO - [2025-05-01T23:23:51.145+0000] {dagbag.py:588} INFO - Filling up the DagBag from /opt/airflow/dags/permission_fixer_dag.py
[2025-05-01T23:23:51.154+0000] {processor.py:925} INFO - DAG(s) 'fix_permissions_dag' retrieved from /opt/airflow/dags/permission_fixer_dag.py
[2025-05-01T23:23:51.171+0000] {logging_mixin.py:190} INFO - [2025-05-01T23:23:51.171+0000] {dag.py:3239} INFO - Sync 1 DAGs
[2025-05-01T23:23:51.182+0000] {logging_mixin.py:190} INFO - [2025-05-01T23:23:51.182+0000] {dag.py:4180} INFO - Setting next_dagrun for fix_permissions_dag to 2025-05-01 23:00:00+00:00, run_after=2025-05-02 00:00:00+00:00
[2025-05-01T23:23:51.190+0000] {processor.py:208} INFO - Processing /opt/airflow/dags/permission_fixer_dag.py took 0.051 seconds
[2025-05-01T23:24:21.554+0000] {processor.py:186} INFO - Started process (PID=244) to work on /opt/airflow/dags/permission_fixer_dag.py
[2025-05-01T23:24:21.555+0000] {processor.py:914} INFO - Processing file /opt/airflow/dags/permission_fixer_dag.py for tasks to queue
[2025-05-01T23:24:21.557+0000] {logging_mixin.py:190} INFO - [2025-05-01T23:24:21.556+0000] {dagbag.py:588} INFO - Filling up the DagBag from /opt/airflow/dags/permission_fixer_dag.py
[2025-05-01T23:24:21.569+0000] {processor.py:925} INFO - DAG(s) 'fix_permissions_dag' retrieved from /opt/airflow/dags/permission_fixer_dag.py
[2025-05-01T23:24:21.587+0000] {logging_mixin.py:190} INFO - [2025-05-01T23:24:21.587+0000] {dag.py:3239} INFO - Sync 1 DAGs
[2025-05-01T23:24:21.598+0000] {logging_mixin.py:190} INFO - [2025-05-01T23:24:21.598+0000] {dag.py:4180} INFO - Setting next_dagrun for fix_permissions_dag to 2025-05-01 23:00:00+00:00, run_after=2025-05-02 00:00:00+00:00
[2025-05-01T23:24:21.605+0000] {processor.py:208} INFO - Processing /opt/airflow/dags/permission_fixer_dag.py took 0.060 seconds
[2025-05-01T23:24:51.988+0000] {processor.py:186} INFO - Started process (PID=246) to work on /opt/airflow/dags/permission_fixer_dag.py
[2025-05-01T23:24:51.989+0000] {processor.py:914} INFO - Processing file /opt/airflow/dags/permission_fixer_dag.py for tasks to queue
[2025-05-01T23:24:51.991+0000] {logging_mixin.py:190} INFO - [2025-05-01T23:24:51.990+0000] {dagbag.py:588} INFO - Filling up the DagBag from /opt/airflow/dags/permission_fixer_dag.py
[2025-05-01T23:24:52.001+0000] {processor.py:925} INFO - DAG(s) 'fix_permissions_dag' retrieved from /opt/airflow/dags/permission_fixer_dag.py
[2025-05-01T23:24:52.017+0000] {logging_mixin.py:190} INFO - [2025-05-01T23:24:52.017+0000] {dag.py:3239} INFO - Sync 1 DAGs
[2025-05-01T23:24:52.028+0000] {logging_mixin.py:190} INFO - [2025-05-01T23:24:52.028+0000] {dag.py:4180} INFO - Setting next_dagrun for fix_permissions_dag to 2025-05-01 23:00:00+00:00, run_after=2025-05-02 00:00:00+00:00
[2025-05-01T23:24:52.036+0000] {processor.py:208} INFO - Processing /opt/airflow/dags/permission_fixer_dag.py took 0.057 seconds
[2025-05-01T23:25:22.417+0000] {processor.py:186} INFO - Started process (PID=248) to work on /opt/airflow/dags/permission_fixer_dag.py
[2025-05-01T23:25:22.418+0000] {processor.py:914} INFO - Processing file /opt/airflow/dags/permission_fixer_dag.py for tasks to queue
[2025-05-01T23:25:22.420+0000] {logging_mixin.py:190} INFO - [2025-05-01T23:25:22.420+0000] {dagbag.py:588} INFO - Filling up the DagBag from /opt/airflow/dags/permission_fixer_dag.py
[2025-05-01T23:25:22.431+0000] {processor.py:925} INFO - DAG(s) 'fix_permissions_dag' retrieved from /opt/airflow/dags/permission_fixer_dag.py
[2025-05-01T23:25:22.447+0000] {logging_mixin.py:190} INFO - [2025-05-01T23:25:22.447+0000] {dag.py:3239} INFO - Sync 1 DAGs
[2025-05-01T23:25:22.459+0000] {logging_mixin.py:190} INFO - [2025-05-01T23:25:22.459+0000] {dag.py:4180} INFO - Setting next_dagrun for fix_permissions_dag to 2025-05-01 23:00:00+00:00, run_after=2025-05-02 00:00:00+00:00
[2025-05-01T23:25:22.466+0000] {processor.py:208} INFO - Processing /opt/airflow/dags/permission_fixer_dag.py took 0.057 seconds
[2025-05-01T23:25:52.790+0000] {processor.py:186} INFO - Started process (PID=250) to work on /opt/airflow/dags/permission_fixer_dag.py
[2025-05-01T23:25:52.791+0000] {processor.py:914} INFO - Processing file /opt/airflow/dags/permission_fixer_dag.py for tasks to queue
[2025-05-01T23:25:52.792+0000] {logging_mixin.py:190} INFO - [2025-05-01T23:25:52.792+0000] {dagbag.py:588} INFO - Filling up the DagBag from /opt/airflow/dags/permission_fixer_dag.py
[2025-05-01T23:25:52.803+0000] {processor.py:925} INFO - DAG(s) 'fix_permissions_dag' retrieved from /opt/airflow/dags/permission_fixer_dag.py
[2025-05-01T23:25:52.819+0000] {logging_mixin.py:190} INFO - [2025-05-01T23:25:52.819+0000] {dag.py:3239} INFO - Sync 1 DAGs
[2025-05-01T23:25:52.831+0000] {logging_mixin.py:190} INFO - [2025-05-01T23:25:52.831+0000] {dag.py:4180} INFO - Setting next_dagrun for fix_permissions_dag to 2025-05-01 23:00:00+00:00, run_after=2025-05-02 00:00:00+00:00
[2025-05-01T23:25:52.838+0000] {processor.py:208} INFO - Processing /opt/airflow/dags/permission_fixer_dag.py took 0.056 seconds
[2025-05-01T23:26:23.149+0000] {processor.py:186} INFO - Started process (PID=252) to work on /opt/airflow/dags/permission_fixer_dag.py
[2025-05-01T23:26:23.150+0000] {processor.py:914} INFO - Processing file /opt/airflow/dags/permission_fixer_dag.py for tasks to queue
[2025-05-01T23:26:23.151+0000] {logging_mixin.py:190} INFO - [2025-05-01T23:26:23.151+0000] {dagbag.py:588} INFO - Filling up the DagBag from /opt/airflow/dags/permission_fixer_dag.py
[2025-05-01T23:26:23.159+0000] {processor.py:925} INFO - DAG(s) 'fix_permissions_dag' retrieved from /opt/airflow/dags/permission_fixer_dag.py
[2025-05-01T23:26:23.171+0000] {logging_mixin.py:190} INFO - [2025-05-01T23:26:23.171+0000] {dag.py:3239} INFO - Sync 1 DAGs
[2025-05-01T23:26:23.181+0000] {logging_mixin.py:190} INFO - [2025-05-01T23:26:23.181+0000] {dag.py:4180} INFO - Setting next_dagrun for fix_permissions_dag to 2025-05-01 23:00:00+00:00, run_after=2025-05-02 00:00:00+00:00
[2025-05-01T23:26:23.187+0000] {processor.py:208} INFO - Processing /opt/airflow/dags/permission_fixer_dag.py took 0.046 seconds
[2025-05-01T23:26:53.503+0000] {processor.py:186} INFO - Started process (PID=254) to work on /opt/airflow/dags/permission_fixer_dag.py
[2025-05-01T23:26:53.505+0000] {processor.py:914} INFO - Processing file /opt/airflow/dags/permission_fixer_dag.py for tasks to queue
[2025-05-01T23:26:53.506+0000] {logging_mixin.py:190} INFO - [2025-05-01T23:26:53.506+0000] {dagbag.py:588} INFO - Filling up the DagBag from /opt/airflow/dags/permission_fixer_dag.py
[2025-05-01T23:26:53.517+0000] {processor.py:925} INFO - DAG(s) 'fix_permissions_dag' retrieved from /opt/airflow/dags/permission_fixer_dag.py
[2025-05-01T23:26:53.531+0000] {logging_mixin.py:190} INFO - [2025-05-01T23:26:53.531+0000] {dag.py:3239} INFO - Sync 1 DAGs
[2025-05-01T23:26:53.543+0000] {logging_mixin.py:190} INFO - [2025-05-01T23:26:53.543+0000] {dag.py:4180} INFO - Setting next_dagrun for fix_permissions_dag to 2025-05-01 23:00:00+00:00, run_after=2025-05-02 00:00:00+00:00
[2025-05-01T23:26:53.550+0000] {processor.py:208} INFO - Processing /opt/airflow/dags/permission_fixer_dag.py took 0.055 seconds
[2025-05-01T23:27:23.912+0000] {processor.py:186} INFO - Started process (PID=256) to work on /opt/airflow/dags/permission_fixer_dag.py
[2025-05-01T23:27:23.913+0000] {processor.py:914} INFO - Processing file /opt/airflow/dags/permission_fixer_dag.py for tasks to queue
[2025-05-01T23:27:23.914+0000] {logging_mixin.py:190} INFO - [2025-05-01T23:27:23.914+0000] {dagbag.py:588} INFO - Filling up the DagBag from /opt/airflow/dags/permission_fixer_dag.py
[2025-05-01T23:27:23.927+0000] {processor.py:925} INFO - DAG(s) 'fix_permissions_dag' retrieved from /opt/airflow/dags/permission_fixer_dag.py
[2025-05-01T23:27:23.945+0000] {logging_mixin.py:190} INFO - [2025-05-01T23:27:23.945+0000] {dag.py:3239} INFO - Sync 1 DAGs
[2025-05-01T23:27:23.956+0000] {logging_mixin.py:190} INFO - [2025-05-01T23:27:23.956+0000] {dag.py:4180} INFO - Setting next_dagrun for fix_permissions_dag to 2025-05-01 23:00:00+00:00, run_after=2025-05-02 00:00:00+00:00
[2025-05-01T23:27:23.963+0000] {processor.py:208} INFO - Processing /opt/airflow/dags/permission_fixer_dag.py took 0.060 seconds
[2025-05-01T23:27:54.314+0000] {processor.py:186} INFO - Started process (PID=258) to work on /opt/airflow/dags/permission_fixer_dag.py
[2025-05-01T23:27:54.316+0000] {processor.py:914} INFO - Processing file /opt/airflow/dags/permission_fixer_dag.py for tasks to queue
[2025-05-01T23:27:54.317+0000] {logging_mixin.py:190} INFO - [2025-05-01T23:27:54.316+0000] {dagbag.py:588} INFO - Filling up the DagBag from /opt/airflow/dags/permission_fixer_dag.py
[2025-05-01T23:27:54.330+0000] {processor.py:925} INFO - DAG(s) 'fix_permissions_dag' retrieved from /opt/airflow/dags/permission_fixer_dag.py
[2025-05-01T23:27:54.349+0000] {logging_mixin.py:190} INFO - [2025-05-01T23:27:54.348+0000] {dag.py:3239} INFO - Sync 1 DAGs
[2025-05-01T23:27:54.360+0000] {logging_mixin.py:190} INFO - [2025-05-01T23:27:54.360+0000] {dag.py:4180} INFO - Setting next_dagrun for fix_permissions_dag to 2025-05-01 23:00:00+00:00, run_after=2025-05-02 00:00:00+00:00
[2025-05-01T23:27:54.367+0000] {processor.py:208} INFO - Processing /opt/airflow/dags/permission_fixer_dag.py took 0.062 seconds
[2025-05-01T23:28:24.704+0000] {processor.py:186} INFO - Started process (PID=260) to work on /opt/airflow/dags/permission_fixer_dag.py
[2025-05-01T23:28:24.704+0000] {processor.py:914} INFO - Processing file /opt/airflow/dags/permission_fixer_dag.py for tasks to queue
[2025-05-01T23:28:24.705+0000] {logging_mixin.py:190} INFO - [2025-05-01T23:28:24.705+0000] {dagbag.py:588} INFO - Filling up the DagBag from /opt/airflow/dags/permission_fixer_dag.py
[2025-05-01T23:28:24.717+0000] {processor.py:925} INFO - DAG(s) 'fix_permissions_dag' retrieved from /opt/airflow/dags/permission_fixer_dag.py
[2025-05-01T23:28:24.734+0000] {logging_mixin.py:190} INFO - [2025-05-01T23:28:24.734+0000] {dag.py:3239} INFO - Sync 1 DAGs
[2025-05-01T23:28:24.745+0000] {logging_mixin.py:190} INFO - [2025-05-01T23:28:24.745+0000] {dag.py:4180} INFO - Setting next_dagrun for fix_permissions_dag to 2025-05-01 23:00:00+00:00, run_after=2025-05-02 00:00:00+00:00
[2025-05-01T23:28:24.752+0000] {processor.py:208} INFO - Processing /opt/airflow/dags/permission_fixer_dag.py took 0.056 seconds
[2025-05-01T23:28:55.089+0000] {processor.py:186} INFO - Started process (PID=262) to work on /opt/airflow/dags/permission_fixer_dag.py
[2025-05-01T23:28:55.090+0000] {processor.py:914} INFO - Processing file /opt/airflow/dags/permission_fixer_dag.py for tasks to queue
[2025-05-01T23:28:55.092+0000] {logging_mixin.py:190} INFO - [2025-05-01T23:28:55.091+0000] {dagbag.py:588} INFO - Filling up the DagBag from /opt/airflow/dags/permission_fixer_dag.py
[2025-05-01T23:28:55.101+0000] {processor.py:925} INFO - DAG(s) 'fix_permissions_dag' retrieved from /opt/airflow/dags/permission_fixer_dag.py
[2025-05-01T23:28:55.118+0000] {logging_mixin.py:190} INFO - [2025-05-01T23:28:55.118+0000] {dag.py:3239} INFO - Sync 1 DAGs
[2025-05-01T23:28:55.128+0000] {logging_mixin.py:190} INFO - [2025-05-01T23:28:55.128+0000] {dag.py:4180} INFO - Setting next_dagrun for fix_permissions_dag to 2025-05-01 23:00:00+00:00, run_after=2025-05-02 00:00:00+00:00
[2025-05-01T23:28:55.135+0000] {processor.py:208} INFO - Processing /opt/airflow/dags/permission_fixer_dag.py took 0.054 seconds
[2025-05-01T23:29:25.500+0000] {processor.py:186} INFO - Started process (PID=264) to work on /opt/airflow/dags/permission_fixer_dag.py
[2025-05-01T23:29:25.501+0000] {processor.py:914} INFO - Processing file /opt/airflow/dags/permission_fixer_dag.py for tasks to queue
[2025-05-01T23:29:25.502+0000] {logging_mixin.py:190} INFO - [2025-05-01T23:29:25.501+0000] {dagbag.py:588} INFO - Filling up the DagBag from /opt/airflow/dags/permission_fixer_dag.py
[2025-05-01T23:29:25.512+0000] {processor.py:925} INFO - DAG(s) 'fix_permissions_dag' retrieved from /opt/airflow/dags/permission_fixer_dag.py
[2025-05-01T23:29:25.529+0000] {logging_mixin.py:190} INFO - [2025-05-01T23:29:25.529+0000] {dag.py:3239} INFO - Sync 1 DAGs
[2025-05-01T23:29:25.540+0000] {logging_mixin.py:190} INFO - [2025-05-01T23:29:25.540+0000] {dag.py:4180} INFO - Setting next_dagrun for fix_permissions_dag to 2025-05-01 23:00:00+00:00, run_after=2025-05-02 00:00:00+00:00
[2025-05-01T23:29:25.548+0000] {processor.py:208} INFO - Processing /opt/airflow/dags/permission_fixer_dag.py took 0.057 seconds
[2025-05-01T23:29:55.776+0000] {processor.py:186} INFO - Started process (PID=266) to work on /opt/airflow/dags/permission_fixer_dag.py
[2025-05-01T23:29:55.777+0000] {processor.py:914} INFO - Processing file /opt/airflow/dags/permission_fixer_dag.py for tasks to queue
[2025-05-01T23:29:55.778+0000] {logging_mixin.py:190} INFO - [2025-05-01T23:29:55.778+0000] {dagbag.py:588} INFO - Filling up the DagBag from /opt/airflow/dags/permission_fixer_dag.py
[2025-05-01T23:29:55.785+0000] {processor.py:925} INFO - DAG(s) 'fix_permissions_dag' retrieved from /opt/airflow/dags/permission_fixer_dag.py
[2025-05-01T23:29:55.797+0000] {logging_mixin.py:190} INFO - [2025-05-01T23:29:55.797+0000] {dag.py:3239} INFO - Sync 1 DAGs
[2025-05-01T23:29:55.807+0000] {logging_mixin.py:190} INFO - [2025-05-01T23:29:55.807+0000] {dag.py:4180} INFO - Setting next_dagrun for fix_permissions_dag to 2025-05-01 23:00:00+00:00, run_after=2025-05-02 00:00:00+00:00
[2025-05-01T23:29:55.814+0000] {processor.py:208} INFO - Processing /opt/airflow/dags/permission_fixer_dag.py took 0.044 seconds
[2025-05-01T23:30:26.114+0000] {processor.py:186} INFO - Started process (PID=268) to work on /opt/airflow/dags/permission_fixer_dag.py
[2025-05-01T23:30:26.115+0000] {processor.py:914} INFO - Processing file /opt/airflow/dags/permission_fixer_dag.py for tasks to queue
[2025-05-01T23:30:26.117+0000] {logging_mixin.py:190} INFO - [2025-05-01T23:30:26.116+0000] {dagbag.py:588} INFO - Filling up the DagBag from /opt/airflow/dags/permission_fixer_dag.py
[2025-05-01T23:30:26.129+0000] {processor.py:925} INFO - DAG(s) 'fix_permissions_dag' retrieved from /opt/airflow/dags/permission_fixer_dag.py
[2025-05-01T23:30:26.146+0000] {logging_mixin.py:190} INFO - [2025-05-01T23:30:26.146+0000] {dag.py:3239} INFO - Sync 1 DAGs
[2025-05-01T23:30:26.157+0000] {logging_mixin.py:190} INFO - [2025-05-01T23:30:26.157+0000] {dag.py:4180} INFO - Setting next_dagrun for fix_permissions_dag to 2025-05-01 23:00:00+00:00, run_after=2025-05-02 00:00:00+00:00
[2025-05-01T23:30:26.164+0000] {processor.py:208} INFO - Processing /opt/airflow/dags/permission_fixer_dag.py took 0.058 seconds
[2025-05-01T23:30:56.453+0000] {processor.py:186} INFO - Started process (PID=270) to work on /opt/airflow/dags/permission_fixer_dag.py
[2025-05-01T23:30:56.453+0000] {processor.py:914} INFO - Processing file /opt/airflow/dags/permission_fixer_dag.py for tasks to queue
[2025-05-01T23:30:56.454+0000] {logging_mixin.py:190} INFO - [2025-05-01T23:30:56.454+0000] {dagbag.py:588} INFO - Filling up the DagBag from /opt/airflow/dags/permission_fixer_dag.py
[2025-05-01T23:30:56.461+0000] {processor.py:925} INFO - DAG(s) 'fix_permissions_dag' retrieved from /opt/airflow/dags/permission_fixer_dag.py
[2025-05-01T23:30:56.476+0000] {logging_mixin.py:190} INFO - [2025-05-01T23:30:56.475+0000] {dag.py:3239} INFO - Sync 1 DAGs
[2025-05-01T23:30:56.485+0000] {logging_mixin.py:190} INFO - [2025-05-01T23:30:56.485+0000] {dag.py:4180} INFO - Setting next_dagrun for fix_permissions_dag to 2025-05-01 23:00:00+00:00, run_after=2025-05-02 00:00:00+00:00
[2025-05-01T23:30:56.492+0000] {processor.py:208} INFO - Processing /opt/airflow/dags/permission_fixer_dag.py took 0.044 seconds
[2025-05-01T23:31:26.677+0000] {processor.py:186} INFO - Started process (PID=272) to work on /opt/airflow/dags/permission_fixer_dag.py
[2025-05-01T23:31:26.678+0000] {processor.py:914} INFO - Processing file /opt/airflow/dags/permission_fixer_dag.py for tasks to queue
[2025-05-01T23:31:26.678+0000] {logging_mixin.py:190} INFO - [2025-05-01T23:31:26.678+0000] {dagbag.py:588} INFO - Filling up the DagBag from /opt/airflow/dags/permission_fixer_dag.py
[2025-05-01T23:31:26.685+0000] {processor.py:925} INFO - DAG(s) 'fix_permissions_dag' retrieved from /opt/airflow/dags/permission_fixer_dag.py
[2025-05-01T23:31:26.699+0000] {logging_mixin.py:190} INFO - [2025-05-01T23:31:26.699+0000] {dag.py:3239} INFO - Sync 1 DAGs
[2025-05-01T23:31:26.710+0000] {logging_mixin.py:190} INFO - [2025-05-01T23:31:26.710+0000] {dag.py:4180} INFO - Setting next_dagrun for fix_permissions_dag to 2025-05-01 23:00:00+00:00, run_after=2025-05-02 00:00:00+00:00
[2025-05-01T23:31:26.718+0000] {processor.py:208} INFO - Processing /opt/airflow/dags/permission_fixer_dag.py took 0.045 seconds
[2025-05-01T23:31:56.921+0000] {processor.py:186} INFO - Started process (PID=274) to work on /opt/airflow/dags/permission_fixer_dag.py
[2025-05-01T23:31:56.921+0000] {processor.py:914} INFO - Processing file /opt/airflow/dags/permission_fixer_dag.py for tasks to queue
[2025-05-01T23:31:56.922+0000] {logging_mixin.py:190} INFO - [2025-05-01T23:31:56.922+0000] {dagbag.py:588} INFO - Filling up the DagBag from /opt/airflow/dags/permission_fixer_dag.py
[2025-05-01T23:31:56.929+0000] {processor.py:925} INFO - DAG(s) 'fix_permissions_dag' retrieved from /opt/airflow/dags/permission_fixer_dag.py
[2025-05-01T23:31:56.944+0000] {logging_mixin.py:190} INFO - [2025-05-01T23:31:56.944+0000] {dag.py:3239} INFO - Sync 1 DAGs
[2025-05-01T23:31:56.955+0000] {logging_mixin.py:190} INFO - [2025-05-01T23:31:56.955+0000] {dag.py:4180} INFO - Setting next_dagrun for fix_permissions_dag to 2025-05-01 23:00:00+00:00, run_after=2025-05-02 00:00:00+00:00
[2025-05-01T23:31:56.962+0000] {processor.py:208} INFO - Processing /opt/airflow/dags/permission_fixer_dag.py took 0.046 seconds
[2025-05-01T23:32:27.143+0000] {processor.py:186} INFO - Started process (PID=276) to work on /opt/airflow/dags/permission_fixer_dag.py
[2025-05-01T23:32:27.144+0000] {processor.py:914} INFO - Processing file /opt/airflow/dags/permission_fixer_dag.py for tasks to queue
[2025-05-01T23:32:27.144+0000] {logging_mixin.py:190} INFO - [2025-05-01T23:32:27.144+0000] {dagbag.py:588} INFO - Filling up the DagBag from /opt/airflow/dags/permission_fixer_dag.py
[2025-05-01T23:32:27.154+0000] {processor.py:925} INFO - DAG(s) 'fix_permissions_dag' retrieved from /opt/airflow/dags/permission_fixer_dag.py
[2025-05-01T23:32:27.167+0000] {logging_mixin.py:190} INFO - [2025-05-01T23:32:27.167+0000] {dag.py:3239} INFO - Sync 1 DAGs
[2025-05-01T23:32:27.177+0000] {logging_mixin.py:190} INFO - [2025-05-01T23:32:27.177+0000] {dag.py:4180} INFO - Setting next_dagrun for fix_permissions_dag to 2025-05-01 23:00:00+00:00, run_after=2025-05-02 00:00:00+00:00
[2025-05-01T23:32:27.245+0000] {processor.py:208} INFO - Processing /opt/airflow/dags/permission_fixer_dag.py took 0.107 seconds
[2025-05-01T23:32:57.467+0000] {processor.py:186} INFO - Started process (PID=278) to work on /opt/airflow/dags/permission_fixer_dag.py
[2025-05-01T23:32:57.468+0000] {processor.py:914} INFO - Processing file /opt/airflow/dags/permission_fixer_dag.py for tasks to queue
[2025-05-01T23:32:57.469+0000] {logging_mixin.py:190} INFO - [2025-05-01T23:32:57.469+0000] {dagbag.py:588} INFO - Filling up the DagBag from /opt/airflow/dags/permission_fixer_dag.py
[2025-05-01T23:32:57.476+0000] {processor.py:925} INFO - DAG(s) 'fix_permissions_dag' retrieved from /opt/airflow/dags/permission_fixer_dag.py
[2025-05-01T23:32:57.493+0000] {logging_mixin.py:190} INFO - [2025-05-01T23:32:57.493+0000] {dag.py:3239} INFO - Sync 1 DAGs
[2025-05-01T23:32:57.504+0000] {logging_mixin.py:190} INFO - [2025-05-01T23:32:57.504+0000] {dag.py:4180} INFO - Setting next_dagrun for fix_permissions_dag to 2025-05-01 23:00:00+00:00, run_after=2025-05-02 00:00:00+00:00
[2025-05-01T23:32:57.513+0000] {processor.py:208} INFO - Processing /opt/airflow/dags/permission_fixer_dag.py took 0.049 seconds
[2025-05-01T23:33:27.715+0000] {processor.py:186} INFO - Started process (PID=280) to work on /opt/airflow/dags/permission_fixer_dag.py
[2025-05-01T23:33:27.716+0000] {processor.py:914} INFO - Processing file /opt/airflow/dags/permission_fixer_dag.py for tasks to queue
[2025-05-01T23:33:27.716+0000] {logging_mixin.py:190} INFO - [2025-05-01T23:33:27.716+0000] {dagbag.py:588} INFO - Filling up the DagBag from /opt/airflow/dags/permission_fixer_dag.py
[2025-05-01T23:33:27.724+0000] {processor.py:925} INFO - DAG(s) 'fix_permissions_dag' retrieved from /opt/airflow/dags/permission_fixer_dag.py
[2025-05-01T23:33:27.739+0000] {logging_mixin.py:190} INFO - [2025-05-01T23:33:27.739+0000] {dag.py:3239} INFO - Sync 1 DAGs
[2025-05-01T23:33:27.749+0000] {logging_mixin.py:190} INFO - [2025-05-01T23:33:27.749+0000] {dag.py:4180} INFO - Setting next_dagrun for fix_permissions_dag to 2025-05-01 23:00:00+00:00, run_after=2025-05-02 00:00:00+00:00
[2025-05-01T23:33:27.757+0000] {processor.py:208} INFO - Processing /opt/airflow/dags/permission_fixer_dag.py took 0.047 seconds
[2025-05-01T23:33:57.963+0000] {processor.py:186} INFO - Started process (PID=282) to work on /opt/airflow/dags/permission_fixer_dag.py
[2025-05-01T23:33:57.964+0000] {processor.py:914} INFO - Processing file /opt/airflow/dags/permission_fixer_dag.py for tasks to queue
[2025-05-01T23:33:57.964+0000] {logging_mixin.py:190} INFO - [2025-05-01T23:33:57.964+0000] {dagbag.py:588} INFO - Filling up the DagBag from /opt/airflow/dags/permission_fixer_dag.py
[2025-05-01T23:33:57.970+0000] {processor.py:925} INFO - DAG(s) 'fix_permissions_dag' retrieved from /opt/airflow/dags/permission_fixer_dag.py
[2025-05-01T23:33:57.983+0000] {logging_mixin.py:190} INFO - [2025-05-01T23:33:57.983+0000] {dag.py:3239} INFO - Sync 1 DAGs
[2025-05-01T23:33:57.991+0000] {logging_mixin.py:190} INFO - [2025-05-01T23:33:57.991+0000] {dag.py:4180} INFO - Setting next_dagrun for fix_permissions_dag to 2025-05-01 23:00:00+00:00, run_after=2025-05-02 00:00:00+00:00
[2025-05-01T23:33:57.999+0000] {processor.py:208} INFO - Processing /opt/airflow/dags/permission_fixer_dag.py took 0.039 seconds
[2025-05-01T23:34:28.224+0000] {processor.py:186} INFO - Started process (PID=284) to work on /opt/airflow/dags/permission_fixer_dag.py
[2025-05-01T23:34:28.224+0000] {processor.py:914} INFO - Processing file /opt/airflow/dags/permission_fixer_dag.py for tasks to queue
[2025-05-01T23:34:28.225+0000] {logging_mixin.py:190} INFO - [2025-05-01T23:34:28.225+0000] {dagbag.py:588} INFO - Filling up the DagBag from /opt/airflow/dags/permission_fixer_dag.py
[2025-05-01T23:34:28.233+0000] {processor.py:925} INFO - DAG(s) 'fix_permissions_dag' retrieved from /opt/airflow/dags/permission_fixer_dag.py
[2025-05-01T23:34:28.246+0000] {logging_mixin.py:190} INFO - [2025-05-01T23:34:28.246+0000] {dag.py:3239} INFO - Sync 1 DAGs
[2025-05-01T23:34:28.256+0000] {logging_mixin.py:190} INFO - [2025-05-01T23:34:28.256+0000] {dag.py:4180} INFO - Setting next_dagrun for fix_permissions_dag to 2025-05-01 23:00:00+00:00, run_after=2025-05-02 00:00:00+00:00
[2025-05-01T23:34:28.262+0000] {processor.py:208} INFO - Processing /opt/airflow/dags/permission_fixer_dag.py took 0.044 seconds
[2025-05-01T23:34:58.507+0000] {processor.py:186} INFO - Started process (PID=286) to work on /opt/airflow/dags/permission_fixer_dag.py
[2025-05-01T23:34:58.508+0000] {processor.py:914} INFO - Processing file /opt/airflow/dags/permission_fixer_dag.py for tasks to queue
[2025-05-01T23:34:58.508+0000] {logging_mixin.py:190} INFO - [2025-05-01T23:34:58.508+0000] {dagbag.py:588} INFO - Filling up the DagBag from /opt/airflow/dags/permission_fixer_dag.py
[2025-05-01T23:34:58.517+0000] {processor.py:925} INFO - DAG(s) 'fix_permissions_dag' retrieved from /opt/airflow/dags/permission_fixer_dag.py
[2025-05-01T23:34:58.532+0000] {logging_mixin.py:190} INFO - [2025-05-01T23:34:58.532+0000] {dag.py:3239} INFO - Sync 1 DAGs
[2025-05-01T23:34:58.543+0000] {logging_mixin.py:190} INFO - [2025-05-01T23:34:58.543+0000] {dag.py:4180} INFO - Setting next_dagrun for fix_permissions_dag to 2025-05-01 23:00:00+00:00, run_after=2025-05-02 00:00:00+00:00
[2025-05-01T23:34:58.550+0000] {processor.py:208} INFO - Processing /opt/airflow/dags/permission_fixer_dag.py took 0.049 seconds
[2025-05-01T23:35:28.794+0000] {processor.py:186} INFO - Started process (PID=288) to work on /opt/airflow/dags/permission_fixer_dag.py
[2025-05-01T23:35:28.795+0000] {processor.py:914} INFO - Processing file /opt/airflow/dags/permission_fixer_dag.py for tasks to queue
[2025-05-01T23:35:28.795+0000] {logging_mixin.py:190} INFO - [2025-05-01T23:35:28.795+0000] {dagbag.py:588} INFO - Filling up the DagBag from /opt/airflow/dags/permission_fixer_dag.py
[2025-05-01T23:35:28.801+0000] {processor.py:925} INFO - DAG(s) 'fix_permissions_dag' retrieved from /opt/airflow/dags/permission_fixer_dag.py
[2025-05-01T23:35:28.814+0000] {logging_mixin.py:190} INFO - [2025-05-01T23:35:28.814+0000] {dag.py:3239} INFO - Sync 1 DAGs
[2025-05-01T23:35:28.825+0000] {logging_mixin.py:190} INFO - [2025-05-01T23:35:28.825+0000] {dag.py:4180} INFO - Setting next_dagrun for fix_permissions_dag to 2025-05-01 23:00:00+00:00, run_after=2025-05-02 00:00:00+00:00
[2025-05-01T23:35:28.902+0000] {processor.py:208} INFO - Processing /opt/airflow/dags/permission_fixer_dag.py took 0.112 seconds
[2025-05-01T23:35:59.080+0000] {processor.py:186} INFO - Started process (PID=290) to work on /opt/airflow/dags/permission_fixer_dag.py
[2025-05-01T23:35:59.080+0000] {processor.py:914} INFO - Processing file /opt/airflow/dags/permission_fixer_dag.py for tasks to queue
[2025-05-01T23:35:59.081+0000] {logging_mixin.py:190} INFO - [2025-05-01T23:35:59.081+0000] {dagbag.py:588} INFO - Filling up the DagBag from /opt/airflow/dags/permission_fixer_dag.py
[2025-05-01T23:35:59.086+0000] {processor.py:925} INFO - DAG(s) 'fix_permissions_dag' retrieved from /opt/airflow/dags/permission_fixer_dag.py
[2025-05-01T23:35:59.100+0000] {logging_mixin.py:190} INFO - [2025-05-01T23:35:59.100+0000] {dag.py:3239} INFO - Sync 1 DAGs
[2025-05-01T23:35:59.110+0000] {logging_mixin.py:190} INFO - [2025-05-01T23:35:59.110+0000] {dag.py:4180} INFO - Setting next_dagrun for fix_permissions_dag to 2025-05-01 23:00:00+00:00, run_after=2025-05-02 00:00:00+00:00
[2025-05-01T23:35:59.118+0000] {processor.py:208} INFO - Processing /opt/airflow/dags/permission_fixer_dag.py took 0.042 seconds
[2025-05-01T23:36:29.411+0000] {processor.py:186} INFO - Started process (PID=292) to work on /opt/airflow/dags/permission_fixer_dag.py
[2025-05-01T23:36:29.411+0000] {processor.py:914} INFO - Processing file /opt/airflow/dags/permission_fixer_dag.py for tasks to queue
[2025-05-01T23:36:29.412+0000] {logging_mixin.py:190} INFO - [2025-05-01T23:36:29.412+0000] {dagbag.py:588} INFO - Filling up the DagBag from /opt/airflow/dags/permission_fixer_dag.py
[2025-05-01T23:36:29.420+0000] {processor.py:925} INFO - DAG(s) 'fix_permissions_dag' retrieved from /opt/airflow/dags/permission_fixer_dag.py
[2025-05-01T23:36:29.438+0000] {logging_mixin.py:190} INFO - [2025-05-01T23:36:29.437+0000] {dag.py:3239} INFO - Sync 1 DAGs
[2025-05-01T23:36:29.450+0000] {logging_mixin.py:190} INFO - [2025-05-01T23:36:29.450+0000] {dag.py:4180} INFO - Setting next_dagrun for fix_permissions_dag to 2025-05-01 23:00:00+00:00, run_after=2025-05-02 00:00:00+00:00
[2025-05-01T23:36:29.459+0000] {processor.py:208} INFO - Processing /opt/airflow/dags/permission_fixer_dag.py took 0.053 seconds
[2025-05-01T23:36:59.832+0000] {processor.py:186} INFO - Started process (PID=294) to work on /opt/airflow/dags/permission_fixer_dag.py
[2025-05-01T23:36:59.833+0000] {processor.py:914} INFO - Processing file /opt/airflow/dags/permission_fixer_dag.py for tasks to queue
[2025-05-01T23:36:59.834+0000] {logging_mixin.py:190} INFO - [2025-05-01T23:36:59.833+0000] {dagbag.py:588} INFO - Filling up the DagBag from /opt/airflow/dags/permission_fixer_dag.py
[2025-05-01T23:36:59.844+0000] {processor.py:925} INFO - DAG(s) 'fix_permissions_dag' retrieved from /opt/airflow/dags/permission_fixer_dag.py
[2025-05-01T23:36:59.861+0000] {logging_mixin.py:190} INFO - [2025-05-01T23:36:59.860+0000] {dag.py:3239} INFO - Sync 1 DAGs
[2025-05-01T23:36:59.871+0000] {logging_mixin.py:190} INFO - [2025-05-01T23:36:59.871+0000] {dag.py:4180} INFO - Setting next_dagrun for fix_permissions_dag to 2025-05-01 23:00:00+00:00, run_after=2025-05-02 00:00:00+00:00
[2025-05-01T23:36:59.877+0000] {processor.py:208} INFO - Processing /opt/airflow/dags/permission_fixer_dag.py took 0.052 seconds
[2025-05-01T23:37:30.190+0000] {processor.py:186} INFO - Started process (PID=296) to work on /opt/airflow/dags/permission_fixer_dag.py
[2025-05-01T23:37:30.191+0000] {processor.py:914} INFO - Processing file /opt/airflow/dags/permission_fixer_dag.py for tasks to queue
[2025-05-01T23:37:30.192+0000] {logging_mixin.py:190} INFO - [2025-05-01T23:37:30.192+0000] {dagbag.py:588} INFO - Filling up the DagBag from /opt/airflow/dags/permission_fixer_dag.py
[2025-05-01T23:37:30.201+0000] {processor.py:925} INFO - DAG(s) 'fix_permissions_dag' retrieved from /opt/airflow/dags/permission_fixer_dag.py
[2025-05-01T23:37:30.217+0000] {logging_mixin.py:190} INFO - [2025-05-01T23:37:30.216+0000] {dag.py:3239} INFO - Sync 1 DAGs
[2025-05-01T23:37:30.227+0000] {logging_mixin.py:190} INFO - [2025-05-01T23:37:30.227+0000] {dag.py:4180} INFO - Setting next_dagrun for fix_permissions_dag to 2025-05-01 23:00:00+00:00, run_after=2025-05-02 00:00:00+00:00
[2025-05-01T23:37:30.233+0000] {processor.py:208} INFO - Processing /opt/airflow/dags/permission_fixer_dag.py took 0.048 seconds
[2025-05-01T23:38:00.566+0000] {processor.py:186} INFO - Started process (PID=298) to work on /opt/airflow/dags/permission_fixer_dag.py
[2025-05-01T23:38:00.567+0000] {processor.py:914} INFO - Processing file /opt/airflow/dags/permission_fixer_dag.py for tasks to queue
[2025-05-01T23:38:00.569+0000] {logging_mixin.py:190} INFO - [2025-05-01T23:38:00.568+0000] {dagbag.py:588} INFO - Filling up the DagBag from /opt/airflow/dags/permission_fixer_dag.py
[2025-05-01T23:38:00.577+0000] {processor.py:925} INFO - DAG(s) 'fix_permissions_dag' retrieved from /opt/airflow/dags/permission_fixer_dag.py
[2025-05-01T23:38:00.593+0000] {logging_mixin.py:190} INFO - [2025-05-01T23:38:00.593+0000] {dag.py:3239} INFO - Sync 1 DAGs
[2025-05-01T23:38:00.605+0000] {logging_mixin.py:190} INFO - [2025-05-01T23:38:00.605+0000] {dag.py:4180} INFO - Setting next_dagrun for fix_permissions_dag to 2025-05-01 23:00:00+00:00, run_after=2025-05-02 00:00:00+00:00
[2025-05-01T23:38:00.614+0000] {processor.py:208} INFO - Processing /opt/airflow/dags/permission_fixer_dag.py took 0.055 seconds
[2025-05-01T23:38:30.963+0000] {processor.py:186} INFO - Started process (PID=300) to work on /opt/airflow/dags/permission_fixer_dag.py
[2025-05-01T23:38:30.963+0000] {processor.py:914} INFO - Processing file /opt/airflow/dags/permission_fixer_dag.py for tasks to queue
[2025-05-01T23:38:30.964+0000] {logging_mixin.py:190} INFO - [2025-05-01T23:38:30.964+0000] {dagbag.py:588} INFO - Filling up the DagBag from /opt/airflow/dags/permission_fixer_dag.py
[2025-05-01T23:38:30.975+0000] {processor.py:925} INFO - DAG(s) 'fix_permissions_dag' retrieved from /opt/airflow/dags/permission_fixer_dag.py
[2025-05-01T23:38:30.991+0000] {logging_mixin.py:190} INFO - [2025-05-01T23:38:30.991+0000] {dag.py:3239} INFO - Sync 1 DAGs
[2025-05-01T23:38:31.003+0000] {logging_mixin.py:190} INFO - [2025-05-01T23:38:31.003+0000] {dag.py:4180} INFO - Setting next_dagrun for fix_permissions_dag to 2025-05-01 23:00:00+00:00, run_after=2025-05-02 00:00:00+00:00
[2025-05-01T23:38:31.010+0000] {processor.py:208} INFO - Processing /opt/airflow/dags/permission_fixer_dag.py took 0.055 seconds
[2025-05-01T23:39:01.362+0000] {processor.py:186} INFO - Started process (PID=302) to work on /opt/airflow/dags/permission_fixer_dag.py
[2025-05-01T23:39:01.363+0000] {processor.py:914} INFO - Processing file /opt/airflow/dags/permission_fixer_dag.py for tasks to queue
[2025-05-01T23:39:01.364+0000] {logging_mixin.py:190} INFO - [2025-05-01T23:39:01.364+0000] {dagbag.py:588} INFO - Filling up the DagBag from /opt/airflow/dags/permission_fixer_dag.py
[2025-05-01T23:39:01.375+0000] {processor.py:925} INFO - DAG(s) 'fix_permissions_dag' retrieved from /opt/airflow/dags/permission_fixer_dag.py
[2025-05-01T23:39:01.392+0000] {logging_mixin.py:190} INFO - [2025-05-01T23:39:01.392+0000] {dag.py:3239} INFO - Sync 1 DAGs
[2025-05-01T23:39:01.404+0000] {logging_mixin.py:190} INFO - [2025-05-01T23:39:01.404+0000] {dag.py:4180} INFO - Setting next_dagrun for fix_permissions_dag to 2025-05-01 23:00:00+00:00, run_after=2025-05-02 00:00:00+00:00
[2025-05-01T23:39:01.412+0000] {processor.py:208} INFO - Processing /opt/airflow/dags/permission_fixer_dag.py took 0.058 seconds
[2025-05-01T23:39:31.760+0000] {processor.py:186} INFO - Started process (PID=304) to work on /opt/airflow/dags/permission_fixer_dag.py
[2025-05-01T23:39:31.761+0000] {processor.py:914} INFO - Processing file /opt/airflow/dags/permission_fixer_dag.py for tasks to queue
[2025-05-01T23:39:31.762+0000] {logging_mixin.py:190} INFO - [2025-05-01T23:39:31.762+0000] {dagbag.py:588} INFO - Filling up the DagBag from /opt/airflow/dags/permission_fixer_dag.py
[2025-05-01T23:39:31.773+0000] {processor.py:925} INFO - DAG(s) 'fix_permissions_dag' retrieved from /opt/airflow/dags/permission_fixer_dag.py
[2025-05-01T23:39:31.790+0000] {logging_mixin.py:190} INFO - [2025-05-01T23:39:31.790+0000] {dag.py:3239} INFO - Sync 1 DAGs
[2025-05-01T23:39:31.801+0000] {logging_mixin.py:190} INFO - [2025-05-01T23:39:31.801+0000] {dag.py:4180} INFO - Setting next_dagrun for fix_permissions_dag to 2025-05-01 23:00:00+00:00, run_after=2025-05-02 00:00:00+00:00
[2025-05-01T23:39:31.808+0000] {processor.py:208} INFO - Processing /opt/airflow/dags/permission_fixer_dag.py took 0.056 seconds
[2025-05-01T23:40:02.136+0000] {processor.py:186} INFO - Started process (PID=306) to work on /opt/airflow/dags/permission_fixer_dag.py
[2025-05-01T23:40:02.136+0000] {processor.py:914} INFO - Processing file /opt/airflow/dags/permission_fixer_dag.py for tasks to queue
[2025-05-01T23:40:02.137+0000] {logging_mixin.py:190} INFO - [2025-05-01T23:40:02.137+0000] {dagbag.py:588} INFO - Filling up the DagBag from /opt/airflow/dags/permission_fixer_dag.py
[2025-05-01T23:40:02.143+0000] {processor.py:925} INFO - DAG(s) 'fix_permissions_dag' retrieved from /opt/airflow/dags/permission_fixer_dag.py
[2025-05-01T23:40:02.154+0000] {logging_mixin.py:190} INFO - [2025-05-01T23:40:02.154+0000] {dag.py:3239} INFO - Sync 1 DAGs
[2025-05-01T23:40:02.162+0000] {logging_mixin.py:190} INFO - [2025-05-01T23:40:02.162+0000] {dag.py:4180} INFO - Setting next_dagrun for fix_permissions_dag to 2025-05-01 23:00:00+00:00, run_after=2025-05-02 00:00:00+00:00
[2025-05-01T23:40:02.168+0000] {processor.py:208} INFO - Processing /opt/airflow/dags/permission_fixer_dag.py took 0.035 seconds
[2025-05-01T23:40:32.528+0000] {processor.py:186} INFO - Started process (PID=308) to work on /opt/airflow/dags/permission_fixer_dag.py
[2025-05-01T23:40:32.529+0000] {processor.py:914} INFO - Processing file /opt/airflow/dags/permission_fixer_dag.py for tasks to queue
[2025-05-01T23:40:32.530+0000] {logging_mixin.py:190} INFO - [2025-05-01T23:40:32.530+0000] {dagbag.py:588} INFO - Filling up the DagBag from /opt/airflow/dags/permission_fixer_dag.py
[2025-05-01T23:40:32.541+0000] {processor.py:925} INFO - DAG(s) 'fix_permissions_dag' retrieved from /opt/airflow/dags/permission_fixer_dag.py
[2025-05-01T23:40:32.556+0000] {logging_mixin.py:190} INFO - [2025-05-01T23:40:32.556+0000] {dag.py:3239} INFO - Sync 1 DAGs
[2025-05-01T23:40:32.567+0000] {logging_mixin.py:190} INFO - [2025-05-01T23:40:32.567+0000] {dag.py:4180} INFO - Setting next_dagrun for fix_permissions_dag to 2025-05-01 23:00:00+00:00, run_after=2025-05-02 00:00:00+00:00
[2025-05-01T23:40:32.574+0000] {processor.py:208} INFO - Processing /opt/airflow/dags/permission_fixer_dag.py took 0.054 seconds
[2025-05-01T23:41:02.847+0000] {processor.py:186} INFO - Started process (PID=310) to work on /opt/airflow/dags/permission_fixer_dag.py
[2025-05-01T23:41:02.848+0000] {processor.py:914} INFO - Processing file /opt/airflow/dags/permission_fixer_dag.py for tasks to queue
[2025-05-01T23:41:02.850+0000] {logging_mixin.py:190} INFO - [2025-05-01T23:41:02.849+0000] {dagbag.py:588} INFO - Filling up the DagBag from /opt/airflow/dags/permission_fixer_dag.py
[2025-05-01T23:41:02.859+0000] {processor.py:925} INFO - DAG(s) 'fix_permissions_dag' retrieved from /opt/airflow/dags/permission_fixer_dag.py
[2025-05-01T23:41:02.875+0000] {logging_mixin.py:190} INFO - [2025-05-01T23:41:02.875+0000] {dag.py:3239} INFO - Sync 1 DAGs
[2025-05-01T23:41:02.887+0000] {logging_mixin.py:190} INFO - [2025-05-01T23:41:02.887+0000] {dag.py:4180} INFO - Setting next_dagrun for fix_permissions_dag to 2025-05-01 23:00:00+00:00, run_after=2025-05-02 00:00:00+00:00
[2025-05-01T23:41:02.895+0000] {processor.py:208} INFO - Processing /opt/airflow/dags/permission_fixer_dag.py took 0.056 seconds
[2025-05-01T23:41:33.242+0000] {processor.py:186} INFO - Started process (PID=312) to work on /opt/airflow/dags/permission_fixer_dag.py
[2025-05-01T23:41:33.242+0000] {processor.py:914} INFO - Processing file /opt/airflow/dags/permission_fixer_dag.py for tasks to queue
[2025-05-01T23:41:33.243+0000] {logging_mixin.py:190} INFO - [2025-05-01T23:41:33.243+0000] {dagbag.py:588} INFO - Filling up the DagBag from /opt/airflow/dags/permission_fixer_dag.py
[2025-05-01T23:41:33.253+0000] {processor.py:925} INFO - DAG(s) 'fix_permissions_dag' retrieved from /opt/airflow/dags/permission_fixer_dag.py
[2025-05-01T23:41:33.269+0000] {logging_mixin.py:190} INFO - [2025-05-01T23:41:33.269+0000] {dag.py:3239} INFO - Sync 1 DAGs
[2025-05-01T23:41:33.281+0000] {logging_mixin.py:190} INFO - [2025-05-01T23:41:33.281+0000] {dag.py:4180} INFO - Setting next_dagrun for fix_permissions_dag to 2025-05-01 23:00:00+00:00, run_after=2025-05-02 00:00:00+00:00
[2025-05-01T23:41:33.287+0000] {processor.py:208} INFO - Processing /opt/airflow/dags/permission_fixer_dag.py took 0.052 seconds
[2025-05-01T23:42:03.563+0000] {processor.py:186} INFO - Started process (PID=314) to work on /opt/airflow/dags/permission_fixer_dag.py
[2025-05-01T23:42:03.564+0000] {processor.py:914} INFO - Processing file /opt/airflow/dags/permission_fixer_dag.py for tasks to queue
[2025-05-01T23:42:03.564+0000] {logging_mixin.py:190} INFO - [2025-05-01T23:42:03.564+0000] {dagbag.py:588} INFO - Filling up the DagBag from /opt/airflow/dags/permission_fixer_dag.py
[2025-05-01T23:42:03.571+0000] {processor.py:925} INFO - DAG(s) 'fix_permissions_dag' retrieved from /opt/airflow/dags/permission_fixer_dag.py
[2025-05-01T23:42:03.586+0000] {logging_mixin.py:190} INFO - [2025-05-01T23:42:03.586+0000] {dag.py:3239} INFO - Sync 1 DAGs
[2025-05-01T23:42:03.599+0000] {logging_mixin.py:190} INFO - [2025-05-01T23:42:03.599+0000] {dag.py:4180} INFO - Setting next_dagrun for fix_permissions_dag to 2025-05-01 23:00:00+00:00, run_after=2025-05-02 00:00:00+00:00
[2025-05-01T23:42:03.608+0000] {processor.py:208} INFO - Processing /opt/airflow/dags/permission_fixer_dag.py took 0.048 seconds
[2025-05-01T23:42:33.845+0000] {processor.py:186} INFO - Started process (PID=316) to work on /opt/airflow/dags/permission_fixer_dag.py
[2025-05-01T23:42:33.846+0000] {processor.py:914} INFO - Processing file /opt/airflow/dags/permission_fixer_dag.py for tasks to queue
[2025-05-01T23:42:33.847+0000] {logging_mixin.py:190} INFO - [2025-05-01T23:42:33.847+0000] {dagbag.py:588} INFO - Filling up the DagBag from /opt/airflow/dags/permission_fixer_dag.py
[2025-05-01T23:42:33.857+0000] {processor.py:925} INFO - DAG(s) 'fix_permissions_dag' retrieved from /opt/airflow/dags/permission_fixer_dag.py
[2025-05-01T23:42:33.875+0000] {logging_mixin.py:190} INFO - [2025-05-01T23:42:33.875+0000] {dag.py:3239} INFO - Sync 1 DAGs
[2025-05-01T23:42:33.886+0000] {logging_mixin.py:190} INFO - [2025-05-01T23:42:33.886+0000] {dag.py:4180} INFO - Setting next_dagrun for fix_permissions_dag to 2025-05-01 23:00:00+00:00, run_after=2025-05-02 00:00:00+00:00
[2025-05-01T23:42:33.893+0000] {processor.py:208} INFO - Processing /opt/airflow/dags/permission_fixer_dag.py took 0.055 seconds
[2025-05-01T23:43:04.140+0000] {processor.py:186} INFO - Started process (PID=318) to work on /opt/airflow/dags/permission_fixer_dag.py
[2025-05-01T23:43:04.140+0000] {processor.py:914} INFO - Processing file /opt/airflow/dags/permission_fixer_dag.py for tasks to queue
[2025-05-01T23:43:04.141+0000] {logging_mixin.py:190} INFO - [2025-05-01T23:43:04.141+0000] {dagbag.py:588} INFO - Filling up the DagBag from /opt/airflow/dags/permission_fixer_dag.py
[2025-05-01T23:43:04.146+0000] {processor.py:925} INFO - DAG(s) 'fix_permissions_dag' retrieved from /opt/airflow/dags/permission_fixer_dag.py
[2025-05-01T23:43:04.159+0000] {logging_mixin.py:190} INFO - [2025-05-01T23:43:04.159+0000] {dag.py:3239} INFO - Sync 1 DAGs
[2025-05-01T23:43:04.169+0000] {logging_mixin.py:190} INFO - [2025-05-01T23:43:04.169+0000] {dag.py:4180} INFO - Setting next_dagrun for fix_permissions_dag to 2025-05-01 23:00:00+00:00, run_after=2025-05-02 00:00:00+00:00
[2025-05-01T23:43:04.176+0000] {processor.py:208} INFO - Processing /opt/airflow/dags/permission_fixer_dag.py took 0.039 seconds
[2025-05-01T23:43:34.393+0000] {processor.py:186} INFO - Started process (PID=320) to work on /opt/airflow/dags/permission_fixer_dag.py
[2025-05-01T23:43:34.393+0000] {processor.py:914} INFO - Processing file /opt/airflow/dags/permission_fixer_dag.py for tasks to queue
[2025-05-01T23:43:34.394+0000] {logging_mixin.py:190} INFO - [2025-05-01T23:43:34.394+0000] {dagbag.py:588} INFO - Filling up the DagBag from /opt/airflow/dags/permission_fixer_dag.py
[2025-05-01T23:43:34.406+0000] {processor.py:925} INFO - DAG(s) 'fix_permissions_dag' retrieved from /opt/airflow/dags/permission_fixer_dag.py
[2025-05-01T23:43:34.423+0000] {logging_mixin.py:190} INFO - [2025-05-01T23:43:34.423+0000] {dag.py:3239} INFO - Sync 1 DAGs
[2025-05-01T23:43:34.434+0000] {logging_mixin.py:190} INFO - [2025-05-01T23:43:34.434+0000] {dag.py:4180} INFO - Setting next_dagrun for fix_permissions_dag to 2025-05-01 23:00:00+00:00, run_after=2025-05-02 00:00:00+00:00
[2025-05-01T23:43:34.441+0000] {processor.py:208} INFO - Processing /opt/airflow/dags/permission_fixer_dag.py took 0.057 seconds
[2025-05-01T23:44:04.775+0000] {processor.py:186} INFO - Started process (PID=322) to work on /opt/airflow/dags/permission_fixer_dag.py
[2025-05-01T23:44:04.776+0000] {processor.py:914} INFO - Processing file /opt/airflow/dags/permission_fixer_dag.py for tasks to queue
[2025-05-01T23:44:04.777+0000] {logging_mixin.py:190} INFO - [2025-05-01T23:44:04.777+0000] {dagbag.py:588} INFO - Filling up the DagBag from /opt/airflow/dags/permission_fixer_dag.py
[2025-05-01T23:44:04.788+0000] {processor.py:925} INFO - DAG(s) 'fix_permissions_dag' retrieved from /opt/airflow/dags/permission_fixer_dag.py
[2025-05-01T23:44:04.805+0000] {logging_mixin.py:190} INFO - [2025-05-01T23:44:04.805+0000] {dag.py:3239} INFO - Sync 1 DAGs
[2025-05-01T23:44:04.816+0000] {logging_mixin.py:190} INFO - [2025-05-01T23:44:04.816+0000] {dag.py:4180} INFO - Setting next_dagrun for fix_permissions_dag to 2025-05-01 23:00:00+00:00, run_after=2025-05-02 00:00:00+00:00
[2025-05-01T23:44:04.882+0000] {processor.py:208} INFO - Processing /opt/airflow/dags/permission_fixer_dag.py took 0.115 seconds
[2025-05-01T23:44:35.226+0000] {processor.py:186} INFO - Started process (PID=324) to work on /opt/airflow/dags/permission_fixer_dag.py
[2025-05-01T23:44:35.227+0000] {processor.py:914} INFO - Processing file /opt/airflow/dags/permission_fixer_dag.py for tasks to queue
[2025-05-01T23:44:35.228+0000] {logging_mixin.py:190} INFO - [2025-05-01T23:44:35.228+0000] {dagbag.py:588} INFO - Filling up the DagBag from /opt/airflow/dags/permission_fixer_dag.py
[2025-05-01T23:44:35.238+0000] {processor.py:925} INFO - DAG(s) 'fix_permissions_dag' retrieved from /opt/airflow/dags/permission_fixer_dag.py
[2025-05-01T23:44:35.255+0000] {logging_mixin.py:190} INFO - [2025-05-01T23:44:35.255+0000] {dag.py:3239} INFO - Sync 1 DAGs
[2025-05-01T23:44:35.266+0000] {logging_mixin.py:190} INFO - [2025-05-01T23:44:35.266+0000] {dag.py:4180} INFO - Setting next_dagrun for fix_permissions_dag to 2025-05-01 23:00:00+00:00, run_after=2025-05-02 00:00:00+00:00
[2025-05-01T23:44:35.273+0000] {processor.py:208} INFO - Processing /opt/airflow/dags/permission_fixer_dag.py took 0.055 seconds
[2025-05-01T23:45:05.606+0000] {processor.py:186} INFO - Started process (PID=326) to work on /opt/airflow/dags/permission_fixer_dag.py
[2025-05-01T23:45:05.607+0000] {processor.py:914} INFO - Processing file /opt/airflow/dags/permission_fixer_dag.py for tasks to queue
[2025-05-01T23:45:05.608+0000] {logging_mixin.py:190} INFO - [2025-05-01T23:45:05.608+0000] {dagbag.py:588} INFO - Filling up the DagBag from /opt/airflow/dags/permission_fixer_dag.py
[2025-05-01T23:45:05.618+0000] {processor.py:925} INFO - DAG(s) 'fix_permissions_dag' retrieved from /opt/airflow/dags/permission_fixer_dag.py
[2025-05-01T23:45:05.634+0000] {logging_mixin.py:190} INFO - [2025-05-01T23:45:05.634+0000] {dag.py:3239} INFO - Sync 1 DAGs
[2025-05-01T23:45:05.647+0000] {logging_mixin.py:190} INFO - [2025-05-01T23:45:05.647+0000] {dag.py:4180} INFO - Setting next_dagrun for fix_permissions_dag to 2025-05-01 23:00:00+00:00, run_after=2025-05-02 00:00:00+00:00
[2025-05-01T23:45:05.656+0000] {processor.py:208} INFO - Processing /opt/airflow/dags/permission_fixer_dag.py took 0.057 seconds
[2025-05-01T23:45:36.005+0000] {processor.py:186} INFO - Started process (PID=328) to work on /opt/airflow/dags/permission_fixer_dag.py
[2025-05-01T23:45:36.006+0000] {processor.py:914} INFO - Processing file /opt/airflow/dags/permission_fixer_dag.py for tasks to queue
[2025-05-01T23:45:36.008+0000] {logging_mixin.py:190} INFO - [2025-05-01T23:45:36.007+0000] {dagbag.py:588} INFO - Filling up the DagBag from /opt/airflow/dags/permission_fixer_dag.py
[2025-05-01T23:45:36.020+0000] {processor.py:925} INFO - DAG(s) 'fix_permissions_dag' retrieved from /opt/airflow/dags/permission_fixer_dag.py
[2025-05-01T23:45:36.038+0000] {logging_mixin.py:190} INFO - [2025-05-01T23:45:36.037+0000] {dag.py:3239} INFO - Sync 1 DAGs
[2025-05-01T23:45:36.050+0000] {logging_mixin.py:190} INFO - [2025-05-01T23:45:36.050+0000] {dag.py:4180} INFO - Setting next_dagrun for fix_permissions_dag to 2025-05-01 23:00:00+00:00, run_after=2025-05-02 00:00:00+00:00
[2025-05-01T23:45:36.058+0000] {processor.py:208} INFO - Processing /opt/airflow/dags/permission_fixer_dag.py took 0.059 seconds
[2025-05-01T23:46:06.408+0000] {processor.py:186} INFO - Started process (PID=330) to work on /opt/airflow/dags/permission_fixer_dag.py
[2025-05-01T23:46:06.409+0000] {processor.py:914} INFO - Processing file /opt/airflow/dags/permission_fixer_dag.py for tasks to queue
[2025-05-01T23:46:06.410+0000] {logging_mixin.py:190} INFO - [2025-05-01T23:46:06.410+0000] {dagbag.py:588} INFO - Filling up the DagBag from /opt/airflow/dags/permission_fixer_dag.py
[2025-05-01T23:46:06.419+0000] {processor.py:925} INFO - DAG(s) 'fix_permissions_dag' retrieved from /opt/airflow/dags/permission_fixer_dag.py
[2025-05-01T23:46:06.434+0000] {logging_mixin.py:190} INFO - [2025-05-01T23:46:06.434+0000] {dag.py:3239} INFO - Sync 1 DAGs
[2025-05-01T23:46:06.444+0000] {logging_mixin.py:190} INFO - [2025-05-01T23:46:06.444+0000] {dag.py:4180} INFO - Setting next_dagrun for fix_permissions_dag to 2025-05-01 23:00:00+00:00, run_after=2025-05-02 00:00:00+00:00
[2025-05-01T23:46:06.450+0000] {processor.py:208} INFO - Processing /opt/airflow/dags/permission_fixer_dag.py took 0.048 seconds
[2025-05-01T23:46:36.810+0000] {processor.py:186} INFO - Started process (PID=332) to work on /opt/airflow/dags/permission_fixer_dag.py
[2025-05-01T23:46:36.811+0000] {processor.py:914} INFO - Processing file /opt/airflow/dags/permission_fixer_dag.py for tasks to queue
[2025-05-01T23:46:36.814+0000] {logging_mixin.py:190} INFO - [2025-05-01T23:46:36.813+0000] {dagbag.py:588} INFO - Filling up the DagBag from /opt/airflow/dags/permission_fixer_dag.py
[2025-05-01T23:46:36.821+0000] {processor.py:925} INFO - DAG(s) 'fix_permissions_dag' retrieved from /opt/airflow/dags/permission_fixer_dag.py
[2025-05-01T23:46:36.837+0000] {logging_mixin.py:190} INFO - [2025-05-01T23:46:36.837+0000] {dag.py:3239} INFO - Sync 1 DAGs
[2025-05-01T23:46:36.849+0000] {logging_mixin.py:190} INFO - [2025-05-01T23:46:36.849+0000] {dag.py:4180} INFO - Setting next_dagrun for fix_permissions_dag to 2025-05-01 23:00:00+00:00, run_after=2025-05-02 00:00:00+00:00
[2025-05-01T23:46:36.858+0000] {processor.py:208} INFO - Processing /opt/airflow/dags/permission_fixer_dag.py took 0.055 seconds
[2025-05-01T23:47:07.200+0000] {processor.py:186} INFO - Started process (PID=334) to work on /opt/airflow/dags/permission_fixer_dag.py
[2025-05-01T23:47:07.201+0000] {processor.py:914} INFO - Processing file /opt/airflow/dags/permission_fixer_dag.py for tasks to queue
[2025-05-01T23:47:07.202+0000] {logging_mixin.py:190} INFO - [2025-05-01T23:47:07.202+0000] {dagbag.py:588} INFO - Filling up the DagBag from /opt/airflow/dags/permission_fixer_dag.py
[2025-05-01T23:47:07.214+0000] {processor.py:925} INFO - DAG(s) 'fix_permissions_dag' retrieved from /opt/airflow/dags/permission_fixer_dag.py
[2025-05-01T23:47:07.229+0000] {logging_mixin.py:190} INFO - [2025-05-01T23:47:07.229+0000] {dag.py:3239} INFO - Sync 1 DAGs
[2025-05-01T23:47:07.299+0000] {logging_mixin.py:190} INFO - [2025-05-01T23:47:07.299+0000] {dag.py:4180} INFO - Setting next_dagrun for fix_permissions_dag to 2025-05-01 23:00:00+00:00, run_after=2025-05-02 00:00:00+00:00
[2025-05-01T23:47:07.306+0000] {processor.py:208} INFO - Processing /opt/airflow/dags/permission_fixer_dag.py took 0.114 seconds
[2025-05-01T23:47:37.687+0000] {processor.py:186} INFO - Started process (PID=336) to work on /opt/airflow/dags/permission_fixer_dag.py
[2025-05-01T23:47:37.687+0000] {processor.py:914} INFO - Processing file /opt/airflow/dags/permission_fixer_dag.py for tasks to queue
[2025-05-01T23:47:37.688+0000] {logging_mixin.py:190} INFO - [2025-05-01T23:47:37.688+0000] {dagbag.py:588} INFO - Filling up the DagBag from /opt/airflow/dags/permission_fixer_dag.py
[2025-05-01T23:47:37.699+0000] {processor.py:925} INFO - DAG(s) 'fix_permissions_dag' retrieved from /opt/airflow/dags/permission_fixer_dag.py
[2025-05-01T23:47:37.716+0000] {logging_mixin.py:190} INFO - [2025-05-01T23:47:37.716+0000] {dag.py:3239} INFO - Sync 1 DAGs
[2025-05-01T23:47:37.727+0000] {logging_mixin.py:190} INFO - [2025-05-01T23:47:37.727+0000] {dag.py:4180} INFO - Setting next_dagrun for fix_permissions_dag to 2025-05-01 23:00:00+00:00, run_after=2025-05-02 00:00:00+00:00
[2025-05-01T23:47:37.734+0000] {processor.py:208} INFO - Processing /opt/airflow/dags/permission_fixer_dag.py took 0.055 seconds
[2025-05-01T23:48:08.098+0000] {processor.py:186} INFO - Started process (PID=338) to work on /opt/airflow/dags/permission_fixer_dag.py
[2025-05-01T23:48:08.101+0000] {processor.py:914} INFO - Processing file /opt/airflow/dags/permission_fixer_dag.py for tasks to queue
[2025-05-01T23:48:08.102+0000] {logging_mixin.py:190} INFO - [2025-05-01T23:48:08.102+0000] {dagbag.py:588} INFO - Filling up the DagBag from /opt/airflow/dags/permission_fixer_dag.py
[2025-05-01T23:48:08.113+0000] {processor.py:925} INFO - DAG(s) 'fix_permissions_dag' retrieved from /opt/airflow/dags/permission_fixer_dag.py
[2025-05-01T23:48:08.130+0000] {logging_mixin.py:190} INFO - [2025-05-01T23:48:08.129+0000] {dag.py:3239} INFO - Sync 1 DAGs
[2025-05-01T23:48:08.140+0000] {logging_mixin.py:190} INFO - [2025-05-01T23:48:08.140+0000] {dag.py:4180} INFO - Setting next_dagrun for fix_permissions_dag to 2025-05-01 23:00:00+00:00, run_after=2025-05-02 00:00:00+00:00
[2025-05-01T23:48:08.146+0000] {processor.py:208} INFO - Processing /opt/airflow/dags/permission_fixer_dag.py took 0.056 seconds
[2025-05-01T23:48:38.475+0000] {processor.py:186} INFO - Started process (PID=340) to work on /opt/airflow/dags/permission_fixer_dag.py
[2025-05-01T23:48:38.476+0000] {processor.py:914} INFO - Processing file /opt/airflow/dags/permission_fixer_dag.py for tasks to queue
[2025-05-01T23:48:38.477+0000] {logging_mixin.py:190} INFO - [2025-05-01T23:48:38.477+0000] {dagbag.py:588} INFO - Filling up the DagBag from /opt/airflow/dags/permission_fixer_dag.py
[2025-05-01T23:48:38.489+0000] {processor.py:925} INFO - DAG(s) 'fix_permissions_dag' retrieved from /opt/airflow/dags/permission_fixer_dag.py
[2025-05-01T23:48:38.506+0000] {logging_mixin.py:190} INFO - [2025-05-01T23:48:38.506+0000] {dag.py:3239} INFO - Sync 1 DAGs
[2025-05-01T23:48:38.517+0000] {logging_mixin.py:190} INFO - [2025-05-01T23:48:38.517+0000] {dag.py:4180} INFO - Setting next_dagrun for fix_permissions_dag to 2025-05-01 23:00:00+00:00, run_after=2025-05-02 00:00:00+00:00
[2025-05-01T23:48:38.523+0000] {processor.py:208} INFO - Processing /opt/airflow/dags/permission_fixer_dag.py took 0.056 seconds
[2025-05-01T23:49:08.846+0000] {processor.py:186} INFO - Started process (PID=342) to work on /opt/airflow/dags/permission_fixer_dag.py
[2025-05-01T23:49:08.847+0000] {processor.py:914} INFO - Processing file /opt/airflow/dags/permission_fixer_dag.py for tasks to queue
[2025-05-01T23:49:08.848+0000] {logging_mixin.py:190} INFO - [2025-05-01T23:49:08.848+0000] {dagbag.py:588} INFO - Filling up the DagBag from /opt/airflow/dags/permission_fixer_dag.py
[2025-05-01T23:49:08.860+0000] {processor.py:925} INFO - DAG(s) 'fix_permissions_dag' retrieved from /opt/airflow/dags/permission_fixer_dag.py
[2025-05-01T23:49:08.875+0000] {logging_mixin.py:190} INFO - [2025-05-01T23:49:08.875+0000] {dag.py:3239} INFO - Sync 1 DAGs
[2025-05-01T23:49:08.887+0000] {logging_mixin.py:190} INFO - [2025-05-01T23:49:08.887+0000] {dag.py:4180} INFO - Setting next_dagrun for fix_permissions_dag to 2025-05-01 23:00:00+00:00, run_after=2025-05-02 00:00:00+00:00
[2025-05-01T23:49:08.895+0000] {processor.py:208} INFO - Processing /opt/airflow/dags/permission_fixer_dag.py took 0.056 seconds
[2025-05-01T23:49:39.273+0000] {processor.py:186} INFO - Started process (PID=344) to work on /opt/airflow/dags/permission_fixer_dag.py
[2025-05-01T23:49:39.274+0000] {processor.py:914} INFO - Processing file /opt/airflow/dags/permission_fixer_dag.py for tasks to queue
[2025-05-01T23:49:39.276+0000] {logging_mixin.py:190} INFO - [2025-05-01T23:49:39.275+0000] {dagbag.py:588} INFO - Filling up the DagBag from /opt/airflow/dags/permission_fixer_dag.py
[2025-05-01T23:49:39.289+0000] {processor.py:925} INFO - DAG(s) 'fix_permissions_dag' retrieved from /opt/airflow/dags/permission_fixer_dag.py
[2025-05-01T23:49:39.308+0000] {logging_mixin.py:190} INFO - [2025-05-01T23:49:39.307+0000] {dag.py:3239} INFO - Sync 1 DAGs
[2025-05-01T23:49:39.321+0000] {logging_mixin.py:190} INFO - [2025-05-01T23:49:39.320+0000] {dag.py:4180} INFO - Setting next_dagrun for fix_permissions_dag to 2025-05-01 23:00:00+00:00, run_after=2025-05-02 00:00:00+00:00
[2025-05-01T23:49:39.404+0000] {processor.py:208} INFO - Processing /opt/airflow/dags/permission_fixer_dag.py took 0.141 seconds
[2025-05-01T23:50:09.701+0000] {processor.py:186} INFO - Started process (PID=346) to work on /opt/airflow/dags/permission_fixer_dag.py
[2025-05-01T23:50:09.701+0000] {processor.py:914} INFO - Processing file /opt/airflow/dags/permission_fixer_dag.py for tasks to queue
[2025-05-01T23:50:09.702+0000] {logging_mixin.py:190} INFO - [2025-05-01T23:50:09.702+0000] {dagbag.py:588} INFO - Filling up the DagBag from /opt/airflow/dags/permission_fixer_dag.py
[2025-05-01T23:50:09.707+0000] {processor.py:925} INFO - DAG(s) 'fix_permissions_dag' retrieved from /opt/airflow/dags/permission_fixer_dag.py
[2025-05-01T23:50:09.719+0000] {logging_mixin.py:190} INFO - [2025-05-01T23:50:09.719+0000] {dag.py:3239} INFO - Sync 1 DAGs
[2025-05-01T23:50:09.812+0000] {logging_mixin.py:190} INFO - [2025-05-01T23:50:09.812+0000] {dag.py:4180} INFO - Setting next_dagrun for fix_permissions_dag to 2025-05-01 23:00:00+00:00, run_after=2025-05-02 00:00:00+00:00
[2025-05-01T23:50:09.820+0000] {processor.py:208} INFO - Processing /opt/airflow/dags/permission_fixer_dag.py took 0.123 seconds
[2025-05-01T23:50:40.043+0000] {processor.py:186} INFO - Started process (PID=348) to work on /opt/airflow/dags/permission_fixer_dag.py
[2025-05-01T23:50:40.043+0000] {processor.py:914} INFO - Processing file /opt/airflow/dags/permission_fixer_dag.py for tasks to queue
[2025-05-01T23:50:40.044+0000] {logging_mixin.py:190} INFO - [2025-05-01T23:50:40.044+0000] {dagbag.py:588} INFO - Filling up the DagBag from /opt/airflow/dags/permission_fixer_dag.py
[2025-05-01T23:50:40.049+0000] {processor.py:925} INFO - DAG(s) 'fix_permissions_dag' retrieved from /opt/airflow/dags/permission_fixer_dag.py
[2025-05-01T23:50:40.064+0000] {logging_mixin.py:190} INFO - [2025-05-01T23:50:40.063+0000] {dag.py:3239} INFO - Sync 1 DAGs
[2025-05-01T23:50:40.075+0000] {logging_mixin.py:190} INFO - [2025-05-01T23:50:40.075+0000] {dag.py:4180} INFO - Setting next_dagrun for fix_permissions_dag to 2025-05-01 23:00:00+00:00, run_after=2025-05-02 00:00:00+00:00
[2025-05-01T23:50:40.085+0000] {processor.py:208} INFO - Processing /opt/airflow/dags/permission_fixer_dag.py took 0.046 seconds
[2025-05-01T23:51:10.193+0000] {processor.py:186} INFO - Started process (PID=350) to work on /opt/airflow/dags/permission_fixer_dag.py
[2025-05-01T23:51:10.193+0000] {processor.py:914} INFO - Processing file /opt/airflow/dags/permission_fixer_dag.py for tasks to queue
[2025-05-01T23:51:10.194+0000] {logging_mixin.py:190} INFO - [2025-05-01T23:51:10.194+0000] {dagbag.py:588} INFO - Filling up the DagBag from /opt/airflow/dags/permission_fixer_dag.py
[2025-05-01T23:51:10.199+0000] {processor.py:925} INFO - DAG(s) 'fix_permissions_dag' retrieved from /opt/airflow/dags/permission_fixer_dag.py
[2025-05-01T23:51:10.211+0000] {logging_mixin.py:190} INFO - [2025-05-01T23:51:10.211+0000] {dag.py:3239} INFO - Sync 1 DAGs
[2025-05-01T23:51:10.222+0000] {logging_mixin.py:190} INFO - [2025-05-01T23:51:10.222+0000] {dag.py:4180} INFO - Setting next_dagrun for fix_permissions_dag to 2025-05-01 23:00:00+00:00, run_after=2025-05-02 00:00:00+00:00
[2025-05-01T23:51:10.230+0000] {processor.py:208} INFO - Processing /opt/airflow/dags/permission_fixer_dag.py took 0.040 seconds
[2025-05-01T23:51:40.339+0000] {processor.py:186} INFO - Started process (PID=352) to work on /opt/airflow/dags/permission_fixer_dag.py
[2025-05-01T23:51:40.340+0000] {processor.py:914} INFO - Processing file /opt/airflow/dags/permission_fixer_dag.py for tasks to queue
[2025-05-01T23:51:40.340+0000] {logging_mixin.py:190} INFO - [2025-05-01T23:51:40.340+0000] {dagbag.py:588} INFO - Filling up the DagBag from /opt/airflow/dags/permission_fixer_dag.py
[2025-05-01T23:51:40.345+0000] {processor.py:925} INFO - DAG(s) 'fix_permissions_dag' retrieved from /opt/airflow/dags/permission_fixer_dag.py
[2025-05-01T23:51:40.359+0000] {logging_mixin.py:190} INFO - [2025-05-01T23:51:40.359+0000] {dag.py:3239} INFO - Sync 1 DAGs
[2025-05-01T23:51:40.372+0000] {logging_mixin.py:190} INFO - [2025-05-01T23:51:40.372+0000] {dag.py:4180} INFO - Setting next_dagrun for fix_permissions_dag to 2025-05-01 23:00:00+00:00, run_after=2025-05-02 00:00:00+00:00
[2025-05-01T23:51:40.380+0000] {processor.py:208} INFO - Processing /opt/airflow/dags/permission_fixer_dag.py took 0.045 seconds
[2025-05-01T23:52:10.629+0000] {processor.py:186} INFO - Started process (PID=354) to work on /opt/airflow/dags/permission_fixer_dag.py
[2025-05-01T23:52:10.630+0000] {processor.py:914} INFO - Processing file /opt/airflow/dags/permission_fixer_dag.py for tasks to queue
[2025-05-01T23:52:10.631+0000] {logging_mixin.py:190} INFO - [2025-05-01T23:52:10.631+0000] {dagbag.py:588} INFO - Filling up the DagBag from /opt/airflow/dags/permission_fixer_dag.py
[2025-05-01T23:52:10.637+0000] {processor.py:925} INFO - DAG(s) 'fix_permissions_dag' retrieved from /opt/airflow/dags/permission_fixer_dag.py
[2025-05-01T23:52:10.649+0000] {logging_mixin.py:190} INFO - [2025-05-01T23:52:10.649+0000] {dag.py:3239} INFO - Sync 1 DAGs
[2025-05-01T23:52:10.660+0000] {logging_mixin.py:190} INFO - [2025-05-01T23:52:10.660+0000] {dag.py:4180} INFO - Setting next_dagrun for fix_permissions_dag to 2025-05-01 23:00:00+00:00, run_after=2025-05-02 00:00:00+00:00
[2025-05-01T23:52:10.667+0000] {processor.py:208} INFO - Processing /opt/airflow/dags/permission_fixer_dag.py took 0.042 seconds
[2025-05-01T23:52:41.011+0000] {processor.py:186} INFO - Started process (PID=356) to work on /opt/airflow/dags/permission_fixer_dag.py
[2025-05-01T23:52:41.012+0000] {processor.py:914} INFO - Processing file /opt/airflow/dags/permission_fixer_dag.py for tasks to queue
[2025-05-01T23:52:41.013+0000] {logging_mixin.py:190} INFO - [2025-05-01T23:52:41.013+0000] {dagbag.py:588} INFO - Filling up the DagBag from /opt/airflow/dags/permission_fixer_dag.py
[2025-05-01T23:52:41.022+0000] {processor.py:925} INFO - DAG(s) 'fix_permissions_dag' retrieved from /opt/airflow/dags/permission_fixer_dag.py
[2025-05-01T23:52:41.037+0000] {logging_mixin.py:190} INFO - [2025-05-01T23:52:41.036+0000] {dag.py:3239} INFO - Sync 1 DAGs
[2025-05-01T23:52:41.048+0000] {logging_mixin.py:190} INFO - [2025-05-01T23:52:41.048+0000] {dag.py:4180} INFO - Setting next_dagrun for fix_permissions_dag to 2025-05-01 23:00:00+00:00, run_after=2025-05-02 00:00:00+00:00
[2025-05-01T23:52:41.118+0000] {processor.py:208} INFO - Processing /opt/airflow/dags/permission_fixer_dag.py took 0.115 seconds
[2025-05-01T23:53:11.443+0000] {processor.py:186} INFO - Started process (PID=358) to work on /opt/airflow/dags/permission_fixer_dag.py
[2025-05-01T23:53:11.443+0000] {processor.py:914} INFO - Processing file /opt/airflow/dags/permission_fixer_dag.py for tasks to queue
[2025-05-01T23:53:11.444+0000] {logging_mixin.py:190} INFO - [2025-05-01T23:53:11.444+0000] {dagbag.py:588} INFO - Filling up the DagBag from /opt/airflow/dags/permission_fixer_dag.py
[2025-05-01T23:53:11.449+0000] {processor.py:925} INFO - DAG(s) 'fix_permissions_dag' retrieved from /opt/airflow/dags/permission_fixer_dag.py
[2025-05-01T23:53:11.458+0000] {logging_mixin.py:190} INFO - [2025-05-01T23:53:11.458+0000] {dag.py:3239} INFO - Sync 1 DAGs
[2025-05-01T23:53:11.467+0000] {logging_mixin.py:190} INFO - [2025-05-01T23:53:11.467+0000] {dag.py:4180} INFO - Setting next_dagrun for fix_permissions_dag to 2025-05-01 23:00:00+00:00, run_after=2025-05-02 00:00:00+00:00
[2025-05-01T23:53:11.472+0000] {processor.py:208} INFO - Processing /opt/airflow/dags/permission_fixer_dag.py took 0.032 seconds
[2025-05-01T23:53:41.669+0000] {processor.py:186} INFO - Started process (PID=360) to work on /opt/airflow/dags/permission_fixer_dag.py
[2025-05-01T23:53:41.669+0000] {processor.py:914} INFO - Processing file /opt/airflow/dags/permission_fixer_dag.py for tasks to queue
[2025-05-01T23:53:41.670+0000] {logging_mixin.py:190} INFO - [2025-05-01T23:53:41.670+0000] {dagbag.py:588} INFO - Filling up the DagBag from /opt/airflow/dags/permission_fixer_dag.py
[2025-05-01T23:53:41.679+0000] {processor.py:925} INFO - DAG(s) 'fix_permissions_dag' retrieved from /opt/airflow/dags/permission_fixer_dag.py
[2025-05-01T23:53:41.693+0000] {logging_mixin.py:190} INFO - [2025-05-01T23:53:41.693+0000] {dag.py:3239} INFO - Sync 1 DAGs
[2025-05-01T23:53:41.706+0000] {logging_mixin.py:190} INFO - [2025-05-01T23:53:41.706+0000] {dag.py:4180} INFO - Setting next_dagrun for fix_permissions_dag to 2025-05-01 23:00:00+00:00, run_after=2025-05-02 00:00:00+00:00
[2025-05-01T23:53:41.716+0000] {processor.py:208} INFO - Processing /opt/airflow/dags/permission_fixer_dag.py took 0.052 seconds
[2025-05-01T23:54:11.924+0000] {processor.py:186} INFO - Started process (PID=362) to work on /opt/airflow/dags/permission_fixer_dag.py
[2025-05-01T23:54:11.924+0000] {processor.py:914} INFO - Processing file /opt/airflow/dags/permission_fixer_dag.py for tasks to queue
[2025-05-01T23:54:11.925+0000] {logging_mixin.py:190} INFO - [2025-05-01T23:54:11.925+0000] {dagbag.py:588} INFO - Filling up the DagBag from /opt/airflow/dags/permission_fixer_dag.py
[2025-05-01T23:54:11.930+0000] {processor.py:925} INFO - DAG(s) 'fix_permissions_dag' retrieved from /opt/airflow/dags/permission_fixer_dag.py
[2025-05-01T23:54:11.942+0000] {logging_mixin.py:190} INFO - [2025-05-01T23:54:11.942+0000] {dag.py:3239} INFO - Sync 1 DAGs
[2025-05-01T23:54:11.953+0000] {logging_mixin.py:190} INFO - [2025-05-01T23:54:11.952+0000] {dag.py:4180} INFO - Setting next_dagrun for fix_permissions_dag to 2025-05-01 23:00:00+00:00, run_after=2025-05-02 00:00:00+00:00
[2025-05-01T23:54:11.962+0000] {processor.py:208} INFO - Processing /opt/airflow/dags/permission_fixer_dag.py took 0.041 seconds
[2025-05-01T23:54:42.229+0000] {processor.py:186} INFO - Started process (PID=364) to work on /opt/airflow/dags/permission_fixer_dag.py
[2025-05-01T23:54:42.229+0000] {processor.py:914} INFO - Processing file /opt/airflow/dags/permission_fixer_dag.py for tasks to queue
[2025-05-01T23:54:42.230+0000] {logging_mixin.py:190} INFO - [2025-05-01T23:54:42.230+0000] {dagbag.py:588} INFO - Filling up the DagBag from /opt/airflow/dags/permission_fixer_dag.py
[2025-05-01T23:54:42.235+0000] {processor.py:925} INFO - DAG(s) 'fix_permissions_dag' retrieved from /opt/airflow/dags/permission_fixer_dag.py
[2025-05-01T23:54:42.246+0000] {logging_mixin.py:190} INFO - [2025-05-01T23:54:42.246+0000] {dag.py:3239} INFO - Sync 1 DAGs
[2025-05-01T23:54:42.255+0000] {logging_mixin.py:190} INFO - [2025-05-01T23:54:42.255+0000] {dag.py:4180} INFO - Setting next_dagrun for fix_permissions_dag to 2025-05-01 23:00:00+00:00, run_after=2025-05-02 00:00:00+00:00
[2025-05-01T23:54:42.261+0000] {processor.py:208} INFO - Processing /opt/airflow/dags/permission_fixer_dag.py took 0.035 seconds
[2025-05-01T23:55:36.132+0000] {processor.py:186} INFO - Started process (PID=36) to work on /opt/airflow/dags/permission_fixer_dag.py
[2025-05-01T23:55:36.133+0000] {processor.py:914} INFO - Processing file /opt/airflow/dags/permission_fixer_dag.py for tasks to queue
[2025-05-01T23:55:36.133+0000] {logging_mixin.py:190} INFO - [2025-05-01T23:55:36.133+0000] {dagbag.py:588} INFO - Filling up the DagBag from /opt/airflow/dags/permission_fixer_dag.py
[2025-05-01T23:55:36.146+0000] {processor.py:925} INFO - DAG(s) 'fix_permissions_dag' retrieved from /opt/airflow/dags/permission_fixer_dag.py
[2025-05-01T23:55:36.169+0000] {logging_mixin.py:190} INFO - [2025-05-01T23:55:36.169+0000] {dag.py:3239} INFO - Sync 1 DAGs
[2025-05-01T23:55:36.182+0000] {logging_mixin.py:190} INFO - [2025-05-01T23:55:36.182+0000] {dag.py:4180} INFO - Setting next_dagrun for fix_permissions_dag to 2025-05-01 23:00:00+00:00, run_after=2025-05-02 00:00:00+00:00
[2025-05-01T23:55:36.190+0000] {processor.py:208} INFO - Processing /opt/airflow/dags/permission_fixer_dag.py took 0.060 seconds
[2025-05-01T23:56:06.451+0000] {processor.py:186} INFO - Started process (PID=38) to work on /opt/airflow/dags/permission_fixer_dag.py
[2025-05-01T23:56:06.451+0000] {processor.py:914} INFO - Processing file /opt/airflow/dags/permission_fixer_dag.py for tasks to queue
[2025-05-01T23:56:06.452+0000] {logging_mixin.py:190} INFO - [2025-05-01T23:56:06.452+0000] {dagbag.py:588} INFO - Filling up the DagBag from /opt/airflow/dags/permission_fixer_dag.py
[2025-05-01T23:56:06.459+0000] {processor.py:925} INFO - DAG(s) 'fix_permissions_dag' retrieved from /opt/airflow/dags/permission_fixer_dag.py
[2025-05-01T23:56:06.474+0000] {logging_mixin.py:190} INFO - [2025-05-01T23:56:06.474+0000] {dag.py:3239} INFO - Sync 1 DAGs
[2025-05-01T23:56:06.484+0000] {logging_mixin.py:190} INFO - [2025-05-01T23:56:06.484+0000] {dag.py:4180} INFO - Setting next_dagrun for fix_permissions_dag to 2025-05-01 23:00:00+00:00, run_after=2025-05-02 00:00:00+00:00
[2025-05-01T23:56:06.492+0000] {processor.py:208} INFO - Processing /opt/airflow/dags/permission_fixer_dag.py took 0.045 seconds
[2025-05-01T23:56:36.653+0000] {processor.py:186} INFO - Started process (PID=39) to work on /opt/airflow/dags/permission_fixer_dag.py
[2025-05-01T23:56:36.653+0000] {processor.py:914} INFO - Processing file /opt/airflow/dags/permission_fixer_dag.py for tasks to queue
[2025-05-01T23:56:36.654+0000] {logging_mixin.py:190} INFO - [2025-05-01T23:56:36.654+0000] {dagbag.py:588} INFO - Filling up the DagBag from /opt/airflow/dags/permission_fixer_dag.py
[2025-05-01T23:56:36.659+0000] {processor.py:925} INFO - DAG(s) 'fix_permissions_dag' retrieved from /opt/airflow/dags/permission_fixer_dag.py
[2025-05-01T23:56:36.672+0000] {logging_mixin.py:190} INFO - [2025-05-01T23:56:36.672+0000] {dag.py:3239} INFO - Sync 1 DAGs
[2025-05-01T23:56:36.683+0000] {logging_mixin.py:190} INFO - [2025-05-01T23:56:36.683+0000] {dag.py:4180} INFO - Setting next_dagrun for fix_permissions_dag to 2025-05-01 23:00:00+00:00, run_after=2025-05-02 00:00:00+00:00
[2025-05-01T23:56:36.691+0000] {processor.py:208} INFO - Processing /opt/airflow/dags/permission_fixer_dag.py took 0.040 seconds
[2025-05-01T23:57:06.953+0000] {processor.py:186} INFO - Started process (PID=41) to work on /opt/airflow/dags/permission_fixer_dag.py
[2025-05-01T23:57:06.956+0000] {processor.py:914} INFO - Processing file /opt/airflow/dags/permission_fixer_dag.py for tasks to queue
[2025-05-01T23:57:06.957+0000] {logging_mixin.py:190} INFO - [2025-05-01T23:57:06.957+0000] {dagbag.py:588} INFO - Filling up the DagBag from /opt/airflow/dags/permission_fixer_dag.py
[2025-05-01T23:57:06.968+0000] {processor.py:925} INFO - DAG(s) 'fix_permissions_dag' retrieved from /opt/airflow/dags/permission_fixer_dag.py
[2025-05-01T23:57:06.985+0000] {logging_mixin.py:190} INFO - [2025-05-01T23:57:06.985+0000] {dag.py:3239} INFO - Sync 1 DAGs
[2025-05-01T23:57:06.997+0000] {logging_mixin.py:190} INFO - [2025-05-01T23:57:06.997+0000] {dag.py:4180} INFO - Setting next_dagrun for fix_permissions_dag to 2025-05-01 23:00:00+00:00, run_after=2025-05-02 00:00:00+00:00
[2025-05-01T23:57:07.003+0000] {processor.py:208} INFO - Processing /opt/airflow/dags/permission_fixer_dag.py took 0.058 seconds
[2025-05-01T23:57:37.344+0000] {processor.py:186} INFO - Started process (PID=44) to work on /opt/airflow/dags/permission_fixer_dag.py
[2025-05-01T23:57:37.345+0000] {processor.py:914} INFO - Processing file /opt/airflow/dags/permission_fixer_dag.py for tasks to queue
[2025-05-01T23:57:37.346+0000] {logging_mixin.py:190} INFO - [2025-05-01T23:57:37.345+0000] {dagbag.py:588} INFO - Filling up the DagBag from /opt/airflow/dags/permission_fixer_dag.py
[2025-05-01T23:57:37.353+0000] {processor.py:925} INFO - DAG(s) 'fix_permissions_dag' retrieved from /opt/airflow/dags/permission_fixer_dag.py
[2025-05-01T23:57:37.367+0000] {logging_mixin.py:190} INFO - [2025-05-01T23:57:37.367+0000] {dag.py:3239} INFO - Sync 1 DAGs
[2025-05-01T23:57:37.378+0000] {logging_mixin.py:190} INFO - [2025-05-01T23:57:37.378+0000] {dag.py:4180} INFO - Setting next_dagrun for fix_permissions_dag to 2025-05-01 23:00:00+00:00, run_after=2025-05-02 00:00:00+00:00
[2025-05-01T23:57:37.384+0000] {processor.py:208} INFO - Processing /opt/airflow/dags/permission_fixer_dag.py took 0.044 seconds
[2025-05-01T23:58:07.713+0000] {processor.py:186} INFO - Started process (PID=46) to work on /opt/airflow/dags/permission_fixer_dag.py
[2025-05-01T23:58:07.714+0000] {processor.py:914} INFO - Processing file /opt/airflow/dags/permission_fixer_dag.py for tasks to queue
[2025-05-01T23:58:07.714+0000] {logging_mixin.py:190} INFO - [2025-05-01T23:58:07.714+0000] {dagbag.py:588} INFO - Filling up the DagBag from /opt/airflow/dags/permission_fixer_dag.py
[2025-05-01T23:58:07.723+0000] {processor.py:925} INFO - DAG(s) 'fix_permissions_dag' retrieved from /opt/airflow/dags/permission_fixer_dag.py
[2025-05-01T23:58:07.741+0000] {logging_mixin.py:190} INFO - [2025-05-01T23:58:07.741+0000] {dag.py:3239} INFO - Sync 1 DAGs
[2025-05-01T23:58:07.755+0000] {logging_mixin.py:190} INFO - [2025-05-01T23:58:07.755+0000] {dag.py:4180} INFO - Setting next_dagrun for fix_permissions_dag to 2025-05-01 23:00:00+00:00, run_after=2025-05-02 00:00:00+00:00
[2025-05-01T23:58:07.765+0000] {processor.py:208} INFO - Processing /opt/airflow/dags/permission_fixer_dag.py took 0.058 seconds
[2025-05-01T23:58:37.989+0000] {processor.py:186} INFO - Started process (PID=48) to work on /opt/airflow/dags/permission_fixer_dag.py
[2025-05-01T23:58:37.990+0000] {processor.py:914} INFO - Processing file /opt/airflow/dags/permission_fixer_dag.py for tasks to queue
[2025-05-01T23:58:37.990+0000] {logging_mixin.py:190} INFO - [2025-05-01T23:58:37.990+0000] {dagbag.py:588} INFO - Filling up the DagBag from /opt/airflow/dags/permission_fixer_dag.py
[2025-05-01T23:58:37.996+0000] {processor.py:925} INFO - DAG(s) 'fix_permissions_dag' retrieved from /opt/airflow/dags/permission_fixer_dag.py
[2025-05-01T23:58:38.011+0000] {logging_mixin.py:190} INFO - [2025-05-01T23:58:38.011+0000] {dag.py:3239} INFO - Sync 1 DAGs
[2025-05-01T23:58:38.022+0000] {logging_mixin.py:190} INFO - [2025-05-01T23:58:38.022+0000] {dag.py:4180} INFO - Setting next_dagrun for fix_permissions_dag to 2025-05-01 23:00:00+00:00, run_after=2025-05-02 00:00:00+00:00
[2025-05-01T23:58:38.030+0000] {processor.py:208} INFO - Processing /opt/airflow/dags/permission_fixer_dag.py took 0.044 seconds
[2025-05-01T23:59:08.260+0000] {processor.py:186} INFO - Started process (PID=49) to work on /opt/airflow/dags/permission_fixer_dag.py
[2025-05-01T23:59:08.261+0000] {processor.py:914} INFO - Processing file /opt/airflow/dags/permission_fixer_dag.py for tasks to queue
[2025-05-01T23:59:08.262+0000] {logging_mixin.py:190} INFO - [2025-05-01T23:59:08.261+0000] {dagbag.py:588} INFO - Filling up the DagBag from /opt/airflow/dags/permission_fixer_dag.py
[2025-05-01T23:59:08.270+0000] {processor.py:925} INFO - DAG(s) 'fix_permissions_dag' retrieved from /opt/airflow/dags/permission_fixer_dag.py
[2025-05-01T23:59:08.284+0000] {logging_mixin.py:190} INFO - [2025-05-01T23:59:08.284+0000] {dag.py:3239} INFO - Sync 1 DAGs
[2025-05-01T23:59:08.297+0000] {logging_mixin.py:190} INFO - [2025-05-01T23:59:08.296+0000] {dag.py:4180} INFO - Setting next_dagrun for fix_permissions_dag to 2025-05-01 23:00:00+00:00, run_after=2025-05-02 00:00:00+00:00
[2025-05-01T23:59:08.304+0000] {processor.py:208} INFO - Processing /opt/airflow/dags/permission_fixer_dag.py took 0.050 seconds
[2025-05-01T23:59:38.523+0000] {processor.py:186} INFO - Started process (PID=51) to work on /opt/airflow/dags/permission_fixer_dag.py
[2025-05-01T23:59:38.523+0000] {processor.py:914} INFO - Processing file /opt/airflow/dags/permission_fixer_dag.py for tasks to queue
[2025-05-01T23:59:38.524+0000] {logging_mixin.py:190} INFO - [2025-05-01T23:59:38.524+0000] {dagbag.py:588} INFO - Filling up the DagBag from /opt/airflow/dags/permission_fixer_dag.py
[2025-05-01T23:59:38.535+0000] {processor.py:925} INFO - DAG(s) 'fix_permissions_dag' retrieved from /opt/airflow/dags/permission_fixer_dag.py
[2025-05-01T23:59:38.552+0000] {logging_mixin.py:190} INFO - [2025-05-01T23:59:38.552+0000] {dag.py:3239} INFO - Sync 1 DAGs
[2025-05-01T23:59:38.564+0000] {logging_mixin.py:190} INFO - [2025-05-01T23:59:38.564+0000] {dag.py:4180} INFO - Setting next_dagrun for fix_permissions_dag to 2025-05-01 23:00:00+00:00, run_after=2025-05-02 00:00:00+00:00
[2025-05-01T23:59:38.570+0000] {processor.py:208} INFO - Processing /opt/airflow/dags/permission_fixer_dag.py took 0.055 seconds
