[2025-04-30T01:32:24.519+0000] {processor.py:186} INFO - Started process (PID=138) to work on /opt/airflow/dags/permission_fixer_dag.py
[2025-04-30T01:32:24.520+0000] {processor.py:914} INFO - Processing file /opt/airflow/dags/permission_fixer_dag.py for tasks to queue
[2025-04-30T01:32:24.520+0000] {logging_mixin.py:190} INFO - [2025-04-30T01:32:24.520+0000] {dagbag.py:588} INFO - Filling up the DagBag from /opt/airflow/dags/permission_fixer_dag.py
[2025-04-30T01:32:24.543+0000] {logging_mixin.py:190} INFO - [2025-04-30T01:32:24.541+0000] {templater.py:94} ERROR - Failed to resolve template field 'bash_command'
Traceback (most recent call last):
  File "/home/airflow/.local/lib/python3.12/site-packages/airflow/template/templater.py", line 92, in resolve_template_files
    setattr(self, field, env.loader.get_source(env, content)[0])  # type: ignore
                         ^^^^^^^^^^^^^^^^^^^^^^^^^^^^^^^^^^^
  File "/home/airflow/.local/lib/python3.12/site-packages/jinja2/loaders.py", line 209, in get_source
    raise TemplateNotFound(
jinja2.exceptions.TemplateNotFound: 'bash /opt/airflow/scripts/fix_permissions.sh' not found in search path: '/opt/airflow/dags'
[2025-04-30T01:32:24.544+0000] {processor.py:925} INFO - DAG(s) 'fix_permissions_dag' retrieved from /opt/airflow/dags/permission_fixer_dag.py
[2025-04-30T01:32:24.669+0000] {logging_mixin.py:190} INFO - [2025-04-30T01:32:24.669+0000] {override.py:1912} INFO - Created Permission View: can edit on DAG:fix_permissions_dag
[2025-04-30T01:32:24.672+0000] {logging_mixin.py:190} INFO - [2025-04-30T01:32:24.672+0000] {override.py:1912} INFO - Created Permission View: can delete on DAG:fix_permissions_dag
[2025-04-30T01:32:24.674+0000] {logging_mixin.py:190} INFO - [2025-04-30T01:32:24.674+0000] {override.py:1912} INFO - Created Permission View: can read on DAG:fix_permissions_dag
[2025-04-30T01:32:24.675+0000] {logging_mixin.py:190} INFO - [2025-04-30T01:32:24.675+0000] {override.py:1912} INFO - Created Permission View: menu access on DAG Run:fix_permissions_dag
[2025-04-30T01:32:24.677+0000] {logging_mixin.py:190} INFO - [2025-04-30T01:32:24.677+0000] {override.py:1912} INFO - Created Permission View: can create on DAG Run:fix_permissions_dag
[2025-04-30T01:32:24.679+0000] {logging_mixin.py:190} INFO - [2025-04-30T01:32:24.679+0000] {override.py:1912} INFO - Created Permission View: can delete on DAG Run:fix_permissions_dag
[2025-04-30T01:32:24.680+0000] {logging_mixin.py:190} INFO - [2025-04-30T01:32:24.680+0000] {override.py:1912} INFO - Created Permission View: can read on DAG Run:fix_permissions_dag
[2025-04-30T01:32:24.680+0000] {logging_mixin.py:190} INFO - [2025-04-30T01:32:24.680+0000] {dag.py:3239} INFO - Sync 1 DAGs
[2025-04-30T01:32:24.684+0000] {logging_mixin.py:190} INFO - [2025-04-30T01:32:24.684+0000] {dag.py:3262} INFO - Creating ORM DAG for fix_permissions_dag
[2025-04-30T01:32:24.687+0000] {logging_mixin.py:190} INFO - [2025-04-30T01:32:24.687+0000] {dag.py:4180} INFO - Setting next_dagrun for fix_permissions_dag to 2025-04-30 00:00:00+00:00, run_after=2025-04-30 01:00:00+00:00
[2025-04-30T01:32:24.691+0000] {processor.py:208} INFO - Processing /opt/airflow/dags/permission_fixer_dag.py took 0.177 seconds
[2025-04-30T01:32:54.845+0000] {processor.py:186} INFO - Started process (PID=140) to work on /opt/airflow/dags/permission_fixer_dag.py
[2025-04-30T01:32:54.845+0000] {processor.py:914} INFO - Processing file /opt/airflow/dags/permission_fixer_dag.py for tasks to queue
[2025-04-30T01:32:54.845+0000] {logging_mixin.py:190} INFO - [2025-04-30T01:32:54.845+0000] {dagbag.py:588} INFO - Filling up the DagBag from /opt/airflow/dags/permission_fixer_dag.py
[2025-04-30T01:32:54.852+0000] {logging_mixin.py:190} INFO - [2025-04-30T01:32:54.852+0000] {templater.py:94} ERROR - Failed to resolve template field 'bash_command'
Traceback (most recent call last):
  File "/home/airflow/.local/lib/python3.12/site-packages/airflow/template/templater.py", line 92, in resolve_template_files
    setattr(self, field, env.loader.get_source(env, content)[0])  # type: ignore
                         ^^^^^^^^^^^^^^^^^^^^^^^^^^^^^^^^^^^
  File "/home/airflow/.local/lib/python3.12/site-packages/jinja2/loaders.py", line 209, in get_source
    raise TemplateNotFound(
jinja2.exceptions.TemplateNotFound: 'bash /opt/airflow/scripts/fix_permissions.sh' not found in search path: '/opt/airflow/dags'
[2025-04-30T01:32:54.853+0000] {processor.py:925} INFO - DAG(s) 'fix_permissions_dag' retrieved from /opt/airflow/dags/permission_fixer_dag.py
[2025-04-30T01:32:54.866+0000] {logging_mixin.py:190} INFO - [2025-04-30T01:32:54.865+0000] {dag.py:3239} INFO - Sync 1 DAGs
[2025-04-30T01:32:54.876+0000] {logging_mixin.py:190} INFO - [2025-04-30T01:32:54.876+0000] {dag.py:4180} INFO - Setting next_dagrun for fix_permissions_dag to 2025-04-30 00:00:00+00:00, run_after=2025-04-30 01:00:00+00:00
[2025-04-30T01:32:54.953+0000] {processor.py:208} INFO - Processing /opt/airflow/dags/permission_fixer_dag.py took 0.111 seconds
[2025-04-30T01:33:25.149+0000] {processor.py:186} INFO - Started process (PID=142) to work on /opt/airflow/dags/permission_fixer_dag.py
[2025-04-30T01:33:25.152+0000] {processor.py:914} INFO - Processing file /opt/airflow/dags/permission_fixer_dag.py for tasks to queue
[2025-04-30T01:33:25.153+0000] {logging_mixin.py:190} INFO - [2025-04-30T01:33:25.152+0000] {dagbag.py:588} INFO - Filling up the DagBag from /opt/airflow/dags/permission_fixer_dag.py
[2025-04-30T01:33:25.165+0000] {logging_mixin.py:190} INFO - [2025-04-30T01:33:25.164+0000] {templater.py:94} ERROR - Failed to resolve template field 'bash_command'
Traceback (most recent call last):
  File "/home/airflow/.local/lib/python3.12/site-packages/airflow/template/templater.py", line 92, in resolve_template_files
    setattr(self, field, env.loader.get_source(env, content)[0])  # type: ignore
                         ^^^^^^^^^^^^^^^^^^^^^^^^^^^^^^^^^^^
  File "/home/airflow/.local/lib/python3.12/site-packages/jinja2/loaders.py", line 209, in get_source
    raise TemplateNotFound(
jinja2.exceptions.TemplateNotFound: 'bash /opt/airflow/scripts/fix_permissions.sh' not found in search path: '/opt/airflow/dags'
[2025-04-30T01:33:25.166+0000] {processor.py:925} INFO - DAG(s) 'fix_permissions_dag' retrieved from /opt/airflow/dags/permission_fixer_dag.py
[2025-04-30T01:33:25.181+0000] {logging_mixin.py:190} INFO - [2025-04-30T01:33:25.181+0000] {dag.py:3239} INFO - Sync 1 DAGs
[2025-04-30T01:33:25.264+0000] {logging_mixin.py:190} INFO - [2025-04-30T01:33:25.264+0000] {dag.py:4180} INFO - Setting next_dagrun for fix_permissions_dag to 2025-04-30 00:00:00+00:00, run_after=2025-04-30 01:00:00+00:00
[2025-04-30T01:33:25.271+0000] {processor.py:208} INFO - Processing /opt/airflow/dags/permission_fixer_dag.py took 0.128 seconds
[2025-04-30T01:33:55.599+0000] {processor.py:186} INFO - Started process (PID=144) to work on /opt/airflow/dags/permission_fixer_dag.py
[2025-04-30T01:33:55.601+0000] {processor.py:914} INFO - Processing file /opt/airflow/dags/permission_fixer_dag.py for tasks to queue
[2025-04-30T01:33:55.602+0000] {logging_mixin.py:190} INFO - [2025-04-30T01:33:55.602+0000] {dagbag.py:588} INFO - Filling up the DagBag from /opt/airflow/dags/permission_fixer_dag.py
[2025-04-30T01:33:55.616+0000] {logging_mixin.py:190} INFO - [2025-04-30T01:33:55.615+0000] {templater.py:94} ERROR - Failed to resolve template field 'bash_command'
Traceback (most recent call last):
  File "/home/airflow/.local/lib/python3.12/site-packages/airflow/template/templater.py", line 92, in resolve_template_files
    setattr(self, field, env.loader.get_source(env, content)[0])  # type: ignore
                         ^^^^^^^^^^^^^^^^^^^^^^^^^^^^^^^^^^^
  File "/home/airflow/.local/lib/python3.12/site-packages/jinja2/loaders.py", line 209, in get_source
    raise TemplateNotFound(
jinja2.exceptions.TemplateNotFound: 'bash /opt/airflow/scripts/fix_permissions.sh' not found in search path: '/opt/airflow/dags'
[2025-04-30T01:33:55.618+0000] {processor.py:925} INFO - DAG(s) 'fix_permissions_dag' retrieved from /opt/airflow/dags/permission_fixer_dag.py
[2025-04-30T01:33:55.634+0000] {logging_mixin.py:190} INFO - [2025-04-30T01:33:55.634+0000] {dag.py:3239} INFO - Sync 1 DAGs
[2025-04-30T01:33:55.645+0000] {logging_mixin.py:190} INFO - [2025-04-30T01:33:55.645+0000] {dag.py:4180} INFO - Setting next_dagrun for fix_permissions_dag to 2025-04-30 00:00:00+00:00, run_after=2025-04-30 01:00:00+00:00
[2025-04-30T01:33:55.652+0000] {processor.py:208} INFO - Processing /opt/airflow/dags/permission_fixer_dag.py took 0.060 seconds
[2025-04-30T01:34:25.937+0000] {processor.py:186} INFO - Started process (PID=146) to work on /opt/airflow/dags/permission_fixer_dag.py
[2025-04-30T01:34:25.937+0000] {processor.py:914} INFO - Processing file /opt/airflow/dags/permission_fixer_dag.py for tasks to queue
[2025-04-30T01:34:25.938+0000] {logging_mixin.py:190} INFO - [2025-04-30T01:34:25.938+0000] {dagbag.py:588} INFO - Filling up the DagBag from /opt/airflow/dags/permission_fixer_dag.py
[2025-04-30T01:34:25.946+0000] {logging_mixin.py:190} INFO - [2025-04-30T01:34:25.946+0000] {templater.py:94} ERROR - Failed to resolve template field 'bash_command'
Traceback (most recent call last):
  File "/home/airflow/.local/lib/python3.12/site-packages/airflow/template/templater.py", line 92, in resolve_template_files
    setattr(self, field, env.loader.get_source(env, content)[0])  # type: ignore
                         ^^^^^^^^^^^^^^^^^^^^^^^^^^^^^^^^^^^
  File "/home/airflow/.local/lib/python3.12/site-packages/jinja2/loaders.py", line 209, in get_source
    raise TemplateNotFound(
jinja2.exceptions.TemplateNotFound: 'bash /opt/airflow/scripts/fix_permissions.sh' not found in search path: '/opt/airflow/dags'
[2025-04-30T01:34:25.948+0000] {processor.py:925} INFO - DAG(s) 'fix_permissions_dag' retrieved from /opt/airflow/dags/permission_fixer_dag.py
[2025-04-30T01:34:25.961+0000] {logging_mixin.py:190} INFO - [2025-04-30T01:34:25.961+0000] {dag.py:3239} INFO - Sync 1 DAGs
[2025-04-30T01:34:25.971+0000] {logging_mixin.py:190} INFO - [2025-04-30T01:34:25.971+0000] {dag.py:4180} INFO - Setting next_dagrun for fix_permissions_dag to 2025-04-30 00:00:00+00:00, run_after=2025-04-30 01:00:00+00:00
[2025-04-30T01:34:25.978+0000] {processor.py:208} INFO - Processing /opt/airflow/dags/permission_fixer_dag.py took 0.045 seconds
[2025-04-30T01:34:56.145+0000] {processor.py:186} INFO - Started process (PID=148) to work on /opt/airflow/dags/permission_fixer_dag.py
[2025-04-30T01:34:56.146+0000] {processor.py:914} INFO - Processing file /opt/airflow/dags/permission_fixer_dag.py for tasks to queue
[2025-04-30T01:34:56.146+0000] {logging_mixin.py:190} INFO - [2025-04-30T01:34:56.146+0000] {dagbag.py:588} INFO - Filling up the DagBag from /opt/airflow/dags/permission_fixer_dag.py
[2025-04-30T01:34:56.152+0000] {logging_mixin.py:190} INFO - [2025-04-30T01:34:56.152+0000] {templater.py:94} ERROR - Failed to resolve template field 'bash_command'
Traceback (most recent call last):
  File "/home/airflow/.local/lib/python3.12/site-packages/airflow/template/templater.py", line 92, in resolve_template_files
    setattr(self, field, env.loader.get_source(env, content)[0])  # type: ignore
                         ^^^^^^^^^^^^^^^^^^^^^^^^^^^^^^^^^^^
  File "/home/airflow/.local/lib/python3.12/site-packages/jinja2/loaders.py", line 209, in get_source
    raise TemplateNotFound(
jinja2.exceptions.TemplateNotFound: 'bash /opt/airflow/scripts/fix_permissions.sh' not found in search path: '/opt/airflow/dags'
[2025-04-30T01:34:56.153+0000] {processor.py:925} INFO - DAG(s) 'fix_permissions_dag' retrieved from /opt/airflow/dags/permission_fixer_dag.py
[2025-04-30T01:34:56.163+0000] {logging_mixin.py:190} INFO - [2025-04-30T01:34:56.163+0000] {dag.py:3239} INFO - Sync 1 DAGs
[2025-04-30T01:34:56.171+0000] {logging_mixin.py:190} INFO - [2025-04-30T01:34:56.171+0000] {dag.py:4180} INFO - Setting next_dagrun for fix_permissions_dag to 2025-04-30 00:00:00+00:00, run_after=2025-04-30 01:00:00+00:00
[2025-04-30T01:34:56.177+0000] {processor.py:208} INFO - Processing /opt/airflow/dags/permission_fixer_dag.py took 0.035 seconds
[2025-04-30T01:35:26.557+0000] {processor.py:186} INFO - Started process (PID=150) to work on /opt/airflow/dags/permission_fixer_dag.py
[2025-04-30T01:35:26.558+0000] {processor.py:914} INFO - Processing file /opt/airflow/dags/permission_fixer_dag.py for tasks to queue
[2025-04-30T01:35:26.559+0000] {logging_mixin.py:190} INFO - [2025-04-30T01:35:26.559+0000] {dagbag.py:588} INFO - Filling up the DagBag from /opt/airflow/dags/permission_fixer_dag.py
[2025-04-30T01:35:26.571+0000] {logging_mixin.py:190} INFO - [2025-04-30T01:35:26.570+0000] {templater.py:94} ERROR - Failed to resolve template field 'bash_command'
Traceback (most recent call last):
  File "/home/airflow/.local/lib/python3.12/site-packages/airflow/template/templater.py", line 92, in resolve_template_files
    setattr(self, field, env.loader.get_source(env, content)[0])  # type: ignore
                         ^^^^^^^^^^^^^^^^^^^^^^^^^^^^^^^^^^^
  File "/home/airflow/.local/lib/python3.12/site-packages/jinja2/loaders.py", line 209, in get_source
    raise TemplateNotFound(
jinja2.exceptions.TemplateNotFound: 'bash /opt/airflow/scripts/fix_permissions.sh' not found in search path: '/opt/airflow/dags'
[2025-04-30T01:35:26.573+0000] {processor.py:925} INFO - DAG(s) 'fix_permissions_dag' retrieved from /opt/airflow/dags/permission_fixer_dag.py
[2025-04-30T01:35:26.588+0000] {logging_mixin.py:190} INFO - [2025-04-30T01:35:26.588+0000] {dag.py:3239} INFO - Sync 1 DAGs
[2025-04-30T01:35:26.598+0000] {logging_mixin.py:190} INFO - [2025-04-30T01:35:26.598+0000] {dag.py:4180} INFO - Setting next_dagrun for fix_permissions_dag to 2025-04-30 00:00:00+00:00, run_after=2025-04-30 01:00:00+00:00
[2025-04-30T01:35:26.605+0000] {processor.py:208} INFO - Processing /opt/airflow/dags/permission_fixer_dag.py took 0.056 seconds
[2025-04-30T01:35:56.955+0000] {processor.py:186} INFO - Started process (PID=152) to work on /opt/airflow/dags/permission_fixer_dag.py
[2025-04-30T01:35:56.956+0000] {processor.py:914} INFO - Processing file /opt/airflow/dags/permission_fixer_dag.py for tasks to queue
[2025-04-30T01:35:56.957+0000] {logging_mixin.py:190} INFO - [2025-04-30T01:35:56.956+0000] {dagbag.py:588} INFO - Filling up the DagBag from /opt/airflow/dags/permission_fixer_dag.py
[2025-04-30T01:35:56.968+0000] {logging_mixin.py:190} INFO - [2025-04-30T01:35:56.968+0000] {templater.py:94} ERROR - Failed to resolve template field 'bash_command'
Traceback (most recent call last):
  File "/home/airflow/.local/lib/python3.12/site-packages/airflow/template/templater.py", line 92, in resolve_template_files
    setattr(self, field, env.loader.get_source(env, content)[0])  # type: ignore
                         ^^^^^^^^^^^^^^^^^^^^^^^^^^^^^^^^^^^
  File "/home/airflow/.local/lib/python3.12/site-packages/jinja2/loaders.py", line 209, in get_source
    raise TemplateNotFound(
jinja2.exceptions.TemplateNotFound: 'bash /opt/airflow/scripts/fix_permissions.sh' not found in search path: '/opt/airflow/dags'
[2025-04-30T01:35:56.970+0000] {processor.py:925} INFO - DAG(s) 'fix_permissions_dag' retrieved from /opt/airflow/dags/permission_fixer_dag.py
[2025-04-30T01:35:56.985+0000] {logging_mixin.py:190} INFO - [2025-04-30T01:35:56.985+0000] {dag.py:3239} INFO - Sync 1 DAGs
[2025-04-30T01:35:56.996+0000] {logging_mixin.py:190} INFO - [2025-04-30T01:35:56.996+0000] {dag.py:4180} INFO - Setting next_dagrun for fix_permissions_dag to 2025-04-30 00:00:00+00:00, run_after=2025-04-30 01:00:00+00:00
[2025-04-30T01:35:57.066+0000] {processor.py:208} INFO - Processing /opt/airflow/dags/permission_fixer_dag.py took 0.119 seconds
[2025-04-30T01:36:27.327+0000] {processor.py:186} INFO - Started process (PID=154) to work on /opt/airflow/dags/permission_fixer_dag.py
[2025-04-30T01:36:27.328+0000] {processor.py:914} INFO - Processing file /opt/airflow/dags/permission_fixer_dag.py for tasks to queue
[2025-04-30T01:36:27.329+0000] {logging_mixin.py:190} INFO - [2025-04-30T01:36:27.329+0000] {dagbag.py:588} INFO - Filling up the DagBag from /opt/airflow/dags/permission_fixer_dag.py
[2025-04-30T01:36:27.336+0000] {logging_mixin.py:190} INFO - [2025-04-30T01:36:27.336+0000] {templater.py:94} ERROR - Failed to resolve template field 'bash_command'
Traceback (most recent call last):
  File "/home/airflow/.local/lib/python3.12/site-packages/airflow/template/templater.py", line 92, in resolve_template_files
    setattr(self, field, env.loader.get_source(env, content)[0])  # type: ignore
                         ^^^^^^^^^^^^^^^^^^^^^^^^^^^^^^^^^^^
  File "/home/airflow/.local/lib/python3.12/site-packages/jinja2/loaders.py", line 209, in get_source
    raise TemplateNotFound(
jinja2.exceptions.TemplateNotFound: 'bash /opt/airflow/scripts/fix_permissions.sh' not found in search path: '/opt/airflow/dags'
[2025-04-30T01:36:27.337+0000] {processor.py:925} INFO - DAG(s) 'fix_permissions_dag' retrieved from /opt/airflow/dags/permission_fixer_dag.py
[2025-04-30T01:36:27.347+0000] {logging_mixin.py:190} INFO - [2025-04-30T01:36:27.347+0000] {dag.py:3239} INFO - Sync 1 DAGs
[2025-04-30T01:36:27.418+0000] {logging_mixin.py:190} INFO - [2025-04-30T01:36:27.418+0000] {dag.py:4180} INFO - Setting next_dagrun for fix_permissions_dag to 2025-04-30 00:00:00+00:00, run_after=2025-04-30 01:00:00+00:00
[2025-04-30T01:36:27.424+0000] {processor.py:208} INFO - Processing /opt/airflow/dags/permission_fixer_dag.py took 0.103 seconds
[2025-04-30T01:36:57.617+0000] {processor.py:186} INFO - Started process (PID=156) to work on /opt/airflow/dags/permission_fixer_dag.py
[2025-04-30T01:36:57.619+0000] {processor.py:914} INFO - Processing file /opt/airflow/dags/permission_fixer_dag.py for tasks to queue
[2025-04-30T01:36:57.620+0000] {logging_mixin.py:190} INFO - [2025-04-30T01:36:57.620+0000] {dagbag.py:588} INFO - Filling up the DagBag from /opt/airflow/dags/permission_fixer_dag.py
[2025-04-30T01:36:57.627+0000] {logging_mixin.py:190} INFO - [2025-04-30T01:36:57.627+0000] {templater.py:94} ERROR - Failed to resolve template field 'bash_command'
Traceback (most recent call last):
  File "/home/airflow/.local/lib/python3.12/site-packages/airflow/template/templater.py", line 92, in resolve_template_files
    setattr(self, field, env.loader.get_source(env, content)[0])  # type: ignore
                         ^^^^^^^^^^^^^^^^^^^^^^^^^^^^^^^^^^^
  File "/home/airflow/.local/lib/python3.12/site-packages/jinja2/loaders.py", line 209, in get_source
    raise TemplateNotFound(
jinja2.exceptions.TemplateNotFound: 'bash /opt/airflow/scripts/fix_permissions.sh' not found in search path: '/opt/airflow/dags'
[2025-04-30T01:36:57.629+0000] {processor.py:925} INFO - DAG(s) 'fix_permissions_dag' retrieved from /opt/airflow/dags/permission_fixer_dag.py
[2025-04-30T01:36:57.641+0000] {logging_mixin.py:190} INFO - [2025-04-30T01:36:57.641+0000] {dag.py:3239} INFO - Sync 1 DAGs
[2025-04-30T01:36:57.651+0000] {logging_mixin.py:190} INFO - [2025-04-30T01:36:57.651+0000] {dag.py:4180} INFO - Setting next_dagrun for fix_permissions_dag to 2025-04-30 00:00:00+00:00, run_after=2025-04-30 01:00:00+00:00
[2025-04-30T01:36:57.658+0000] {processor.py:208} INFO - Processing /opt/airflow/dags/permission_fixer_dag.py took 0.046 seconds
[2025-04-30T01:37:27.820+0000] {processor.py:186} INFO - Started process (PID=159) to work on /opt/airflow/dags/permission_fixer_dag.py
[2025-04-30T01:37:27.821+0000] {processor.py:914} INFO - Processing file /opt/airflow/dags/permission_fixer_dag.py for tasks to queue
[2025-04-30T01:37:27.821+0000] {logging_mixin.py:190} INFO - [2025-04-30T01:37:27.821+0000] {dagbag.py:588} INFO - Filling up the DagBag from /opt/airflow/dags/permission_fixer_dag.py
[2025-04-30T01:37:27.829+0000] {logging_mixin.py:190} INFO - [2025-04-30T01:37:27.828+0000] {templater.py:94} ERROR - Failed to resolve template field 'bash_command'
Traceback (most recent call last):
  File "/home/airflow/.local/lib/python3.12/site-packages/airflow/template/templater.py", line 92, in resolve_template_files
    setattr(self, field, env.loader.get_source(env, content)[0])  # type: ignore
                         ^^^^^^^^^^^^^^^^^^^^^^^^^^^^^^^^^^^
  File "/home/airflow/.local/lib/python3.12/site-packages/jinja2/loaders.py", line 209, in get_source
    raise TemplateNotFound(
jinja2.exceptions.TemplateNotFound: 'bash /opt/airflow/scripts/fix_permissions.sh' not found in search path: '/opt/airflow/dags'
[2025-04-30T01:37:27.830+0000] {processor.py:925} INFO - DAG(s) 'fix_permissions_dag' retrieved from /opt/airflow/dags/permission_fixer_dag.py
[2025-04-30T01:37:27.840+0000] {logging_mixin.py:190} INFO - [2025-04-30T01:37:27.840+0000] {dag.py:3239} INFO - Sync 1 DAGs
[2025-04-30T01:37:27.850+0000] {logging_mixin.py:190} INFO - [2025-04-30T01:37:27.850+0000] {dag.py:4180} INFO - Setting next_dagrun for fix_permissions_dag to 2025-04-30 00:00:00+00:00, run_after=2025-04-30 01:00:00+00:00
[2025-04-30T01:37:27.856+0000] {processor.py:208} INFO - Processing /opt/airflow/dags/permission_fixer_dag.py took 0.039 seconds
[2025-04-30T01:37:58.059+0000] {processor.py:186} INFO - Started process (PID=161) to work on /opt/airflow/dags/permission_fixer_dag.py
[2025-04-30T01:37:58.061+0000] {processor.py:914} INFO - Processing file /opt/airflow/dags/permission_fixer_dag.py for tasks to queue
[2025-04-30T01:37:58.062+0000] {logging_mixin.py:190} INFO - [2025-04-30T01:37:58.062+0000] {dagbag.py:588} INFO - Filling up the DagBag from /opt/airflow/dags/permission_fixer_dag.py
[2025-04-30T01:37:58.073+0000] {logging_mixin.py:190} INFO - [2025-04-30T01:37:58.072+0000] {templater.py:94} ERROR - Failed to resolve template field 'bash_command'
Traceback (most recent call last):
  File "/home/airflow/.local/lib/python3.12/site-packages/airflow/template/templater.py", line 92, in resolve_template_files
    setattr(self, field, env.loader.get_source(env, content)[0])  # type: ignore
                         ^^^^^^^^^^^^^^^^^^^^^^^^^^^^^^^^^^^
  File "/home/airflow/.local/lib/python3.12/site-packages/jinja2/loaders.py", line 209, in get_source
    raise TemplateNotFound(
jinja2.exceptions.TemplateNotFound: 'bash /opt/airflow/scripts/fix_permissions.sh' not found in search path: '/opt/airflow/dags'
[2025-04-30T01:37:58.075+0000] {processor.py:925} INFO - DAG(s) 'fix_permissions_dag' retrieved from /opt/airflow/dags/permission_fixer_dag.py
[2025-04-30T01:37:58.091+0000] {logging_mixin.py:190} INFO - [2025-04-30T01:37:58.091+0000] {dag.py:3239} INFO - Sync 1 DAGs
[2025-04-30T01:37:58.103+0000] {logging_mixin.py:190} INFO - [2025-04-30T01:37:58.103+0000] {dag.py:4180} INFO - Setting next_dagrun for fix_permissions_dag to 2025-04-30 00:00:00+00:00, run_after=2025-04-30 01:00:00+00:00
[2025-04-30T01:37:58.110+0000] {processor.py:208} INFO - Processing /opt/airflow/dags/permission_fixer_dag.py took 0.059 seconds
[2025-04-30T01:38:28.389+0000] {processor.py:186} INFO - Started process (PID=163) to work on /opt/airflow/dags/permission_fixer_dag.py
[2025-04-30T01:38:28.390+0000] {processor.py:914} INFO - Processing file /opt/airflow/dags/permission_fixer_dag.py for tasks to queue
[2025-04-30T01:38:28.390+0000] {logging_mixin.py:190} INFO - [2025-04-30T01:38:28.390+0000] {dagbag.py:588} INFO - Filling up the DagBag from /opt/airflow/dags/permission_fixer_dag.py
[2025-04-30T01:38:28.398+0000] {logging_mixin.py:190} INFO - [2025-04-30T01:38:28.398+0000] {templater.py:94} ERROR - Failed to resolve template field 'bash_command'
Traceback (most recent call last):
  File "/home/airflow/.local/lib/python3.12/site-packages/airflow/template/templater.py", line 92, in resolve_template_files
    setattr(self, field, env.loader.get_source(env, content)[0])  # type: ignore
                         ^^^^^^^^^^^^^^^^^^^^^^^^^^^^^^^^^^^
  File "/home/airflow/.local/lib/python3.12/site-packages/jinja2/loaders.py", line 209, in get_source
    raise TemplateNotFound(
jinja2.exceptions.TemplateNotFound: 'bash /opt/airflow/scripts/fix_permissions.sh' not found in search path: '/opt/airflow/dags'
[2025-04-30T01:38:28.400+0000] {processor.py:925} INFO - DAG(s) 'fix_permissions_dag' retrieved from /opt/airflow/dags/permission_fixer_dag.py
[2025-04-30T01:38:28.413+0000] {logging_mixin.py:190} INFO - [2025-04-30T01:38:28.413+0000] {dag.py:3239} INFO - Sync 1 DAGs
[2025-04-30T01:38:28.422+0000] {logging_mixin.py:190} INFO - [2025-04-30T01:38:28.422+0000] {dag.py:4180} INFO - Setting next_dagrun for fix_permissions_dag to 2025-04-30 00:00:00+00:00, run_after=2025-04-30 01:00:00+00:00
[2025-04-30T01:38:28.429+0000] {processor.py:208} INFO - Processing /opt/airflow/dags/permission_fixer_dag.py took 0.044 seconds
[2025-04-30T01:38:58.650+0000] {processor.py:186} INFO - Started process (PID=165) to work on /opt/airflow/dags/permission_fixer_dag.py
[2025-04-30T01:38:58.651+0000] {processor.py:914} INFO - Processing file /opt/airflow/dags/permission_fixer_dag.py for tasks to queue
[2025-04-30T01:38:58.651+0000] {logging_mixin.py:190} INFO - [2025-04-30T01:38:58.651+0000] {dagbag.py:588} INFO - Filling up the DagBag from /opt/airflow/dags/permission_fixer_dag.py
[2025-04-30T01:38:58.658+0000] {logging_mixin.py:190} INFO - [2025-04-30T01:38:58.657+0000] {templater.py:94} ERROR - Failed to resolve template field 'bash_command'
Traceback (most recent call last):
  File "/home/airflow/.local/lib/python3.12/site-packages/airflow/template/templater.py", line 92, in resolve_template_files
    setattr(self, field, env.loader.get_source(env, content)[0])  # type: ignore
                         ^^^^^^^^^^^^^^^^^^^^^^^^^^^^^^^^^^^
  File "/home/airflow/.local/lib/python3.12/site-packages/jinja2/loaders.py", line 209, in get_source
    raise TemplateNotFound(
jinja2.exceptions.TemplateNotFound: 'bash /opt/airflow/scripts/fix_permissions.sh' not found in search path: '/opt/airflow/dags'
[2025-04-30T01:38:58.659+0000] {processor.py:925} INFO - DAG(s) 'fix_permissions_dag' retrieved from /opt/airflow/dags/permission_fixer_dag.py
[2025-04-30T01:38:58.670+0000] {logging_mixin.py:190} INFO - [2025-04-30T01:38:58.669+0000] {dag.py:3239} INFO - Sync 1 DAGs
[2025-04-30T01:38:58.753+0000] {logging_mixin.py:190} INFO - [2025-04-30T01:38:58.753+0000] {dag.py:4180} INFO - Setting next_dagrun for fix_permissions_dag to 2025-04-30 00:00:00+00:00, run_after=2025-04-30 01:00:00+00:00
[2025-04-30T01:38:58.759+0000] {processor.py:208} INFO - Processing /opt/airflow/dags/permission_fixer_dag.py took 0.112 seconds
[2025-04-30T01:39:28.981+0000] {processor.py:186} INFO - Started process (PID=167) to work on /opt/airflow/dags/permission_fixer_dag.py
[2025-04-30T01:39:28.982+0000] {processor.py:914} INFO - Processing file /opt/airflow/dags/permission_fixer_dag.py for tasks to queue
[2025-04-30T01:39:28.983+0000] {logging_mixin.py:190} INFO - [2025-04-30T01:39:28.982+0000] {dagbag.py:588} INFO - Filling up the DagBag from /opt/airflow/dags/permission_fixer_dag.py
[2025-04-30T01:39:28.993+0000] {logging_mixin.py:190} INFO - [2025-04-30T01:39:28.993+0000] {templater.py:94} ERROR - Failed to resolve template field 'bash_command'
Traceback (most recent call last):
  File "/home/airflow/.local/lib/python3.12/site-packages/airflow/template/templater.py", line 92, in resolve_template_files
    setattr(self, field, env.loader.get_source(env, content)[0])  # type: ignore
                         ^^^^^^^^^^^^^^^^^^^^^^^^^^^^^^^^^^^
  File "/home/airflow/.local/lib/python3.12/site-packages/jinja2/loaders.py", line 209, in get_source
    raise TemplateNotFound(
jinja2.exceptions.TemplateNotFound: 'bash /opt/airflow/scripts/fix_permissions.sh' not found in search path: '/opt/airflow/dags'
[2025-04-30T01:39:28.996+0000] {processor.py:925} INFO - DAG(s) 'fix_permissions_dag' retrieved from /opt/airflow/dags/permission_fixer_dag.py
[2025-04-30T01:39:29.012+0000] {logging_mixin.py:190} INFO - [2025-04-30T01:39:29.012+0000] {dag.py:3239} INFO - Sync 1 DAGs
[2025-04-30T01:39:29.025+0000] {logging_mixin.py:190} INFO - [2025-04-30T01:39:29.024+0000] {dag.py:4180} INFO - Setting next_dagrun for fix_permissions_dag to 2025-04-30 00:00:00+00:00, run_after=2025-04-30 01:00:00+00:00
[2025-04-30T01:39:29.031+0000] {processor.py:208} INFO - Processing /opt/airflow/dags/permission_fixer_dag.py took 0.055 seconds
[2025-04-30T01:39:59.277+0000] {processor.py:186} INFO - Started process (PID=169) to work on /opt/airflow/dags/permission_fixer_dag.py
[2025-04-30T01:39:59.278+0000] {processor.py:914} INFO - Processing file /opt/airflow/dags/permission_fixer_dag.py for tasks to queue
[2025-04-30T01:39:59.278+0000] {logging_mixin.py:190} INFO - [2025-04-30T01:39:59.278+0000] {dagbag.py:588} INFO - Filling up the DagBag from /opt/airflow/dags/permission_fixer_dag.py
[2025-04-30T01:39:59.288+0000] {logging_mixin.py:190} INFO - [2025-04-30T01:39:59.287+0000] {templater.py:94} ERROR - Failed to resolve template field 'bash_command'
Traceback (most recent call last):
  File "/home/airflow/.local/lib/python3.12/site-packages/airflow/template/templater.py", line 92, in resolve_template_files
    setattr(self, field, env.loader.get_source(env, content)[0])  # type: ignore
                         ^^^^^^^^^^^^^^^^^^^^^^^^^^^^^^^^^^^
  File "/home/airflow/.local/lib/python3.12/site-packages/jinja2/loaders.py", line 209, in get_source
    raise TemplateNotFound(
jinja2.exceptions.TemplateNotFound: 'bash /opt/airflow/scripts/fix_permissions.sh' not found in search path: '/opt/airflow/dags'
[2025-04-30T01:39:59.289+0000] {processor.py:925} INFO - DAG(s) 'fix_permissions_dag' retrieved from /opt/airflow/dags/permission_fixer_dag.py
[2025-04-30T01:39:59.302+0000] {logging_mixin.py:190} INFO - [2025-04-30T01:39:59.301+0000] {dag.py:3239} INFO - Sync 1 DAGs
[2025-04-30T01:39:59.313+0000] {logging_mixin.py:190} INFO - [2025-04-30T01:39:59.313+0000] {dag.py:4180} INFO - Setting next_dagrun for fix_permissions_dag to 2025-04-30 00:00:00+00:00, run_after=2025-04-30 01:00:00+00:00
[2025-04-30T01:39:59.320+0000] {processor.py:208} INFO - Processing /opt/airflow/dags/permission_fixer_dag.py took 0.048 seconds
[2025-04-30T01:40:29.585+0000] {processor.py:186} INFO - Started process (PID=171) to work on /opt/airflow/dags/permission_fixer_dag.py
[2025-04-30T01:40:29.586+0000] {processor.py:914} INFO - Processing file /opt/airflow/dags/permission_fixer_dag.py for tasks to queue
[2025-04-30T01:40:29.587+0000] {logging_mixin.py:190} INFO - [2025-04-30T01:40:29.587+0000] {dagbag.py:588} INFO - Filling up the DagBag from /opt/airflow/dags/permission_fixer_dag.py
[2025-04-30T01:40:29.597+0000] {logging_mixin.py:190} INFO - [2025-04-30T01:40:29.596+0000] {templater.py:94} ERROR - Failed to resolve template field 'bash_command'
Traceback (most recent call last):
  File "/home/airflow/.local/lib/python3.12/site-packages/airflow/template/templater.py", line 92, in resolve_template_files
    setattr(self, field, env.loader.get_source(env, content)[0])  # type: ignore
                         ^^^^^^^^^^^^^^^^^^^^^^^^^^^^^^^^^^^
  File "/home/airflow/.local/lib/python3.12/site-packages/jinja2/loaders.py", line 209, in get_source
    raise TemplateNotFound(
jinja2.exceptions.TemplateNotFound: 'bash /opt/airflow/scripts/fix_permissions.sh' not found in search path: '/opt/airflow/dags'
[2025-04-30T01:40:29.598+0000] {processor.py:925} INFO - DAG(s) 'fix_permissions_dag' retrieved from /opt/airflow/dags/permission_fixer_dag.py
[2025-04-30T01:40:29.611+0000] {logging_mixin.py:190} INFO - [2025-04-30T01:40:29.611+0000] {dag.py:3239} INFO - Sync 1 DAGs
[2025-04-30T01:40:29.622+0000] {logging_mixin.py:190} INFO - [2025-04-30T01:40:29.622+0000] {dag.py:4180} INFO - Setting next_dagrun for fix_permissions_dag to 2025-04-30 00:00:00+00:00, run_after=2025-04-30 01:00:00+00:00
[2025-04-30T01:40:29.629+0000] {processor.py:208} INFO - Processing /opt/airflow/dags/permission_fixer_dag.py took 0.049 seconds
[2025-04-30T01:40:59.926+0000] {processor.py:186} INFO - Started process (PID=173) to work on /opt/airflow/dags/permission_fixer_dag.py
[2025-04-30T01:40:59.927+0000] {processor.py:914} INFO - Processing file /opt/airflow/dags/permission_fixer_dag.py for tasks to queue
[2025-04-30T01:40:59.928+0000] {logging_mixin.py:190} INFO - [2025-04-30T01:40:59.927+0000] {dagbag.py:588} INFO - Filling up the DagBag from /opt/airflow/dags/permission_fixer_dag.py
[2025-04-30T01:40:59.936+0000] {logging_mixin.py:190} INFO - [2025-04-30T01:40:59.935+0000] {templater.py:94} ERROR - Failed to resolve template field 'bash_command'
Traceback (most recent call last):
  File "/home/airflow/.local/lib/python3.12/site-packages/airflow/template/templater.py", line 92, in resolve_template_files
    setattr(self, field, env.loader.get_source(env, content)[0])  # type: ignore
                         ^^^^^^^^^^^^^^^^^^^^^^^^^^^^^^^^^^^
  File "/home/airflow/.local/lib/python3.12/site-packages/jinja2/loaders.py", line 209, in get_source
    raise TemplateNotFound(
jinja2.exceptions.TemplateNotFound: 'bash /opt/airflow/scripts/fix_permissions.sh' not found in search path: '/opt/airflow/dags'
[2025-04-30T01:40:59.937+0000] {processor.py:925} INFO - DAG(s) 'fix_permissions_dag' retrieved from /opt/airflow/dags/permission_fixer_dag.py
[2025-04-30T01:40:59.950+0000] {logging_mixin.py:190} INFO - [2025-04-30T01:40:59.949+0000] {dag.py:3239} INFO - Sync 1 DAGs
[2025-04-30T01:40:59.960+0000] {logging_mixin.py:190} INFO - [2025-04-30T01:40:59.960+0000] {dag.py:4180} INFO - Setting next_dagrun for fix_permissions_dag to 2025-04-30 00:00:00+00:00, run_after=2025-04-30 01:00:00+00:00
[2025-04-30T01:40:59.967+0000] {processor.py:208} INFO - Processing /opt/airflow/dags/permission_fixer_dag.py took 0.047 seconds
[2025-04-30T01:41:30.257+0000] {processor.py:186} INFO - Started process (PID=175) to work on /opt/airflow/dags/permission_fixer_dag.py
[2025-04-30T01:41:30.257+0000] {processor.py:914} INFO - Processing file /opt/airflow/dags/permission_fixer_dag.py for tasks to queue
[2025-04-30T01:41:30.258+0000] {logging_mixin.py:190} INFO - [2025-04-30T01:41:30.258+0000] {dagbag.py:588} INFO - Filling up the DagBag from /opt/airflow/dags/permission_fixer_dag.py
[2025-04-30T01:41:30.267+0000] {logging_mixin.py:190} INFO - [2025-04-30T01:41:30.266+0000] {templater.py:94} ERROR - Failed to resolve template field 'bash_command'
Traceback (most recent call last):
  File "/home/airflow/.local/lib/python3.12/site-packages/airflow/template/templater.py", line 92, in resolve_template_files
    setattr(self, field, env.loader.get_source(env, content)[0])  # type: ignore
                         ^^^^^^^^^^^^^^^^^^^^^^^^^^^^^^^^^^^
  File "/home/airflow/.local/lib/python3.12/site-packages/jinja2/loaders.py", line 209, in get_source
    raise TemplateNotFound(
jinja2.exceptions.TemplateNotFound: 'bash /opt/airflow/scripts/fix_permissions.sh' not found in search path: '/opt/airflow/dags'
[2025-04-30T01:41:30.268+0000] {processor.py:925} INFO - DAG(s) 'fix_permissions_dag' retrieved from /opt/airflow/dags/permission_fixer_dag.py
[2025-04-30T01:41:30.280+0000] {logging_mixin.py:190} INFO - [2025-04-30T01:41:30.279+0000] {dag.py:3239} INFO - Sync 1 DAGs
[2025-04-30T01:41:30.290+0000] {logging_mixin.py:190} INFO - [2025-04-30T01:41:30.290+0000] {dag.py:4180} INFO - Setting next_dagrun for fix_permissions_dag to 2025-04-30 00:00:00+00:00, run_after=2025-04-30 01:00:00+00:00
[2025-04-30T01:41:30.369+0000] {processor.py:208} INFO - Processing /opt/airflow/dags/permission_fixer_dag.py took 0.118 seconds
[2025-04-30T01:42:00.642+0000] {processor.py:186} INFO - Started process (PID=177) to work on /opt/airflow/dags/permission_fixer_dag.py
[2025-04-30T01:42:00.643+0000] {processor.py:914} INFO - Processing file /opt/airflow/dags/permission_fixer_dag.py for tasks to queue
[2025-04-30T01:42:00.644+0000] {logging_mixin.py:190} INFO - [2025-04-30T01:42:00.644+0000] {dagbag.py:588} INFO - Filling up the DagBag from /opt/airflow/dags/permission_fixer_dag.py
[2025-04-30T01:42:00.657+0000] {logging_mixin.py:190} INFO - [2025-04-30T01:42:00.656+0000] {templater.py:94} ERROR - Failed to resolve template field 'bash_command'
Traceback (most recent call last):
  File "/home/airflow/.local/lib/python3.12/site-packages/airflow/template/templater.py", line 92, in resolve_template_files
    setattr(self, field, env.loader.get_source(env, content)[0])  # type: ignore
                         ^^^^^^^^^^^^^^^^^^^^^^^^^^^^^^^^^^^
  File "/home/airflow/.local/lib/python3.12/site-packages/jinja2/loaders.py", line 209, in get_source
    raise TemplateNotFound(
jinja2.exceptions.TemplateNotFound: 'bash /opt/airflow/scripts/fix_permissions.sh' not found in search path: '/opt/airflow/dags'
[2025-04-30T01:42:00.658+0000] {processor.py:925} INFO - DAG(s) 'fix_permissions_dag' retrieved from /opt/airflow/dags/permission_fixer_dag.py
[2025-04-30T01:42:00.674+0000] {logging_mixin.py:190} INFO - [2025-04-30T01:42:00.674+0000] {dag.py:3239} INFO - Sync 1 DAGs
[2025-04-30T01:42:00.751+0000] {logging_mixin.py:190} INFO - [2025-04-30T01:42:00.751+0000] {dag.py:4180} INFO - Setting next_dagrun for fix_permissions_dag to 2025-04-30 00:00:00+00:00, run_after=2025-04-30 01:00:00+00:00
[2025-04-30T01:42:00.759+0000] {processor.py:208} INFO - Processing /opt/airflow/dags/permission_fixer_dag.py took 0.128 seconds
[2025-04-30T01:42:31.016+0000] {processor.py:186} INFO - Started process (PID=179) to work on /opt/airflow/dags/permission_fixer_dag.py
[2025-04-30T01:42:31.016+0000] {processor.py:914} INFO - Processing file /opt/airflow/dags/permission_fixer_dag.py for tasks to queue
[2025-04-30T01:42:31.017+0000] {logging_mixin.py:190} INFO - [2025-04-30T01:42:31.017+0000] {dagbag.py:588} INFO - Filling up the DagBag from /opt/airflow/dags/permission_fixer_dag.py
[2025-04-30T01:42:31.025+0000] {logging_mixin.py:190} INFO - [2025-04-30T01:42:31.024+0000] {templater.py:94} ERROR - Failed to resolve template field 'bash_command'
Traceback (most recent call last):
  File "/home/airflow/.local/lib/python3.12/site-packages/airflow/template/templater.py", line 92, in resolve_template_files
    setattr(self, field, env.loader.get_source(env, content)[0])  # type: ignore
                         ^^^^^^^^^^^^^^^^^^^^^^^^^^^^^^^^^^^
  File "/home/airflow/.local/lib/python3.12/site-packages/jinja2/loaders.py", line 209, in get_source
    raise TemplateNotFound(
jinja2.exceptions.TemplateNotFound: 'bash /opt/airflow/scripts/fix_permissions.sh' not found in search path: '/opt/airflow/dags'
[2025-04-30T01:42:31.026+0000] {processor.py:925} INFO - DAG(s) 'fix_permissions_dag' retrieved from /opt/airflow/dags/permission_fixer_dag.py
[2025-04-30T01:42:31.039+0000] {logging_mixin.py:190} INFO - [2025-04-30T01:42:31.038+0000] {dag.py:3239} INFO - Sync 1 DAGs
[2025-04-30T01:42:31.049+0000] {logging_mixin.py:190} INFO - [2025-04-30T01:42:31.049+0000] {dag.py:4180} INFO - Setting next_dagrun for fix_permissions_dag to 2025-04-30 00:00:00+00:00, run_after=2025-04-30 01:00:00+00:00
[2025-04-30T01:42:31.056+0000] {processor.py:208} INFO - Processing /opt/airflow/dags/permission_fixer_dag.py took 0.045 seconds
[2025-04-30T01:43:01.373+0000] {processor.py:186} INFO - Started process (PID=181) to work on /opt/airflow/dags/permission_fixer_dag.py
[2025-04-30T01:43:01.375+0000] {processor.py:914} INFO - Processing file /opt/airflow/dags/permission_fixer_dag.py for tasks to queue
[2025-04-30T01:43:01.376+0000] {logging_mixin.py:190} INFO - [2025-04-30T01:43:01.376+0000] {dagbag.py:588} INFO - Filling up the DagBag from /opt/airflow/dags/permission_fixer_dag.py
[2025-04-30T01:43:01.386+0000] {logging_mixin.py:190} INFO - [2025-04-30T01:43:01.385+0000] {templater.py:94} ERROR - Failed to resolve template field 'bash_command'
Traceback (most recent call last):
  File "/home/airflow/.local/lib/python3.12/site-packages/airflow/template/templater.py", line 92, in resolve_template_files
    setattr(self, field, env.loader.get_source(env, content)[0])  # type: ignore
                         ^^^^^^^^^^^^^^^^^^^^^^^^^^^^^^^^^^^
  File "/home/airflow/.local/lib/python3.12/site-packages/jinja2/loaders.py", line 209, in get_source
    raise TemplateNotFound(
jinja2.exceptions.TemplateNotFound: 'bash /opt/airflow/scripts/fix_permissions.sh' not found in search path: '/opt/airflow/dags'
[2025-04-30T01:43:01.387+0000] {processor.py:925} INFO - DAG(s) 'fix_permissions_dag' retrieved from /opt/airflow/dags/permission_fixer_dag.py
[2025-04-30T01:43:01.401+0000] {logging_mixin.py:190} INFO - [2025-04-30T01:43:01.401+0000] {dag.py:3239} INFO - Sync 1 DAGs
[2025-04-30T01:43:01.413+0000] {logging_mixin.py:190} INFO - [2025-04-30T01:43:01.413+0000] {dag.py:4180} INFO - Setting next_dagrun for fix_permissions_dag to 2025-04-30 00:00:00+00:00, run_after=2025-04-30 01:00:00+00:00
[2025-04-30T01:43:01.422+0000] {processor.py:208} INFO - Processing /opt/airflow/dags/permission_fixer_dag.py took 0.057 seconds
[2025-04-30T01:43:31.760+0000] {processor.py:186} INFO - Started process (PID=183) to work on /opt/airflow/dags/permission_fixer_dag.py
[2025-04-30T01:43:31.761+0000] {processor.py:914} INFO - Processing file /opt/airflow/dags/permission_fixer_dag.py for tasks to queue
[2025-04-30T01:43:31.762+0000] {logging_mixin.py:190} INFO - [2025-04-30T01:43:31.761+0000] {dagbag.py:588} INFO - Filling up the DagBag from /opt/airflow/dags/permission_fixer_dag.py
[2025-04-30T01:43:31.774+0000] {logging_mixin.py:190} INFO - [2025-04-30T01:43:31.773+0000] {templater.py:94} ERROR - Failed to resolve template field 'bash_command'
Traceback (most recent call last):
  File "/home/airflow/.local/lib/python3.12/site-packages/airflow/template/templater.py", line 92, in resolve_template_files
    setattr(self, field, env.loader.get_source(env, content)[0])  # type: ignore
                         ^^^^^^^^^^^^^^^^^^^^^^^^^^^^^^^^^^^
  File "/home/airflow/.local/lib/python3.12/site-packages/jinja2/loaders.py", line 209, in get_source
    raise TemplateNotFound(
jinja2.exceptions.TemplateNotFound: 'bash /opt/airflow/scripts/fix_permissions.sh' not found in search path: '/opt/airflow/dags'
[2025-04-30T01:43:31.776+0000] {processor.py:925} INFO - DAG(s) 'fix_permissions_dag' retrieved from /opt/airflow/dags/permission_fixer_dag.py
[2025-04-30T01:43:31.792+0000] {logging_mixin.py:190} INFO - [2025-04-30T01:43:31.791+0000] {dag.py:3239} INFO - Sync 1 DAGs
[2025-04-30T01:43:31.803+0000] {logging_mixin.py:190} INFO - [2025-04-30T01:43:31.802+0000] {dag.py:4180} INFO - Setting next_dagrun for fix_permissions_dag to 2025-04-30 00:00:00+00:00, run_after=2025-04-30 01:00:00+00:00
[2025-04-30T01:43:31.810+0000] {processor.py:208} INFO - Processing /opt/airflow/dags/permission_fixer_dag.py took 0.059 seconds
[2025-04-30T01:43:59.076+0000] {processor.py:186} INFO - Started process (PID=185) to work on /opt/airflow/dags/permission_fixer_dag.py
[2025-04-30T01:43:59.076+0000] {processor.py:914} INFO - Processing file /opt/airflow/dags/permission_fixer_dag.py for tasks to queue
[2025-04-30T01:43:59.077+0000] {logging_mixin.py:190} INFO - [2025-04-30T01:43:59.076+0000] {dagbag.py:588} INFO - Filling up the DagBag from /opt/airflow/dags/permission_fixer_dag.py
[2025-04-30T01:43:59.084+0000] {logging_mixin.py:190} INFO - [2025-04-30T01:43:59.083+0000] {templater.py:94} ERROR - Failed to resolve template field 'bash_command'
Traceback (most recent call last):
  File "/home/airflow/.local/lib/python3.12/site-packages/airflow/template/templater.py", line 92, in resolve_template_files
    setattr(self, field, env.loader.get_source(env, content)[0])  # type: ignore
                         ^^^^^^^^^^^^^^^^^^^^^^^^^^^^^^^^^^^
  File "/home/airflow/.local/lib/python3.12/site-packages/jinja2/loaders.py", line 209, in get_source
    raise TemplateNotFound(
jinja2.exceptions.TemplateNotFound: 'bash /opt/airflow/scripts/permissions.sh' not found in search path: '/opt/airflow/dags'
[2025-04-30T01:43:59.085+0000] {processor.py:925} INFO - DAG(s) 'fix_permissions_dag' retrieved from /opt/airflow/dags/permission_fixer_dag.py
[2025-04-30T01:43:59.196+0000] {logging_mixin.py:190} INFO - [2025-04-30T01:43:59.196+0000] {dag.py:3239} INFO - Sync 1 DAGs
[2025-04-30T01:43:59.203+0000] {logging_mixin.py:190} INFO - [2025-04-30T01:43:59.203+0000] {dag.py:4180} INFO - Setting next_dagrun for fix_permissions_dag to 2025-04-30 00:00:00+00:00, run_after=2025-04-30 01:00:00+00:00
[2025-04-30T01:43:59.210+0000] {processor.py:208} INFO - Processing /opt/airflow/dags/permission_fixer_dag.py took 0.137 seconds
[2025-04-30T01:44:29.378+0000] {processor.py:186} INFO - Started process (PID=187) to work on /opt/airflow/dags/permission_fixer_dag.py
[2025-04-30T01:44:29.379+0000] {processor.py:914} INFO - Processing file /opt/airflow/dags/permission_fixer_dag.py for tasks to queue
[2025-04-30T01:44:29.380+0000] {logging_mixin.py:190} INFO - [2025-04-30T01:44:29.379+0000] {dagbag.py:588} INFO - Filling up the DagBag from /opt/airflow/dags/permission_fixer_dag.py
[2025-04-30T01:44:29.391+0000] {logging_mixin.py:190} INFO - [2025-04-30T01:44:29.390+0000] {templater.py:94} ERROR - Failed to resolve template field 'bash_command'
Traceback (most recent call last):
  File "/home/airflow/.local/lib/python3.12/site-packages/airflow/template/templater.py", line 92, in resolve_template_files
    setattr(self, field, env.loader.get_source(env, content)[0])  # type: ignore
                         ^^^^^^^^^^^^^^^^^^^^^^^^^^^^^^^^^^^
  File "/home/airflow/.local/lib/python3.12/site-packages/jinja2/loaders.py", line 209, in get_source
    raise TemplateNotFound(
jinja2.exceptions.TemplateNotFound: 'bash /opt/airflow/scripts/permissions.sh' not found in search path: '/opt/airflow/dags'
[2025-04-30T01:44:29.392+0000] {processor.py:925} INFO - DAG(s) 'fix_permissions_dag' retrieved from /opt/airflow/dags/permission_fixer_dag.py
[2025-04-30T01:44:29.407+0000] {logging_mixin.py:190} INFO - [2025-04-30T01:44:29.407+0000] {dag.py:3239} INFO - Sync 1 DAGs
[2025-04-30T01:44:29.418+0000] {logging_mixin.py:190} INFO - [2025-04-30T01:44:29.418+0000] {dag.py:4180} INFO - Setting next_dagrun for fix_permissions_dag to 2025-04-30 00:00:00+00:00, run_after=2025-04-30 01:00:00+00:00
[2025-04-30T01:44:29.484+0000] {processor.py:208} INFO - Processing /opt/airflow/dags/permission_fixer_dag.py took 0.112 seconds
[2025-04-30T01:44:59.711+0000] {processor.py:186} INFO - Started process (PID=189) to work on /opt/airflow/dags/permission_fixer_dag.py
[2025-04-30T01:44:59.711+0000] {processor.py:914} INFO - Processing file /opt/airflow/dags/permission_fixer_dag.py for tasks to queue
[2025-04-30T01:44:59.712+0000] {logging_mixin.py:190} INFO - [2025-04-30T01:44:59.712+0000] {dagbag.py:588} INFO - Filling up the DagBag from /opt/airflow/dags/permission_fixer_dag.py
[2025-04-30T01:44:59.719+0000] {logging_mixin.py:190} INFO - [2025-04-30T01:44:59.719+0000] {templater.py:94} ERROR - Failed to resolve template field 'bash_command'
Traceback (most recent call last):
  File "/home/airflow/.local/lib/python3.12/site-packages/airflow/template/templater.py", line 92, in resolve_template_files
    setattr(self, field, env.loader.get_source(env, content)[0])  # type: ignore
                         ^^^^^^^^^^^^^^^^^^^^^^^^^^^^^^^^^^^
  File "/home/airflow/.local/lib/python3.12/site-packages/jinja2/loaders.py", line 209, in get_source
    raise TemplateNotFound(
jinja2.exceptions.TemplateNotFound: 'bash /opt/airflow/scripts/permissions.sh' not found in search path: '/opt/airflow/dags'
[2025-04-30T01:44:59.720+0000] {processor.py:925} INFO - DAG(s) 'fix_permissions_dag' retrieved from /opt/airflow/dags/permission_fixer_dag.py
[2025-04-30T01:44:59.732+0000] {logging_mixin.py:190} INFO - [2025-04-30T01:44:59.731+0000] {dag.py:3239} INFO - Sync 1 DAGs
[2025-04-30T01:44:59.799+0000] {logging_mixin.py:190} INFO - [2025-04-30T01:44:59.799+0000] {dag.py:4180} INFO - Setting next_dagrun for fix_permissions_dag to 2025-04-30 00:00:00+00:00, run_after=2025-04-30 01:00:00+00:00
[2025-04-30T01:44:59.805+0000] {processor.py:208} INFO - Processing /opt/airflow/dags/permission_fixer_dag.py took 0.098 seconds
[2025-04-30T01:45:30.109+0000] {processor.py:186} INFO - Started process (PID=191) to work on /opt/airflow/dags/permission_fixer_dag.py
[2025-04-30T01:45:30.109+0000] {processor.py:914} INFO - Processing file /opt/airflow/dags/permission_fixer_dag.py for tasks to queue
[2025-04-30T01:45:30.111+0000] {logging_mixin.py:190} INFO - [2025-04-30T01:45:30.110+0000] {dagbag.py:588} INFO - Filling up the DagBag from /opt/airflow/dags/permission_fixer_dag.py
[2025-04-30T01:45:30.123+0000] {logging_mixin.py:190} INFO - [2025-04-30T01:45:30.122+0000] {templater.py:94} ERROR - Failed to resolve template field 'bash_command'
Traceback (most recent call last):
  File "/home/airflow/.local/lib/python3.12/site-packages/airflow/template/templater.py", line 92, in resolve_template_files
    setattr(self, field, env.loader.get_source(env, content)[0])  # type: ignore
                         ^^^^^^^^^^^^^^^^^^^^^^^^^^^^^^^^^^^
  File "/home/airflow/.local/lib/python3.12/site-packages/jinja2/loaders.py", line 209, in get_source
    raise TemplateNotFound(
jinja2.exceptions.TemplateNotFound: 'bash /opt/airflow/scripts/permissions.sh' not found in search path: '/opt/airflow/dags'
[2025-04-30T01:45:30.125+0000] {processor.py:925} INFO - DAG(s) 'fix_permissions_dag' retrieved from /opt/airflow/dags/permission_fixer_dag.py
[2025-04-30T01:45:30.140+0000] {logging_mixin.py:190} INFO - [2025-04-30T01:45:30.140+0000] {dag.py:3239} INFO - Sync 1 DAGs
[2025-04-30T01:45:30.151+0000] {logging_mixin.py:190} INFO - [2025-04-30T01:45:30.150+0000] {dag.py:4180} INFO - Setting next_dagrun for fix_permissions_dag to 2025-04-30 00:00:00+00:00, run_after=2025-04-30 01:00:00+00:00
[2025-04-30T01:45:30.157+0000] {processor.py:208} INFO - Processing /opt/airflow/dags/permission_fixer_dag.py took 0.057 seconds
[2025-04-30T01:46:00.536+0000] {processor.py:186} INFO - Started process (PID=193) to work on /opt/airflow/dags/permission_fixer_dag.py
[2025-04-30T01:46:00.537+0000] {processor.py:914} INFO - Processing file /opt/airflow/dags/permission_fixer_dag.py for tasks to queue
[2025-04-30T01:46:00.538+0000] {logging_mixin.py:190} INFO - [2025-04-30T01:46:00.538+0000] {dagbag.py:588} INFO - Filling up the DagBag from /opt/airflow/dags/permission_fixer_dag.py
[2025-04-30T01:46:00.550+0000] {logging_mixin.py:190} INFO - [2025-04-30T01:46:00.550+0000] {templater.py:94} ERROR - Failed to resolve template field 'bash_command'
Traceback (most recent call last):
  File "/home/airflow/.local/lib/python3.12/site-packages/airflow/template/templater.py", line 92, in resolve_template_files
    setattr(self, field, env.loader.get_source(env, content)[0])  # type: ignore
                         ^^^^^^^^^^^^^^^^^^^^^^^^^^^^^^^^^^^
  File "/home/airflow/.local/lib/python3.12/site-packages/jinja2/loaders.py", line 209, in get_source
    raise TemplateNotFound(
jinja2.exceptions.TemplateNotFound: 'bash /opt/airflow/scripts/permissions.sh' not found in search path: '/opt/airflow/dags'
[2025-04-30T01:46:00.552+0000] {processor.py:925} INFO - DAG(s) 'fix_permissions_dag' retrieved from /opt/airflow/dags/permission_fixer_dag.py
[2025-04-30T01:46:00.566+0000] {logging_mixin.py:190} INFO - [2025-04-30T01:46:00.566+0000] {dag.py:3239} INFO - Sync 1 DAGs
[2025-04-30T01:46:00.576+0000] {logging_mixin.py:190} INFO - [2025-04-30T01:46:00.576+0000] {dag.py:4180} INFO - Setting next_dagrun for fix_permissions_dag to 2025-04-30 00:00:00+00:00, run_after=2025-04-30 01:00:00+00:00
[2025-04-30T01:46:00.583+0000] {processor.py:208} INFO - Processing /opt/airflow/dags/permission_fixer_dag.py took 0.055 seconds
[2025-04-30T01:47:36.033+0000] {processor.py:186} INFO - Started process (PID=194) to work on /opt/airflow/dags/permission_fixer_dag.py
[2025-04-30T01:47:36.034+0000] {processor.py:914} INFO - Processing file /opt/airflow/dags/permission_fixer_dag.py for tasks to queue
[2025-04-30T01:47:36.035+0000] {logging_mixin.py:190} INFO - [2025-04-30T01:47:36.034+0000] {dagbag.py:588} INFO - Filling up the DagBag from /opt/airflow/dags/permission_fixer_dag.py
[2025-04-30T01:47:36.044+0000] {logging_mixin.py:190} INFO - [2025-04-30T01:47:36.043+0000] {templater.py:94} ERROR - Failed to resolve template field 'bash_command'
Traceback (most recent call last):
  File "/home/airflow/.local/lib/python3.12/site-packages/airflow/template/templater.py", line 92, in resolve_template_files
    setattr(self, field, env.loader.get_source(env, content)[0])  # type: ignore
                         ^^^^^^^^^^^^^^^^^^^^^^^^^^^^^^^^^^^
  File "/home/airflow/.local/lib/python3.12/site-packages/jinja2/loaders.py", line 209, in get_source
    raise TemplateNotFound(
jinja2.exceptions.TemplateNotFound: 'bash /opt/airflow/scripts/permissions.sh' not found in search path: '/opt/airflow/dags'
[2025-04-30T01:47:36.045+0000] {processor.py:925} INFO - DAG(s) 'fix_permissions_dag' retrieved from /opt/airflow/dags/permission_fixer_dag.py
[2025-04-30T01:47:36.059+0000] {logging_mixin.py:190} INFO - [2025-04-30T01:47:36.059+0000] {dag.py:3239} INFO - Sync 1 DAGs
[2025-04-30T01:47:36.071+0000] {logging_mixin.py:190} INFO - [2025-04-30T01:47:36.071+0000] {dag.py:4180} INFO - Setting next_dagrun for fix_permissions_dag to 2025-04-30 00:00:00+00:00, run_after=2025-04-30 01:00:00+00:00
[2025-04-30T01:47:36.079+0000] {processor.py:208} INFO - Processing /opt/airflow/dags/permission_fixer_dag.py took 0.051 seconds
[2025-04-30T01:48:06.426+0000] {processor.py:186} INFO - Started process (PID=196) to work on /opt/airflow/dags/permission_fixer_dag.py
[2025-04-30T01:48:06.428+0000] {processor.py:914} INFO - Processing file /opt/airflow/dags/permission_fixer_dag.py for tasks to queue
[2025-04-30T01:48:06.429+0000] {logging_mixin.py:190} INFO - [2025-04-30T01:48:06.429+0000] {dagbag.py:588} INFO - Filling up the DagBag from /opt/airflow/dags/permission_fixer_dag.py
[2025-04-30T01:48:06.441+0000] {logging_mixin.py:190} INFO - [2025-04-30T01:48:06.440+0000] {templater.py:94} ERROR - Failed to resolve template field 'bash_command'
Traceback (most recent call last):
  File "/home/airflow/.local/lib/python3.12/site-packages/airflow/template/templater.py", line 92, in resolve_template_files
    setattr(self, field, env.loader.get_source(env, content)[0])  # type: ignore
                         ^^^^^^^^^^^^^^^^^^^^^^^^^^^^^^^^^^^
  File "/home/airflow/.local/lib/python3.12/site-packages/jinja2/loaders.py", line 209, in get_source
    raise TemplateNotFound(
jinja2.exceptions.TemplateNotFound: 'bash /opt/airflow/scripts/permissions.sh' not found in search path: '/opt/airflow/dags'
[2025-04-30T01:48:06.443+0000] {processor.py:925} INFO - DAG(s) 'fix_permissions_dag' retrieved from /opt/airflow/dags/permission_fixer_dag.py
[2025-04-30T01:48:06.458+0000] {logging_mixin.py:190} INFO - [2025-04-30T01:48:06.458+0000] {dag.py:3239} INFO - Sync 1 DAGs
[2025-04-30T01:48:06.470+0000] {logging_mixin.py:190} INFO - [2025-04-30T01:48:06.470+0000] {dag.py:4180} INFO - Setting next_dagrun for fix_permissions_dag to 2025-04-30 00:00:00+00:00, run_after=2025-04-30 01:00:00+00:00
[2025-04-30T01:48:06.478+0000] {processor.py:208} INFO - Processing /opt/airflow/dags/permission_fixer_dag.py took 0.060 seconds
[2025-04-30T01:48:36.849+0000] {processor.py:186} INFO - Started process (PID=198) to work on /opt/airflow/dags/permission_fixer_dag.py
[2025-04-30T01:48:36.850+0000] {processor.py:914} INFO - Processing file /opt/airflow/dags/permission_fixer_dag.py for tasks to queue
[2025-04-30T01:48:36.851+0000] {logging_mixin.py:190} INFO - [2025-04-30T01:48:36.851+0000] {dagbag.py:588} INFO - Filling up the DagBag from /opt/airflow/dags/permission_fixer_dag.py
[2025-04-30T01:48:36.860+0000] {logging_mixin.py:190} INFO - [2025-04-30T01:48:36.859+0000] {templater.py:94} ERROR - Failed to resolve template field 'bash_command'
Traceback (most recent call last):
  File "/home/airflow/.local/lib/python3.12/site-packages/airflow/template/templater.py", line 92, in resolve_template_files
    setattr(self, field, env.loader.get_source(env, content)[0])  # type: ignore
                         ^^^^^^^^^^^^^^^^^^^^^^^^^^^^^^^^^^^
  File "/home/airflow/.local/lib/python3.12/site-packages/jinja2/loaders.py", line 209, in get_source
    raise TemplateNotFound(
jinja2.exceptions.TemplateNotFound: 'bash /opt/airflow/scripts/permissions.sh' not found in search path: '/opt/airflow/dags'
[2025-04-30T01:48:36.861+0000] {processor.py:925} INFO - DAG(s) 'fix_permissions_dag' retrieved from /opt/airflow/dags/permission_fixer_dag.py
[2025-04-30T01:48:36.875+0000] {logging_mixin.py:190} INFO - [2025-04-30T01:48:36.874+0000] {dag.py:3239} INFO - Sync 1 DAGs
[2025-04-30T01:48:36.886+0000] {logging_mixin.py:190} INFO - [2025-04-30T01:48:36.886+0000] {dag.py:4180} INFO - Setting next_dagrun for fix_permissions_dag to 2025-04-30 00:00:00+00:00, run_after=2025-04-30 01:00:00+00:00
[2025-04-30T01:48:36.957+0000] {processor.py:208} INFO - Processing /opt/airflow/dags/permission_fixer_dag.py took 0.114 seconds
[2025-04-30T01:49:07.263+0000] {processor.py:186} INFO - Started process (PID=200) to work on /opt/airflow/dags/permission_fixer_dag.py
[2025-04-30T01:49:07.265+0000] {processor.py:914} INFO - Processing file /opt/airflow/dags/permission_fixer_dag.py for tasks to queue
[2025-04-30T01:49:07.266+0000] {logging_mixin.py:190} INFO - [2025-04-30T01:49:07.265+0000] {dagbag.py:588} INFO - Filling up the DagBag from /opt/airflow/dags/permission_fixer_dag.py
[2025-04-30T01:49:07.277+0000] {logging_mixin.py:190} INFO - [2025-04-30T01:49:07.276+0000] {templater.py:94} ERROR - Failed to resolve template field 'bash_command'
Traceback (most recent call last):
  File "/home/airflow/.local/lib/python3.12/site-packages/airflow/template/templater.py", line 92, in resolve_template_files
    setattr(self, field, env.loader.get_source(env, content)[0])  # type: ignore
                         ^^^^^^^^^^^^^^^^^^^^^^^^^^^^^^^^^^^
  File "/home/airflow/.local/lib/python3.12/site-packages/jinja2/loaders.py", line 209, in get_source
    raise TemplateNotFound(
jinja2.exceptions.TemplateNotFound: 'bash /opt/airflow/scripts/permissions.sh' not found in search path: '/opt/airflow/dags'
[2025-04-30T01:49:07.279+0000] {processor.py:925} INFO - DAG(s) 'fix_permissions_dag' retrieved from /opt/airflow/dags/permission_fixer_dag.py
[2025-04-30T01:49:07.293+0000] {logging_mixin.py:190} INFO - [2025-04-30T01:49:07.293+0000] {dag.py:3239} INFO - Sync 1 DAGs
[2025-04-30T01:49:07.371+0000] {logging_mixin.py:190} INFO - [2025-04-30T01:49:07.371+0000] {dag.py:4180} INFO - Setting next_dagrun for fix_permissions_dag to 2025-04-30 00:00:00+00:00, run_after=2025-04-30 01:00:00+00:00
[2025-04-30T01:49:07.377+0000] {processor.py:208} INFO - Processing /opt/airflow/dags/permission_fixer_dag.py took 0.122 seconds
[2025-04-30T01:49:37.671+0000] {processor.py:186} INFO - Started process (PID=202) to work on /opt/airflow/dags/permission_fixer_dag.py
[2025-04-30T01:49:37.672+0000] {processor.py:914} INFO - Processing file /opt/airflow/dags/permission_fixer_dag.py for tasks to queue
[2025-04-30T01:49:37.673+0000] {logging_mixin.py:190} INFO - [2025-04-30T01:49:37.672+0000] {dagbag.py:588} INFO - Filling up the DagBag from /opt/airflow/dags/permission_fixer_dag.py
[2025-04-30T01:49:37.684+0000] {logging_mixin.py:190} INFO - [2025-04-30T01:49:37.683+0000] {templater.py:94} ERROR - Failed to resolve template field 'bash_command'
Traceback (most recent call last):
  File "/home/airflow/.local/lib/python3.12/site-packages/airflow/template/templater.py", line 92, in resolve_template_files
    setattr(self, field, env.loader.get_source(env, content)[0])  # type: ignore
                         ^^^^^^^^^^^^^^^^^^^^^^^^^^^^^^^^^^^
  File "/home/airflow/.local/lib/python3.12/site-packages/jinja2/loaders.py", line 209, in get_source
    raise TemplateNotFound(
jinja2.exceptions.TemplateNotFound: 'bash /opt/airflow/scripts/permissions.sh' not found in search path: '/opt/airflow/dags'
[2025-04-30T01:49:37.685+0000] {processor.py:925} INFO - DAG(s) 'fix_permissions_dag' retrieved from /opt/airflow/dags/permission_fixer_dag.py
[2025-04-30T01:49:37.700+0000] {logging_mixin.py:190} INFO - [2025-04-30T01:49:37.699+0000] {dag.py:3239} INFO - Sync 1 DAGs
[2025-04-30T01:49:37.712+0000] {logging_mixin.py:190} INFO - [2025-04-30T01:49:37.712+0000] {dag.py:4180} INFO - Setting next_dagrun for fix_permissions_dag to 2025-04-30 00:00:00+00:00, run_after=2025-04-30 01:00:00+00:00
[2025-04-30T01:49:37.720+0000] {processor.py:208} INFO - Processing /opt/airflow/dags/permission_fixer_dag.py took 0.057 seconds
[2025-04-30T01:50:08.076+0000] {processor.py:186} INFO - Started process (PID=204) to work on /opt/airflow/dags/permission_fixer_dag.py
[2025-04-30T01:50:08.077+0000] {processor.py:914} INFO - Processing file /opt/airflow/dags/permission_fixer_dag.py for tasks to queue
[2025-04-30T01:50:08.079+0000] {logging_mixin.py:190} INFO - [2025-04-30T01:50:08.078+0000] {dagbag.py:588} INFO - Filling up the DagBag from /opt/airflow/dags/permission_fixer_dag.py
[2025-04-30T01:50:08.089+0000] {logging_mixin.py:190} INFO - [2025-04-30T01:50:08.089+0000] {templater.py:94} ERROR - Failed to resolve template field 'bash_command'
Traceback (most recent call last):
  File "/home/airflow/.local/lib/python3.12/site-packages/airflow/template/templater.py", line 92, in resolve_template_files
    setattr(self, field, env.loader.get_source(env, content)[0])  # type: ignore
                         ^^^^^^^^^^^^^^^^^^^^^^^^^^^^^^^^^^^
  File "/home/airflow/.local/lib/python3.12/site-packages/jinja2/loaders.py", line 209, in get_source
    raise TemplateNotFound(
jinja2.exceptions.TemplateNotFound: 'bash /opt/airflow/scripts/permissions.sh' not found in search path: '/opt/airflow/dags'
[2025-04-30T01:50:08.091+0000] {processor.py:925} INFO - DAG(s) 'fix_permissions_dag' retrieved from /opt/airflow/dags/permission_fixer_dag.py
[2025-04-30T01:50:08.105+0000] {logging_mixin.py:190} INFO - [2025-04-30T01:50:08.105+0000] {dag.py:3239} INFO - Sync 1 DAGs
[2025-04-30T01:50:08.118+0000] {logging_mixin.py:190} INFO - [2025-04-30T01:50:08.118+0000] {dag.py:4180} INFO - Setting next_dagrun for fix_permissions_dag to 2025-04-30 00:00:00+00:00, run_after=2025-04-30 01:00:00+00:00
[2025-04-30T01:50:08.126+0000] {processor.py:208} INFO - Processing /opt/airflow/dags/permission_fixer_dag.py took 0.058 seconds
[2025-04-30T01:50:38.452+0000] {processor.py:186} INFO - Started process (PID=206) to work on /opt/airflow/dags/permission_fixer_dag.py
[2025-04-30T01:50:38.453+0000] {processor.py:914} INFO - Processing file /opt/airflow/dags/permission_fixer_dag.py for tasks to queue
[2025-04-30T01:50:38.455+0000] {logging_mixin.py:190} INFO - [2025-04-30T01:50:38.454+0000] {dagbag.py:588} INFO - Filling up the DagBag from /opt/airflow/dags/permission_fixer_dag.py
[2025-04-30T01:50:38.465+0000] {logging_mixin.py:190} INFO - [2025-04-30T01:50:38.465+0000] {templater.py:94} ERROR - Failed to resolve template field 'bash_command'
Traceback (most recent call last):
  File "/home/airflow/.local/lib/python3.12/site-packages/airflow/template/templater.py", line 92, in resolve_template_files
    setattr(self, field, env.loader.get_source(env, content)[0])  # type: ignore
                         ^^^^^^^^^^^^^^^^^^^^^^^^^^^^^^^^^^^
  File "/home/airflow/.local/lib/python3.12/site-packages/jinja2/loaders.py", line 209, in get_source
    raise TemplateNotFound(
jinja2.exceptions.TemplateNotFound: 'bash /opt/airflow/scripts/permissions.sh' not found in search path: '/opt/airflow/dags'
[2025-04-30T01:50:38.467+0000] {processor.py:925} INFO - DAG(s) 'fix_permissions_dag' retrieved from /opt/airflow/dags/permission_fixer_dag.py
[2025-04-30T01:50:38.482+0000] {logging_mixin.py:190} INFO - [2025-04-30T01:50:38.481+0000] {dag.py:3239} INFO - Sync 1 DAGs
[2025-04-30T01:50:38.494+0000] {logging_mixin.py:190} INFO - [2025-04-30T01:50:38.493+0000] {dag.py:4180} INFO - Setting next_dagrun for fix_permissions_dag to 2025-04-30 00:00:00+00:00, run_after=2025-04-30 01:00:00+00:00
[2025-04-30T01:50:38.501+0000] {processor.py:208} INFO - Processing /opt/airflow/dags/permission_fixer_dag.py took 0.058 seconds
[2025-04-30T01:51:08.858+0000] {processor.py:186} INFO - Started process (PID=208) to work on /opt/airflow/dags/permission_fixer_dag.py
[2025-04-30T01:51:08.860+0000] {processor.py:914} INFO - Processing file /opt/airflow/dags/permission_fixer_dag.py for tasks to queue
[2025-04-30T01:51:08.862+0000] {logging_mixin.py:190} INFO - [2025-04-30T01:51:08.861+0000] {dagbag.py:588} INFO - Filling up the DagBag from /opt/airflow/dags/permission_fixer_dag.py
[2025-04-30T01:51:08.873+0000] {logging_mixin.py:190} INFO - [2025-04-30T01:51:08.872+0000] {templater.py:94} ERROR - Failed to resolve template field 'bash_command'
Traceback (most recent call last):
  File "/home/airflow/.local/lib/python3.12/site-packages/airflow/template/templater.py", line 92, in resolve_template_files
    setattr(self, field, env.loader.get_source(env, content)[0])  # type: ignore
                         ^^^^^^^^^^^^^^^^^^^^^^^^^^^^^^^^^^^
  File "/home/airflow/.local/lib/python3.12/site-packages/jinja2/loaders.py", line 209, in get_source
    raise TemplateNotFound(
jinja2.exceptions.TemplateNotFound: 'bash /opt/airflow/scripts/permissions.sh' not found in search path: '/opt/airflow/dags'
[2025-04-30T01:51:08.874+0000] {processor.py:925} INFO - DAG(s) 'fix_permissions_dag' retrieved from /opt/airflow/dags/permission_fixer_dag.py
[2025-04-30T01:51:08.889+0000] {logging_mixin.py:190} INFO - [2025-04-30T01:51:08.889+0000] {dag.py:3239} INFO - Sync 1 DAGs
[2025-04-30T01:51:08.901+0000] {logging_mixin.py:190} INFO - [2025-04-30T01:51:08.901+0000] {dag.py:4180} INFO - Setting next_dagrun for fix_permissions_dag to 2025-04-30 00:00:00+00:00, run_after=2025-04-30 01:00:00+00:00
[2025-04-30T01:51:08.910+0000] {processor.py:208} INFO - Processing /opt/airflow/dags/permission_fixer_dag.py took 0.061 seconds
[2025-04-30T01:51:39.267+0000] {processor.py:186} INFO - Started process (PID=210) to work on /opt/airflow/dags/permission_fixer_dag.py
[2025-04-30T01:51:39.268+0000] {processor.py:914} INFO - Processing file /opt/airflow/dags/permission_fixer_dag.py for tasks to queue
[2025-04-30T01:51:39.269+0000] {logging_mixin.py:190} INFO - [2025-04-30T01:51:39.268+0000] {dagbag.py:588} INFO - Filling up the DagBag from /opt/airflow/dags/permission_fixer_dag.py
[2025-04-30T01:51:39.280+0000] {logging_mixin.py:190} INFO - [2025-04-30T01:51:39.279+0000] {templater.py:94} ERROR - Failed to resolve template field 'bash_command'
Traceback (most recent call last):
  File "/home/airflow/.local/lib/python3.12/site-packages/airflow/template/templater.py", line 92, in resolve_template_files
    setattr(self, field, env.loader.get_source(env, content)[0])  # type: ignore
                         ^^^^^^^^^^^^^^^^^^^^^^^^^^^^^^^^^^^
  File "/home/airflow/.local/lib/python3.12/site-packages/jinja2/loaders.py", line 209, in get_source
    raise TemplateNotFound(
jinja2.exceptions.TemplateNotFound: 'bash /opt/airflow/scripts/permissions.sh' not found in search path: '/opt/airflow/dags'
[2025-04-30T01:51:39.281+0000] {processor.py:925} INFO - DAG(s) 'fix_permissions_dag' retrieved from /opt/airflow/dags/permission_fixer_dag.py
[2025-04-30T01:51:39.295+0000] {logging_mixin.py:190} INFO - [2025-04-30T01:51:39.295+0000] {dag.py:3239} INFO - Sync 1 DAGs
[2025-04-30T01:51:39.308+0000] {logging_mixin.py:190} INFO - [2025-04-30T01:51:39.308+0000] {dag.py:4180} INFO - Setting next_dagrun for fix_permissions_dag to 2025-04-30 00:00:00+00:00, run_after=2025-04-30 01:00:00+00:00
[2025-04-30T01:51:39.381+0000] {processor.py:208} INFO - Processing /opt/airflow/dags/permission_fixer_dag.py took 0.122 seconds
[2025-04-30T01:52:09.668+0000] {processor.py:186} INFO - Started process (PID=212) to work on /opt/airflow/dags/permission_fixer_dag.py
[2025-04-30T01:52:09.670+0000] {processor.py:914} INFO - Processing file /opt/airflow/dags/permission_fixer_dag.py for tasks to queue
[2025-04-30T01:52:09.671+0000] {logging_mixin.py:190} INFO - [2025-04-30T01:52:09.671+0000] {dagbag.py:588} INFO - Filling up the DagBag from /opt/airflow/dags/permission_fixer_dag.py
[2025-04-30T01:52:09.685+0000] {logging_mixin.py:190} INFO - [2025-04-30T01:52:09.684+0000] {templater.py:94} ERROR - Failed to resolve template field 'bash_command'
Traceback (most recent call last):
  File "/home/airflow/.local/lib/python3.12/site-packages/airflow/template/templater.py", line 92, in resolve_template_files
    setattr(self, field, env.loader.get_source(env, content)[0])  # type: ignore
                         ^^^^^^^^^^^^^^^^^^^^^^^^^^^^^^^^^^^
  File "/home/airflow/.local/lib/python3.12/site-packages/jinja2/loaders.py", line 209, in get_source
    raise TemplateNotFound(
jinja2.exceptions.TemplateNotFound: 'bash /opt/airflow/scripts/permissions.sh' not found in search path: '/opt/airflow/dags'
[2025-04-30T01:52:09.687+0000] {processor.py:925} INFO - DAG(s) 'fix_permissions_dag' retrieved from /opt/airflow/dags/permission_fixer_dag.py
[2025-04-30T01:52:09.706+0000] {logging_mixin.py:190} INFO - [2025-04-30T01:52:09.706+0000] {dag.py:3239} INFO - Sync 1 DAGs
[2025-04-30T01:52:09.825+0000] {logging_mixin.py:190} INFO - [2025-04-30T01:52:09.825+0000] {dag.py:4180} INFO - Setting next_dagrun for fix_permissions_dag to 2025-04-30 00:00:00+00:00, run_after=2025-04-30 01:00:00+00:00
[2025-04-30T01:52:09.832+0000] {processor.py:208} INFO - Processing /opt/airflow/dags/permission_fixer_dag.py took 0.169 seconds
[2025-04-30T01:52:40.051+0000] {processor.py:186} INFO - Started process (PID=214) to work on /opt/airflow/dags/permission_fixer_dag.py
[2025-04-30T01:52:40.052+0000] {processor.py:914} INFO - Processing file /opt/airflow/dags/permission_fixer_dag.py for tasks to queue
[2025-04-30T01:52:40.053+0000] {logging_mixin.py:190} INFO - [2025-04-30T01:52:40.052+0000] {dagbag.py:588} INFO - Filling up the DagBag from /opt/airflow/dags/permission_fixer_dag.py
[2025-04-30T01:52:40.067+0000] {logging_mixin.py:190} INFO - [2025-04-30T01:52:40.066+0000] {templater.py:94} ERROR - Failed to resolve template field 'bash_command'
Traceback (most recent call last):
  File "/home/airflow/.local/lib/python3.12/site-packages/airflow/template/templater.py", line 92, in resolve_template_files
    setattr(self, field, env.loader.get_source(env, content)[0])  # type: ignore
                         ^^^^^^^^^^^^^^^^^^^^^^^^^^^^^^^^^^^
  File "/home/airflow/.local/lib/python3.12/site-packages/jinja2/loaders.py", line 209, in get_source
    raise TemplateNotFound(
jinja2.exceptions.TemplateNotFound: 'bash /opt/airflow/scripts/permissions.sh' not found in search path: '/opt/airflow/dags'
[2025-04-30T01:52:40.068+0000] {processor.py:925} INFO - DAG(s) 'fix_permissions_dag' retrieved from /opt/airflow/dags/permission_fixer_dag.py
[2025-04-30T01:52:40.088+0000] {logging_mixin.py:190} INFO - [2025-04-30T01:52:40.087+0000] {dag.py:3239} INFO - Sync 1 DAGs
[2025-04-30T01:52:40.101+0000] {logging_mixin.py:190} INFO - [2025-04-30T01:52:40.101+0000] {dag.py:4180} INFO - Setting next_dagrun for fix_permissions_dag to 2025-04-30 00:00:00+00:00, run_after=2025-04-30 01:00:00+00:00
[2025-04-30T01:52:40.110+0000] {processor.py:208} INFO - Processing /opt/airflow/dags/permission_fixer_dag.py took 0.066 seconds
[2025-04-30T01:53:10.447+0000] {processor.py:186} INFO - Started process (PID=216) to work on /opt/airflow/dags/permission_fixer_dag.py
[2025-04-30T01:53:10.449+0000] {processor.py:914} INFO - Processing file /opt/airflow/dags/permission_fixer_dag.py for tasks to queue
[2025-04-30T01:53:10.450+0000] {logging_mixin.py:190} INFO - [2025-04-30T01:53:10.449+0000] {dagbag.py:588} INFO - Filling up the DagBag from /opt/airflow/dags/permission_fixer_dag.py
[2025-04-30T01:53:10.462+0000] {logging_mixin.py:190} INFO - [2025-04-30T01:53:10.461+0000] {templater.py:94} ERROR - Failed to resolve template field 'bash_command'
Traceback (most recent call last):
  File "/home/airflow/.local/lib/python3.12/site-packages/airflow/template/templater.py", line 92, in resolve_template_files
    setattr(self, field, env.loader.get_source(env, content)[0])  # type: ignore
                         ^^^^^^^^^^^^^^^^^^^^^^^^^^^^^^^^^^^
  File "/home/airflow/.local/lib/python3.12/site-packages/jinja2/loaders.py", line 209, in get_source
    raise TemplateNotFound(
jinja2.exceptions.TemplateNotFound: 'bash /opt/airflow/scripts/permissions.sh' not found in search path: '/opt/airflow/dags'
[2025-04-30T01:53:10.463+0000] {processor.py:925} INFO - DAG(s) 'fix_permissions_dag' retrieved from /opt/airflow/dags/permission_fixer_dag.py
[2025-04-30T01:53:10.481+0000] {logging_mixin.py:190} INFO - [2025-04-30T01:53:10.481+0000] {dag.py:3239} INFO - Sync 1 DAGs
[2025-04-30T01:53:10.495+0000] {logging_mixin.py:190} INFO - [2025-04-30T01:53:10.495+0000] {dag.py:4180} INFO - Setting next_dagrun for fix_permissions_dag to 2025-04-30 00:00:00+00:00, run_after=2025-04-30 01:00:00+00:00
[2025-04-30T01:53:10.504+0000] {processor.py:208} INFO - Processing /opt/airflow/dags/permission_fixer_dag.py took 0.067 seconds
[2025-04-30T01:53:40.851+0000] {processor.py:186} INFO - Started process (PID=218) to work on /opt/airflow/dags/permission_fixer_dag.py
[2025-04-30T01:53:40.852+0000] {processor.py:914} INFO - Processing file /opt/airflow/dags/permission_fixer_dag.py for tasks to queue
[2025-04-30T01:53:40.855+0000] {logging_mixin.py:190} INFO - [2025-04-30T01:53:40.854+0000] {dagbag.py:588} INFO - Filling up the DagBag from /opt/airflow/dags/permission_fixer_dag.py
[2025-04-30T01:53:40.868+0000] {logging_mixin.py:190} INFO - [2025-04-30T01:53:40.867+0000] {templater.py:94} ERROR - Failed to resolve template field 'bash_command'
Traceback (most recent call last):
  File "/home/airflow/.local/lib/python3.12/site-packages/airflow/template/templater.py", line 92, in resolve_template_files
    setattr(self, field, env.loader.get_source(env, content)[0])  # type: ignore
                         ^^^^^^^^^^^^^^^^^^^^^^^^^^^^^^^^^^^
  File "/home/airflow/.local/lib/python3.12/site-packages/jinja2/loaders.py", line 209, in get_source
    raise TemplateNotFound(
jinja2.exceptions.TemplateNotFound: 'bash /opt/airflow/scripts/permissions.sh' not found in search path: '/opt/airflow/dags'
[2025-04-30T01:53:40.870+0000] {processor.py:925} INFO - DAG(s) 'fix_permissions_dag' retrieved from /opt/airflow/dags/permission_fixer_dag.py
[2025-04-30T01:53:40.886+0000] {logging_mixin.py:190} INFO - [2025-04-30T01:53:40.886+0000] {dag.py:3239} INFO - Sync 1 DAGs
[2025-04-30T01:53:40.898+0000] {logging_mixin.py:190} INFO - [2025-04-30T01:53:40.898+0000] {dag.py:4180} INFO - Setting next_dagrun for fix_permissions_dag to 2025-04-30 00:00:00+00:00, run_after=2025-04-30 01:00:00+00:00
[2025-04-30T01:53:40.907+0000] {processor.py:208} INFO - Processing /opt/airflow/dags/permission_fixer_dag.py took 0.064 seconds
[2025-04-30T01:54:11.215+0000] {processor.py:186} INFO - Started process (PID=220) to work on /opt/airflow/dags/permission_fixer_dag.py
[2025-04-30T01:54:11.217+0000] {processor.py:914} INFO - Processing file /opt/airflow/dags/permission_fixer_dag.py for tasks to queue
[2025-04-30T01:54:11.218+0000] {logging_mixin.py:190} INFO - [2025-04-30T01:54:11.217+0000] {dagbag.py:588} INFO - Filling up the DagBag from /opt/airflow/dags/permission_fixer_dag.py
[2025-04-30T01:54:11.228+0000] {logging_mixin.py:190} INFO - [2025-04-30T01:54:11.227+0000] {templater.py:94} ERROR - Failed to resolve template field 'bash_command'
Traceback (most recent call last):
  File "/home/airflow/.local/lib/python3.12/site-packages/airflow/template/templater.py", line 92, in resolve_template_files
    setattr(self, field, env.loader.get_source(env, content)[0])  # type: ignore
                         ^^^^^^^^^^^^^^^^^^^^^^^^^^^^^^^^^^^
  File "/home/airflow/.local/lib/python3.12/site-packages/jinja2/loaders.py", line 209, in get_source
    raise TemplateNotFound(
jinja2.exceptions.TemplateNotFound: 'bash /opt/airflow/scripts/permissions.sh' not found in search path: '/opt/airflow/dags'
[2025-04-30T01:54:11.229+0000] {processor.py:925} INFO - DAG(s) 'fix_permissions_dag' retrieved from /opt/airflow/dags/permission_fixer_dag.py
[2025-04-30T01:54:11.245+0000] {logging_mixin.py:190} INFO - [2025-04-30T01:54:11.245+0000] {dag.py:3239} INFO - Sync 1 DAGs
[2025-04-30T01:54:11.259+0000] {logging_mixin.py:190} INFO - [2025-04-30T01:54:11.259+0000] {dag.py:4180} INFO - Setting next_dagrun for fix_permissions_dag to 2025-04-30 00:00:00+00:00, run_after=2025-04-30 01:00:00+00:00
[2025-04-30T01:54:11.368+0000] {processor.py:208} INFO - Processing /opt/airflow/dags/permission_fixer_dag.py took 0.159 seconds
[2025-04-30T01:54:41.735+0000] {processor.py:186} INFO - Started process (PID=222) to work on /opt/airflow/dags/permission_fixer_dag.py
[2025-04-30T01:54:41.736+0000] {processor.py:914} INFO - Processing file /opt/airflow/dags/permission_fixer_dag.py for tasks to queue
[2025-04-30T01:54:41.737+0000] {logging_mixin.py:190} INFO - [2025-04-30T01:54:41.737+0000] {dagbag.py:588} INFO - Filling up the DagBag from /opt/airflow/dags/permission_fixer_dag.py
[2025-04-30T01:54:41.747+0000] {logging_mixin.py:190} INFO - [2025-04-30T01:54:41.747+0000] {templater.py:94} ERROR - Failed to resolve template field 'bash_command'
Traceback (most recent call last):
  File "/home/airflow/.local/lib/python3.12/site-packages/airflow/template/templater.py", line 92, in resolve_template_files
    setattr(self, field, env.loader.get_source(env, content)[0])  # type: ignore
                         ^^^^^^^^^^^^^^^^^^^^^^^^^^^^^^^^^^^
  File "/home/airflow/.local/lib/python3.12/site-packages/jinja2/loaders.py", line 209, in get_source
    raise TemplateNotFound(
jinja2.exceptions.TemplateNotFound: 'bash /opt/airflow/scripts/permissions.sh' not found in search path: '/opt/airflow/dags'
[2025-04-30T01:54:41.749+0000] {processor.py:925} INFO - DAG(s) 'fix_permissions_dag' retrieved from /opt/airflow/dags/permission_fixer_dag.py
[2025-04-30T01:54:41.763+0000] {logging_mixin.py:190} INFO - [2025-04-30T01:54:41.763+0000] {dag.py:3239} INFO - Sync 1 DAGs
[2025-04-30T01:54:41.843+0000] {logging_mixin.py:190} INFO - [2025-04-30T01:54:41.843+0000] {dag.py:4180} INFO - Setting next_dagrun for fix_permissions_dag to 2025-04-30 00:00:00+00:00, run_after=2025-04-30 01:00:00+00:00
[2025-04-30T01:54:41.849+0000] {processor.py:208} INFO - Processing /opt/airflow/dags/permission_fixer_dag.py took 0.122 seconds
[2025-04-30T01:55:12.252+0000] {processor.py:186} INFO - Started process (PID=224) to work on /opt/airflow/dags/permission_fixer_dag.py
[2025-04-30T01:55:12.254+0000] {processor.py:914} INFO - Processing file /opt/airflow/dags/permission_fixer_dag.py for tasks to queue
[2025-04-30T01:55:12.255+0000] {logging_mixin.py:190} INFO - [2025-04-30T01:55:12.255+0000] {dagbag.py:588} INFO - Filling up the DagBag from /opt/airflow/dags/permission_fixer_dag.py
[2025-04-30T01:55:12.265+0000] {logging_mixin.py:190} INFO - [2025-04-30T01:55:12.264+0000] {templater.py:94} ERROR - Failed to resolve template field 'bash_command'
Traceback (most recent call last):
  File "/home/airflow/.local/lib/python3.12/site-packages/airflow/template/templater.py", line 92, in resolve_template_files
    setattr(self, field, env.loader.get_source(env, content)[0])  # type: ignore
                         ^^^^^^^^^^^^^^^^^^^^^^^^^^^^^^^^^^^
  File "/home/airflow/.local/lib/python3.12/site-packages/jinja2/loaders.py", line 209, in get_source
    raise TemplateNotFound(
jinja2.exceptions.TemplateNotFound: 'bash /opt/airflow/scripts/permissions.sh' not found in search path: '/opt/airflow/dags'
[2025-04-30T01:55:12.266+0000] {processor.py:925} INFO - DAG(s) 'fix_permissions_dag' retrieved from /opt/airflow/dags/permission_fixer_dag.py
[2025-04-30T01:55:12.281+0000] {logging_mixin.py:190} INFO - [2025-04-30T01:55:12.281+0000] {dag.py:3239} INFO - Sync 1 DAGs
[2025-04-30T01:55:12.360+0000] {logging_mixin.py:190} INFO - [2025-04-30T01:55:12.360+0000] {dag.py:4180} INFO - Setting next_dagrun for fix_permissions_dag to 2025-04-30 00:00:00+00:00, run_after=2025-04-30 01:00:00+00:00
[2025-04-30T01:55:12.365+0000] {processor.py:208} INFO - Processing /opt/airflow/dags/permission_fixer_dag.py took 0.121 seconds
[2025-04-30T01:55:42.785+0000] {processor.py:186} INFO - Started process (PID=226) to work on /opt/airflow/dags/permission_fixer_dag.py
[2025-04-30T01:55:42.786+0000] {processor.py:914} INFO - Processing file /opt/airflow/dags/permission_fixer_dag.py for tasks to queue
[2025-04-30T01:55:42.787+0000] {logging_mixin.py:190} INFO - [2025-04-30T01:55:42.787+0000] {dagbag.py:588} INFO - Filling up the DagBag from /opt/airflow/dags/permission_fixer_dag.py
[2025-04-30T01:55:42.798+0000] {logging_mixin.py:190} INFO - [2025-04-30T01:55:42.797+0000] {templater.py:94} ERROR - Failed to resolve template field 'bash_command'
Traceback (most recent call last):
  File "/home/airflow/.local/lib/python3.12/site-packages/airflow/template/templater.py", line 92, in resolve_template_files
    setattr(self, field, env.loader.get_source(env, content)[0])  # type: ignore
                         ^^^^^^^^^^^^^^^^^^^^^^^^^^^^^^^^^^^
  File "/home/airflow/.local/lib/python3.12/site-packages/jinja2/loaders.py", line 209, in get_source
    raise TemplateNotFound(
jinja2.exceptions.TemplateNotFound: 'bash /opt/airflow/scripts/permissions.sh' not found in search path: '/opt/airflow/dags'
[2025-04-30T01:55:42.799+0000] {processor.py:925} INFO - DAG(s) 'fix_permissions_dag' retrieved from /opt/airflow/dags/permission_fixer_dag.py
[2025-04-30T01:55:42.815+0000] {logging_mixin.py:190} INFO - [2025-04-30T01:55:42.814+0000] {dag.py:3239} INFO - Sync 1 DAGs
[2025-04-30T01:55:42.827+0000] {logging_mixin.py:190} INFO - [2025-04-30T01:55:42.827+0000] {dag.py:4180} INFO - Setting next_dagrun for fix_permissions_dag to 2025-04-30 00:00:00+00:00, run_after=2025-04-30 01:00:00+00:00
[2025-04-30T01:55:42.835+0000] {processor.py:208} INFO - Processing /opt/airflow/dags/permission_fixer_dag.py took 0.058 seconds
[2025-04-30T03:08:11.216+0000] {processor.py:186} INFO - Started process (PID=228) to work on /opt/airflow/dags/permission_fixer_dag.py
[2025-04-30T03:08:11.217+0000] {processor.py:914} INFO - Processing file /opt/airflow/dags/permission_fixer_dag.py for tasks to queue
[2025-04-30T03:08:11.218+0000] {logging_mixin.py:190} INFO - [2025-04-30T03:08:11.218+0000] {dagbag.py:588} INFO - Filling up the DagBag from /opt/airflow/dags/permission_fixer_dag.py
[2025-04-30T03:08:11.226+0000] {logging_mixin.py:190} INFO - [2025-04-30T03:08:11.225+0000] {templater.py:94} ERROR - Failed to resolve template field 'bash_command'
Traceback (most recent call last):
  File "/home/airflow/.local/lib/python3.12/site-packages/airflow/template/templater.py", line 92, in resolve_template_files
    setattr(self, field, env.loader.get_source(env, content)[0])  # type: ignore
                         ^^^^^^^^^^^^^^^^^^^^^^^^^^^^^^^^^^^
  File "/home/airflow/.local/lib/python3.12/site-packages/jinja2/loaders.py", line 209, in get_source
    raise TemplateNotFound(
jinja2.exceptions.TemplateNotFound: 'bash /opt/airflow/scripts/permissions.sh' not found in search path: '/opt/airflow/dags'
[2025-04-30T03:08:11.228+0000] {processor.py:925} INFO - DAG(s) 'fix_permissions_dag' retrieved from /opt/airflow/dags/permission_fixer_dag.py
[2025-04-30T03:08:11.241+0000] {logging_mixin.py:190} INFO - [2025-04-30T03:08:11.241+0000] {dag.py:3239} INFO - Sync 1 DAGs
[2025-04-30T03:08:11.252+0000] {logging_mixin.py:190} INFO - [2025-04-30T03:08:11.252+0000] {dag.py:4180} INFO - Setting next_dagrun for fix_permissions_dag to 2025-04-30 02:00:00+00:00, run_after=2025-04-30 03:00:00+00:00
[2025-04-30T03:08:11.259+0000] {processor.py:208} INFO - Processing /opt/airflow/dags/permission_fixer_dag.py took 0.048 seconds
[2025-04-30T03:08:41.688+0000] {processor.py:186} INFO - Started process (PID=230) to work on /opt/airflow/dags/permission_fixer_dag.py
[2025-04-30T03:08:41.689+0000] {processor.py:914} INFO - Processing file /opt/airflow/dags/permission_fixer_dag.py for tasks to queue
[2025-04-30T03:08:41.690+0000] {logging_mixin.py:190} INFO - [2025-04-30T03:08:41.689+0000] {dagbag.py:588} INFO - Filling up the DagBag from /opt/airflow/dags/permission_fixer_dag.py
[2025-04-30T03:08:41.700+0000] {logging_mixin.py:190} INFO - [2025-04-30T03:08:41.700+0000] {templater.py:94} ERROR - Failed to resolve template field 'bash_command'
Traceback (most recent call last):
  File "/home/airflow/.local/lib/python3.12/site-packages/airflow/template/templater.py", line 92, in resolve_template_files
    setattr(self, field, env.loader.get_source(env, content)[0])  # type: ignore
                         ^^^^^^^^^^^^^^^^^^^^^^^^^^^^^^^^^^^
  File "/home/airflow/.local/lib/python3.12/site-packages/jinja2/loaders.py", line 209, in get_source
    raise TemplateNotFound(
jinja2.exceptions.TemplateNotFound: 'bash /opt/airflow/scripts/permissions.sh' not found in search path: '/opt/airflow/dags'
[2025-04-30T03:08:41.702+0000] {processor.py:925} INFO - DAG(s) 'fix_permissions_dag' retrieved from /opt/airflow/dags/permission_fixer_dag.py
[2025-04-30T03:08:41.717+0000] {logging_mixin.py:190} INFO - [2025-04-30T03:08:41.717+0000] {dag.py:3239} INFO - Sync 1 DAGs
[2025-04-30T03:08:41.730+0000] {logging_mixin.py:190} INFO - [2025-04-30T03:08:41.730+0000] {dag.py:4180} INFO - Setting next_dagrun for fix_permissions_dag to 2025-04-30 02:00:00+00:00, run_after=2025-04-30 03:00:00+00:00
[2025-04-30T03:08:41.738+0000] {processor.py:208} INFO - Processing /opt/airflow/dags/permission_fixer_dag.py took 0.058 seconds
[2025-04-30T03:09:12.072+0000] {processor.py:186} INFO - Started process (PID=232) to work on /opt/airflow/dags/permission_fixer_dag.py
[2025-04-30T03:09:12.073+0000] {processor.py:914} INFO - Processing file /opt/airflow/dags/permission_fixer_dag.py for tasks to queue
[2025-04-30T03:09:12.073+0000] {logging_mixin.py:190} INFO - [2025-04-30T03:09:12.073+0000] {dagbag.py:588} INFO - Filling up the DagBag from /opt/airflow/dags/permission_fixer_dag.py
[2025-04-30T03:09:12.082+0000] {logging_mixin.py:190} INFO - [2025-04-30T03:09:12.081+0000] {templater.py:94} ERROR - Failed to resolve template field 'bash_command'
Traceback (most recent call last):
  File "/home/airflow/.local/lib/python3.12/site-packages/airflow/template/templater.py", line 92, in resolve_template_files
    setattr(self, field, env.loader.get_source(env, content)[0])  # type: ignore
                         ^^^^^^^^^^^^^^^^^^^^^^^^^^^^^^^^^^^
  File "/home/airflow/.local/lib/python3.12/site-packages/jinja2/loaders.py", line 209, in get_source
    raise TemplateNotFound(
jinja2.exceptions.TemplateNotFound: 'bash /opt/airflow/scripts/permissions.sh' not found in search path: '/opt/airflow/dags'
[2025-04-30T03:09:12.083+0000] {processor.py:925} INFO - DAG(s) 'fix_permissions_dag' retrieved from /opt/airflow/dags/permission_fixer_dag.py
[2025-04-30T03:09:12.096+0000] {logging_mixin.py:190} INFO - [2025-04-30T03:09:12.096+0000] {dag.py:3239} INFO - Sync 1 DAGs
[2025-04-30T03:09:12.108+0000] {logging_mixin.py:190} INFO - [2025-04-30T03:09:12.108+0000] {dag.py:4180} INFO - Setting next_dagrun for fix_permissions_dag to 2025-04-30 02:00:00+00:00, run_after=2025-04-30 03:00:00+00:00
[2025-04-30T03:09:12.183+0000] {processor.py:208} INFO - Processing /opt/airflow/dags/permission_fixer_dag.py took 0.115 seconds
[2025-04-30T03:09:42.588+0000] {processor.py:186} INFO - Started process (PID=234) to work on /opt/airflow/dags/permission_fixer_dag.py
[2025-04-30T03:09:42.590+0000] {processor.py:914} INFO - Processing file /opt/airflow/dags/permission_fixer_dag.py for tasks to queue
[2025-04-30T03:09:42.591+0000] {logging_mixin.py:190} INFO - [2025-04-30T03:09:42.590+0000] {dagbag.py:588} INFO - Filling up the DagBag from /opt/airflow/dags/permission_fixer_dag.py
[2025-04-30T03:09:42.602+0000] {logging_mixin.py:190} INFO - [2025-04-30T03:09:42.601+0000] {templater.py:94} ERROR - Failed to resolve template field 'bash_command'
Traceback (most recent call last):
  File "/home/airflow/.local/lib/python3.12/site-packages/airflow/template/templater.py", line 92, in resolve_template_files
    setattr(self, field, env.loader.get_source(env, content)[0])  # type: ignore
                         ^^^^^^^^^^^^^^^^^^^^^^^^^^^^^^^^^^^
  File "/home/airflow/.local/lib/python3.12/site-packages/jinja2/loaders.py", line 209, in get_source
    raise TemplateNotFound(
jinja2.exceptions.TemplateNotFound: 'bash /opt/airflow/scripts/permissions.sh' not found in search path: '/opt/airflow/dags'
[2025-04-30T03:09:42.603+0000] {processor.py:925} INFO - DAG(s) 'fix_permissions_dag' retrieved from /opt/airflow/dags/permission_fixer_dag.py
[2025-04-30T03:09:42.618+0000] {logging_mixin.py:190} INFO - [2025-04-30T03:09:42.618+0000] {dag.py:3239} INFO - Sync 1 DAGs
[2025-04-30T03:09:42.697+0000] {logging_mixin.py:190} INFO - [2025-04-30T03:09:42.697+0000] {dag.py:4180} INFO - Setting next_dagrun for fix_permissions_dag to 2025-04-30 02:00:00+00:00, run_after=2025-04-30 03:00:00+00:00
[2025-04-30T03:09:42.703+0000] {processor.py:208} INFO - Processing /opt/airflow/dags/permission_fixer_dag.py took 0.123 seconds
[2025-04-30T03:10:13.018+0000] {processor.py:186} INFO - Started process (PID=236) to work on /opt/airflow/dags/permission_fixer_dag.py
[2025-04-30T03:10:13.020+0000] {processor.py:914} INFO - Processing file /opt/airflow/dags/permission_fixer_dag.py for tasks to queue
[2025-04-30T03:10:13.021+0000] {logging_mixin.py:190} INFO - [2025-04-30T03:10:13.021+0000] {dagbag.py:588} INFO - Filling up the DagBag from /opt/airflow/dags/permission_fixer_dag.py
[2025-04-30T03:10:13.031+0000] {logging_mixin.py:190} INFO - [2025-04-30T03:10:13.031+0000] {templater.py:94} ERROR - Failed to resolve template field 'bash_command'
Traceback (most recent call last):
  File "/home/airflow/.local/lib/python3.12/site-packages/airflow/template/templater.py", line 92, in resolve_template_files
    setattr(self, field, env.loader.get_source(env, content)[0])  # type: ignore
                         ^^^^^^^^^^^^^^^^^^^^^^^^^^^^^^^^^^^
  File "/home/airflow/.local/lib/python3.12/site-packages/jinja2/loaders.py", line 209, in get_source
    raise TemplateNotFound(
jinja2.exceptions.TemplateNotFound: 'bash /opt/airflow/scripts/permissions.sh' not found in search path: '/opt/airflow/dags'
[2025-04-30T03:10:13.033+0000] {processor.py:925} INFO - DAG(s) 'fix_permissions_dag' retrieved from /opt/airflow/dags/permission_fixer_dag.py
[2025-04-30T03:10:13.048+0000] {logging_mixin.py:190} INFO - [2025-04-30T03:10:13.047+0000] {dag.py:3239} INFO - Sync 1 DAGs
[2025-04-30T03:10:13.126+0000] {logging_mixin.py:190} INFO - [2025-04-30T03:10:13.126+0000] {dag.py:4180} INFO - Setting next_dagrun for fix_permissions_dag to 2025-04-30 02:00:00+00:00, run_after=2025-04-30 03:00:00+00:00
[2025-04-30T03:10:13.132+0000] {processor.py:208} INFO - Processing /opt/airflow/dags/permission_fixer_dag.py took 0.122 seconds
[2025-04-30T03:10:43.503+0000] {processor.py:186} INFO - Started process (PID=238) to work on /opt/airflow/dags/permission_fixer_dag.py
[2025-04-30T03:10:43.504+0000] {processor.py:914} INFO - Processing file /opt/airflow/dags/permission_fixer_dag.py for tasks to queue
[2025-04-30T03:10:43.506+0000] {logging_mixin.py:190} INFO - [2025-04-30T03:10:43.505+0000] {dagbag.py:588} INFO - Filling up the DagBag from /opt/airflow/dags/permission_fixer_dag.py
[2025-04-30T03:10:43.517+0000] {logging_mixin.py:190} INFO - [2025-04-30T03:10:43.517+0000] {templater.py:94} ERROR - Failed to resolve template field 'bash_command'
Traceback (most recent call last):
  File "/home/airflow/.local/lib/python3.12/site-packages/airflow/template/templater.py", line 92, in resolve_template_files
    setattr(self, field, env.loader.get_source(env, content)[0])  # type: ignore
                         ^^^^^^^^^^^^^^^^^^^^^^^^^^^^^^^^^^^
  File "/home/airflow/.local/lib/python3.12/site-packages/jinja2/loaders.py", line 209, in get_source
    raise TemplateNotFound(
jinja2.exceptions.TemplateNotFound: 'bash /opt/airflow/scripts/permissions.sh' not found in search path: '/opt/airflow/dags'
[2025-04-30T03:10:43.519+0000] {processor.py:925} INFO - DAG(s) 'fix_permissions_dag' retrieved from /opt/airflow/dags/permission_fixer_dag.py
[2025-04-30T03:10:43.533+0000] {logging_mixin.py:190} INFO - [2025-04-30T03:10:43.533+0000] {dag.py:3239} INFO - Sync 1 DAGs
[2025-04-30T03:10:43.546+0000] {logging_mixin.py:190} INFO - [2025-04-30T03:10:43.546+0000] {dag.py:4180} INFO - Setting next_dagrun for fix_permissions_dag to 2025-04-30 02:00:00+00:00, run_after=2025-04-30 03:00:00+00:00
[2025-04-30T03:10:43.555+0000] {processor.py:208} INFO - Processing /opt/airflow/dags/permission_fixer_dag.py took 0.061 seconds
[2025-04-30T03:11:14.050+0000] {processor.py:186} INFO - Started process (PID=240) to work on /opt/airflow/dags/permission_fixer_dag.py
[2025-04-30T03:11:14.051+0000] {processor.py:914} INFO - Processing file /opt/airflow/dags/permission_fixer_dag.py for tasks to queue
[2025-04-30T03:11:14.053+0000] {logging_mixin.py:190} INFO - [2025-04-30T03:11:14.053+0000] {dagbag.py:588} INFO - Filling up the DagBag from /opt/airflow/dags/permission_fixer_dag.py
[2025-04-30T03:11:14.064+0000] {logging_mixin.py:190} INFO - [2025-04-30T03:11:14.063+0000] {templater.py:94} ERROR - Failed to resolve template field 'bash_command'
Traceback (most recent call last):
  File "/home/airflow/.local/lib/python3.12/site-packages/airflow/template/templater.py", line 92, in resolve_template_files
    setattr(self, field, env.loader.get_source(env, content)[0])  # type: ignore
                         ^^^^^^^^^^^^^^^^^^^^^^^^^^^^^^^^^^^
  File "/home/airflow/.local/lib/python3.12/site-packages/jinja2/loaders.py", line 209, in get_source
    raise TemplateNotFound(
jinja2.exceptions.TemplateNotFound: 'bash /opt/airflow/scripts/permissions.sh' not found in search path: '/opt/airflow/dags'
[2025-04-30T03:11:14.066+0000] {processor.py:925} INFO - DAG(s) 'fix_permissions_dag' retrieved from /opt/airflow/dags/permission_fixer_dag.py
[2025-04-30T03:11:14.080+0000] {logging_mixin.py:190} INFO - [2025-04-30T03:11:14.080+0000] {dag.py:3239} INFO - Sync 1 DAGs
[2025-04-30T03:11:14.093+0000] {logging_mixin.py:190} INFO - [2025-04-30T03:11:14.092+0000] {dag.py:4180} INFO - Setting next_dagrun for fix_permissions_dag to 2025-04-30 02:00:00+00:00, run_after=2025-04-30 03:00:00+00:00
[2025-04-30T03:11:14.100+0000] {processor.py:208} INFO - Processing /opt/airflow/dags/permission_fixer_dag.py took 0.059 seconds
[2025-04-30T05:00:17.190+0000] {processor.py:186} INFO - Started process (PID=242) to work on /opt/airflow/dags/permission_fixer_dag.py
[2025-04-30T05:00:17.191+0000] {processor.py:914} INFO - Processing file /opt/airflow/dags/permission_fixer_dag.py for tasks to queue
[2025-04-30T05:00:17.191+0000] {logging_mixin.py:190} INFO - [2025-04-30T05:00:17.191+0000] {dagbag.py:588} INFO - Filling up the DagBag from /opt/airflow/dags/permission_fixer_dag.py
[2025-04-30T05:00:17.200+0000] {logging_mixin.py:190} INFO - [2025-04-30T05:00:17.199+0000] {templater.py:94} ERROR - Failed to resolve template field 'bash_command'
Traceback (most recent call last):
  File "/home/airflow/.local/lib/python3.12/site-packages/airflow/template/templater.py", line 92, in resolve_template_files
    setattr(self, field, env.loader.get_source(env, content)[0])  # type: ignore
                         ^^^^^^^^^^^^^^^^^^^^^^^^^^^^^^^^^^^
  File "/home/airflow/.local/lib/python3.12/site-packages/jinja2/loaders.py", line 209, in get_source
    raise TemplateNotFound(
jinja2.exceptions.TemplateNotFound: 'bash /opt/airflow/scripts/permissions.sh' not found in search path: '/opt/airflow/dags'
[2025-04-30T05:00:17.201+0000] {processor.py:925} INFO - DAG(s) 'fix_permissions_dag' retrieved from /opt/airflow/dags/permission_fixer_dag.py
[2025-04-30T05:00:17.213+0000] {logging_mixin.py:190} INFO - [2025-04-30T05:00:17.213+0000] {dag.py:3239} INFO - Sync 1 DAGs
[2025-04-30T05:00:17.224+0000] {logging_mixin.py:190} INFO - [2025-04-30T05:00:17.224+0000] {dag.py:4180} INFO - Setting next_dagrun for fix_permissions_dag to 2025-04-30 04:00:00+00:00, run_after=2025-04-30 05:00:00+00:00
[2025-04-30T05:00:17.232+0000] {processor.py:208} INFO - Processing /opt/airflow/dags/permission_fixer_dag.py took 0.046 seconds
[2025-04-30T05:00:47.593+0000] {processor.py:186} INFO - Started process (PID=244) to work on /opt/airflow/dags/permission_fixer_dag.py
[2025-04-30T05:00:47.594+0000] {processor.py:914} INFO - Processing file /opt/airflow/dags/permission_fixer_dag.py for tasks to queue
[2025-04-30T05:00:47.595+0000] {logging_mixin.py:190} INFO - [2025-04-30T05:00:47.595+0000] {dagbag.py:588} INFO - Filling up the DagBag from /opt/airflow/dags/permission_fixer_dag.py
[2025-04-30T05:00:47.606+0000] {logging_mixin.py:190} INFO - [2025-04-30T05:00:47.605+0000] {templater.py:94} ERROR - Failed to resolve template field 'bash_command'
Traceback (most recent call last):
  File "/home/airflow/.local/lib/python3.12/site-packages/airflow/template/templater.py", line 92, in resolve_template_files
    setattr(self, field, env.loader.get_source(env, content)[0])  # type: ignore
                         ^^^^^^^^^^^^^^^^^^^^^^^^^^^^^^^^^^^
  File "/home/airflow/.local/lib/python3.12/site-packages/jinja2/loaders.py", line 209, in get_source
    raise TemplateNotFound(
jinja2.exceptions.TemplateNotFound: 'bash /opt/airflow/scripts/permissions.sh' not found in search path: '/opt/airflow/dags'
[2025-04-30T05:00:47.607+0000] {processor.py:925} INFO - DAG(s) 'fix_permissions_dag' retrieved from /opt/airflow/dags/permission_fixer_dag.py
[2025-04-30T05:00:47.621+0000] {logging_mixin.py:190} INFO - [2025-04-30T05:00:47.621+0000] {dag.py:3239} INFO - Sync 1 DAGs
[2025-04-30T05:00:47.632+0000] {logging_mixin.py:190} INFO - [2025-04-30T05:00:47.632+0000] {dag.py:4180} INFO - Setting next_dagrun for fix_permissions_dag to 2025-04-30 04:00:00+00:00, run_after=2025-04-30 05:00:00+00:00
[2025-04-30T05:00:47.712+0000] {processor.py:208} INFO - Processing /opt/airflow/dags/permission_fixer_dag.py took 0.125 seconds
[2025-04-30T05:01:18.015+0000] {processor.py:186} INFO - Started process (PID=246) to work on /opt/airflow/dags/permission_fixer_dag.py
[2025-04-30T05:01:18.016+0000] {processor.py:914} INFO - Processing file /opt/airflow/dags/permission_fixer_dag.py for tasks to queue
[2025-04-30T05:01:18.018+0000] {logging_mixin.py:190} INFO - [2025-04-30T05:01:18.018+0000] {dagbag.py:588} INFO - Filling up the DagBag from /opt/airflow/dags/permission_fixer_dag.py
[2025-04-30T05:01:18.030+0000] {logging_mixin.py:190} INFO - [2025-04-30T05:01:18.029+0000] {templater.py:94} ERROR - Failed to resolve template field 'bash_command'
Traceback (most recent call last):
  File "/home/airflow/.local/lib/python3.12/site-packages/airflow/template/templater.py", line 92, in resolve_template_files
    setattr(self, field, env.loader.get_source(env, content)[0])  # type: ignore
                         ^^^^^^^^^^^^^^^^^^^^^^^^^^^^^^^^^^^
  File "/home/airflow/.local/lib/python3.12/site-packages/jinja2/loaders.py", line 209, in get_source
    raise TemplateNotFound(
jinja2.exceptions.TemplateNotFound: 'bash /opt/airflow/scripts/permissions.sh' not found in search path: '/opt/airflow/dags'
[2025-04-30T05:01:18.032+0000] {processor.py:925} INFO - DAG(s) 'fix_permissions_dag' retrieved from /opt/airflow/dags/permission_fixer_dag.py
[2025-04-30T05:01:18.046+0000] {logging_mixin.py:190} INFO - [2025-04-30T05:01:18.046+0000] {dag.py:3239} INFO - Sync 1 DAGs
[2025-04-30T05:01:18.127+0000] {logging_mixin.py:190} INFO - [2025-04-30T05:01:18.126+0000] {dag.py:4180} INFO - Setting next_dagrun for fix_permissions_dag to 2025-04-30 04:00:00+00:00, run_after=2025-04-30 05:00:00+00:00
[2025-04-30T05:01:18.132+0000] {processor.py:208} INFO - Processing /opt/airflow/dags/permission_fixer_dag.py took 0.126 seconds
[2025-04-30T05:01:48.458+0000] {processor.py:186} INFO - Started process (PID=248) to work on /opt/airflow/dags/permission_fixer_dag.py
[2025-04-30T05:01:48.460+0000] {processor.py:914} INFO - Processing file /opt/airflow/dags/permission_fixer_dag.py for tasks to queue
[2025-04-30T05:01:48.462+0000] {logging_mixin.py:190} INFO - [2025-04-30T05:01:48.462+0000] {dagbag.py:588} INFO - Filling up the DagBag from /opt/airflow/dags/permission_fixer_dag.py
[2025-04-30T05:01:48.475+0000] {logging_mixin.py:190} INFO - [2025-04-30T05:01:48.474+0000] {templater.py:94} ERROR - Failed to resolve template field 'bash_command'
Traceback (most recent call last):
  File "/home/airflow/.local/lib/python3.12/site-packages/airflow/template/templater.py", line 92, in resolve_template_files
    setattr(self, field, env.loader.get_source(env, content)[0])  # type: ignore
                         ^^^^^^^^^^^^^^^^^^^^^^^^^^^^^^^^^^^
  File "/home/airflow/.local/lib/python3.12/site-packages/jinja2/loaders.py", line 209, in get_source
    raise TemplateNotFound(
jinja2.exceptions.TemplateNotFound: 'bash /opt/airflow/scripts/permissions.sh' not found in search path: '/opt/airflow/dags'
[2025-04-30T05:01:48.477+0000] {processor.py:925} INFO - DAG(s) 'fix_permissions_dag' retrieved from /opt/airflow/dags/permission_fixer_dag.py
[2025-04-30T05:01:48.493+0000] {logging_mixin.py:190} INFO - [2025-04-30T05:01:48.493+0000] {dag.py:3239} INFO - Sync 1 DAGs
[2025-04-30T05:01:48.572+0000] {logging_mixin.py:190} INFO - [2025-04-30T05:01:48.572+0000] {dag.py:4180} INFO - Setting next_dagrun for fix_permissions_dag to 2025-04-30 04:00:00+00:00, run_after=2025-04-30 05:00:00+00:00
[2025-04-30T05:01:48.579+0000] {processor.py:208} INFO - Processing /opt/airflow/dags/permission_fixer_dag.py took 0.127 seconds
[2025-04-30T05:02:18.903+0000] {processor.py:186} INFO - Started process (PID=250) to work on /opt/airflow/dags/permission_fixer_dag.py
[2025-04-30T05:02:18.904+0000] {processor.py:914} INFO - Processing file /opt/airflow/dags/permission_fixer_dag.py for tasks to queue
[2025-04-30T05:02:18.905+0000] {logging_mixin.py:190} INFO - [2025-04-30T05:02:18.905+0000] {dagbag.py:588} INFO - Filling up the DagBag from /opt/airflow/dags/permission_fixer_dag.py
[2025-04-30T05:02:18.917+0000] {logging_mixin.py:190} INFO - [2025-04-30T05:02:18.917+0000] {templater.py:94} ERROR - Failed to resolve template field 'bash_command'
Traceback (most recent call last):
  File "/home/airflow/.local/lib/python3.12/site-packages/airflow/template/templater.py", line 92, in resolve_template_files
    setattr(self, field, env.loader.get_source(env, content)[0])  # type: ignore
                         ^^^^^^^^^^^^^^^^^^^^^^^^^^^^^^^^^^^
  File "/home/airflow/.local/lib/python3.12/site-packages/jinja2/loaders.py", line 209, in get_source
    raise TemplateNotFound(
jinja2.exceptions.TemplateNotFound: 'bash /opt/airflow/scripts/permissions.sh' not found in search path: '/opt/airflow/dags'
[2025-04-30T05:02:18.919+0000] {processor.py:925} INFO - DAG(s) 'fix_permissions_dag' retrieved from /opt/airflow/dags/permission_fixer_dag.py
[2025-04-30T05:02:18.933+0000] {logging_mixin.py:190} INFO - [2025-04-30T05:02:18.933+0000] {dag.py:3239} INFO - Sync 1 DAGs
[2025-04-30T05:02:18.945+0000] {logging_mixin.py:190} INFO - [2025-04-30T05:02:18.945+0000] {dag.py:4180} INFO - Setting next_dagrun for fix_permissions_dag to 2025-04-30 04:00:00+00:00, run_after=2025-04-30 05:00:00+00:00
[2025-04-30T05:02:18.953+0000] {processor.py:208} INFO - Processing /opt/airflow/dags/permission_fixer_dag.py took 0.058 seconds
[2025-04-30T05:02:49.413+0000] {processor.py:186} INFO - Started process (PID=252) to work on /opt/airflow/dags/permission_fixer_dag.py
[2025-04-30T05:02:49.415+0000] {processor.py:914} INFO - Processing file /opt/airflow/dags/permission_fixer_dag.py for tasks to queue
[2025-04-30T05:02:49.416+0000] {logging_mixin.py:190} INFO - [2025-04-30T05:02:49.415+0000] {dagbag.py:588} INFO - Filling up the DagBag from /opt/airflow/dags/permission_fixer_dag.py
[2025-04-30T05:02:49.427+0000] {logging_mixin.py:190} INFO - [2025-04-30T05:02:49.426+0000] {templater.py:94} ERROR - Failed to resolve template field 'bash_command'
Traceback (most recent call last):
  File "/home/airflow/.local/lib/python3.12/site-packages/airflow/template/templater.py", line 92, in resolve_template_files
    setattr(self, field, env.loader.get_source(env, content)[0])  # type: ignore
                         ^^^^^^^^^^^^^^^^^^^^^^^^^^^^^^^^^^^
  File "/home/airflow/.local/lib/python3.12/site-packages/jinja2/loaders.py", line 209, in get_source
    raise TemplateNotFound(
jinja2.exceptions.TemplateNotFound: 'bash /opt/airflow/scripts/permissions.sh' not found in search path: '/opt/airflow/dags'
[2025-04-30T05:02:49.429+0000] {processor.py:925} INFO - DAG(s) 'fix_permissions_dag' retrieved from /opt/airflow/dags/permission_fixer_dag.py
[2025-04-30T05:02:49.444+0000] {logging_mixin.py:190} INFO - [2025-04-30T05:02:49.444+0000] {dag.py:3239} INFO - Sync 1 DAGs
[2025-04-30T05:02:49.457+0000] {logging_mixin.py:190} INFO - [2025-04-30T05:02:49.457+0000] {dag.py:4180} INFO - Setting next_dagrun for fix_permissions_dag to 2025-04-30 04:00:00+00:00, run_after=2025-04-30 05:00:00+00:00
[2025-04-30T05:02:49.464+0000] {processor.py:208} INFO - Processing /opt/airflow/dags/permission_fixer_dag.py took 0.060 seconds
[2025-04-30T05:03:19.855+0000] {processor.py:186} INFO - Started process (PID=254) to work on /opt/airflow/dags/permission_fixer_dag.py
[2025-04-30T05:03:19.856+0000] {processor.py:914} INFO - Processing file /opt/airflow/dags/permission_fixer_dag.py for tasks to queue
[2025-04-30T05:03:19.857+0000] {logging_mixin.py:190} INFO - [2025-04-30T05:03:19.857+0000] {dagbag.py:588} INFO - Filling up the DagBag from /opt/airflow/dags/permission_fixer_dag.py
[2025-04-30T05:03:19.868+0000] {logging_mixin.py:190} INFO - [2025-04-30T05:03:19.867+0000] {templater.py:94} ERROR - Failed to resolve template field 'bash_command'
Traceback (most recent call last):
  File "/home/airflow/.local/lib/python3.12/site-packages/airflow/template/templater.py", line 92, in resolve_template_files
    setattr(self, field, env.loader.get_source(env, content)[0])  # type: ignore
                         ^^^^^^^^^^^^^^^^^^^^^^^^^^^^^^^^^^^
  File "/home/airflow/.local/lib/python3.12/site-packages/jinja2/loaders.py", line 209, in get_source
    raise TemplateNotFound(
jinja2.exceptions.TemplateNotFound: 'bash /opt/airflow/scripts/permissions.sh' not found in search path: '/opt/airflow/dags'
[2025-04-30T05:03:19.869+0000] {processor.py:925} INFO - DAG(s) 'fix_permissions_dag' retrieved from /opt/airflow/dags/permission_fixer_dag.py
[2025-04-30T05:03:19.884+0000] {logging_mixin.py:190} INFO - [2025-04-30T05:03:19.884+0000] {dag.py:3239} INFO - Sync 1 DAGs
[2025-04-30T05:03:19.897+0000] {logging_mixin.py:190} INFO - [2025-04-30T05:03:19.897+0000] {dag.py:4180} INFO - Setting next_dagrun for fix_permissions_dag to 2025-04-30 04:00:00+00:00, run_after=2025-04-30 05:00:00+00:00
[2025-04-30T05:03:19.905+0000] {processor.py:208} INFO - Processing /opt/airflow/dags/permission_fixer_dag.py took 0.058 seconds
[2025-04-30T05:03:50.295+0000] {processor.py:186} INFO - Started process (PID=256) to work on /opt/airflow/dags/permission_fixer_dag.py
[2025-04-30T05:03:50.297+0000] {processor.py:914} INFO - Processing file /opt/airflow/dags/permission_fixer_dag.py for tasks to queue
[2025-04-30T05:03:50.299+0000] {logging_mixin.py:190} INFO - [2025-04-30T05:03:50.298+0000] {dagbag.py:588} INFO - Filling up the DagBag from /opt/airflow/dags/permission_fixer_dag.py
[2025-04-30T05:03:50.310+0000] {logging_mixin.py:190} INFO - [2025-04-30T05:03:50.309+0000] {templater.py:94} ERROR - Failed to resolve template field 'bash_command'
Traceback (most recent call last):
  File "/home/airflow/.local/lib/python3.12/site-packages/airflow/template/templater.py", line 92, in resolve_template_files
    setattr(self, field, env.loader.get_source(env, content)[0])  # type: ignore
                         ^^^^^^^^^^^^^^^^^^^^^^^^^^^^^^^^^^^
  File "/home/airflow/.local/lib/python3.12/site-packages/jinja2/loaders.py", line 209, in get_source
    raise TemplateNotFound(
jinja2.exceptions.TemplateNotFound: 'bash /opt/airflow/scripts/permissions.sh' not found in search path: '/opt/airflow/dags'
[2025-04-30T05:03:50.311+0000] {processor.py:925} INFO - DAG(s) 'fix_permissions_dag' retrieved from /opt/airflow/dags/permission_fixer_dag.py
[2025-04-30T05:03:50.326+0000] {logging_mixin.py:190} INFO - [2025-04-30T05:03:50.326+0000] {dag.py:3239} INFO - Sync 1 DAGs
[2025-04-30T05:03:50.338+0000] {logging_mixin.py:190} INFO - [2025-04-30T05:03:50.338+0000] {dag.py:4180} INFO - Setting next_dagrun for fix_permissions_dag to 2025-04-30 04:00:00+00:00, run_after=2025-04-30 05:00:00+00:00
[2025-04-30T05:03:50.411+0000] {processor.py:208} INFO - Processing /opt/airflow/dags/permission_fixer_dag.py took 0.125 seconds
[2025-04-30T05:04:20.795+0000] {processor.py:186} INFO - Started process (PID=258) to work on /opt/airflow/dags/permission_fixer_dag.py
[2025-04-30T05:04:20.796+0000] {processor.py:914} INFO - Processing file /opt/airflow/dags/permission_fixer_dag.py for tasks to queue
[2025-04-30T05:04:20.797+0000] {logging_mixin.py:190} INFO - [2025-04-30T05:04:20.797+0000] {dagbag.py:588} INFO - Filling up the DagBag from /opt/airflow/dags/permission_fixer_dag.py
[2025-04-30T05:04:20.808+0000] {logging_mixin.py:190} INFO - [2025-04-30T05:04:20.808+0000] {templater.py:94} ERROR - Failed to resolve template field 'bash_command'
Traceback (most recent call last):
  File "/home/airflow/.local/lib/python3.12/site-packages/airflow/template/templater.py", line 92, in resolve_template_files
    setattr(self, field, env.loader.get_source(env, content)[0])  # type: ignore
                         ^^^^^^^^^^^^^^^^^^^^^^^^^^^^^^^^^^^
  File "/home/airflow/.local/lib/python3.12/site-packages/jinja2/loaders.py", line 209, in get_source
    raise TemplateNotFound(
jinja2.exceptions.TemplateNotFound: 'bash /opt/airflow/scripts/permissions.sh' not found in search path: '/opt/airflow/dags'
[2025-04-30T05:04:20.810+0000] {processor.py:925} INFO - DAG(s) 'fix_permissions_dag' retrieved from /opt/airflow/dags/permission_fixer_dag.py
[2025-04-30T05:04:20.825+0000] {logging_mixin.py:190} INFO - [2025-04-30T05:04:20.824+0000] {dag.py:3239} INFO - Sync 1 DAGs
[2025-04-30T05:04:20.903+0000] {logging_mixin.py:190} INFO - [2025-04-30T05:04:20.903+0000] {dag.py:4180} INFO - Setting next_dagrun for fix_permissions_dag to 2025-04-30 04:00:00+00:00, run_after=2025-04-30 05:00:00+00:00
[2025-04-30T05:04:20.908+0000] {processor.py:208} INFO - Processing /opt/airflow/dags/permission_fixer_dag.py took 0.121 seconds
[2025-04-30T05:04:51.238+0000] {processor.py:186} INFO - Started process (PID=260) to work on /opt/airflow/dags/permission_fixer_dag.py
[2025-04-30T05:04:51.239+0000] {processor.py:914} INFO - Processing file /opt/airflow/dags/permission_fixer_dag.py for tasks to queue
[2025-04-30T05:04:51.240+0000] {logging_mixin.py:190} INFO - [2025-04-30T05:04:51.240+0000] {dagbag.py:588} INFO - Filling up the DagBag from /opt/airflow/dags/permission_fixer_dag.py
[2025-04-30T05:04:51.250+0000] {logging_mixin.py:190} INFO - [2025-04-30T05:04:51.249+0000] {templater.py:94} ERROR - Failed to resolve template field 'bash_command'
Traceback (most recent call last):
  File "/home/airflow/.local/lib/python3.12/site-packages/airflow/template/templater.py", line 92, in resolve_template_files
    setattr(self, field, env.loader.get_source(env, content)[0])  # type: ignore
                         ^^^^^^^^^^^^^^^^^^^^^^^^^^^^^^^^^^^
  File "/home/airflow/.local/lib/python3.12/site-packages/jinja2/loaders.py", line 209, in get_source
    raise TemplateNotFound(
jinja2.exceptions.TemplateNotFound: 'bash /opt/airflow/scripts/permissions.sh' not found in search path: '/opt/airflow/dags'
[2025-04-30T05:04:51.251+0000] {processor.py:925} INFO - DAG(s) 'fix_permissions_dag' retrieved from /opt/airflow/dags/permission_fixer_dag.py
[2025-04-30T05:04:51.266+0000] {logging_mixin.py:190} INFO - [2025-04-30T05:04:51.266+0000] {dag.py:3239} INFO - Sync 1 DAGs
[2025-04-30T05:04:51.277+0000] {logging_mixin.py:190} INFO - [2025-04-30T05:04:51.277+0000] {dag.py:4180} INFO - Setting next_dagrun for fix_permissions_dag to 2025-04-30 04:00:00+00:00, run_after=2025-04-30 05:00:00+00:00
[2025-04-30T05:04:51.285+0000] {processor.py:208} INFO - Processing /opt/airflow/dags/permission_fixer_dag.py took 0.053 seconds
[2025-04-30T05:05:21.717+0000] {processor.py:186} INFO - Started process (PID=262) to work on /opt/airflow/dags/permission_fixer_dag.py
[2025-04-30T05:05:21.718+0000] {processor.py:914} INFO - Processing file /opt/airflow/dags/permission_fixer_dag.py for tasks to queue
[2025-04-30T05:05:21.720+0000] {logging_mixin.py:190} INFO - [2025-04-30T05:05:21.719+0000] {dagbag.py:588} INFO - Filling up the DagBag from /opt/airflow/dags/permission_fixer_dag.py
[2025-04-30T05:05:21.731+0000] {logging_mixin.py:190} INFO - [2025-04-30T05:05:21.731+0000] {templater.py:94} ERROR - Failed to resolve template field 'bash_command'
Traceback (most recent call last):
  File "/home/airflow/.local/lib/python3.12/site-packages/airflow/template/templater.py", line 92, in resolve_template_files
    setattr(self, field, env.loader.get_source(env, content)[0])  # type: ignore
                         ^^^^^^^^^^^^^^^^^^^^^^^^^^^^^^^^^^^
  File "/home/airflow/.local/lib/python3.12/site-packages/jinja2/loaders.py", line 209, in get_source
    raise TemplateNotFound(
jinja2.exceptions.TemplateNotFound: 'bash /opt/airflow/scripts/permissions.sh' not found in search path: '/opt/airflow/dags'
[2025-04-30T05:05:21.733+0000] {processor.py:925} INFO - DAG(s) 'fix_permissions_dag' retrieved from /opt/airflow/dags/permission_fixer_dag.py
[2025-04-30T05:05:21.747+0000] {logging_mixin.py:190} INFO - [2025-04-30T05:05:21.747+0000] {dag.py:3239} INFO - Sync 1 DAGs
[2025-04-30T05:05:21.760+0000] {logging_mixin.py:190} INFO - [2025-04-30T05:05:21.760+0000] {dag.py:4180} INFO - Setting next_dagrun for fix_permissions_dag to 2025-04-30 04:00:00+00:00, run_after=2025-04-30 05:00:00+00:00
[2025-04-30T05:05:21.768+0000] {processor.py:208} INFO - Processing /opt/airflow/dags/permission_fixer_dag.py took 0.059 seconds
[2025-04-30T05:05:52.233+0000] {processor.py:186} INFO - Started process (PID=264) to work on /opt/airflow/dags/permission_fixer_dag.py
[2025-04-30T05:05:52.236+0000] {processor.py:914} INFO - Processing file /opt/airflow/dags/permission_fixer_dag.py for tasks to queue
[2025-04-30T05:05:52.237+0000] {logging_mixin.py:190} INFO - [2025-04-30T05:05:52.237+0000] {dagbag.py:588} INFO - Filling up the DagBag from /opt/airflow/dags/permission_fixer_dag.py
[2025-04-30T05:05:52.250+0000] {logging_mixin.py:190} INFO - [2025-04-30T05:05:52.249+0000] {templater.py:94} ERROR - Failed to resolve template field 'bash_command'
Traceback (most recent call last):
  File "/home/airflow/.local/lib/python3.12/site-packages/airflow/template/templater.py", line 92, in resolve_template_files
    setattr(self, field, env.loader.get_source(env, content)[0])  # type: ignore
                         ^^^^^^^^^^^^^^^^^^^^^^^^^^^^^^^^^^^
  File "/home/airflow/.local/lib/python3.12/site-packages/jinja2/loaders.py", line 209, in get_source
    raise TemplateNotFound(
jinja2.exceptions.TemplateNotFound: 'bash /opt/airflow/scripts/permissions.sh' not found in search path: '/opt/airflow/dags'
[2025-04-30T05:05:52.251+0000] {processor.py:925} INFO - DAG(s) 'fix_permissions_dag' retrieved from /opt/airflow/dags/permission_fixer_dag.py
[2025-04-30T05:05:52.266+0000] {logging_mixin.py:190} INFO - [2025-04-30T05:05:52.266+0000] {dag.py:3239} INFO - Sync 1 DAGs
[2025-04-30T05:05:52.279+0000] {logging_mixin.py:190} INFO - [2025-04-30T05:05:52.278+0000] {dag.py:4180} INFO - Setting next_dagrun for fix_permissions_dag to 2025-04-30 04:00:00+00:00, run_after=2025-04-30 05:00:00+00:00
[2025-04-30T05:05:52.287+0000] {processor.py:208} INFO - Processing /opt/airflow/dags/permission_fixer_dag.py took 0.063 seconds
[2025-04-30T05:06:22.713+0000] {processor.py:186} INFO - Started process (PID=266) to work on /opt/airflow/dags/permission_fixer_dag.py
[2025-04-30T05:06:22.714+0000] {processor.py:914} INFO - Processing file /opt/airflow/dags/permission_fixer_dag.py for tasks to queue
[2025-04-30T05:06:22.715+0000] {logging_mixin.py:190} INFO - [2025-04-30T05:06:22.715+0000] {dagbag.py:588} INFO - Filling up the DagBag from /opt/airflow/dags/permission_fixer_dag.py
[2025-04-30T05:06:22.726+0000] {logging_mixin.py:190} INFO - [2025-04-30T05:06:22.725+0000] {templater.py:94} ERROR - Failed to resolve template field 'bash_command'
Traceback (most recent call last):
  File "/home/airflow/.local/lib/python3.12/site-packages/airflow/template/templater.py", line 92, in resolve_template_files
    setattr(self, field, env.loader.get_source(env, content)[0])  # type: ignore
                         ^^^^^^^^^^^^^^^^^^^^^^^^^^^^^^^^^^^
  File "/home/airflow/.local/lib/python3.12/site-packages/jinja2/loaders.py", line 209, in get_source
    raise TemplateNotFound(
jinja2.exceptions.TemplateNotFound: 'bash /opt/airflow/scripts/permissions.sh' not found in search path: '/opt/airflow/dags'
[2025-04-30T05:06:22.728+0000] {processor.py:925} INFO - DAG(s) 'fix_permissions_dag' retrieved from /opt/airflow/dags/permission_fixer_dag.py
[2025-04-30T05:06:22.744+0000] {logging_mixin.py:190} INFO - [2025-04-30T05:06:22.744+0000] {dag.py:3239} INFO - Sync 1 DAGs
[2025-04-30T05:06:22.755+0000] {logging_mixin.py:190} INFO - [2025-04-30T05:06:22.755+0000] {dag.py:4180} INFO - Setting next_dagrun for fix_permissions_dag to 2025-04-30 04:00:00+00:00, run_after=2025-04-30 05:00:00+00:00
[2025-04-30T05:06:22.829+0000] {processor.py:208} INFO - Processing /opt/airflow/dags/permission_fixer_dag.py took 0.124 seconds
[2025-04-30T05:06:53.187+0000] {processor.py:186} INFO - Started process (PID=268) to work on /opt/airflow/dags/permission_fixer_dag.py
[2025-04-30T05:06:53.189+0000] {processor.py:914} INFO - Processing file /opt/airflow/dags/permission_fixer_dag.py for tasks to queue
[2025-04-30T05:06:53.190+0000] {logging_mixin.py:190} INFO - [2025-04-30T05:06:53.190+0000] {dagbag.py:588} INFO - Filling up the DagBag from /opt/airflow/dags/permission_fixer_dag.py
[2025-04-30T05:06:53.202+0000] {logging_mixin.py:190} INFO - [2025-04-30T05:06:53.201+0000] {templater.py:94} ERROR - Failed to resolve template field 'bash_command'
Traceback (most recent call last):
  File "/home/airflow/.local/lib/python3.12/site-packages/airflow/template/templater.py", line 92, in resolve_template_files
    setattr(self, field, env.loader.get_source(env, content)[0])  # type: ignore
                         ^^^^^^^^^^^^^^^^^^^^^^^^^^^^^^^^^^^
  File "/home/airflow/.local/lib/python3.12/site-packages/jinja2/loaders.py", line 209, in get_source
    raise TemplateNotFound(
jinja2.exceptions.TemplateNotFound: 'bash /opt/airflow/scripts/permissions.sh' not found in search path: '/opt/airflow/dags'
[2025-04-30T05:06:53.204+0000] {processor.py:925} INFO - DAG(s) 'fix_permissions_dag' retrieved from /opt/airflow/dags/permission_fixer_dag.py
[2025-04-30T05:06:53.219+0000] {logging_mixin.py:190} INFO - [2025-04-30T05:06:53.219+0000] {dag.py:3239} INFO - Sync 1 DAGs
[2025-04-30T05:06:53.305+0000] {logging_mixin.py:190} INFO - [2025-04-30T05:06:53.305+0000] {dag.py:4180} INFO - Setting next_dagrun for fix_permissions_dag to 2025-04-30 04:00:00+00:00, run_after=2025-04-30 05:00:00+00:00
[2025-04-30T05:06:53.311+0000] {processor.py:208} INFO - Processing /opt/airflow/dags/permission_fixer_dag.py took 0.133 seconds
[2025-04-30T05:07:23.682+0000] {processor.py:186} INFO - Started process (PID=270) to work on /opt/airflow/dags/permission_fixer_dag.py
[2025-04-30T05:07:23.684+0000] {processor.py:914} INFO - Processing file /opt/airflow/dags/permission_fixer_dag.py for tasks to queue
[2025-04-30T05:07:23.686+0000] {logging_mixin.py:190} INFO - [2025-04-30T05:07:23.685+0000] {dagbag.py:588} INFO - Filling up the DagBag from /opt/airflow/dags/permission_fixer_dag.py
[2025-04-30T05:07:23.696+0000] {logging_mixin.py:190} INFO - [2025-04-30T05:07:23.696+0000] {templater.py:94} ERROR - Failed to resolve template field 'bash_command'
Traceback (most recent call last):
  File "/home/airflow/.local/lib/python3.12/site-packages/airflow/template/templater.py", line 92, in resolve_template_files
    setattr(self, field, env.loader.get_source(env, content)[0])  # type: ignore
                         ^^^^^^^^^^^^^^^^^^^^^^^^^^^^^^^^^^^
  File "/home/airflow/.local/lib/python3.12/site-packages/jinja2/loaders.py", line 209, in get_source
    raise TemplateNotFound(
jinja2.exceptions.TemplateNotFound: 'bash /opt/airflow/scripts/permissions.sh' not found in search path: '/opt/airflow/dags'
[2025-04-30T05:07:23.698+0000] {processor.py:925} INFO - DAG(s) 'fix_permissions_dag' retrieved from /opt/airflow/dags/permission_fixer_dag.py
[2025-04-30T05:07:23.713+0000] {logging_mixin.py:190} INFO - [2025-04-30T05:07:23.713+0000] {dag.py:3239} INFO - Sync 1 DAGs
[2025-04-30T05:07:23.791+0000] {logging_mixin.py:190} INFO - [2025-04-30T05:07:23.791+0000] {dag.py:4180} INFO - Setting next_dagrun for fix_permissions_dag to 2025-04-30 04:00:00+00:00, run_after=2025-04-30 05:00:00+00:00
[2025-04-30T05:07:23.797+0000] {processor.py:208} INFO - Processing /opt/airflow/dags/permission_fixer_dag.py took 0.122 seconds
[2025-04-30T05:07:54.207+0000] {processor.py:186} INFO - Started process (PID=272) to work on /opt/airflow/dags/permission_fixer_dag.py
[2025-04-30T05:07:54.208+0000] {processor.py:914} INFO - Processing file /opt/airflow/dags/permission_fixer_dag.py for tasks to queue
[2025-04-30T05:07:54.210+0000] {logging_mixin.py:190} INFO - [2025-04-30T05:07:54.209+0000] {dagbag.py:588} INFO - Filling up the DagBag from /opt/airflow/dags/permission_fixer_dag.py
[2025-04-30T05:07:54.219+0000] {logging_mixin.py:190} INFO - [2025-04-30T05:07:54.219+0000] {templater.py:94} ERROR - Failed to resolve template field 'bash_command'
Traceback (most recent call last):
  File "/home/airflow/.local/lib/python3.12/site-packages/airflow/template/templater.py", line 92, in resolve_template_files
    setattr(self, field, env.loader.get_source(env, content)[0])  # type: ignore
                         ^^^^^^^^^^^^^^^^^^^^^^^^^^^^^^^^^^^
  File "/home/airflow/.local/lib/python3.12/site-packages/jinja2/loaders.py", line 209, in get_source
    raise TemplateNotFound(
jinja2.exceptions.TemplateNotFound: 'bash /opt/airflow/scripts/permissions.sh' not found in search path: '/opt/airflow/dags'
[2025-04-30T05:07:54.221+0000] {processor.py:925} INFO - DAG(s) 'fix_permissions_dag' retrieved from /opt/airflow/dags/permission_fixer_dag.py
[2025-04-30T05:07:54.235+0000] {logging_mixin.py:190} INFO - [2025-04-30T05:07:54.235+0000] {dag.py:3239} INFO - Sync 1 DAGs
[2025-04-30T05:07:54.247+0000] {logging_mixin.py:190} INFO - [2025-04-30T05:07:54.247+0000] {dag.py:4180} INFO - Setting next_dagrun for fix_permissions_dag to 2025-04-30 04:00:00+00:00, run_after=2025-04-30 05:00:00+00:00
[2025-04-30T05:07:54.255+0000] {processor.py:208} INFO - Processing /opt/airflow/dags/permission_fixer_dag.py took 0.056 seconds
[2025-04-30T05:08:24.684+0000] {processor.py:186} INFO - Started process (PID=274) to work on /opt/airflow/dags/permission_fixer_dag.py
[2025-04-30T05:08:24.684+0000] {processor.py:914} INFO - Processing file /opt/airflow/dags/permission_fixer_dag.py for tasks to queue
[2025-04-30T05:08:24.685+0000] {logging_mixin.py:190} INFO - [2025-04-30T05:08:24.685+0000] {dagbag.py:588} INFO - Filling up the DagBag from /opt/airflow/dags/permission_fixer_dag.py
[2025-04-30T05:08:24.695+0000] {logging_mixin.py:190} INFO - [2025-04-30T05:08:24.694+0000] {templater.py:94} ERROR - Failed to resolve template field 'bash_command'
Traceback (most recent call last):
  File "/home/airflow/.local/lib/python3.12/site-packages/airflow/template/templater.py", line 92, in resolve_template_files
    setattr(self, field, env.loader.get_source(env, content)[0])  # type: ignore
                         ^^^^^^^^^^^^^^^^^^^^^^^^^^^^^^^^^^^
  File "/home/airflow/.local/lib/python3.12/site-packages/jinja2/loaders.py", line 209, in get_source
    raise TemplateNotFound(
jinja2.exceptions.TemplateNotFound: 'bash /opt/airflow/scripts/permissions.sh' not found in search path: '/opt/airflow/dags'
[2025-04-30T05:08:24.696+0000] {processor.py:925} INFO - DAG(s) 'fix_permissions_dag' retrieved from /opt/airflow/dags/permission_fixer_dag.py
[2025-04-30T05:08:24.710+0000] {logging_mixin.py:190} INFO - [2025-04-30T05:08:24.710+0000] {dag.py:3239} INFO - Sync 1 DAGs
[2025-04-30T05:08:24.722+0000] {logging_mixin.py:190} INFO - [2025-04-30T05:08:24.721+0000] {dag.py:4180} INFO - Setting next_dagrun for fix_permissions_dag to 2025-04-30 04:00:00+00:00, run_after=2025-04-30 05:00:00+00:00
[2025-04-30T05:08:24.728+0000] {processor.py:208} INFO - Processing /opt/airflow/dags/permission_fixer_dag.py took 0.051 seconds
[2025-04-30T05:08:55.075+0000] {processor.py:186} INFO - Started process (PID=276) to work on /opt/airflow/dags/permission_fixer_dag.py
[2025-04-30T05:08:55.075+0000] {processor.py:914} INFO - Processing file /opt/airflow/dags/permission_fixer_dag.py for tasks to queue
[2025-04-30T05:08:55.076+0000] {logging_mixin.py:190} INFO - [2025-04-30T05:08:55.076+0000] {dagbag.py:588} INFO - Filling up the DagBag from /opt/airflow/dags/permission_fixer_dag.py
[2025-04-30T05:08:55.086+0000] {logging_mixin.py:190} INFO - [2025-04-30T05:08:55.085+0000] {templater.py:94} ERROR - Failed to resolve template field 'bash_command'
Traceback (most recent call last):
  File "/home/airflow/.local/lib/python3.12/site-packages/airflow/template/templater.py", line 92, in resolve_template_files
    setattr(self, field, env.loader.get_source(env, content)[0])  # type: ignore
                         ^^^^^^^^^^^^^^^^^^^^^^^^^^^^^^^^^^^
  File "/home/airflow/.local/lib/python3.12/site-packages/jinja2/loaders.py", line 209, in get_source
    raise TemplateNotFound(
jinja2.exceptions.TemplateNotFound: 'bash /opt/airflow/scripts/permissions.sh' not found in search path: '/opt/airflow/dags'
[2025-04-30T05:08:55.088+0000] {processor.py:925} INFO - DAG(s) 'fix_permissions_dag' retrieved from /opt/airflow/dags/permission_fixer_dag.py
[2025-04-30T05:08:55.106+0000] {logging_mixin.py:190} INFO - [2025-04-30T05:08:55.106+0000] {dag.py:3239} INFO - Sync 1 DAGs
[2025-04-30T05:08:55.120+0000] {logging_mixin.py:190} INFO - [2025-04-30T05:08:55.120+0000] {dag.py:4180} INFO - Setting next_dagrun for fix_permissions_dag to 2025-04-30 04:00:00+00:00, run_after=2025-04-30 05:00:00+00:00
[2025-04-30T05:08:55.129+0000] {processor.py:208} INFO - Processing /opt/airflow/dags/permission_fixer_dag.py took 0.058 seconds
[2025-04-30T05:09:25.547+0000] {processor.py:186} INFO - Started process (PID=278) to work on /opt/airflow/dags/permission_fixer_dag.py
[2025-04-30T05:09:25.548+0000] {processor.py:914} INFO - Processing file /opt/airflow/dags/permission_fixer_dag.py for tasks to queue
[2025-04-30T05:09:25.549+0000] {logging_mixin.py:190} INFO - [2025-04-30T05:09:25.549+0000] {dagbag.py:588} INFO - Filling up the DagBag from /opt/airflow/dags/permission_fixer_dag.py
[2025-04-30T05:09:25.560+0000] {logging_mixin.py:190} INFO - [2025-04-30T05:09:25.559+0000] {templater.py:94} ERROR - Failed to resolve template field 'bash_command'
Traceback (most recent call last):
  File "/home/airflow/.local/lib/python3.12/site-packages/airflow/template/templater.py", line 92, in resolve_template_files
    setattr(self, field, env.loader.get_source(env, content)[0])  # type: ignore
                         ^^^^^^^^^^^^^^^^^^^^^^^^^^^^^^^^^^^
  File "/home/airflow/.local/lib/python3.12/site-packages/jinja2/loaders.py", line 209, in get_source
    raise TemplateNotFound(
jinja2.exceptions.TemplateNotFound: 'bash /opt/airflow/scripts/permissions.sh' not found in search path: '/opt/airflow/dags'
[2025-04-30T05:09:25.561+0000] {processor.py:925} INFO - DAG(s) 'fix_permissions_dag' retrieved from /opt/airflow/dags/permission_fixer_dag.py
[2025-04-30T05:09:25.575+0000] {logging_mixin.py:190} INFO - [2025-04-30T05:09:25.575+0000] {dag.py:3239} INFO - Sync 1 DAGs
[2025-04-30T05:09:25.588+0000] {logging_mixin.py:190} INFO - [2025-04-30T05:09:25.588+0000] {dag.py:4180} INFO - Setting next_dagrun for fix_permissions_dag to 2025-04-30 04:00:00+00:00, run_after=2025-04-30 05:00:00+00:00
[2025-04-30T05:09:25.665+0000] {processor.py:208} INFO - Processing /opt/airflow/dags/permission_fixer_dag.py took 0.126 seconds
[2025-04-30T05:09:56.028+0000] {processor.py:186} INFO - Started process (PID=280) to work on /opt/airflow/dags/permission_fixer_dag.py
[2025-04-30T05:09:56.029+0000] {processor.py:914} INFO - Processing file /opt/airflow/dags/permission_fixer_dag.py for tasks to queue
[2025-04-30T05:09:56.029+0000] {logging_mixin.py:190} INFO - [2025-04-30T05:09:56.029+0000] {dagbag.py:588} INFO - Filling up the DagBag from /opt/airflow/dags/permission_fixer_dag.py
[2025-04-30T05:09:56.036+0000] {logging_mixin.py:190} INFO - [2025-04-30T05:09:56.036+0000] {templater.py:94} ERROR - Failed to resolve template field 'bash_command'
Traceback (most recent call last):
  File "/home/airflow/.local/lib/python3.12/site-packages/airflow/template/templater.py", line 92, in resolve_template_files
    setattr(self, field, env.loader.get_source(env, content)[0])  # type: ignore
                         ^^^^^^^^^^^^^^^^^^^^^^^^^^^^^^^^^^^
  File "/home/airflow/.local/lib/python3.12/site-packages/jinja2/loaders.py", line 209, in get_source
    raise TemplateNotFound(
jinja2.exceptions.TemplateNotFound: 'bash /opt/airflow/scripts/permissions.sh' not found in search path: '/opt/airflow/dags'
[2025-04-30T05:09:56.037+0000] {processor.py:925} INFO - DAG(s) 'fix_permissions_dag' retrieved from /opt/airflow/dags/permission_fixer_dag.py
[2025-04-30T05:09:56.048+0000] {logging_mixin.py:190} INFO - [2025-04-30T05:09:56.048+0000] {dag.py:3239} INFO - Sync 1 DAGs
[2025-04-30T05:09:56.129+0000] {logging_mixin.py:190} INFO - [2025-04-30T05:09:56.129+0000] {dag.py:4180} INFO - Setting next_dagrun for fix_permissions_dag to 2025-04-30 04:00:00+00:00, run_after=2025-04-30 05:00:00+00:00
[2025-04-30T05:09:56.134+0000] {processor.py:208} INFO - Processing /opt/airflow/dags/permission_fixer_dag.py took 0.110 seconds
[2025-04-30T12:26:53.729+0000] {processor.py:186} INFO - Started process (PID=282) to work on /opt/airflow/dags/permission_fixer_dag.py
[2025-04-30T12:26:53.730+0000] {processor.py:914} INFO - Processing file /opt/airflow/dags/permission_fixer_dag.py for tasks to queue
[2025-04-30T12:26:53.731+0000] {logging_mixin.py:190} INFO - [2025-04-30T12:26:53.731+0000] {dagbag.py:588} INFO - Filling up the DagBag from /opt/airflow/dags/permission_fixer_dag.py
[2025-04-30T12:26:53.739+0000] {logging_mixin.py:190} INFO - [2025-04-30T12:26:53.739+0000] {templater.py:94} ERROR - Failed to resolve template field 'bash_command'
Traceback (most recent call last):
  File "/home/airflow/.local/lib/python3.12/site-packages/airflow/template/templater.py", line 92, in resolve_template_files
    setattr(self, field, env.loader.get_source(env, content)[0])  # type: ignore
                         ^^^^^^^^^^^^^^^^^^^^^^^^^^^^^^^^^^^
  File "/home/airflow/.local/lib/python3.12/site-packages/jinja2/loaders.py", line 209, in get_source
    raise TemplateNotFound(
jinja2.exceptions.TemplateNotFound: 'bash /opt/airflow/scripts/permissions.sh' not found in search path: '/opt/airflow/dags'
[2025-04-30T12:26:53.740+0000] {processor.py:925} INFO - DAG(s) 'fix_permissions_dag' retrieved from /opt/airflow/dags/permission_fixer_dag.py
[2025-04-30T12:26:53.754+0000] {logging_mixin.py:190} INFO - [2025-04-30T12:26:53.754+0000] {dag.py:3239} INFO - Sync 1 DAGs
[2025-04-30T12:26:53.834+0000] {logging_mixin.py:190} INFO - [2025-04-30T12:26:53.833+0000] {dag.py:4180} INFO - Setting next_dagrun for fix_permissions_dag to 2025-04-30 11:00:00+00:00, run_after=2025-04-30 12:00:00+00:00
[2025-04-30T12:26:53.840+0000] {processor.py:208} INFO - Processing /opt/airflow/dags/permission_fixer_dag.py took 0.114 seconds
[2025-04-30T12:27:24.214+0000] {processor.py:186} INFO - Started process (PID=284) to work on /opt/airflow/dags/permission_fixer_dag.py
[2025-04-30T12:27:24.215+0000] {processor.py:914} INFO - Processing file /opt/airflow/dags/permission_fixer_dag.py for tasks to queue
[2025-04-30T12:27:24.216+0000] {logging_mixin.py:190} INFO - [2025-04-30T12:27:24.215+0000] {dagbag.py:588} INFO - Filling up the DagBag from /opt/airflow/dags/permission_fixer_dag.py
[2025-04-30T12:27:24.226+0000] {logging_mixin.py:190} INFO - [2025-04-30T12:27:24.225+0000] {templater.py:94} ERROR - Failed to resolve template field 'bash_command'
Traceback (most recent call last):
  File "/home/airflow/.local/lib/python3.12/site-packages/airflow/template/templater.py", line 92, in resolve_template_files
    setattr(self, field, env.loader.get_source(env, content)[0])  # type: ignore
                         ^^^^^^^^^^^^^^^^^^^^^^^^^^^^^^^^^^^
  File "/home/airflow/.local/lib/python3.12/site-packages/jinja2/loaders.py", line 209, in get_source
    raise TemplateNotFound(
jinja2.exceptions.TemplateNotFound: 'bash /opt/airflow/scripts/permissions.sh' not found in search path: '/opt/airflow/dags'
[2025-04-30T12:27:24.228+0000] {processor.py:925} INFO - DAG(s) 'fix_permissions_dag' retrieved from /opt/airflow/dags/permission_fixer_dag.py
[2025-04-30T12:27:24.243+0000] {logging_mixin.py:190} INFO - [2025-04-30T12:27:24.242+0000] {dag.py:3239} INFO - Sync 1 DAGs
[2025-04-30T12:27:24.254+0000] {logging_mixin.py:190} INFO - [2025-04-30T12:27:24.254+0000] {dag.py:4180} INFO - Setting next_dagrun for fix_permissions_dag to 2025-04-30 11:00:00+00:00, run_after=2025-04-30 12:00:00+00:00
[2025-04-30T12:27:24.263+0000] {processor.py:208} INFO - Processing /opt/airflow/dags/permission_fixer_dag.py took 0.058 seconds
[2025-04-30T12:42:26.984+0000] {processor.py:186} INFO - Started process (PID=286) to work on /opt/airflow/dags/permission_fixer_dag.py
[2025-04-30T12:42:26.985+0000] {processor.py:914} INFO - Processing file /opt/airflow/dags/permission_fixer_dag.py for tasks to queue
[2025-04-30T12:42:26.985+0000] {logging_mixin.py:190} INFO - [2025-04-30T12:42:26.985+0000] {dagbag.py:588} INFO - Filling up the DagBag from /opt/airflow/dags/permission_fixer_dag.py
[2025-04-30T12:42:26.992+0000] {logging_mixin.py:190} INFO - [2025-04-30T12:42:26.992+0000] {templater.py:94} ERROR - Failed to resolve template field 'bash_command'
Traceback (most recent call last):
  File "/home/airflow/.local/lib/python3.12/site-packages/airflow/template/templater.py", line 92, in resolve_template_files
    setattr(self, field, env.loader.get_source(env, content)[0])  # type: ignore
                         ^^^^^^^^^^^^^^^^^^^^^^^^^^^^^^^^^^^
  File "/home/airflow/.local/lib/python3.12/site-packages/jinja2/loaders.py", line 209, in get_source
    raise TemplateNotFound(
jinja2.exceptions.TemplateNotFound: 'bash /opt/airflow/scripts/permissions.sh' not found in search path: '/opt/airflow/dags'
[2025-04-30T12:42:26.993+0000] {processor.py:925} INFO - DAG(s) 'fix_permissions_dag' retrieved from /opt/airflow/dags/permission_fixer_dag.py
[2025-04-30T12:42:27.005+0000] {logging_mixin.py:190} INFO - [2025-04-30T12:42:27.005+0000] {dag.py:3239} INFO - Sync 1 DAGs
[2025-04-30T12:42:27.015+0000] {logging_mixin.py:190} INFO - [2025-04-30T12:42:27.015+0000] {dag.py:4180} INFO - Setting next_dagrun for fix_permissions_dag to 2025-04-30 11:00:00+00:00, run_after=2025-04-30 12:00:00+00:00
[2025-04-30T12:42:27.023+0000] {processor.py:208} INFO - Processing /opt/airflow/dags/permission_fixer_dag.py took 0.042 seconds
[2025-04-30T12:42:57.475+0000] {processor.py:186} INFO - Started process (PID=288) to work on /opt/airflow/dags/permission_fixer_dag.py
[2025-04-30T12:42:57.476+0000] {processor.py:914} INFO - Processing file /opt/airflow/dags/permission_fixer_dag.py for tasks to queue
[2025-04-30T12:42:57.477+0000] {logging_mixin.py:190} INFO - [2025-04-30T12:42:57.476+0000] {dagbag.py:588} INFO - Filling up the DagBag from /opt/airflow/dags/permission_fixer_dag.py
[2025-04-30T12:42:57.487+0000] {logging_mixin.py:190} INFO - [2025-04-30T12:42:57.486+0000] {templater.py:94} ERROR - Failed to resolve template field 'bash_command'
Traceback (most recent call last):
  File "/home/airflow/.local/lib/python3.12/site-packages/airflow/template/templater.py", line 92, in resolve_template_files
    setattr(self, field, env.loader.get_source(env, content)[0])  # type: ignore
                         ^^^^^^^^^^^^^^^^^^^^^^^^^^^^^^^^^^^
  File "/home/airflow/.local/lib/python3.12/site-packages/jinja2/loaders.py", line 209, in get_source
    raise TemplateNotFound(
jinja2.exceptions.TemplateNotFound: 'bash /opt/airflow/scripts/permissions.sh' not found in search path: '/opt/airflow/dags'
[2025-04-30T12:42:57.489+0000] {processor.py:925} INFO - DAG(s) 'fix_permissions_dag' retrieved from /opt/airflow/dags/permission_fixer_dag.py
[2025-04-30T12:42:57.503+0000] {logging_mixin.py:190} INFO - [2025-04-30T12:42:57.503+0000] {dag.py:3239} INFO - Sync 1 DAGs
[2025-04-30T12:42:57.514+0000] {logging_mixin.py:190} INFO - [2025-04-30T12:42:57.514+0000] {dag.py:4180} INFO - Setting next_dagrun for fix_permissions_dag to 2025-04-30 11:00:00+00:00, run_after=2025-04-30 12:00:00+00:00
[2025-04-30T12:42:57.521+0000] {processor.py:208} INFO - Processing /opt/airflow/dags/permission_fixer_dag.py took 0.053 seconds
[2025-04-30T12:57:59.242+0000] {processor.py:186} INFO - Started process (PID=290) to work on /opt/airflow/dags/permission_fixer_dag.py
[2025-04-30T12:57:59.242+0000] {processor.py:914} INFO - Processing file /opt/airflow/dags/permission_fixer_dag.py for tasks to queue
[2025-04-30T12:57:59.243+0000] {logging_mixin.py:190} INFO - [2025-04-30T12:57:59.243+0000] {dagbag.py:588} INFO - Filling up the DagBag from /opt/airflow/dags/permission_fixer_dag.py
[2025-04-30T12:57:59.250+0000] {logging_mixin.py:190} INFO - [2025-04-30T12:57:59.249+0000] {templater.py:94} ERROR - Failed to resolve template field 'bash_command'
Traceback (most recent call last):
  File "/home/airflow/.local/lib/python3.12/site-packages/airflow/template/templater.py", line 92, in resolve_template_files
    setattr(self, field, env.loader.get_source(env, content)[0])  # type: ignore
                         ^^^^^^^^^^^^^^^^^^^^^^^^^^^^^^^^^^^
  File "/home/airflow/.local/lib/python3.12/site-packages/jinja2/loaders.py", line 209, in get_source
    raise TemplateNotFound(
jinja2.exceptions.TemplateNotFound: 'bash /opt/airflow/scripts/permissions.sh' not found in search path: '/opt/airflow/dags'
[2025-04-30T12:57:59.251+0000] {processor.py:925} INFO - DAG(s) 'fix_permissions_dag' retrieved from /opt/airflow/dags/permission_fixer_dag.py
[2025-04-30T12:57:59.262+0000] {logging_mixin.py:190} INFO - [2025-04-30T12:57:59.262+0000] {dag.py:3239} INFO - Sync 1 DAGs
[2025-04-30T12:57:59.272+0000] {logging_mixin.py:190} INFO - [2025-04-30T12:57:59.272+0000] {dag.py:4180} INFO - Setting next_dagrun for fix_permissions_dag to 2025-04-30 11:00:00+00:00, run_after=2025-04-30 12:00:00+00:00
[2025-04-30T12:57:59.279+0000] {processor.py:208} INFO - Processing /opt/airflow/dags/permission_fixer_dag.py took 0.041 seconds
[2025-04-30T12:58:29.610+0000] {processor.py:186} INFO - Started process (PID=292) to work on /opt/airflow/dags/permission_fixer_dag.py
[2025-04-30T12:58:29.611+0000] {processor.py:914} INFO - Processing file /opt/airflow/dags/permission_fixer_dag.py for tasks to queue
[2025-04-30T12:58:29.612+0000] {logging_mixin.py:190} INFO - [2025-04-30T12:58:29.612+0000] {dagbag.py:588} INFO - Filling up the DagBag from /opt/airflow/dags/permission_fixer_dag.py
[2025-04-30T12:58:29.621+0000] {logging_mixin.py:190} INFO - [2025-04-30T12:58:29.621+0000] {templater.py:94} ERROR - Failed to resolve template field 'bash_command'
Traceback (most recent call last):
  File "/home/airflow/.local/lib/python3.12/site-packages/airflow/template/templater.py", line 92, in resolve_template_files
    setattr(self, field, env.loader.get_source(env, content)[0])  # type: ignore
                         ^^^^^^^^^^^^^^^^^^^^^^^^^^^^^^^^^^^
  File "/home/airflow/.local/lib/python3.12/site-packages/jinja2/loaders.py", line 209, in get_source
    raise TemplateNotFound(
jinja2.exceptions.TemplateNotFound: 'bash /opt/airflow/scripts/permissions.sh' not found in search path: '/opt/airflow/dags'
[2025-04-30T12:58:29.623+0000] {processor.py:925} INFO - DAG(s) 'fix_permissions_dag' retrieved from /opt/airflow/dags/permission_fixer_dag.py
[2025-04-30T12:58:29.637+0000] {logging_mixin.py:190} INFO - [2025-04-30T12:58:29.637+0000] {dag.py:3239} INFO - Sync 1 DAGs
[2025-04-30T12:58:29.649+0000] {logging_mixin.py:190} INFO - [2025-04-30T12:58:29.649+0000] {dag.py:4180} INFO - Setting next_dagrun for fix_permissions_dag to 2025-04-30 11:00:00+00:00, run_after=2025-04-30 12:00:00+00:00
[2025-04-30T12:58:29.657+0000] {processor.py:208} INFO - Processing /opt/airflow/dags/permission_fixer_dag.py took 0.053 seconds
[2025-04-30T13:13:32.393+0000] {processor.py:186} INFO - Started process (PID=294) to work on /opt/airflow/dags/permission_fixer_dag.py
[2025-04-30T13:13:32.393+0000] {processor.py:914} INFO - Processing file /opt/airflow/dags/permission_fixer_dag.py for tasks to queue
[2025-04-30T13:13:32.394+0000] {logging_mixin.py:190} INFO - [2025-04-30T13:13:32.394+0000] {dagbag.py:588} INFO - Filling up the DagBag from /opt/airflow/dags/permission_fixer_dag.py
[2025-04-30T13:13:32.402+0000] {logging_mixin.py:190} INFO - [2025-04-30T13:13:32.401+0000] {templater.py:94} ERROR - Failed to resolve template field 'bash_command'
Traceback (most recent call last):
  File "/home/airflow/.local/lib/python3.12/site-packages/airflow/template/templater.py", line 92, in resolve_template_files
    setattr(self, field, env.loader.get_source(env, content)[0])  # type: ignore
                         ^^^^^^^^^^^^^^^^^^^^^^^^^^^^^^^^^^^
  File "/home/airflow/.local/lib/python3.12/site-packages/jinja2/loaders.py", line 209, in get_source
    raise TemplateNotFound(
jinja2.exceptions.TemplateNotFound: 'bash /opt/airflow/scripts/permissions.sh' not found in search path: '/opt/airflow/dags'
[2025-04-30T13:13:32.403+0000] {processor.py:925} INFO - DAG(s) 'fix_permissions_dag' retrieved from /opt/airflow/dags/permission_fixer_dag.py
[2025-04-30T13:13:32.420+0000] {logging_mixin.py:190} INFO - [2025-04-30T13:13:32.419+0000] {dag.py:3239} INFO - Sync 1 DAGs
[2025-04-30T13:13:32.431+0000] {logging_mixin.py:190} INFO - [2025-04-30T13:13:32.431+0000] {dag.py:4180} INFO - Setting next_dagrun for fix_permissions_dag to 2025-04-30 12:00:00+00:00, run_after=2025-04-30 13:00:00+00:00
[2025-04-30T13:13:32.513+0000] {processor.py:208} INFO - Processing /opt/airflow/dags/permission_fixer_dag.py took 0.123 seconds
[2025-04-30T13:14:02.843+0000] {processor.py:186} INFO - Started process (PID=296) to work on /opt/airflow/dags/permission_fixer_dag.py
[2025-04-30T13:14:02.844+0000] {processor.py:914} INFO - Processing file /opt/airflow/dags/permission_fixer_dag.py for tasks to queue
[2025-04-30T13:14:02.845+0000] {logging_mixin.py:190} INFO - [2025-04-30T13:14:02.844+0000] {dagbag.py:588} INFO - Filling up the DagBag from /opt/airflow/dags/permission_fixer_dag.py
[2025-04-30T13:14:02.867+0000] {logging_mixin.py:190} INFO - [2025-04-30T13:14:02.867+0000] {templater.py:94} ERROR - Failed to resolve template field 'bash_command'
Traceback (most recent call last):
  File "/home/airflow/.local/lib/python3.12/site-packages/airflow/template/templater.py", line 92, in resolve_template_files
    setattr(self, field, env.loader.get_source(env, content)[0])  # type: ignore
                         ^^^^^^^^^^^^^^^^^^^^^^^^^^^^^^^^^^^
  File "/home/airflow/.local/lib/python3.12/site-packages/jinja2/loaders.py", line 209, in get_source
    raise TemplateNotFound(
jinja2.exceptions.TemplateNotFound: 'bash /opt/airflow/scripts/permissions.sh' not found in search path: '/opt/airflow/dags'
[2025-04-30T13:14:02.870+0000] {processor.py:925} INFO - DAG(s) 'fix_permissions_dag' retrieved from /opt/airflow/dags/permission_fixer_dag.py
[2025-04-30T13:14:02.885+0000] {logging_mixin.py:190} INFO - [2025-04-30T13:14:02.885+0000] {dag.py:3239} INFO - Sync 1 DAGs
[2025-04-30T13:14:02.982+0000] {logging_mixin.py:190} INFO - [2025-04-30T13:14:02.982+0000] {dag.py:4180} INFO - Setting next_dagrun for fix_permissions_dag to 2025-04-30 12:00:00+00:00, run_after=2025-04-30 13:00:00+00:00
[2025-04-30T13:14:02.988+0000] {processor.py:208} INFO - Processing /opt/airflow/dags/permission_fixer_dag.py took 0.151 seconds
[2025-04-30T13:29:05.599+0000] {processor.py:186} INFO - Started process (PID=298) to work on /opt/airflow/dags/permission_fixer_dag.py
[2025-04-30T13:29:05.600+0000] {processor.py:914} INFO - Processing file /opt/airflow/dags/permission_fixer_dag.py for tasks to queue
[2025-04-30T13:29:05.601+0000] {logging_mixin.py:190} INFO - [2025-04-30T13:29:05.600+0000] {dagbag.py:588} INFO - Filling up the DagBag from /opt/airflow/dags/permission_fixer_dag.py
[2025-04-30T13:29:05.610+0000] {logging_mixin.py:190} INFO - [2025-04-30T13:29:05.609+0000] {templater.py:94} ERROR - Failed to resolve template field 'bash_command'
Traceback (most recent call last):
  File "/home/airflow/.local/lib/python3.12/site-packages/airflow/template/templater.py", line 92, in resolve_template_files
    setattr(self, field, env.loader.get_source(env, content)[0])  # type: ignore
                         ^^^^^^^^^^^^^^^^^^^^^^^^^^^^^^^^^^^
  File "/home/airflow/.local/lib/python3.12/site-packages/jinja2/loaders.py", line 209, in get_source
    raise TemplateNotFound(
jinja2.exceptions.TemplateNotFound: 'bash /opt/airflow/scripts/permissions.sh' not found in search path: '/opt/airflow/dags'
[2025-04-30T13:29:05.611+0000] {processor.py:925} INFO - DAG(s) 'fix_permissions_dag' retrieved from /opt/airflow/dags/permission_fixer_dag.py
[2025-04-30T13:29:05.626+0000] {logging_mixin.py:190} INFO - [2025-04-30T13:29:05.626+0000] {dag.py:3239} INFO - Sync 1 DAGs
[2025-04-30T13:29:05.719+0000] {logging_mixin.py:190} INFO - [2025-04-30T13:29:05.719+0000] {dag.py:4180} INFO - Setting next_dagrun for fix_permissions_dag to 2025-04-30 12:00:00+00:00, run_after=2025-04-30 13:00:00+00:00
[2025-04-30T13:29:05.730+0000] {processor.py:208} INFO - Processing /opt/airflow/dags/permission_fixer_dag.py took 0.136 seconds
[2025-04-30T13:29:36.069+0000] {processor.py:186} INFO - Started process (PID=300) to work on /opt/airflow/dags/permission_fixer_dag.py
[2025-04-30T13:29:36.070+0000] {processor.py:914} INFO - Processing file /opt/airflow/dags/permission_fixer_dag.py for tasks to queue
[2025-04-30T13:29:36.071+0000] {logging_mixin.py:190} INFO - [2025-04-30T13:29:36.071+0000] {dagbag.py:588} INFO - Filling up the DagBag from /opt/airflow/dags/permission_fixer_dag.py
[2025-04-30T13:29:36.084+0000] {logging_mixin.py:190} INFO - [2025-04-30T13:29:36.083+0000] {templater.py:94} ERROR - Failed to resolve template field 'bash_command'
Traceback (most recent call last):
  File "/home/airflow/.local/lib/python3.12/site-packages/airflow/template/templater.py", line 92, in resolve_template_files
    setattr(self, field, env.loader.get_source(env, content)[0])  # type: ignore
                         ^^^^^^^^^^^^^^^^^^^^^^^^^^^^^^^^^^^
  File "/home/airflow/.local/lib/python3.12/site-packages/jinja2/loaders.py", line 209, in get_source
    raise TemplateNotFound(
jinja2.exceptions.TemplateNotFound: 'bash /opt/airflow/scripts/permissions.sh' not found in search path: '/opt/airflow/dags'
[2025-04-30T13:29:36.086+0000] {processor.py:925} INFO - DAG(s) 'fix_permissions_dag' retrieved from /opt/airflow/dags/permission_fixer_dag.py
[2025-04-30T13:29:36.103+0000] {logging_mixin.py:190} INFO - [2025-04-30T13:29:36.103+0000] {dag.py:3239} INFO - Sync 1 DAGs
[2025-04-30T13:29:36.193+0000] {logging_mixin.py:190} INFO - [2025-04-30T13:29:36.193+0000] {dag.py:4180} INFO - Setting next_dagrun for fix_permissions_dag to 2025-04-30 12:00:00+00:00, run_after=2025-04-30 13:00:00+00:00
[2025-04-30T13:29:36.200+0000] {processor.py:208} INFO - Processing /opt/airflow/dags/permission_fixer_dag.py took 0.140 seconds
[2025-04-30T13:44:38.816+0000] {processor.py:186} INFO - Started process (PID=302) to work on /opt/airflow/dags/permission_fixer_dag.py
[2025-04-30T13:44:38.817+0000] {processor.py:914} INFO - Processing file /opt/airflow/dags/permission_fixer_dag.py for tasks to queue
[2025-04-30T13:44:38.818+0000] {logging_mixin.py:190} INFO - [2025-04-30T13:44:38.818+0000] {dagbag.py:588} INFO - Filling up the DagBag from /opt/airflow/dags/permission_fixer_dag.py
[2025-04-30T13:44:38.828+0000] {logging_mixin.py:190} INFO - [2025-04-30T13:44:38.827+0000] {templater.py:94} ERROR - Failed to resolve template field 'bash_command'
Traceback (most recent call last):
  File "/home/airflow/.local/lib/python3.12/site-packages/airflow/template/templater.py", line 92, in resolve_template_files
    setattr(self, field, env.loader.get_source(env, content)[0])  # type: ignore
                         ^^^^^^^^^^^^^^^^^^^^^^^^^^^^^^^^^^^
  File "/home/airflow/.local/lib/python3.12/site-packages/jinja2/loaders.py", line 209, in get_source
    raise TemplateNotFound(
jinja2.exceptions.TemplateNotFound: 'bash /opt/airflow/scripts/permissions.sh' not found in search path: '/opt/airflow/dags'
[2025-04-30T13:44:38.829+0000] {processor.py:925} INFO - DAG(s) 'fix_permissions_dag' retrieved from /opt/airflow/dags/permission_fixer_dag.py
[2025-04-30T13:44:38.843+0000] {logging_mixin.py:190} INFO - [2025-04-30T13:44:38.843+0000] {dag.py:3239} INFO - Sync 1 DAGs
[2025-04-30T13:44:38.920+0000] {logging_mixin.py:190} INFO - [2025-04-30T13:44:38.920+0000] {dag.py:4180} INFO - Setting next_dagrun for fix_permissions_dag to 2025-04-30 12:00:00+00:00, run_after=2025-04-30 13:00:00+00:00
[2025-04-30T13:44:38.925+0000] {processor.py:208} INFO - Processing /opt/airflow/dags/permission_fixer_dag.py took 0.115 seconds
[2025-04-30T13:45:09.286+0000] {processor.py:186} INFO - Started process (PID=304) to work on /opt/airflow/dags/permission_fixer_dag.py
[2025-04-30T13:45:09.287+0000] {processor.py:914} INFO - Processing file /opt/airflow/dags/permission_fixer_dag.py for tasks to queue
[2025-04-30T13:45:09.288+0000] {logging_mixin.py:190} INFO - [2025-04-30T13:45:09.287+0000] {dagbag.py:588} INFO - Filling up the DagBag from /opt/airflow/dags/permission_fixer_dag.py
[2025-04-30T13:45:09.298+0000] {logging_mixin.py:190} INFO - [2025-04-30T13:45:09.298+0000] {templater.py:94} ERROR - Failed to resolve template field 'bash_command'
Traceback (most recent call last):
  File "/home/airflow/.local/lib/python3.12/site-packages/airflow/template/templater.py", line 92, in resolve_template_files
    setattr(self, field, env.loader.get_source(env, content)[0])  # type: ignore
                         ^^^^^^^^^^^^^^^^^^^^^^^^^^^^^^^^^^^
  File "/home/airflow/.local/lib/python3.12/site-packages/jinja2/loaders.py", line 209, in get_source
    raise TemplateNotFound(
jinja2.exceptions.TemplateNotFound: 'bash /opt/airflow/scripts/permissions.sh' not found in search path: '/opt/airflow/dags'
[2025-04-30T13:45:09.300+0000] {processor.py:925} INFO - DAG(s) 'fix_permissions_dag' retrieved from /opt/airflow/dags/permission_fixer_dag.py
[2025-04-30T13:45:09.315+0000] {logging_mixin.py:190} INFO - [2025-04-30T13:45:09.314+0000] {dag.py:3239} INFO - Sync 1 DAGs
[2025-04-30T13:45:09.327+0000] {logging_mixin.py:190} INFO - [2025-04-30T13:45:09.327+0000] {dag.py:4180} INFO - Setting next_dagrun for fix_permissions_dag to 2025-04-30 12:00:00+00:00, run_after=2025-04-30 13:00:00+00:00
[2025-04-30T13:45:09.335+0000] {processor.py:208} INFO - Processing /opt/airflow/dags/permission_fixer_dag.py took 0.056 seconds
[2025-04-30T13:55:14.047+0000] {processor.py:186} INFO - Started process (PID=306) to work on /opt/airflow/dags/permission_fixer_dag.py
[2025-04-30T13:55:14.048+0000] {processor.py:914} INFO - Processing file /opt/airflow/dags/permission_fixer_dag.py for tasks to queue
[2025-04-30T13:55:14.048+0000] {logging_mixin.py:190} INFO - [2025-04-30T13:55:14.048+0000] {dagbag.py:588} INFO - Filling up the DagBag from /opt/airflow/dags/permission_fixer_dag.py
[2025-04-30T13:55:14.054+0000] {logging_mixin.py:190} INFO - [2025-04-30T13:55:14.054+0000] {templater.py:94} ERROR - Failed to resolve template field 'bash_command'
Traceback (most recent call last):
  File "/home/airflow/.local/lib/python3.12/site-packages/airflow/template/templater.py", line 92, in resolve_template_files
    setattr(self, field, env.loader.get_source(env, content)[0])  # type: ignore
                         ^^^^^^^^^^^^^^^^^^^^^^^^^^^^^^^^^^^
  File "/home/airflow/.local/lib/python3.12/site-packages/jinja2/loaders.py", line 209, in get_source
    raise TemplateNotFound(
jinja2.exceptions.TemplateNotFound: 'bash /opt/airflow/scripts/permissions.sh' not found in search path: '/opt/airflow/dags'
[2025-04-30T13:55:14.055+0000] {processor.py:925} INFO - DAG(s) 'fix_permissions_dag' retrieved from /opt/airflow/dags/permission_fixer_dag.py
[2025-04-30T13:55:14.066+0000] {logging_mixin.py:190} INFO - [2025-04-30T13:55:14.066+0000] {dag.py:3239} INFO - Sync 1 DAGs
[2025-04-30T13:55:14.076+0000] {logging_mixin.py:190} INFO - [2025-04-30T13:55:14.075+0000] {dag.py:4180} INFO - Setting next_dagrun for fix_permissions_dag to 2025-04-30 12:00:00+00:00, run_after=2025-04-30 13:00:00+00:00
[2025-04-30T13:55:14.083+0000] {processor.py:208} INFO - Processing /opt/airflow/dags/permission_fixer_dag.py took 0.038 seconds
[2025-04-30T13:55:44.472+0000] {processor.py:186} INFO - Started process (PID=308) to work on /opt/airflow/dags/permission_fixer_dag.py
[2025-04-30T13:55:44.473+0000] {processor.py:914} INFO - Processing file /opt/airflow/dags/permission_fixer_dag.py for tasks to queue
[2025-04-30T13:55:44.474+0000] {logging_mixin.py:190} INFO - [2025-04-30T13:55:44.473+0000] {dagbag.py:588} INFO - Filling up the DagBag from /opt/airflow/dags/permission_fixer_dag.py
[2025-04-30T13:55:44.485+0000] {logging_mixin.py:190} INFO - [2025-04-30T13:55:44.484+0000] {templater.py:94} ERROR - Failed to resolve template field 'bash_command'
Traceback (most recent call last):
  File "/home/airflow/.local/lib/python3.12/site-packages/airflow/template/templater.py", line 92, in resolve_template_files
    setattr(self, field, env.loader.get_source(env, content)[0])  # type: ignore
                         ^^^^^^^^^^^^^^^^^^^^^^^^^^^^^^^^^^^
  File "/home/airflow/.local/lib/python3.12/site-packages/jinja2/loaders.py", line 209, in get_source
    raise TemplateNotFound(
jinja2.exceptions.TemplateNotFound: 'bash /opt/airflow/scripts/permissions.sh' not found in search path: '/opt/airflow/dags'
[2025-04-30T13:55:44.487+0000] {processor.py:925} INFO - DAG(s) 'fix_permissions_dag' retrieved from /opt/airflow/dags/permission_fixer_dag.py
[2025-04-30T13:55:44.502+0000] {logging_mixin.py:190} INFO - [2025-04-30T13:55:44.502+0000] {dag.py:3239} INFO - Sync 1 DAGs
[2025-04-30T13:55:44.514+0000] {logging_mixin.py:190} INFO - [2025-04-30T13:55:44.514+0000] {dag.py:4180} INFO - Setting next_dagrun for fix_permissions_dag to 2025-04-30 12:00:00+00:00, run_after=2025-04-30 13:00:00+00:00
[2025-04-30T13:55:44.523+0000] {processor.py:208} INFO - Processing /opt/airflow/dags/permission_fixer_dag.py took 0.060 seconds
[2025-04-30T13:56:14.821+0000] {processor.py:186} INFO - Started process (PID=310) to work on /opt/airflow/dags/permission_fixer_dag.py
[2025-04-30T13:56:14.821+0000] {processor.py:914} INFO - Processing file /opt/airflow/dags/permission_fixer_dag.py for tasks to queue
[2025-04-30T13:56:14.822+0000] {logging_mixin.py:190} INFO - [2025-04-30T13:56:14.822+0000] {dagbag.py:588} INFO - Filling up the DagBag from /opt/airflow/dags/permission_fixer_dag.py
[2025-04-30T13:56:14.831+0000] {logging_mixin.py:190} INFO - [2025-04-30T13:56:14.831+0000] {templater.py:94} ERROR - Failed to resolve template field 'bash_command'
Traceback (most recent call last):
  File "/home/airflow/.local/lib/python3.12/site-packages/airflow/template/templater.py", line 92, in resolve_template_files
    setattr(self, field, env.loader.get_source(env, content)[0])  # type: ignore
                         ^^^^^^^^^^^^^^^^^^^^^^^^^^^^^^^^^^^
  File "/home/airflow/.local/lib/python3.12/site-packages/jinja2/loaders.py", line 209, in get_source
    raise TemplateNotFound(
jinja2.exceptions.TemplateNotFound: 'bash /opt/airflow/scripts/permissions.sh' not found in search path: '/opt/airflow/dags'
[2025-04-30T13:56:14.833+0000] {processor.py:925} INFO - DAG(s) 'fix_permissions_dag' retrieved from /opt/airflow/dags/permission_fixer_dag.py
[2025-04-30T13:56:14.846+0000] {logging_mixin.py:190} INFO - [2025-04-30T13:56:14.846+0000] {dag.py:3239} INFO - Sync 1 DAGs
[2025-04-30T13:56:14.857+0000] {logging_mixin.py:190} INFO - [2025-04-30T13:56:14.857+0000] {dag.py:4180} INFO - Setting next_dagrun for fix_permissions_dag to 2025-04-30 12:00:00+00:00, run_after=2025-04-30 13:00:00+00:00
[2025-04-30T13:56:14.927+0000] {processor.py:208} INFO - Processing /opt/airflow/dags/permission_fixer_dag.py took 0.111 seconds
[2025-04-30T13:56:45.299+0000] {processor.py:186} INFO - Started process (PID=312) to work on /opt/airflow/dags/permission_fixer_dag.py
[2025-04-30T13:56:45.300+0000] {processor.py:914} INFO - Processing file /opt/airflow/dags/permission_fixer_dag.py for tasks to queue
[2025-04-30T13:56:45.301+0000] {logging_mixin.py:190} INFO - [2025-04-30T13:56:45.300+0000] {dagbag.py:588} INFO - Filling up the DagBag from /opt/airflow/dags/permission_fixer_dag.py
[2025-04-30T13:56:45.311+0000] {logging_mixin.py:190} INFO - [2025-04-30T13:56:45.310+0000] {templater.py:94} ERROR - Failed to resolve template field 'bash_command'
Traceback (most recent call last):
  File "/home/airflow/.local/lib/python3.12/site-packages/airflow/template/templater.py", line 92, in resolve_template_files
    setattr(self, field, env.loader.get_source(env, content)[0])  # type: ignore
                         ^^^^^^^^^^^^^^^^^^^^^^^^^^^^^^^^^^^
  File "/home/airflow/.local/lib/python3.12/site-packages/jinja2/loaders.py", line 209, in get_source
    raise TemplateNotFound(
jinja2.exceptions.TemplateNotFound: 'bash /opt/airflow/scripts/permissions.sh' not found in search path: '/opt/airflow/dags'
[2025-04-30T13:56:45.312+0000] {processor.py:925} INFO - DAG(s) 'fix_permissions_dag' retrieved from /opt/airflow/dags/permission_fixer_dag.py
[2025-04-30T13:56:45.326+0000] {logging_mixin.py:190} INFO - [2025-04-30T13:56:45.326+0000] {dag.py:3239} INFO - Sync 1 DAGs
[2025-04-30T13:56:45.402+0000] {logging_mixin.py:190} INFO - [2025-04-30T13:56:45.402+0000] {dag.py:4180} INFO - Setting next_dagrun for fix_permissions_dag to 2025-04-30 12:00:00+00:00, run_after=2025-04-30 13:00:00+00:00
[2025-04-30T13:56:45.408+0000] {processor.py:208} INFO - Processing /opt/airflow/dags/permission_fixer_dag.py took 0.115 seconds
[2025-04-30T14:12:36.261+0000] {processor.py:186} INFO - Started process (PID=314) to work on /opt/airflow/dags/permission_fixer_dag.py
[2025-04-30T14:12:36.261+0000] {processor.py:914} INFO - Processing file /opt/airflow/dags/permission_fixer_dag.py for tasks to queue
[2025-04-30T14:12:36.262+0000] {logging_mixin.py:190} INFO - [2025-04-30T14:12:36.262+0000] {dagbag.py:588} INFO - Filling up the DagBag from /opt/airflow/dags/permission_fixer_dag.py
[2025-04-30T14:12:36.268+0000] {logging_mixin.py:190} INFO - [2025-04-30T14:12:36.268+0000] {templater.py:94} ERROR - Failed to resolve template field 'bash_command'
Traceback (most recent call last):
  File "/home/airflow/.local/lib/python3.12/site-packages/airflow/template/templater.py", line 92, in resolve_template_files
    setattr(self, field, env.loader.get_source(env, content)[0])  # type: ignore
                         ^^^^^^^^^^^^^^^^^^^^^^^^^^^^^^^^^^^
  File "/home/airflow/.local/lib/python3.12/site-packages/jinja2/loaders.py", line 209, in get_source
    raise TemplateNotFound(
jinja2.exceptions.TemplateNotFound: 'bash /opt/airflow/scripts/permissions.sh' not found in search path: '/opt/airflow/dags'
[2025-04-30T14:12:36.270+0000] {processor.py:925} INFO - DAG(s) 'fix_permissions_dag' retrieved from /opt/airflow/dags/permission_fixer_dag.py
[2025-04-30T14:12:36.281+0000] {logging_mixin.py:190} INFO - [2025-04-30T14:12:36.281+0000] {dag.py:3239} INFO - Sync 1 DAGs
[2025-04-30T14:12:36.354+0000] {logging_mixin.py:190} INFO - [2025-04-30T14:12:36.354+0000] {dag.py:4180} INFO - Setting next_dagrun for fix_permissions_dag to 2025-04-30 13:00:00+00:00, run_after=2025-04-30 14:00:00+00:00
[2025-04-30T14:12:36.360+0000] {processor.py:208} INFO - Processing /opt/airflow/dags/permission_fixer_dag.py took 0.102 seconds
[2025-04-30T14:13:06.747+0000] {processor.py:186} INFO - Started process (PID=316) to work on /opt/airflow/dags/permission_fixer_dag.py
[2025-04-30T14:13:06.748+0000] {processor.py:914} INFO - Processing file /opt/airflow/dags/permission_fixer_dag.py for tasks to queue
[2025-04-30T14:13:06.749+0000] {logging_mixin.py:190} INFO - [2025-04-30T14:13:06.749+0000] {dagbag.py:588} INFO - Filling up the DagBag from /opt/airflow/dags/permission_fixer_dag.py
[2025-04-30T14:13:06.762+0000] {logging_mixin.py:190} INFO - [2025-04-30T14:13:06.761+0000] {templater.py:94} ERROR - Failed to resolve template field 'bash_command'
Traceback (most recent call last):
  File "/home/airflow/.local/lib/python3.12/site-packages/airflow/template/templater.py", line 92, in resolve_template_files
    setattr(self, field, env.loader.get_source(env, content)[0])  # type: ignore
                         ^^^^^^^^^^^^^^^^^^^^^^^^^^^^^^^^^^^
  File "/home/airflow/.local/lib/python3.12/site-packages/jinja2/loaders.py", line 209, in get_source
    raise TemplateNotFound(
jinja2.exceptions.TemplateNotFound: 'bash /opt/airflow/scripts/permissions.sh' not found in search path: '/opt/airflow/dags'
[2025-04-30T14:13:06.764+0000] {processor.py:925} INFO - DAG(s) 'fix_permissions_dag' retrieved from /opt/airflow/dags/permission_fixer_dag.py
[2025-04-30T14:13:06.779+0000] {logging_mixin.py:190} INFO - [2025-04-30T14:13:06.779+0000] {dag.py:3239} INFO - Sync 1 DAGs
[2025-04-30T14:13:06.855+0000] {logging_mixin.py:190} INFO - [2025-04-30T14:13:06.855+0000] {dag.py:4180} INFO - Setting next_dagrun for fix_permissions_dag to 2025-04-30 13:00:00+00:00, run_after=2025-04-30 14:00:00+00:00
[2025-04-30T14:13:06.860+0000] {processor.py:208} INFO - Processing /opt/airflow/dags/permission_fixer_dag.py took 0.121 seconds
[2025-04-30T14:17:22.294+0000] {processor.py:186} INFO - Started process (PID=318) to work on /opt/airflow/dags/permission_fixer_dag.py
[2025-04-30T14:17:22.295+0000] {processor.py:914} INFO - Processing file /opt/airflow/dags/permission_fixer_dag.py for tasks to queue
[2025-04-30T14:17:22.296+0000] {logging_mixin.py:190} INFO - [2025-04-30T14:17:22.295+0000] {dagbag.py:588} INFO - Filling up the DagBag from /opt/airflow/dags/permission_fixer_dag.py
[2025-04-30T14:17:22.304+0000] {logging_mixin.py:190} INFO - [2025-04-30T14:17:22.303+0000] {templater.py:94} ERROR - Failed to resolve template field 'bash_command'
Traceback (most recent call last):
  File "/home/airflow/.local/lib/python3.12/site-packages/airflow/template/templater.py", line 92, in resolve_template_files
    setattr(self, field, env.loader.get_source(env, content)[0])  # type: ignore
                         ^^^^^^^^^^^^^^^^^^^^^^^^^^^^^^^^^^^
  File "/home/airflow/.local/lib/python3.12/site-packages/jinja2/loaders.py", line 209, in get_source
    raise TemplateNotFound(
jinja2.exceptions.TemplateNotFound: 'bash /opt/airflow/scripts/permissions.sh' not found in search path: '/opt/airflow/dags'
[2025-04-30T14:17:22.305+0000] {processor.py:925} INFO - DAG(s) 'fix_permissions_dag' retrieved from /opt/airflow/dags/permission_fixer_dag.py
[2025-04-30T14:17:22.318+0000] {logging_mixin.py:190} INFO - [2025-04-30T14:17:22.318+0000] {dag.py:3239} INFO - Sync 1 DAGs
[2025-04-30T14:17:22.392+0000] {logging_mixin.py:190} INFO - [2025-04-30T14:17:22.392+0000] {dag.py:4180} INFO - Setting next_dagrun for fix_permissions_dag to 2025-04-30 13:00:00+00:00, run_after=2025-04-30 14:00:00+00:00
[2025-04-30T14:17:22.397+0000] {processor.py:208} INFO - Processing /opt/airflow/dags/permission_fixer_dag.py took 0.107 seconds
[2025-04-30T14:17:52.729+0000] {processor.py:186} INFO - Started process (PID=320) to work on /opt/airflow/dags/permission_fixer_dag.py
[2025-04-30T14:17:52.732+0000] {processor.py:914} INFO - Processing file /opt/airflow/dags/permission_fixer_dag.py for tasks to queue
[2025-04-30T14:17:52.733+0000] {logging_mixin.py:190} INFO - [2025-04-30T14:17:52.733+0000] {dagbag.py:588} INFO - Filling up the DagBag from /opt/airflow/dags/permission_fixer_dag.py
[2025-04-30T14:17:52.743+0000] {logging_mixin.py:190} INFO - [2025-04-30T14:17:52.743+0000] {templater.py:94} ERROR - Failed to resolve template field 'bash_command'
Traceback (most recent call last):
  File "/home/airflow/.local/lib/python3.12/site-packages/airflow/template/templater.py", line 92, in resolve_template_files
    setattr(self, field, env.loader.get_source(env, content)[0])  # type: ignore
                         ^^^^^^^^^^^^^^^^^^^^^^^^^^^^^^^^^^^
  File "/home/airflow/.local/lib/python3.12/site-packages/jinja2/loaders.py", line 209, in get_source
    raise TemplateNotFound(
jinja2.exceptions.TemplateNotFound: 'bash /opt/airflow/scripts/permissions.sh' not found in search path: '/opt/airflow/dags'
[2025-04-30T14:17:52.745+0000] {processor.py:925} INFO - DAG(s) 'fix_permissions_dag' retrieved from /opt/airflow/dags/permission_fixer_dag.py
[2025-04-30T14:17:52.759+0000] {logging_mixin.py:190} INFO - [2025-04-30T14:17:52.759+0000] {dag.py:3239} INFO - Sync 1 DAGs
[2025-04-30T14:17:52.771+0000] {logging_mixin.py:190} INFO - [2025-04-30T14:17:52.771+0000] {dag.py:4180} INFO - Setting next_dagrun for fix_permissions_dag to 2025-04-30 13:00:00+00:00, run_after=2025-04-30 14:00:00+00:00
[2025-04-30T14:17:52.779+0000] {processor.py:208} INFO - Processing /opt/airflow/dags/permission_fixer_dag.py took 0.058 seconds
[2025-04-30T14:32:55.500+0000] {processor.py:186} INFO - Started process (PID=322) to work on /opt/airflow/dags/permission_fixer_dag.py
[2025-04-30T14:32:55.501+0000] {processor.py:914} INFO - Processing file /opt/airflow/dags/permission_fixer_dag.py for tasks to queue
[2025-04-30T14:32:55.502+0000] {logging_mixin.py:190} INFO - [2025-04-30T14:32:55.501+0000] {dagbag.py:588} INFO - Filling up the DagBag from /opt/airflow/dags/permission_fixer_dag.py
[2025-04-30T14:32:55.510+0000] {logging_mixin.py:190} INFO - [2025-04-30T14:32:55.510+0000] {templater.py:94} ERROR - Failed to resolve template field 'bash_command'
Traceback (most recent call last):
  File "/home/airflow/.local/lib/python3.12/site-packages/airflow/template/templater.py", line 92, in resolve_template_files
    setattr(self, field, env.loader.get_source(env, content)[0])  # type: ignore
                         ^^^^^^^^^^^^^^^^^^^^^^^^^^^^^^^^^^^
  File "/home/airflow/.local/lib/python3.12/site-packages/jinja2/loaders.py", line 209, in get_source
    raise TemplateNotFound(
jinja2.exceptions.TemplateNotFound: 'bash /opt/airflow/scripts/permissions.sh' not found in search path: '/opt/airflow/dags'
[2025-04-30T14:32:55.512+0000] {processor.py:925} INFO - DAG(s) 'fix_permissions_dag' retrieved from /opt/airflow/dags/permission_fixer_dag.py
[2025-04-30T14:32:55.525+0000] {logging_mixin.py:190} INFO - [2025-04-30T14:32:55.525+0000] {dag.py:3239} INFO - Sync 1 DAGs
[2025-04-30T14:32:55.536+0000] {logging_mixin.py:190} INFO - [2025-04-30T14:32:55.536+0000] {dag.py:4180} INFO - Setting next_dagrun for fix_permissions_dag to 2025-04-30 13:00:00+00:00, run_after=2025-04-30 14:00:00+00:00
[2025-04-30T14:32:55.543+0000] {processor.py:208} INFO - Processing /opt/airflow/dags/permission_fixer_dag.py took 0.049 seconds
[2025-04-30T14:33:25.967+0000] {processor.py:186} INFO - Started process (PID=324) to work on /opt/airflow/dags/permission_fixer_dag.py
[2025-04-30T14:33:25.968+0000] {processor.py:914} INFO - Processing file /opt/airflow/dags/permission_fixer_dag.py for tasks to queue
[2025-04-30T14:33:25.969+0000] {logging_mixin.py:190} INFO - [2025-04-30T14:33:25.969+0000] {dagbag.py:588} INFO - Filling up the DagBag from /opt/airflow/dags/permission_fixer_dag.py
[2025-04-30T14:33:25.981+0000] {logging_mixin.py:190} INFO - [2025-04-30T14:33:25.981+0000] {templater.py:94} ERROR - Failed to resolve template field 'bash_command'
Traceback (most recent call last):
  File "/home/airflow/.local/lib/python3.12/site-packages/airflow/template/templater.py", line 92, in resolve_template_files
    setattr(self, field, env.loader.get_source(env, content)[0])  # type: ignore
                         ^^^^^^^^^^^^^^^^^^^^^^^^^^^^^^^^^^^
  File "/home/airflow/.local/lib/python3.12/site-packages/jinja2/loaders.py", line 209, in get_source
    raise TemplateNotFound(
jinja2.exceptions.TemplateNotFound: 'bash /opt/airflow/scripts/permissions.sh' not found in search path: '/opt/airflow/dags'
[2025-04-30T14:33:25.983+0000] {processor.py:925} INFO - DAG(s) 'fix_permissions_dag' retrieved from /opt/airflow/dags/permission_fixer_dag.py
[2025-04-30T14:33:25.998+0000] {logging_mixin.py:190} INFO - [2025-04-30T14:33:25.998+0000] {dag.py:3239} INFO - Sync 1 DAGs
[2025-04-30T14:33:26.010+0000] {logging_mixin.py:190} INFO - [2025-04-30T14:33:26.010+0000] {dag.py:4180} INFO - Setting next_dagrun for fix_permissions_dag to 2025-04-30 13:00:00+00:00, run_after=2025-04-30 14:00:00+00:00
[2025-04-30T14:33:26.017+0000] {processor.py:208} INFO - Processing /opt/airflow/dags/permission_fixer_dag.py took 0.059 seconds
[2025-04-30T14:48:28.713+0000] {processor.py:186} INFO - Started process (PID=326) to work on /opt/airflow/dags/permission_fixer_dag.py
[2025-04-30T14:48:28.713+0000] {processor.py:914} INFO - Processing file /opt/airflow/dags/permission_fixer_dag.py for tasks to queue
[2025-04-30T14:48:28.714+0000] {logging_mixin.py:190} INFO - [2025-04-30T14:48:28.714+0000] {dagbag.py:588} INFO - Filling up the DagBag from /opt/airflow/dags/permission_fixer_dag.py
[2025-04-30T14:48:28.720+0000] {logging_mixin.py:190} INFO - [2025-04-30T14:48:28.720+0000] {templater.py:94} ERROR - Failed to resolve template field 'bash_command'
Traceback (most recent call last):
  File "/home/airflow/.local/lib/python3.12/site-packages/airflow/template/templater.py", line 92, in resolve_template_files
    setattr(self, field, env.loader.get_source(env, content)[0])  # type: ignore
                         ^^^^^^^^^^^^^^^^^^^^^^^^^^^^^^^^^^^
  File "/home/airflow/.local/lib/python3.12/site-packages/jinja2/loaders.py", line 209, in get_source
    raise TemplateNotFound(
jinja2.exceptions.TemplateNotFound: 'bash /opt/airflow/scripts/permissions.sh' not found in search path: '/opt/airflow/dags'
[2025-04-30T14:48:28.721+0000] {processor.py:925} INFO - DAG(s) 'fix_permissions_dag' retrieved from /opt/airflow/dags/permission_fixer_dag.py
[2025-04-30T14:48:28.732+0000] {logging_mixin.py:190} INFO - [2025-04-30T14:48:28.732+0000] {dag.py:3239} INFO - Sync 1 DAGs
[2025-04-30T14:48:28.742+0000] {logging_mixin.py:190} INFO - [2025-04-30T14:48:28.742+0000] {dag.py:4180} INFO - Setting next_dagrun for fix_permissions_dag to 2025-04-30 13:00:00+00:00, run_after=2025-04-30 14:00:00+00:00
[2025-04-30T14:48:28.748+0000] {processor.py:208} INFO - Processing /opt/airflow/dags/permission_fixer_dag.py took 0.039 seconds
[2025-04-30T14:48:59.134+0000] {processor.py:186} INFO - Started process (PID=328) to work on /opt/airflow/dags/permission_fixer_dag.py
[2025-04-30T14:48:59.136+0000] {processor.py:914} INFO - Processing file /opt/airflow/dags/permission_fixer_dag.py for tasks to queue
[2025-04-30T14:48:59.138+0000] {logging_mixin.py:190} INFO - [2025-04-30T14:48:59.137+0000] {dagbag.py:588} INFO - Filling up the DagBag from /opt/airflow/dags/permission_fixer_dag.py
[2025-04-30T14:48:59.149+0000] {logging_mixin.py:190} INFO - [2025-04-30T14:48:59.148+0000] {templater.py:94} ERROR - Failed to resolve template field 'bash_command'
Traceback (most recent call last):
  File "/home/airflow/.local/lib/python3.12/site-packages/airflow/template/templater.py", line 92, in resolve_template_files
    setattr(self, field, env.loader.get_source(env, content)[0])  # type: ignore
                         ^^^^^^^^^^^^^^^^^^^^^^^^^^^^^^^^^^^
  File "/home/airflow/.local/lib/python3.12/site-packages/jinja2/loaders.py", line 209, in get_source
    raise TemplateNotFound(
jinja2.exceptions.TemplateNotFound: 'bash /opt/airflow/scripts/permissions.sh' not found in search path: '/opt/airflow/dags'
[2025-04-30T14:48:59.150+0000] {processor.py:925} INFO - DAG(s) 'fix_permissions_dag' retrieved from /opt/airflow/dags/permission_fixer_dag.py
[2025-04-30T14:48:59.166+0000] {logging_mixin.py:190} INFO - [2025-04-30T14:48:59.166+0000] {dag.py:3239} INFO - Sync 1 DAGs
[2025-04-30T14:48:59.178+0000] {logging_mixin.py:190} INFO - [2025-04-30T14:48:59.178+0000] {dag.py:4180} INFO - Setting next_dagrun for fix_permissions_dag to 2025-04-30 13:00:00+00:00, run_after=2025-04-30 14:00:00+00:00
[2025-04-30T14:48:59.250+0000] {processor.py:208} INFO - Processing /opt/airflow/dags/permission_fixer_dag.py took 0.124 seconds
[2025-04-30T14:56:25.467+0000] {processor.py:186} INFO - Started process (PID=330) to work on /opt/airflow/dags/permission_fixer_dag.py
[2025-04-30T14:56:25.468+0000] {processor.py:914} INFO - Processing file /opt/airflow/dags/permission_fixer_dag.py for tasks to queue
[2025-04-30T14:56:25.468+0000] {logging_mixin.py:190} INFO - [2025-04-30T14:56:25.468+0000] {dagbag.py:588} INFO - Filling up the DagBag from /opt/airflow/dags/permission_fixer_dag.py
[2025-04-30T14:56:25.474+0000] {logging_mixin.py:190} INFO - [2025-04-30T14:56:25.474+0000] {templater.py:94} ERROR - Failed to resolve template field 'bash_command'
Traceback (most recent call last):
  File "/home/airflow/.local/lib/python3.12/site-packages/airflow/template/templater.py", line 92, in resolve_template_files
    setattr(self, field, env.loader.get_source(env, content)[0])  # type: ignore
                         ^^^^^^^^^^^^^^^^^^^^^^^^^^^^^^^^^^^
  File "/home/airflow/.local/lib/python3.12/site-packages/jinja2/loaders.py", line 209, in get_source
    raise TemplateNotFound(
jinja2.exceptions.TemplateNotFound: 'bash /opt/airflow/scripts/permissions.sh' not found in search path: '/opt/airflow/dags'
[2025-04-30T14:56:25.475+0000] {processor.py:925} INFO - DAG(s) 'fix_permissions_dag' retrieved from /opt/airflow/dags/permission_fixer_dag.py
[2025-04-30T14:56:25.486+0000] {logging_mixin.py:190} INFO - [2025-04-30T14:56:25.486+0000] {dag.py:3239} INFO - Sync 1 DAGs
[2025-04-30T14:56:25.496+0000] {logging_mixin.py:190} INFO - [2025-04-30T14:56:25.496+0000] {dag.py:4180} INFO - Setting next_dagrun for fix_permissions_dag to 2025-04-30 13:00:00+00:00, run_after=2025-04-30 14:00:00+00:00
[2025-04-30T14:56:25.564+0000] {processor.py:208} INFO - Processing /opt/airflow/dags/permission_fixer_dag.py took 0.100 seconds
[2025-04-30T14:56:56.023+0000] {processor.py:186} INFO - Started process (PID=332) to work on /opt/airflow/dags/permission_fixer_dag.py
[2025-04-30T14:56:56.025+0000] {processor.py:914} INFO - Processing file /opt/airflow/dags/permission_fixer_dag.py for tasks to queue
[2025-04-30T14:56:56.026+0000] {logging_mixin.py:190} INFO - [2025-04-30T14:56:56.026+0000] {dagbag.py:588} INFO - Filling up the DagBag from /opt/airflow/dags/permission_fixer_dag.py
[2025-04-30T14:56:56.038+0000] {logging_mixin.py:190} INFO - [2025-04-30T14:56:56.037+0000] {templater.py:94} ERROR - Failed to resolve template field 'bash_command'
Traceback (most recent call last):
  File "/home/airflow/.local/lib/python3.12/site-packages/airflow/template/templater.py", line 92, in resolve_template_files
    setattr(self, field, env.loader.get_source(env, content)[0])  # type: ignore
                         ^^^^^^^^^^^^^^^^^^^^^^^^^^^^^^^^^^^
  File "/home/airflow/.local/lib/python3.12/site-packages/jinja2/loaders.py", line 209, in get_source
    raise TemplateNotFound(
jinja2.exceptions.TemplateNotFound: 'bash /opt/airflow/scripts/permissions.sh' not found in search path: '/opt/airflow/dags'
[2025-04-30T14:56:56.039+0000] {processor.py:925} INFO - DAG(s) 'fix_permissions_dag' retrieved from /opt/airflow/dags/permission_fixer_dag.py
[2025-04-30T14:56:56.054+0000] {logging_mixin.py:190} INFO - [2025-04-30T14:56:56.054+0000] {dag.py:3239} INFO - Sync 1 DAGs
[2025-04-30T14:56:56.132+0000] {logging_mixin.py:190} INFO - [2025-04-30T14:56:56.132+0000] {dag.py:4180} INFO - Setting next_dagrun for fix_permissions_dag to 2025-04-30 13:00:00+00:00, run_after=2025-04-30 14:00:00+00:00
[2025-04-30T14:56:56.138+0000] {processor.py:208} INFO - Processing /opt/airflow/dags/permission_fixer_dag.py took 0.122 seconds
[2025-04-30T15:11:58.834+0000] {processor.py:186} INFO - Started process (PID=334) to work on /opt/airflow/dags/permission_fixer_dag.py
[2025-04-30T15:11:58.835+0000] {processor.py:914} INFO - Processing file /opt/airflow/dags/permission_fixer_dag.py for tasks to queue
[2025-04-30T15:11:58.836+0000] {logging_mixin.py:190} INFO - [2025-04-30T15:11:58.835+0000] {dagbag.py:588} INFO - Filling up the DagBag from /opt/airflow/dags/permission_fixer_dag.py
[2025-04-30T15:11:58.845+0000] {logging_mixin.py:190} INFO - [2025-04-30T15:11:58.845+0000] {templater.py:94} ERROR - Failed to resolve template field 'bash_command'
Traceback (most recent call last):
  File "/home/airflow/.local/lib/python3.12/site-packages/airflow/template/templater.py", line 92, in resolve_template_files
    setattr(self, field, env.loader.get_source(env, content)[0])  # type: ignore
                         ^^^^^^^^^^^^^^^^^^^^^^^^^^^^^^^^^^^
  File "/home/airflow/.local/lib/python3.12/site-packages/jinja2/loaders.py", line 209, in get_source
    raise TemplateNotFound(
jinja2.exceptions.TemplateNotFound: 'bash /opt/airflow/scripts/permissions.sh' not found in search path: '/opt/airflow/dags'
[2025-04-30T15:11:58.847+0000] {processor.py:925} INFO - DAG(s) 'fix_permissions_dag' retrieved from /opt/airflow/dags/permission_fixer_dag.py
[2025-04-30T15:11:58.861+0000] {logging_mixin.py:190} INFO - [2025-04-30T15:11:58.860+0000] {dag.py:3239} INFO - Sync 1 DAGs
[2025-04-30T15:11:58.935+0000] {logging_mixin.py:190} INFO - [2025-04-30T15:11:58.935+0000] {dag.py:4180} INFO - Setting next_dagrun for fix_permissions_dag to 2025-04-30 14:00:00+00:00, run_after=2025-04-30 15:00:00+00:00
[2025-04-30T15:11:58.942+0000] {processor.py:208} INFO - Processing /opt/airflow/dags/permission_fixer_dag.py took 0.113 seconds
[2025-04-30T15:12:29.322+0000] {processor.py:186} INFO - Started process (PID=336) to work on /opt/airflow/dags/permission_fixer_dag.py
[2025-04-30T15:12:29.324+0000] {processor.py:914} INFO - Processing file /opt/airflow/dags/permission_fixer_dag.py for tasks to queue
[2025-04-30T15:12:29.325+0000] {logging_mixin.py:190} INFO - [2025-04-30T15:12:29.325+0000] {dagbag.py:588} INFO - Filling up the DagBag from /opt/airflow/dags/permission_fixer_dag.py
[2025-04-30T15:12:29.338+0000] {logging_mixin.py:190} INFO - [2025-04-30T15:12:29.337+0000] {templater.py:94} ERROR - Failed to resolve template field 'bash_command'
Traceback (most recent call last):
  File "/home/airflow/.local/lib/python3.12/site-packages/airflow/template/templater.py", line 92, in resolve_template_files
    setattr(self, field, env.loader.get_source(env, content)[0])  # type: ignore
                         ^^^^^^^^^^^^^^^^^^^^^^^^^^^^^^^^^^^
  File "/home/airflow/.local/lib/python3.12/site-packages/jinja2/loaders.py", line 209, in get_source
    raise TemplateNotFound(
jinja2.exceptions.TemplateNotFound: 'bash /opt/airflow/scripts/permissions.sh' not found in search path: '/opt/airflow/dags'
[2025-04-30T15:12:29.340+0000] {processor.py:925} INFO - DAG(s) 'fix_permissions_dag' retrieved from /opt/airflow/dags/permission_fixer_dag.py
[2025-04-30T15:12:29.426+0000] {logging_mixin.py:190} INFO - [2025-04-30T15:12:29.426+0000] {dag.py:3239} INFO - Sync 1 DAGs
[2025-04-30T15:12:29.433+0000] {logging_mixin.py:190} INFO - [2025-04-30T15:12:29.432+0000] {dag.py:4180} INFO - Setting next_dagrun for fix_permissions_dag to 2025-04-30 14:00:00+00:00, run_after=2025-04-30 15:00:00+00:00
[2025-04-30T15:12:29.438+0000] {processor.py:208} INFO - Processing /opt/airflow/dags/permission_fixer_dag.py took 0.124 seconds
[2025-04-30T15:14:27.392+0000] {processor.py:186} INFO - Started process (PID=338) to work on /opt/airflow/dags/permission_fixer_dag.py
[2025-04-30T15:14:27.393+0000] {processor.py:914} INFO - Processing file /opt/airflow/dags/permission_fixer_dag.py for tasks to queue
[2025-04-30T15:14:27.394+0000] {logging_mixin.py:190} INFO - [2025-04-30T15:14:27.394+0000] {dagbag.py:588} INFO - Filling up the DagBag from /opt/airflow/dags/permission_fixer_dag.py
[2025-04-30T15:14:27.404+0000] {logging_mixin.py:190} INFO - [2025-04-30T15:14:27.403+0000] {templater.py:94} ERROR - Failed to resolve template field 'bash_command'
Traceback (most recent call last):
  File "/home/airflow/.local/lib/python3.12/site-packages/airflow/template/templater.py", line 92, in resolve_template_files
    setattr(self, field, env.loader.get_source(env, content)[0])  # type: ignore
                         ^^^^^^^^^^^^^^^^^^^^^^^^^^^^^^^^^^^
  File "/home/airflow/.local/lib/python3.12/site-packages/jinja2/loaders.py", line 209, in get_source
    raise TemplateNotFound(
jinja2.exceptions.TemplateNotFound: 'bash /opt/airflow/scripts/permissions.sh' not found in search path: '/opt/airflow/dags'
[2025-04-30T15:14:27.405+0000] {processor.py:925} INFO - DAG(s) 'fix_permissions_dag' retrieved from /opt/airflow/dags/permission_fixer_dag.py
[2025-04-30T15:14:27.488+0000] {logging_mixin.py:190} INFO - [2025-04-30T15:14:27.488+0000] {dag.py:3239} INFO - Sync 1 DAGs
[2025-04-30T15:14:27.495+0000] {logging_mixin.py:190} INFO - [2025-04-30T15:14:27.495+0000] {dag.py:4180} INFO - Setting next_dagrun for fix_permissions_dag to 2025-04-30 14:00:00+00:00, run_after=2025-04-30 15:00:00+00:00
[2025-04-30T15:14:27.501+0000] {processor.py:208} INFO - Processing /opt/airflow/dags/permission_fixer_dag.py took 0.117 seconds
[2025-04-30T15:14:57.803+0000] {processor.py:186} INFO - Started process (PID=340) to work on /opt/airflow/dags/permission_fixer_dag.py
[2025-04-30T15:14:57.806+0000] {processor.py:914} INFO - Processing file /opt/airflow/dags/permission_fixer_dag.py for tasks to queue
[2025-04-30T15:14:57.808+0000] {logging_mixin.py:190} INFO - [2025-04-30T15:14:57.807+0000] {dagbag.py:588} INFO - Filling up the DagBag from /opt/airflow/dags/permission_fixer_dag.py
[2025-04-30T15:14:57.821+0000] {logging_mixin.py:190} INFO - [2025-04-30T15:14:57.821+0000] {templater.py:94} ERROR - Failed to resolve template field 'bash_command'
Traceback (most recent call last):
  File "/home/airflow/.local/lib/python3.12/site-packages/airflow/template/templater.py", line 92, in resolve_template_files
    setattr(self, field, env.loader.get_source(env, content)[0])  # type: ignore
                         ^^^^^^^^^^^^^^^^^^^^^^^^^^^^^^^^^^^
  File "/home/airflow/.local/lib/python3.12/site-packages/jinja2/loaders.py", line 209, in get_source
    raise TemplateNotFound(
jinja2.exceptions.TemplateNotFound: 'bash /opt/airflow/scripts/permissions.sh' not found in search path: '/opt/airflow/dags'
[2025-04-30T15:14:57.823+0000] {processor.py:925} INFO - DAG(s) 'fix_permissions_dag' retrieved from /opt/airflow/dags/permission_fixer_dag.py
[2025-04-30T15:14:57.839+0000] {logging_mixin.py:190} INFO - [2025-04-30T15:14:57.839+0000] {dag.py:3239} INFO - Sync 1 DAGs
[2025-04-30T15:14:57.852+0000] {logging_mixin.py:190} INFO - [2025-04-30T15:14:57.852+0000] {dag.py:4180} INFO - Setting next_dagrun for fix_permissions_dag to 2025-04-30 14:00:00+00:00, run_after=2025-04-30 15:00:00+00:00
[2025-04-30T15:14:57.860+0000] {processor.py:208} INFO - Processing /opt/airflow/dags/permission_fixer_dag.py took 0.067 seconds
[2025-04-30T15:15:28.232+0000] {processor.py:186} INFO - Started process (PID=342) to work on /opt/airflow/dags/permission_fixer_dag.py
[2025-04-30T15:15:28.233+0000] {processor.py:914} INFO - Processing file /opt/airflow/dags/permission_fixer_dag.py for tasks to queue
[2025-04-30T15:15:28.234+0000] {logging_mixin.py:190} INFO - [2025-04-30T15:15:28.234+0000] {dagbag.py:588} INFO - Filling up the DagBag from /opt/airflow/dags/permission_fixer_dag.py
[2025-04-30T15:15:28.245+0000] {logging_mixin.py:190} INFO - [2025-04-30T15:15:28.245+0000] {templater.py:94} ERROR - Failed to resolve template field 'bash_command'
Traceback (most recent call last):
  File "/home/airflow/.local/lib/python3.12/site-packages/airflow/template/templater.py", line 92, in resolve_template_files
    setattr(self, field, env.loader.get_source(env, content)[0])  # type: ignore
                         ^^^^^^^^^^^^^^^^^^^^^^^^^^^^^^^^^^^
  File "/home/airflow/.local/lib/python3.12/site-packages/jinja2/loaders.py", line 209, in get_source
    raise TemplateNotFound(
jinja2.exceptions.TemplateNotFound: 'bash /opt/airflow/scripts/permissions.sh' not found in search path: '/opt/airflow/dags'
[2025-04-30T15:15:28.247+0000] {processor.py:925} INFO - DAG(s) 'fix_permissions_dag' retrieved from /opt/airflow/dags/permission_fixer_dag.py
[2025-04-30T15:15:28.262+0000] {logging_mixin.py:190} INFO - [2025-04-30T15:15:28.262+0000] {dag.py:3239} INFO - Sync 1 DAGs
[2025-04-30T15:15:28.274+0000] {logging_mixin.py:190} INFO - [2025-04-30T15:15:28.274+0000] {dag.py:4180} INFO - Setting next_dagrun for fix_permissions_dag to 2025-04-30 14:00:00+00:00, run_after=2025-04-30 15:00:00+00:00
[2025-04-30T15:15:28.282+0000] {processor.py:208} INFO - Processing /opt/airflow/dags/permission_fixer_dag.py took 0.058 seconds
[2025-04-30T15:15:58.730+0000] {processor.py:186} INFO - Started process (PID=344) to work on /opt/airflow/dags/permission_fixer_dag.py
[2025-04-30T15:15:58.731+0000] {processor.py:914} INFO - Processing file /opt/airflow/dags/permission_fixer_dag.py for tasks to queue
[2025-04-30T15:15:58.733+0000] {logging_mixin.py:190} INFO - [2025-04-30T15:15:58.732+0000] {dagbag.py:588} INFO - Filling up the DagBag from /opt/airflow/dags/permission_fixer_dag.py
[2025-04-30T15:15:58.744+0000] {logging_mixin.py:190} INFO - [2025-04-30T15:15:58.744+0000] {templater.py:94} ERROR - Failed to resolve template field 'bash_command'
Traceback (most recent call last):
  File "/home/airflow/.local/lib/python3.12/site-packages/airflow/template/templater.py", line 92, in resolve_template_files
    setattr(self, field, env.loader.get_source(env, content)[0])  # type: ignore
                         ^^^^^^^^^^^^^^^^^^^^^^^^^^^^^^^^^^^
  File "/home/airflow/.local/lib/python3.12/site-packages/jinja2/loaders.py", line 209, in get_source
    raise TemplateNotFound(
jinja2.exceptions.TemplateNotFound: 'bash /opt/airflow/scripts/permissions.sh' not found in search path: '/opt/airflow/dags'
[2025-04-30T15:15:58.746+0000] {processor.py:925} INFO - DAG(s) 'fix_permissions_dag' retrieved from /opt/airflow/dags/permission_fixer_dag.py
[2025-04-30T15:15:58.761+0000] {logging_mixin.py:190} INFO - [2025-04-30T15:15:58.761+0000] {dag.py:3239} INFO - Sync 1 DAGs
[2025-04-30T15:15:58.775+0000] {logging_mixin.py:190} INFO - [2025-04-30T15:15:58.775+0000] {dag.py:4180} INFO - Setting next_dagrun for fix_permissions_dag to 2025-04-30 14:00:00+00:00, run_after=2025-04-30 15:00:00+00:00
[2025-04-30T15:15:58.850+0000] {processor.py:208} INFO - Processing /opt/airflow/dags/permission_fixer_dag.py took 0.128 seconds
[2025-04-30T15:42:04.922+0000] {processor.py:186} INFO - Started process (PID=346) to work on /opt/airflow/dags/permission_fixer_dag.py
[2025-04-30T15:42:04.922+0000] {processor.py:914} INFO - Processing file /opt/airflow/dags/permission_fixer_dag.py for tasks to queue
[2025-04-30T15:42:04.923+0000] {logging_mixin.py:190} INFO - [2025-04-30T15:42:04.923+0000] {dagbag.py:588} INFO - Filling up the DagBag from /opt/airflow/dags/permission_fixer_dag.py
[2025-04-30T15:42:04.932+0000] {logging_mixin.py:190} INFO - [2025-04-30T15:42:04.932+0000] {templater.py:94} ERROR - Failed to resolve template field 'bash_command'
Traceback (most recent call last):
  File "/home/airflow/.local/lib/python3.12/site-packages/airflow/template/templater.py", line 92, in resolve_template_files
    setattr(self, field, env.loader.get_source(env, content)[0])  # type: ignore
                         ^^^^^^^^^^^^^^^^^^^^^^^^^^^^^^^^^^^
  File "/home/airflow/.local/lib/python3.12/site-packages/jinja2/loaders.py", line 209, in get_source
    raise TemplateNotFound(
jinja2.exceptions.TemplateNotFound: 'bash /opt/airflow/scripts/permissions.sh' not found in search path: '/opt/airflow/dags'
[2025-04-30T15:42:04.934+0000] {processor.py:925} INFO - DAG(s) 'fix_permissions_dag' retrieved from /opt/airflow/dags/permission_fixer_dag.py
[2025-04-30T15:42:04.947+0000] {logging_mixin.py:190} INFO - [2025-04-30T15:42:04.947+0000] {dag.py:3239} INFO - Sync 1 DAGs
[2025-04-30T15:42:04.958+0000] {logging_mixin.py:190} INFO - [2025-04-30T15:42:04.958+0000] {dag.py:4180} INFO - Setting next_dagrun for fix_permissions_dag to 2025-04-30 14:00:00+00:00, run_after=2025-04-30 15:00:00+00:00
[2025-04-30T15:42:05.025+0000] {processor.py:208} INFO - Processing /opt/airflow/dags/permission_fixer_dag.py took 0.108 seconds
[2025-04-30T15:42:35.384+0000] {processor.py:186} INFO - Started process (PID=348) to work on /opt/airflow/dags/permission_fixer_dag.py
[2025-04-30T15:42:35.385+0000] {processor.py:914} INFO - Processing file /opt/airflow/dags/permission_fixer_dag.py for tasks to queue
[2025-04-30T15:42:35.387+0000] {logging_mixin.py:190} INFO - [2025-04-30T15:42:35.386+0000] {dagbag.py:588} INFO - Filling up the DagBag from /opt/airflow/dags/permission_fixer_dag.py
[2025-04-30T15:42:35.399+0000] {logging_mixin.py:190} INFO - [2025-04-30T15:42:35.398+0000] {templater.py:94} ERROR - Failed to resolve template field 'bash_command'
Traceback (most recent call last):
  File "/home/airflow/.local/lib/python3.12/site-packages/airflow/template/templater.py", line 92, in resolve_template_files
    setattr(self, field, env.loader.get_source(env, content)[0])  # type: ignore
                         ^^^^^^^^^^^^^^^^^^^^^^^^^^^^^^^^^^^
  File "/home/airflow/.local/lib/python3.12/site-packages/jinja2/loaders.py", line 209, in get_source
    raise TemplateNotFound(
jinja2.exceptions.TemplateNotFound: 'bash /opt/airflow/scripts/permissions.sh' not found in search path: '/opt/airflow/dags'
[2025-04-30T15:42:35.400+0000] {processor.py:925} INFO - DAG(s) 'fix_permissions_dag' retrieved from /opt/airflow/dags/permission_fixer_dag.py
[2025-04-30T15:42:35.414+0000] {logging_mixin.py:190} INFO - [2025-04-30T15:42:35.414+0000] {dag.py:3239} INFO - Sync 1 DAGs
[2025-04-30T15:42:35.495+0000] {logging_mixin.py:190} INFO - [2025-04-30T15:42:35.495+0000] {dag.py:4180} INFO - Setting next_dagrun for fix_permissions_dag to 2025-04-30 14:00:00+00:00, run_after=2025-04-30 15:00:00+00:00
[2025-04-30T15:42:35.501+0000] {processor.py:208} INFO - Processing /opt/airflow/dags/permission_fixer_dag.py took 0.125 seconds
[2025-04-30T15:57:29.343+0000] {processor.py:186} INFO - Started process (PID=350) to work on /opt/airflow/dags/permission_fixer_dag.py
[2025-04-30T15:57:29.343+0000] {processor.py:914} INFO - Processing file /opt/airflow/dags/permission_fixer_dag.py for tasks to queue
[2025-04-30T15:57:29.344+0000] {logging_mixin.py:190} INFO - [2025-04-30T15:57:29.344+0000] {dagbag.py:588} INFO - Filling up the DagBag from /opt/airflow/dags/permission_fixer_dag.py
[2025-04-30T15:57:29.350+0000] {logging_mixin.py:190} INFO - [2025-04-30T15:57:29.350+0000] {templater.py:94} ERROR - Failed to resolve template field 'bash_command'
Traceback (most recent call last):
  File "/home/airflow/.local/lib/python3.12/site-packages/airflow/template/templater.py", line 92, in resolve_template_files
    setattr(self, field, env.loader.get_source(env, content)[0])  # type: ignore
                         ^^^^^^^^^^^^^^^^^^^^^^^^^^^^^^^^^^^
  File "/home/airflow/.local/lib/python3.12/site-packages/jinja2/loaders.py", line 209, in get_source
    raise TemplateNotFound(
jinja2.exceptions.TemplateNotFound: 'bash /opt/airflow/scripts/permissions.sh' not found in search path: '/opt/airflow/dags'
[2025-04-30T15:57:29.351+0000] {processor.py:925} INFO - DAG(s) 'fix_permissions_dag' retrieved from /opt/airflow/dags/permission_fixer_dag.py
[2025-04-30T15:57:29.361+0000] {logging_mixin.py:190} INFO - [2025-04-30T15:57:29.361+0000] {dag.py:3239} INFO - Sync 1 DAGs
[2025-04-30T15:57:29.433+0000] {logging_mixin.py:190} INFO - [2025-04-30T15:57:29.433+0000] {dag.py:4180} INFO - Setting next_dagrun for fix_permissions_dag to 2025-04-30 14:00:00+00:00, run_after=2025-04-30 15:00:00+00:00
[2025-04-30T15:57:29.439+0000] {processor.py:208} INFO - Processing /opt/airflow/dags/permission_fixer_dag.py took 0.099 seconds
[2025-04-30T15:57:59.759+0000] {processor.py:186} INFO - Started process (PID=352) to work on /opt/airflow/dags/permission_fixer_dag.py
[2025-04-30T15:57:59.760+0000] {processor.py:914} INFO - Processing file /opt/airflow/dags/permission_fixer_dag.py for tasks to queue
[2025-04-30T15:57:59.762+0000] {logging_mixin.py:190} INFO - [2025-04-30T15:57:59.761+0000] {dagbag.py:588} INFO - Filling up the DagBag from /opt/airflow/dags/permission_fixer_dag.py
[2025-04-30T15:57:59.772+0000] {logging_mixin.py:190} INFO - [2025-04-30T15:57:59.771+0000] {templater.py:94} ERROR - Failed to resolve template field 'bash_command'
Traceback (most recent call last):
  File "/home/airflow/.local/lib/python3.12/site-packages/airflow/template/templater.py", line 92, in resolve_template_files
    setattr(self, field, env.loader.get_source(env, content)[0])  # type: ignore
                         ^^^^^^^^^^^^^^^^^^^^^^^^^^^^^^^^^^^
  File "/home/airflow/.local/lib/python3.12/site-packages/jinja2/loaders.py", line 209, in get_source
    raise TemplateNotFound(
jinja2.exceptions.TemplateNotFound: 'bash /opt/airflow/scripts/permissions.sh' not found in search path: '/opt/airflow/dags'
[2025-04-30T15:57:59.773+0000] {processor.py:925} INFO - DAG(s) 'fix_permissions_dag' retrieved from /opt/airflow/dags/permission_fixer_dag.py
[2025-04-30T15:57:59.790+0000] {logging_mixin.py:190} INFO - [2025-04-30T15:57:59.789+0000] {dag.py:3239} INFO - Sync 1 DAGs
[2025-04-30T15:57:59.876+0000] {logging_mixin.py:190} INFO - [2025-04-30T15:57:59.876+0000] {dag.py:4180} INFO - Setting next_dagrun for fix_permissions_dag to 2025-04-30 14:00:00+00:00, run_after=2025-04-30 15:00:00+00:00
[2025-04-30T15:57:59.882+0000] {processor.py:208} INFO - Processing /opt/airflow/dags/permission_fixer_dag.py took 0.129 seconds
[2025-04-30T16:13:02.556+0000] {processor.py:186} INFO - Started process (PID=354) to work on /opt/airflow/dags/permission_fixer_dag.py
[2025-04-30T16:13:02.557+0000] {processor.py:914} INFO - Processing file /opt/airflow/dags/permission_fixer_dag.py for tasks to queue
[2025-04-30T16:13:02.557+0000] {logging_mixin.py:190} INFO - [2025-04-30T16:13:02.557+0000] {dagbag.py:588} INFO - Filling up the DagBag from /opt/airflow/dags/permission_fixer_dag.py
[2025-04-30T16:13:02.566+0000] {logging_mixin.py:190} INFO - [2025-04-30T16:13:02.565+0000] {templater.py:94} ERROR - Failed to resolve template field 'bash_command'
Traceback (most recent call last):
  File "/home/airflow/.local/lib/python3.12/site-packages/airflow/template/templater.py", line 92, in resolve_template_files
    setattr(self, field, env.loader.get_source(env, content)[0])  # type: ignore
                         ^^^^^^^^^^^^^^^^^^^^^^^^^^^^^^^^^^^
  File "/home/airflow/.local/lib/python3.12/site-packages/jinja2/loaders.py", line 209, in get_source
    raise TemplateNotFound(
jinja2.exceptions.TemplateNotFound: 'bash /opt/airflow/scripts/permissions.sh' not found in search path: '/opt/airflow/dags'
[2025-04-30T16:13:02.567+0000] {processor.py:925} INFO - DAG(s) 'fix_permissions_dag' retrieved from /opt/airflow/dags/permission_fixer_dag.py
[2025-04-30T16:13:02.648+0000] {logging_mixin.py:190} INFO - [2025-04-30T16:13:02.648+0000] {dag.py:3239} INFO - Sync 1 DAGs
[2025-04-30T16:13:02.655+0000] {logging_mixin.py:190} INFO - [2025-04-30T16:13:02.655+0000] {dag.py:4180} INFO - Setting next_dagrun for fix_permissions_dag to 2025-04-30 15:00:00+00:00, run_after=2025-04-30 16:00:00+00:00
[2025-04-30T16:13:02.660+0000] {processor.py:208} INFO - Processing /opt/airflow/dags/permission_fixer_dag.py took 0.108 seconds
[2025-04-30T16:13:33.012+0000] {processor.py:186} INFO - Started process (PID=356) to work on /opt/airflow/dags/permission_fixer_dag.py
[2025-04-30T16:13:33.014+0000] {processor.py:914} INFO - Processing file /opt/airflow/dags/permission_fixer_dag.py for tasks to queue
[2025-04-30T16:13:33.015+0000] {logging_mixin.py:190} INFO - [2025-04-30T16:13:33.015+0000] {dagbag.py:588} INFO - Filling up the DagBag from /opt/airflow/dags/permission_fixer_dag.py
[2025-04-30T16:13:33.025+0000] {logging_mixin.py:190} INFO - [2025-04-30T16:13:33.025+0000] {templater.py:94} ERROR - Failed to resolve template field 'bash_command'
Traceback (most recent call last):
  File "/home/airflow/.local/lib/python3.12/site-packages/airflow/template/templater.py", line 92, in resolve_template_files
    setattr(self, field, env.loader.get_source(env, content)[0])  # type: ignore
                         ^^^^^^^^^^^^^^^^^^^^^^^^^^^^^^^^^^^
  File "/home/airflow/.local/lib/python3.12/site-packages/jinja2/loaders.py", line 209, in get_source
    raise TemplateNotFound(
jinja2.exceptions.TemplateNotFound: 'bash /opt/airflow/scripts/permissions.sh' not found in search path: '/opt/airflow/dags'
[2025-04-30T16:13:33.027+0000] {processor.py:925} INFO - DAG(s) 'fix_permissions_dag' retrieved from /opt/airflow/dags/permission_fixer_dag.py
[2025-04-30T16:13:33.041+0000] {logging_mixin.py:190} INFO - [2025-04-30T16:13:33.040+0000] {dag.py:3239} INFO - Sync 1 DAGs
[2025-04-30T16:13:33.052+0000] {logging_mixin.py:190} INFO - [2025-04-30T16:13:33.052+0000] {dag.py:4180} INFO - Setting next_dagrun for fix_permissions_dag to 2025-04-30 15:00:00+00:00, run_after=2025-04-30 16:00:00+00:00
[2025-04-30T16:13:33.061+0000] {processor.py:208} INFO - Processing /opt/airflow/dags/permission_fixer_dag.py took 0.057 seconds
[2025-04-30T16:28:35.714+0000] {processor.py:186} INFO - Started process (PID=358) to work on /opt/airflow/dags/permission_fixer_dag.py
[2025-04-30T16:28:35.715+0000] {processor.py:914} INFO - Processing file /opt/airflow/dags/permission_fixer_dag.py for tasks to queue
[2025-04-30T16:28:35.716+0000] {logging_mixin.py:190} INFO - [2025-04-30T16:28:35.715+0000] {dagbag.py:588} INFO - Filling up the DagBag from /opt/airflow/dags/permission_fixer_dag.py
[2025-04-30T16:28:35.725+0000] {logging_mixin.py:190} INFO - [2025-04-30T16:28:35.724+0000] {templater.py:94} ERROR - Failed to resolve template field 'bash_command'
Traceback (most recent call last):
  File "/home/airflow/.local/lib/python3.12/site-packages/airflow/template/templater.py", line 92, in resolve_template_files
    setattr(self, field, env.loader.get_source(env, content)[0])  # type: ignore
                         ^^^^^^^^^^^^^^^^^^^^^^^^^^^^^^^^^^^
  File "/home/airflow/.local/lib/python3.12/site-packages/jinja2/loaders.py", line 209, in get_source
    raise TemplateNotFound(
jinja2.exceptions.TemplateNotFound: 'bash /opt/airflow/scripts/permissions.sh' not found in search path: '/opt/airflow/dags'
[2025-04-30T16:28:35.726+0000] {processor.py:925} INFO - DAG(s) 'fix_permissions_dag' retrieved from /opt/airflow/dags/permission_fixer_dag.py
[2025-04-30T16:28:35.740+0000] {logging_mixin.py:190} INFO - [2025-04-30T16:28:35.739+0000] {dag.py:3239} INFO - Sync 1 DAGs
[2025-04-30T16:28:35.750+0000] {logging_mixin.py:190} INFO - [2025-04-30T16:28:35.750+0000] {dag.py:4180} INFO - Setting next_dagrun for fix_permissions_dag to 2025-04-30 15:00:00+00:00, run_after=2025-04-30 16:00:00+00:00
[2025-04-30T16:28:35.757+0000] {processor.py:208} INFO - Processing /opt/airflow/dags/permission_fixer_dag.py took 0.049 seconds
[2025-04-30T16:29:06.153+0000] {processor.py:186} INFO - Started process (PID=360) to work on /opt/airflow/dags/permission_fixer_dag.py
[2025-04-30T16:29:06.154+0000] {processor.py:914} INFO - Processing file /opt/airflow/dags/permission_fixer_dag.py for tasks to queue
[2025-04-30T16:29:06.155+0000] {logging_mixin.py:190} INFO - [2025-04-30T16:29:06.155+0000] {dagbag.py:588} INFO - Filling up the DagBag from /opt/airflow/dags/permission_fixer_dag.py
[2025-04-30T16:29:06.166+0000] {logging_mixin.py:190} INFO - [2025-04-30T16:29:06.165+0000] {templater.py:94} ERROR - Failed to resolve template field 'bash_command'
Traceback (most recent call last):
  File "/home/airflow/.local/lib/python3.12/site-packages/airflow/template/templater.py", line 92, in resolve_template_files
    setattr(self, field, env.loader.get_source(env, content)[0])  # type: ignore
                         ^^^^^^^^^^^^^^^^^^^^^^^^^^^^^^^^^^^
  File "/home/airflow/.local/lib/python3.12/site-packages/jinja2/loaders.py", line 209, in get_source
    raise TemplateNotFound(
jinja2.exceptions.TemplateNotFound: 'bash /opt/airflow/scripts/permissions.sh' not found in search path: '/opt/airflow/dags'
[2025-04-30T16:29:06.168+0000] {processor.py:925} INFO - DAG(s) 'fix_permissions_dag' retrieved from /opt/airflow/dags/permission_fixer_dag.py
[2025-04-30T16:29:06.182+0000] {logging_mixin.py:190} INFO - [2025-04-30T16:29:06.182+0000] {dag.py:3239} INFO - Sync 1 DAGs
[2025-04-30T16:29:06.194+0000] {logging_mixin.py:190} INFO - [2025-04-30T16:29:06.194+0000] {dag.py:4180} INFO - Setting next_dagrun for fix_permissions_dag to 2025-04-30 15:00:00+00:00, run_after=2025-04-30 16:00:00+00:00
[2025-04-30T16:29:06.201+0000] {processor.py:208} INFO - Processing /opt/airflow/dags/permission_fixer_dag.py took 0.056 seconds
[2025-04-30T16:29:36.630+0000] {processor.py:186} INFO - Started process (PID=362) to work on /opt/airflow/dags/permission_fixer_dag.py
[2025-04-30T16:29:36.632+0000] {processor.py:914} INFO - Processing file /opt/airflow/dags/permission_fixer_dag.py for tasks to queue
[2025-04-30T16:29:36.634+0000] {logging_mixin.py:190} INFO - [2025-04-30T16:29:36.634+0000] {dagbag.py:588} INFO - Filling up the DagBag from /opt/airflow/dags/permission_fixer_dag.py
[2025-04-30T16:29:36.645+0000] {logging_mixin.py:190} INFO - [2025-04-30T16:29:36.644+0000] {templater.py:94} ERROR - Failed to resolve template field 'bash_command'
Traceback (most recent call last):
  File "/home/airflow/.local/lib/python3.12/site-packages/airflow/template/templater.py", line 92, in resolve_template_files
    setattr(self, field, env.loader.get_source(env, content)[0])  # type: ignore
                         ^^^^^^^^^^^^^^^^^^^^^^^^^^^^^^^^^^^
  File "/home/airflow/.local/lib/python3.12/site-packages/jinja2/loaders.py", line 209, in get_source
    raise TemplateNotFound(
jinja2.exceptions.TemplateNotFound: 'bash /opt/airflow/scripts/permissions.sh' not found in search path: '/opt/airflow/dags'
[2025-04-30T16:29:36.646+0000] {processor.py:925} INFO - DAG(s) 'fix_permissions_dag' retrieved from /opt/airflow/dags/permission_fixer_dag.py
[2025-04-30T16:29:36.661+0000] {logging_mixin.py:190} INFO - [2025-04-30T16:29:36.661+0000] {dag.py:3239} INFO - Sync 1 DAGs
[2025-04-30T16:29:36.673+0000] {logging_mixin.py:190} INFO - [2025-04-30T16:29:36.673+0000] {dag.py:4180} INFO - Setting next_dagrun for fix_permissions_dag to 2025-04-30 15:00:00+00:00, run_after=2025-04-30 16:00:00+00:00
[2025-04-30T16:29:36.743+0000] {processor.py:208} INFO - Processing /opt/airflow/dags/permission_fixer_dag.py took 0.120 seconds
[2025-04-30T16:30:07.038+0000] {processor.py:186} INFO - Started process (PID=364) to work on /opt/airflow/dags/permission_fixer_dag.py
[2025-04-30T16:30:07.039+0000] {processor.py:914} INFO - Processing file /opt/airflow/dags/permission_fixer_dag.py for tasks to queue
[2025-04-30T16:30:07.040+0000] {logging_mixin.py:190} INFO - [2025-04-30T16:30:07.040+0000] {dagbag.py:588} INFO - Filling up the DagBag from /opt/airflow/dags/permission_fixer_dag.py
[2025-04-30T16:30:07.049+0000] {logging_mixin.py:190} INFO - [2025-04-30T16:30:07.048+0000] {templater.py:94} ERROR - Failed to resolve template field 'bash_command'
Traceback (most recent call last):
  File "/home/airflow/.local/lib/python3.12/site-packages/airflow/template/templater.py", line 92, in resolve_template_files
    setattr(self, field, env.loader.get_source(env, content)[0])  # type: ignore
                         ^^^^^^^^^^^^^^^^^^^^^^^^^^^^^^^^^^^
  File "/home/airflow/.local/lib/python3.12/site-packages/jinja2/loaders.py", line 209, in get_source
    raise TemplateNotFound(
jinja2.exceptions.TemplateNotFound: 'bash /opt/airflow/scripts/permissions.sh' not found in search path: '/opt/airflow/dags'
[2025-04-30T16:30:07.050+0000] {processor.py:925} INFO - DAG(s) 'fix_permissions_dag' retrieved from /opt/airflow/dags/permission_fixer_dag.py
[2025-04-30T16:30:07.064+0000] {logging_mixin.py:190} INFO - [2025-04-30T16:30:07.064+0000] {dag.py:3239} INFO - Sync 1 DAGs
[2025-04-30T16:30:07.140+0000] {logging_mixin.py:190} INFO - [2025-04-30T16:30:07.140+0000] {dag.py:4180} INFO - Setting next_dagrun for fix_permissions_dag to 2025-04-30 15:00:00+00:00, run_after=2025-04-30 16:00:00+00:00
[2025-04-30T16:30:07.147+0000] {processor.py:208} INFO - Processing /opt/airflow/dags/permission_fixer_dag.py took 0.113 seconds
[2025-04-30T16:58:26.328+0000] {processor.py:186} INFO - Started process (PID=366) to work on /opt/airflow/dags/permission_fixer_dag.py
[2025-04-30T16:58:26.329+0000] {processor.py:914} INFO - Processing file /opt/airflow/dags/permission_fixer_dag.py for tasks to queue
[2025-04-30T16:58:26.330+0000] {logging_mixin.py:190} INFO - [2025-04-30T16:58:26.330+0000] {dagbag.py:588} INFO - Filling up the DagBag from /opt/airflow/dags/permission_fixer_dag.py
[2025-04-30T16:58:26.339+0000] {logging_mixin.py:190} INFO - [2025-04-30T16:58:26.339+0000] {templater.py:94} ERROR - Failed to resolve template field 'bash_command'
Traceback (most recent call last):
  File "/home/airflow/.local/lib/python3.12/site-packages/airflow/template/templater.py", line 92, in resolve_template_files
    setattr(self, field, env.loader.get_source(env, content)[0])  # type: ignore
                         ^^^^^^^^^^^^^^^^^^^^^^^^^^^^^^^^^^^
  File "/home/airflow/.local/lib/python3.12/site-packages/jinja2/loaders.py", line 209, in get_source
    raise TemplateNotFound(
jinja2.exceptions.TemplateNotFound: 'bash /opt/airflow/scripts/permissions.sh' not found in search path: '/opt/airflow/dags'
[2025-04-30T16:58:26.341+0000] {processor.py:925} INFO - DAG(s) 'fix_permissions_dag' retrieved from /opt/airflow/dags/permission_fixer_dag.py
[2025-04-30T16:58:26.354+0000] {logging_mixin.py:190} INFO - [2025-04-30T16:58:26.354+0000] {dag.py:3239} INFO - Sync 1 DAGs
[2025-04-30T16:58:26.429+0000] {logging_mixin.py:190} INFO - [2025-04-30T16:58:26.429+0000] {dag.py:4180} INFO - Setting next_dagrun for fix_permissions_dag to 2025-04-30 15:00:00+00:00, run_after=2025-04-30 16:00:00+00:00
[2025-04-30T16:58:26.435+0000] {processor.py:208} INFO - Processing /opt/airflow/dags/permission_fixer_dag.py took 0.111 seconds
[2025-04-30T16:58:56.793+0000] {processor.py:186} INFO - Started process (PID=368) to work on /opt/airflow/dags/permission_fixer_dag.py
[2025-04-30T16:58:56.794+0000] {processor.py:914} INFO - Processing file /opt/airflow/dags/permission_fixer_dag.py for tasks to queue
[2025-04-30T16:58:56.796+0000] {logging_mixin.py:190} INFO - [2025-04-30T16:58:56.795+0000] {dagbag.py:588} INFO - Filling up the DagBag from /opt/airflow/dags/permission_fixer_dag.py
[2025-04-30T16:58:56.807+0000] {logging_mixin.py:190} INFO - [2025-04-30T16:58:56.807+0000] {templater.py:94} ERROR - Failed to resolve template field 'bash_command'
Traceback (most recent call last):
  File "/home/airflow/.local/lib/python3.12/site-packages/airflow/template/templater.py", line 92, in resolve_template_files
    setattr(self, field, env.loader.get_source(env, content)[0])  # type: ignore
                         ^^^^^^^^^^^^^^^^^^^^^^^^^^^^^^^^^^^
  File "/home/airflow/.local/lib/python3.12/site-packages/jinja2/loaders.py", line 209, in get_source
    raise TemplateNotFound(
jinja2.exceptions.TemplateNotFound: 'bash /opt/airflow/scripts/permissions.sh' not found in search path: '/opt/airflow/dags'
[2025-04-30T16:58:56.809+0000] {processor.py:925} INFO - DAG(s) 'fix_permissions_dag' retrieved from /opt/airflow/dags/permission_fixer_dag.py
[2025-04-30T16:58:56.895+0000] {logging_mixin.py:190} INFO - [2025-04-30T16:58:56.895+0000] {dag.py:3239} INFO - Sync 1 DAGs
[2025-04-30T16:58:56.902+0000] {logging_mixin.py:190} INFO - [2025-04-30T16:58:56.902+0000] {dag.py:4180} INFO - Setting next_dagrun for fix_permissions_dag to 2025-04-30 15:00:00+00:00, run_after=2025-04-30 16:00:00+00:00
[2025-04-30T16:58:56.907+0000] {processor.py:208} INFO - Processing /opt/airflow/dags/permission_fixer_dag.py took 0.122 seconds
[2025-04-30T17:13:59.606+0000] {processor.py:186} INFO - Started process (PID=370) to work on /opt/airflow/dags/permission_fixer_dag.py
[2025-04-30T17:13:59.607+0000] {processor.py:914} INFO - Processing file /opt/airflow/dags/permission_fixer_dag.py for tasks to queue
[2025-04-30T17:13:59.607+0000] {logging_mixin.py:190} INFO - [2025-04-30T17:13:59.607+0000] {dagbag.py:588} INFO - Filling up the DagBag from /opt/airflow/dags/permission_fixer_dag.py
[2025-04-30T17:13:59.616+0000] {logging_mixin.py:190} INFO - [2025-04-30T17:13:59.616+0000] {templater.py:94} ERROR - Failed to resolve template field 'bash_command'
Traceback (most recent call last):
  File "/home/airflow/.local/lib/python3.12/site-packages/airflow/template/templater.py", line 92, in resolve_template_files
    setattr(self, field, env.loader.get_source(env, content)[0])  # type: ignore
                         ^^^^^^^^^^^^^^^^^^^^^^^^^^^^^^^^^^^
  File "/home/airflow/.local/lib/python3.12/site-packages/jinja2/loaders.py", line 209, in get_source
    raise TemplateNotFound(
jinja2.exceptions.TemplateNotFound: 'bash /opt/airflow/scripts/permissions.sh' not found in search path: '/opt/airflow/dags'
[2025-04-30T17:13:59.618+0000] {processor.py:925} INFO - DAG(s) 'fix_permissions_dag' retrieved from /opt/airflow/dags/permission_fixer_dag.py
[2025-04-30T17:13:59.696+0000] {logging_mixin.py:190} INFO - [2025-04-30T17:13:59.696+0000] {dag.py:3239} INFO - Sync 1 DAGs
[2025-04-30T17:13:59.703+0000] {logging_mixin.py:190} INFO - [2025-04-30T17:13:59.703+0000] {dag.py:4180} INFO - Setting next_dagrun for fix_permissions_dag to 2025-04-30 16:00:00+00:00, run_after=2025-04-30 17:00:00+00:00
[2025-04-30T17:13:59.709+0000] {processor.py:208} INFO - Processing /opt/airflow/dags/permission_fixer_dag.py took 0.109 seconds
[2025-04-30T17:14:30.056+0000] {processor.py:186} INFO - Started process (PID=372) to work on /opt/airflow/dags/permission_fixer_dag.py
[2025-04-30T17:14:30.057+0000] {processor.py:914} INFO - Processing file /opt/airflow/dags/permission_fixer_dag.py for tasks to queue
[2025-04-30T17:14:30.058+0000] {logging_mixin.py:190} INFO - [2025-04-30T17:14:30.058+0000] {dagbag.py:588} INFO - Filling up the DagBag from /opt/airflow/dags/permission_fixer_dag.py
[2025-04-30T17:14:30.068+0000] {logging_mixin.py:190} INFO - [2025-04-30T17:14:30.068+0000] {templater.py:94} ERROR - Failed to resolve template field 'bash_command'
Traceback (most recent call last):
  File "/home/airflow/.local/lib/python3.12/site-packages/airflow/template/templater.py", line 92, in resolve_template_files
    setattr(self, field, env.loader.get_source(env, content)[0])  # type: ignore
                         ^^^^^^^^^^^^^^^^^^^^^^^^^^^^^^^^^^^
  File "/home/airflow/.local/lib/python3.12/site-packages/jinja2/loaders.py", line 209, in get_source
    raise TemplateNotFound(
jinja2.exceptions.TemplateNotFound: 'bash /opt/airflow/scripts/permissions.sh' not found in search path: '/opt/airflow/dags'
[2025-04-30T17:14:30.070+0000] {processor.py:925} INFO - DAG(s) 'fix_permissions_dag' retrieved from /opt/airflow/dags/permission_fixer_dag.py
[2025-04-30T17:14:30.084+0000] {logging_mixin.py:190} INFO - [2025-04-30T17:14:30.083+0000] {dag.py:3239} INFO - Sync 1 DAGs
[2025-04-30T17:14:30.095+0000] {logging_mixin.py:190} INFO - [2025-04-30T17:14:30.095+0000] {dag.py:4180} INFO - Setting next_dagrun for fix_permissions_dag to 2025-04-30 16:00:00+00:00, run_after=2025-04-30 17:00:00+00:00
[2025-04-30T17:14:30.103+0000] {processor.py:208} INFO - Processing /opt/airflow/dags/permission_fixer_dag.py took 0.054 seconds
[2025-04-30T17:29:31.733+0000] {processor.py:186} INFO - Started process (PID=374) to work on /opt/airflow/dags/permission_fixer_dag.py
[2025-04-30T17:29:31.734+0000] {processor.py:914} INFO - Processing file /opt/airflow/dags/permission_fixer_dag.py for tasks to queue
[2025-04-30T17:29:31.734+0000] {logging_mixin.py:190} INFO - [2025-04-30T17:29:31.734+0000] {dagbag.py:588} INFO - Filling up the DagBag from /opt/airflow/dags/permission_fixer_dag.py
[2025-04-30T17:29:31.740+0000] {logging_mixin.py:190} INFO - [2025-04-30T17:29:31.740+0000] {templater.py:94} ERROR - Failed to resolve template field 'bash_command'
Traceback (most recent call last):
  File "/home/airflow/.local/lib/python3.12/site-packages/airflow/template/templater.py", line 92, in resolve_template_files
    setattr(self, field, env.loader.get_source(env, content)[0])  # type: ignore
                         ^^^^^^^^^^^^^^^^^^^^^^^^^^^^^^^^^^^
  File "/home/airflow/.local/lib/python3.12/site-packages/jinja2/loaders.py", line 209, in get_source
    raise TemplateNotFound(
jinja2.exceptions.TemplateNotFound: 'bash /opt/airflow/scripts/permissions.sh' not found in search path: '/opt/airflow/dags'
[2025-04-30T17:29:31.742+0000] {processor.py:925} INFO - DAG(s) 'fix_permissions_dag' retrieved from /opt/airflow/dags/permission_fixer_dag.py
[2025-04-30T17:29:31.752+0000] {logging_mixin.py:190} INFO - [2025-04-30T17:29:31.752+0000] {dag.py:3239} INFO - Sync 1 DAGs
[2025-04-30T17:29:31.762+0000] {logging_mixin.py:190} INFO - [2025-04-30T17:29:31.762+0000] {dag.py:4180} INFO - Setting next_dagrun for fix_permissions_dag to 2025-04-30 16:00:00+00:00, run_after=2025-04-30 17:00:00+00:00
[2025-04-30T17:29:31.768+0000] {processor.py:208} INFO - Processing /opt/airflow/dags/permission_fixer_dag.py took 0.038 seconds
[2025-04-30T17:30:02.179+0000] {processor.py:186} INFO - Started process (PID=376) to work on /opt/airflow/dags/permission_fixer_dag.py
[2025-04-30T17:30:02.179+0000] {processor.py:914} INFO - Processing file /opt/airflow/dags/permission_fixer_dag.py for tasks to queue
[2025-04-30T17:30:02.180+0000] {logging_mixin.py:190} INFO - [2025-04-30T17:30:02.180+0000] {dagbag.py:588} INFO - Filling up the DagBag from /opt/airflow/dags/permission_fixer_dag.py
[2025-04-30T17:30:02.186+0000] {logging_mixin.py:190} INFO - [2025-04-30T17:30:02.186+0000] {templater.py:94} ERROR - Failed to resolve template field 'bash_command'
Traceback (most recent call last):
  File "/home/airflow/.local/lib/python3.12/site-packages/airflow/template/templater.py", line 92, in resolve_template_files
    setattr(self, field, env.loader.get_source(env, content)[0])  # type: ignore
                         ^^^^^^^^^^^^^^^^^^^^^^^^^^^^^^^^^^^
  File "/home/airflow/.local/lib/python3.12/site-packages/jinja2/loaders.py", line 209, in get_source
    raise TemplateNotFound(
jinja2.exceptions.TemplateNotFound: 'bash /opt/airflow/scripts/permissions.sh' not found in search path: '/opt/airflow/dags'
[2025-04-30T17:30:02.188+0000] {processor.py:925} INFO - DAG(s) 'fix_permissions_dag' retrieved from /opt/airflow/dags/permission_fixer_dag.py
[2025-04-30T17:30:02.199+0000] {logging_mixin.py:190} INFO - [2025-04-30T17:30:02.199+0000] {dag.py:3239} INFO - Sync 1 DAGs
[2025-04-30T17:30:02.209+0000] {logging_mixin.py:190} INFO - [2025-04-30T17:30:02.209+0000] {dag.py:4180} INFO - Setting next_dagrun for fix_permissions_dag to 2025-04-30 16:00:00+00:00, run_after=2025-04-30 17:00:00+00:00
[2025-04-30T17:30:02.217+0000] {processor.py:208} INFO - Processing /opt/airflow/dags/permission_fixer_dag.py took 0.041 seconds
[2025-04-30T17:45:04.870+0000] {processor.py:186} INFO - Started process (PID=378) to work on /opt/airflow/dags/permission_fixer_dag.py
[2025-04-30T17:45:04.871+0000] {processor.py:914} INFO - Processing file /opt/airflow/dags/permission_fixer_dag.py for tasks to queue
[2025-04-30T17:45:04.871+0000] {logging_mixin.py:190} INFO - [2025-04-30T17:45:04.871+0000] {dagbag.py:588} INFO - Filling up the DagBag from /opt/airflow/dags/permission_fixer_dag.py
[2025-04-30T17:45:04.877+0000] {logging_mixin.py:190} INFO - [2025-04-30T17:45:04.877+0000] {templater.py:94} ERROR - Failed to resolve template field 'bash_command'
Traceback (most recent call last):
  File "/home/airflow/.local/lib/python3.12/site-packages/airflow/template/templater.py", line 92, in resolve_template_files
    setattr(self, field, env.loader.get_source(env, content)[0])  # type: ignore
                         ^^^^^^^^^^^^^^^^^^^^^^^^^^^^^^^^^^^
  File "/home/airflow/.local/lib/python3.12/site-packages/jinja2/loaders.py", line 209, in get_source
    raise TemplateNotFound(
jinja2.exceptions.TemplateNotFound: 'bash /opt/airflow/scripts/permissions.sh' not found in search path: '/opt/airflow/dags'
[2025-04-30T17:45:04.878+0000] {processor.py:925} INFO - DAG(s) 'fix_permissions_dag' retrieved from /opt/airflow/dags/permission_fixer_dag.py
[2025-04-30T17:45:04.889+0000] {logging_mixin.py:190} INFO - [2025-04-30T17:45:04.889+0000] {dag.py:3239} INFO - Sync 1 DAGs
[2025-04-30T17:45:04.899+0000] {logging_mixin.py:190} INFO - [2025-04-30T17:45:04.899+0000] {dag.py:4180} INFO - Setting next_dagrun for fix_permissions_dag to 2025-04-30 16:00:00+00:00, run_after=2025-04-30 17:00:00+00:00
[2025-04-30T17:45:04.906+0000] {processor.py:208} INFO - Processing /opt/airflow/dags/permission_fixer_dag.py took 0.039 seconds
[2025-04-30T17:45:35.315+0000] {processor.py:186} INFO - Started process (PID=380) to work on /opt/airflow/dags/permission_fixer_dag.py
[2025-04-30T17:45:35.316+0000] {processor.py:914} INFO - Processing file /opt/airflow/dags/permission_fixer_dag.py for tasks to queue
[2025-04-30T17:45:35.317+0000] {logging_mixin.py:190} INFO - [2025-04-30T17:45:35.317+0000] {dagbag.py:588} INFO - Filling up the DagBag from /opt/airflow/dags/permission_fixer_dag.py
[2025-04-30T17:45:35.328+0000] {logging_mixin.py:190} INFO - [2025-04-30T17:45:35.328+0000] {templater.py:94} ERROR - Failed to resolve template field 'bash_command'
Traceback (most recent call last):
  File "/home/airflow/.local/lib/python3.12/site-packages/airflow/template/templater.py", line 92, in resolve_template_files
    setattr(self, field, env.loader.get_source(env, content)[0])  # type: ignore
                         ^^^^^^^^^^^^^^^^^^^^^^^^^^^^^^^^^^^
  File "/home/airflow/.local/lib/python3.12/site-packages/jinja2/loaders.py", line 209, in get_source
    raise TemplateNotFound(
jinja2.exceptions.TemplateNotFound: 'bash /opt/airflow/scripts/permissions.sh' not found in search path: '/opt/airflow/dags'
[2025-04-30T17:45:35.330+0000] {processor.py:925} INFO - DAG(s) 'fix_permissions_dag' retrieved from /opt/airflow/dags/permission_fixer_dag.py
[2025-04-30T17:45:35.345+0000] {logging_mixin.py:190} INFO - [2025-04-30T17:45:35.344+0000] {dag.py:3239} INFO - Sync 1 DAGs
[2025-04-30T17:45:35.357+0000] {logging_mixin.py:190} INFO - [2025-04-30T17:45:35.357+0000] {dag.py:4180} INFO - Setting next_dagrun for fix_permissions_dag to 2025-04-30 16:00:00+00:00, run_after=2025-04-30 17:00:00+00:00
[2025-04-30T17:45:35.430+0000] {processor.py:208} INFO - Processing /opt/airflow/dags/permission_fixer_dag.py took 0.123 seconds
[2025-04-30T17:59:31.311+0000] {processor.py:186} INFO - Started process (PID=382) to work on /opt/airflow/dags/permission_fixer_dag.py
[2025-04-30T17:59:31.312+0000] {processor.py:914} INFO - Processing file /opt/airflow/dags/permission_fixer_dag.py for tasks to queue
[2025-04-30T17:59:31.313+0000] {logging_mixin.py:190} INFO - [2025-04-30T17:59:31.313+0000] {dagbag.py:588} INFO - Filling up the DagBag from /opt/airflow/dags/permission_fixer_dag.py
[2025-04-30T17:59:31.323+0000] {logging_mixin.py:190} INFO - [2025-04-30T17:59:31.323+0000] {templater.py:94} ERROR - Failed to resolve template field 'bash_command'
Traceback (most recent call last):
  File "/home/airflow/.local/lib/python3.12/site-packages/airflow/template/templater.py", line 92, in resolve_template_files
    setattr(self, field, env.loader.get_source(env, content)[0])  # type: ignore
                         ^^^^^^^^^^^^^^^^^^^^^^^^^^^^^^^^^^^
  File "/home/airflow/.local/lib/python3.12/site-packages/jinja2/loaders.py", line 209, in get_source
    raise TemplateNotFound(
jinja2.exceptions.TemplateNotFound: 'bash /opt/airflow/scripts/permissions.sh' not found in search path: '/opt/airflow/dags'
[2025-04-30T17:59:31.325+0000] {processor.py:925} INFO - DAG(s) 'fix_permissions_dag' retrieved from /opt/airflow/dags/permission_fixer_dag.py
[2025-04-30T17:59:31.339+0000] {logging_mixin.py:190} INFO - [2025-04-30T17:59:31.339+0000] {dag.py:3239} INFO - Sync 1 DAGs
[2025-04-30T17:59:31.351+0000] {logging_mixin.py:190} INFO - [2025-04-30T17:59:31.351+0000] {dag.py:4180} INFO - Setting next_dagrun for fix_permissions_dag to 2025-04-30 16:00:00+00:00, run_after=2025-04-30 17:00:00+00:00
[2025-04-30T17:59:31.421+0000] {processor.py:208} INFO - Processing /opt/airflow/dags/permission_fixer_dag.py took 0.117 seconds
[2025-04-30T18:00:01.891+0000] {processor.py:186} INFO - Started process (PID=384) to work on /opt/airflow/dags/permission_fixer_dag.py
[2025-04-30T18:00:01.892+0000] {processor.py:914} INFO - Processing file /opt/airflow/dags/permission_fixer_dag.py for tasks to queue
[2025-04-30T18:00:01.894+0000] {logging_mixin.py:190} INFO - [2025-04-30T18:00:01.893+0000] {dagbag.py:588} INFO - Filling up the DagBag from /opt/airflow/dags/permission_fixer_dag.py
[2025-04-30T18:00:01.905+0000] {logging_mixin.py:190} INFO - [2025-04-30T18:00:01.905+0000] {templater.py:94} ERROR - Failed to resolve template field 'bash_command'
Traceback (most recent call last):
  File "/home/airflow/.local/lib/python3.12/site-packages/airflow/template/templater.py", line 92, in resolve_template_files
    setattr(self, field, env.loader.get_source(env, content)[0])  # type: ignore
                         ^^^^^^^^^^^^^^^^^^^^^^^^^^^^^^^^^^^
  File "/home/airflow/.local/lib/python3.12/site-packages/jinja2/loaders.py", line 209, in get_source
    raise TemplateNotFound(
jinja2.exceptions.TemplateNotFound: 'bash /opt/airflow/scripts/permissions.sh' not found in search path: '/opt/airflow/dags'
[2025-04-30T18:00:01.907+0000] {processor.py:925} INFO - DAG(s) 'fix_permissions_dag' retrieved from /opt/airflow/dags/permission_fixer_dag.py
[2025-04-30T18:00:01.921+0000] {logging_mixin.py:190} INFO - [2025-04-30T18:00:01.921+0000] {dag.py:3239} INFO - Sync 1 DAGs
[2025-04-30T18:00:01.999+0000] {logging_mixin.py:190} INFO - [2025-04-30T18:00:01.999+0000] {dag.py:4180} INFO - Setting next_dagrun for fix_permissions_dag to 2025-04-30 17:00:00+00:00, run_after=2025-04-30 18:00:00+00:00
[2025-04-30T18:00:02.004+0000] {processor.py:208} INFO - Processing /opt/airflow/dags/permission_fixer_dag.py took 0.123 seconds
[2025-04-30T18:15:03.674+0000] {processor.py:186} INFO - Started process (PID=386) to work on /opt/airflow/dags/permission_fixer_dag.py
[2025-04-30T18:15:03.675+0000] {processor.py:914} INFO - Processing file /opt/airflow/dags/permission_fixer_dag.py for tasks to queue
[2025-04-30T18:15:03.676+0000] {logging_mixin.py:190} INFO - [2025-04-30T18:15:03.676+0000] {dagbag.py:588} INFO - Filling up the DagBag from /opt/airflow/dags/permission_fixer_dag.py
[2025-04-30T18:15:03.684+0000] {logging_mixin.py:190} INFO - [2025-04-30T18:15:03.683+0000] {templater.py:94} ERROR - Failed to resolve template field 'bash_command'
Traceback (most recent call last):
  File "/home/airflow/.local/lib/python3.12/site-packages/airflow/template/templater.py", line 92, in resolve_template_files
    setattr(self, field, env.loader.get_source(env, content)[0])  # type: ignore
                         ^^^^^^^^^^^^^^^^^^^^^^^^^^^^^^^^^^^
  File "/home/airflow/.local/lib/python3.12/site-packages/jinja2/loaders.py", line 209, in get_source
    raise TemplateNotFound(
jinja2.exceptions.TemplateNotFound: 'bash /opt/airflow/scripts/permissions.sh' not found in search path: '/opt/airflow/dags'
[2025-04-30T18:15:03.685+0000] {processor.py:925} INFO - DAG(s) 'fix_permissions_dag' retrieved from /opt/airflow/dags/permission_fixer_dag.py
[2025-04-30T18:15:03.697+0000] {logging_mixin.py:190} INFO - [2025-04-30T18:15:03.697+0000] {dag.py:3239} INFO - Sync 1 DAGs
[2025-04-30T18:15:03.771+0000] {logging_mixin.py:190} INFO - [2025-04-30T18:15:03.771+0000] {dag.py:4180} INFO - Setting next_dagrun for fix_permissions_dag to 2025-04-30 17:00:00+00:00, run_after=2025-04-30 18:00:00+00:00
[2025-04-30T18:15:03.776+0000] {processor.py:208} INFO - Processing /opt/airflow/dags/permission_fixer_dag.py took 0.106 seconds
[2025-04-30T18:15:34.008+0000] {processor.py:186} INFO - Started process (PID=388) to work on /opt/airflow/dags/permission_fixer_dag.py
[2025-04-30T18:15:34.009+0000] {processor.py:914} INFO - Processing file /opt/airflow/dags/permission_fixer_dag.py for tasks to queue
[2025-04-30T18:15:34.010+0000] {logging_mixin.py:190} INFO - [2025-04-30T18:15:34.009+0000] {dagbag.py:588} INFO - Filling up the DagBag from /opt/airflow/dags/permission_fixer_dag.py
[2025-04-30T18:15:34.018+0000] {logging_mixin.py:190} INFO - [2025-04-30T18:15:34.017+0000] {templater.py:94} ERROR - Failed to resolve template field 'bash_command'
Traceback (most recent call last):
  File "/home/airflow/.local/lib/python3.12/site-packages/airflow/template/templater.py", line 92, in resolve_template_files
    setattr(self, field, env.loader.get_source(env, content)[0])  # type: ignore
                         ^^^^^^^^^^^^^^^^^^^^^^^^^^^^^^^^^^^
  File "/home/airflow/.local/lib/python3.12/site-packages/jinja2/loaders.py", line 209, in get_source
    raise TemplateNotFound(
jinja2.exceptions.TemplateNotFound: 'bash /opt/airflow/scripts/permissions.sh' not found in search path: '/opt/airflow/dags'
[2025-04-30T18:15:34.019+0000] {processor.py:925} INFO - DAG(s) 'fix_permissions_dag' retrieved from /opt/airflow/dags/permission_fixer_dag.py
[2025-04-30T18:15:34.099+0000] {logging_mixin.py:190} INFO - [2025-04-30T18:15:34.099+0000] {dag.py:3239} INFO - Sync 1 DAGs
[2025-04-30T18:15:34.106+0000] {logging_mixin.py:190} INFO - [2025-04-30T18:15:34.106+0000] {dag.py:4180} INFO - Setting next_dagrun for fix_permissions_dag to 2025-04-30 17:00:00+00:00, run_after=2025-04-30 18:00:00+00:00
[2025-04-30T18:15:34.111+0000] {processor.py:208} INFO - Processing /opt/airflow/dags/permission_fixer_dag.py took 0.107 seconds
[2025-04-30T18:30:36.759+0000] {processor.py:186} INFO - Started process (PID=390) to work on /opt/airflow/dags/permission_fixer_dag.py
[2025-04-30T18:30:36.760+0000] {processor.py:914} INFO - Processing file /opt/airflow/dags/permission_fixer_dag.py for tasks to queue
[2025-04-30T18:30:36.760+0000] {logging_mixin.py:190} INFO - [2025-04-30T18:30:36.760+0000] {dagbag.py:588} INFO - Filling up the DagBag from /opt/airflow/dags/permission_fixer_dag.py
[2025-04-30T18:30:36.767+0000] {logging_mixin.py:190} INFO - [2025-04-30T18:30:36.766+0000] {templater.py:94} ERROR - Failed to resolve template field 'bash_command'
Traceback (most recent call last):
  File "/home/airflow/.local/lib/python3.12/site-packages/airflow/template/templater.py", line 92, in resolve_template_files
    setattr(self, field, env.loader.get_source(env, content)[0])  # type: ignore
                         ^^^^^^^^^^^^^^^^^^^^^^^^^^^^^^^^^^^
  File "/home/airflow/.local/lib/python3.12/site-packages/jinja2/loaders.py", line 209, in get_source
    raise TemplateNotFound(
jinja2.exceptions.TemplateNotFound: 'bash /opt/airflow/scripts/permissions.sh' not found in search path: '/opt/airflow/dags'
[2025-04-30T18:30:36.768+0000] {processor.py:925} INFO - DAG(s) 'fix_permissions_dag' retrieved from /opt/airflow/dags/permission_fixer_dag.py
[2025-04-30T18:30:36.846+0000] {logging_mixin.py:190} INFO - [2025-04-30T18:30:36.846+0000] {dag.py:3239} INFO - Sync 1 DAGs
[2025-04-30T18:30:36.853+0000] {logging_mixin.py:190} INFO - [2025-04-30T18:30:36.853+0000] {dag.py:4180} INFO - Setting next_dagrun for fix_permissions_dag to 2025-04-30 17:00:00+00:00, run_after=2025-04-30 18:00:00+00:00
[2025-04-30T18:30:36.858+0000] {processor.py:208} INFO - Processing /opt/airflow/dags/permission_fixer_dag.py took 0.102 seconds
[2025-04-30T18:31:07.208+0000] {processor.py:186} INFO - Started process (PID=392) to work on /opt/airflow/dags/permission_fixer_dag.py
[2025-04-30T18:31:07.209+0000] {processor.py:914} INFO - Processing file /opt/airflow/dags/permission_fixer_dag.py for tasks to queue
[2025-04-30T18:31:07.210+0000] {logging_mixin.py:190} INFO - [2025-04-30T18:31:07.210+0000] {dagbag.py:588} INFO - Filling up the DagBag from /opt/airflow/dags/permission_fixer_dag.py
[2025-04-30T18:31:07.221+0000] {logging_mixin.py:190} INFO - [2025-04-30T18:31:07.221+0000] {templater.py:94} ERROR - Failed to resolve template field 'bash_command'
Traceback (most recent call last):
  File "/home/airflow/.local/lib/python3.12/site-packages/airflow/template/templater.py", line 92, in resolve_template_files
    setattr(self, field, env.loader.get_source(env, content)[0])  # type: ignore
                         ^^^^^^^^^^^^^^^^^^^^^^^^^^^^^^^^^^^
  File "/home/airflow/.local/lib/python3.12/site-packages/jinja2/loaders.py", line 209, in get_source
    raise TemplateNotFound(
jinja2.exceptions.TemplateNotFound: 'bash /opt/airflow/scripts/permissions.sh' not found in search path: '/opt/airflow/dags'
[2025-04-30T18:31:07.223+0000] {processor.py:925} INFO - DAG(s) 'fix_permissions_dag' retrieved from /opt/airflow/dags/permission_fixer_dag.py
[2025-04-30T18:31:07.237+0000] {logging_mixin.py:190} INFO - [2025-04-30T18:31:07.237+0000] {dag.py:3239} INFO - Sync 1 DAGs
[2025-04-30T18:31:07.250+0000] {logging_mixin.py:190} INFO - [2025-04-30T18:31:07.250+0000] {dag.py:4180} INFO - Setting next_dagrun for fix_permissions_dag to 2025-04-30 17:00:00+00:00, run_after=2025-04-30 18:00:00+00:00
[2025-04-30T18:31:07.258+0000] {processor.py:208} INFO - Processing /opt/airflow/dags/permission_fixer_dag.py took 0.058 seconds
[2025-04-30T18:46:10.036+0000] {processor.py:186} INFO - Started process (PID=394) to work on /opt/airflow/dags/permission_fixer_dag.py
[2025-04-30T18:46:10.037+0000] {processor.py:914} INFO - Processing file /opt/airflow/dags/permission_fixer_dag.py for tasks to queue
[2025-04-30T18:46:10.038+0000] {logging_mixin.py:190} INFO - [2025-04-30T18:46:10.038+0000] {dagbag.py:588} INFO - Filling up the DagBag from /opt/airflow/dags/permission_fixer_dag.py
[2025-04-30T18:46:10.047+0000] {logging_mixin.py:190} INFO - [2025-04-30T18:46:10.046+0000] {templater.py:94} ERROR - Failed to resolve template field 'bash_command'
Traceback (most recent call last):
  File "/home/airflow/.local/lib/python3.12/site-packages/airflow/template/templater.py", line 92, in resolve_template_files
    setattr(self, field, env.loader.get_source(env, content)[0])  # type: ignore
                         ^^^^^^^^^^^^^^^^^^^^^^^^^^^^^^^^^^^
  File "/home/airflow/.local/lib/python3.12/site-packages/jinja2/loaders.py", line 209, in get_source
    raise TemplateNotFound(
jinja2.exceptions.TemplateNotFound: 'bash /opt/airflow/scripts/permissions.sh' not found in search path: '/opt/airflow/dags'
[2025-04-30T18:46:10.048+0000] {processor.py:925} INFO - DAG(s) 'fix_permissions_dag' retrieved from /opt/airflow/dags/permission_fixer_dag.py
[2025-04-30T18:46:10.062+0000] {logging_mixin.py:190} INFO - [2025-04-30T18:46:10.062+0000] {dag.py:3239} INFO - Sync 1 DAGs
[2025-04-30T18:46:10.072+0000] {logging_mixin.py:190} INFO - [2025-04-30T18:46:10.072+0000] {dag.py:4180} INFO - Setting next_dagrun for fix_permissions_dag to 2025-04-30 17:00:00+00:00, run_after=2025-04-30 18:00:00+00:00
[2025-04-30T18:46:10.079+0000] {processor.py:208} INFO - Processing /opt/airflow/dags/permission_fixer_dag.py took 0.049 seconds
[2025-04-30T18:46:40.500+0000] {processor.py:186} INFO - Started process (PID=396) to work on /opt/airflow/dags/permission_fixer_dag.py
[2025-04-30T18:46:40.501+0000] {processor.py:914} INFO - Processing file /opt/airflow/dags/permission_fixer_dag.py for tasks to queue
[2025-04-30T18:46:40.502+0000] {logging_mixin.py:190} INFO - [2025-04-30T18:46:40.502+0000] {dagbag.py:588} INFO - Filling up the DagBag from /opt/airflow/dags/permission_fixer_dag.py
[2025-04-30T18:46:40.513+0000] {logging_mixin.py:190} INFO - [2025-04-30T18:46:40.513+0000] {templater.py:94} ERROR - Failed to resolve template field 'bash_command'
Traceback (most recent call last):
  File "/home/airflow/.local/lib/python3.12/site-packages/airflow/template/templater.py", line 92, in resolve_template_files
    setattr(self, field, env.loader.get_source(env, content)[0])  # type: ignore
                         ^^^^^^^^^^^^^^^^^^^^^^^^^^^^^^^^^^^
  File "/home/airflow/.local/lib/python3.12/site-packages/jinja2/loaders.py", line 209, in get_source
    raise TemplateNotFound(
jinja2.exceptions.TemplateNotFound: 'bash /opt/airflow/scripts/permissions.sh' not found in search path: '/opt/airflow/dags'
[2025-04-30T18:46:40.515+0000] {processor.py:925} INFO - DAG(s) 'fix_permissions_dag' retrieved from /opt/airflow/dags/permission_fixer_dag.py
[2025-04-30T18:46:40.530+0000] {logging_mixin.py:190} INFO - [2025-04-30T18:46:40.529+0000] {dag.py:3239} INFO - Sync 1 DAGs
[2025-04-30T18:46:40.542+0000] {logging_mixin.py:190} INFO - [2025-04-30T18:46:40.542+0000] {dag.py:4180} INFO - Setting next_dagrun for fix_permissions_dag to 2025-04-30 17:00:00+00:00, run_after=2025-04-30 18:00:00+00:00
[2025-04-30T18:46:40.552+0000] {processor.py:208} INFO - Processing /opt/airflow/dags/permission_fixer_dag.py took 0.060 seconds
[2025-04-30T19:00:30.489+0000] {processor.py:186} INFO - Started process (PID=398) to work on /opt/airflow/dags/permission_fixer_dag.py
[2025-04-30T19:00:30.490+0000] {processor.py:914} INFO - Processing file /opt/airflow/dags/permission_fixer_dag.py for tasks to queue
[2025-04-30T19:00:30.491+0000] {logging_mixin.py:190} INFO - [2025-04-30T19:00:30.491+0000] {dagbag.py:588} INFO - Filling up the DagBag from /opt/airflow/dags/permission_fixer_dag.py
[2025-04-30T19:00:30.500+0000] {logging_mixin.py:190} INFO - [2025-04-30T19:00:30.500+0000] {templater.py:94} ERROR - Failed to resolve template field 'bash_command'
Traceback (most recent call last):
  File "/home/airflow/.local/lib/python3.12/site-packages/airflow/template/templater.py", line 92, in resolve_template_files
    setattr(self, field, env.loader.get_source(env, content)[0])  # type: ignore
                         ^^^^^^^^^^^^^^^^^^^^^^^^^^^^^^^^^^^
  File "/home/airflow/.local/lib/python3.12/site-packages/jinja2/loaders.py", line 209, in get_source
    raise TemplateNotFound(
jinja2.exceptions.TemplateNotFound: 'bash /opt/airflow/scripts/permissions.sh' not found in search path: '/opt/airflow/dags'
[2025-04-30T19:00:30.502+0000] {processor.py:925} INFO - DAG(s) 'fix_permissions_dag' retrieved from /opt/airflow/dags/permission_fixer_dag.py
[2025-04-30T19:00:30.516+0000] {logging_mixin.py:190} INFO - [2025-04-30T19:00:30.515+0000] {dag.py:3239} INFO - Sync 1 DAGs
[2025-04-30T19:00:30.527+0000] {logging_mixin.py:190} INFO - [2025-04-30T19:00:30.526+0000] {dag.py:4180} INFO - Setting next_dagrun for fix_permissions_dag to 2025-04-30 18:00:00+00:00, run_after=2025-04-30 19:00:00+00:00
[2025-04-30T19:00:30.534+0000] {processor.py:208} INFO - Processing /opt/airflow/dags/permission_fixer_dag.py took 0.050 seconds
[2025-04-30T19:01:00.983+0000] {processor.py:186} INFO - Started process (PID=400) to work on /opt/airflow/dags/permission_fixer_dag.py
[2025-04-30T19:01:00.984+0000] {processor.py:914} INFO - Processing file /opt/airflow/dags/permission_fixer_dag.py for tasks to queue
[2025-04-30T19:01:00.986+0000] {logging_mixin.py:190} INFO - [2025-04-30T19:01:00.986+0000] {dagbag.py:588} INFO - Filling up the DagBag from /opt/airflow/dags/permission_fixer_dag.py
[2025-04-30T19:01:00.997+0000] {logging_mixin.py:190} INFO - [2025-04-30T19:01:00.997+0000] {templater.py:94} ERROR - Failed to resolve template field 'bash_command'
Traceback (most recent call last):
  File "/home/airflow/.local/lib/python3.12/site-packages/airflow/template/templater.py", line 92, in resolve_template_files
    setattr(self, field, env.loader.get_source(env, content)[0])  # type: ignore
                         ^^^^^^^^^^^^^^^^^^^^^^^^^^^^^^^^^^^
  File "/home/airflow/.local/lib/python3.12/site-packages/jinja2/loaders.py", line 209, in get_source
    raise TemplateNotFound(
jinja2.exceptions.TemplateNotFound: 'bash /opt/airflow/scripts/permissions.sh' not found in search path: '/opt/airflow/dags'
[2025-04-30T19:01:00.999+0000] {processor.py:925} INFO - DAG(s) 'fix_permissions_dag' retrieved from /opt/airflow/dags/permission_fixer_dag.py
[2025-04-30T19:01:01.014+0000] {logging_mixin.py:190} INFO - [2025-04-30T19:01:01.014+0000] {dag.py:3239} INFO - Sync 1 DAGs
[2025-04-30T19:01:01.028+0000] {logging_mixin.py:190} INFO - [2025-04-30T19:01:01.027+0000] {dag.py:4180} INFO - Setting next_dagrun for fix_permissions_dag to 2025-04-30 18:00:00+00:00, run_after=2025-04-30 19:00:00+00:00
[2025-04-30T19:01:01.099+0000] {processor.py:208} INFO - Processing /opt/airflow/dags/permission_fixer_dag.py took 0.124 seconds
[2025-04-30T19:16:02.717+0000] {processor.py:186} INFO - Started process (PID=402) to work on /opt/airflow/dags/permission_fixer_dag.py
[2025-04-30T19:16:02.717+0000] {processor.py:914} INFO - Processing file /opt/airflow/dags/permission_fixer_dag.py for tasks to queue
[2025-04-30T19:16:02.718+0000] {logging_mixin.py:190} INFO - [2025-04-30T19:16:02.718+0000] {dagbag.py:588} INFO - Filling up the DagBag from /opt/airflow/dags/permission_fixer_dag.py
[2025-04-30T19:16:02.724+0000] {logging_mixin.py:190} INFO - [2025-04-30T19:16:02.724+0000] {templater.py:94} ERROR - Failed to resolve template field 'bash_command'
Traceback (most recent call last):
  File "/home/airflow/.local/lib/python3.12/site-packages/airflow/template/templater.py", line 92, in resolve_template_files
    setattr(self, field, env.loader.get_source(env, content)[0])  # type: ignore
                         ^^^^^^^^^^^^^^^^^^^^^^^^^^^^^^^^^^^
  File "/home/airflow/.local/lib/python3.12/site-packages/jinja2/loaders.py", line 209, in get_source
    raise TemplateNotFound(
jinja2.exceptions.TemplateNotFound: 'bash /opt/airflow/scripts/permissions.sh' not found in search path: '/opt/airflow/dags'
[2025-04-30T19:16:02.725+0000] {processor.py:925} INFO - DAG(s) 'fix_permissions_dag' retrieved from /opt/airflow/dags/permission_fixer_dag.py
[2025-04-30T19:16:02.738+0000] {logging_mixin.py:190} INFO - [2025-04-30T19:16:02.738+0000] {dag.py:3239} INFO - Sync 1 DAGs
[2025-04-30T19:16:02.813+0000] {logging_mixin.py:190} INFO - [2025-04-30T19:16:02.813+0000] {dag.py:4180} INFO - Setting next_dagrun for fix_permissions_dag to 2025-04-30 18:00:00+00:00, run_after=2025-04-30 19:00:00+00:00
[2025-04-30T19:16:02.818+0000] {processor.py:208} INFO - Processing /opt/airflow/dags/permission_fixer_dag.py took 0.104 seconds
[2025-04-30T19:16:33.120+0000] {processor.py:186} INFO - Started process (PID=404) to work on /opt/airflow/dags/permission_fixer_dag.py
[2025-04-30T19:16:33.120+0000] {processor.py:914} INFO - Processing file /opt/airflow/dags/permission_fixer_dag.py for tasks to queue
[2025-04-30T19:16:33.121+0000] {logging_mixin.py:190} INFO - [2025-04-30T19:16:33.121+0000] {dagbag.py:588} INFO - Filling up the DagBag from /opt/airflow/dags/permission_fixer_dag.py
[2025-04-30T19:16:33.129+0000] {logging_mixin.py:190} INFO - [2025-04-30T19:16:33.129+0000] {templater.py:94} ERROR - Failed to resolve template field 'bash_command'
Traceback (most recent call last):
  File "/home/airflow/.local/lib/python3.12/site-packages/airflow/template/templater.py", line 92, in resolve_template_files
    setattr(self, field, env.loader.get_source(env, content)[0])  # type: ignore
                         ^^^^^^^^^^^^^^^^^^^^^^^^^^^^^^^^^^^
  File "/home/airflow/.local/lib/python3.12/site-packages/jinja2/loaders.py", line 209, in get_source
    raise TemplateNotFound(
jinja2.exceptions.TemplateNotFound: 'bash /opt/airflow/scripts/permissions.sh' not found in search path: '/opt/airflow/dags'
[2025-04-30T19:16:33.131+0000] {processor.py:925} INFO - DAG(s) 'fix_permissions_dag' retrieved from /opt/airflow/dags/permission_fixer_dag.py
[2025-04-30T19:16:33.144+0000] {logging_mixin.py:190} INFO - [2025-04-30T19:16:33.144+0000] {dag.py:3239} INFO - Sync 1 DAGs
[2025-04-30T19:16:33.218+0000] {logging_mixin.py:190} INFO - [2025-04-30T19:16:33.218+0000] {dag.py:4180} INFO - Setting next_dagrun for fix_permissions_dag to 2025-04-30 18:00:00+00:00, run_after=2025-04-30 19:00:00+00:00
[2025-04-30T19:16:33.225+0000] {processor.py:208} INFO - Processing /opt/airflow/dags/permission_fixer_dag.py took 0.111 seconds
[2025-04-30T19:31:35.880+0000] {processor.py:186} INFO - Started process (PID=406) to work on /opt/airflow/dags/permission_fixer_dag.py
[2025-04-30T19:31:35.880+0000] {processor.py:914} INFO - Processing file /opt/airflow/dags/permission_fixer_dag.py for tasks to queue
[2025-04-30T19:31:35.881+0000] {logging_mixin.py:190} INFO - [2025-04-30T19:31:35.881+0000] {dagbag.py:588} INFO - Filling up the DagBag from /opt/airflow/dags/permission_fixer_dag.py
[2025-04-30T19:31:35.887+0000] {logging_mixin.py:190} INFO - [2025-04-30T19:31:35.887+0000] {templater.py:94} ERROR - Failed to resolve template field 'bash_command'
Traceback (most recent call last):
  File "/home/airflow/.local/lib/python3.12/site-packages/airflow/template/templater.py", line 92, in resolve_template_files
    setattr(self, field, env.loader.get_source(env, content)[0])  # type: ignore
                         ^^^^^^^^^^^^^^^^^^^^^^^^^^^^^^^^^^^
  File "/home/airflow/.local/lib/python3.12/site-packages/jinja2/loaders.py", line 209, in get_source
    raise TemplateNotFound(
jinja2.exceptions.TemplateNotFound: 'bash /opt/airflow/scripts/permissions.sh' not found in search path: '/opt/airflow/dags'
[2025-04-30T19:31:35.888+0000] {processor.py:925} INFO - DAG(s) 'fix_permissions_dag' retrieved from /opt/airflow/dags/permission_fixer_dag.py
[2025-04-30T19:31:35.900+0000] {logging_mixin.py:190} INFO - [2025-04-30T19:31:35.900+0000] {dag.py:3239} INFO - Sync 1 DAGs
[2025-04-30T19:31:35.973+0000] {logging_mixin.py:190} INFO - [2025-04-30T19:31:35.973+0000] {dag.py:4180} INFO - Setting next_dagrun for fix_permissions_dag to 2025-04-30 18:00:00+00:00, run_after=2025-04-30 19:00:00+00:00
[2025-04-30T19:31:35.978+0000] {processor.py:208} INFO - Processing /opt/airflow/dags/permission_fixer_dag.py took 0.101 seconds
[2025-04-30T19:32:06.404+0000] {processor.py:186} INFO - Started process (PID=408) to work on /opt/airflow/dags/permission_fixer_dag.py
[2025-04-30T19:32:06.405+0000] {processor.py:914} INFO - Processing file /opt/airflow/dags/permission_fixer_dag.py for tasks to queue
[2025-04-30T19:32:06.406+0000] {logging_mixin.py:190} INFO - [2025-04-30T19:32:06.406+0000] {dagbag.py:588} INFO - Filling up the DagBag from /opt/airflow/dags/permission_fixer_dag.py
[2025-04-30T19:32:06.417+0000] {logging_mixin.py:190} INFO - [2025-04-30T19:32:06.416+0000] {templater.py:94} ERROR - Failed to resolve template field 'bash_command'
Traceback (most recent call last):
  File "/home/airflow/.local/lib/python3.12/site-packages/airflow/template/templater.py", line 92, in resolve_template_files
    setattr(self, field, env.loader.get_source(env, content)[0])  # type: ignore
                         ^^^^^^^^^^^^^^^^^^^^^^^^^^^^^^^^^^^
  File "/home/airflow/.local/lib/python3.12/site-packages/jinja2/loaders.py", line 209, in get_source
    raise TemplateNotFound(
jinja2.exceptions.TemplateNotFound: 'bash /opt/airflow/scripts/permissions.sh' not found in search path: '/opt/airflow/dags'
[2025-04-30T19:32:06.418+0000] {processor.py:925} INFO - DAG(s) 'fix_permissions_dag' retrieved from /opt/airflow/dags/permission_fixer_dag.py
[2025-04-30T19:32:06.502+0000] {logging_mixin.py:190} INFO - [2025-04-30T19:32:06.502+0000] {dag.py:3239} INFO - Sync 1 DAGs
[2025-04-30T19:32:06.508+0000] {logging_mixin.py:190} INFO - [2025-04-30T19:32:06.508+0000] {dag.py:4180} INFO - Setting next_dagrun for fix_permissions_dag to 2025-04-30 18:00:00+00:00, run_after=2025-04-30 19:00:00+00:00
[2025-04-30T19:32:06.514+0000] {processor.py:208} INFO - Processing /opt/airflow/dags/permission_fixer_dag.py took 0.118 seconds
[2025-04-30T19:47:09.154+0000] {processor.py:186} INFO - Started process (PID=410) to work on /opt/airflow/dags/permission_fixer_dag.py
[2025-04-30T19:47:09.154+0000] {processor.py:914} INFO - Processing file /opt/airflow/dags/permission_fixer_dag.py for tasks to queue
[2025-04-30T19:47:09.155+0000] {logging_mixin.py:190} INFO - [2025-04-30T19:47:09.155+0000] {dagbag.py:588} INFO - Filling up the DagBag from /opt/airflow/dags/permission_fixer_dag.py
[2025-04-30T19:47:09.164+0000] {logging_mixin.py:190} INFO - [2025-04-30T19:47:09.163+0000] {templater.py:94} ERROR - Failed to resolve template field 'bash_command'
Traceback (most recent call last):
  File "/home/airflow/.local/lib/python3.12/site-packages/airflow/template/templater.py", line 92, in resolve_template_files
    setattr(self, field, env.loader.get_source(env, content)[0])  # type: ignore
                         ^^^^^^^^^^^^^^^^^^^^^^^^^^^^^^^^^^^
  File "/home/airflow/.local/lib/python3.12/site-packages/jinja2/loaders.py", line 209, in get_source
    raise TemplateNotFound(
jinja2.exceptions.TemplateNotFound: 'bash /opt/airflow/scripts/permissions.sh' not found in search path: '/opt/airflow/dags'
[2025-04-30T19:47:09.165+0000] {processor.py:925} INFO - DAG(s) 'fix_permissions_dag' retrieved from /opt/airflow/dags/permission_fixer_dag.py
[2025-04-30T19:47:09.243+0000] {logging_mixin.py:190} INFO - [2025-04-30T19:47:09.243+0000] {dag.py:3239} INFO - Sync 1 DAGs
[2025-04-30T19:47:09.250+0000] {logging_mixin.py:190} INFO - [2025-04-30T19:47:09.250+0000] {dag.py:4180} INFO - Setting next_dagrun for fix_permissions_dag to 2025-04-30 18:00:00+00:00, run_after=2025-04-30 19:00:00+00:00
[2025-04-30T19:47:09.256+0000] {processor.py:208} INFO - Processing /opt/airflow/dags/permission_fixer_dag.py took 0.108 seconds
[2025-04-30T19:47:39.656+0000] {processor.py:186} INFO - Started process (PID=412) to work on /opt/airflow/dags/permission_fixer_dag.py
[2025-04-30T19:47:39.657+0000] {processor.py:914} INFO - Processing file /opt/airflow/dags/permission_fixer_dag.py for tasks to queue
[2025-04-30T19:47:39.658+0000] {logging_mixin.py:190} INFO - [2025-04-30T19:47:39.658+0000] {dagbag.py:588} INFO - Filling up the DagBag from /opt/airflow/dags/permission_fixer_dag.py
[2025-04-30T19:47:39.669+0000] {logging_mixin.py:190} INFO - [2025-04-30T19:47:39.668+0000] {templater.py:94} ERROR - Failed to resolve template field 'bash_command'
Traceback (most recent call last):
  File "/home/airflow/.local/lib/python3.12/site-packages/airflow/template/templater.py", line 92, in resolve_template_files
    setattr(self, field, env.loader.get_source(env, content)[0])  # type: ignore
                         ^^^^^^^^^^^^^^^^^^^^^^^^^^^^^^^^^^^
  File "/home/airflow/.local/lib/python3.12/site-packages/jinja2/loaders.py", line 209, in get_source
    raise TemplateNotFound(
jinja2.exceptions.TemplateNotFound: 'bash /opt/airflow/scripts/permissions.sh' not found in search path: '/opt/airflow/dags'
[2025-04-30T19:47:39.670+0000] {processor.py:925} INFO - DAG(s) 'fix_permissions_dag' retrieved from /opt/airflow/dags/permission_fixer_dag.py
[2025-04-30T19:47:39.685+0000] {logging_mixin.py:190} INFO - [2025-04-30T19:47:39.685+0000] {dag.py:3239} INFO - Sync 1 DAGs
[2025-04-30T19:47:39.697+0000] {logging_mixin.py:190} INFO - [2025-04-30T19:47:39.697+0000] {dag.py:4180} INFO - Setting next_dagrun for fix_permissions_dag to 2025-04-30 18:00:00+00:00, run_after=2025-04-30 19:00:00+00:00
[2025-04-30T19:47:39.705+0000] {processor.py:208} INFO - Processing /opt/airflow/dags/permission_fixer_dag.py took 0.056 seconds
[2025-04-30T20:16:45.118+0000] {processor.py:186} INFO - Started process (PID=414) to work on /opt/airflow/dags/permission_fixer_dag.py
[2025-04-30T20:16:45.119+0000] {processor.py:914} INFO - Processing file /opt/airflow/dags/permission_fixer_dag.py for tasks to queue
[2025-04-30T20:16:45.120+0000] {logging_mixin.py:190} INFO - [2025-04-30T20:16:45.120+0000] {dagbag.py:588} INFO - Filling up the DagBag from /opt/airflow/dags/permission_fixer_dag.py
[2025-04-30T20:16:45.128+0000] {logging_mixin.py:190} INFO - [2025-04-30T20:16:45.127+0000] {templater.py:94} ERROR - Failed to resolve template field 'bash_command'
Traceback (most recent call last):
  File "/home/airflow/.local/lib/python3.12/site-packages/airflow/template/templater.py", line 92, in resolve_template_files
    setattr(self, field, env.loader.get_source(env, content)[0])  # type: ignore
                         ^^^^^^^^^^^^^^^^^^^^^^^^^^^^^^^^^^^
  File "/home/airflow/.local/lib/python3.12/site-packages/jinja2/loaders.py", line 209, in get_source
    raise TemplateNotFound(
jinja2.exceptions.TemplateNotFound: 'bash /opt/airflow/scripts/permissions.sh' not found in search path: '/opt/airflow/dags'
[2025-04-30T20:16:45.129+0000] {processor.py:925} INFO - DAG(s) 'fix_permissions_dag' retrieved from /opt/airflow/dags/permission_fixer_dag.py
[2025-04-30T20:16:45.142+0000] {logging_mixin.py:190} INFO - [2025-04-30T20:16:45.142+0000] {dag.py:3239} INFO - Sync 1 DAGs
[2025-04-30T20:16:45.152+0000] {logging_mixin.py:190} INFO - [2025-04-30T20:16:45.152+0000] {dag.py:4180} INFO - Setting next_dagrun for fix_permissions_dag to 2025-04-30 19:00:00+00:00, run_after=2025-04-30 20:00:00+00:00
[2025-04-30T20:16:45.160+0000] {processor.py:208} INFO - Processing /opt/airflow/dags/permission_fixer_dag.py took 0.046 seconds
[2025-04-30T20:17:15.586+0000] {processor.py:186} INFO - Started process (PID=416) to work on /opt/airflow/dags/permission_fixer_dag.py
[2025-04-30T20:17:15.587+0000] {processor.py:914} INFO - Processing file /opt/airflow/dags/permission_fixer_dag.py for tasks to queue
[2025-04-30T20:17:15.589+0000] {logging_mixin.py:190} INFO - [2025-04-30T20:17:15.588+0000] {dagbag.py:588} INFO - Filling up the DagBag from /opt/airflow/dags/permission_fixer_dag.py
[2025-04-30T20:17:15.600+0000] {logging_mixin.py:190} INFO - [2025-04-30T20:17:15.600+0000] {templater.py:94} ERROR - Failed to resolve template field 'bash_command'
Traceback (most recent call last):
  File "/home/airflow/.local/lib/python3.12/site-packages/airflow/template/templater.py", line 92, in resolve_template_files
    setattr(self, field, env.loader.get_source(env, content)[0])  # type: ignore
                         ^^^^^^^^^^^^^^^^^^^^^^^^^^^^^^^^^^^
  File "/home/airflow/.local/lib/python3.12/site-packages/jinja2/loaders.py", line 209, in get_source
    raise TemplateNotFound(
jinja2.exceptions.TemplateNotFound: 'bash /opt/airflow/scripts/permissions.sh' not found in search path: '/opt/airflow/dags'
[2025-04-30T20:17:15.602+0000] {processor.py:925} INFO - DAG(s) 'fix_permissions_dag' retrieved from /opt/airflow/dags/permission_fixer_dag.py
[2025-04-30T20:17:15.617+0000] {logging_mixin.py:190} INFO - [2025-04-30T20:17:15.616+0000] {dag.py:3239} INFO - Sync 1 DAGs
[2025-04-30T20:17:15.629+0000] {logging_mixin.py:190} INFO - [2025-04-30T20:17:15.629+0000] {dag.py:4180} INFO - Setting next_dagrun for fix_permissions_dag to 2025-04-30 19:00:00+00:00, run_after=2025-04-30 20:00:00+00:00
[2025-04-30T20:17:15.638+0000] {processor.py:208} INFO - Processing /opt/airflow/dags/permission_fixer_dag.py took 0.060 seconds
[2025-04-30T20:17:46.079+0000] {processor.py:186} INFO - Started process (PID=418) to work on /opt/airflow/dags/permission_fixer_dag.py
[2025-04-30T20:17:46.081+0000] {processor.py:914} INFO - Processing file /opt/airflow/dags/permission_fixer_dag.py for tasks to queue
[2025-04-30T20:17:46.082+0000] {logging_mixin.py:190} INFO - [2025-04-30T20:17:46.082+0000] {dagbag.py:588} INFO - Filling up the DagBag from /opt/airflow/dags/permission_fixer_dag.py
[2025-04-30T20:17:46.091+0000] {logging_mixin.py:190} INFO - [2025-04-30T20:17:46.091+0000] {templater.py:94} ERROR - Failed to resolve template field 'bash_command'
Traceback (most recent call last):
  File "/home/airflow/.local/lib/python3.12/site-packages/airflow/template/templater.py", line 92, in resolve_template_files
    setattr(self, field, env.loader.get_source(env, content)[0])  # type: ignore
                         ^^^^^^^^^^^^^^^^^^^^^^^^^^^^^^^^^^^
  File "/home/airflow/.local/lib/python3.12/site-packages/jinja2/loaders.py", line 209, in get_source
    raise TemplateNotFound(
jinja2.exceptions.TemplateNotFound: 'bash /opt/airflow/scripts/permissions.sh' not found in search path: '/opt/airflow/dags'
[2025-04-30T20:17:46.093+0000] {processor.py:925} INFO - DAG(s) 'fix_permissions_dag' retrieved from /opt/airflow/dags/permission_fixer_dag.py
[2025-04-30T20:17:46.108+0000] {logging_mixin.py:190} INFO - [2025-04-30T20:17:46.107+0000] {dag.py:3239} INFO - Sync 1 DAGs
[2025-04-30T20:17:46.187+0000] {logging_mixin.py:190} INFO - [2025-04-30T20:17:46.187+0000] {dag.py:4180} INFO - Setting next_dagrun for fix_permissions_dag to 2025-04-30 19:00:00+00:00, run_after=2025-04-30 20:00:00+00:00
[2025-04-30T20:17:46.193+0000] {processor.py:208} INFO - Processing /opt/airflow/dags/permission_fixer_dag.py took 0.121 seconds
[2025-04-30T20:18:16.509+0000] {processor.py:186} INFO - Started process (PID=420) to work on /opt/airflow/dags/permission_fixer_dag.py
[2025-04-30T20:18:16.510+0000] {processor.py:914} INFO - Processing file /opt/airflow/dags/permission_fixer_dag.py for tasks to queue
[2025-04-30T20:18:16.511+0000] {logging_mixin.py:190} INFO - [2025-04-30T20:18:16.511+0000] {dagbag.py:588} INFO - Filling up the DagBag from /opt/airflow/dags/permission_fixer_dag.py
[2025-04-30T20:18:16.521+0000] {logging_mixin.py:190} INFO - [2025-04-30T20:18:16.521+0000] {templater.py:94} ERROR - Failed to resolve template field 'bash_command'
Traceback (most recent call last):
  File "/home/airflow/.local/lib/python3.12/site-packages/airflow/template/templater.py", line 92, in resolve_template_files
    setattr(self, field, env.loader.get_source(env, content)[0])  # type: ignore
                         ^^^^^^^^^^^^^^^^^^^^^^^^^^^^^^^^^^^
  File "/home/airflow/.local/lib/python3.12/site-packages/jinja2/loaders.py", line 209, in get_source
    raise TemplateNotFound(
jinja2.exceptions.TemplateNotFound: 'bash /opt/airflow/scripts/permissions.sh' not found in search path: '/opt/airflow/dags'
[2025-04-30T20:18:16.523+0000] {processor.py:925} INFO - DAG(s) 'fix_permissions_dag' retrieved from /opt/airflow/dags/permission_fixer_dag.py
[2025-04-30T20:18:16.537+0000] {logging_mixin.py:190} INFO - [2025-04-30T20:18:16.537+0000] {dag.py:3239} INFO - Sync 1 DAGs
[2025-04-30T20:18:16.613+0000] {logging_mixin.py:190} INFO - [2025-04-30T20:18:16.613+0000] {dag.py:4180} INFO - Setting next_dagrun for fix_permissions_dag to 2025-04-30 19:00:00+00:00, run_after=2025-04-30 20:00:00+00:00
[2025-04-30T20:18:16.619+0000] {processor.py:208} INFO - Processing /opt/airflow/dags/permission_fixer_dag.py took 0.116 seconds
[2025-04-30T20:48:22.153+0000] {processor.py:186} INFO - Started process (PID=422) to work on /opt/airflow/dags/permission_fixer_dag.py
[2025-04-30T20:48:22.154+0000] {processor.py:914} INFO - Processing file /opt/airflow/dags/permission_fixer_dag.py for tasks to queue
[2025-04-30T20:48:22.154+0000] {logging_mixin.py:190} INFO - [2025-04-30T20:48:22.154+0000] {dagbag.py:588} INFO - Filling up the DagBag from /opt/airflow/dags/permission_fixer_dag.py
[2025-04-30T20:48:22.160+0000] {logging_mixin.py:190} INFO - [2025-04-30T20:48:22.160+0000] {templater.py:94} ERROR - Failed to resolve template field 'bash_command'
Traceback (most recent call last):
  File "/home/airflow/.local/lib/python3.12/site-packages/airflow/template/templater.py", line 92, in resolve_template_files
    setattr(self, field, env.loader.get_source(env, content)[0])  # type: ignore
                         ^^^^^^^^^^^^^^^^^^^^^^^^^^^^^^^^^^^
  File "/home/airflow/.local/lib/python3.12/site-packages/jinja2/loaders.py", line 209, in get_source
    raise TemplateNotFound(
jinja2.exceptions.TemplateNotFound: 'bash /opt/airflow/scripts/permissions.sh' not found in search path: '/opt/airflow/dags'
[2025-04-30T20:48:22.162+0000] {processor.py:925} INFO - DAG(s) 'fix_permissions_dag' retrieved from /opt/airflow/dags/permission_fixer_dag.py
[2025-04-30T20:48:22.174+0000] {logging_mixin.py:190} INFO - [2025-04-30T20:48:22.174+0000] {dag.py:3239} INFO - Sync 1 DAGs
[2025-04-30T20:48:22.246+0000] {logging_mixin.py:190} INFO - [2025-04-30T20:48:22.246+0000] {dag.py:4180} INFO - Setting next_dagrun for fix_permissions_dag to 2025-04-30 19:00:00+00:00, run_after=2025-04-30 20:00:00+00:00
[2025-04-30T20:48:22.252+0000] {processor.py:208} INFO - Processing /opt/airflow/dags/permission_fixer_dag.py took 0.102 seconds
[2025-04-30T20:48:52.641+0000] {processor.py:186} INFO - Started process (PID=424) to work on /opt/airflow/dags/permission_fixer_dag.py
[2025-04-30T20:48:52.642+0000] {processor.py:914} INFO - Processing file /opt/airflow/dags/permission_fixer_dag.py for tasks to queue
[2025-04-30T20:48:52.643+0000] {logging_mixin.py:190} INFO - [2025-04-30T20:48:52.643+0000] {dagbag.py:588} INFO - Filling up the DagBag from /opt/airflow/dags/permission_fixer_dag.py
[2025-04-30T20:48:52.655+0000] {logging_mixin.py:190} INFO - [2025-04-30T20:48:52.655+0000] {templater.py:94} ERROR - Failed to resolve template field 'bash_command'
Traceback (most recent call last):
  File "/home/airflow/.local/lib/python3.12/site-packages/airflow/template/templater.py", line 92, in resolve_template_files
    setattr(self, field, env.loader.get_source(env, content)[0])  # type: ignore
                         ^^^^^^^^^^^^^^^^^^^^^^^^^^^^^^^^^^^
  File "/home/airflow/.local/lib/python3.12/site-packages/jinja2/loaders.py", line 209, in get_source
    raise TemplateNotFound(
jinja2.exceptions.TemplateNotFound: 'bash /opt/airflow/scripts/permissions.sh' not found in search path: '/opt/airflow/dags'
[2025-04-30T20:48:52.657+0000] {processor.py:925} INFO - DAG(s) 'fix_permissions_dag' retrieved from /opt/airflow/dags/permission_fixer_dag.py
[2025-04-30T20:48:52.741+0000] {logging_mixin.py:190} INFO - [2025-04-30T20:48:52.741+0000] {dag.py:3239} INFO - Sync 1 DAGs
[2025-04-30T20:48:52.747+0000] {logging_mixin.py:190} INFO - [2025-04-30T20:48:52.747+0000] {dag.py:4180} INFO - Setting next_dagrun for fix_permissions_dag to 2025-04-30 19:00:00+00:00, run_after=2025-04-30 20:00:00+00:00
[2025-04-30T20:48:52.753+0000] {processor.py:208} INFO - Processing /opt/airflow/dags/permission_fixer_dag.py took 0.120 seconds
[2025-04-30T20:53:19.307+0000] {processor.py:186} INFO - Started process (PID=426) to work on /opt/airflow/dags/permission_fixer_dag.py
[2025-04-30T20:53:19.309+0000] {processor.py:914} INFO - Processing file /opt/airflow/dags/permission_fixer_dag.py for tasks to queue
[2025-04-30T20:53:19.310+0000] {logging_mixin.py:190} INFO - [2025-04-30T20:53:19.310+0000] {dagbag.py:588} INFO - Filling up the DagBag from /opt/airflow/dags/permission_fixer_dag.py
[2025-04-30T20:53:19.322+0000] {logging_mixin.py:190} INFO - [2025-04-30T20:53:19.321+0000] {templater.py:94} ERROR - Failed to resolve template field 'bash_command'
Traceback (most recent call last):
  File "/home/airflow/.local/lib/python3.12/site-packages/airflow/template/templater.py", line 92, in resolve_template_files
    setattr(self, field, env.loader.get_source(env, content)[0])  # type: ignore
                         ^^^^^^^^^^^^^^^^^^^^^^^^^^^^^^^^^^^
  File "/home/airflow/.local/lib/python3.12/site-packages/jinja2/loaders.py", line 209, in get_source
    raise TemplateNotFound(
jinja2.exceptions.TemplateNotFound: 'bash /opt/airflow/scripts/permissions.sh' not found in search path: '/opt/airflow/dags'
[2025-04-30T20:53:19.324+0000] {processor.py:925} INFO - DAG(s) 'fix_permissions_dag' retrieved from /opt/airflow/dags/permission_fixer_dag.py
[2025-04-30T20:53:19.405+0000] {logging_mixin.py:190} INFO - [2025-04-30T20:53:19.405+0000] {dag.py:3239} INFO - Sync 1 DAGs
[2025-04-30T20:53:19.411+0000] {logging_mixin.py:190} INFO - [2025-04-30T20:53:19.411+0000] {dag.py:4180} INFO - Setting next_dagrun for fix_permissions_dag to 2025-04-30 19:00:00+00:00, run_after=2025-04-30 20:00:00+00:00
[2025-04-30T20:53:19.417+0000] {processor.py:208} INFO - Processing /opt/airflow/dags/permission_fixer_dag.py took 0.119 seconds
[2025-04-30T20:53:49.807+0000] {processor.py:186} INFO - Started process (PID=428) to work on /opt/airflow/dags/permission_fixer_dag.py
[2025-04-30T20:53:49.808+0000] {processor.py:914} INFO - Processing file /opt/airflow/dags/permission_fixer_dag.py for tasks to queue
[2025-04-30T20:53:49.809+0000] {logging_mixin.py:190} INFO - [2025-04-30T20:53:49.809+0000] {dagbag.py:588} INFO - Filling up the DagBag from /opt/airflow/dags/permission_fixer_dag.py
[2025-04-30T20:53:49.822+0000] {logging_mixin.py:190} INFO - [2025-04-30T20:53:49.821+0000] {templater.py:94} ERROR - Failed to resolve template field 'bash_command'
Traceback (most recent call last):
  File "/home/airflow/.local/lib/python3.12/site-packages/airflow/template/templater.py", line 92, in resolve_template_files
    setattr(self, field, env.loader.get_source(env, content)[0])  # type: ignore
                         ^^^^^^^^^^^^^^^^^^^^^^^^^^^^^^^^^^^
  File "/home/airflow/.local/lib/python3.12/site-packages/jinja2/loaders.py", line 209, in get_source
    raise TemplateNotFound(
jinja2.exceptions.TemplateNotFound: 'bash /opt/airflow/scripts/permissions.sh' not found in search path: '/opt/airflow/dags'
[2025-04-30T20:53:49.824+0000] {processor.py:925} INFO - DAG(s) 'fix_permissions_dag' retrieved from /opt/airflow/dags/permission_fixer_dag.py
[2025-04-30T20:53:49.839+0000] {logging_mixin.py:190} INFO - [2025-04-30T20:53:49.839+0000] {dag.py:3239} INFO - Sync 1 DAGs
[2025-04-30T20:53:49.851+0000] {logging_mixin.py:190} INFO - [2025-04-30T20:53:49.851+0000] {dag.py:4180} INFO - Setting next_dagrun for fix_permissions_dag to 2025-04-30 19:00:00+00:00, run_after=2025-04-30 20:00:00+00:00
[2025-04-30T20:53:49.860+0000] {processor.py:208} INFO - Processing /opt/airflow/dags/permission_fixer_dag.py took 0.062 seconds
[2025-04-30T21:02:32.767+0000] {processor.py:186} INFO - Started process (PID=430) to work on /opt/airflow/dags/permission_fixer_dag.py
[2025-04-30T21:02:32.768+0000] {processor.py:914} INFO - Processing file /opt/airflow/dags/permission_fixer_dag.py for tasks to queue
[2025-04-30T21:02:32.770+0000] {logging_mixin.py:190} INFO - [2025-04-30T21:02:32.769+0000] {dagbag.py:588} INFO - Filling up the DagBag from /opt/airflow/dags/permission_fixer_dag.py
[2025-04-30T21:02:32.779+0000] {logging_mixin.py:190} INFO - [2025-04-30T21:02:32.778+0000] {templater.py:94} ERROR - Failed to resolve template field 'bash_command'
Traceback (most recent call last):
  File "/home/airflow/.local/lib/python3.12/site-packages/airflow/template/templater.py", line 92, in resolve_template_files
    setattr(self, field, env.loader.get_source(env, content)[0])  # type: ignore
                         ^^^^^^^^^^^^^^^^^^^^^^^^^^^^^^^^^^^
  File "/home/airflow/.local/lib/python3.12/site-packages/jinja2/loaders.py", line 209, in get_source
    raise TemplateNotFound(
jinja2.exceptions.TemplateNotFound: 'bash /opt/airflow/scripts/permissions.sh' not found in search path: '/opt/airflow/dags'
[2025-04-30T21:02:32.780+0000] {processor.py:925} INFO - DAG(s) 'fix_permissions_dag' retrieved from /opt/airflow/dags/permission_fixer_dag.py
[2025-04-30T21:02:32.794+0000] {logging_mixin.py:190} INFO - [2025-04-30T21:02:32.794+0000] {dag.py:3239} INFO - Sync 1 DAGs
[2025-04-30T21:02:32.805+0000] {logging_mixin.py:190} INFO - [2025-04-30T21:02:32.805+0000] {dag.py:4180} INFO - Setting next_dagrun for fix_permissions_dag to 2025-04-30 20:00:00+00:00, run_after=2025-04-30 21:00:00+00:00
[2025-04-30T21:02:32.812+0000] {processor.py:208} INFO - Processing /opt/airflow/dags/permission_fixer_dag.py took 0.050 seconds
[2025-04-30T21:03:03.239+0000] {processor.py:186} INFO - Started process (PID=432) to work on /opt/airflow/dags/permission_fixer_dag.py
[2025-04-30T21:03:03.240+0000] {processor.py:914} INFO - Processing file /opt/airflow/dags/permission_fixer_dag.py for tasks to queue
[2025-04-30T21:03:03.243+0000] {logging_mixin.py:190} INFO - [2025-04-30T21:03:03.243+0000] {dagbag.py:588} INFO - Filling up the DagBag from /opt/airflow/dags/permission_fixer_dag.py
[2025-04-30T21:03:03.253+0000] {logging_mixin.py:190} INFO - [2025-04-30T21:03:03.253+0000] {templater.py:94} ERROR - Failed to resolve template field 'bash_command'
Traceback (most recent call last):
  File "/home/airflow/.local/lib/python3.12/site-packages/airflow/template/templater.py", line 92, in resolve_template_files
    setattr(self, field, env.loader.get_source(env, content)[0])  # type: ignore
                         ^^^^^^^^^^^^^^^^^^^^^^^^^^^^^^^^^^^
  File "/home/airflow/.local/lib/python3.12/site-packages/jinja2/loaders.py", line 209, in get_source
    raise TemplateNotFound(
jinja2.exceptions.TemplateNotFound: 'bash /opt/airflow/scripts/permissions.sh' not found in search path: '/opt/airflow/dags'
[2025-04-30T21:03:03.255+0000] {processor.py:925} INFO - DAG(s) 'fix_permissions_dag' retrieved from /opt/airflow/dags/permission_fixer_dag.py
[2025-04-30T21:03:03.269+0000] {logging_mixin.py:190} INFO - [2025-04-30T21:03:03.269+0000] {dag.py:3239} INFO - Sync 1 DAGs
[2025-04-30T21:03:03.281+0000] {logging_mixin.py:190} INFO - [2025-04-30T21:03:03.280+0000] {dag.py:4180} INFO - Setting next_dagrun for fix_permissions_dag to 2025-04-30 20:00:00+00:00, run_after=2025-04-30 21:00:00+00:00
[2025-04-30T21:03:03.288+0000] {processor.py:208} INFO - Processing /opt/airflow/dags/permission_fixer_dag.py took 0.058 seconds
[2025-04-30T21:21:59.211+0000] {processor.py:186} INFO - Started process (PID=434) to work on /opt/airflow/dags/permission_fixer_dag.py
[2025-04-30T21:21:59.212+0000] {processor.py:914} INFO - Processing file /opt/airflow/dags/permission_fixer_dag.py for tasks to queue
[2025-04-30T21:21:59.212+0000] {logging_mixin.py:190} INFO - [2025-04-30T21:21:59.212+0000] {dagbag.py:588} INFO - Filling up the DagBag from /opt/airflow/dags/permission_fixer_dag.py
[2025-04-30T21:21:59.221+0000] {logging_mixin.py:190} INFO - [2025-04-30T21:21:59.220+0000] {templater.py:94} ERROR - Failed to resolve template field 'bash_command'
Traceback (most recent call last):
  File "/home/airflow/.local/lib/python3.12/site-packages/airflow/template/templater.py", line 92, in resolve_template_files
    setattr(self, field, env.loader.get_source(env, content)[0])  # type: ignore
                         ^^^^^^^^^^^^^^^^^^^^^^^^^^^^^^^^^^^
  File "/home/airflow/.local/lib/python3.12/site-packages/jinja2/loaders.py", line 209, in get_source
    raise TemplateNotFound(
jinja2.exceptions.TemplateNotFound: 'bash /opt/airflow/scripts/permissions.sh' not found in search path: '/opt/airflow/dags'
[2025-04-30T21:21:59.222+0000] {processor.py:925} INFO - DAG(s) 'fix_permissions_dag' retrieved from /opt/airflow/dags/permission_fixer_dag.py
[2025-04-30T21:21:59.235+0000] {logging_mixin.py:190} INFO - [2025-04-30T21:21:59.235+0000] {dag.py:3239} INFO - Sync 1 DAGs
[2025-04-30T21:21:59.246+0000] {logging_mixin.py:190} INFO - [2025-04-30T21:21:59.246+0000] {dag.py:4180} INFO - Setting next_dagrun for fix_permissions_dag to 2025-04-30 20:00:00+00:00, run_after=2025-04-30 21:00:00+00:00
[2025-04-30T21:21:59.316+0000] {processor.py:208} INFO - Processing /opt/airflow/dags/permission_fixer_dag.py took 0.110 seconds
[2025-04-30T21:22:29.751+0000] {processor.py:186} INFO - Started process (PID=436) to work on /opt/airflow/dags/permission_fixer_dag.py
[2025-04-30T21:22:29.754+0000] {processor.py:914} INFO - Processing file /opt/airflow/dags/permission_fixer_dag.py for tasks to queue
[2025-04-30T21:22:29.755+0000] {logging_mixin.py:190} INFO - [2025-04-30T21:22:29.755+0000] {dagbag.py:588} INFO - Filling up the DagBag from /opt/airflow/dags/permission_fixer_dag.py
[2025-04-30T21:22:29.767+0000] {logging_mixin.py:190} INFO - [2025-04-30T21:22:29.767+0000] {templater.py:94} ERROR - Failed to resolve template field 'bash_command'
Traceback (most recent call last):
  File "/home/airflow/.local/lib/python3.12/site-packages/airflow/template/templater.py", line 92, in resolve_template_files
    setattr(self, field, env.loader.get_source(env, content)[0])  # type: ignore
                         ^^^^^^^^^^^^^^^^^^^^^^^^^^^^^^^^^^^
  File "/home/airflow/.local/lib/python3.12/site-packages/jinja2/loaders.py", line 209, in get_source
    raise TemplateNotFound(
jinja2.exceptions.TemplateNotFound: 'bash /opt/airflow/scripts/permissions.sh' not found in search path: '/opt/airflow/dags'
[2025-04-30T21:22:29.769+0000] {processor.py:925} INFO - DAG(s) 'fix_permissions_dag' retrieved from /opt/airflow/dags/permission_fixer_dag.py
[2025-04-30T21:22:29.783+0000] {logging_mixin.py:190} INFO - [2025-04-30T21:22:29.782+0000] {dag.py:3239} INFO - Sync 1 DAGs
[2025-04-30T21:22:29.860+0000] {logging_mixin.py:190} INFO - [2025-04-30T21:22:29.860+0000] {dag.py:4180} INFO - Setting next_dagrun for fix_permissions_dag to 2025-04-30 20:00:00+00:00, run_after=2025-04-30 21:00:00+00:00
[2025-04-30T21:22:29.866+0000] {processor.py:208} INFO - Processing /opt/airflow/dags/permission_fixer_dag.py took 0.123 seconds
[2025-04-30T21:37:31.525+0000] {processor.py:186} INFO - Started process (PID=438) to work on /opt/airflow/dags/permission_fixer_dag.py
[2025-04-30T21:37:31.526+0000] {processor.py:914} INFO - Processing file /opt/airflow/dags/permission_fixer_dag.py for tasks to queue
[2025-04-30T21:37:31.527+0000] {logging_mixin.py:190} INFO - [2025-04-30T21:37:31.527+0000] {dagbag.py:588} INFO - Filling up the DagBag from /opt/airflow/dags/permission_fixer_dag.py
[2025-04-30T21:37:31.536+0000] {logging_mixin.py:190} INFO - [2025-04-30T21:37:31.535+0000] {templater.py:94} ERROR - Failed to resolve template field 'bash_command'
Traceback (most recent call last):
  File "/home/airflow/.local/lib/python3.12/site-packages/airflow/template/templater.py", line 92, in resolve_template_files
    setattr(self, field, env.loader.get_source(env, content)[0])  # type: ignore
                         ^^^^^^^^^^^^^^^^^^^^^^^^^^^^^^^^^^^
  File "/home/airflow/.local/lib/python3.12/site-packages/jinja2/loaders.py", line 209, in get_source
    raise TemplateNotFound(
jinja2.exceptions.TemplateNotFound: 'bash /opt/airflow/scripts/permissions.sh' not found in search path: '/opt/airflow/dags'
[2025-04-30T21:37:31.537+0000] {processor.py:925} INFO - DAG(s) 'fix_permissions_dag' retrieved from /opt/airflow/dags/permission_fixer_dag.py
[2025-04-30T21:37:31.551+0000] {logging_mixin.py:190} INFO - [2025-04-30T21:37:31.551+0000] {dag.py:3239} INFO - Sync 1 DAGs
[2025-04-30T21:37:31.625+0000] {logging_mixin.py:190} INFO - [2025-04-30T21:37:31.625+0000] {dag.py:4180} INFO - Setting next_dagrun for fix_permissions_dag to 2025-04-30 20:00:00+00:00, run_after=2025-04-30 21:00:00+00:00
[2025-04-30T21:37:31.631+0000] {processor.py:208} INFO - Processing /opt/airflow/dags/permission_fixer_dag.py took 0.111 seconds
[2025-04-30T21:38:01.944+0000] {processor.py:186} INFO - Started process (PID=440) to work on /opt/airflow/dags/permission_fixer_dag.py
[2025-04-30T21:38:01.944+0000] {processor.py:914} INFO - Processing file /opt/airflow/dags/permission_fixer_dag.py for tasks to queue
[2025-04-30T21:38:01.946+0000] {logging_mixin.py:190} INFO - [2025-04-30T21:38:01.945+0000] {dagbag.py:588} INFO - Filling up the DagBag from /opt/airflow/dags/permission_fixer_dag.py
[2025-04-30T21:38:01.959+0000] {logging_mixin.py:190} INFO - [2025-04-30T21:38:01.958+0000] {templater.py:94} ERROR - Failed to resolve template field 'bash_command'
Traceback (most recent call last):
  File "/home/airflow/.local/lib/python3.12/site-packages/airflow/template/templater.py", line 92, in resolve_template_files
    setattr(self, field, env.loader.get_source(env, content)[0])  # type: ignore
                         ^^^^^^^^^^^^^^^^^^^^^^^^^^^^^^^^^^^
  File "/home/airflow/.local/lib/python3.12/site-packages/jinja2/loaders.py", line 209, in get_source
    raise TemplateNotFound(
jinja2.exceptions.TemplateNotFound: 'bash /opt/airflow/scripts/permissions.sh' not found in search path: '/opt/airflow/dags'
[2025-04-30T21:38:01.960+0000] {processor.py:925} INFO - DAG(s) 'fix_permissions_dag' retrieved from /opt/airflow/dags/permission_fixer_dag.py
[2025-04-30T21:38:01.975+0000] {logging_mixin.py:190} INFO - [2025-04-30T21:38:01.975+0000] {dag.py:3239} INFO - Sync 1 DAGs
[2025-04-30T21:38:02.053+0000] {logging_mixin.py:190} INFO - [2025-04-30T21:38:02.053+0000] {dag.py:4180} INFO - Setting next_dagrun for fix_permissions_dag to 2025-04-30 20:00:00+00:00, run_after=2025-04-30 21:00:00+00:00
[2025-04-30T21:38:02.060+0000] {processor.py:208} INFO - Processing /opt/airflow/dags/permission_fixer_dag.py took 0.125 seconds
[2025-04-30T21:53:04.634+0000] {processor.py:186} INFO - Started process (PID=442) to work on /opt/airflow/dags/permission_fixer_dag.py
[2025-04-30T21:53:04.635+0000] {processor.py:914} INFO - Processing file /opt/airflow/dags/permission_fixer_dag.py for tasks to queue
[2025-04-30T21:53:04.636+0000] {logging_mixin.py:190} INFO - [2025-04-30T21:53:04.636+0000] {dagbag.py:588} INFO - Filling up the DagBag from /opt/airflow/dags/permission_fixer_dag.py
[2025-04-30T21:53:04.645+0000] {logging_mixin.py:190} INFO - [2025-04-30T21:53:04.645+0000] {templater.py:94} ERROR - Failed to resolve template field 'bash_command'
Traceback (most recent call last):
  File "/home/airflow/.local/lib/python3.12/site-packages/airflow/template/templater.py", line 92, in resolve_template_files
    setattr(self, field, env.loader.get_source(env, content)[0])  # type: ignore
                         ^^^^^^^^^^^^^^^^^^^^^^^^^^^^^^^^^^^
  File "/home/airflow/.local/lib/python3.12/site-packages/jinja2/loaders.py", line 209, in get_source
    raise TemplateNotFound(
jinja2.exceptions.TemplateNotFound: 'bash /opt/airflow/scripts/permissions.sh' not found in search path: '/opt/airflow/dags'
[2025-04-30T21:53:04.646+0000] {processor.py:925} INFO - DAG(s) 'fix_permissions_dag' retrieved from /opt/airflow/dags/permission_fixer_dag.py
[2025-04-30T21:53:04.661+0000] {logging_mixin.py:190} INFO - [2025-04-30T21:53:04.661+0000] {dag.py:3239} INFO - Sync 1 DAGs
[2025-04-30T21:53:04.734+0000] {logging_mixin.py:190} INFO - [2025-04-30T21:53:04.734+0000] {dag.py:4180} INFO - Setting next_dagrun for fix_permissions_dag to 2025-04-30 20:00:00+00:00, run_after=2025-04-30 21:00:00+00:00
[2025-04-30T21:53:04.740+0000] {processor.py:208} INFO - Processing /opt/airflow/dags/permission_fixer_dag.py took 0.110 seconds
[2025-04-30T21:53:35.108+0000] {processor.py:186} INFO - Started process (PID=444) to work on /opt/airflow/dags/permission_fixer_dag.py
[2025-04-30T21:53:35.109+0000] {processor.py:914} INFO - Processing file /opt/airflow/dags/permission_fixer_dag.py for tasks to queue
[2025-04-30T21:53:35.110+0000] {logging_mixin.py:190} INFO - [2025-04-30T21:53:35.109+0000] {dagbag.py:588} INFO - Filling up the DagBag from /opt/airflow/dags/permission_fixer_dag.py
[2025-04-30T21:53:35.122+0000] {logging_mixin.py:190} INFO - [2025-04-30T21:53:35.121+0000] {templater.py:94} ERROR - Failed to resolve template field 'bash_command'
Traceback (most recent call last):
  File "/home/airflow/.local/lib/python3.12/site-packages/airflow/template/templater.py", line 92, in resolve_template_files
    setattr(self, field, env.loader.get_source(env, content)[0])  # type: ignore
                         ^^^^^^^^^^^^^^^^^^^^^^^^^^^^^^^^^^^
  File "/home/airflow/.local/lib/python3.12/site-packages/jinja2/loaders.py", line 209, in get_source
    raise TemplateNotFound(
jinja2.exceptions.TemplateNotFound: 'bash /opt/airflow/scripts/permissions.sh' not found in search path: '/opt/airflow/dags'
[2025-04-30T21:53:35.124+0000] {processor.py:925} INFO - DAG(s) 'fix_permissions_dag' retrieved from /opt/airflow/dags/permission_fixer_dag.py
[2025-04-30T21:53:35.207+0000] {logging_mixin.py:190} INFO - [2025-04-30T21:53:35.207+0000] {dag.py:3239} INFO - Sync 1 DAGs
[2025-04-30T21:53:35.213+0000] {logging_mixin.py:190} INFO - [2025-04-30T21:53:35.213+0000] {dag.py:4180} INFO - Setting next_dagrun for fix_permissions_dag to 2025-04-30 20:00:00+00:00, run_after=2025-04-30 21:00:00+00:00
[2025-04-30T21:53:35.218+0000] {processor.py:208} INFO - Processing /opt/airflow/dags/permission_fixer_dag.py took 0.119 seconds
[2025-04-30T22:03:25.546+0000] {processor.py:186} INFO - Started process (PID=446) to work on /opt/airflow/dags/permission_fixer_dag.py
[2025-04-30T22:03:25.546+0000] {processor.py:914} INFO - Processing file /opt/airflow/dags/permission_fixer_dag.py for tasks to queue
[2025-04-30T22:03:25.548+0000] {logging_mixin.py:190} INFO - [2025-04-30T22:03:25.547+0000] {dagbag.py:588} INFO - Filling up the DagBag from /opt/airflow/dags/permission_fixer_dag.py
[2025-04-30T22:03:25.557+0000] {logging_mixin.py:190} INFO - [2025-04-30T22:03:25.557+0000] {templater.py:94} ERROR - Failed to resolve template field 'bash_command'
Traceback (most recent call last):
  File "/home/airflow/.local/lib/python3.12/site-packages/airflow/template/templater.py", line 92, in resolve_template_files
    setattr(self, field, env.loader.get_source(env, content)[0])  # type: ignore
                         ^^^^^^^^^^^^^^^^^^^^^^^^^^^^^^^^^^^
  File "/home/airflow/.local/lib/python3.12/site-packages/jinja2/loaders.py", line 209, in get_source
    raise TemplateNotFound(
jinja2.exceptions.TemplateNotFound: 'bash /opt/airflow/scripts/permissions.sh' not found in search path: '/opt/airflow/dags'
[2025-04-30T22:03:25.559+0000] {processor.py:925} INFO - DAG(s) 'fix_permissions_dag' retrieved from /opt/airflow/dags/permission_fixer_dag.py
[2025-04-30T22:03:25.641+0000] {logging_mixin.py:190} INFO - [2025-04-30T22:03:25.641+0000] {dag.py:3239} INFO - Sync 1 DAGs
[2025-04-30T22:03:25.647+0000] {logging_mixin.py:190} INFO - [2025-04-30T22:03:25.647+0000] {dag.py:4180} INFO - Setting next_dagrun for fix_permissions_dag to 2025-04-30 21:00:00+00:00, run_after=2025-04-30 22:00:00+00:00
[2025-04-30T22:03:25.652+0000] {processor.py:208} INFO - Processing /opt/airflow/dags/permission_fixer_dag.py took 0.111 seconds
[2025-04-30T22:03:55.968+0000] {processor.py:186} INFO - Started process (PID=448) to work on /opt/airflow/dags/permission_fixer_dag.py
[2025-04-30T22:03:55.969+0000] {processor.py:914} INFO - Processing file /opt/airflow/dags/permission_fixer_dag.py for tasks to queue
[2025-04-30T22:03:55.971+0000] {logging_mixin.py:190} INFO - [2025-04-30T22:03:55.970+0000] {dagbag.py:588} INFO - Filling up the DagBag from /opt/airflow/dags/permission_fixer_dag.py
[2025-04-30T22:03:55.982+0000] {logging_mixin.py:190} INFO - [2025-04-30T22:03:55.982+0000] {templater.py:94} ERROR - Failed to resolve template field 'bash_command'
Traceback (most recent call last):
  File "/home/airflow/.local/lib/python3.12/site-packages/airflow/template/templater.py", line 92, in resolve_template_files
    setattr(self, field, env.loader.get_source(env, content)[0])  # type: ignore
                         ^^^^^^^^^^^^^^^^^^^^^^^^^^^^^^^^^^^
  File "/home/airflow/.local/lib/python3.12/site-packages/jinja2/loaders.py", line 209, in get_source
    raise TemplateNotFound(
jinja2.exceptions.TemplateNotFound: 'bash /opt/airflow/scripts/permissions.sh' not found in search path: '/opt/airflow/dags'
[2025-04-30T22:03:55.984+0000] {processor.py:925} INFO - DAG(s) 'fix_permissions_dag' retrieved from /opt/airflow/dags/permission_fixer_dag.py
[2025-04-30T22:03:55.999+0000] {logging_mixin.py:190} INFO - [2025-04-30T22:03:55.999+0000] {dag.py:3239} INFO - Sync 1 DAGs
[2025-04-30T22:03:56.011+0000] {logging_mixin.py:190} INFO - [2025-04-30T22:03:56.011+0000] {dag.py:4180} INFO - Setting next_dagrun for fix_permissions_dag to 2025-04-30 21:00:00+00:00, run_after=2025-04-30 22:00:00+00:00
[2025-04-30T22:03:56.019+0000] {processor.py:208} INFO - Processing /opt/airflow/dags/permission_fixer_dag.py took 0.059 seconds
[2025-04-30T22:18:58.724+0000] {processor.py:186} INFO - Started process (PID=450) to work on /opt/airflow/dags/permission_fixer_dag.py
[2025-04-30T22:18:58.724+0000] {processor.py:914} INFO - Processing file /opt/airflow/dags/permission_fixer_dag.py for tasks to queue
[2025-04-30T22:18:58.725+0000] {logging_mixin.py:190} INFO - [2025-04-30T22:18:58.725+0000] {dagbag.py:588} INFO - Filling up the DagBag from /opt/airflow/dags/permission_fixer_dag.py
[2025-04-30T22:18:58.732+0000] {logging_mixin.py:190} INFO - [2025-04-30T22:18:58.731+0000] {templater.py:94} ERROR - Failed to resolve template field 'bash_command'
Traceback (most recent call last):
  File "/home/airflow/.local/lib/python3.12/site-packages/airflow/template/templater.py", line 92, in resolve_template_files
    setattr(self, field, env.loader.get_source(env, content)[0])  # type: ignore
                         ^^^^^^^^^^^^^^^^^^^^^^^^^^^^^^^^^^^
  File "/home/airflow/.local/lib/python3.12/site-packages/jinja2/loaders.py", line 209, in get_source
    raise TemplateNotFound(
jinja2.exceptions.TemplateNotFound: 'bash /opt/airflow/scripts/permissions.sh' not found in search path: '/opt/airflow/dags'
[2025-04-30T22:18:58.733+0000] {processor.py:925} INFO - DAG(s) 'fix_permissions_dag' retrieved from /opt/airflow/dags/permission_fixer_dag.py
[2025-04-30T22:18:58.744+0000] {logging_mixin.py:190} INFO - [2025-04-30T22:18:58.744+0000] {dag.py:3239} INFO - Sync 1 DAGs
[2025-04-30T22:18:58.754+0000] {logging_mixin.py:190} INFO - [2025-04-30T22:18:58.754+0000] {dag.py:4180} INFO - Setting next_dagrun for fix_permissions_dag to 2025-04-30 21:00:00+00:00, run_after=2025-04-30 22:00:00+00:00
[2025-04-30T22:18:58.761+0000] {processor.py:208} INFO - Processing /opt/airflow/dags/permission_fixer_dag.py took 0.040 seconds
[2025-04-30T22:19:29.196+0000] {processor.py:186} INFO - Started process (PID=452) to work on /opt/airflow/dags/permission_fixer_dag.py
[2025-04-30T22:19:29.197+0000] {processor.py:914} INFO - Processing file /opt/airflow/dags/permission_fixer_dag.py for tasks to queue
[2025-04-30T22:19:29.198+0000] {logging_mixin.py:190} INFO - [2025-04-30T22:19:29.198+0000] {dagbag.py:588} INFO - Filling up the DagBag from /opt/airflow/dags/permission_fixer_dag.py
[2025-04-30T22:19:29.209+0000] {logging_mixin.py:190} INFO - [2025-04-30T22:19:29.208+0000] {templater.py:94} ERROR - Failed to resolve template field 'bash_command'
Traceback (most recent call last):
  File "/home/airflow/.local/lib/python3.12/site-packages/airflow/template/templater.py", line 92, in resolve_template_files
    setattr(self, field, env.loader.get_source(env, content)[0])  # type: ignore
                         ^^^^^^^^^^^^^^^^^^^^^^^^^^^^^^^^^^^
  File "/home/airflow/.local/lib/python3.12/site-packages/jinja2/loaders.py", line 209, in get_source
    raise TemplateNotFound(
jinja2.exceptions.TemplateNotFound: 'bash /opt/airflow/scripts/permissions.sh' not found in search path: '/opt/airflow/dags'
[2025-04-30T22:19:29.211+0000] {processor.py:925} INFO - DAG(s) 'fix_permissions_dag' retrieved from /opt/airflow/dags/permission_fixer_dag.py
[2025-04-30T22:19:29.225+0000] {logging_mixin.py:190} INFO - [2025-04-30T22:19:29.225+0000] {dag.py:3239} INFO - Sync 1 DAGs
[2025-04-30T22:19:29.237+0000] {logging_mixin.py:190} INFO - [2025-04-30T22:19:29.237+0000] {dag.py:4180} INFO - Setting next_dagrun for fix_permissions_dag to 2025-04-30 21:00:00+00:00, run_after=2025-04-30 22:00:00+00:00
[2025-04-30T22:19:29.309+0000] {processor.py:208} INFO - Processing /opt/airflow/dags/permission_fixer_dag.py took 0.121 seconds
[2025-04-30T22:34:32.014+0000] {processor.py:186} INFO - Started process (PID=454) to work on /opt/airflow/dags/permission_fixer_dag.py
[2025-04-30T22:34:32.015+0000] {processor.py:914} INFO - Processing file /opt/airflow/dags/permission_fixer_dag.py for tasks to queue
[2025-04-30T22:34:32.015+0000] {logging_mixin.py:190} INFO - [2025-04-30T22:34:32.015+0000] {dagbag.py:588} INFO - Filling up the DagBag from /opt/airflow/dags/permission_fixer_dag.py
[2025-04-30T22:34:32.024+0000] {logging_mixin.py:190} INFO - [2025-04-30T22:34:32.023+0000] {templater.py:94} ERROR - Failed to resolve template field 'bash_command'
Traceback (most recent call last):
  File "/home/airflow/.local/lib/python3.12/site-packages/airflow/template/templater.py", line 92, in resolve_template_files
    setattr(self, field, env.loader.get_source(env, content)[0])  # type: ignore
                         ^^^^^^^^^^^^^^^^^^^^^^^^^^^^^^^^^^^
  File "/home/airflow/.local/lib/python3.12/site-packages/jinja2/loaders.py", line 209, in get_source
    raise TemplateNotFound(
jinja2.exceptions.TemplateNotFound: 'bash /opt/airflow/scripts/permissions.sh' not found in search path: '/opt/airflow/dags'
[2025-04-30T22:34:32.025+0000] {processor.py:925} INFO - DAG(s) 'fix_permissions_dag' retrieved from /opt/airflow/dags/permission_fixer_dag.py
[2025-04-30T22:34:32.039+0000] {logging_mixin.py:190} INFO - [2025-04-30T22:34:32.039+0000] {dag.py:3239} INFO - Sync 1 DAGs
[2025-04-30T22:34:32.050+0000] {logging_mixin.py:190} INFO - [2025-04-30T22:34:32.050+0000] {dag.py:4180} INFO - Setting next_dagrun for fix_permissions_dag to 2025-04-30 21:00:00+00:00, run_after=2025-04-30 22:00:00+00:00
[2025-04-30T22:34:32.121+0000] {processor.py:208} INFO - Processing /opt/airflow/dags/permission_fixer_dag.py took 0.112 seconds
[2025-04-30T22:35:02.473+0000] {processor.py:186} INFO - Started process (PID=456) to work on /opt/airflow/dags/permission_fixer_dag.py
[2025-04-30T22:35:02.475+0000] {processor.py:914} INFO - Processing file /opt/airflow/dags/permission_fixer_dag.py for tasks to queue
[2025-04-30T22:35:02.476+0000] {logging_mixin.py:190} INFO - [2025-04-30T22:35:02.476+0000] {dagbag.py:588} INFO - Filling up the DagBag from /opt/airflow/dags/permission_fixer_dag.py
[2025-04-30T22:35:02.487+0000] {logging_mixin.py:190} INFO - [2025-04-30T22:35:02.486+0000] {templater.py:94} ERROR - Failed to resolve template field 'bash_command'
Traceback (most recent call last):
  File "/home/airflow/.local/lib/python3.12/site-packages/airflow/template/templater.py", line 92, in resolve_template_files
    setattr(self, field, env.loader.get_source(env, content)[0])  # type: ignore
                         ^^^^^^^^^^^^^^^^^^^^^^^^^^^^^^^^^^^
  File "/home/airflow/.local/lib/python3.12/site-packages/jinja2/loaders.py", line 209, in get_source
    raise TemplateNotFound(
jinja2.exceptions.TemplateNotFound: 'bash /opt/airflow/scripts/permissions.sh' not found in search path: '/opt/airflow/dags'
[2025-04-30T22:35:02.488+0000] {processor.py:925} INFO - DAG(s) 'fix_permissions_dag' retrieved from /opt/airflow/dags/permission_fixer_dag.py
[2025-04-30T22:35:02.503+0000] {logging_mixin.py:190} INFO - [2025-04-30T22:35:02.503+0000] {dag.py:3239} INFO - Sync 1 DAGs
[2025-04-30T22:35:02.580+0000] {logging_mixin.py:190} INFO - [2025-04-30T22:35:02.580+0000] {dag.py:4180} INFO - Setting next_dagrun for fix_permissions_dag to 2025-04-30 21:00:00+00:00, run_after=2025-04-30 22:00:00+00:00
[2025-04-30T22:35:02.586+0000] {processor.py:208} INFO - Processing /opt/airflow/dags/permission_fixer_dag.py took 0.121 seconds
[2025-04-30T22:50:05.289+0000] {processor.py:186} INFO - Started process (PID=458) to work on /opt/airflow/dags/permission_fixer_dag.py
[2025-04-30T22:50:05.289+0000] {processor.py:914} INFO - Processing file /opt/airflow/dags/permission_fixer_dag.py for tasks to queue
[2025-04-30T22:50:05.290+0000] {logging_mixin.py:190} INFO - [2025-04-30T22:50:05.290+0000] {dagbag.py:588} INFO - Filling up the DagBag from /opt/airflow/dags/permission_fixer_dag.py
[2025-04-30T22:50:05.300+0000] {logging_mixin.py:190} INFO - [2025-04-30T22:50:05.299+0000] {templater.py:94} ERROR - Failed to resolve template field 'bash_command'
Traceback (most recent call last):
  File "/home/airflow/.local/lib/python3.12/site-packages/airflow/template/templater.py", line 92, in resolve_template_files
    setattr(self, field, env.loader.get_source(env, content)[0])  # type: ignore
                         ^^^^^^^^^^^^^^^^^^^^^^^^^^^^^^^^^^^
  File "/home/airflow/.local/lib/python3.12/site-packages/jinja2/loaders.py", line 209, in get_source
    raise TemplateNotFound(
jinja2.exceptions.TemplateNotFound: 'bash /opt/airflow/scripts/permissions.sh' not found in search path: '/opt/airflow/dags'
[2025-04-30T22:50:05.301+0000] {processor.py:925} INFO - DAG(s) 'fix_permissions_dag' retrieved from /opt/airflow/dags/permission_fixer_dag.py
[2025-04-30T22:50:05.315+0000] {logging_mixin.py:190} INFO - [2025-04-30T22:50:05.315+0000] {dag.py:3239} INFO - Sync 1 DAGs
[2025-04-30T22:50:05.390+0000] {logging_mixin.py:190} INFO - [2025-04-30T22:50:05.390+0000] {dag.py:4180} INFO - Setting next_dagrun for fix_permissions_dag to 2025-04-30 21:00:00+00:00, run_after=2025-04-30 22:00:00+00:00
[2025-04-30T22:50:05.395+0000] {processor.py:208} INFO - Processing /opt/airflow/dags/permission_fixer_dag.py took 0.112 seconds
[2025-04-30T22:50:35.768+0000] {processor.py:186} INFO - Started process (PID=460) to work on /opt/airflow/dags/permission_fixer_dag.py
[2025-04-30T22:50:35.769+0000] {processor.py:914} INFO - Processing file /opt/airflow/dags/permission_fixer_dag.py for tasks to queue
[2025-04-30T22:50:35.771+0000] {logging_mixin.py:190} INFO - [2025-04-30T22:50:35.771+0000] {dagbag.py:588} INFO - Filling up the DagBag from /opt/airflow/dags/permission_fixer_dag.py
[2025-04-30T22:50:35.781+0000] {logging_mixin.py:190} INFO - [2025-04-30T22:50:35.781+0000] {templater.py:94} ERROR - Failed to resolve template field 'bash_command'
Traceback (most recent call last):
  File "/home/airflow/.local/lib/python3.12/site-packages/airflow/template/templater.py", line 92, in resolve_template_files
    setattr(self, field, env.loader.get_source(env, content)[0])  # type: ignore
                         ^^^^^^^^^^^^^^^^^^^^^^^^^^^^^^^^^^^
  File "/home/airflow/.local/lib/python3.12/site-packages/jinja2/loaders.py", line 209, in get_source
    raise TemplateNotFound(
jinja2.exceptions.TemplateNotFound: 'bash /opt/airflow/scripts/permissions.sh' not found in search path: '/opt/airflow/dags'
[2025-04-30T22:50:35.783+0000] {processor.py:925} INFO - DAG(s) 'fix_permissions_dag' retrieved from /opt/airflow/dags/permission_fixer_dag.py
[2025-04-30T22:50:35.868+0000] {logging_mixin.py:190} INFO - [2025-04-30T22:50:35.868+0000] {dag.py:3239} INFO - Sync 1 DAGs
[2025-04-30T22:50:35.875+0000] {logging_mixin.py:190} INFO - [2025-04-30T22:50:35.875+0000] {dag.py:4180} INFO - Setting next_dagrun for fix_permissions_dag to 2025-04-30 21:00:00+00:00, run_after=2025-04-30 22:00:00+00:00
[2025-04-30T22:50:35.880+0000] {processor.py:208} INFO - Processing /opt/airflow/dags/permission_fixer_dag.py took 0.120 seconds
[2025-04-30T23:04:34.175+0000] {processor.py:186} INFO - Started process (PID=462) to work on /opt/airflow/dags/permission_fixer_dag.py
[2025-04-30T23:04:34.176+0000] {processor.py:914} INFO - Processing file /opt/airflow/dags/permission_fixer_dag.py for tasks to queue
[2025-04-30T23:04:34.176+0000] {logging_mixin.py:190} INFO - [2025-04-30T23:04:34.176+0000] {dagbag.py:588} INFO - Filling up the DagBag from /opt/airflow/dags/permission_fixer_dag.py
[2025-04-30T23:04:34.183+0000] {logging_mixin.py:190} INFO - [2025-04-30T23:04:34.182+0000] {templater.py:94} ERROR - Failed to resolve template field 'bash_command'
Traceback (most recent call last):
  File "/home/airflow/.local/lib/python3.12/site-packages/airflow/template/templater.py", line 92, in resolve_template_files
    setattr(self, field, env.loader.get_source(env, content)[0])  # type: ignore
                         ^^^^^^^^^^^^^^^^^^^^^^^^^^^^^^^^^^^
  File "/home/airflow/.local/lib/python3.12/site-packages/jinja2/loaders.py", line 209, in get_source
    raise TemplateNotFound(
jinja2.exceptions.TemplateNotFound: 'bash /opt/airflow/scripts/permissions.sh' not found in search path: '/opt/airflow/dags'
[2025-04-30T23:04:34.184+0000] {processor.py:925} INFO - DAG(s) 'fix_permissions_dag' retrieved from /opt/airflow/dags/permission_fixer_dag.py
[2025-04-30T23:04:34.262+0000] {logging_mixin.py:190} INFO - [2025-04-30T23:04:34.262+0000] {dag.py:3239} INFO - Sync 1 DAGs
[2025-04-30T23:04:34.269+0000] {logging_mixin.py:190} INFO - [2025-04-30T23:04:34.269+0000] {dag.py:4180} INFO - Setting next_dagrun for fix_permissions_dag to 2025-04-30 22:00:00+00:00, run_after=2025-04-30 23:00:00+00:00
[2025-04-30T23:04:34.274+0000] {processor.py:208} INFO - Processing /opt/airflow/dags/permission_fixer_dag.py took 0.103 seconds
[2025-04-30T23:05:04.659+0000] {processor.py:186} INFO - Started process (PID=464) to work on /opt/airflow/dags/permission_fixer_dag.py
[2025-04-30T23:05:04.660+0000] {processor.py:914} INFO - Processing file /opt/airflow/dags/permission_fixer_dag.py for tasks to queue
[2025-04-30T23:05:04.662+0000] {logging_mixin.py:190} INFO - [2025-04-30T23:05:04.661+0000] {dagbag.py:588} INFO - Filling up the DagBag from /opt/airflow/dags/permission_fixer_dag.py
[2025-04-30T23:05:04.757+0000] {logging_mixin.py:190} INFO - [2025-04-30T23:05:04.756+0000] {templater.py:94} ERROR - Failed to resolve template field 'bash_command'
Traceback (most recent call last):
  File "/home/airflow/.local/lib/python3.12/site-packages/airflow/template/templater.py", line 92, in resolve_template_files
    setattr(self, field, env.loader.get_source(env, content)[0])  # type: ignore
                         ^^^^^^^^^^^^^^^^^^^^^^^^^^^^^^^^^^^
  File "/home/airflow/.local/lib/python3.12/site-packages/jinja2/loaders.py", line 209, in get_source
    raise TemplateNotFound(
jinja2.exceptions.TemplateNotFound: 'bash /opt/airflow/scripts/permissions.sh' not found in search path: '/opt/airflow/dags'
[2025-04-30T23:05:04.758+0000] {processor.py:925} INFO - DAG(s) 'fix_permissions_dag' retrieved from /opt/airflow/dags/permission_fixer_dag.py
[2025-04-30T23:05:04.767+0000] {logging_mixin.py:190} INFO - [2025-04-30T23:05:04.767+0000] {dag.py:3239} INFO - Sync 1 DAGs
[2025-04-30T23:05:04.776+0000] {logging_mixin.py:190} INFO - [2025-04-30T23:05:04.776+0000] {dag.py:4180} INFO - Setting next_dagrun for fix_permissions_dag to 2025-04-30 22:00:00+00:00, run_after=2025-04-30 23:00:00+00:00
[2025-04-30T23:05:04.782+0000] {processor.py:208} INFO - Processing /opt/airflow/dags/permission_fixer_dag.py took 0.131 seconds
[2025-04-30T23:20:07.488+0000] {processor.py:186} INFO - Started process (PID=466) to work on /opt/airflow/dags/permission_fixer_dag.py
[2025-04-30T23:20:07.489+0000] {processor.py:914} INFO - Processing file /opt/airflow/dags/permission_fixer_dag.py for tasks to queue
[2025-04-30T23:20:07.489+0000] {logging_mixin.py:190} INFO - [2025-04-30T23:20:07.489+0000] {dagbag.py:588} INFO - Filling up the DagBag from /opt/airflow/dags/permission_fixer_dag.py
[2025-04-30T23:20:07.575+0000] {logging_mixin.py:190} INFO - [2025-04-30T23:20:07.575+0000] {templater.py:94} ERROR - Failed to resolve template field 'bash_command'
Traceback (most recent call last):
  File "/home/airflow/.local/lib/python3.12/site-packages/airflow/template/templater.py", line 92, in resolve_template_files
    setattr(self, field, env.loader.get_source(env, content)[0])  # type: ignore
                         ^^^^^^^^^^^^^^^^^^^^^^^^^^^^^^^^^^^
  File "/home/airflow/.local/lib/python3.12/site-packages/jinja2/loaders.py", line 209, in get_source
    raise TemplateNotFound(
jinja2.exceptions.TemplateNotFound: 'bash /opt/airflow/scripts/permissions.sh' not found in search path: '/opt/airflow/dags'
[2025-04-30T23:20:07.576+0000] {processor.py:925} INFO - DAG(s) 'fix_permissions_dag' retrieved from /opt/airflow/dags/permission_fixer_dag.py
[2025-04-30T23:20:07.586+0000] {logging_mixin.py:190} INFO - [2025-04-30T23:20:07.586+0000] {dag.py:3239} INFO - Sync 1 DAGs
[2025-04-30T23:20:07.594+0000] {logging_mixin.py:190} INFO - [2025-04-30T23:20:07.594+0000] {dag.py:4180} INFO - Setting next_dagrun for fix_permissions_dag to 2025-04-30 22:00:00+00:00, run_after=2025-04-30 23:00:00+00:00
[2025-04-30T23:20:07.600+0000] {processor.py:208} INFO - Processing /opt/airflow/dags/permission_fixer_dag.py took 0.117 seconds
[2025-04-30T23:20:38.151+0000] {processor.py:186} INFO - Started process (PID=468) to work on /opt/airflow/dags/permission_fixer_dag.py
[2025-04-30T23:20:38.152+0000] {processor.py:914} INFO - Processing file /opt/airflow/dags/permission_fixer_dag.py for tasks to queue
[2025-04-30T23:20:38.154+0000] {logging_mixin.py:190} INFO - [2025-04-30T23:20:38.154+0000] {dagbag.py:588} INFO - Filling up the DagBag from /opt/airflow/dags/permission_fixer_dag.py
[2025-04-30T23:20:38.165+0000] {logging_mixin.py:190} INFO - [2025-04-30T23:20:38.164+0000] {templater.py:94} ERROR - Failed to resolve template field 'bash_command'
Traceback (most recent call last):
  File "/home/airflow/.local/lib/python3.12/site-packages/airflow/template/templater.py", line 92, in resolve_template_files
    setattr(self, field, env.loader.get_source(env, content)[0])  # type: ignore
                         ^^^^^^^^^^^^^^^^^^^^^^^^^^^^^^^^^^^
  File "/home/airflow/.local/lib/python3.12/site-packages/jinja2/loaders.py", line 209, in get_source
    raise TemplateNotFound(
jinja2.exceptions.TemplateNotFound: 'bash /opt/airflow/scripts/permissions.sh' not found in search path: '/opt/airflow/dags'
[2025-04-30T23:20:38.167+0000] {processor.py:925} INFO - DAG(s) 'fix_permissions_dag' retrieved from /opt/airflow/dags/permission_fixer_dag.py
[2025-04-30T23:20:38.181+0000] {logging_mixin.py:190} INFO - [2025-04-30T23:20:38.181+0000] {dag.py:3239} INFO - Sync 1 DAGs
[2025-04-30T23:20:38.193+0000] {logging_mixin.py:190} INFO - [2025-04-30T23:20:38.193+0000] {dag.py:4180} INFO - Setting next_dagrun for fix_permissions_dag to 2025-04-30 22:00:00+00:00, run_after=2025-04-30 23:00:00+00:00
[2025-04-30T23:20:38.202+0000] {processor.py:208} INFO - Processing /opt/airflow/dags/permission_fixer_dag.py took 0.059 seconds
[2025-04-30T23:21:08.638+0000] {processor.py:186} INFO - Started process (PID=470) to work on /opt/airflow/dags/permission_fixer_dag.py
[2025-04-30T23:21:08.639+0000] {processor.py:914} INFO - Processing file /opt/airflow/dags/permission_fixer_dag.py for tasks to queue
[2025-04-30T23:21:08.640+0000] {logging_mixin.py:190} INFO - [2025-04-30T23:21:08.640+0000] {dagbag.py:588} INFO - Filling up the DagBag from /opt/airflow/dags/permission_fixer_dag.py
[2025-04-30T23:21:08.650+0000] {logging_mixin.py:190} INFO - [2025-04-30T23:21:08.650+0000] {templater.py:94} ERROR - Failed to resolve template field 'bash_command'
Traceback (most recent call last):
  File "/home/airflow/.local/lib/python3.12/site-packages/airflow/template/templater.py", line 92, in resolve_template_files
    setattr(self, field, env.loader.get_source(env, content)[0])  # type: ignore
                         ^^^^^^^^^^^^^^^^^^^^^^^^^^^^^^^^^^^
  File "/home/airflow/.local/lib/python3.12/site-packages/jinja2/loaders.py", line 209, in get_source
    raise TemplateNotFound(
jinja2.exceptions.TemplateNotFound: 'bash /opt/airflow/scripts/permissions.sh' not found in search path: '/opt/airflow/dags'
[2025-04-30T23:21:08.652+0000] {processor.py:925} INFO - DAG(s) 'fix_permissions_dag' retrieved from /opt/airflow/dags/permission_fixer_dag.py
[2025-04-30T23:21:08.666+0000] {logging_mixin.py:190} INFO - [2025-04-30T23:21:08.666+0000] {dag.py:3239} INFO - Sync 1 DAGs
[2025-04-30T23:21:08.679+0000] {logging_mixin.py:190} INFO - [2025-04-30T23:21:08.679+0000] {dag.py:4180} INFO - Setting next_dagrun for fix_permissions_dag to 2025-04-30 22:00:00+00:00, run_after=2025-04-30 23:00:00+00:00
[2025-04-30T23:21:08.687+0000] {processor.py:208} INFO - Processing /opt/airflow/dags/permission_fixer_dag.py took 0.057 seconds
[2025-04-30T23:21:39.175+0000] {processor.py:186} INFO - Started process (PID=472) to work on /opt/airflow/dags/permission_fixer_dag.py
[2025-04-30T23:21:39.177+0000] {processor.py:914} INFO - Processing file /opt/airflow/dags/permission_fixer_dag.py for tasks to queue
[2025-04-30T23:21:39.178+0000] {logging_mixin.py:190} INFO - [2025-04-30T23:21:39.178+0000] {dagbag.py:588} INFO - Filling up the DagBag from /opt/airflow/dags/permission_fixer_dag.py
[2025-04-30T23:21:39.189+0000] {logging_mixin.py:190} INFO - [2025-04-30T23:21:39.189+0000] {templater.py:94} ERROR - Failed to resolve template field 'bash_command'
Traceback (most recent call last):
  File "/home/airflow/.local/lib/python3.12/site-packages/airflow/template/templater.py", line 92, in resolve_template_files
    setattr(self, field, env.loader.get_source(env, content)[0])  # type: ignore
                         ^^^^^^^^^^^^^^^^^^^^^^^^^^^^^^^^^^^
  File "/home/airflow/.local/lib/python3.12/site-packages/jinja2/loaders.py", line 209, in get_source
    raise TemplateNotFound(
jinja2.exceptions.TemplateNotFound: 'bash /opt/airflow/scripts/permissions.sh' not found in search path: '/opt/airflow/dags'
[2025-04-30T23:21:39.191+0000] {processor.py:925} INFO - DAG(s) 'fix_permissions_dag' retrieved from /opt/airflow/dags/permission_fixer_dag.py
[2025-04-30T23:21:39.207+0000] {logging_mixin.py:190} INFO - [2025-04-30T23:21:39.207+0000] {dag.py:3239} INFO - Sync 1 DAGs
[2025-04-30T23:21:39.219+0000] {logging_mixin.py:190} INFO - [2025-04-30T23:21:39.219+0000] {dag.py:4180} INFO - Setting next_dagrun for fix_permissions_dag to 2025-04-30 22:00:00+00:00, run_after=2025-04-30 23:00:00+00:00
[2025-04-30T23:21:39.228+0000] {processor.py:208} INFO - Processing /opt/airflow/dags/permission_fixer_dag.py took 0.061 seconds
[2025-04-30T23:54:43.693+0000] {processor.py:186} INFO - Started process (PID=474) to work on /opt/airflow/dags/permission_fixer_dag.py
[2025-04-30T23:54:43.694+0000] {processor.py:914} INFO - Processing file /opt/airflow/dags/permission_fixer_dag.py for tasks to queue
[2025-04-30T23:54:43.695+0000] {logging_mixin.py:190} INFO - [2025-04-30T23:54:43.695+0000] {dagbag.py:588} INFO - Filling up the DagBag from /opt/airflow/dags/permission_fixer_dag.py
[2025-04-30T23:54:43.703+0000] {logging_mixin.py:190} INFO - [2025-04-30T23:54:43.702+0000] {templater.py:94} ERROR - Failed to resolve template field 'bash_command'
Traceback (most recent call last):
  File "/home/airflow/.local/lib/python3.12/site-packages/airflow/template/templater.py", line 92, in resolve_template_files
    setattr(self, field, env.loader.get_source(env, content)[0])  # type: ignore
                         ^^^^^^^^^^^^^^^^^^^^^^^^^^^^^^^^^^^
  File "/home/airflow/.local/lib/python3.12/site-packages/jinja2/loaders.py", line 209, in get_source
    raise TemplateNotFound(
jinja2.exceptions.TemplateNotFound: 'bash /opt/airflow/scripts/permissions.sh' not found in search path: '/opt/airflow/dags'
[2025-04-30T23:54:43.704+0000] {processor.py:925} INFO - DAG(s) 'fix_permissions_dag' retrieved from /opt/airflow/dags/permission_fixer_dag.py
[2025-04-30T23:54:43.717+0000] {logging_mixin.py:190} INFO - [2025-04-30T23:54:43.717+0000] {dag.py:3239} INFO - Sync 1 DAGs
[2025-04-30T23:54:43.728+0000] {logging_mixin.py:190} INFO - [2025-04-30T23:54:43.728+0000] {dag.py:4180} INFO - Setting next_dagrun for fix_permissions_dag to 2025-04-30 22:00:00+00:00, run_after=2025-04-30 23:00:00+00:00
[2025-04-30T23:54:43.735+0000] {processor.py:208} INFO - Processing /opt/airflow/dags/permission_fixer_dag.py took 0.046 seconds
[2025-04-30T23:55:14.123+0000] {processor.py:186} INFO - Started process (PID=476) to work on /opt/airflow/dags/permission_fixer_dag.py
[2025-04-30T23:55:14.124+0000] {processor.py:914} INFO - Processing file /opt/airflow/dags/permission_fixer_dag.py for tasks to queue
[2025-04-30T23:55:14.125+0000] {logging_mixin.py:190} INFO - [2025-04-30T23:55:14.125+0000] {dagbag.py:588} INFO - Filling up the DagBag from /opt/airflow/dags/permission_fixer_dag.py
[2025-04-30T23:55:14.136+0000] {logging_mixin.py:190} INFO - [2025-04-30T23:55:14.135+0000] {templater.py:94} ERROR - Failed to resolve template field 'bash_command'
Traceback (most recent call last):
  File "/home/airflow/.local/lib/python3.12/site-packages/airflow/template/templater.py", line 92, in resolve_template_files
    setattr(self, field, env.loader.get_source(env, content)[0])  # type: ignore
                         ^^^^^^^^^^^^^^^^^^^^^^^^^^^^^^^^^^^
  File "/home/airflow/.local/lib/python3.12/site-packages/jinja2/loaders.py", line 209, in get_source
    raise TemplateNotFound(
jinja2.exceptions.TemplateNotFound: 'bash /opt/airflow/scripts/permissions.sh' not found in search path: '/opt/airflow/dags'
[2025-04-30T23:55:14.137+0000] {processor.py:925} INFO - DAG(s) 'fix_permissions_dag' retrieved from /opt/airflow/dags/permission_fixer_dag.py
[2025-04-30T23:55:14.152+0000] {logging_mixin.py:190} INFO - [2025-04-30T23:55:14.152+0000] {dag.py:3239} INFO - Sync 1 DAGs
[2025-04-30T23:55:14.164+0000] {logging_mixin.py:190} INFO - [2025-04-30T23:55:14.163+0000] {dag.py:4180} INFO - Setting next_dagrun for fix_permissions_dag to 2025-04-30 22:00:00+00:00, run_after=2025-04-30 23:00:00+00:00
[2025-04-30T23:55:14.171+0000] {processor.py:208} INFO - Processing /opt/airflow/dags/permission_fixer_dag.py took 0.057 seconds
