[2025-04-30T00:42:20.924+0000] {processor.py:186} INFO - Started process (PID=35) to work on /opt/airflow/dags/player_data_fetcher_dag.py
[2025-04-30T00:42:20.924+0000] {processor.py:914} INFO - Processing file /opt/airflow/dags/player_data_fetcher_dag.py for tasks to queue
[2025-04-30T00:42:20.925+0000] {logging_mixin.py:190} INFO - [2025-04-30T00:42:20.925+0000] {dagbag.py:588} INFO - Filling up the DagBag from /opt/airflow/dags/player_data_fetcher_dag.py
[2025-04-30T00:42:20.929+0000] {logging_mixin.py:190} INFO - [2025-04-30T00:42:20.927+0000] {dagbag.py:387} ERROR - Failed to import: /opt/airflow/dags/player_data_fetcher_dag.py
Traceback (most recent call last):
  File "/home/airflow/.local/lib/python3.12/site-packages/airflow/models/dagbag.py", line 383, in parse
    loader.exec_module(new_module)
  File "<frozen importlib._bootstrap_external>", line 999, in exec_module
  File "<frozen importlib._bootstrap>", line 488, in _call_with_frames_removed
  File "/opt/airflow/dags/player_data_fetcher_dag.py", line 9, in <module>
    from lebron_scraper import save_gamelog
ModuleNotFoundError: No module named 'lebron_scraper'
[2025-04-30T00:42:20.929+0000] {processor.py:927} WARNING - No viable dags retrieved from /opt/airflow/dags/player_data_fetcher_dag.py
[2025-04-30T00:42:20.940+0000] {processor.py:208} INFO - Processing /opt/airflow/dags/player_data_fetcher_dag.py took 0.019 seconds
[2025-04-30T00:42:51.120+0000] {processor.py:186} INFO - Started process (PID=36) to work on /opt/airflow/dags/player_data_fetcher_dag.py
[2025-04-30T00:42:51.120+0000] {processor.py:914} INFO - Processing file /opt/airflow/dags/player_data_fetcher_dag.py for tasks to queue
[2025-04-30T00:42:51.121+0000] {logging_mixin.py:190} INFO - [2025-04-30T00:42:51.121+0000] {dagbag.py:588} INFO - Filling up the DagBag from /opt/airflow/dags/player_data_fetcher_dag.py
[2025-04-30T00:42:51.122+0000] {logging_mixin.py:190} INFO - [2025-04-30T00:42:51.122+0000] {dagbag.py:387} ERROR - Failed to import: /opt/airflow/dags/player_data_fetcher_dag.py
Traceback (most recent call last):
  File "/home/airflow/.local/lib/python3.12/site-packages/airflow/models/dagbag.py", line 383, in parse
    loader.exec_module(new_module)
  File "<frozen importlib._bootstrap_external>", line 999, in exec_module
  File "<frozen importlib._bootstrap>", line 488, in _call_with_frames_removed
  File "/opt/airflow/dags/player_data_fetcher_dag.py", line 9, in <module>
    from lebron_scraper import save_gamelog
ModuleNotFoundError: No module named 'lebron_scraper'
[2025-04-30T00:42:51.123+0000] {processor.py:927} WARNING - No viable dags retrieved from /opt/airflow/dags/player_data_fetcher_dag.py
[2025-04-30T00:42:51.130+0000] {processor.py:208} INFO - Processing /opt/airflow/dags/player_data_fetcher_dag.py took 0.012 seconds
[2025-04-30T00:43:21.294+0000] {processor.py:186} INFO - Started process (PID=37) to work on /opt/airflow/dags/player_data_fetcher_dag.py
[2025-04-30T00:43:21.295+0000] {processor.py:914} INFO - Processing file /opt/airflow/dags/player_data_fetcher_dag.py for tasks to queue
[2025-04-30T00:43:21.296+0000] {logging_mixin.py:190} INFO - [2025-04-30T00:43:21.296+0000] {dagbag.py:588} INFO - Filling up the DagBag from /opt/airflow/dags/player_data_fetcher_dag.py
[2025-04-30T00:43:21.299+0000] {logging_mixin.py:190} INFO - [2025-04-30T00:43:21.298+0000] {dagbag.py:387} ERROR - Failed to import: /opt/airflow/dags/player_data_fetcher_dag.py
Traceback (most recent call last):
  File "/home/airflow/.local/lib/python3.12/site-packages/airflow/models/dagbag.py", line 383, in parse
    loader.exec_module(new_module)
  File "<frozen importlib._bootstrap_external>", line 999, in exec_module
  File "<frozen importlib._bootstrap>", line 488, in _call_with_frames_removed
  File "/opt/airflow/dags/player_data_fetcher_dag.py", line 9, in <module>
    from lebron_scraper import save_gamelog
ModuleNotFoundError: No module named 'lebron_scraper'
[2025-04-30T00:43:21.299+0000] {processor.py:927} WARNING - No viable dags retrieved from /opt/airflow/dags/player_data_fetcher_dag.py
[2025-04-30T00:43:21.309+0000] {processor.py:208} INFO - Processing /opt/airflow/dags/player_data_fetcher_dag.py took 0.022 seconds
[2025-04-30T00:43:22.302+0000] {processor.py:186} INFO - Started process (PID=38) to work on /opt/airflow/dags/player_data_fetcher_dag.py
[2025-04-30T00:43:22.302+0000] {processor.py:914} INFO - Processing file /opt/airflow/dags/player_data_fetcher_dag.py for tasks to queue
[2025-04-30T00:43:22.303+0000] {logging_mixin.py:190} INFO - [2025-04-30T00:43:22.302+0000] {dagbag.py:588} INFO - Filling up the DagBag from /opt/airflow/dags/player_data_fetcher_dag.py
[2025-04-30T00:43:22.633+0000] {processor.py:925} INFO - DAG(s) 'gamelog_dag' retrieved from /opt/airflow/dags/player_data_fetcher_dag.py
[2025-04-30T00:43:22.761+0000] {logging_mixin.py:190} INFO - [2025-04-30T00:43:22.761+0000] {override.py:1912} INFO - Created Permission View: can edit on DAG:gamelog_dag
[2025-04-30T00:43:22.765+0000] {logging_mixin.py:190} INFO - [2025-04-30T00:43:22.764+0000] {override.py:1912} INFO - Created Permission View: can delete on DAG:gamelog_dag
[2025-04-30T00:43:22.767+0000] {logging_mixin.py:190} INFO - [2025-04-30T00:43:22.767+0000] {override.py:1912} INFO - Created Permission View: can read on DAG:gamelog_dag
[2025-04-30T00:43:22.770+0000] {logging_mixin.py:190} INFO - [2025-04-30T00:43:22.770+0000] {override.py:1912} INFO - Created Permission View: menu access on DAG Run:gamelog_dag
[2025-04-30T00:43:22.772+0000] {logging_mixin.py:190} INFO - [2025-04-30T00:43:22.772+0000] {override.py:1912} INFO - Created Permission View: can create on DAG Run:gamelog_dag
[2025-04-30T00:43:22.773+0000] {logging_mixin.py:190} INFO - [2025-04-30T00:43:22.773+0000] {override.py:1912} INFO - Created Permission View: can delete on DAG Run:gamelog_dag
[2025-04-30T00:43:22.775+0000] {logging_mixin.py:190} INFO - [2025-04-30T00:43:22.775+0000] {override.py:1912} INFO - Created Permission View: can read on DAG Run:gamelog_dag
[2025-04-30T00:43:22.775+0000] {logging_mixin.py:190} INFO - [2025-04-30T00:43:22.775+0000] {dag.py:3239} INFO - Sync 1 DAGs
[2025-04-30T00:43:22.781+0000] {logging_mixin.py:190} INFO - [2025-04-30T00:43:22.781+0000] {dag.py:3262} INFO - Creating ORM DAG for gamelog_dag
[2025-04-30T00:43:22.781+0000] {logging_mixin.py:190} INFO - [2025-04-30T00:43:22.781+0000] {dag.py:4180} INFO - Setting next_dagrun for gamelog_dag to None, run_after=None
[2025-04-30T00:43:22.787+0000] {processor.py:208} INFO - Processing /opt/airflow/dags/player_data_fetcher_dag.py took 0.488 seconds
[2025-04-30T00:43:52.991+0000] {processor.py:186} INFO - Started process (PID=39) to work on /opt/airflow/dags/player_data_fetcher_dag.py
[2025-04-30T00:43:52.992+0000] {processor.py:914} INFO - Processing file /opt/airflow/dags/player_data_fetcher_dag.py for tasks to queue
[2025-04-30T00:43:52.992+0000] {logging_mixin.py:190} INFO - [2025-04-30T00:43:52.992+0000] {dagbag.py:588} INFO - Filling up the DagBag from /opt/airflow/dags/player_data_fetcher_dag.py
[2025-04-30T00:43:53.353+0000] {processor.py:925} INFO - DAG(s) 'gamelog_dag' retrieved from /opt/airflow/dags/player_data_fetcher_dag.py
[2025-04-30T00:43:53.362+0000] {logging_mixin.py:190} INFO - [2025-04-30T00:43:53.362+0000] {dag.py:3239} INFO - Sync 1 DAGs
[2025-04-30T00:43:53.366+0000] {logging_mixin.py:190} INFO - [2025-04-30T00:43:53.366+0000] {dag.py:4180} INFO - Setting next_dagrun for gamelog_dag to None, run_after=None
[2025-04-30T00:43:53.371+0000] {processor.py:208} INFO - Processing /opt/airflow/dags/player_data_fetcher_dag.py took 0.386 seconds
[2025-04-30T00:44:23.696+0000] {processor.py:186} INFO - Started process (PID=40) to work on /opt/airflow/dags/player_data_fetcher_dag.py
[2025-04-30T00:44:23.698+0000] {processor.py:914} INFO - Processing file /opt/airflow/dags/player_data_fetcher_dag.py for tasks to queue
[2025-04-30T00:44:23.699+0000] {logging_mixin.py:190} INFO - [2025-04-30T00:44:23.699+0000] {dagbag.py:588} INFO - Filling up the DagBag from /opt/airflow/dags/player_data_fetcher_dag.py
[2025-04-30T00:44:23.900+0000] {processor.py:925} INFO - DAG(s) 'gamelog_dag' retrieved from /opt/airflow/dags/player_data_fetcher_dag.py
[2025-04-30T00:44:23.908+0000] {logging_mixin.py:190} INFO - [2025-04-30T00:44:23.907+0000] {dag.py:3239} INFO - Sync 1 DAGs
[2025-04-30T00:44:23.911+0000] {logging_mixin.py:190} INFO - [2025-04-30T00:44:23.911+0000] {dag.py:4180} INFO - Setting next_dagrun for gamelog_dag to None, run_after=None
[2025-04-30T00:44:23.917+0000] {processor.py:208} INFO - Processing /opt/airflow/dags/player_data_fetcher_dag.py took 0.229 seconds
[2025-04-30T00:44:54.050+0000] {processor.py:186} INFO - Started process (PID=41) to work on /opt/airflow/dags/player_data_fetcher_dag.py
[2025-04-30T00:44:54.050+0000] {processor.py:914} INFO - Processing file /opt/airflow/dags/player_data_fetcher_dag.py for tasks to queue
[2025-04-30T00:44:54.051+0000] {logging_mixin.py:190} INFO - [2025-04-30T00:44:54.051+0000] {dagbag.py:588} INFO - Filling up the DagBag from /opt/airflow/dags/player_data_fetcher_dag.py
[2025-04-30T00:44:54.246+0000] {processor.py:925} INFO - DAG(s) 'gamelog_dag' retrieved from /opt/airflow/dags/player_data_fetcher_dag.py
[2025-04-30T00:44:54.254+0000] {logging_mixin.py:190} INFO - [2025-04-30T00:44:54.254+0000] {dag.py:3239} INFO - Sync 1 DAGs
[2025-04-30T00:44:54.258+0000] {logging_mixin.py:190} INFO - [2025-04-30T00:44:54.258+0000] {dag.py:4180} INFO - Setting next_dagrun for gamelog_dag to None, run_after=None
[2025-04-30T00:44:54.264+0000] {processor.py:208} INFO - Processing /opt/airflow/dags/player_data_fetcher_dag.py took 0.221 seconds
[2025-04-30T00:45:24.322+0000] {processor.py:186} INFO - Started process (PID=42) to work on /opt/airflow/dags/player_data_fetcher_dag.py
[2025-04-30T00:45:24.323+0000] {processor.py:914} INFO - Processing file /opt/airflow/dags/player_data_fetcher_dag.py for tasks to queue
[2025-04-30T00:45:24.323+0000] {logging_mixin.py:190} INFO - [2025-04-30T00:45:24.323+0000] {dagbag.py:588} INFO - Filling up the DagBag from /opt/airflow/dags/player_data_fetcher_dag.py
[2025-04-30T00:45:24.527+0000] {processor.py:925} INFO - DAG(s) 'gamelog_dag' retrieved from /opt/airflow/dags/player_data_fetcher_dag.py
[2025-04-30T00:45:24.535+0000] {logging_mixin.py:190} INFO - [2025-04-30T00:45:24.535+0000] {dag.py:3239} INFO - Sync 1 DAGs
[2025-04-30T00:45:24.539+0000] {logging_mixin.py:190} INFO - [2025-04-30T00:45:24.539+0000] {dag.py:4180} INFO - Setting next_dagrun for gamelog_dag to None, run_after=None
[2025-04-30T00:45:24.545+0000] {processor.py:208} INFO - Processing /opt/airflow/dags/player_data_fetcher_dag.py took 0.226 seconds
[2025-04-30T00:45:54.638+0000] {processor.py:186} INFO - Started process (PID=43) to work on /opt/airflow/dags/player_data_fetcher_dag.py
[2025-04-30T00:45:54.638+0000] {processor.py:914} INFO - Processing file /opt/airflow/dags/player_data_fetcher_dag.py for tasks to queue
[2025-04-30T00:45:54.639+0000] {logging_mixin.py:190} INFO - [2025-04-30T00:45:54.639+0000] {dagbag.py:588} INFO - Filling up the DagBag from /opt/airflow/dags/player_data_fetcher_dag.py
[2025-04-30T00:45:54.824+0000] {processor.py:925} INFO - DAG(s) 'gamelog_dag' retrieved from /opt/airflow/dags/player_data_fetcher_dag.py
[2025-04-30T00:45:54.831+0000] {logging_mixin.py:190} INFO - [2025-04-30T00:45:54.831+0000] {dag.py:3239} INFO - Sync 1 DAGs
[2025-04-30T00:45:54.835+0000] {logging_mixin.py:190} INFO - [2025-04-30T00:45:54.835+0000] {dag.py:4180} INFO - Setting next_dagrun for gamelog_dag to None, run_after=None
[2025-04-30T00:45:54.841+0000] {processor.py:208} INFO - Processing /opt/airflow/dags/player_data_fetcher_dag.py took 0.206 seconds
[2025-04-30T00:46:24.903+0000] {processor.py:186} INFO - Started process (PID=44) to work on /opt/airflow/dags/player_data_fetcher_dag.py
[2025-04-30T00:46:24.905+0000] {processor.py:914} INFO - Processing file /opt/airflow/dags/player_data_fetcher_dag.py for tasks to queue
[2025-04-30T00:46:24.905+0000] {logging_mixin.py:190} INFO - [2025-04-30T00:46:24.905+0000] {dagbag.py:588} INFO - Filling up the DagBag from /opt/airflow/dags/player_data_fetcher_dag.py
[2025-04-30T00:46:25.089+0000] {processor.py:925} INFO - DAG(s) 'gamelog_dag' retrieved from /opt/airflow/dags/player_data_fetcher_dag.py
[2025-04-30T00:46:25.098+0000] {logging_mixin.py:190} INFO - [2025-04-30T00:46:25.097+0000] {dag.py:3239} INFO - Sync 1 DAGs
[2025-04-30T00:46:25.102+0000] {logging_mixin.py:190} INFO - [2025-04-30T00:46:25.102+0000] {dag.py:4180} INFO - Setting next_dagrun for gamelog_dag to None, run_after=None
[2025-04-30T00:46:25.107+0000] {processor.py:208} INFO - Processing /opt/airflow/dags/player_data_fetcher_dag.py took 0.207 seconds
[2025-04-30T00:46:55.205+0000] {processor.py:186} INFO - Started process (PID=45) to work on /opt/airflow/dags/player_data_fetcher_dag.py
[2025-04-30T00:46:55.205+0000] {processor.py:914} INFO - Processing file /opt/airflow/dags/player_data_fetcher_dag.py for tasks to queue
[2025-04-30T00:46:55.206+0000] {logging_mixin.py:190} INFO - [2025-04-30T00:46:55.206+0000] {dagbag.py:588} INFO - Filling up the DagBag from /opt/airflow/dags/player_data_fetcher_dag.py
[2025-04-30T00:46:55.388+0000] {processor.py:925} INFO - DAG(s) 'gamelog_dag' retrieved from /opt/airflow/dags/player_data_fetcher_dag.py
[2025-04-30T00:46:55.398+0000] {logging_mixin.py:190} INFO - [2025-04-30T00:46:55.398+0000] {dag.py:3239} INFO - Sync 1 DAGs
[2025-04-30T00:46:55.402+0000] {logging_mixin.py:190} INFO - [2025-04-30T00:46:55.402+0000] {dag.py:4180} INFO - Setting next_dagrun for gamelog_dag to None, run_after=None
[2025-04-30T00:46:55.408+0000] {processor.py:208} INFO - Processing /opt/airflow/dags/player_data_fetcher_dag.py took 0.206 seconds
[2025-04-30T00:47:25.453+0000] {processor.py:186} INFO - Started process (PID=46) to work on /opt/airflow/dags/player_data_fetcher_dag.py
[2025-04-30T00:47:25.454+0000] {processor.py:914} INFO - Processing file /opt/airflow/dags/player_data_fetcher_dag.py for tasks to queue
[2025-04-30T00:47:25.455+0000] {logging_mixin.py:190} INFO - [2025-04-30T00:47:25.455+0000] {dagbag.py:588} INFO - Filling up the DagBag from /opt/airflow/dags/player_data_fetcher_dag.py
[2025-04-30T00:47:25.653+0000] {processor.py:925} INFO - DAG(s) 'gamelog_dag' retrieved from /opt/airflow/dags/player_data_fetcher_dag.py
[2025-04-30T00:47:25.661+0000] {logging_mixin.py:190} INFO - [2025-04-30T00:47:25.660+0000] {dag.py:3239} INFO - Sync 1 DAGs
[2025-04-30T00:47:25.664+0000] {logging_mixin.py:190} INFO - [2025-04-30T00:47:25.664+0000] {dag.py:4180} INFO - Setting next_dagrun for gamelog_dag to None, run_after=None
[2025-04-30T00:47:25.669+0000] {processor.py:208} INFO - Processing /opt/airflow/dags/player_data_fetcher_dag.py took 0.223 seconds
[2025-04-30T00:47:55.812+0000] {processor.py:186} INFO - Started process (PID=47) to work on /opt/airflow/dags/player_data_fetcher_dag.py
[2025-04-30T00:47:55.815+0000] {processor.py:914} INFO - Processing file /opt/airflow/dags/player_data_fetcher_dag.py for tasks to queue
[2025-04-30T00:47:55.815+0000] {logging_mixin.py:190} INFO - [2025-04-30T00:47:55.815+0000] {dagbag.py:588} INFO - Filling up the DagBag from /opt/airflow/dags/player_data_fetcher_dag.py
[2025-04-30T00:47:56.011+0000] {processor.py:925} INFO - DAG(s) 'gamelog_dag' retrieved from /opt/airflow/dags/player_data_fetcher_dag.py
[2025-04-30T00:47:56.019+0000] {logging_mixin.py:190} INFO - [2025-04-30T00:47:56.019+0000] {dag.py:3239} INFO - Sync 1 DAGs
[2025-04-30T00:47:56.023+0000] {logging_mixin.py:190} INFO - [2025-04-30T00:47:56.023+0000] {dag.py:4180} INFO - Setting next_dagrun for gamelog_dag to None, run_after=None
[2025-04-30T00:47:56.028+0000] {processor.py:208} INFO - Processing /opt/airflow/dags/player_data_fetcher_dag.py took 0.221 seconds
[2025-04-30T00:48:26.077+0000] {processor.py:186} INFO - Started process (PID=48) to work on /opt/airflow/dags/player_data_fetcher_dag.py
[2025-04-30T00:48:26.077+0000] {processor.py:914} INFO - Processing file /opt/airflow/dags/player_data_fetcher_dag.py for tasks to queue
[2025-04-30T00:48:26.078+0000] {logging_mixin.py:190} INFO - [2025-04-30T00:48:26.078+0000] {dagbag.py:588} INFO - Filling up the DagBag from /opt/airflow/dags/player_data_fetcher_dag.py
[2025-04-30T00:48:26.284+0000] {processor.py:925} INFO - DAG(s) 'gamelog_dag' retrieved from /opt/airflow/dags/player_data_fetcher_dag.py
[2025-04-30T00:48:26.291+0000] {logging_mixin.py:190} INFO - [2025-04-30T00:48:26.291+0000] {dag.py:3239} INFO - Sync 1 DAGs
[2025-04-30T00:48:26.295+0000] {logging_mixin.py:190} INFO - [2025-04-30T00:48:26.295+0000] {dag.py:4180} INFO - Setting next_dagrun for gamelog_dag to None, run_after=None
[2025-04-30T00:48:26.302+0000] {processor.py:208} INFO - Processing /opt/airflow/dags/player_data_fetcher_dag.py took 0.228 seconds
[2025-04-30T00:48:56.444+0000] {processor.py:186} INFO - Started process (PID=49) to work on /opt/airflow/dags/player_data_fetcher_dag.py
[2025-04-30T00:48:56.446+0000] {processor.py:914} INFO - Processing file /opt/airflow/dags/player_data_fetcher_dag.py for tasks to queue
[2025-04-30T00:48:56.447+0000] {logging_mixin.py:190} INFO - [2025-04-30T00:48:56.447+0000] {dagbag.py:588} INFO - Filling up the DagBag from /opt/airflow/dags/player_data_fetcher_dag.py
[2025-04-30T00:48:56.656+0000] {processor.py:925} INFO - DAG(s) 'gamelog_dag' retrieved from /opt/airflow/dags/player_data_fetcher_dag.py
[2025-04-30T00:48:56.665+0000] {logging_mixin.py:190} INFO - [2025-04-30T00:48:56.665+0000] {dag.py:3239} INFO - Sync 1 DAGs
[2025-04-30T00:48:56.671+0000] {logging_mixin.py:190} INFO - [2025-04-30T00:48:56.671+0000] {dag.py:4180} INFO - Setting next_dagrun for gamelog_dag to None, run_after=None
[2025-04-30T00:48:56.677+0000] {processor.py:208} INFO - Processing /opt/airflow/dags/player_data_fetcher_dag.py took 0.238 seconds
[2025-04-30T00:49:26.696+0000] {processor.py:186} INFO - Started process (PID=50) to work on /opt/airflow/dags/player_data_fetcher_dag.py
[2025-04-30T00:49:26.696+0000] {processor.py:914} INFO - Processing file /opt/airflow/dags/player_data_fetcher_dag.py for tasks to queue
[2025-04-30T00:49:26.697+0000] {logging_mixin.py:190} INFO - [2025-04-30T00:49:26.697+0000] {dagbag.py:588} INFO - Filling up the DagBag from /opt/airflow/dags/player_data_fetcher_dag.py
[2025-04-30T00:49:26.908+0000] {processor.py:925} INFO - DAG(s) 'gamelog_dag' retrieved from /opt/airflow/dags/player_data_fetcher_dag.py
[2025-04-30T00:49:26.919+0000] {logging_mixin.py:190} INFO - [2025-04-30T00:49:26.919+0000] {dag.py:3239} INFO - Sync 1 DAGs
[2025-04-30T00:49:26.924+0000] {logging_mixin.py:190} INFO - [2025-04-30T00:49:26.924+0000] {dag.py:4180} INFO - Setting next_dagrun for gamelog_dag to None, run_after=None
[2025-04-30T00:49:26.932+0000] {processor.py:208} INFO - Processing /opt/airflow/dags/player_data_fetcher_dag.py took 0.239 seconds
[2025-04-30T00:49:36.870+0000] {processor.py:186} INFO - Started process (PID=51) to work on /opt/airflow/dags/player_data_fetcher_dag.py
[2025-04-30T00:49:36.871+0000] {processor.py:914} INFO - Processing file /opt/airflow/dags/player_data_fetcher_dag.py for tasks to queue
[2025-04-30T00:49:36.872+0000] {logging_mixin.py:190} INFO - [2025-04-30T00:49:36.872+0000] {dagbag.py:588} INFO - Filling up the DagBag from /opt/airflow/dags/player_data_fetcher_dag.py
[2025-04-30T00:49:37.123+0000] {processor.py:925} INFO - DAG(s) 'gamelog_dag' retrieved from /opt/airflow/dags/player_data_fetcher_dag.py
[2025-04-30T00:49:37.134+0000] {logging_mixin.py:190} INFO - [2025-04-30T00:49:37.134+0000] {dag.py:3239} INFO - Sync 1 DAGs
[2025-04-30T00:49:37.140+0000] {logging_mixin.py:190} INFO - [2025-04-30T00:49:37.140+0000] {dag.py:4180} INFO - Setting next_dagrun for gamelog_dag to None, run_after=None
[2025-04-30T00:49:37.152+0000] {processor.py:208} INFO - Processing /opt/airflow/dags/player_data_fetcher_dag.py took 0.284 seconds
[2025-04-30T00:50:07.288+0000] {processor.py:186} INFO - Started process (PID=52) to work on /opt/airflow/dags/player_data_fetcher_dag.py
[2025-04-30T00:50:07.288+0000] {processor.py:914} INFO - Processing file /opt/airflow/dags/player_data_fetcher_dag.py for tasks to queue
[2025-04-30T00:50:07.289+0000] {logging_mixin.py:190} INFO - [2025-04-30T00:50:07.289+0000] {dagbag.py:588} INFO - Filling up the DagBag from /opt/airflow/dags/player_data_fetcher_dag.py
[2025-04-30T00:50:07.546+0000] {processor.py:925} INFO - DAG(s) 'gamelog_dag' retrieved from /opt/airflow/dags/player_data_fetcher_dag.py
[2025-04-30T00:50:07.560+0000] {logging_mixin.py:190} INFO - [2025-04-30T00:50:07.560+0000] {dag.py:3239} INFO - Sync 1 DAGs
[2025-04-30T00:50:07.566+0000] {logging_mixin.py:190} INFO - [2025-04-30T00:50:07.566+0000] {dag.py:4180} INFO - Setting next_dagrun for gamelog_dag to None, run_after=None
[2025-04-30T00:50:07.591+0000] {processor.py:208} INFO - Processing /opt/airflow/dags/player_data_fetcher_dag.py took 0.306 seconds
[2025-04-30T00:50:37.741+0000] {processor.py:186} INFO - Started process (PID=53) to work on /opt/airflow/dags/player_data_fetcher_dag.py
[2025-04-30T00:50:37.742+0000] {processor.py:914} INFO - Processing file /opt/airflow/dags/player_data_fetcher_dag.py for tasks to queue
[2025-04-30T00:50:37.742+0000] {logging_mixin.py:190} INFO - [2025-04-30T00:50:37.742+0000] {dagbag.py:588} INFO - Filling up the DagBag from /opt/airflow/dags/player_data_fetcher_dag.py
[2025-04-30T00:50:38.030+0000] {processor.py:925} INFO - DAG(s) 'gamelog_dag' retrieved from /opt/airflow/dags/player_data_fetcher_dag.py
[2025-04-30T00:50:38.049+0000] {logging_mixin.py:190} INFO - [2025-04-30T00:50:38.049+0000] {dag.py:3239} INFO - Sync 1 DAGs
[2025-04-30T00:50:38.055+0000] {logging_mixin.py:190} INFO - [2025-04-30T00:50:38.055+0000] {dag.py:4180} INFO - Setting next_dagrun for gamelog_dag to None, run_after=None
[2025-04-30T00:50:38.089+0000] {processor.py:208} INFO - Processing /opt/airflow/dags/player_data_fetcher_dag.py took 0.350 seconds
[2025-04-30T00:51:08.234+0000] {processor.py:186} INFO - Started process (PID=54) to work on /opt/airflow/dags/player_data_fetcher_dag.py
[2025-04-30T00:51:08.235+0000] {processor.py:914} INFO - Processing file /opt/airflow/dags/player_data_fetcher_dag.py for tasks to queue
[2025-04-30T00:51:08.235+0000] {logging_mixin.py:190} INFO - [2025-04-30T00:51:08.235+0000] {dagbag.py:588} INFO - Filling up the DagBag from /opt/airflow/dags/player_data_fetcher_dag.py
[2025-04-30T00:51:08.490+0000] {processor.py:925} INFO - DAG(s) 'gamelog_dag' retrieved from /opt/airflow/dags/player_data_fetcher_dag.py
[2025-04-30T00:51:08.498+0000] {logging_mixin.py:190} INFO - [2025-04-30T00:51:08.498+0000] {dag.py:3239} INFO - Sync 1 DAGs
[2025-04-30T00:51:08.502+0000] {logging_mixin.py:190} INFO - [2025-04-30T00:51:08.502+0000] {dag.py:4180} INFO - Setting next_dagrun for gamelog_dag to None, run_after=None
[2025-04-30T00:51:08.508+0000] {processor.py:208} INFO - Processing /opt/airflow/dags/player_data_fetcher_dag.py took 0.277 seconds
[2025-04-30T00:51:38.661+0000] {processor.py:186} INFO - Started process (PID=55) to work on /opt/airflow/dags/player_data_fetcher_dag.py
[2025-04-30T00:51:38.662+0000] {processor.py:914} INFO - Processing file /opt/airflow/dags/player_data_fetcher_dag.py for tasks to queue
[2025-04-30T00:51:38.663+0000] {logging_mixin.py:190} INFO - [2025-04-30T00:51:38.663+0000] {dagbag.py:588} INFO - Filling up the DagBag from /opt/airflow/dags/player_data_fetcher_dag.py
[2025-04-30T00:51:38.919+0000] {processor.py:925} INFO - DAG(s) 'gamelog_dag' retrieved from /opt/airflow/dags/player_data_fetcher_dag.py
[2025-04-30T00:51:38.929+0000] {logging_mixin.py:190} INFO - [2025-04-30T00:51:38.929+0000] {dag.py:3239} INFO - Sync 1 DAGs
[2025-04-30T00:51:38.935+0000] {logging_mixin.py:190} INFO - [2025-04-30T00:51:38.935+0000] {dag.py:4180} INFO - Setting next_dagrun for gamelog_dag to None, run_after=None
[2025-04-30T00:51:38.943+0000] {processor.py:208} INFO - Processing /opt/airflow/dags/player_data_fetcher_dag.py took 0.285 seconds
[2025-04-30T00:52:09.092+0000] {processor.py:186} INFO - Started process (PID=56) to work on /opt/airflow/dags/player_data_fetcher_dag.py
[2025-04-30T00:52:09.093+0000] {processor.py:914} INFO - Processing file /opt/airflow/dags/player_data_fetcher_dag.py for tasks to queue
[2025-04-30T00:52:09.095+0000] {logging_mixin.py:190} INFO - [2025-04-30T00:52:09.094+0000] {dagbag.py:588} INFO - Filling up the DagBag from /opt/airflow/dags/player_data_fetcher_dag.py
[2025-04-30T00:52:09.295+0000] {processor.py:925} INFO - DAG(s) 'gamelog_dag' retrieved from /opt/airflow/dags/player_data_fetcher_dag.py
[2025-04-30T00:52:09.303+0000] {logging_mixin.py:190} INFO - [2025-04-30T00:52:09.303+0000] {dag.py:3239} INFO - Sync 1 DAGs
[2025-04-30T00:52:09.307+0000] {logging_mixin.py:190} INFO - [2025-04-30T00:52:09.307+0000] {dag.py:4180} INFO - Setting next_dagrun for gamelog_dag to None, run_after=None
[2025-04-30T00:52:09.313+0000] {processor.py:208} INFO - Processing /opt/airflow/dags/player_data_fetcher_dag.py took 0.224 seconds
[2025-04-30T00:52:39.340+0000] {processor.py:186} INFO - Started process (PID=57) to work on /opt/airflow/dags/player_data_fetcher_dag.py
[2025-04-30T00:52:39.341+0000] {processor.py:914} INFO - Processing file /opt/airflow/dags/player_data_fetcher_dag.py for tasks to queue
[2025-04-30T00:52:39.342+0000] {logging_mixin.py:190} INFO - [2025-04-30T00:52:39.342+0000] {dagbag.py:588} INFO - Filling up the DagBag from /opt/airflow/dags/player_data_fetcher_dag.py
[2025-04-30T00:52:39.532+0000] {processor.py:925} INFO - DAG(s) 'gamelog_dag' retrieved from /opt/airflow/dags/player_data_fetcher_dag.py
[2025-04-30T00:52:39.539+0000] {logging_mixin.py:190} INFO - [2025-04-30T00:52:39.539+0000] {dag.py:3239} INFO - Sync 1 DAGs
[2025-04-30T00:52:39.543+0000] {logging_mixin.py:190} INFO - [2025-04-30T00:52:39.543+0000] {dag.py:4180} INFO - Setting next_dagrun for gamelog_dag to None, run_after=None
[2025-04-30T00:52:39.548+0000] {processor.py:208} INFO - Processing /opt/airflow/dags/player_data_fetcher_dag.py took 0.211 seconds
[2025-04-30T00:52:55.411+0000] {processor.py:186} INFO - Started process (PID=58) to work on /opt/airflow/dags/player_data_fetcher_dag.py
[2025-04-30T00:52:55.412+0000] {processor.py:914} INFO - Processing file /opt/airflow/dags/player_data_fetcher_dag.py for tasks to queue
[2025-04-30T00:52:55.412+0000] {logging_mixin.py:190} INFO - [2025-04-30T00:52:55.412+0000] {dagbag.py:588} INFO - Filling up the DagBag from /opt/airflow/dags/player_data_fetcher_dag.py
[2025-04-30T00:52:55.647+0000] {processor.py:925} INFO - DAG(s) 'gamelog_dag' retrieved from /opt/airflow/dags/player_data_fetcher_dag.py
[2025-04-30T00:52:55.660+0000] {logging_mixin.py:190} INFO - [2025-04-30T00:52:55.660+0000] {dag.py:3239} INFO - Sync 1 DAGs
[2025-04-30T00:52:55.664+0000] {logging_mixin.py:190} INFO - [2025-04-30T00:52:55.664+0000] {dag.py:4180} INFO - Setting next_dagrun for gamelog_dag to None, run_after=None
[2025-04-30T00:52:55.673+0000] {processor.py:208} INFO - Processing /opt/airflow/dags/player_data_fetcher_dag.py took 0.266 seconds
[2025-04-30T00:52:57.638+0000] {processor.py:186} INFO - Started process (PID=59) to work on /opt/airflow/dags/player_data_fetcher_dag.py
[2025-04-30T00:52:57.638+0000] {processor.py:914} INFO - Processing file /opt/airflow/dags/player_data_fetcher_dag.py for tasks to queue
[2025-04-30T00:52:57.639+0000] {logging_mixin.py:190} INFO - [2025-04-30T00:52:57.638+0000] {dagbag.py:588} INFO - Filling up the DagBag from /opt/airflow/dags/player_data_fetcher_dag.py
[2025-04-30T00:52:57.883+0000] {processor.py:925} INFO - DAG(s) 'gamelog_dag' retrieved from /opt/airflow/dags/player_data_fetcher_dag.py
[2025-04-30T00:52:57.895+0000] {logging_mixin.py:190} INFO - [2025-04-30T00:52:57.894+0000] {dag.py:3239} INFO - Sync 1 DAGs
[2025-04-30T00:52:57.900+0000] {logging_mixin.py:190} INFO - [2025-04-30T00:52:57.900+0000] {dag.py:4180} INFO - Setting next_dagrun for gamelog_dag to None, run_after=None
[2025-04-30T00:52:57.909+0000] {processor.py:208} INFO - Processing /opt/airflow/dags/player_data_fetcher_dag.py took 0.275 seconds
[2025-04-30T00:52:58.710+0000] {processor.py:186} INFO - Started process (PID=60) to work on /opt/airflow/dags/player_data_fetcher_dag.py
[2025-04-30T00:52:58.711+0000] {processor.py:914} INFO - Processing file /opt/airflow/dags/player_data_fetcher_dag.py for tasks to queue
[2025-04-30T00:52:58.711+0000] {logging_mixin.py:190} INFO - [2025-04-30T00:52:58.711+0000] {dagbag.py:588} INFO - Filling up the DagBag from /opt/airflow/dags/player_data_fetcher_dag.py
[2025-04-30T00:52:58.962+0000] {processor.py:925} INFO - DAG(s) 'gamelog_dag' retrieved from /opt/airflow/dags/player_data_fetcher_dag.py
[2025-04-30T00:52:58.973+0000] {logging_mixin.py:190} INFO - [2025-04-30T00:52:58.973+0000] {dag.py:3239} INFO - Sync 1 DAGs
[2025-04-30T00:52:58.977+0000] {logging_mixin.py:190} INFO - [2025-04-30T00:52:58.977+0000] {dag.py:4180} INFO - Setting next_dagrun for gamelog_dag to None, run_after=None
[2025-04-30T00:52:58.986+0000] {processor.py:208} INFO - Processing /opt/airflow/dags/player_data_fetcher_dag.py took 0.280 seconds
[2025-04-30T00:53:29.220+0000] {processor.py:186} INFO - Started process (PID=61) to work on /opt/airflow/dags/player_data_fetcher_dag.py
[2025-04-30T00:53:29.220+0000] {processor.py:914} INFO - Processing file /opt/airflow/dags/player_data_fetcher_dag.py for tasks to queue
[2025-04-30T00:53:29.221+0000] {logging_mixin.py:190} INFO - [2025-04-30T00:53:29.221+0000] {dagbag.py:588} INFO - Filling up the DagBag from /opt/airflow/dags/player_data_fetcher_dag.py
[2025-04-30T00:53:29.411+0000] {processor.py:925} INFO - DAG(s) 'gamelog_dag' retrieved from /opt/airflow/dags/player_data_fetcher_dag.py
[2025-04-30T00:53:29.421+0000] {logging_mixin.py:190} INFO - [2025-04-30T00:53:29.421+0000] {dag.py:3239} INFO - Sync 1 DAGs
[2025-04-30T00:53:29.426+0000] {logging_mixin.py:190} INFO - [2025-04-30T00:53:29.426+0000] {dag.py:4180} INFO - Setting next_dagrun for gamelog_dag to None, run_after=None
[2025-04-30T00:53:29.433+0000] {processor.py:208} INFO - Processing /opt/airflow/dags/player_data_fetcher_dag.py took 0.217 seconds
[2025-04-30T00:53:59.604+0000] {processor.py:186} INFO - Started process (PID=62) to work on /opt/airflow/dags/player_data_fetcher_dag.py
[2025-04-30T00:53:59.604+0000] {processor.py:914} INFO - Processing file /opt/airflow/dags/player_data_fetcher_dag.py for tasks to queue
[2025-04-30T00:53:59.605+0000] {logging_mixin.py:190} INFO - [2025-04-30T00:53:59.605+0000] {dagbag.py:588} INFO - Filling up the DagBag from /opt/airflow/dags/player_data_fetcher_dag.py
[2025-04-30T00:53:59.827+0000] {processor.py:925} INFO - DAG(s) 'gamelog_dag' retrieved from /opt/airflow/dags/player_data_fetcher_dag.py
[2025-04-30T00:53:59.839+0000] {logging_mixin.py:190} INFO - [2025-04-30T00:53:59.838+0000] {dag.py:3239} INFO - Sync 1 DAGs
[2025-04-30T00:53:59.843+0000] {logging_mixin.py:190} INFO - [2025-04-30T00:53:59.843+0000] {dag.py:4180} INFO - Setting next_dagrun for gamelog_dag to None, run_after=None
[2025-04-30T00:53:59.854+0000] {processor.py:208} INFO - Processing /opt/airflow/dags/player_data_fetcher_dag.py took 0.253 seconds
[2025-04-30T00:54:30.008+0000] {processor.py:186} INFO - Started process (PID=63) to work on /opt/airflow/dags/player_data_fetcher_dag.py
[2025-04-30T00:54:30.008+0000] {processor.py:914} INFO - Processing file /opt/airflow/dags/player_data_fetcher_dag.py for tasks to queue
[2025-04-30T00:54:30.009+0000] {logging_mixin.py:190} INFO - [2025-04-30T00:54:30.009+0000] {dagbag.py:588} INFO - Filling up the DagBag from /opt/airflow/dags/player_data_fetcher_dag.py
[2025-04-30T00:54:30.204+0000] {processor.py:925} INFO - DAG(s) 'gamelog_dag' retrieved from /opt/airflow/dags/player_data_fetcher_dag.py
[2025-04-30T00:54:30.214+0000] {logging_mixin.py:190} INFO - [2025-04-30T00:54:30.213+0000] {dag.py:3239} INFO - Sync 1 DAGs
[2025-04-30T00:54:30.218+0000] {logging_mixin.py:190} INFO - [2025-04-30T00:54:30.218+0000] {dag.py:4180} INFO - Setting next_dagrun for gamelog_dag to None, run_after=None
[2025-04-30T00:54:30.224+0000] {processor.py:208} INFO - Processing /opt/airflow/dags/player_data_fetcher_dag.py took 0.220 seconds
[2025-04-30T00:55:00.260+0000] {processor.py:186} INFO - Started process (PID=64) to work on /opt/airflow/dags/player_data_fetcher_dag.py
[2025-04-30T00:55:00.261+0000] {processor.py:914} INFO - Processing file /opt/airflow/dags/player_data_fetcher_dag.py for tasks to queue
[2025-04-30T00:55:00.262+0000] {logging_mixin.py:190} INFO - [2025-04-30T00:55:00.262+0000] {dagbag.py:588} INFO - Filling up the DagBag from /opt/airflow/dags/player_data_fetcher_dag.py
[2025-04-30T00:55:00.478+0000] {processor.py:925} INFO - DAG(s) 'gamelog_dag' retrieved from /opt/airflow/dags/player_data_fetcher_dag.py
[2025-04-30T00:55:00.487+0000] {logging_mixin.py:190} INFO - [2025-04-30T00:55:00.487+0000] {dag.py:3239} INFO - Sync 1 DAGs
[2025-04-30T00:55:00.491+0000] {logging_mixin.py:190} INFO - [2025-04-30T00:55:00.491+0000] {dag.py:4180} INFO - Setting next_dagrun for gamelog_dag to None, run_after=None
[2025-04-30T00:55:00.497+0000] {processor.py:208} INFO - Processing /opt/airflow/dags/player_data_fetcher_dag.py took 0.244 seconds
[2025-04-30T00:55:30.546+0000] {processor.py:186} INFO - Started process (PID=65) to work on /opt/airflow/dags/player_data_fetcher_dag.py
[2025-04-30T00:55:30.548+0000] {processor.py:914} INFO - Processing file /opt/airflow/dags/player_data_fetcher_dag.py for tasks to queue
[2025-04-30T00:55:30.548+0000] {logging_mixin.py:190} INFO - [2025-04-30T00:55:30.548+0000] {dagbag.py:588} INFO - Filling up the DagBag from /opt/airflow/dags/player_data_fetcher_dag.py
[2025-04-30T00:55:30.734+0000] {processor.py:925} INFO - DAG(s) 'gamelog_dag' retrieved from /opt/airflow/dags/player_data_fetcher_dag.py
[2025-04-30T00:55:30.742+0000] {logging_mixin.py:190} INFO - [2025-04-30T00:55:30.742+0000] {dag.py:3239} INFO - Sync 1 DAGs
[2025-04-30T00:55:30.746+0000] {logging_mixin.py:190} INFO - [2025-04-30T00:55:30.746+0000] {dag.py:4180} INFO - Setting next_dagrun for gamelog_dag to None, run_after=None
[2025-04-30T00:55:30.751+0000] {processor.py:208} INFO - Processing /opt/airflow/dags/player_data_fetcher_dag.py took 0.210 seconds
[2025-04-30T00:56:00.803+0000] {processor.py:186} INFO - Started process (PID=66) to work on /opt/airflow/dags/player_data_fetcher_dag.py
[2025-04-30T00:56:00.804+0000] {processor.py:914} INFO - Processing file /opt/airflow/dags/player_data_fetcher_dag.py for tasks to queue
[2025-04-30T00:56:00.806+0000] {logging_mixin.py:190} INFO - [2025-04-30T00:56:00.806+0000] {dagbag.py:588} INFO - Filling up the DagBag from /opt/airflow/dags/player_data_fetcher_dag.py
[2025-04-30T00:56:00.998+0000] {processor.py:925} INFO - DAG(s) 'gamelog_dag' retrieved from /opt/airflow/dags/player_data_fetcher_dag.py
[2025-04-30T00:56:01.006+0000] {logging_mixin.py:190} INFO - [2025-04-30T00:56:01.006+0000] {dag.py:3239} INFO - Sync 1 DAGs
[2025-04-30T00:56:01.010+0000] {logging_mixin.py:190} INFO - [2025-04-30T00:56:01.010+0000] {dag.py:4180} INFO - Setting next_dagrun for gamelog_dag to None, run_after=None
[2025-04-30T00:56:01.016+0000] {processor.py:208} INFO - Processing /opt/airflow/dags/player_data_fetcher_dag.py took 0.219 seconds
[2025-04-30T00:56:31.074+0000] {processor.py:186} INFO - Started process (PID=67) to work on /opt/airflow/dags/player_data_fetcher_dag.py
[2025-04-30T00:56:31.077+0000] {processor.py:914} INFO - Processing file /opt/airflow/dags/player_data_fetcher_dag.py for tasks to queue
[2025-04-30T00:56:31.077+0000] {logging_mixin.py:190} INFO - [2025-04-30T00:56:31.077+0000] {dagbag.py:588} INFO - Filling up the DagBag from /opt/airflow/dags/player_data_fetcher_dag.py
[2025-04-30T00:56:31.272+0000] {processor.py:925} INFO - DAG(s) 'gamelog_dag' retrieved from /opt/airflow/dags/player_data_fetcher_dag.py
[2025-04-30T00:56:31.280+0000] {logging_mixin.py:190} INFO - [2025-04-30T00:56:31.280+0000] {dag.py:3239} INFO - Sync 1 DAGs
[2025-04-30T00:56:31.284+0000] {logging_mixin.py:190} INFO - [2025-04-30T00:56:31.284+0000] {dag.py:4180} INFO - Setting next_dagrun for gamelog_dag to None, run_after=None
[2025-04-30T00:56:31.289+0000] {processor.py:208} INFO - Processing /opt/airflow/dags/player_data_fetcher_dag.py took 0.221 seconds
[2025-04-30T00:57:01.337+0000] {processor.py:186} INFO - Started process (PID=68) to work on /opt/airflow/dags/player_data_fetcher_dag.py
[2025-04-30T00:57:01.338+0000] {processor.py:914} INFO - Processing file /opt/airflow/dags/player_data_fetcher_dag.py for tasks to queue
[2025-04-30T00:57:01.339+0000] {logging_mixin.py:190} INFO - [2025-04-30T00:57:01.339+0000] {dagbag.py:588} INFO - Filling up the DagBag from /opt/airflow/dags/player_data_fetcher_dag.py
[2025-04-30T00:57:01.519+0000] {processor.py:925} INFO - DAG(s) 'gamelog_dag' retrieved from /opt/airflow/dags/player_data_fetcher_dag.py
[2025-04-30T00:57:01.526+0000] {logging_mixin.py:190} INFO - [2025-04-30T00:57:01.526+0000] {dag.py:3239} INFO - Sync 1 DAGs
[2025-04-30T00:57:01.530+0000] {logging_mixin.py:190} INFO - [2025-04-30T00:57:01.530+0000] {dag.py:4180} INFO - Setting next_dagrun for gamelog_dag to None, run_after=None
[2025-04-30T00:57:01.536+0000] {processor.py:208} INFO - Processing /opt/airflow/dags/player_data_fetcher_dag.py took 0.202 seconds
[2025-04-30T00:57:31.832+0000] {processor.py:186} INFO - Started process (PID=69) to work on /opt/airflow/dags/player_data_fetcher_dag.py
[2025-04-30T00:57:31.833+0000] {processor.py:914} INFO - Processing file /opt/airflow/dags/player_data_fetcher_dag.py for tasks to queue
[2025-04-30T00:57:31.833+0000] {logging_mixin.py:190} INFO - [2025-04-30T00:57:31.833+0000] {dagbag.py:588} INFO - Filling up the DagBag from /opt/airflow/dags/player_data_fetcher_dag.py
[2025-04-30T00:57:32.022+0000] {processor.py:925} INFO - DAG(s) 'gamelog_dag' retrieved from /opt/airflow/dags/player_data_fetcher_dag.py
[2025-04-30T00:57:32.030+0000] {logging_mixin.py:190} INFO - [2025-04-30T00:57:32.029+0000] {dag.py:3239} INFO - Sync 1 DAGs
[2025-04-30T00:57:32.034+0000] {logging_mixin.py:190} INFO - [2025-04-30T00:57:32.034+0000] {dag.py:4180} INFO - Setting next_dagrun for gamelog_dag to None, run_after=None
[2025-04-30T00:57:32.039+0000] {processor.py:208} INFO - Processing /opt/airflow/dags/player_data_fetcher_dag.py took 0.211 seconds
[2025-04-30T00:58:02.137+0000] {processor.py:186} INFO - Started process (PID=70) to work on /opt/airflow/dags/player_data_fetcher_dag.py
[2025-04-30T00:58:02.138+0000] {processor.py:914} INFO - Processing file /opt/airflow/dags/player_data_fetcher_dag.py for tasks to queue
[2025-04-30T00:58:02.139+0000] {logging_mixin.py:190} INFO - [2025-04-30T00:58:02.139+0000] {dagbag.py:588} INFO - Filling up the DagBag from /opt/airflow/dags/player_data_fetcher_dag.py
[2025-04-30T00:58:02.333+0000] {processor.py:925} INFO - DAG(s) 'gamelog_dag' retrieved from /opt/airflow/dags/player_data_fetcher_dag.py
[2025-04-30T00:58:02.341+0000] {logging_mixin.py:190} INFO - [2025-04-30T00:58:02.341+0000] {dag.py:3239} INFO - Sync 1 DAGs
[2025-04-30T00:58:02.345+0000] {logging_mixin.py:190} INFO - [2025-04-30T00:58:02.345+0000] {dag.py:4180} INFO - Setting next_dagrun for gamelog_dag to None, run_after=None
[2025-04-30T00:58:02.350+0000] {processor.py:208} INFO - Processing /opt/airflow/dags/player_data_fetcher_dag.py took 0.220 seconds
[2025-04-30T00:58:32.390+0000] {processor.py:186} INFO - Started process (PID=71) to work on /opt/airflow/dags/player_data_fetcher_dag.py
[2025-04-30T00:58:32.391+0000] {processor.py:914} INFO - Processing file /opt/airflow/dags/player_data_fetcher_dag.py for tasks to queue
[2025-04-30T00:58:32.392+0000] {logging_mixin.py:190} INFO - [2025-04-30T00:58:32.392+0000] {dagbag.py:588} INFO - Filling up the DagBag from /opt/airflow/dags/player_data_fetcher_dag.py
[2025-04-30T00:58:32.589+0000] {processor.py:925} INFO - DAG(s) 'gamelog_dag' retrieved from /opt/airflow/dags/player_data_fetcher_dag.py
[2025-04-30T00:58:32.598+0000] {logging_mixin.py:190} INFO - [2025-04-30T00:58:32.597+0000] {dag.py:3239} INFO - Sync 1 DAGs
[2025-04-30T00:58:32.602+0000] {logging_mixin.py:190} INFO - [2025-04-30T00:58:32.602+0000] {dag.py:4180} INFO - Setting next_dagrun for gamelog_dag to None, run_after=None
[2025-04-30T00:58:32.607+0000] {processor.py:208} INFO - Processing /opt/airflow/dags/player_data_fetcher_dag.py took 0.222 seconds
[2025-04-30T00:59:02.662+0000] {processor.py:186} INFO - Started process (PID=72) to work on /opt/airflow/dags/player_data_fetcher_dag.py
[2025-04-30T00:59:02.662+0000] {processor.py:914} INFO - Processing file /opt/airflow/dags/player_data_fetcher_dag.py for tasks to queue
[2025-04-30T00:59:02.664+0000] {logging_mixin.py:190} INFO - [2025-04-30T00:59:02.663+0000] {dagbag.py:588} INFO - Filling up the DagBag from /opt/airflow/dags/player_data_fetcher_dag.py
[2025-04-30T00:59:02.846+0000] {processor.py:925} INFO - DAG(s) 'gamelog_dag' retrieved from /opt/airflow/dags/player_data_fetcher_dag.py
[2025-04-30T00:59:02.853+0000] {logging_mixin.py:190} INFO - [2025-04-30T00:59:02.853+0000] {dag.py:3239} INFO - Sync 1 DAGs
[2025-04-30T00:59:02.857+0000] {logging_mixin.py:190} INFO - [2025-04-30T00:59:02.857+0000] {dag.py:4180} INFO - Setting next_dagrun for gamelog_dag to None, run_after=None
[2025-04-30T00:59:02.862+0000] {processor.py:208} INFO - Processing /opt/airflow/dags/player_data_fetcher_dag.py took 0.204 seconds
[2025-04-30T00:59:32.878+0000] {processor.py:186} INFO - Started process (PID=73) to work on /opt/airflow/dags/player_data_fetcher_dag.py
[2025-04-30T00:59:32.879+0000] {processor.py:914} INFO - Processing file /opt/airflow/dags/player_data_fetcher_dag.py for tasks to queue
[2025-04-30T00:59:32.879+0000] {logging_mixin.py:190} INFO - [2025-04-30T00:59:32.879+0000] {dagbag.py:588} INFO - Filling up the DagBag from /opt/airflow/dags/player_data_fetcher_dag.py
[2025-04-30T00:59:33.073+0000] {processor.py:925} INFO - DAG(s) 'gamelog_dag' retrieved from /opt/airflow/dags/player_data_fetcher_dag.py
[2025-04-30T00:59:33.082+0000] {logging_mixin.py:190} INFO - [2025-04-30T00:59:33.081+0000] {dag.py:3239} INFO - Sync 1 DAGs
[2025-04-30T00:59:33.086+0000] {logging_mixin.py:190} INFO - [2025-04-30T00:59:33.086+0000] {dag.py:4180} INFO - Setting next_dagrun for gamelog_dag to None, run_after=None
[2025-04-30T00:59:33.092+0000] {processor.py:208} INFO - Processing /opt/airflow/dags/player_data_fetcher_dag.py took 0.218 seconds
[2025-04-30T01:00:03.300+0000] {processor.py:186} INFO - Started process (PID=74) to work on /opt/airflow/dags/player_data_fetcher_dag.py
[2025-04-30T01:00:03.300+0000] {processor.py:914} INFO - Processing file /opt/airflow/dags/player_data_fetcher_dag.py for tasks to queue
[2025-04-30T01:00:03.301+0000] {logging_mixin.py:190} INFO - [2025-04-30T01:00:03.301+0000] {dagbag.py:588} INFO - Filling up the DagBag from /opt/airflow/dags/player_data_fetcher_dag.py
[2025-04-30T01:00:03.487+0000] {processor.py:925} INFO - DAG(s) 'gamelog_dag' retrieved from /opt/airflow/dags/player_data_fetcher_dag.py
[2025-04-30T01:00:03.494+0000] {logging_mixin.py:190} INFO - [2025-04-30T01:00:03.494+0000] {dag.py:3239} INFO - Sync 1 DAGs
[2025-04-30T01:00:03.499+0000] {logging_mixin.py:190} INFO - [2025-04-30T01:00:03.499+0000] {dag.py:4180} INFO - Setting next_dagrun for gamelog_dag to None, run_after=None
[2025-04-30T01:00:03.504+0000] {processor.py:208} INFO - Processing /opt/airflow/dags/player_data_fetcher_dag.py took 0.209 seconds
[2025-04-30T01:00:33.557+0000] {processor.py:186} INFO - Started process (PID=75) to work on /opt/airflow/dags/player_data_fetcher_dag.py
[2025-04-30T01:00:33.559+0000] {processor.py:914} INFO - Processing file /opt/airflow/dags/player_data_fetcher_dag.py for tasks to queue
[2025-04-30T01:00:33.560+0000] {logging_mixin.py:190} INFO - [2025-04-30T01:00:33.559+0000] {dagbag.py:588} INFO - Filling up the DagBag from /opt/airflow/dags/player_data_fetcher_dag.py
[2025-04-30T01:00:33.749+0000] {processor.py:925} INFO - DAG(s) 'gamelog_dag' retrieved from /opt/airflow/dags/player_data_fetcher_dag.py
[2025-04-30T01:00:33.757+0000] {logging_mixin.py:190} INFO - [2025-04-30T01:00:33.757+0000] {dag.py:3239} INFO - Sync 1 DAGs
[2025-04-30T01:00:33.761+0000] {logging_mixin.py:190} INFO - [2025-04-30T01:00:33.761+0000] {dag.py:4180} INFO - Setting next_dagrun for gamelog_dag to None, run_after=None
[2025-04-30T01:00:33.766+0000] {processor.py:208} INFO - Processing /opt/airflow/dags/player_data_fetcher_dag.py took 0.214 seconds
[2025-04-30T01:01:03.935+0000] {processor.py:186} INFO - Started process (PID=76) to work on /opt/airflow/dags/player_data_fetcher_dag.py
[2025-04-30T01:01:03.936+0000] {processor.py:914} INFO - Processing file /opt/airflow/dags/player_data_fetcher_dag.py for tasks to queue
[2025-04-30T01:01:03.936+0000] {logging_mixin.py:190} INFO - [2025-04-30T01:01:03.936+0000] {dagbag.py:588} INFO - Filling up the DagBag from /opt/airflow/dags/player_data_fetcher_dag.py
[2025-04-30T01:01:04.110+0000] {processor.py:925} INFO - DAG(s) 'gamelog_dag' retrieved from /opt/airflow/dags/player_data_fetcher_dag.py
[2025-04-30T01:01:04.118+0000] {logging_mixin.py:190} INFO - [2025-04-30T01:01:04.118+0000] {dag.py:3239} INFO - Sync 1 DAGs
[2025-04-30T01:01:04.122+0000] {logging_mixin.py:190} INFO - [2025-04-30T01:01:04.122+0000] {dag.py:4180} INFO - Setting next_dagrun for gamelog_dag to None, run_after=None
[2025-04-30T01:01:04.127+0000] {processor.py:208} INFO - Processing /opt/airflow/dags/player_data_fetcher_dag.py took 0.194 seconds
[2025-04-30T01:01:34.277+0000] {processor.py:186} INFO - Started process (PID=77) to work on /opt/airflow/dags/player_data_fetcher_dag.py
[2025-04-30T01:01:34.278+0000] {processor.py:914} INFO - Processing file /opt/airflow/dags/player_data_fetcher_dag.py for tasks to queue
[2025-04-30T01:01:34.278+0000] {logging_mixin.py:190} INFO - [2025-04-30T01:01:34.278+0000] {dagbag.py:588} INFO - Filling up the DagBag from /opt/airflow/dags/player_data_fetcher_dag.py
[2025-04-30T01:01:34.464+0000] {processor.py:925} INFO - DAG(s) 'gamelog_dag' retrieved from /opt/airflow/dags/player_data_fetcher_dag.py
[2025-04-30T01:01:34.471+0000] {logging_mixin.py:190} INFO - [2025-04-30T01:01:34.471+0000] {dag.py:3239} INFO - Sync 1 DAGs
[2025-04-30T01:01:34.474+0000] {logging_mixin.py:190} INFO - [2025-04-30T01:01:34.474+0000] {dag.py:4180} INFO - Setting next_dagrun for gamelog_dag to None, run_after=None
[2025-04-30T01:01:34.480+0000] {processor.py:208} INFO - Processing /opt/airflow/dags/player_data_fetcher_dag.py took 0.208 seconds
[2025-04-30T01:02:04.509+0000] {processor.py:186} INFO - Started process (PID=78) to work on /opt/airflow/dags/player_data_fetcher_dag.py
[2025-04-30T01:02:04.509+0000] {processor.py:914} INFO - Processing file /opt/airflow/dags/player_data_fetcher_dag.py for tasks to queue
[2025-04-30T01:02:04.510+0000] {logging_mixin.py:190} INFO - [2025-04-30T01:02:04.510+0000] {dagbag.py:588} INFO - Filling up the DagBag from /opt/airflow/dags/player_data_fetcher_dag.py
[2025-04-30T01:02:04.706+0000] {processor.py:925} INFO - DAG(s) 'gamelog_dag' retrieved from /opt/airflow/dags/player_data_fetcher_dag.py
[2025-04-30T01:02:04.714+0000] {logging_mixin.py:190} INFO - [2025-04-30T01:02:04.714+0000] {dag.py:3239} INFO - Sync 1 DAGs
[2025-04-30T01:02:04.718+0000] {logging_mixin.py:190} INFO - [2025-04-30T01:02:04.718+0000] {dag.py:4180} INFO - Setting next_dagrun for gamelog_dag to None, run_after=None
[2025-04-30T01:02:04.724+0000] {processor.py:208} INFO - Processing /opt/airflow/dags/player_data_fetcher_dag.py took 0.218 seconds
[2025-04-30T01:02:34.989+0000] {processor.py:186} INFO - Started process (PID=79) to work on /opt/airflow/dags/player_data_fetcher_dag.py
[2025-04-30T01:02:34.990+0000] {processor.py:914} INFO - Processing file /opt/airflow/dags/player_data_fetcher_dag.py for tasks to queue
[2025-04-30T01:02:34.991+0000] {logging_mixin.py:190} INFO - [2025-04-30T01:02:34.990+0000] {dagbag.py:588} INFO - Filling up the DagBag from /opt/airflow/dags/player_data_fetcher_dag.py
[2025-04-30T01:02:35.174+0000] {processor.py:925} INFO - DAG(s) 'gamelog_dag' retrieved from /opt/airflow/dags/player_data_fetcher_dag.py
[2025-04-30T01:02:35.181+0000] {logging_mixin.py:190} INFO - [2025-04-30T01:02:35.181+0000] {dag.py:3239} INFO - Sync 1 DAGs
[2025-04-30T01:02:35.185+0000] {logging_mixin.py:190} INFO - [2025-04-30T01:02:35.185+0000] {dag.py:4180} INFO - Setting next_dagrun for gamelog_dag to None, run_after=None
[2025-04-30T01:02:35.190+0000] {processor.py:208} INFO - Processing /opt/airflow/dags/player_data_fetcher_dag.py took 0.206 seconds
[2025-04-30T01:03:05.266+0000] {processor.py:186} INFO - Started process (PID=80) to work on /opt/airflow/dags/player_data_fetcher_dag.py
[2025-04-30T01:03:05.266+0000] {processor.py:914} INFO - Processing file /opt/airflow/dags/player_data_fetcher_dag.py for tasks to queue
[2025-04-30T01:03:05.267+0000] {logging_mixin.py:190} INFO - [2025-04-30T01:03:05.267+0000] {dagbag.py:588} INFO - Filling up the DagBag from /opt/airflow/dags/player_data_fetcher_dag.py
[2025-04-30T01:03:05.454+0000] {processor.py:925} INFO - DAG(s) 'gamelog_dag' retrieved from /opt/airflow/dags/player_data_fetcher_dag.py
[2025-04-30T01:03:05.462+0000] {logging_mixin.py:190} INFO - [2025-04-30T01:03:05.462+0000] {dag.py:3239} INFO - Sync 1 DAGs
[2025-04-30T01:03:05.466+0000] {logging_mixin.py:190} INFO - [2025-04-30T01:03:05.466+0000] {dag.py:4180} INFO - Setting next_dagrun for gamelog_dag to None, run_after=None
[2025-04-30T01:03:05.472+0000] {processor.py:208} INFO - Processing /opt/airflow/dags/player_data_fetcher_dag.py took 0.212 seconds
[2025-04-30T01:03:35.662+0000] {processor.py:186} INFO - Started process (PID=81) to work on /opt/airflow/dags/player_data_fetcher_dag.py
[2025-04-30T01:03:35.662+0000] {processor.py:914} INFO - Processing file /opt/airflow/dags/player_data_fetcher_dag.py for tasks to queue
[2025-04-30T01:03:35.663+0000] {logging_mixin.py:190} INFO - [2025-04-30T01:03:35.663+0000] {dagbag.py:588} INFO - Filling up the DagBag from /opt/airflow/dags/player_data_fetcher_dag.py
[2025-04-30T01:03:35.854+0000] {processor.py:925} INFO - DAG(s) 'gamelog_dag' retrieved from /opt/airflow/dags/player_data_fetcher_dag.py
[2025-04-30T01:03:35.862+0000] {logging_mixin.py:190} INFO - [2025-04-30T01:03:35.862+0000] {dag.py:3239} INFO - Sync 1 DAGs
[2025-04-30T01:03:35.865+0000] {logging_mixin.py:190} INFO - [2025-04-30T01:03:35.865+0000] {dag.py:4180} INFO - Setting next_dagrun for gamelog_dag to None, run_after=None
[2025-04-30T01:03:35.870+0000] {processor.py:208} INFO - Processing /opt/airflow/dags/player_data_fetcher_dag.py took 0.212 seconds
[2025-04-30T01:04:06.054+0000] {processor.py:186} INFO - Started process (PID=82) to work on /opt/airflow/dags/player_data_fetcher_dag.py
[2025-04-30T01:04:06.055+0000] {processor.py:914} INFO - Processing file /opt/airflow/dags/player_data_fetcher_dag.py for tasks to queue
[2025-04-30T01:04:06.056+0000] {logging_mixin.py:190} INFO - [2025-04-30T01:04:06.056+0000] {dagbag.py:588} INFO - Filling up the DagBag from /opt/airflow/dags/player_data_fetcher_dag.py
[2025-04-30T01:04:06.242+0000] {processor.py:925} INFO - DAG(s) 'gamelog_dag' retrieved from /opt/airflow/dags/player_data_fetcher_dag.py
[2025-04-30T01:04:06.249+0000] {logging_mixin.py:190} INFO - [2025-04-30T01:04:06.249+0000] {dag.py:3239} INFO - Sync 1 DAGs
[2025-04-30T01:04:06.253+0000] {logging_mixin.py:190} INFO - [2025-04-30T01:04:06.253+0000] {dag.py:4180} INFO - Setting next_dagrun for gamelog_dag to None, run_after=None
[2025-04-30T01:04:06.258+0000] {processor.py:208} INFO - Processing /opt/airflow/dags/player_data_fetcher_dag.py took 0.209 seconds
[2025-04-30T01:04:36.338+0000] {processor.py:186} INFO - Started process (PID=83) to work on /opt/airflow/dags/player_data_fetcher_dag.py
[2025-04-30T01:04:36.338+0000] {processor.py:914} INFO - Processing file /opt/airflow/dags/player_data_fetcher_dag.py for tasks to queue
[2025-04-30T01:04:36.339+0000] {logging_mixin.py:190} INFO - [2025-04-30T01:04:36.339+0000] {dagbag.py:588} INFO - Filling up the DagBag from /opt/airflow/dags/player_data_fetcher_dag.py
[2025-04-30T01:04:36.521+0000] {processor.py:925} INFO - DAG(s) 'gamelog_dag' retrieved from /opt/airflow/dags/player_data_fetcher_dag.py
[2025-04-30T01:04:36.528+0000] {logging_mixin.py:190} INFO - [2025-04-30T01:04:36.528+0000] {dag.py:3239} INFO - Sync 1 DAGs
[2025-04-30T01:04:36.532+0000] {logging_mixin.py:190} INFO - [2025-04-30T01:04:36.531+0000] {dag.py:4180} INFO - Setting next_dagrun for gamelog_dag to None, run_after=None
[2025-04-30T01:04:36.536+0000] {processor.py:208} INFO - Processing /opt/airflow/dags/player_data_fetcher_dag.py took 0.203 seconds
[2025-04-30T01:05:06.821+0000] {processor.py:186} INFO - Started process (PID=84) to work on /opt/airflow/dags/player_data_fetcher_dag.py
[2025-04-30T01:05:06.822+0000] {processor.py:914} INFO - Processing file /opt/airflow/dags/player_data_fetcher_dag.py for tasks to queue
[2025-04-30T01:05:06.822+0000] {logging_mixin.py:190} INFO - [2025-04-30T01:05:06.822+0000] {dagbag.py:588} INFO - Filling up the DagBag from /opt/airflow/dags/player_data_fetcher_dag.py
[2025-04-30T01:05:07.005+0000] {processor.py:925} INFO - DAG(s) 'gamelog_dag' retrieved from /opt/airflow/dags/player_data_fetcher_dag.py
[2025-04-30T01:05:07.012+0000] {logging_mixin.py:190} INFO - [2025-04-30T01:05:07.012+0000] {dag.py:3239} INFO - Sync 1 DAGs
[2025-04-30T01:05:07.015+0000] {logging_mixin.py:190} INFO - [2025-04-30T01:05:07.015+0000] {dag.py:4180} INFO - Setting next_dagrun for gamelog_dag to None, run_after=None
[2025-04-30T01:05:07.021+0000] {processor.py:208} INFO - Processing /opt/airflow/dags/player_data_fetcher_dag.py took 0.205 seconds
[2025-04-30T01:05:37.128+0000] {processor.py:186} INFO - Started process (PID=85) to work on /opt/airflow/dags/player_data_fetcher_dag.py
[2025-04-30T01:05:37.129+0000] {processor.py:914} INFO - Processing file /opt/airflow/dags/player_data_fetcher_dag.py for tasks to queue
[2025-04-30T01:05:37.130+0000] {logging_mixin.py:190} INFO - [2025-04-30T01:05:37.130+0000] {dagbag.py:588} INFO - Filling up the DagBag from /opt/airflow/dags/player_data_fetcher_dag.py
[2025-04-30T01:05:37.317+0000] {processor.py:925} INFO - DAG(s) 'gamelog_dag' retrieved from /opt/airflow/dags/player_data_fetcher_dag.py
[2025-04-30T01:05:37.326+0000] {logging_mixin.py:190} INFO - [2025-04-30T01:05:37.326+0000] {dag.py:3239} INFO - Sync 1 DAGs
[2025-04-30T01:05:37.330+0000] {logging_mixin.py:190} INFO - [2025-04-30T01:05:37.330+0000] {dag.py:4180} INFO - Setting next_dagrun for gamelog_dag to None, run_after=None
[2025-04-30T01:05:37.335+0000] {processor.py:208} INFO - Processing /opt/airflow/dags/player_data_fetcher_dag.py took 0.212 seconds
[2025-04-30T01:06:07.621+0000] {processor.py:186} INFO - Started process (PID=86) to work on /opt/airflow/dags/player_data_fetcher_dag.py
[2025-04-30T01:06:07.622+0000] {processor.py:914} INFO - Processing file /opt/airflow/dags/player_data_fetcher_dag.py for tasks to queue
[2025-04-30T01:06:07.623+0000] {logging_mixin.py:190} INFO - [2025-04-30T01:06:07.623+0000] {dagbag.py:588} INFO - Filling up the DagBag from /opt/airflow/dags/player_data_fetcher_dag.py
[2025-04-30T01:06:07.808+0000] {processor.py:925} INFO - DAG(s) 'gamelog_dag' retrieved from /opt/airflow/dags/player_data_fetcher_dag.py
[2025-04-30T01:06:07.815+0000] {logging_mixin.py:190} INFO - [2025-04-30T01:06:07.815+0000] {dag.py:3239} INFO - Sync 1 DAGs
[2025-04-30T01:06:07.819+0000] {logging_mixin.py:190} INFO - [2025-04-30T01:06:07.819+0000] {dag.py:4180} INFO - Setting next_dagrun for gamelog_dag to None, run_after=None
[2025-04-30T01:06:07.824+0000] {processor.py:208} INFO - Processing /opt/airflow/dags/player_data_fetcher_dag.py took 0.208 seconds
[2025-04-30T01:06:37.928+0000] {processor.py:186} INFO - Started process (PID=87) to work on /opt/airflow/dags/player_data_fetcher_dag.py
[2025-04-30T01:06:37.929+0000] {processor.py:914} INFO - Processing file /opt/airflow/dags/player_data_fetcher_dag.py for tasks to queue
[2025-04-30T01:06:37.930+0000] {logging_mixin.py:190} INFO - [2025-04-30T01:06:37.930+0000] {dagbag.py:588} INFO - Filling up the DagBag from /opt/airflow/dags/player_data_fetcher_dag.py
[2025-04-30T01:06:38.117+0000] {processor.py:925} INFO - DAG(s) 'gamelog_dag' retrieved from /opt/airflow/dags/player_data_fetcher_dag.py
[2025-04-30T01:06:38.125+0000] {logging_mixin.py:190} INFO - [2025-04-30T01:06:38.125+0000] {dag.py:3239} INFO - Sync 1 DAGs
[2025-04-30T01:06:38.129+0000] {logging_mixin.py:190} INFO - [2025-04-30T01:06:38.129+0000] {dag.py:4180} INFO - Setting next_dagrun for gamelog_dag to None, run_after=None
[2025-04-30T01:06:38.134+0000] {processor.py:208} INFO - Processing /opt/airflow/dags/player_data_fetcher_dag.py took 0.211 seconds
[2025-04-30T01:07:08.374+0000] {processor.py:186} INFO - Started process (PID=88) to work on /opt/airflow/dags/player_data_fetcher_dag.py
[2025-04-30T01:07:08.375+0000] {processor.py:914} INFO - Processing file /opt/airflow/dags/player_data_fetcher_dag.py for tasks to queue
[2025-04-30T01:07:08.376+0000] {logging_mixin.py:190} INFO - [2025-04-30T01:07:08.375+0000] {dagbag.py:588} INFO - Filling up the DagBag from /opt/airflow/dags/player_data_fetcher_dag.py
[2025-04-30T01:07:08.562+0000] {processor.py:925} INFO - DAG(s) 'gamelog_dag' retrieved from /opt/airflow/dags/player_data_fetcher_dag.py
[2025-04-30T01:07:08.570+0000] {logging_mixin.py:190} INFO - [2025-04-30T01:07:08.570+0000] {dag.py:3239} INFO - Sync 1 DAGs
[2025-04-30T01:07:08.574+0000] {logging_mixin.py:190} INFO - [2025-04-30T01:07:08.574+0000] {dag.py:4180} INFO - Setting next_dagrun for gamelog_dag to None, run_after=None
[2025-04-30T01:07:08.579+0000] {processor.py:208} INFO - Processing /opt/airflow/dags/player_data_fetcher_dag.py took 0.211 seconds
[2025-04-30T01:07:38.676+0000] {processor.py:186} INFO - Started process (PID=89) to work on /opt/airflow/dags/player_data_fetcher_dag.py
[2025-04-30T01:07:38.677+0000] {processor.py:914} INFO - Processing file /opt/airflow/dags/player_data_fetcher_dag.py for tasks to queue
[2025-04-30T01:07:38.678+0000] {logging_mixin.py:190} INFO - [2025-04-30T01:07:38.678+0000] {dagbag.py:588} INFO - Filling up the DagBag from /opt/airflow/dags/player_data_fetcher_dag.py
[2025-04-30T01:07:38.861+0000] {processor.py:925} INFO - DAG(s) 'gamelog_dag' retrieved from /opt/airflow/dags/player_data_fetcher_dag.py
[2025-04-30T01:07:38.869+0000] {logging_mixin.py:190} INFO - [2025-04-30T01:07:38.869+0000] {dag.py:3239} INFO - Sync 1 DAGs
[2025-04-30T01:07:38.874+0000] {logging_mixin.py:190} INFO - [2025-04-30T01:07:38.873+0000] {dag.py:4180} INFO - Setting next_dagrun for gamelog_dag to None, run_after=None
[2025-04-30T01:07:38.880+0000] {processor.py:208} INFO - Processing /opt/airflow/dags/player_data_fetcher_dag.py took 0.209 seconds
[2025-04-30T01:08:09.164+0000] {processor.py:186} INFO - Started process (PID=90) to work on /opt/airflow/dags/player_data_fetcher_dag.py
[2025-04-30T01:08:09.165+0000] {processor.py:914} INFO - Processing file /opt/airflow/dags/player_data_fetcher_dag.py for tasks to queue
[2025-04-30T01:08:09.166+0000] {logging_mixin.py:190} INFO - [2025-04-30T01:08:09.165+0000] {dagbag.py:588} INFO - Filling up the DagBag from /opt/airflow/dags/player_data_fetcher_dag.py
[2025-04-30T01:08:09.346+0000] {processor.py:925} INFO - DAG(s) 'gamelog_dag' retrieved from /opt/airflow/dags/player_data_fetcher_dag.py
[2025-04-30T01:08:09.353+0000] {logging_mixin.py:190} INFO - [2025-04-30T01:08:09.353+0000] {dag.py:3239} INFO - Sync 1 DAGs
[2025-04-30T01:08:09.357+0000] {logging_mixin.py:190} INFO - [2025-04-30T01:08:09.357+0000] {dag.py:4180} INFO - Setting next_dagrun for gamelog_dag to None, run_after=None
[2025-04-30T01:08:09.362+0000] {processor.py:208} INFO - Processing /opt/airflow/dags/player_data_fetcher_dag.py took 0.202 seconds
[2025-04-30T01:08:39.447+0000] {processor.py:186} INFO - Started process (PID=91) to work on /opt/airflow/dags/player_data_fetcher_dag.py
[2025-04-30T01:08:39.448+0000] {processor.py:914} INFO - Processing file /opt/airflow/dags/player_data_fetcher_dag.py for tasks to queue
[2025-04-30T01:08:39.448+0000] {logging_mixin.py:190} INFO - [2025-04-30T01:08:39.448+0000] {dagbag.py:588} INFO - Filling up the DagBag from /opt/airflow/dags/player_data_fetcher_dag.py
[2025-04-30T01:08:39.635+0000] {processor.py:925} INFO - DAG(s) 'gamelog_dag' retrieved from /opt/airflow/dags/player_data_fetcher_dag.py
[2025-04-30T01:08:39.643+0000] {logging_mixin.py:190} INFO - [2025-04-30T01:08:39.643+0000] {dag.py:3239} INFO - Sync 1 DAGs
[2025-04-30T01:08:39.648+0000] {logging_mixin.py:190} INFO - [2025-04-30T01:08:39.648+0000] {dag.py:4180} INFO - Setting next_dagrun for gamelog_dag to None, run_after=None
[2025-04-30T01:08:39.653+0000] {processor.py:208} INFO - Processing /opt/airflow/dags/player_data_fetcher_dag.py took 0.212 seconds
[2025-04-30T01:09:09.927+0000] {processor.py:186} INFO - Started process (PID=92) to work on /opt/airflow/dags/player_data_fetcher_dag.py
[2025-04-30T01:09:09.928+0000] {processor.py:914} INFO - Processing file /opt/airflow/dags/player_data_fetcher_dag.py for tasks to queue
[2025-04-30T01:09:09.929+0000] {logging_mixin.py:190} INFO - [2025-04-30T01:09:09.929+0000] {dagbag.py:588} INFO - Filling up the DagBag from /opt/airflow/dags/player_data_fetcher_dag.py
[2025-04-30T01:09:10.114+0000] {processor.py:925} INFO - DAG(s) 'gamelog_dag' retrieved from /opt/airflow/dags/player_data_fetcher_dag.py
[2025-04-30T01:09:10.121+0000] {logging_mixin.py:190} INFO - [2025-04-30T01:09:10.121+0000] {dag.py:3239} INFO - Sync 1 DAGs
[2025-04-30T01:09:10.125+0000] {logging_mixin.py:190} INFO - [2025-04-30T01:09:10.125+0000] {dag.py:4180} INFO - Setting next_dagrun for gamelog_dag to None, run_after=None
[2025-04-30T01:09:10.131+0000] {processor.py:208} INFO - Processing /opt/airflow/dags/player_data_fetcher_dag.py took 0.208 seconds
[2025-04-30T01:09:40.268+0000] {processor.py:186} INFO - Started process (PID=93) to work on /opt/airflow/dags/player_data_fetcher_dag.py
[2025-04-30T01:09:40.268+0000] {processor.py:914} INFO - Processing file /opt/airflow/dags/player_data_fetcher_dag.py for tasks to queue
[2025-04-30T01:09:40.269+0000] {logging_mixin.py:190} INFO - [2025-04-30T01:09:40.269+0000] {dagbag.py:588} INFO - Filling up the DagBag from /opt/airflow/dags/player_data_fetcher_dag.py
[2025-04-30T01:09:40.455+0000] {processor.py:925} INFO - DAG(s) 'gamelog_dag' retrieved from /opt/airflow/dags/player_data_fetcher_dag.py
[2025-04-30T01:09:40.463+0000] {logging_mixin.py:190} INFO - [2025-04-30T01:09:40.463+0000] {dag.py:3239} INFO - Sync 1 DAGs
[2025-04-30T01:09:40.466+0000] {logging_mixin.py:190} INFO - [2025-04-30T01:09:40.466+0000] {dag.py:4180} INFO - Setting next_dagrun for gamelog_dag to None, run_after=None
[2025-04-30T01:09:40.471+0000] {processor.py:208} INFO - Processing /opt/airflow/dags/player_data_fetcher_dag.py took 0.209 seconds
[2025-04-30T01:10:10.635+0000] {processor.py:186} INFO - Started process (PID=94) to work on /opt/airflow/dags/player_data_fetcher_dag.py
[2025-04-30T01:10:10.635+0000] {processor.py:914} INFO - Processing file /opt/airflow/dags/player_data_fetcher_dag.py for tasks to queue
[2025-04-30T01:10:10.636+0000] {logging_mixin.py:190} INFO - [2025-04-30T01:10:10.636+0000] {dagbag.py:588} INFO - Filling up the DagBag from /opt/airflow/dags/player_data_fetcher_dag.py
[2025-04-30T01:10:10.813+0000] {processor.py:925} INFO - DAG(s) 'gamelog_dag' retrieved from /opt/airflow/dags/player_data_fetcher_dag.py
[2025-04-30T01:10:10.820+0000] {logging_mixin.py:190} INFO - [2025-04-30T01:10:10.820+0000] {dag.py:3239} INFO - Sync 1 DAGs
[2025-04-30T01:10:10.824+0000] {logging_mixin.py:190} INFO - [2025-04-30T01:10:10.824+0000] {dag.py:4180} INFO - Setting next_dagrun for gamelog_dag to None, run_after=None
[2025-04-30T01:10:10.829+0000] {processor.py:208} INFO - Processing /opt/airflow/dags/player_data_fetcher_dag.py took 0.197 seconds
[2025-04-30T01:10:41.013+0000] {processor.py:186} INFO - Started process (PID=95) to work on /opt/airflow/dags/player_data_fetcher_dag.py
[2025-04-30T01:10:41.014+0000] {processor.py:914} INFO - Processing file /opt/airflow/dags/player_data_fetcher_dag.py for tasks to queue
[2025-04-30T01:10:41.015+0000] {logging_mixin.py:190} INFO - [2025-04-30T01:10:41.014+0000] {dagbag.py:588} INFO - Filling up the DagBag from /opt/airflow/dags/player_data_fetcher_dag.py
[2025-04-30T01:10:41.199+0000] {processor.py:925} INFO - DAG(s) 'gamelog_dag' retrieved from /opt/airflow/dags/player_data_fetcher_dag.py
[2025-04-30T01:10:41.208+0000] {logging_mixin.py:190} INFO - [2025-04-30T01:10:41.208+0000] {dag.py:3239} INFO - Sync 1 DAGs
[2025-04-30T01:10:41.212+0000] {logging_mixin.py:190} INFO - [2025-04-30T01:10:41.212+0000] {dag.py:4180} INFO - Setting next_dagrun for gamelog_dag to None, run_after=None
[2025-04-30T01:10:41.217+0000] {processor.py:208} INFO - Processing /opt/airflow/dags/player_data_fetcher_dag.py took 0.210 seconds
[2025-04-30T01:11:11.306+0000] {processor.py:186} INFO - Started process (PID=96) to work on /opt/airflow/dags/player_data_fetcher_dag.py
[2025-04-30T01:11:11.307+0000] {processor.py:914} INFO - Processing file /opt/airflow/dags/player_data_fetcher_dag.py for tasks to queue
[2025-04-30T01:11:11.309+0000] {logging_mixin.py:190} INFO - [2025-04-30T01:11:11.308+0000] {dagbag.py:588} INFO - Filling up the DagBag from /opt/airflow/dags/player_data_fetcher_dag.py
[2025-04-30T01:11:11.496+0000] {processor.py:925} INFO - DAG(s) 'gamelog_dag' retrieved from /opt/airflow/dags/player_data_fetcher_dag.py
[2025-04-30T01:11:11.503+0000] {logging_mixin.py:190} INFO - [2025-04-30T01:11:11.503+0000] {dag.py:3239} INFO - Sync 1 DAGs
[2025-04-30T01:11:11.507+0000] {logging_mixin.py:190} INFO - [2025-04-30T01:11:11.507+0000] {dag.py:4180} INFO - Setting next_dagrun for gamelog_dag to None, run_after=None
[2025-04-30T01:11:11.514+0000] {processor.py:208} INFO - Processing /opt/airflow/dags/player_data_fetcher_dag.py took 0.213 seconds
[2025-04-30T01:11:41.782+0000] {processor.py:186} INFO - Started process (PID=97) to work on /opt/airflow/dags/player_data_fetcher_dag.py
[2025-04-30T01:11:41.782+0000] {processor.py:914} INFO - Processing file /opt/airflow/dags/player_data_fetcher_dag.py for tasks to queue
[2025-04-30T01:11:41.783+0000] {logging_mixin.py:190} INFO - [2025-04-30T01:11:41.783+0000] {dagbag.py:588} INFO - Filling up the DagBag from /opt/airflow/dags/player_data_fetcher_dag.py
[2025-04-30T01:11:41.968+0000] {processor.py:925} INFO - DAG(s) 'gamelog_dag' retrieved from /opt/airflow/dags/player_data_fetcher_dag.py
[2025-04-30T01:11:41.976+0000] {logging_mixin.py:190} INFO - [2025-04-30T01:11:41.976+0000] {dag.py:3239} INFO - Sync 1 DAGs
[2025-04-30T01:11:41.981+0000] {logging_mixin.py:190} INFO - [2025-04-30T01:11:41.981+0000] {dag.py:4180} INFO - Setting next_dagrun for gamelog_dag to None, run_after=None
[2025-04-30T01:11:41.986+0000] {processor.py:208} INFO - Processing /opt/airflow/dags/player_data_fetcher_dag.py took 0.210 seconds
[2025-04-30T01:12:12.081+0000] {processor.py:186} INFO - Started process (PID=98) to work on /opt/airflow/dags/player_data_fetcher_dag.py
[2025-04-30T01:12:12.082+0000] {processor.py:914} INFO - Processing file /opt/airflow/dags/player_data_fetcher_dag.py for tasks to queue
[2025-04-30T01:12:12.082+0000] {logging_mixin.py:190} INFO - [2025-04-30T01:12:12.082+0000] {dagbag.py:588} INFO - Filling up the DagBag from /opt/airflow/dags/player_data_fetcher_dag.py
[2025-04-30T01:12:12.265+0000] {processor.py:925} INFO - DAG(s) 'gamelog_dag' retrieved from /opt/airflow/dags/player_data_fetcher_dag.py
[2025-04-30T01:12:12.273+0000] {logging_mixin.py:190} INFO - [2025-04-30T01:12:12.273+0000] {dag.py:3239} INFO - Sync 1 DAGs
[2025-04-30T01:12:12.276+0000] {logging_mixin.py:190} INFO - [2025-04-30T01:12:12.276+0000] {dag.py:4180} INFO - Setting next_dagrun for gamelog_dag to None, run_after=None
[2025-04-30T01:12:12.282+0000] {processor.py:208} INFO - Processing /opt/airflow/dags/player_data_fetcher_dag.py took 0.205 seconds
[2025-04-30T01:12:42.506+0000] {processor.py:186} INFO - Started process (PID=99) to work on /opt/airflow/dags/player_data_fetcher_dag.py
[2025-04-30T01:12:42.507+0000] {processor.py:914} INFO - Processing file /opt/airflow/dags/player_data_fetcher_dag.py for tasks to queue
[2025-04-30T01:12:42.507+0000] {logging_mixin.py:190} INFO - [2025-04-30T01:12:42.507+0000] {dagbag.py:588} INFO - Filling up the DagBag from /opt/airflow/dags/player_data_fetcher_dag.py
[2025-04-30T01:12:42.716+0000] {processor.py:925} INFO - DAG(s) 'gamelog_dag' retrieved from /opt/airflow/dags/player_data_fetcher_dag.py
[2025-04-30T01:12:42.726+0000] {logging_mixin.py:190} INFO - [2025-04-30T01:12:42.726+0000] {dag.py:3239} INFO - Sync 1 DAGs
[2025-04-30T01:12:42.732+0000] {logging_mixin.py:190} INFO - [2025-04-30T01:12:42.731+0000] {dag.py:4180} INFO - Setting next_dagrun for gamelog_dag to None, run_after=None
[2025-04-30T01:12:42.738+0000] {processor.py:208} INFO - Processing /opt/airflow/dags/player_data_fetcher_dag.py took 0.236 seconds
[2025-04-30T01:13:12.854+0000] {processor.py:186} INFO - Started process (PID=100) to work on /opt/airflow/dags/player_data_fetcher_dag.py
[2025-04-30T01:13:12.855+0000] {processor.py:914} INFO - Processing file /opt/airflow/dags/player_data_fetcher_dag.py for tasks to queue
[2025-04-30T01:13:12.855+0000] {logging_mixin.py:190} INFO - [2025-04-30T01:13:12.855+0000] {dagbag.py:588} INFO - Filling up the DagBag from /opt/airflow/dags/player_data_fetcher_dag.py
[2025-04-30T01:13:13.028+0000] {processor.py:925} INFO - DAG(s) 'gamelog_dag' retrieved from /opt/airflow/dags/player_data_fetcher_dag.py
[2025-04-30T01:13:13.036+0000] {logging_mixin.py:190} INFO - [2025-04-30T01:13:13.036+0000] {dag.py:3239} INFO - Sync 1 DAGs
[2025-04-30T01:13:13.040+0000] {logging_mixin.py:190} INFO - [2025-04-30T01:13:13.040+0000] {dag.py:4180} INFO - Setting next_dagrun for gamelog_dag to None, run_after=None
[2025-04-30T01:13:13.045+0000] {processor.py:208} INFO - Processing /opt/airflow/dags/player_data_fetcher_dag.py took 0.194 seconds
[2025-04-30T01:13:43.404+0000] {processor.py:186} INFO - Started process (PID=101) to work on /opt/airflow/dags/player_data_fetcher_dag.py
[2025-04-30T01:13:43.405+0000] {processor.py:914} INFO - Processing file /opt/airflow/dags/player_data_fetcher_dag.py for tasks to queue
[2025-04-30T01:13:43.406+0000] {logging_mixin.py:190} INFO - [2025-04-30T01:13:43.406+0000] {dagbag.py:588} INFO - Filling up the DagBag from /opt/airflow/dags/player_data_fetcher_dag.py
[2025-04-30T01:13:43.591+0000] {processor.py:925} INFO - DAG(s) 'gamelog_dag' retrieved from /opt/airflow/dags/player_data_fetcher_dag.py
[2025-04-30T01:13:43.599+0000] {logging_mixin.py:190} INFO - [2025-04-30T01:13:43.598+0000] {dag.py:3239} INFO - Sync 1 DAGs
[2025-04-30T01:13:43.602+0000] {logging_mixin.py:190} INFO - [2025-04-30T01:13:43.602+0000] {dag.py:4180} INFO - Setting next_dagrun for gamelog_dag to None, run_after=None
[2025-04-30T01:13:43.608+0000] {processor.py:208} INFO - Processing /opt/airflow/dags/player_data_fetcher_dag.py took 0.212 seconds
[2025-04-30T01:14:13.764+0000] {processor.py:186} INFO - Started process (PID=102) to work on /opt/airflow/dags/player_data_fetcher_dag.py
[2025-04-30T01:14:13.766+0000] {processor.py:914} INFO - Processing file /opt/airflow/dags/player_data_fetcher_dag.py for tasks to queue
[2025-04-30T01:14:13.767+0000] {logging_mixin.py:190} INFO - [2025-04-30T01:14:13.766+0000] {dagbag.py:588} INFO - Filling up the DagBag from /opt/airflow/dags/player_data_fetcher_dag.py
[2025-04-30T01:14:13.951+0000] {processor.py:925} INFO - DAG(s) 'gamelog_dag' retrieved from /opt/airflow/dags/player_data_fetcher_dag.py
[2025-04-30T01:14:13.959+0000] {logging_mixin.py:190} INFO - [2025-04-30T01:14:13.959+0000] {dag.py:3239} INFO - Sync 1 DAGs
[2025-04-30T01:14:13.963+0000] {logging_mixin.py:190} INFO - [2025-04-30T01:14:13.963+0000] {dag.py:4180} INFO - Setting next_dagrun for gamelog_dag to None, run_after=None
[2025-04-30T01:14:13.968+0000] {processor.py:208} INFO - Processing /opt/airflow/dags/player_data_fetcher_dag.py took 0.210 seconds
[2025-04-30T01:14:44.305+0000] {processor.py:186} INFO - Started process (PID=103) to work on /opt/airflow/dags/player_data_fetcher_dag.py
[2025-04-30T01:14:44.306+0000] {processor.py:914} INFO - Processing file /opt/airflow/dags/player_data_fetcher_dag.py for tasks to queue
[2025-04-30T01:14:44.308+0000] {logging_mixin.py:190} INFO - [2025-04-30T01:14:44.307+0000] {dagbag.py:588} INFO - Filling up the DagBag from /opt/airflow/dags/player_data_fetcher_dag.py
[2025-04-30T01:14:44.493+0000] {processor.py:925} INFO - DAG(s) 'gamelog_dag' retrieved from /opt/airflow/dags/player_data_fetcher_dag.py
[2025-04-30T01:14:44.501+0000] {logging_mixin.py:190} INFO - [2025-04-30T01:14:44.501+0000] {dag.py:3239} INFO - Sync 1 DAGs
[2025-04-30T01:14:44.505+0000] {logging_mixin.py:190} INFO - [2025-04-30T01:14:44.505+0000] {dag.py:4180} INFO - Setting next_dagrun for gamelog_dag to None, run_after=None
[2025-04-30T01:14:44.510+0000] {processor.py:208} INFO - Processing /opt/airflow/dags/player_data_fetcher_dag.py took 0.212 seconds
[2025-04-30T01:15:14.698+0000] {processor.py:186} INFO - Started process (PID=104) to work on /opt/airflow/dags/player_data_fetcher_dag.py
[2025-04-30T01:15:14.699+0000] {processor.py:914} INFO - Processing file /opt/airflow/dags/player_data_fetcher_dag.py for tasks to queue
[2025-04-30T01:15:14.701+0000] {logging_mixin.py:190} INFO - [2025-04-30T01:15:14.701+0000] {dagbag.py:588} INFO - Filling up the DagBag from /opt/airflow/dags/player_data_fetcher_dag.py
[2025-04-30T01:15:14.890+0000] {processor.py:925} INFO - DAG(s) 'gamelog_dag' retrieved from /opt/airflow/dags/player_data_fetcher_dag.py
[2025-04-30T01:15:14.899+0000] {logging_mixin.py:190} INFO - [2025-04-30T01:15:14.899+0000] {dag.py:3239} INFO - Sync 1 DAGs
[2025-04-30T01:15:14.902+0000] {logging_mixin.py:190} INFO - [2025-04-30T01:15:14.902+0000] {dag.py:4180} INFO - Setting next_dagrun for gamelog_dag to None, run_after=None
[2025-04-30T01:15:14.907+0000] {processor.py:208} INFO - Processing /opt/airflow/dags/player_data_fetcher_dag.py took 0.218 seconds
[2025-04-30T01:15:45.221+0000] {processor.py:186} INFO - Started process (PID=105) to work on /opt/airflow/dags/player_data_fetcher_dag.py
[2025-04-30T01:15:45.222+0000] {processor.py:914} INFO - Processing file /opt/airflow/dags/player_data_fetcher_dag.py for tasks to queue
[2025-04-30T01:15:45.223+0000] {logging_mixin.py:190} INFO - [2025-04-30T01:15:45.222+0000] {dagbag.py:588} INFO - Filling up the DagBag from /opt/airflow/dags/player_data_fetcher_dag.py
[2025-04-30T01:15:45.408+0000] {processor.py:925} INFO - DAG(s) 'gamelog_dag' retrieved from /opt/airflow/dags/player_data_fetcher_dag.py
[2025-04-30T01:15:45.415+0000] {logging_mixin.py:190} INFO - [2025-04-30T01:15:45.415+0000] {dag.py:3239} INFO - Sync 1 DAGs
[2025-04-30T01:15:45.418+0000] {logging_mixin.py:190} INFO - [2025-04-30T01:15:45.418+0000] {dag.py:4180} INFO - Setting next_dagrun for gamelog_dag to None, run_after=None
[2025-04-30T01:15:45.423+0000] {processor.py:208} INFO - Processing /opt/airflow/dags/player_data_fetcher_dag.py took 0.208 seconds
[2025-04-30T01:16:15.606+0000] {processor.py:186} INFO - Started process (PID=106) to work on /opt/airflow/dags/player_data_fetcher_dag.py
[2025-04-30T01:16:15.607+0000] {processor.py:914} INFO - Processing file /opt/airflow/dags/player_data_fetcher_dag.py for tasks to queue
[2025-04-30T01:16:15.607+0000] {logging_mixin.py:190} INFO - [2025-04-30T01:16:15.607+0000] {dagbag.py:588} INFO - Filling up the DagBag from /opt/airflow/dags/player_data_fetcher_dag.py
[2025-04-30T01:16:15.790+0000] {processor.py:925} INFO - DAG(s) 'gamelog_dag' retrieved from /opt/airflow/dags/player_data_fetcher_dag.py
[2025-04-30T01:16:15.797+0000] {logging_mixin.py:190} INFO - [2025-04-30T01:16:15.797+0000] {dag.py:3239} INFO - Sync 1 DAGs
[2025-04-30T01:16:15.801+0000] {logging_mixin.py:190} INFO - [2025-04-30T01:16:15.801+0000] {dag.py:4180} INFO - Setting next_dagrun for gamelog_dag to None, run_after=None
[2025-04-30T01:16:15.805+0000] {processor.py:208} INFO - Processing /opt/airflow/dags/player_data_fetcher_dag.py took 0.205 seconds
[2025-04-30T01:16:46.005+0000] {processor.py:186} INFO - Started process (PID=107) to work on /opt/airflow/dags/player_data_fetcher_dag.py
[2025-04-30T01:16:46.006+0000] {processor.py:914} INFO - Processing file /opt/airflow/dags/player_data_fetcher_dag.py for tasks to queue
[2025-04-30T01:16:46.006+0000] {logging_mixin.py:190} INFO - [2025-04-30T01:16:46.006+0000] {dagbag.py:588} INFO - Filling up the DagBag from /opt/airflow/dags/player_data_fetcher_dag.py
[2025-04-30T01:16:46.187+0000] {processor.py:925} INFO - DAG(s) 'gamelog_dag' retrieved from /opt/airflow/dags/player_data_fetcher_dag.py
[2025-04-30T01:16:46.194+0000] {logging_mixin.py:190} INFO - [2025-04-30T01:16:46.194+0000] {dag.py:3239} INFO - Sync 1 DAGs
[2025-04-30T01:16:46.198+0000] {logging_mixin.py:190} INFO - [2025-04-30T01:16:46.198+0000] {dag.py:4180} INFO - Setting next_dagrun for gamelog_dag to None, run_after=None
[2025-04-30T01:16:46.203+0000] {processor.py:208} INFO - Processing /opt/airflow/dags/player_data_fetcher_dag.py took 0.205 seconds
[2025-04-30T01:17:16.451+0000] {processor.py:186} INFO - Started process (PID=108) to work on /opt/airflow/dags/player_data_fetcher_dag.py
[2025-04-30T01:17:16.452+0000] {processor.py:914} INFO - Processing file /opt/airflow/dags/player_data_fetcher_dag.py for tasks to queue
[2025-04-30T01:17:16.454+0000] {logging_mixin.py:190} INFO - [2025-04-30T01:17:16.453+0000] {dagbag.py:588} INFO - Filling up the DagBag from /opt/airflow/dags/player_data_fetcher_dag.py
[2025-04-30T01:17:16.643+0000] {processor.py:925} INFO - DAG(s) 'gamelog_dag' retrieved from /opt/airflow/dags/player_data_fetcher_dag.py
[2025-04-30T01:17:16.650+0000] {logging_mixin.py:190} INFO - [2025-04-30T01:17:16.650+0000] {dag.py:3239} INFO - Sync 1 DAGs
[2025-04-30T01:17:16.654+0000] {logging_mixin.py:190} INFO - [2025-04-30T01:17:16.654+0000] {dag.py:4180} INFO - Setting next_dagrun for gamelog_dag to None, run_after=None
[2025-04-30T01:17:16.659+0000] {processor.py:208} INFO - Processing /opt/airflow/dags/player_data_fetcher_dag.py took 0.216 seconds
[2025-04-30T01:17:46.939+0000] {processor.py:186} INFO - Started process (PID=109) to work on /opt/airflow/dags/player_data_fetcher_dag.py
[2025-04-30T01:17:46.940+0000] {processor.py:914} INFO - Processing file /opt/airflow/dags/player_data_fetcher_dag.py for tasks to queue
[2025-04-30T01:17:46.942+0000] {logging_mixin.py:190} INFO - [2025-04-30T01:17:46.941+0000] {dagbag.py:588} INFO - Filling up the DagBag from /opt/airflow/dags/player_data_fetcher_dag.py
[2025-04-30T01:17:47.128+0000] {processor.py:925} INFO - DAG(s) 'gamelog_dag' retrieved from /opt/airflow/dags/player_data_fetcher_dag.py
[2025-04-30T01:17:47.136+0000] {logging_mixin.py:190} INFO - [2025-04-30T01:17:47.135+0000] {dag.py:3239} INFO - Sync 1 DAGs
[2025-04-30T01:17:47.139+0000] {logging_mixin.py:190} INFO - [2025-04-30T01:17:47.139+0000] {dag.py:4180} INFO - Setting next_dagrun for gamelog_dag to None, run_after=None
[2025-04-30T01:17:47.145+0000] {processor.py:208} INFO - Processing /opt/airflow/dags/player_data_fetcher_dag.py took 0.213 seconds
[2025-04-30T01:18:17.415+0000] {processor.py:186} INFO - Started process (PID=110) to work on /opt/airflow/dags/player_data_fetcher_dag.py
[2025-04-30T01:18:17.417+0000] {processor.py:914} INFO - Processing file /opt/airflow/dags/player_data_fetcher_dag.py for tasks to queue
[2025-04-30T01:18:17.418+0000] {logging_mixin.py:190} INFO - [2025-04-30T01:18:17.417+0000] {dagbag.py:588} INFO - Filling up the DagBag from /opt/airflow/dags/player_data_fetcher_dag.py
[2025-04-30T01:18:17.605+0000] {processor.py:925} INFO - DAG(s) 'gamelog_dag' retrieved from /opt/airflow/dags/player_data_fetcher_dag.py
[2025-04-30T01:18:17.612+0000] {logging_mixin.py:190} INFO - [2025-04-30T01:18:17.612+0000] {dag.py:3239} INFO - Sync 1 DAGs
[2025-04-30T01:18:17.616+0000] {logging_mixin.py:190} INFO - [2025-04-30T01:18:17.616+0000] {dag.py:4180} INFO - Setting next_dagrun for gamelog_dag to None, run_after=None
[2025-04-30T01:18:17.621+0000] {processor.py:208} INFO - Processing /opt/airflow/dags/player_data_fetcher_dag.py took 0.214 seconds
[2025-04-30T01:18:47.827+0000] {processor.py:186} INFO - Started process (PID=111) to work on /opt/airflow/dags/player_data_fetcher_dag.py
[2025-04-30T01:18:47.829+0000] {processor.py:914} INFO - Processing file /opt/airflow/dags/player_data_fetcher_dag.py for tasks to queue
[2025-04-30T01:18:47.830+0000] {logging_mixin.py:190} INFO - [2025-04-30T01:18:47.830+0000] {dagbag.py:588} INFO - Filling up the DagBag from /opt/airflow/dags/player_data_fetcher_dag.py
[2025-04-30T01:18:48.018+0000] {processor.py:925} INFO - DAG(s) 'gamelog_dag' retrieved from /opt/airflow/dags/player_data_fetcher_dag.py
[2025-04-30T01:18:48.025+0000] {logging_mixin.py:190} INFO - [2025-04-30T01:18:48.025+0000] {dag.py:3239} INFO - Sync 1 DAGs
[2025-04-30T01:18:48.029+0000] {logging_mixin.py:190} INFO - [2025-04-30T01:18:48.028+0000] {dag.py:4180} INFO - Setting next_dagrun for gamelog_dag to None, run_after=None
[2025-04-30T01:18:48.034+0000] {processor.py:208} INFO - Processing /opt/airflow/dags/player_data_fetcher_dag.py took 0.215 seconds
[2025-04-30T01:19:18.353+0000] {processor.py:186} INFO - Started process (PID=112) to work on /opt/airflow/dags/player_data_fetcher_dag.py
[2025-04-30T01:19:18.354+0000] {processor.py:914} INFO - Processing file /opt/airflow/dags/player_data_fetcher_dag.py for tasks to queue
[2025-04-30T01:19:18.356+0000] {logging_mixin.py:190} INFO - [2025-04-30T01:19:18.355+0000] {dagbag.py:588} INFO - Filling up the DagBag from /opt/airflow/dags/player_data_fetcher_dag.py
[2025-04-30T01:19:18.545+0000] {processor.py:925} INFO - DAG(s) 'gamelog_dag' retrieved from /opt/airflow/dags/player_data_fetcher_dag.py
[2025-04-30T01:19:18.552+0000] {logging_mixin.py:190} INFO - [2025-04-30T01:19:18.552+0000] {dag.py:3239} INFO - Sync 1 DAGs
[2025-04-30T01:19:18.556+0000] {logging_mixin.py:190} INFO - [2025-04-30T01:19:18.556+0000] {dag.py:4180} INFO - Setting next_dagrun for gamelog_dag to None, run_after=None
[2025-04-30T01:19:18.561+0000] {processor.py:208} INFO - Processing /opt/airflow/dags/player_data_fetcher_dag.py took 0.215 seconds
[2025-04-30T01:19:48.737+0000] {processor.py:186} INFO - Started process (PID=113) to work on /opt/airflow/dags/player_data_fetcher_dag.py
[2025-04-30T01:19:48.738+0000] {processor.py:914} INFO - Processing file /opt/airflow/dags/player_data_fetcher_dag.py for tasks to queue
[2025-04-30T01:19:48.739+0000] {logging_mixin.py:190} INFO - [2025-04-30T01:19:48.739+0000] {dagbag.py:588} INFO - Filling up the DagBag from /opt/airflow/dags/player_data_fetcher_dag.py
[2025-04-30T01:19:48.920+0000] {processor.py:925} INFO - DAG(s) 'gamelog_dag' retrieved from /opt/airflow/dags/player_data_fetcher_dag.py
[2025-04-30T01:19:48.927+0000] {logging_mixin.py:190} INFO - [2025-04-30T01:19:48.927+0000] {dag.py:3239} INFO - Sync 1 DAGs
[2025-04-30T01:19:48.931+0000] {logging_mixin.py:190} INFO - [2025-04-30T01:19:48.931+0000] {dag.py:4180} INFO - Setting next_dagrun for gamelog_dag to None, run_after=None
[2025-04-30T01:19:48.936+0000] {processor.py:208} INFO - Processing /opt/airflow/dags/player_data_fetcher_dag.py took 0.207 seconds
[2025-04-30T01:20:19.240+0000] {processor.py:186} INFO - Started process (PID=114) to work on /opt/airflow/dags/player_data_fetcher_dag.py
[2025-04-30T01:20:19.241+0000] {processor.py:914} INFO - Processing file /opt/airflow/dags/player_data_fetcher_dag.py for tasks to queue
[2025-04-30T01:20:19.242+0000] {logging_mixin.py:190} INFO - [2025-04-30T01:20:19.241+0000] {dagbag.py:588} INFO - Filling up the DagBag from /opt/airflow/dags/player_data_fetcher_dag.py
[2025-04-30T01:20:19.432+0000] {processor.py:925} INFO - DAG(s) 'gamelog_dag' retrieved from /opt/airflow/dags/player_data_fetcher_dag.py
[2025-04-30T01:20:19.439+0000] {logging_mixin.py:190} INFO - [2025-04-30T01:20:19.439+0000] {dag.py:3239} INFO - Sync 1 DAGs
[2025-04-30T01:20:19.443+0000] {logging_mixin.py:190} INFO - [2025-04-30T01:20:19.443+0000] {dag.py:4180} INFO - Setting next_dagrun for gamelog_dag to None, run_after=None
[2025-04-30T01:20:19.448+0000] {processor.py:208} INFO - Processing /opt/airflow/dags/player_data_fetcher_dag.py took 0.216 seconds
[2025-04-30T01:20:49.633+0000] {processor.py:186} INFO - Started process (PID=115) to work on /opt/airflow/dags/player_data_fetcher_dag.py
[2025-04-30T01:20:49.634+0000] {processor.py:914} INFO - Processing file /opt/airflow/dags/player_data_fetcher_dag.py for tasks to queue
[2025-04-30T01:20:49.635+0000] {logging_mixin.py:190} INFO - [2025-04-30T01:20:49.635+0000] {dagbag.py:588} INFO - Filling up the DagBag from /opt/airflow/dags/player_data_fetcher_dag.py
[2025-04-30T01:20:49.821+0000] {processor.py:925} INFO - DAG(s) 'gamelog_dag' retrieved from /opt/airflow/dags/player_data_fetcher_dag.py
[2025-04-30T01:20:49.829+0000] {logging_mixin.py:190} INFO - [2025-04-30T01:20:49.828+0000] {dag.py:3239} INFO - Sync 1 DAGs
[2025-04-30T01:20:49.832+0000] {logging_mixin.py:190} INFO - [2025-04-30T01:20:49.832+0000] {dag.py:4180} INFO - Setting next_dagrun for gamelog_dag to None, run_after=None
[2025-04-30T01:20:49.837+0000] {processor.py:208} INFO - Processing /opt/airflow/dags/player_data_fetcher_dag.py took 0.212 seconds
[2025-04-30T01:21:20.181+0000] {processor.py:186} INFO - Started process (PID=116) to work on /opt/airflow/dags/player_data_fetcher_dag.py
[2025-04-30T01:21:20.182+0000] {processor.py:914} INFO - Processing file /opt/airflow/dags/player_data_fetcher_dag.py for tasks to queue
[2025-04-30T01:21:20.184+0000] {logging_mixin.py:190} INFO - [2025-04-30T01:21:20.183+0000] {dagbag.py:588} INFO - Filling up the DagBag from /opt/airflow/dags/player_data_fetcher_dag.py
[2025-04-30T01:21:20.381+0000] {processor.py:925} INFO - DAG(s) 'gamelog_dag' retrieved from /opt/airflow/dags/player_data_fetcher_dag.py
[2025-04-30T01:21:20.390+0000] {logging_mixin.py:190} INFO - [2025-04-30T01:21:20.390+0000] {dag.py:3239} INFO - Sync 1 DAGs
[2025-04-30T01:21:20.395+0000] {logging_mixin.py:190} INFO - [2025-04-30T01:21:20.395+0000] {dag.py:4180} INFO - Setting next_dagrun for gamelog_dag to None, run_after=None
[2025-04-30T01:21:20.409+0000] {processor.py:208} INFO - Processing /opt/airflow/dags/player_data_fetcher_dag.py took 0.236 seconds
[2025-04-30T01:21:50.439+0000] {processor.py:186} INFO - Started process (PID=117) to work on /opt/airflow/dags/player_data_fetcher_dag.py
[2025-04-30T01:21:50.439+0000] {processor.py:914} INFO - Processing file /opt/airflow/dags/player_data_fetcher_dag.py for tasks to queue
[2025-04-30T01:21:50.440+0000] {logging_mixin.py:190} INFO - [2025-04-30T01:21:50.440+0000] {dagbag.py:588} INFO - Filling up the DagBag from /opt/airflow/dags/player_data_fetcher_dag.py
[2025-04-30T01:21:50.639+0000] {processor.py:925} INFO - DAG(s) 'gamelog_dag' retrieved from /opt/airflow/dags/player_data_fetcher_dag.py
[2025-04-30T01:21:50.647+0000] {logging_mixin.py:190} INFO - [2025-04-30T01:21:50.647+0000] {dag.py:3239} INFO - Sync 1 DAGs
[2025-04-30T01:21:50.650+0000] {logging_mixin.py:190} INFO - [2025-04-30T01:21:50.650+0000] {dag.py:4180} INFO - Setting next_dagrun for gamelog_dag to None, run_after=None
[2025-04-30T01:21:50.656+0000] {processor.py:208} INFO - Processing /opt/airflow/dags/player_data_fetcher_dag.py took 0.220 seconds
[2025-04-30T01:22:20.738+0000] {processor.py:186} INFO - Started process (PID=118) to work on /opt/airflow/dags/player_data_fetcher_dag.py
[2025-04-30T01:22:20.740+0000] {processor.py:914} INFO - Processing file /opt/airflow/dags/player_data_fetcher_dag.py for tasks to queue
[2025-04-30T01:22:20.741+0000] {logging_mixin.py:190} INFO - [2025-04-30T01:22:20.740+0000] {dagbag.py:588} INFO - Filling up the DagBag from /opt/airflow/dags/player_data_fetcher_dag.py
[2025-04-30T01:22:20.926+0000] {processor.py:925} INFO - DAG(s) 'gamelog_dag' retrieved from /opt/airflow/dags/player_data_fetcher_dag.py
[2025-04-30T01:22:20.933+0000] {logging_mixin.py:190} INFO - [2025-04-30T01:22:20.933+0000] {dag.py:3239} INFO - Sync 1 DAGs
[2025-04-30T01:22:20.937+0000] {logging_mixin.py:190} INFO - [2025-04-30T01:22:20.937+0000] {dag.py:4180} INFO - Setting next_dagrun for gamelog_dag to None, run_after=None
[2025-04-30T01:22:20.943+0000] {processor.py:208} INFO - Processing /opt/airflow/dags/player_data_fetcher_dag.py took 0.210 seconds
[2025-04-30T01:22:51.140+0000] {processor.py:186} INFO - Started process (PID=119) to work on /opt/airflow/dags/player_data_fetcher_dag.py
[2025-04-30T01:22:51.140+0000] {processor.py:914} INFO - Processing file /opt/airflow/dags/player_data_fetcher_dag.py for tasks to queue
[2025-04-30T01:22:51.141+0000] {logging_mixin.py:190} INFO - [2025-04-30T01:22:51.141+0000] {dagbag.py:588} INFO - Filling up the DagBag from /opt/airflow/dags/player_data_fetcher_dag.py
[2025-04-30T01:22:51.319+0000] {processor.py:925} INFO - DAG(s) 'gamelog_dag' retrieved from /opt/airflow/dags/player_data_fetcher_dag.py
[2025-04-30T01:22:51.326+0000] {logging_mixin.py:190} INFO - [2025-04-30T01:22:51.326+0000] {dag.py:3239} INFO - Sync 1 DAGs
[2025-04-30T01:22:51.330+0000] {logging_mixin.py:190} INFO - [2025-04-30T01:22:51.330+0000] {dag.py:4180} INFO - Setting next_dagrun for gamelog_dag to None, run_after=None
[2025-04-30T01:22:51.335+0000] {processor.py:208} INFO - Processing /opt/airflow/dags/player_data_fetcher_dag.py took 0.198 seconds
[2025-04-30T01:23:21.411+0000] {processor.py:186} INFO - Started process (PID=120) to work on /opt/airflow/dags/player_data_fetcher_dag.py
[2025-04-30T01:23:21.412+0000] {processor.py:914} INFO - Processing file /opt/airflow/dags/player_data_fetcher_dag.py for tasks to queue
[2025-04-30T01:23:21.413+0000] {logging_mixin.py:190} INFO - [2025-04-30T01:23:21.413+0000] {dagbag.py:588} INFO - Filling up the DagBag from /opt/airflow/dags/player_data_fetcher_dag.py
[2025-04-30T01:23:21.605+0000] {processor.py:925} INFO - DAG(s) 'gamelog_dag' retrieved from /opt/airflow/dags/player_data_fetcher_dag.py
[2025-04-30T01:23:21.612+0000] {logging_mixin.py:190} INFO - [2025-04-30T01:23:21.612+0000] {dag.py:3239} INFO - Sync 1 DAGs
[2025-04-30T01:23:21.616+0000] {logging_mixin.py:190} INFO - [2025-04-30T01:23:21.616+0000] {dag.py:4180} INFO - Setting next_dagrun for gamelog_dag to None, run_after=None
[2025-04-30T01:23:21.621+0000] {processor.py:208} INFO - Processing /opt/airflow/dags/player_data_fetcher_dag.py took 0.216 seconds
[2025-04-30T01:23:51.841+0000] {processor.py:186} INFO - Started process (PID=121) to work on /opt/airflow/dags/player_data_fetcher_dag.py
[2025-04-30T01:23:51.841+0000] {processor.py:914} INFO - Processing file /opt/airflow/dags/player_data_fetcher_dag.py for tasks to queue
[2025-04-30T01:23:51.842+0000] {logging_mixin.py:190} INFO - [2025-04-30T01:23:51.842+0000] {dagbag.py:588} INFO - Filling up the DagBag from /opt/airflow/dags/player_data_fetcher_dag.py
[2025-04-30T01:23:52.029+0000] {processor.py:925} INFO - DAG(s) 'gamelog_dag' retrieved from /opt/airflow/dags/player_data_fetcher_dag.py
[2025-04-30T01:23:52.037+0000] {logging_mixin.py:190} INFO - [2025-04-30T01:23:52.036+0000] {dag.py:3239} INFO - Sync 1 DAGs
[2025-04-30T01:23:52.040+0000] {logging_mixin.py:190} INFO - [2025-04-30T01:23:52.040+0000] {dag.py:4180} INFO - Setting next_dagrun for gamelog_dag to None, run_after=None
[2025-04-30T01:23:52.046+0000] {processor.py:208} INFO - Processing /opt/airflow/dags/player_data_fetcher_dag.py took 0.211 seconds
[2025-04-30T01:24:22.163+0000] {processor.py:186} INFO - Started process (PID=122) to work on /opt/airflow/dags/player_data_fetcher_dag.py
[2025-04-30T01:24:22.164+0000] {processor.py:914} INFO - Processing file /opt/airflow/dags/player_data_fetcher_dag.py for tasks to queue
[2025-04-30T01:24:22.165+0000] {logging_mixin.py:190} INFO - [2025-04-30T01:24:22.165+0000] {dagbag.py:588} INFO - Filling up the DagBag from /opt/airflow/dags/player_data_fetcher_dag.py
[2025-04-30T01:24:22.354+0000] {processor.py:925} INFO - DAG(s) 'gamelog_dag' retrieved from /opt/airflow/dags/player_data_fetcher_dag.py
[2025-04-30T01:24:22.361+0000] {logging_mixin.py:190} INFO - [2025-04-30T01:24:22.361+0000] {dag.py:3239} INFO - Sync 1 DAGs
[2025-04-30T01:24:22.365+0000] {logging_mixin.py:190} INFO - [2025-04-30T01:24:22.365+0000] {dag.py:4180} INFO - Setting next_dagrun for gamelog_dag to None, run_after=None
[2025-04-30T01:24:22.370+0000] {processor.py:208} INFO - Processing /opt/airflow/dags/player_data_fetcher_dag.py took 0.212 seconds
[2025-04-30T01:24:52.605+0000] {processor.py:186} INFO - Started process (PID=123) to work on /opt/airflow/dags/player_data_fetcher_dag.py
[2025-04-30T01:24:52.606+0000] {processor.py:914} INFO - Processing file /opt/airflow/dags/player_data_fetcher_dag.py for tasks to queue
[2025-04-30T01:24:52.607+0000] {logging_mixin.py:190} INFO - [2025-04-30T01:24:52.606+0000] {dagbag.py:588} INFO - Filling up the DagBag from /opt/airflow/dags/player_data_fetcher_dag.py
[2025-04-30T01:24:52.791+0000] {processor.py:925} INFO - DAG(s) 'gamelog_dag' retrieved from /opt/airflow/dags/player_data_fetcher_dag.py
[2025-04-30T01:24:52.799+0000] {logging_mixin.py:190} INFO - [2025-04-30T01:24:52.799+0000] {dag.py:3239} INFO - Sync 1 DAGs
[2025-04-30T01:24:52.802+0000] {logging_mixin.py:190} INFO - [2025-04-30T01:24:52.802+0000] {dag.py:4180} INFO - Setting next_dagrun for gamelog_dag to None, run_after=None
[2025-04-30T01:24:52.807+0000] {processor.py:208} INFO - Processing /opt/airflow/dags/player_data_fetcher_dag.py took 0.208 seconds
[2025-04-30T01:25:22.966+0000] {processor.py:186} INFO - Started process (PID=124) to work on /opt/airflow/dags/player_data_fetcher_dag.py
[2025-04-30T01:25:22.967+0000] {processor.py:914} INFO - Processing file /opt/airflow/dags/player_data_fetcher_dag.py for tasks to queue
[2025-04-30T01:25:22.968+0000] {logging_mixin.py:190} INFO - [2025-04-30T01:25:22.968+0000] {dagbag.py:588} INFO - Filling up the DagBag from /opt/airflow/dags/player_data_fetcher_dag.py
[2025-04-30T01:25:23.153+0000] {processor.py:925} INFO - DAG(s) 'gamelog_dag' retrieved from /opt/airflow/dags/player_data_fetcher_dag.py
[2025-04-30T01:25:23.161+0000] {logging_mixin.py:190} INFO - [2025-04-30T01:25:23.160+0000] {dag.py:3239} INFO - Sync 1 DAGs
[2025-04-30T01:25:23.165+0000] {logging_mixin.py:190} INFO - [2025-04-30T01:25:23.165+0000] {dag.py:4180} INFO - Setting next_dagrun for gamelog_dag to None, run_after=None
[2025-04-30T01:25:23.170+0000] {processor.py:208} INFO - Processing /opt/airflow/dags/player_data_fetcher_dag.py took 0.209 seconds
[2025-04-30T01:25:53.343+0000] {processor.py:186} INFO - Started process (PID=125) to work on /opt/airflow/dags/player_data_fetcher_dag.py
[2025-04-30T01:25:53.344+0000] {processor.py:914} INFO - Processing file /opt/airflow/dags/player_data_fetcher_dag.py for tasks to queue
[2025-04-30T01:25:53.345+0000] {logging_mixin.py:190} INFO - [2025-04-30T01:25:53.344+0000] {dagbag.py:588} INFO - Filling up the DagBag from /opt/airflow/dags/player_data_fetcher_dag.py
[2025-04-30T01:25:53.533+0000] {processor.py:925} INFO - DAG(s) 'gamelog_dag' retrieved from /opt/airflow/dags/player_data_fetcher_dag.py
[2025-04-30T01:25:53.540+0000] {logging_mixin.py:190} INFO - [2025-04-30T01:25:53.540+0000] {dag.py:3239} INFO - Sync 1 DAGs
[2025-04-30T01:25:53.544+0000] {logging_mixin.py:190} INFO - [2025-04-30T01:25:53.544+0000] {dag.py:4180} INFO - Setting next_dagrun for gamelog_dag to None, run_after=None
[2025-04-30T01:25:53.549+0000] {processor.py:208} INFO - Processing /opt/airflow/dags/player_data_fetcher_dag.py took 0.212 seconds
[2025-04-30T01:26:23.736+0000] {processor.py:186} INFO - Started process (PID=126) to work on /opt/airflow/dags/player_data_fetcher_dag.py
[2025-04-30T01:26:23.737+0000] {processor.py:914} INFO - Processing file /opt/airflow/dags/player_data_fetcher_dag.py for tasks to queue
[2025-04-30T01:26:23.738+0000] {logging_mixin.py:190} INFO - [2025-04-30T01:26:23.738+0000] {dagbag.py:588} INFO - Filling up the DagBag from /opt/airflow/dags/player_data_fetcher_dag.py
[2025-04-30T01:26:23.923+0000] {processor.py:925} INFO - DAG(s) 'gamelog_dag' retrieved from /opt/airflow/dags/player_data_fetcher_dag.py
[2025-04-30T01:26:23.931+0000] {logging_mixin.py:190} INFO - [2025-04-30T01:26:23.930+0000] {dag.py:3239} INFO - Sync 1 DAGs
[2025-04-30T01:26:23.934+0000] {logging_mixin.py:190} INFO - [2025-04-30T01:26:23.934+0000] {dag.py:4180} INFO - Setting next_dagrun for gamelog_dag to None, run_after=None
[2025-04-30T01:26:23.939+0000] {processor.py:208} INFO - Processing /opt/airflow/dags/player_data_fetcher_dag.py took 0.209 seconds
[2025-04-30T01:26:54.015+0000] {processor.py:186} INFO - Started process (PID=127) to work on /opt/airflow/dags/player_data_fetcher_dag.py
[2025-04-30T01:26:54.015+0000] {processor.py:914} INFO - Processing file /opt/airflow/dags/player_data_fetcher_dag.py for tasks to queue
[2025-04-30T01:26:54.016+0000] {logging_mixin.py:190} INFO - [2025-04-30T01:26:54.016+0000] {dagbag.py:588} INFO - Filling up the DagBag from /opt/airflow/dags/player_data_fetcher_dag.py
[2025-04-30T01:26:54.202+0000] {processor.py:925} INFO - DAG(s) 'gamelog_dag' retrieved from /opt/airflow/dags/player_data_fetcher_dag.py
[2025-04-30T01:26:54.212+0000] {logging_mixin.py:190} INFO - [2025-04-30T01:26:54.211+0000] {dag.py:3239} INFO - Sync 1 DAGs
[2025-04-30T01:26:54.216+0000] {logging_mixin.py:190} INFO - [2025-04-30T01:26:54.216+0000] {dag.py:4180} INFO - Setting next_dagrun for gamelog_dag to None, run_after=None
[2025-04-30T01:26:54.221+0000] {processor.py:208} INFO - Processing /opt/airflow/dags/player_data_fetcher_dag.py took 0.212 seconds
[2025-04-30T01:27:24.505+0000] {processor.py:186} INFO - Started process (PID=128) to work on /opt/airflow/dags/player_data_fetcher_dag.py
[2025-04-30T01:27:24.506+0000] {processor.py:914} INFO - Processing file /opt/airflow/dags/player_data_fetcher_dag.py for tasks to queue
[2025-04-30T01:27:24.506+0000] {logging_mixin.py:190} INFO - [2025-04-30T01:27:24.506+0000] {dagbag.py:588} INFO - Filling up the DagBag from /opt/airflow/dags/player_data_fetcher_dag.py
[2025-04-30T01:27:24.684+0000] {processor.py:925} INFO - DAG(s) 'gamelog_dag' retrieved from /opt/airflow/dags/player_data_fetcher_dag.py
[2025-04-30T01:27:24.692+0000] {logging_mixin.py:190} INFO - [2025-04-30T01:27:24.692+0000] {dag.py:3239} INFO - Sync 1 DAGs
[2025-04-30T01:27:24.695+0000] {logging_mixin.py:190} INFO - [2025-04-30T01:27:24.695+0000] {dag.py:4180} INFO - Setting next_dagrun for gamelog_dag to None, run_after=None
[2025-04-30T01:27:24.700+0000] {processor.py:208} INFO - Processing /opt/airflow/dags/player_data_fetcher_dag.py took 0.199 seconds
[2025-04-30T01:27:54.817+0000] {processor.py:186} INFO - Started process (PID=129) to work on /opt/airflow/dags/player_data_fetcher_dag.py
[2025-04-30T01:27:54.818+0000] {processor.py:914} INFO - Processing file /opt/airflow/dags/player_data_fetcher_dag.py for tasks to queue
[2025-04-30T01:27:54.819+0000] {logging_mixin.py:190} INFO - [2025-04-30T01:27:54.819+0000] {dagbag.py:588} INFO - Filling up the DagBag from /opt/airflow/dags/player_data_fetcher_dag.py
[2025-04-30T01:27:55.009+0000] {processor.py:925} INFO - DAG(s) 'gamelog_dag' retrieved from /opt/airflow/dags/player_data_fetcher_dag.py
[2025-04-30T01:27:55.016+0000] {logging_mixin.py:190} INFO - [2025-04-30T01:27:55.016+0000] {dag.py:3239} INFO - Sync 1 DAGs
[2025-04-30T01:27:55.020+0000] {logging_mixin.py:190} INFO - [2025-04-30T01:27:55.020+0000] {dag.py:4180} INFO - Setting next_dagrun for gamelog_dag to None, run_after=None
[2025-04-30T01:27:55.025+0000] {processor.py:208} INFO - Processing /opt/airflow/dags/player_data_fetcher_dag.py took 0.214 seconds
[2025-04-30T01:28:25.254+0000] {processor.py:186} INFO - Started process (PID=130) to work on /opt/airflow/dags/player_data_fetcher_dag.py
[2025-04-30T01:28:25.254+0000] {processor.py:914} INFO - Processing file /opt/airflow/dags/player_data_fetcher_dag.py for tasks to queue
[2025-04-30T01:28:25.255+0000] {logging_mixin.py:190} INFO - [2025-04-30T01:28:25.255+0000] {dagbag.py:588} INFO - Filling up the DagBag from /opt/airflow/dags/player_data_fetcher_dag.py
[2025-04-30T01:28:25.447+0000] {processor.py:925} INFO - DAG(s) 'gamelog_dag' retrieved from /opt/airflow/dags/player_data_fetcher_dag.py
[2025-04-30T01:28:25.455+0000] {logging_mixin.py:190} INFO - [2025-04-30T01:28:25.455+0000] {dag.py:3239} INFO - Sync 1 DAGs
[2025-04-30T01:28:25.459+0000] {logging_mixin.py:190} INFO - [2025-04-30T01:28:25.459+0000] {dag.py:4180} INFO - Setting next_dagrun for gamelog_dag to None, run_after=None
[2025-04-30T01:28:25.464+0000] {processor.py:208} INFO - Processing /opt/airflow/dags/player_data_fetcher_dag.py took 0.215 seconds
[2025-04-30T01:28:55.590+0000] {processor.py:186} INFO - Started process (PID=131) to work on /opt/airflow/dags/player_data_fetcher_dag.py
[2025-04-30T01:28:55.591+0000] {processor.py:914} INFO - Processing file /opt/airflow/dags/player_data_fetcher_dag.py for tasks to queue
[2025-04-30T01:28:55.592+0000] {logging_mixin.py:190} INFO - [2025-04-30T01:28:55.591+0000] {dagbag.py:588} INFO - Filling up the DagBag from /opt/airflow/dags/player_data_fetcher_dag.py
[2025-04-30T01:28:55.788+0000] {processor.py:925} INFO - DAG(s) 'gamelog_dag' retrieved from /opt/airflow/dags/player_data_fetcher_dag.py
[2025-04-30T01:28:55.797+0000] {logging_mixin.py:190} INFO - [2025-04-30T01:28:55.797+0000] {dag.py:3239} INFO - Sync 1 DAGs
[2025-04-30T01:28:55.802+0000] {logging_mixin.py:190} INFO - [2025-04-30T01:28:55.801+0000] {dag.py:4180} INFO - Setting next_dagrun for gamelog_dag to None, run_after=None
[2025-04-30T01:28:55.808+0000] {processor.py:208} INFO - Processing /opt/airflow/dags/player_data_fetcher_dag.py took 0.224 seconds
[2025-04-30T01:29:26.113+0000] {processor.py:186} INFO - Started process (PID=132) to work on /opt/airflow/dags/player_data_fetcher_dag.py
[2025-04-30T01:29:26.114+0000] {processor.py:914} INFO - Processing file /opt/airflow/dags/player_data_fetcher_dag.py for tasks to queue
[2025-04-30T01:29:26.115+0000] {logging_mixin.py:190} INFO - [2025-04-30T01:29:26.115+0000] {dagbag.py:588} INFO - Filling up the DagBag from /opt/airflow/dags/player_data_fetcher_dag.py
[2025-04-30T01:29:26.318+0000] {processor.py:925} INFO - DAG(s) 'gamelog_dag' retrieved from /opt/airflow/dags/player_data_fetcher_dag.py
[2025-04-30T01:29:26.326+0000] {logging_mixin.py:190} INFO - [2025-04-30T01:29:26.326+0000] {dag.py:3239} INFO - Sync 1 DAGs
[2025-04-30T01:29:26.330+0000] {logging_mixin.py:190} INFO - [2025-04-30T01:29:26.330+0000] {dag.py:4180} INFO - Setting next_dagrun for gamelog_dag to None, run_after=None
[2025-04-30T01:29:26.335+0000] {processor.py:208} INFO - Processing /opt/airflow/dags/player_data_fetcher_dag.py took 0.229 seconds
[2025-04-30T01:29:56.452+0000] {processor.py:186} INFO - Started process (PID=133) to work on /opt/airflow/dags/player_data_fetcher_dag.py
[2025-04-30T01:29:56.452+0000] {processor.py:914} INFO - Processing file /opt/airflow/dags/player_data_fetcher_dag.py for tasks to queue
[2025-04-30T01:29:56.454+0000] {logging_mixin.py:190} INFO - [2025-04-30T01:29:56.453+0000] {dagbag.py:588} INFO - Filling up the DagBag from /opt/airflow/dags/player_data_fetcher_dag.py
[2025-04-30T01:29:56.655+0000] {processor.py:925} INFO - DAG(s) 'gamelog_dag' retrieved from /opt/airflow/dags/player_data_fetcher_dag.py
[2025-04-30T01:29:56.664+0000] {logging_mixin.py:190} INFO - [2025-04-30T01:29:56.663+0000] {dag.py:3239} INFO - Sync 1 DAGs
[2025-04-30T01:29:56.668+0000] {logging_mixin.py:190} INFO - [2025-04-30T01:29:56.668+0000] {dag.py:4180} INFO - Setting next_dagrun for gamelog_dag to None, run_after=None
[2025-04-30T01:29:56.674+0000] {processor.py:208} INFO - Processing /opt/airflow/dags/player_data_fetcher_dag.py took 0.228 seconds
[2025-04-30T01:30:27.000+0000] {processor.py:186} INFO - Started process (PID=134) to work on /opt/airflow/dags/player_data_fetcher_dag.py
[2025-04-30T01:30:27.002+0000] {processor.py:914} INFO - Processing file /opt/airflow/dags/player_data_fetcher_dag.py for tasks to queue
[2025-04-30T01:30:27.003+0000] {logging_mixin.py:190} INFO - [2025-04-30T01:30:27.003+0000] {dagbag.py:588} INFO - Filling up the DagBag from /opt/airflow/dags/player_data_fetcher_dag.py
[2025-04-30T01:30:27.195+0000] {processor.py:925} INFO - DAG(s) 'gamelog_dag' retrieved from /opt/airflow/dags/player_data_fetcher_dag.py
[2025-04-30T01:30:27.203+0000] {logging_mixin.py:190} INFO - [2025-04-30T01:30:27.202+0000] {dag.py:3239} INFO - Sync 1 DAGs
[2025-04-30T01:30:27.206+0000] {logging_mixin.py:190} INFO - [2025-04-30T01:30:27.206+0000] {dag.py:4180} INFO - Setting next_dagrun for gamelog_dag to None, run_after=None
[2025-04-30T01:30:27.211+0000] {processor.py:208} INFO - Processing /opt/airflow/dags/player_data_fetcher_dag.py took 0.218 seconds
[2025-04-30T01:30:57.377+0000] {processor.py:186} INFO - Started process (PID=135) to work on /opt/airflow/dags/player_data_fetcher_dag.py
[2025-04-30T01:30:57.378+0000] {processor.py:914} INFO - Processing file /opt/airflow/dags/player_data_fetcher_dag.py for tasks to queue
[2025-04-30T01:30:57.379+0000] {logging_mixin.py:190} INFO - [2025-04-30T01:30:57.379+0000] {dagbag.py:588} INFO - Filling up the DagBag from /opt/airflow/dags/player_data_fetcher_dag.py
[2025-04-30T01:30:57.569+0000] {processor.py:925} INFO - DAG(s) 'gamelog_dag' retrieved from /opt/airflow/dags/player_data_fetcher_dag.py
[2025-04-30T01:30:57.576+0000] {logging_mixin.py:190} INFO - [2025-04-30T01:30:57.575+0000] {dag.py:3239} INFO - Sync 1 DAGs
[2025-04-30T01:30:57.579+0000] {logging_mixin.py:190} INFO - [2025-04-30T01:30:57.579+0000] {dag.py:4180} INFO - Setting next_dagrun for gamelog_dag to None, run_after=None
[2025-04-30T01:30:57.585+0000] {processor.py:208} INFO - Processing /opt/airflow/dags/player_data_fetcher_dag.py took 0.215 seconds
[2025-04-30T01:31:27.838+0000] {processor.py:186} INFO - Started process (PID=136) to work on /opt/airflow/dags/player_data_fetcher_dag.py
[2025-04-30T01:31:27.839+0000] {processor.py:914} INFO - Processing file /opt/airflow/dags/player_data_fetcher_dag.py for tasks to queue
[2025-04-30T01:31:27.841+0000] {logging_mixin.py:190} INFO - [2025-04-30T01:31:27.840+0000] {dagbag.py:588} INFO - Filling up the DagBag from /opt/airflow/dags/player_data_fetcher_dag.py
[2025-04-30T01:31:28.033+0000] {processor.py:925} INFO - DAG(s) 'gamelog_dag' retrieved from /opt/airflow/dags/player_data_fetcher_dag.py
[2025-04-30T01:31:28.040+0000] {logging_mixin.py:190} INFO - [2025-04-30T01:31:28.040+0000] {dag.py:3239} INFO - Sync 1 DAGs
[2025-04-30T01:31:28.045+0000] {logging_mixin.py:190} INFO - [2025-04-30T01:31:28.045+0000] {dag.py:4180} INFO - Setting next_dagrun for gamelog_dag to None, run_after=None
[2025-04-30T01:31:28.050+0000] {processor.py:208} INFO - Processing /opt/airflow/dags/player_data_fetcher_dag.py took 0.217 seconds
[2025-04-30T01:31:58.140+0000] {processor.py:186} INFO - Started process (PID=137) to work on /opt/airflow/dags/player_data_fetcher_dag.py
[2025-04-30T01:31:58.141+0000] {processor.py:914} INFO - Processing file /opt/airflow/dags/player_data_fetcher_dag.py for tasks to queue
[2025-04-30T01:31:58.141+0000] {logging_mixin.py:190} INFO - [2025-04-30T01:31:58.141+0000] {dagbag.py:588} INFO - Filling up the DagBag from /opt/airflow/dags/player_data_fetcher_dag.py
[2025-04-30T01:31:58.356+0000] {processor.py:925} INFO - DAG(s) 'gamelog_dag' retrieved from /opt/airflow/dags/player_data_fetcher_dag.py
[2025-04-30T01:31:58.364+0000] {logging_mixin.py:190} INFO - [2025-04-30T01:31:58.364+0000] {dag.py:3239} INFO - Sync 1 DAGs
[2025-04-30T01:31:58.369+0000] {logging_mixin.py:190} INFO - [2025-04-30T01:31:58.369+0000] {dag.py:4180} INFO - Setting next_dagrun for gamelog_dag to None, run_after=None
[2025-04-30T01:31:58.375+0000] {processor.py:208} INFO - Processing /opt/airflow/dags/player_data_fetcher_dag.py took 0.240 seconds
[2025-04-30T01:32:28.601+0000] {processor.py:186} INFO - Started process (PID=139) to work on /opt/airflow/dags/player_data_fetcher_dag.py
[2025-04-30T01:32:28.602+0000] {processor.py:914} INFO - Processing file /opt/airflow/dags/player_data_fetcher_dag.py for tasks to queue
[2025-04-30T01:32:28.602+0000] {logging_mixin.py:190} INFO - [2025-04-30T01:32:28.602+0000] {dagbag.py:588} INFO - Filling up the DagBag from /opt/airflow/dags/player_data_fetcher_dag.py
[2025-04-30T01:32:28.783+0000] {processor.py:925} INFO - DAG(s) 'gamelog_dag' retrieved from /opt/airflow/dags/player_data_fetcher_dag.py
[2025-04-30T01:32:28.792+0000] {logging_mixin.py:190} INFO - [2025-04-30T01:32:28.792+0000] {dag.py:3239} INFO - Sync 1 DAGs
[2025-04-30T01:32:28.796+0000] {logging_mixin.py:190} INFO - [2025-04-30T01:32:28.796+0000] {dag.py:4180} INFO - Setting next_dagrun for gamelog_dag to None, run_after=None
[2025-04-30T01:32:28.802+0000] {processor.py:208} INFO - Processing /opt/airflow/dags/player_data_fetcher_dag.py took 0.204 seconds
[2025-04-30T01:32:58.961+0000] {processor.py:186} INFO - Started process (PID=141) to work on /opt/airflow/dags/player_data_fetcher_dag.py
[2025-04-30T01:32:58.962+0000] {processor.py:914} INFO - Processing file /opt/airflow/dags/player_data_fetcher_dag.py for tasks to queue
[2025-04-30T01:32:58.962+0000] {logging_mixin.py:190} INFO - [2025-04-30T01:32:58.962+0000] {dagbag.py:588} INFO - Filling up the DagBag from /opt/airflow/dags/player_data_fetcher_dag.py
[2025-04-30T01:32:59.182+0000] {processor.py:925} INFO - DAG(s) 'gamelog_dag' retrieved from /opt/airflow/dags/player_data_fetcher_dag.py
[2025-04-30T01:32:59.192+0000] {logging_mixin.py:190} INFO - [2025-04-30T01:32:59.192+0000] {dag.py:3239} INFO - Sync 1 DAGs
[2025-04-30T01:32:59.197+0000] {logging_mixin.py:190} INFO - [2025-04-30T01:32:59.197+0000] {dag.py:4180} INFO - Setting next_dagrun for gamelog_dag to None, run_after=None
[2025-04-30T01:32:59.204+0000] {processor.py:208} INFO - Processing /opt/airflow/dags/player_data_fetcher_dag.py took 0.247 seconds
[2025-04-30T01:33:29.321+0000] {processor.py:186} INFO - Started process (PID=143) to work on /opt/airflow/dags/player_data_fetcher_dag.py
[2025-04-30T01:33:29.321+0000] {processor.py:914} INFO - Processing file /opt/airflow/dags/player_data_fetcher_dag.py for tasks to queue
[2025-04-30T01:33:29.322+0000] {logging_mixin.py:190} INFO - [2025-04-30T01:33:29.322+0000] {dagbag.py:588} INFO - Filling up the DagBag from /opt/airflow/dags/player_data_fetcher_dag.py
[2025-04-30T01:33:29.532+0000] {processor.py:925} INFO - DAG(s) 'gamelog_dag' retrieved from /opt/airflow/dags/player_data_fetcher_dag.py
[2025-04-30T01:33:29.541+0000] {logging_mixin.py:190} INFO - [2025-04-30T01:33:29.541+0000] {dag.py:3239} INFO - Sync 1 DAGs
[2025-04-30T01:33:29.546+0000] {logging_mixin.py:190} INFO - [2025-04-30T01:33:29.545+0000] {dag.py:4180} INFO - Setting next_dagrun for gamelog_dag to None, run_after=None
[2025-04-30T01:33:29.553+0000] {processor.py:208} INFO - Processing /opt/airflow/dags/player_data_fetcher_dag.py took 0.239 seconds
[2025-04-30T01:33:59.658+0000] {processor.py:186} INFO - Started process (PID=145) to work on /opt/airflow/dags/player_data_fetcher_dag.py
[2025-04-30T01:33:59.659+0000] {processor.py:914} INFO - Processing file /opt/airflow/dags/player_data_fetcher_dag.py for tasks to queue
[2025-04-30T01:33:59.661+0000] {logging_mixin.py:190} INFO - [2025-04-30T01:33:59.660+0000] {dagbag.py:588} INFO - Filling up the DagBag from /opt/airflow/dags/player_data_fetcher_dag.py
[2025-04-30T01:33:59.849+0000] {processor.py:925} INFO - DAG(s) 'gamelog_dag' retrieved from /opt/airflow/dags/player_data_fetcher_dag.py
[2025-04-30T01:33:59.856+0000] {logging_mixin.py:190} INFO - [2025-04-30T01:33:59.856+0000] {dag.py:3239} INFO - Sync 1 DAGs
[2025-04-30T01:33:59.860+0000] {logging_mixin.py:190} INFO - [2025-04-30T01:33:59.860+0000] {dag.py:4180} INFO - Setting next_dagrun for gamelog_dag to None, run_after=None
[2025-04-30T01:33:59.865+0000] {processor.py:208} INFO - Processing /opt/airflow/dags/player_data_fetcher_dag.py took 0.215 seconds
[2025-04-30T01:34:29.973+0000] {processor.py:186} INFO - Started process (PID=147) to work on /opt/airflow/dags/player_data_fetcher_dag.py
[2025-04-30T01:34:29.973+0000] {processor.py:914} INFO - Processing file /opt/airflow/dags/player_data_fetcher_dag.py for tasks to queue
[2025-04-30T01:34:29.974+0000] {logging_mixin.py:190} INFO - [2025-04-30T01:34:29.974+0000] {dagbag.py:588} INFO - Filling up the DagBag from /opt/airflow/dags/player_data_fetcher_dag.py
[2025-04-30T01:34:30.156+0000] {processor.py:925} INFO - DAG(s) 'gamelog_dag' retrieved from /opt/airflow/dags/player_data_fetcher_dag.py
[2025-04-30T01:34:30.163+0000] {logging_mixin.py:190} INFO - [2025-04-30T01:34:30.163+0000] {dag.py:3239} INFO - Sync 1 DAGs
[2025-04-30T01:34:30.168+0000] {logging_mixin.py:190} INFO - [2025-04-30T01:34:30.167+0000] {dag.py:4180} INFO - Setting next_dagrun for gamelog_dag to None, run_after=None
[2025-04-30T01:34:30.173+0000] {processor.py:208} INFO - Processing /opt/airflow/dags/player_data_fetcher_dag.py took 0.204 seconds
[2025-04-30T01:35:00.218+0000] {processor.py:186} INFO - Started process (PID=149) to work on /opt/airflow/dags/player_data_fetcher_dag.py
[2025-04-30T01:35:00.218+0000] {processor.py:914} INFO - Processing file /opt/airflow/dags/player_data_fetcher_dag.py for tasks to queue
[2025-04-30T01:35:00.219+0000] {logging_mixin.py:190} INFO - [2025-04-30T01:35:00.219+0000] {dagbag.py:588} INFO - Filling up the DagBag from /opt/airflow/dags/player_data_fetcher_dag.py
[2025-04-30T01:35:00.222+0000] {logging_mixin.py:190} INFO - [2025-04-30T01:35:00.220+0000] {dagbag.py:387} ERROR - Failed to import: /opt/airflow/dags/player_data_fetcher_dag.py
Traceback (most recent call last):
  File "/home/airflow/.local/lib/python3.12/site-packages/airflow/models/dagbag.py", line 383, in parse
    loader.exec_module(new_module)
  File "<frozen importlib._bootstrap_external>", line 999, in exec_module
  File "<frozen importlib._bootstrap>", line 488, in _call_with_frames_removed
  File "/opt/airflow/dags/player_data_fetcher_dag.py", line 9, in <module>
    from fetch_season_logs import save_gamelog
ModuleNotFoundError: No module named 'fetch_season_logs'
[2025-04-30T01:35:00.222+0000] {processor.py:927} WARNING - No viable dags retrieved from /opt/airflow/dags/player_data_fetcher_dag.py
[2025-04-30T01:35:00.236+0000] {processor.py:208} INFO - Processing /opt/airflow/dags/player_data_fetcher_dag.py took 0.021 seconds
[2025-04-30T01:35:30.613+0000] {processor.py:186} INFO - Started process (PID=151) to work on /opt/airflow/dags/player_data_fetcher_dag.py
[2025-04-30T01:35:30.614+0000] {processor.py:914} INFO - Processing file /opt/airflow/dags/player_data_fetcher_dag.py for tasks to queue
[2025-04-30T01:35:30.614+0000] {logging_mixin.py:190} INFO - [2025-04-30T01:35:30.614+0000] {dagbag.py:588} INFO - Filling up the DagBag from /opt/airflow/dags/player_data_fetcher_dag.py
[2025-04-30T01:35:30.618+0000] {logging_mixin.py:190} INFO - [2025-04-30T01:35:30.617+0000] {dagbag.py:387} ERROR - Failed to import: /opt/airflow/dags/player_data_fetcher_dag.py
Traceback (most recent call last):
  File "/home/airflow/.local/lib/python3.12/site-packages/airflow/models/dagbag.py", line 383, in parse
    loader.exec_module(new_module)
  File "<frozen importlib._bootstrap_external>", line 999, in exec_module
  File "<frozen importlib._bootstrap>", line 488, in _call_with_frames_removed
  File "/opt/airflow/dags/player_data_fetcher_dag.py", line 9, in <module>
    from fetch_season_logs import save_gamelog
ModuleNotFoundError: No module named 'fetch_season_logs'
[2025-04-30T01:35:30.618+0000] {processor.py:927} WARNING - No viable dags retrieved from /opt/airflow/dags/player_data_fetcher_dag.py
[2025-04-30T01:35:30.633+0000] {processor.py:208} INFO - Processing /opt/airflow/dags/player_data_fetcher_dag.py took 0.027 seconds
[2025-04-30T01:36:01.028+0000] {processor.py:186} INFO - Started process (PID=153) to work on /opt/airflow/dags/player_data_fetcher_dag.py
[2025-04-30T01:36:01.030+0000] {processor.py:914} INFO - Processing file /opt/airflow/dags/player_data_fetcher_dag.py for tasks to queue
[2025-04-30T01:36:01.031+0000] {logging_mixin.py:190} INFO - [2025-04-30T01:36:01.031+0000] {dagbag.py:588} INFO - Filling up the DagBag from /opt/airflow/dags/player_data_fetcher_dag.py
[2025-04-30T01:36:01.035+0000] {logging_mixin.py:190} INFO - [2025-04-30T01:36:01.034+0000] {dagbag.py:387} ERROR - Failed to import: /opt/airflow/dags/player_data_fetcher_dag.py
Traceback (most recent call last):
  File "/home/airflow/.local/lib/python3.12/site-packages/airflow/models/dagbag.py", line 383, in parse
    loader.exec_module(new_module)
  File "<frozen importlib._bootstrap_external>", line 999, in exec_module
  File "<frozen importlib._bootstrap>", line 488, in _call_with_frames_removed
  File "/opt/airflow/dags/player_data_fetcher_dag.py", line 9, in <module>
    from fetch_season_logs import save_gamelog
ModuleNotFoundError: No module named 'fetch_season_logs'
[2025-04-30T01:36:01.035+0000] {processor.py:927} WARNING - No viable dags retrieved from /opt/airflow/dags/player_data_fetcher_dag.py
[2025-04-30T01:36:01.050+0000] {processor.py:208} INFO - Processing /opt/airflow/dags/player_data_fetcher_dag.py took 0.029 seconds
[2025-04-30T01:36:31.400+0000] {processor.py:186} INFO - Started process (PID=155) to work on /opt/airflow/dags/player_data_fetcher_dag.py
[2025-04-30T01:36:31.401+0000] {processor.py:914} INFO - Processing file /opt/airflow/dags/player_data_fetcher_dag.py for tasks to queue
[2025-04-30T01:36:31.403+0000] {logging_mixin.py:190} INFO - [2025-04-30T01:36:31.402+0000] {dagbag.py:588} INFO - Filling up the DagBag from /opt/airflow/dags/player_data_fetcher_dag.py
[2025-04-30T01:36:31.407+0000] {logging_mixin.py:190} INFO - [2025-04-30T01:36:31.406+0000] {dagbag.py:387} ERROR - Failed to import: /opt/airflow/dags/player_data_fetcher_dag.py
Traceback (most recent call last):
  File "/home/airflow/.local/lib/python3.12/site-packages/airflow/models/dagbag.py", line 383, in parse
    loader.exec_module(new_module)
  File "<frozen importlib._bootstrap_external>", line 999, in exec_module
  File "<frozen importlib._bootstrap>", line 488, in _call_with_frames_removed
  File "/opt/airflow/dags/player_data_fetcher_dag.py", line 9, in <module>
    from fetch_season_logs import save_gamelog
ModuleNotFoundError: No module named 'fetch_season_logs'
[2025-04-30T01:36:31.407+0000] {processor.py:927} WARNING - No viable dags retrieved from /opt/airflow/dags/player_data_fetcher_dag.py
[2025-04-30T01:36:31.423+0000] {processor.py:208} INFO - Processing /opt/airflow/dags/player_data_fetcher_dag.py took 0.031 seconds
[2025-04-30T01:37:01.648+0000] {processor.py:186} INFO - Started process (PID=157) to work on /opt/airflow/dags/player_data_fetcher_dag.py
[2025-04-30T01:37:01.649+0000] {processor.py:914} INFO - Processing file /opt/airflow/dags/player_data_fetcher_dag.py for tasks to queue
[2025-04-30T01:37:01.649+0000] {logging_mixin.py:190} INFO - [2025-04-30T01:37:01.649+0000] {dagbag.py:588} INFO - Filling up the DagBag from /opt/airflow/dags/player_data_fetcher_dag.py
[2025-04-30T01:37:01.651+0000] {logging_mixin.py:190} INFO - [2025-04-30T01:37:01.651+0000] {dagbag.py:387} ERROR - Failed to import: /opt/airflow/dags/player_data_fetcher_dag.py
Traceback (most recent call last):
  File "/home/airflow/.local/lib/python3.12/site-packages/airflow/models/dagbag.py", line 383, in parse
    loader.exec_module(new_module)
  File "<frozen importlib._bootstrap_external>", line 999, in exec_module
  File "<frozen importlib._bootstrap>", line 488, in _call_with_frames_removed
  File "/opt/airflow/dags/player_data_fetcher_dag.py", line 9, in <module>
    from fetch_season_logs import save_gamelog
ModuleNotFoundError: No module named 'fetch_season_logs'
[2025-04-30T01:37:01.651+0000] {processor.py:927} WARNING - No viable dags retrieved from /opt/airflow/dags/player_data_fetcher_dag.py
[2025-04-30T01:37:01.663+0000] {processor.py:208} INFO - Processing /opt/airflow/dags/player_data_fetcher_dag.py took 0.017 seconds
[2025-04-30T01:37:15.749+0000] {processor.py:186} INFO - Started process (PID=158) to work on /opt/airflow/dags/player_data_fetcher_dag.py
[2025-04-30T01:37:15.749+0000] {processor.py:914} INFO - Processing file /opt/airflow/dags/player_data_fetcher_dag.py for tasks to queue
[2025-04-30T01:37:15.750+0000] {logging_mixin.py:190} INFO - [2025-04-30T01:37:15.750+0000] {dagbag.py:588} INFO - Filling up the DagBag from /opt/airflow/dags/player_data_fetcher_dag.py
[2025-04-30T01:37:15.752+0000] {logging_mixin.py:190} INFO - [2025-04-30T01:37:15.751+0000] {dagbag.py:387} ERROR - Failed to import: /opt/airflow/dags/player_data_fetcher_dag.py
Traceback (most recent call last):
  File "/home/airflow/.local/lib/python3.12/site-packages/airflow/models/dagbag.py", line 383, in parse
    loader.exec_module(new_module)
  File "<frozen importlib._bootstrap_external>", line 999, in exec_module
  File "<frozen importlib._bootstrap>", line 488, in _call_with_frames_removed
  File "/opt/airflow/dags/player_data_fetcher_dag.py", line 9, in <module>
    from fetch_season_logs import save_gamelog
ModuleNotFoundError: No module named 'fetch_season_logs'
[2025-04-30T01:37:15.752+0000] {processor.py:927} WARNING - No viable dags retrieved from /opt/airflow/dags/player_data_fetcher_dag.py
[2025-04-30T01:37:15.762+0000] {processor.py:208} INFO - Processing /opt/airflow/dags/player_data_fetcher_dag.py took 0.017 seconds
[2025-04-30T01:37:45.931+0000] {processor.py:186} INFO - Started process (PID=160) to work on /opt/airflow/dags/player_data_fetcher_dag.py
[2025-04-30T01:37:45.932+0000] {processor.py:914} INFO - Processing file /opt/airflow/dags/player_data_fetcher_dag.py for tasks to queue
[2025-04-30T01:37:45.933+0000] {logging_mixin.py:190} INFO - [2025-04-30T01:37:45.932+0000] {dagbag.py:588} INFO - Filling up the DagBag from /opt/airflow/dags/player_data_fetcher_dag.py
[2025-04-30T01:37:45.934+0000] {logging_mixin.py:190} INFO - [2025-04-30T01:37:45.934+0000] {dagbag.py:387} ERROR - Failed to import: /opt/airflow/dags/player_data_fetcher_dag.py
Traceback (most recent call last):
  File "/home/airflow/.local/lib/python3.12/site-packages/airflow/models/dagbag.py", line 383, in parse
    loader.exec_module(new_module)
  File "<frozen importlib._bootstrap_external>", line 999, in exec_module
  File "<frozen importlib._bootstrap>", line 488, in _call_with_frames_removed
  File "/opt/airflow/dags/player_data_fetcher_dag.py", line 9, in <module>
    from fetch_season_logs import save_gamelog
ModuleNotFoundError: No module named 'fetch_season_logs'
[2025-04-30T01:37:45.934+0000] {processor.py:927} WARNING - No viable dags retrieved from /opt/airflow/dags/player_data_fetcher_dag.py
[2025-04-30T01:37:45.945+0000] {processor.py:208} INFO - Processing /opt/airflow/dags/player_data_fetcher_dag.py took 0.019 seconds
[2025-04-30T01:38:16.258+0000] {processor.py:186} INFO - Started process (PID=162) to work on /opt/airflow/dags/player_data_fetcher_dag.py
[2025-04-30T01:38:16.259+0000] {processor.py:914} INFO - Processing file /opt/airflow/dags/player_data_fetcher_dag.py for tasks to queue
[2025-04-30T01:38:16.260+0000] {logging_mixin.py:190} INFO - [2025-04-30T01:38:16.260+0000] {dagbag.py:588} INFO - Filling up the DagBag from /opt/airflow/dags/player_data_fetcher_dag.py
[2025-04-30T01:38:16.264+0000] {logging_mixin.py:190} INFO - [2025-04-30T01:38:16.263+0000] {dagbag.py:387} ERROR - Failed to import: /opt/airflow/dags/player_data_fetcher_dag.py
Traceback (most recent call last):
  File "/home/airflow/.local/lib/python3.12/site-packages/airflow/models/dagbag.py", line 383, in parse
    loader.exec_module(new_module)
  File "<frozen importlib._bootstrap_external>", line 999, in exec_module
  File "<frozen importlib._bootstrap>", line 488, in _call_with_frames_removed
  File "/opt/airflow/dags/player_data_fetcher_dag.py", line 9, in <module>
    from fetch_season_logs import save_gamelog
ModuleNotFoundError: No module named 'fetch_season_logs'
[2025-04-30T01:38:16.264+0000] {processor.py:927} WARNING - No viable dags retrieved from /opt/airflow/dags/player_data_fetcher_dag.py
[2025-04-30T01:38:16.277+0000] {processor.py:208} INFO - Processing /opt/airflow/dags/player_data_fetcher_dag.py took 0.025 seconds
[2025-04-30T01:38:46.575+0000] {processor.py:186} INFO - Started process (PID=164) to work on /opt/airflow/dags/player_data_fetcher_dag.py
[2025-04-30T01:38:46.576+0000] {processor.py:914} INFO - Processing file /opt/airflow/dags/player_data_fetcher_dag.py for tasks to queue
[2025-04-30T01:38:46.576+0000] {logging_mixin.py:190} INFO - [2025-04-30T01:38:46.576+0000] {dagbag.py:588} INFO - Filling up the DagBag from /opt/airflow/dags/player_data_fetcher_dag.py
[2025-04-30T01:38:46.578+0000] {logging_mixin.py:190} INFO - [2025-04-30T01:38:46.578+0000] {dagbag.py:387} ERROR - Failed to import: /opt/airflow/dags/player_data_fetcher_dag.py
Traceback (most recent call last):
  File "/home/airflow/.local/lib/python3.12/site-packages/airflow/models/dagbag.py", line 383, in parse
    loader.exec_module(new_module)
  File "<frozen importlib._bootstrap_external>", line 999, in exec_module
  File "<frozen importlib._bootstrap>", line 488, in _call_with_frames_removed
  File "/opt/airflow/dags/player_data_fetcher_dag.py", line 9, in <module>
    from fetch_season_logs import save_gamelog
ModuleNotFoundError: No module named 'fetch_season_logs'
[2025-04-30T01:38:46.578+0000] {processor.py:927} WARNING - No viable dags retrieved from /opt/airflow/dags/player_data_fetcher_dag.py
[2025-04-30T01:38:46.588+0000] {processor.py:208} INFO - Processing /opt/airflow/dags/player_data_fetcher_dag.py took 0.015 seconds
[2025-04-30T01:39:16.834+0000] {processor.py:186} INFO - Started process (PID=166) to work on /opt/airflow/dags/player_data_fetcher_dag.py
[2025-04-30T01:39:16.835+0000] {processor.py:914} INFO - Processing file /opt/airflow/dags/player_data_fetcher_dag.py for tasks to queue
[2025-04-30T01:39:16.836+0000] {logging_mixin.py:190} INFO - [2025-04-30T01:39:16.836+0000] {dagbag.py:588} INFO - Filling up the DagBag from /opt/airflow/dags/player_data_fetcher_dag.py
[2025-04-30T01:39:16.841+0000] {logging_mixin.py:190} INFO - [2025-04-30T01:39:16.840+0000] {dagbag.py:387} ERROR - Failed to import: /opt/airflow/dags/player_data_fetcher_dag.py
Traceback (most recent call last):
  File "/home/airflow/.local/lib/python3.12/site-packages/airflow/models/dagbag.py", line 383, in parse
    loader.exec_module(new_module)
  File "<frozen importlib._bootstrap_external>", line 999, in exec_module
  File "<frozen importlib._bootstrap>", line 488, in _call_with_frames_removed
  File "/opt/airflow/dags/player_data_fetcher_dag.py", line 9, in <module>
    from fetch_season_logs import save_gamelog
ModuleNotFoundError: No module named 'fetch_season_logs'
[2025-04-30T01:39:16.842+0000] {processor.py:927} WARNING - No viable dags retrieved from /opt/airflow/dags/player_data_fetcher_dag.py
[2025-04-30T01:39:16.853+0000] {processor.py:208} INFO - Processing /opt/airflow/dags/player_data_fetcher_dag.py took 0.027 seconds
[2025-04-30T01:39:47.161+0000] {processor.py:186} INFO - Started process (PID=168) to work on /opt/airflow/dags/player_data_fetcher_dag.py
[2025-04-30T01:39:47.162+0000] {processor.py:914} INFO - Processing file /opt/airflow/dags/player_data_fetcher_dag.py for tasks to queue
[2025-04-30T01:39:47.163+0000] {logging_mixin.py:190} INFO - [2025-04-30T01:39:47.162+0000] {dagbag.py:588} INFO - Filling up the DagBag from /opt/airflow/dags/player_data_fetcher_dag.py
[2025-04-30T01:39:47.165+0000] {logging_mixin.py:190} INFO - [2025-04-30T01:39:47.164+0000] {dagbag.py:387} ERROR - Failed to import: /opt/airflow/dags/player_data_fetcher_dag.py
Traceback (most recent call last):
  File "/home/airflow/.local/lib/python3.12/site-packages/airflow/models/dagbag.py", line 383, in parse
    loader.exec_module(new_module)
  File "<frozen importlib._bootstrap_external>", line 999, in exec_module
  File "<frozen importlib._bootstrap>", line 488, in _call_with_frames_removed
  File "/opt/airflow/dags/player_data_fetcher_dag.py", line 9, in <module>
    from fetch_season_logs import save_gamelog
ModuleNotFoundError: No module named 'fetch_season_logs'
[2025-04-30T01:39:47.165+0000] {processor.py:927} WARNING - No viable dags retrieved from /opt/airflow/dags/player_data_fetcher_dag.py
[2025-04-30T01:39:47.175+0000] {processor.py:208} INFO - Processing /opt/airflow/dags/player_data_fetcher_dag.py took 0.018 seconds
[2025-04-30T01:40:17.460+0000] {processor.py:186} INFO - Started process (PID=170) to work on /opt/airflow/dags/player_data_fetcher_dag.py
[2025-04-30T01:40:17.461+0000] {processor.py:914} INFO - Processing file /opt/airflow/dags/player_data_fetcher_dag.py for tasks to queue
[2025-04-30T01:40:17.462+0000] {logging_mixin.py:190} INFO - [2025-04-30T01:40:17.461+0000] {dagbag.py:588} INFO - Filling up the DagBag from /opt/airflow/dags/player_data_fetcher_dag.py
[2025-04-30T01:40:17.464+0000] {logging_mixin.py:190} INFO - [2025-04-30T01:40:17.463+0000] {dagbag.py:387} ERROR - Failed to import: /opt/airflow/dags/player_data_fetcher_dag.py
Traceback (most recent call last):
  File "/home/airflow/.local/lib/python3.12/site-packages/airflow/models/dagbag.py", line 383, in parse
    loader.exec_module(new_module)
  File "<frozen importlib._bootstrap_external>", line 999, in exec_module
  File "<frozen importlib._bootstrap>", line 488, in _call_with_frames_removed
  File "/opt/airflow/dags/player_data_fetcher_dag.py", line 9, in <module>
    from fetch_season_logs import save_gamelog
ModuleNotFoundError: No module named 'fetch_season_logs'
[2025-04-30T01:40:17.464+0000] {processor.py:927} WARNING - No viable dags retrieved from /opt/airflow/dags/player_data_fetcher_dag.py
[2025-04-30T01:40:17.476+0000] {processor.py:208} INFO - Processing /opt/airflow/dags/player_data_fetcher_dag.py took 0.021 seconds
[2025-04-30T01:40:47.784+0000] {processor.py:186} INFO - Started process (PID=172) to work on /opt/airflow/dags/player_data_fetcher_dag.py
[2025-04-30T01:40:47.785+0000] {processor.py:914} INFO - Processing file /opt/airflow/dags/player_data_fetcher_dag.py for tasks to queue
[2025-04-30T01:40:47.786+0000] {logging_mixin.py:190} INFO - [2025-04-30T01:40:47.786+0000] {dagbag.py:588} INFO - Filling up the DagBag from /opt/airflow/dags/player_data_fetcher_dag.py
[2025-04-30T01:40:47.789+0000] {logging_mixin.py:190} INFO - [2025-04-30T01:40:47.788+0000] {dagbag.py:387} ERROR - Failed to import: /opt/airflow/dags/player_data_fetcher_dag.py
Traceback (most recent call last):
  File "/home/airflow/.local/lib/python3.12/site-packages/airflow/models/dagbag.py", line 383, in parse
    loader.exec_module(new_module)
  File "<frozen importlib._bootstrap_external>", line 999, in exec_module
  File "<frozen importlib._bootstrap>", line 488, in _call_with_frames_removed
  File "/opt/airflow/dags/player_data_fetcher_dag.py", line 9, in <module>
    from fetch_season_logs import save_gamelog
ModuleNotFoundError: No module named 'fetch_season_logs'
[2025-04-30T01:40:47.789+0000] {processor.py:927} WARNING - No viable dags retrieved from /opt/airflow/dags/player_data_fetcher_dag.py
[2025-04-30T01:40:47.800+0000] {processor.py:208} INFO - Processing /opt/airflow/dags/player_data_fetcher_dag.py took 0.021 seconds
[2025-04-30T01:41:18.127+0000] {processor.py:186} INFO - Started process (PID=174) to work on /opt/airflow/dags/player_data_fetcher_dag.py
[2025-04-30T01:41:18.128+0000] {processor.py:914} INFO - Processing file /opt/airflow/dags/player_data_fetcher_dag.py for tasks to queue
[2025-04-30T01:41:18.129+0000] {logging_mixin.py:190} INFO - [2025-04-30T01:41:18.129+0000] {dagbag.py:588} INFO - Filling up the DagBag from /opt/airflow/dags/player_data_fetcher_dag.py
[2025-04-30T01:41:18.132+0000] {logging_mixin.py:190} INFO - [2025-04-30T01:41:18.131+0000] {dagbag.py:387} ERROR - Failed to import: /opt/airflow/dags/player_data_fetcher_dag.py
Traceback (most recent call last):
  File "/home/airflow/.local/lib/python3.12/site-packages/airflow/models/dagbag.py", line 383, in parse
    loader.exec_module(new_module)
  File "<frozen importlib._bootstrap_external>", line 999, in exec_module
  File "<frozen importlib._bootstrap>", line 488, in _call_with_frames_removed
  File "/opt/airflow/dags/player_data_fetcher_dag.py", line 9, in <module>
    from fetch_season_logs import save_gamelog
ModuleNotFoundError: No module named 'fetch_season_logs'
[2025-04-30T01:41:18.132+0000] {processor.py:927} WARNING - No viable dags retrieved from /opt/airflow/dags/player_data_fetcher_dag.py
[2025-04-30T01:41:18.143+0000] {processor.py:208} INFO - Processing /opt/airflow/dags/player_data_fetcher_dag.py took 0.021 seconds
[2025-04-30T01:41:48.472+0000] {processor.py:186} INFO - Started process (PID=176) to work on /opt/airflow/dags/player_data_fetcher_dag.py
[2025-04-30T01:41:48.473+0000] {processor.py:914} INFO - Processing file /opt/airflow/dags/player_data_fetcher_dag.py for tasks to queue
[2025-04-30T01:41:48.474+0000] {logging_mixin.py:190} INFO - [2025-04-30T01:41:48.474+0000] {dagbag.py:588} INFO - Filling up the DagBag from /opt/airflow/dags/player_data_fetcher_dag.py
[2025-04-30T01:41:48.477+0000] {logging_mixin.py:190} INFO - [2025-04-30T01:41:48.476+0000] {dagbag.py:387} ERROR - Failed to import: /opt/airflow/dags/player_data_fetcher_dag.py
Traceback (most recent call last):
  File "/home/airflow/.local/lib/python3.12/site-packages/airflow/models/dagbag.py", line 383, in parse
    loader.exec_module(new_module)
  File "<frozen importlib._bootstrap_external>", line 999, in exec_module
  File "<frozen importlib._bootstrap>", line 488, in _call_with_frames_removed
  File "/opt/airflow/dags/player_data_fetcher_dag.py", line 9, in <module>
    from fetch_season_logs import save_gamelog
ModuleNotFoundError: No module named 'fetch_season_logs'
[2025-04-30T01:41:48.477+0000] {processor.py:927} WARNING - No viable dags retrieved from /opt/airflow/dags/player_data_fetcher_dag.py
[2025-04-30T01:41:48.489+0000] {processor.py:208} INFO - Processing /opt/airflow/dags/player_data_fetcher_dag.py took 0.023 seconds
[2025-04-30T01:42:18.879+0000] {processor.py:186} INFO - Started process (PID=178) to work on /opt/airflow/dags/player_data_fetcher_dag.py
[2025-04-30T01:42:18.880+0000] {processor.py:914} INFO - Processing file /opt/airflow/dags/player_data_fetcher_dag.py for tasks to queue
[2025-04-30T01:42:18.881+0000] {logging_mixin.py:190} INFO - [2025-04-30T01:42:18.881+0000] {dagbag.py:588} INFO - Filling up the DagBag from /opt/airflow/dags/player_data_fetcher_dag.py
[2025-04-30T01:42:18.885+0000] {logging_mixin.py:190} INFO - [2025-04-30T01:42:18.884+0000] {dagbag.py:387} ERROR - Failed to import: /opt/airflow/dags/player_data_fetcher_dag.py
Traceback (most recent call last):
  File "/home/airflow/.local/lib/python3.12/site-packages/airflow/models/dagbag.py", line 383, in parse
    loader.exec_module(new_module)
  File "<frozen importlib._bootstrap_external>", line 999, in exec_module
  File "<frozen importlib._bootstrap>", line 488, in _call_with_frames_removed
  File "/opt/airflow/dags/player_data_fetcher_dag.py", line 9, in <module>
    from fetch_season_logs import save_gamelog
ModuleNotFoundError: No module named 'fetch_season_logs'
[2025-04-30T01:42:18.885+0000] {processor.py:927} WARNING - No viable dags retrieved from /opt/airflow/dags/player_data_fetcher_dag.py
[2025-04-30T01:42:18.901+0000] {processor.py:208} INFO - Processing /opt/airflow/dags/player_data_fetcher_dag.py took 0.030 seconds
[2025-04-30T01:42:49.237+0000] {processor.py:186} INFO - Started process (PID=180) to work on /opt/airflow/dags/player_data_fetcher_dag.py
[2025-04-30T01:42:49.238+0000] {processor.py:914} INFO - Processing file /opt/airflow/dags/player_data_fetcher_dag.py for tasks to queue
[2025-04-30T01:42:49.239+0000] {logging_mixin.py:190} INFO - [2025-04-30T01:42:49.239+0000] {dagbag.py:588} INFO - Filling up the DagBag from /opt/airflow/dags/player_data_fetcher_dag.py
[2025-04-30T01:42:49.242+0000] {logging_mixin.py:190} INFO - [2025-04-30T01:42:49.242+0000] {dagbag.py:387} ERROR - Failed to import: /opt/airflow/dags/player_data_fetcher_dag.py
Traceback (most recent call last):
  File "/home/airflow/.local/lib/python3.12/site-packages/airflow/models/dagbag.py", line 383, in parse
    loader.exec_module(new_module)
  File "<frozen importlib._bootstrap_external>", line 999, in exec_module
  File "<frozen importlib._bootstrap>", line 488, in _call_with_frames_removed
  File "/opt/airflow/dags/player_data_fetcher_dag.py", line 9, in <module>
    from fetch_season_logs import save_gamelog
ModuleNotFoundError: No module named 'fetch_season_logs'
[2025-04-30T01:42:49.243+0000] {processor.py:927} WARNING - No viable dags retrieved from /opt/airflow/dags/player_data_fetcher_dag.py
[2025-04-30T01:42:49.256+0000] {processor.py:208} INFO - Processing /opt/airflow/dags/player_data_fetcher_dag.py took 0.027 seconds
[2025-04-30T01:43:19.603+0000] {processor.py:186} INFO - Started process (PID=182) to work on /opt/airflow/dags/player_data_fetcher_dag.py
[2025-04-30T01:43:19.603+0000] {processor.py:914} INFO - Processing file /opt/airflow/dags/player_data_fetcher_dag.py for tasks to queue
[2025-04-30T01:43:19.604+0000] {logging_mixin.py:190} INFO - [2025-04-30T01:43:19.604+0000] {dagbag.py:588} INFO - Filling up the DagBag from /opt/airflow/dags/player_data_fetcher_dag.py
[2025-04-30T01:43:19.607+0000] {logging_mixin.py:190} INFO - [2025-04-30T01:43:19.606+0000] {dagbag.py:387} ERROR - Failed to import: /opt/airflow/dags/player_data_fetcher_dag.py
Traceback (most recent call last):
  File "/home/airflow/.local/lib/python3.12/site-packages/airflow/models/dagbag.py", line 383, in parse
    loader.exec_module(new_module)
  File "<frozen importlib._bootstrap_external>", line 999, in exec_module
  File "<frozen importlib._bootstrap>", line 488, in _call_with_frames_removed
  File "/opt/airflow/dags/player_data_fetcher_dag.py", line 9, in <module>
    from fetch_season_logs import save_gamelog
ModuleNotFoundError: No module named 'fetch_season_logs'
[2025-04-30T01:43:19.607+0000] {processor.py:927} WARNING - No viable dags retrieved from /opt/airflow/dags/player_data_fetcher_dag.py
[2025-04-30T01:43:19.620+0000] {processor.py:208} INFO - Processing /opt/airflow/dags/player_data_fetcher_dag.py took 0.023 seconds
[2025-04-30T01:43:49.979+0000] {processor.py:186} INFO - Started process (PID=184) to work on /opt/airflow/dags/player_data_fetcher_dag.py
[2025-04-30T01:43:49.981+0000] {processor.py:914} INFO - Processing file /opt/airflow/dags/player_data_fetcher_dag.py for tasks to queue
[2025-04-30T01:43:49.982+0000] {logging_mixin.py:190} INFO - [2025-04-30T01:43:49.981+0000] {dagbag.py:588} INFO - Filling up the DagBag from /opt/airflow/dags/player_data_fetcher_dag.py
[2025-04-30T01:43:49.985+0000] {logging_mixin.py:190} INFO - [2025-04-30T01:43:49.984+0000] {dagbag.py:387} ERROR - Failed to import: /opt/airflow/dags/player_data_fetcher_dag.py
Traceback (most recent call last):
  File "/home/airflow/.local/lib/python3.12/site-packages/airflow/models/dagbag.py", line 383, in parse
    loader.exec_module(new_module)
  File "<frozen importlib._bootstrap_external>", line 999, in exec_module
  File "<frozen importlib._bootstrap>", line 488, in _call_with_frames_removed
  File "/opt/airflow/dags/player_data_fetcher_dag.py", line 9, in <module>
    from fetch_season_logs import save_gamelog
ModuleNotFoundError: No module named 'fetch_season_logs'
[2025-04-30T01:43:49.985+0000] {processor.py:927} WARNING - No viable dags retrieved from /opt/airflow/dags/player_data_fetcher_dag.py
[2025-04-30T01:43:50.002+0000] {processor.py:208} INFO - Processing /opt/airflow/dags/player_data_fetcher_dag.py took 0.030 seconds
[2025-04-30T01:44:20.275+0000] {processor.py:186} INFO - Started process (PID=186) to work on /opt/airflow/dags/player_data_fetcher_dag.py
[2025-04-30T01:44:20.276+0000] {processor.py:914} INFO - Processing file /opt/airflow/dags/player_data_fetcher_dag.py for tasks to queue
[2025-04-30T01:44:20.277+0000] {logging_mixin.py:190} INFO - [2025-04-30T01:44:20.277+0000] {dagbag.py:588} INFO - Filling up the DagBag from /opt/airflow/dags/player_data_fetcher_dag.py
[2025-04-30T01:44:20.281+0000] {logging_mixin.py:190} INFO - [2025-04-30T01:44:20.280+0000] {dagbag.py:387} ERROR - Failed to import: /opt/airflow/dags/player_data_fetcher_dag.py
Traceback (most recent call last):
  File "/home/airflow/.local/lib/python3.12/site-packages/airflow/models/dagbag.py", line 383, in parse
    loader.exec_module(new_module)
  File "<frozen importlib._bootstrap_external>", line 999, in exec_module
  File "<frozen importlib._bootstrap>", line 488, in _call_with_frames_removed
  File "/opt/airflow/dags/player_data_fetcher_dag.py", line 9, in <module>
    from fetch_season_logs import save_gamelog
ModuleNotFoundError: No module named 'fetch_season_logs'
[2025-04-30T01:44:20.281+0000] {processor.py:927} WARNING - No viable dags retrieved from /opt/airflow/dags/player_data_fetcher_dag.py
[2025-04-30T01:44:20.296+0000] {processor.py:208} INFO - Processing /opt/airflow/dags/player_data_fetcher_dag.py took 0.028 seconds
[2025-04-30T01:44:50.614+0000] {processor.py:186} INFO - Started process (PID=188) to work on /opt/airflow/dags/player_data_fetcher_dag.py
[2025-04-30T01:44:50.615+0000] {processor.py:914} INFO - Processing file /opt/airflow/dags/player_data_fetcher_dag.py for tasks to queue
[2025-04-30T01:44:50.617+0000] {logging_mixin.py:190} INFO - [2025-04-30T01:44:50.617+0000] {dagbag.py:588} INFO - Filling up the DagBag from /opt/airflow/dags/player_data_fetcher_dag.py
[2025-04-30T01:44:50.621+0000] {logging_mixin.py:190} INFO - [2025-04-30T01:44:50.620+0000] {dagbag.py:387} ERROR - Failed to import: /opt/airflow/dags/player_data_fetcher_dag.py
Traceback (most recent call last):
  File "/home/airflow/.local/lib/python3.12/site-packages/airflow/models/dagbag.py", line 383, in parse
    loader.exec_module(new_module)
  File "<frozen importlib._bootstrap_external>", line 999, in exec_module
  File "<frozen importlib._bootstrap>", line 488, in _call_with_frames_removed
  File "/opt/airflow/dags/player_data_fetcher_dag.py", line 9, in <module>
    from fetch_season_logs import save_gamelog
ModuleNotFoundError: No module named 'fetch_season_logs'
[2025-04-30T01:44:50.621+0000] {processor.py:927} WARNING - No viable dags retrieved from /opt/airflow/dags/player_data_fetcher_dag.py
[2025-04-30T01:44:50.636+0000] {processor.py:208} INFO - Processing /opt/airflow/dags/player_data_fetcher_dag.py took 0.031 seconds
[2025-04-30T01:45:20.982+0000] {processor.py:186} INFO - Started process (PID=190) to work on /opt/airflow/dags/player_data_fetcher_dag.py
[2025-04-30T01:45:20.983+0000] {processor.py:914} INFO - Processing file /opt/airflow/dags/player_data_fetcher_dag.py for tasks to queue
[2025-04-30T01:45:20.984+0000] {logging_mixin.py:190} INFO - [2025-04-30T01:45:20.984+0000] {dagbag.py:588} INFO - Filling up the DagBag from /opt/airflow/dags/player_data_fetcher_dag.py
[2025-04-30T01:45:20.988+0000] {logging_mixin.py:190} INFO - [2025-04-30T01:45:20.987+0000] {dagbag.py:387} ERROR - Failed to import: /opt/airflow/dags/player_data_fetcher_dag.py
Traceback (most recent call last):
  File "/home/airflow/.local/lib/python3.12/site-packages/airflow/models/dagbag.py", line 383, in parse
    loader.exec_module(new_module)
  File "<frozen importlib._bootstrap_external>", line 999, in exec_module
  File "<frozen importlib._bootstrap>", line 488, in _call_with_frames_removed
  File "/opt/airflow/dags/player_data_fetcher_dag.py", line 9, in <module>
    from fetch_season_logs import save_gamelog
ModuleNotFoundError: No module named 'fetch_season_logs'
[2025-04-30T01:45:20.988+0000] {processor.py:927} WARNING - No viable dags retrieved from /opt/airflow/dags/player_data_fetcher_dag.py
[2025-04-30T01:45:21.002+0000] {processor.py:208} INFO - Processing /opt/airflow/dags/player_data_fetcher_dag.py took 0.028 seconds
[2025-04-30T01:45:51.402+0000] {processor.py:186} INFO - Started process (PID=192) to work on /opt/airflow/dags/player_data_fetcher_dag.py
[2025-04-30T01:45:51.403+0000] {processor.py:914} INFO - Processing file /opt/airflow/dags/player_data_fetcher_dag.py for tasks to queue
[2025-04-30T01:45:51.404+0000] {logging_mixin.py:190} INFO - [2025-04-30T01:45:51.404+0000] {dagbag.py:588} INFO - Filling up the DagBag from /opt/airflow/dags/player_data_fetcher_dag.py
[2025-04-30T01:45:51.408+0000] {logging_mixin.py:190} INFO - [2025-04-30T01:45:51.407+0000] {dagbag.py:387} ERROR - Failed to import: /opt/airflow/dags/player_data_fetcher_dag.py
Traceback (most recent call last):
  File "/home/airflow/.local/lib/python3.12/site-packages/airflow/models/dagbag.py", line 383, in parse
    loader.exec_module(new_module)
  File "<frozen importlib._bootstrap_external>", line 999, in exec_module
  File "<frozen importlib._bootstrap>", line 488, in _call_with_frames_removed
  File "/opt/airflow/dags/player_data_fetcher_dag.py", line 9, in <module>
    from fetch_season_logs import save_gamelog
ModuleNotFoundError: No module named 'fetch_season_logs'
[2025-04-30T01:45:51.408+0000] {processor.py:927} WARNING - No viable dags retrieved from /opt/airflow/dags/player_data_fetcher_dag.py
[2025-04-30T01:45:51.423+0000] {processor.py:208} INFO - Processing /opt/airflow/dags/player_data_fetcher_dag.py took 0.028 seconds
[2025-04-30T01:47:36.037+0000] {processor.py:186} INFO - Started process (PID=195) to work on /opt/airflow/dags/player_data_fetcher_dag.py
[2025-04-30T01:47:36.037+0000] {processor.py:914} INFO - Processing file /opt/airflow/dags/player_data_fetcher_dag.py for tasks to queue
[2025-04-30T01:47:36.038+0000] {logging_mixin.py:190} INFO - [2025-04-30T01:47:36.038+0000] {dagbag.py:588} INFO - Filling up the DagBag from /opt/airflow/dags/player_data_fetcher_dag.py
[2025-04-30T01:47:36.040+0000] {logging_mixin.py:190} INFO - [2025-04-30T01:47:36.040+0000] {dagbag.py:387} ERROR - Failed to import: /opt/airflow/dags/player_data_fetcher_dag.py
Traceback (most recent call last):
  File "/home/airflow/.local/lib/python3.12/site-packages/airflow/models/dagbag.py", line 383, in parse
    loader.exec_module(new_module)
  File "<frozen importlib._bootstrap_external>", line 999, in exec_module
  File "<frozen importlib._bootstrap>", line 488, in _call_with_frames_removed
  File "/opt/airflow/dags/player_data_fetcher_dag.py", line 9, in <module>
    from fetch_season_logs import save_gamelog
ModuleNotFoundError: No module named 'fetch_season_logs'
[2025-04-30T01:47:36.040+0000] {processor.py:927} WARNING - No viable dags retrieved from /opt/airflow/dags/player_data_fetcher_dag.py
[2025-04-30T01:47:36.052+0000] {processor.py:208} INFO - Processing /opt/airflow/dags/player_data_fetcher_dag.py took 0.020 seconds
[2025-04-30T01:48:06.433+0000] {processor.py:186} INFO - Started process (PID=197) to work on /opt/airflow/dags/player_data_fetcher_dag.py
[2025-04-30T01:48:06.434+0000] {processor.py:914} INFO - Processing file /opt/airflow/dags/player_data_fetcher_dag.py for tasks to queue
[2025-04-30T01:48:06.435+0000] {logging_mixin.py:190} INFO - [2025-04-30T01:48:06.435+0000] {dagbag.py:588} INFO - Filling up the DagBag from /opt/airflow/dags/player_data_fetcher_dag.py
[2025-04-30T01:48:06.438+0000] {logging_mixin.py:190} INFO - [2025-04-30T01:48:06.437+0000] {dagbag.py:387} ERROR - Failed to import: /opt/airflow/dags/player_data_fetcher_dag.py
Traceback (most recent call last):
  File "/home/airflow/.local/lib/python3.12/site-packages/airflow/models/dagbag.py", line 383, in parse
    loader.exec_module(new_module)
  File "<frozen importlib._bootstrap_external>", line 999, in exec_module
  File "<frozen importlib._bootstrap>", line 488, in _call_with_frames_removed
  File "/opt/airflow/dags/player_data_fetcher_dag.py", line 9, in <module>
    from fetch_season_logs import save_gamelog
ModuleNotFoundError: No module named 'fetch_season_logs'
[2025-04-30T01:48:06.438+0000] {processor.py:927} WARNING - No viable dags retrieved from /opt/airflow/dags/player_data_fetcher_dag.py
[2025-04-30T01:48:06.451+0000] {processor.py:208} INFO - Processing /opt/airflow/dags/player_data_fetcher_dag.py took 0.024 seconds
[2025-04-30T01:48:36.852+0000] {processor.py:186} INFO - Started process (PID=199) to work on /opt/airflow/dags/player_data_fetcher_dag.py
[2025-04-30T01:48:36.852+0000] {processor.py:914} INFO - Processing file /opt/airflow/dags/player_data_fetcher_dag.py for tasks to queue
[2025-04-30T01:48:36.853+0000] {logging_mixin.py:190} INFO - [2025-04-30T01:48:36.853+0000] {dagbag.py:588} INFO - Filling up the DagBag from /opt/airflow/dags/player_data_fetcher_dag.py
[2025-04-30T01:48:36.855+0000] {logging_mixin.py:190} INFO - [2025-04-30T01:48:36.854+0000] {dagbag.py:387} ERROR - Failed to import: /opt/airflow/dags/player_data_fetcher_dag.py
Traceback (most recent call last):
  File "/home/airflow/.local/lib/python3.12/site-packages/airflow/models/dagbag.py", line 383, in parse
    loader.exec_module(new_module)
  File "<frozen importlib._bootstrap_external>", line 999, in exec_module
  File "<frozen importlib._bootstrap>", line 488, in _call_with_frames_removed
  File "/opt/airflow/dags/player_data_fetcher_dag.py", line 9, in <module>
    from fetch_season_logs import save_gamelog
ModuleNotFoundError: No module named 'fetch_season_logs'
[2025-04-30T01:48:36.855+0000] {processor.py:927} WARNING - No viable dags retrieved from /opt/airflow/dags/player_data_fetcher_dag.py
[2025-04-30T01:48:36.867+0000] {processor.py:208} INFO - Processing /opt/airflow/dags/player_data_fetcher_dag.py took 0.019 seconds
[2025-04-30T01:49:07.270+0000] {processor.py:186} INFO - Started process (PID=201) to work on /opt/airflow/dags/player_data_fetcher_dag.py
[2025-04-30T01:49:07.271+0000] {processor.py:914} INFO - Processing file /opt/airflow/dags/player_data_fetcher_dag.py for tasks to queue
[2025-04-30T01:49:07.272+0000] {logging_mixin.py:190} INFO - [2025-04-30T01:49:07.272+0000] {dagbag.py:588} INFO - Filling up the DagBag from /opt/airflow/dags/player_data_fetcher_dag.py
[2025-04-30T01:49:07.274+0000] {logging_mixin.py:190} INFO - [2025-04-30T01:49:07.274+0000] {dagbag.py:387} ERROR - Failed to import: /opt/airflow/dags/player_data_fetcher_dag.py
Traceback (most recent call last):
  File "/home/airflow/.local/lib/python3.12/site-packages/airflow/models/dagbag.py", line 383, in parse
    loader.exec_module(new_module)
  File "<frozen importlib._bootstrap_external>", line 999, in exec_module
  File "<frozen importlib._bootstrap>", line 488, in _call_with_frames_removed
  File "/opt/airflow/dags/player_data_fetcher_dag.py", line 9, in <module>
    from fetch_season_logs import save_gamelog
ModuleNotFoundError: No module named 'fetch_season_logs'
[2025-04-30T01:49:07.275+0000] {processor.py:927} WARNING - No viable dags retrieved from /opt/airflow/dags/player_data_fetcher_dag.py
[2025-04-30T01:49:07.288+0000] {processor.py:208} INFO - Processing /opt/airflow/dags/player_data_fetcher_dag.py took 0.023 seconds
[2025-04-30T01:49:37.677+0000] {processor.py:186} INFO - Started process (PID=203) to work on /opt/airflow/dags/player_data_fetcher_dag.py
[2025-04-30T01:49:37.677+0000] {processor.py:914} INFO - Processing file /opt/airflow/dags/player_data_fetcher_dag.py for tasks to queue
[2025-04-30T01:49:37.678+0000] {logging_mixin.py:190} INFO - [2025-04-30T01:49:37.678+0000] {dagbag.py:588} INFO - Filling up the DagBag from /opt/airflow/dags/player_data_fetcher_dag.py
[2025-04-30T01:49:37.680+0000] {logging_mixin.py:190} INFO - [2025-04-30T01:49:37.680+0000] {dagbag.py:387} ERROR - Failed to import: /opt/airflow/dags/player_data_fetcher_dag.py
Traceback (most recent call last):
  File "/home/airflow/.local/lib/python3.12/site-packages/airflow/models/dagbag.py", line 383, in parse
    loader.exec_module(new_module)
  File "<frozen importlib._bootstrap_external>", line 999, in exec_module
  File "<frozen importlib._bootstrap>", line 488, in _call_with_frames_removed
  File "/opt/airflow/dags/player_data_fetcher_dag.py", line 9, in <module>
    from fetch_season_logs import save_gamelog
ModuleNotFoundError: No module named 'fetch_season_logs'
[2025-04-30T01:49:37.681+0000] {processor.py:927} WARNING - No viable dags retrieved from /opt/airflow/dags/player_data_fetcher_dag.py
[2025-04-30T01:49:37.693+0000] {processor.py:208} INFO - Processing /opt/airflow/dags/player_data_fetcher_dag.py took 0.021 seconds
[2025-04-30T01:50:08.081+0000] {processor.py:186} INFO - Started process (PID=205) to work on /opt/airflow/dags/player_data_fetcher_dag.py
[2025-04-30T01:50:08.082+0000] {processor.py:914} INFO - Processing file /opt/airflow/dags/player_data_fetcher_dag.py for tasks to queue
[2025-04-30T01:50:08.083+0000] {logging_mixin.py:190} INFO - [2025-04-30T01:50:08.083+0000] {dagbag.py:588} INFO - Filling up the DagBag from /opt/airflow/dags/player_data_fetcher_dag.py
[2025-04-30T01:50:08.085+0000] {logging_mixin.py:190} INFO - [2025-04-30T01:50:08.084+0000] {dagbag.py:387} ERROR - Failed to import: /opt/airflow/dags/player_data_fetcher_dag.py
Traceback (most recent call last):
  File "/home/airflow/.local/lib/python3.12/site-packages/airflow/models/dagbag.py", line 383, in parse
    loader.exec_module(new_module)
  File "<frozen importlib._bootstrap_external>", line 999, in exec_module
  File "<frozen importlib._bootstrap>", line 488, in _call_with_frames_removed
  File "/opt/airflow/dags/player_data_fetcher_dag.py", line 9, in <module>
    from fetch_season_logs import save_gamelog
ModuleNotFoundError: No module named 'fetch_season_logs'
[2025-04-30T01:50:08.085+0000] {processor.py:927} WARNING - No viable dags retrieved from /opt/airflow/dags/player_data_fetcher_dag.py
[2025-04-30T01:50:08.098+0000] {processor.py:208} INFO - Processing /opt/airflow/dags/player_data_fetcher_dag.py took 0.022 seconds
[2025-04-30T01:50:38.459+0000] {processor.py:186} INFO - Started process (PID=207) to work on /opt/airflow/dags/player_data_fetcher_dag.py
[2025-04-30T01:50:38.459+0000] {processor.py:914} INFO - Processing file /opt/airflow/dags/player_data_fetcher_dag.py for tasks to queue
[2025-04-30T01:50:38.460+0000] {logging_mixin.py:190} INFO - [2025-04-30T01:50:38.460+0000] {dagbag.py:588} INFO - Filling up the DagBag from /opt/airflow/dags/player_data_fetcher_dag.py
[2025-04-30T01:50:38.462+0000] {logging_mixin.py:190} INFO - [2025-04-30T01:50:38.462+0000] {dagbag.py:387} ERROR - Failed to import: /opt/airflow/dags/player_data_fetcher_dag.py
Traceback (most recent call last):
  File "/home/airflow/.local/lib/python3.12/site-packages/airflow/models/dagbag.py", line 383, in parse
    loader.exec_module(new_module)
  File "<frozen importlib._bootstrap_external>", line 999, in exec_module
  File "<frozen importlib._bootstrap>", line 488, in _call_with_frames_removed
  File "/opt/airflow/dags/player_data_fetcher_dag.py", line 9, in <module>
    from fetch_season_logs import save_gamelog
ModuleNotFoundError: No module named 'fetch_season_logs'
[2025-04-30T01:50:38.463+0000] {processor.py:927} WARNING - No viable dags retrieved from /opt/airflow/dags/player_data_fetcher_dag.py
[2025-04-30T01:50:38.476+0000] {processor.py:208} INFO - Processing /opt/airflow/dags/player_data_fetcher_dag.py took 0.023 seconds
[2025-04-30T01:51:08.865+0000] {processor.py:186} INFO - Started process (PID=209) to work on /opt/airflow/dags/player_data_fetcher_dag.py
[2025-04-30T01:51:08.866+0000] {processor.py:914} INFO - Processing file /opt/airflow/dags/player_data_fetcher_dag.py for tasks to queue
[2025-04-30T01:51:08.867+0000] {logging_mixin.py:190} INFO - [2025-04-30T01:51:08.867+0000] {dagbag.py:588} INFO - Filling up the DagBag from /opt/airflow/dags/player_data_fetcher_dag.py
[2025-04-30T01:51:08.869+0000] {logging_mixin.py:190} INFO - [2025-04-30T01:51:08.868+0000] {dagbag.py:387} ERROR - Failed to import: /opt/airflow/dags/player_data_fetcher_dag.py
Traceback (most recent call last):
  File "/home/airflow/.local/lib/python3.12/site-packages/airflow/models/dagbag.py", line 383, in parse
    loader.exec_module(new_module)
  File "<frozen importlib._bootstrap_external>", line 999, in exec_module
  File "<frozen importlib._bootstrap>", line 488, in _call_with_frames_removed
  File "/opt/airflow/dags/player_data_fetcher_dag.py", line 9, in <module>
    from fetch_season_logs import save_gamelog
ModuleNotFoundError: No module named 'fetch_season_logs'
[2025-04-30T01:51:08.869+0000] {processor.py:927} WARNING - No viable dags retrieved from /opt/airflow/dags/player_data_fetcher_dag.py
[2025-04-30T01:51:08.884+0000] {processor.py:208} INFO - Processing /opt/airflow/dags/player_data_fetcher_dag.py took 0.024 seconds
[2025-04-30T01:51:39.271+0000] {processor.py:186} INFO - Started process (PID=211) to work on /opt/airflow/dags/player_data_fetcher_dag.py
[2025-04-30T01:51:39.272+0000] {processor.py:914} INFO - Processing file /opt/airflow/dags/player_data_fetcher_dag.py for tasks to queue
[2025-04-30T01:51:39.272+0000] {logging_mixin.py:190} INFO - [2025-04-30T01:51:39.272+0000] {dagbag.py:588} INFO - Filling up the DagBag from /opt/airflow/dags/player_data_fetcher_dag.py
[2025-04-30T01:51:39.275+0000] {logging_mixin.py:190} INFO - [2025-04-30T01:51:39.274+0000] {dagbag.py:387} ERROR - Failed to import: /opt/airflow/dags/player_data_fetcher_dag.py
Traceback (most recent call last):
  File "/home/airflow/.local/lib/python3.12/site-packages/airflow/models/dagbag.py", line 383, in parse
    loader.exec_module(new_module)
  File "<frozen importlib._bootstrap_external>", line 999, in exec_module
  File "<frozen importlib._bootstrap>", line 488, in _call_with_frames_removed
  File "/opt/airflow/dags/player_data_fetcher_dag.py", line 9, in <module>
    from fetch_season_logs import save_gamelog
ModuleNotFoundError: No module named 'fetch_season_logs'
[2025-04-30T01:51:39.276+0000] {processor.py:927} WARNING - No viable dags retrieved from /opt/airflow/dags/player_data_fetcher_dag.py
[2025-04-30T01:51:39.288+0000] {processor.py:208} INFO - Processing /opt/airflow/dags/player_data_fetcher_dag.py took 0.022 seconds
[2025-04-30T01:52:09.672+0000] {processor.py:186} INFO - Started process (PID=213) to work on /opt/airflow/dags/player_data_fetcher_dag.py
[2025-04-30T01:52:09.673+0000] {processor.py:914} INFO - Processing file /opt/airflow/dags/player_data_fetcher_dag.py for tasks to queue
[2025-04-30T01:52:09.674+0000] {logging_mixin.py:190} INFO - [2025-04-30T01:52:09.674+0000] {dagbag.py:588} INFO - Filling up the DagBag from /opt/airflow/dags/player_data_fetcher_dag.py
[2025-04-30T01:52:09.677+0000] {logging_mixin.py:190} INFO - [2025-04-30T01:52:09.676+0000] {dagbag.py:387} ERROR - Failed to import: /opt/airflow/dags/player_data_fetcher_dag.py
Traceback (most recent call last):
  File "/home/airflow/.local/lib/python3.12/site-packages/airflow/models/dagbag.py", line 383, in parse
    loader.exec_module(new_module)
  File "<frozen importlib._bootstrap_external>", line 999, in exec_module
  File "<frozen importlib._bootstrap>", line 488, in _call_with_frames_removed
  File "/opt/airflow/dags/player_data_fetcher_dag.py", line 9, in <module>
    from fetch_season_logs import save_gamelog
ModuleNotFoundError: No module named 'fetch_season_logs'
[2025-04-30T01:52:09.677+0000] {processor.py:927} WARNING - No viable dags retrieved from /opt/airflow/dags/player_data_fetcher_dag.py
[2025-04-30T01:52:09.692+0000] {processor.py:208} INFO - Processing /opt/airflow/dags/player_data_fetcher_dag.py took 0.025 seconds
[2025-04-30T01:52:40.058+0000] {processor.py:186} INFO - Started process (PID=215) to work on /opt/airflow/dags/player_data_fetcher_dag.py
[2025-04-30T01:52:40.059+0000] {processor.py:914} INFO - Processing file /opt/airflow/dags/player_data_fetcher_dag.py for tasks to queue
[2025-04-30T01:52:40.060+0000] {logging_mixin.py:190} INFO - [2025-04-30T01:52:40.060+0000] {dagbag.py:588} INFO - Filling up the DagBag from /opt/airflow/dags/player_data_fetcher_dag.py
[2025-04-30T01:52:40.063+0000] {logging_mixin.py:190} INFO - [2025-04-30T01:52:40.062+0000] {dagbag.py:387} ERROR - Failed to import: /opt/airflow/dags/player_data_fetcher_dag.py
Traceback (most recent call last):
  File "/home/airflow/.local/lib/python3.12/site-packages/airflow/models/dagbag.py", line 383, in parse
    loader.exec_module(new_module)
  File "<frozen importlib._bootstrap_external>", line 999, in exec_module
  File "<frozen importlib._bootstrap>", line 488, in _call_with_frames_removed
  File "/opt/airflow/dags/player_data_fetcher_dag.py", line 9, in <module>
    from fetch_season_logs import save_gamelog
ModuleNotFoundError: No module named 'fetch_season_logs'
[2025-04-30T01:52:40.063+0000] {processor.py:927} WARNING - No viable dags retrieved from /opt/airflow/dags/player_data_fetcher_dag.py
[2025-04-30T01:52:40.079+0000] {processor.py:208} INFO - Processing /opt/airflow/dags/player_data_fetcher_dag.py took 0.028 seconds
[2025-04-30T01:53:10.453+0000] {processor.py:186} INFO - Started process (PID=217) to work on /opt/airflow/dags/player_data_fetcher_dag.py
[2025-04-30T01:53:10.454+0000] {processor.py:914} INFO - Processing file /opt/airflow/dags/player_data_fetcher_dag.py for tasks to queue
[2025-04-30T01:53:10.454+0000] {logging_mixin.py:190} INFO - [2025-04-30T01:53:10.454+0000] {dagbag.py:588} INFO - Filling up the DagBag from /opt/airflow/dags/player_data_fetcher_dag.py
[2025-04-30T01:53:10.457+0000] {logging_mixin.py:190} INFO - [2025-04-30T01:53:10.456+0000] {dagbag.py:387} ERROR - Failed to import: /opt/airflow/dags/player_data_fetcher_dag.py
Traceback (most recent call last):
  File "/home/airflow/.local/lib/python3.12/site-packages/airflow/models/dagbag.py", line 383, in parse
    loader.exec_module(new_module)
  File "<frozen importlib._bootstrap_external>", line 999, in exec_module
  File "<frozen importlib._bootstrap>", line 488, in _call_with_frames_removed
  File "/opt/airflow/dags/player_data_fetcher_dag.py", line 9, in <module>
    from fetch_season_logs import save_gamelog
ModuleNotFoundError: No module named 'fetch_season_logs'
[2025-04-30T01:53:10.457+0000] {processor.py:927} WARNING - No viable dags retrieved from /opt/airflow/dags/player_data_fetcher_dag.py
[2025-04-30T01:53:10.472+0000] {processor.py:208} INFO - Processing /opt/airflow/dags/player_data_fetcher_dag.py took 0.024 seconds
[2025-04-30T01:53:40.858+0000] {processor.py:186} INFO - Started process (PID=219) to work on /opt/airflow/dags/player_data_fetcher_dag.py
[2025-04-30T01:53:40.859+0000] {processor.py:914} INFO - Processing file /opt/airflow/dags/player_data_fetcher_dag.py for tasks to queue
[2025-04-30T01:53:40.860+0000] {logging_mixin.py:190} INFO - [2025-04-30T01:53:40.860+0000] {dagbag.py:588} INFO - Filling up the DagBag from /opt/airflow/dags/player_data_fetcher_dag.py
[2025-04-30T01:53:40.864+0000] {logging_mixin.py:190} INFO - [2025-04-30T01:53:40.863+0000] {dagbag.py:387} ERROR - Failed to import: /opt/airflow/dags/player_data_fetcher_dag.py
Traceback (most recent call last):
  File "/home/airflow/.local/lib/python3.12/site-packages/airflow/models/dagbag.py", line 383, in parse
    loader.exec_module(new_module)
  File "<frozen importlib._bootstrap_external>", line 999, in exec_module
  File "<frozen importlib._bootstrap>", line 488, in _call_with_frames_removed
  File "/opt/airflow/dags/player_data_fetcher_dag.py", line 9, in <module>
    from fetch_season_logs import save_gamelog
ModuleNotFoundError: No module named 'fetch_season_logs'
[2025-04-30T01:53:40.864+0000] {processor.py:927} WARNING - No viable dags retrieved from /opt/airflow/dags/player_data_fetcher_dag.py
[2025-04-30T01:53:40.879+0000] {processor.py:208} INFO - Processing /opt/airflow/dags/player_data_fetcher_dag.py took 0.027 seconds
[2025-04-30T01:54:11.220+0000] {processor.py:186} INFO - Started process (PID=221) to work on /opt/airflow/dags/player_data_fetcher_dag.py
[2025-04-30T01:54:11.221+0000] {processor.py:914} INFO - Processing file /opt/airflow/dags/player_data_fetcher_dag.py for tasks to queue
[2025-04-30T01:54:11.222+0000] {logging_mixin.py:190} INFO - [2025-04-30T01:54:11.222+0000] {dagbag.py:588} INFO - Filling up the DagBag from /opt/airflow/dags/player_data_fetcher_dag.py
[2025-04-30T01:54:11.224+0000] {logging_mixin.py:190} INFO - [2025-04-30T01:54:11.224+0000] {dagbag.py:387} ERROR - Failed to import: /opt/airflow/dags/player_data_fetcher_dag.py
Traceback (most recent call last):
  File "/home/airflow/.local/lib/python3.12/site-packages/airflow/models/dagbag.py", line 383, in parse
    loader.exec_module(new_module)
  File "<frozen importlib._bootstrap_external>", line 999, in exec_module
  File "<frozen importlib._bootstrap>", line 488, in _call_with_frames_removed
  File "/opt/airflow/dags/player_data_fetcher_dag.py", line 9, in <module>
    from fetch_season_logs import save_gamelog
ModuleNotFoundError: No module named 'fetch_season_logs'
[2025-04-30T01:54:11.225+0000] {processor.py:927} WARNING - No viable dags retrieved from /opt/airflow/dags/player_data_fetcher_dag.py
[2025-04-30T01:54:11.238+0000] {processor.py:208} INFO - Processing /opt/airflow/dags/player_data_fetcher_dag.py took 0.022 seconds
[2025-04-30T01:54:41.739+0000] {processor.py:186} INFO - Started process (PID=223) to work on /opt/airflow/dags/player_data_fetcher_dag.py
[2025-04-30T01:54:41.739+0000] {processor.py:914} INFO - Processing file /opt/airflow/dags/player_data_fetcher_dag.py for tasks to queue
[2025-04-30T01:54:41.740+0000] {logging_mixin.py:190} INFO - [2025-04-30T01:54:41.740+0000] {dagbag.py:588} INFO - Filling up the DagBag from /opt/airflow/dags/player_data_fetcher_dag.py
[2025-04-30T01:54:41.743+0000] {logging_mixin.py:190} INFO - [2025-04-30T01:54:41.742+0000] {dagbag.py:387} ERROR - Failed to import: /opt/airflow/dags/player_data_fetcher_dag.py
Traceback (most recent call last):
  File "/home/airflow/.local/lib/python3.12/site-packages/airflow/models/dagbag.py", line 383, in parse
    loader.exec_module(new_module)
  File "<frozen importlib._bootstrap_external>", line 999, in exec_module
  File "<frozen importlib._bootstrap>", line 488, in _call_with_frames_removed
  File "/opt/airflow/dags/player_data_fetcher_dag.py", line 9, in <module>
    from fetch_season_logs import save_gamelog
ModuleNotFoundError: No module named 'fetch_season_logs'
[2025-04-30T01:54:41.743+0000] {processor.py:927} WARNING - No viable dags retrieved from /opt/airflow/dags/player_data_fetcher_dag.py
[2025-04-30T01:54:41.756+0000] {processor.py:208} INFO - Processing /opt/airflow/dags/player_data_fetcher_dag.py took 0.022 seconds
[2025-04-30T01:55:12.258+0000] {processor.py:186} INFO - Started process (PID=225) to work on /opt/airflow/dags/player_data_fetcher_dag.py
[2025-04-30T01:55:12.259+0000] {processor.py:914} INFO - Processing file /opt/airflow/dags/player_data_fetcher_dag.py for tasks to queue
[2025-04-30T01:55:12.260+0000] {logging_mixin.py:190} INFO - [2025-04-30T01:55:12.260+0000] {dagbag.py:588} INFO - Filling up the DagBag from /opt/airflow/dags/player_data_fetcher_dag.py
[2025-04-30T01:55:12.262+0000] {logging_mixin.py:190} INFO - [2025-04-30T01:55:12.262+0000] {dagbag.py:387} ERROR - Failed to import: /opt/airflow/dags/player_data_fetcher_dag.py
Traceback (most recent call last):
  File "/home/airflow/.local/lib/python3.12/site-packages/airflow/models/dagbag.py", line 383, in parse
    loader.exec_module(new_module)
  File "<frozen importlib._bootstrap_external>", line 999, in exec_module
  File "<frozen importlib._bootstrap>", line 488, in _call_with_frames_removed
  File "/opt/airflow/dags/player_data_fetcher_dag.py", line 9, in <module>
    from fetch_season_logs import save_gamelog
ModuleNotFoundError: No module named 'fetch_season_logs'
[2025-04-30T01:55:12.263+0000] {processor.py:927} WARNING - No viable dags retrieved from /opt/airflow/dags/player_data_fetcher_dag.py
[2025-04-30T01:55:12.274+0000] {processor.py:208} INFO - Processing /opt/airflow/dags/player_data_fetcher_dag.py took 0.022 seconds
[2025-04-30T01:55:42.791+0000] {processor.py:186} INFO - Started process (PID=227) to work on /opt/airflow/dags/player_data_fetcher_dag.py
[2025-04-30T01:55:42.791+0000] {processor.py:914} INFO - Processing file /opt/airflow/dags/player_data_fetcher_dag.py for tasks to queue
[2025-04-30T01:55:42.792+0000] {logging_mixin.py:190} INFO - [2025-04-30T01:55:42.792+0000] {dagbag.py:588} INFO - Filling up the DagBag from /opt/airflow/dags/player_data_fetcher_dag.py
[2025-04-30T01:55:42.794+0000] {logging_mixin.py:190} INFO - [2025-04-30T01:55:42.794+0000] {dagbag.py:387} ERROR - Failed to import: /opt/airflow/dags/player_data_fetcher_dag.py
Traceback (most recent call last):
  File "/home/airflow/.local/lib/python3.12/site-packages/airflow/models/dagbag.py", line 383, in parse
    loader.exec_module(new_module)
  File "<frozen importlib._bootstrap_external>", line 999, in exec_module
  File "<frozen importlib._bootstrap>", line 488, in _call_with_frames_removed
  File "/opt/airflow/dags/player_data_fetcher_dag.py", line 9, in <module>
    from fetch_season_logs import save_gamelog
ModuleNotFoundError: No module named 'fetch_season_logs'
[2025-04-30T01:55:42.795+0000] {processor.py:927} WARNING - No viable dags retrieved from /opt/airflow/dags/player_data_fetcher_dag.py
[2025-04-30T01:55:42.807+0000] {processor.py:208} INFO - Processing /opt/airflow/dags/player_data_fetcher_dag.py took 0.021 seconds
[2025-04-30T03:08:11.217+0000] {processor.py:186} INFO - Started process (PID=229) to work on /opt/airflow/dags/player_data_fetcher_dag.py
[2025-04-30T03:08:11.218+0000] {processor.py:914} INFO - Processing file /opt/airflow/dags/player_data_fetcher_dag.py for tasks to queue
[2025-04-30T03:08:11.219+0000] {logging_mixin.py:190} INFO - [2025-04-30T03:08:11.218+0000] {dagbag.py:588} INFO - Filling up the DagBag from /opt/airflow/dags/player_data_fetcher_dag.py
[2025-04-30T03:08:11.221+0000] {logging_mixin.py:190} INFO - [2025-04-30T03:08:11.220+0000] {dagbag.py:387} ERROR - Failed to import: /opt/airflow/dags/player_data_fetcher_dag.py
Traceback (most recent call last):
  File "/home/airflow/.local/lib/python3.12/site-packages/airflow/models/dagbag.py", line 383, in parse
    loader.exec_module(new_module)
  File "<frozen importlib._bootstrap_external>", line 999, in exec_module
  File "<frozen importlib._bootstrap>", line 488, in _call_with_frames_removed
  File "/opt/airflow/dags/player_data_fetcher_dag.py", line 9, in <module>
    from fetch_season_logs import save_gamelog
ModuleNotFoundError: No module named 'fetch_season_logs'
[2025-04-30T03:08:11.221+0000] {processor.py:927} WARNING - No viable dags retrieved from /opt/airflow/dags/player_data_fetcher_dag.py
[2025-04-30T03:08:11.232+0000] {processor.py:208} INFO - Processing /opt/airflow/dags/player_data_fetcher_dag.py took 0.019 seconds
[2025-04-30T03:08:41.693+0000] {processor.py:186} INFO - Started process (PID=231) to work on /opt/airflow/dags/player_data_fetcher_dag.py
[2025-04-30T03:08:41.694+0000] {processor.py:914} INFO - Processing file /opt/airflow/dags/player_data_fetcher_dag.py for tasks to queue
[2025-04-30T03:08:41.694+0000] {logging_mixin.py:190} INFO - [2025-04-30T03:08:41.694+0000] {dagbag.py:588} INFO - Filling up the DagBag from /opt/airflow/dags/player_data_fetcher_dag.py
[2025-04-30T03:08:41.697+0000] {logging_mixin.py:190} INFO - [2025-04-30T03:08:41.696+0000] {dagbag.py:387} ERROR - Failed to import: /opt/airflow/dags/player_data_fetcher_dag.py
Traceback (most recent call last):
  File "/home/airflow/.local/lib/python3.12/site-packages/airflow/models/dagbag.py", line 383, in parse
    loader.exec_module(new_module)
  File "<frozen importlib._bootstrap_external>", line 999, in exec_module
  File "<frozen importlib._bootstrap>", line 488, in _call_with_frames_removed
  File "/opt/airflow/dags/player_data_fetcher_dag.py", line 9, in <module>
    from fetch_season_logs import save_gamelog
ModuleNotFoundError: No module named 'fetch_season_logs'
[2025-04-30T03:08:41.697+0000] {processor.py:927} WARNING - No viable dags retrieved from /opt/airflow/dags/player_data_fetcher_dag.py
[2025-04-30T03:08:41.714+0000] {processor.py:208} INFO - Processing /opt/airflow/dags/player_data_fetcher_dag.py took 0.026 seconds
[2025-04-30T03:09:12.074+0000] {processor.py:186} INFO - Started process (PID=233) to work on /opt/airflow/dags/player_data_fetcher_dag.py
[2025-04-30T03:09:12.075+0000] {processor.py:914} INFO - Processing file /opt/airflow/dags/player_data_fetcher_dag.py for tasks to queue
[2025-04-30T03:09:12.076+0000] {logging_mixin.py:190} INFO - [2025-04-30T03:09:12.075+0000] {dagbag.py:588} INFO - Filling up the DagBag from /opt/airflow/dags/player_data_fetcher_dag.py
[2025-04-30T03:09:12.077+0000] {logging_mixin.py:190} INFO - [2025-04-30T03:09:12.077+0000] {dagbag.py:387} ERROR - Failed to import: /opt/airflow/dags/player_data_fetcher_dag.py
Traceback (most recent call last):
  File "/home/airflow/.local/lib/python3.12/site-packages/airflow/models/dagbag.py", line 383, in parse
    loader.exec_module(new_module)
  File "<frozen importlib._bootstrap_external>", line 999, in exec_module
  File "<frozen importlib._bootstrap>", line 488, in _call_with_frames_removed
  File "/opt/airflow/dags/player_data_fetcher_dag.py", line 9, in <module>
    from fetch_season_logs import save_gamelog
ModuleNotFoundError: No module named 'fetch_season_logs'
[2025-04-30T03:09:12.078+0000] {processor.py:927} WARNING - No viable dags retrieved from /opt/airflow/dags/player_data_fetcher_dag.py
[2025-04-30T03:09:12.090+0000] {processor.py:208} INFO - Processing /opt/airflow/dags/player_data_fetcher_dag.py took 0.019 seconds
[2025-04-30T03:09:42.594+0000] {processor.py:186} INFO - Started process (PID=235) to work on /opt/airflow/dags/player_data_fetcher_dag.py
[2025-04-30T03:09:42.595+0000] {processor.py:914} INFO - Processing file /opt/airflow/dags/player_data_fetcher_dag.py for tasks to queue
[2025-04-30T03:09:42.596+0000] {logging_mixin.py:190} INFO - [2025-04-30T03:09:42.596+0000] {dagbag.py:588} INFO - Filling up the DagBag from /opt/airflow/dags/player_data_fetcher_dag.py
[2025-04-30T03:09:42.598+0000] {logging_mixin.py:190} INFO - [2025-04-30T03:09:42.598+0000] {dagbag.py:387} ERROR - Failed to import: /opt/airflow/dags/player_data_fetcher_dag.py
Traceback (most recent call last):
  File "/home/airflow/.local/lib/python3.12/site-packages/airflow/models/dagbag.py", line 383, in parse
    loader.exec_module(new_module)
  File "<frozen importlib._bootstrap_external>", line 999, in exec_module
  File "<frozen importlib._bootstrap>", line 488, in _call_with_frames_removed
  File "/opt/airflow/dags/player_data_fetcher_dag.py", line 9, in <module>
    from fetch_season_logs import save_gamelog
ModuleNotFoundError: No module named 'fetch_season_logs'
[2025-04-30T03:09:42.599+0000] {processor.py:927} WARNING - No viable dags retrieved from /opt/airflow/dags/player_data_fetcher_dag.py
[2025-04-30T03:09:42.611+0000] {processor.py:208} INFO - Processing /opt/airflow/dags/player_data_fetcher_dag.py took 0.023 seconds
[2025-04-30T03:10:13.022+0000] {processor.py:186} INFO - Started process (PID=237) to work on /opt/airflow/dags/player_data_fetcher_dag.py
[2025-04-30T03:10:13.023+0000] {processor.py:914} INFO - Processing file /opt/airflow/dags/player_data_fetcher_dag.py for tasks to queue
[2025-04-30T03:10:13.024+0000] {logging_mixin.py:190} INFO - [2025-04-30T03:10:13.024+0000] {dagbag.py:588} INFO - Filling up the DagBag from /opt/airflow/dags/player_data_fetcher_dag.py
[2025-04-30T03:10:13.026+0000] {logging_mixin.py:190} INFO - [2025-04-30T03:10:13.026+0000] {dagbag.py:387} ERROR - Failed to import: /opt/airflow/dags/player_data_fetcher_dag.py
Traceback (most recent call last):
  File "/home/airflow/.local/lib/python3.12/site-packages/airflow/models/dagbag.py", line 383, in parse
    loader.exec_module(new_module)
  File "<frozen importlib._bootstrap_external>", line 999, in exec_module
  File "<frozen importlib._bootstrap>", line 488, in _call_with_frames_removed
  File "/opt/airflow/dags/player_data_fetcher_dag.py", line 9, in <module>
    from fetch_season_logs import save_gamelog
ModuleNotFoundError: No module named 'fetch_season_logs'
[2025-04-30T03:10:13.027+0000] {processor.py:927} WARNING - No viable dags retrieved from /opt/airflow/dags/player_data_fetcher_dag.py
[2025-04-30T03:10:13.040+0000] {processor.py:208} INFO - Processing /opt/airflow/dags/player_data_fetcher_dag.py took 0.023 seconds
[2025-04-30T03:10:43.509+0000] {processor.py:186} INFO - Started process (PID=239) to work on /opt/airflow/dags/player_data_fetcher_dag.py
[2025-04-30T03:10:43.510+0000] {processor.py:914} INFO - Processing file /opt/airflow/dags/player_data_fetcher_dag.py for tasks to queue
[2025-04-30T03:10:43.511+0000] {logging_mixin.py:190} INFO - [2025-04-30T03:10:43.510+0000] {dagbag.py:588} INFO - Filling up the DagBag from /opt/airflow/dags/player_data_fetcher_dag.py
[2025-04-30T03:10:43.513+0000] {logging_mixin.py:190} INFO - [2025-04-30T03:10:43.513+0000] {dagbag.py:387} ERROR - Failed to import: /opt/airflow/dags/player_data_fetcher_dag.py
Traceback (most recent call last):
  File "/home/airflow/.local/lib/python3.12/site-packages/airflow/models/dagbag.py", line 383, in parse
    loader.exec_module(new_module)
  File "<frozen importlib._bootstrap_external>", line 999, in exec_module
  File "<frozen importlib._bootstrap>", line 488, in _call_with_frames_removed
  File "/opt/airflow/dags/player_data_fetcher_dag.py", line 9, in <module>
    from fetch_season_logs import save_gamelog
ModuleNotFoundError: No module named 'fetch_season_logs'
[2025-04-30T03:10:43.514+0000] {processor.py:927} WARNING - No viable dags retrieved from /opt/airflow/dags/player_data_fetcher_dag.py
[2025-04-30T03:10:43.527+0000] {processor.py:208} INFO - Processing /opt/airflow/dags/player_data_fetcher_dag.py took 0.024 seconds
[2025-04-30T03:11:14.056+0000] {processor.py:186} INFO - Started process (PID=241) to work on /opt/airflow/dags/player_data_fetcher_dag.py
[2025-04-30T03:11:14.057+0000] {processor.py:914} INFO - Processing file /opt/airflow/dags/player_data_fetcher_dag.py for tasks to queue
[2025-04-30T03:11:14.058+0000] {logging_mixin.py:190} INFO - [2025-04-30T03:11:14.058+0000] {dagbag.py:588} INFO - Filling up the DagBag from /opt/airflow/dags/player_data_fetcher_dag.py
[2025-04-30T03:11:14.061+0000] {logging_mixin.py:190} INFO - [2025-04-30T03:11:14.060+0000] {dagbag.py:387} ERROR - Failed to import: /opt/airflow/dags/player_data_fetcher_dag.py
Traceback (most recent call last):
  File "/home/airflow/.local/lib/python3.12/site-packages/airflow/models/dagbag.py", line 383, in parse
    loader.exec_module(new_module)
  File "<frozen importlib._bootstrap_external>", line 999, in exec_module
  File "<frozen importlib._bootstrap>", line 488, in _call_with_frames_removed
  File "/opt/airflow/dags/player_data_fetcher_dag.py", line 9, in <module>
    from fetch_season_logs import save_gamelog
ModuleNotFoundError: No module named 'fetch_season_logs'
[2025-04-30T03:11:14.061+0000] {processor.py:927} WARNING - No viable dags retrieved from /opt/airflow/dags/player_data_fetcher_dag.py
[2025-04-30T03:11:14.074+0000] {processor.py:208} INFO - Processing /opt/airflow/dags/player_data_fetcher_dag.py took 0.024 seconds
[2025-04-30T05:00:17.193+0000] {processor.py:186} INFO - Started process (PID=243) to work on /opt/airflow/dags/player_data_fetcher_dag.py
[2025-04-30T05:00:17.193+0000] {processor.py:914} INFO - Processing file /opt/airflow/dags/player_data_fetcher_dag.py for tasks to queue
[2025-04-30T05:00:17.194+0000] {logging_mixin.py:190} INFO - [2025-04-30T05:00:17.193+0000] {dagbag.py:588} INFO - Filling up the DagBag from /opt/airflow/dags/player_data_fetcher_dag.py
[2025-04-30T05:00:17.196+0000] {logging_mixin.py:190} INFO - [2025-04-30T05:00:17.195+0000] {dagbag.py:387} ERROR - Failed to import: /opt/airflow/dags/player_data_fetcher_dag.py
Traceback (most recent call last):
  File "/home/airflow/.local/lib/python3.12/site-packages/airflow/models/dagbag.py", line 383, in parse
    loader.exec_module(new_module)
  File "<frozen importlib._bootstrap_external>", line 999, in exec_module
  File "<frozen importlib._bootstrap>", line 488, in _call_with_frames_removed
  File "/opt/airflow/dags/player_data_fetcher_dag.py", line 9, in <module>
    from fetch_season_logs import save_gamelog
ModuleNotFoundError: No module named 'fetch_season_logs'
[2025-04-30T05:00:17.196+0000] {processor.py:927} WARNING - No viable dags retrieved from /opt/airflow/dags/player_data_fetcher_dag.py
[2025-04-30T05:00:17.207+0000] {processor.py:208} INFO - Processing /opt/airflow/dags/player_data_fetcher_dag.py took 0.018 seconds
[2025-04-30T05:00:47.596+0000] {processor.py:186} INFO - Started process (PID=245) to work on /opt/airflow/dags/player_data_fetcher_dag.py
[2025-04-30T05:00:47.597+0000] {processor.py:914} INFO - Processing file /opt/airflow/dags/player_data_fetcher_dag.py for tasks to queue
[2025-04-30T05:00:47.598+0000] {logging_mixin.py:190} INFO - [2025-04-30T05:00:47.598+0000] {dagbag.py:588} INFO - Filling up the DagBag from /opt/airflow/dags/player_data_fetcher_dag.py
[2025-04-30T05:00:47.601+0000] {logging_mixin.py:190} INFO - [2025-04-30T05:00:47.600+0000] {dagbag.py:387} ERROR - Failed to import: /opt/airflow/dags/player_data_fetcher_dag.py
Traceback (most recent call last):
  File "/home/airflow/.local/lib/python3.12/site-packages/airflow/models/dagbag.py", line 383, in parse
    loader.exec_module(new_module)
  File "<frozen importlib._bootstrap_external>", line 999, in exec_module
  File "<frozen importlib._bootstrap>", line 488, in _call_with_frames_removed
  File "/opt/airflow/dags/player_data_fetcher_dag.py", line 9, in <module>
    from fetch_season_logs import save_gamelog
ModuleNotFoundError: No module named 'fetch_season_logs'
[2025-04-30T05:00:47.601+0000] {processor.py:927} WARNING - No viable dags retrieved from /opt/airflow/dags/player_data_fetcher_dag.py
[2025-04-30T05:00:47.613+0000] {processor.py:208} INFO - Processing /opt/airflow/dags/player_data_fetcher_dag.py took 0.021 seconds
[2025-04-30T05:01:18.023+0000] {processor.py:186} INFO - Started process (PID=247) to work on /opt/airflow/dags/player_data_fetcher_dag.py
[2025-04-30T05:01:18.023+0000] {processor.py:914} INFO - Processing file /opt/airflow/dags/player_data_fetcher_dag.py for tasks to queue
[2025-04-30T05:01:18.025+0000] {logging_mixin.py:190} INFO - [2025-04-30T05:01:18.024+0000] {dagbag.py:588} INFO - Filling up the DagBag from /opt/airflow/dags/player_data_fetcher_dag.py
[2025-04-30T05:01:18.027+0000] {logging_mixin.py:190} INFO - [2025-04-30T05:01:18.027+0000] {dagbag.py:387} ERROR - Failed to import: /opt/airflow/dags/player_data_fetcher_dag.py
Traceback (most recent call last):
  File "/home/airflow/.local/lib/python3.12/site-packages/airflow/models/dagbag.py", line 383, in parse
    loader.exec_module(new_module)
  File "<frozen importlib._bootstrap_external>", line 999, in exec_module
  File "<frozen importlib._bootstrap>", line 488, in _call_with_frames_removed
  File "/opt/airflow/dags/player_data_fetcher_dag.py", line 9, in <module>
    from fetch_season_logs import save_gamelog
ModuleNotFoundError: No module named 'fetch_season_logs'
[2025-04-30T05:01:18.028+0000] {processor.py:927} WARNING - No viable dags retrieved from /opt/airflow/dags/player_data_fetcher_dag.py
[2025-04-30T05:01:18.040+0000] {processor.py:208} INFO - Processing /opt/airflow/dags/player_data_fetcher_dag.py took 0.024 seconds
[2025-04-30T05:01:48.466+0000] {processor.py:186} INFO - Started process (PID=249) to work on /opt/airflow/dags/player_data_fetcher_dag.py
[2025-04-30T05:01:48.467+0000] {processor.py:914} INFO - Processing file /opt/airflow/dags/player_data_fetcher_dag.py for tasks to queue
[2025-04-30T05:01:48.468+0000] {logging_mixin.py:190} INFO - [2025-04-30T05:01:48.467+0000] {dagbag.py:588} INFO - Filling up the DagBag from /opt/airflow/dags/player_data_fetcher_dag.py
[2025-04-30T05:01:48.471+0000] {logging_mixin.py:190} INFO - [2025-04-30T05:01:48.470+0000] {dagbag.py:387} ERROR - Failed to import: /opt/airflow/dags/player_data_fetcher_dag.py
Traceback (most recent call last):
  File "/home/airflow/.local/lib/python3.12/site-packages/airflow/models/dagbag.py", line 383, in parse
    loader.exec_module(new_module)
  File "<frozen importlib._bootstrap_external>", line 999, in exec_module
  File "<frozen importlib._bootstrap>", line 488, in _call_with_frames_removed
  File "/opt/airflow/dags/player_data_fetcher_dag.py", line 9, in <module>
    from fetch_season_logs import save_gamelog
ModuleNotFoundError: No module named 'fetch_season_logs'
[2025-04-30T05:01:48.471+0000] {processor.py:927} WARNING - No viable dags retrieved from /opt/airflow/dags/player_data_fetcher_dag.py
[2025-04-30T05:01:48.485+0000] {processor.py:208} INFO - Processing /opt/airflow/dags/player_data_fetcher_dag.py took 0.026 seconds
[2025-04-30T05:02:18.909+0000] {processor.py:186} INFO - Started process (PID=251) to work on /opt/airflow/dags/player_data_fetcher_dag.py
[2025-04-30T05:02:18.910+0000] {processor.py:914} INFO - Processing file /opt/airflow/dags/player_data_fetcher_dag.py for tasks to queue
[2025-04-30T05:02:18.911+0000] {logging_mixin.py:190} INFO - [2025-04-30T05:02:18.910+0000] {dagbag.py:588} INFO - Filling up the DagBag from /opt/airflow/dags/player_data_fetcher_dag.py
[2025-04-30T05:02:18.913+0000] {logging_mixin.py:190} INFO - [2025-04-30T05:02:18.913+0000] {dagbag.py:387} ERROR - Failed to import: /opt/airflow/dags/player_data_fetcher_dag.py
Traceback (most recent call last):
  File "/home/airflow/.local/lib/python3.12/site-packages/airflow/models/dagbag.py", line 383, in parse
    loader.exec_module(new_module)
  File "<frozen importlib._bootstrap_external>", line 999, in exec_module
  File "<frozen importlib._bootstrap>", line 488, in _call_with_frames_removed
  File "/opt/airflow/dags/player_data_fetcher_dag.py", line 9, in <module>
    from fetch_season_logs import save_gamelog
ModuleNotFoundError: No module named 'fetch_season_logs'
[2025-04-30T05:02:18.914+0000] {processor.py:927} WARNING - No viable dags retrieved from /opt/airflow/dags/player_data_fetcher_dag.py
[2025-04-30T05:02:18.927+0000] {processor.py:208} INFO - Processing /opt/airflow/dags/player_data_fetcher_dag.py took 0.024 seconds
[2025-04-30T05:02:49.419+0000] {processor.py:186} INFO - Started process (PID=253) to work on /opt/airflow/dags/player_data_fetcher_dag.py
[2025-04-30T05:02:49.420+0000] {processor.py:914} INFO - Processing file /opt/airflow/dags/player_data_fetcher_dag.py for tasks to queue
[2025-04-30T05:02:49.420+0000] {logging_mixin.py:190} INFO - [2025-04-30T05:02:49.420+0000] {dagbag.py:588} INFO - Filling up the DagBag from /opt/airflow/dags/player_data_fetcher_dag.py
[2025-04-30T05:02:49.423+0000] {logging_mixin.py:190} INFO - [2025-04-30T05:02:49.422+0000] {dagbag.py:387} ERROR - Failed to import: /opt/airflow/dags/player_data_fetcher_dag.py
Traceback (most recent call last):
  File "/home/airflow/.local/lib/python3.12/site-packages/airflow/models/dagbag.py", line 383, in parse
    loader.exec_module(new_module)
  File "<frozen importlib._bootstrap_external>", line 999, in exec_module
  File "<frozen importlib._bootstrap>", line 488, in _call_with_frames_removed
  File "/opt/airflow/dags/player_data_fetcher_dag.py", line 9, in <module>
    from fetch_season_logs import save_gamelog
ModuleNotFoundError: No module named 'fetch_season_logs'
[2025-04-30T05:02:49.423+0000] {processor.py:927} WARNING - No viable dags retrieved from /opt/airflow/dags/player_data_fetcher_dag.py
[2025-04-30T05:02:49.436+0000] {processor.py:208} INFO - Processing /opt/airflow/dags/player_data_fetcher_dag.py took 0.023 seconds
[2025-04-30T05:03:19.860+0000] {processor.py:186} INFO - Started process (PID=255) to work on /opt/airflow/dags/player_data_fetcher_dag.py
[2025-04-30T05:03:19.860+0000] {processor.py:914} INFO - Processing file /opt/airflow/dags/player_data_fetcher_dag.py for tasks to queue
[2025-04-30T05:03:19.861+0000] {logging_mixin.py:190} INFO - [2025-04-30T05:03:19.861+0000] {dagbag.py:588} INFO - Filling up the DagBag from /opt/airflow/dags/player_data_fetcher_dag.py
[2025-04-30T05:03:19.863+0000] {logging_mixin.py:190} INFO - [2025-04-30T05:03:19.863+0000] {dagbag.py:387} ERROR - Failed to import: /opt/airflow/dags/player_data_fetcher_dag.py
Traceback (most recent call last):
  File "/home/airflow/.local/lib/python3.12/site-packages/airflow/models/dagbag.py", line 383, in parse
    loader.exec_module(new_module)
  File "<frozen importlib._bootstrap_external>", line 999, in exec_module
  File "<frozen importlib._bootstrap>", line 488, in _call_with_frames_removed
  File "/opt/airflow/dags/player_data_fetcher_dag.py", line 9, in <module>
    from fetch_season_logs import save_gamelog
ModuleNotFoundError: No module named 'fetch_season_logs'
[2025-04-30T05:03:19.864+0000] {processor.py:927} WARNING - No viable dags retrieved from /opt/airflow/dags/player_data_fetcher_dag.py
[2025-04-30T05:03:19.877+0000] {processor.py:208} INFO - Processing /opt/airflow/dags/player_data_fetcher_dag.py took 0.022 seconds
[2025-04-30T05:03:50.301+0000] {processor.py:186} INFO - Started process (PID=257) to work on /opt/airflow/dags/player_data_fetcher_dag.py
[2025-04-30T05:03:50.302+0000] {processor.py:914} INFO - Processing file /opt/airflow/dags/player_data_fetcher_dag.py for tasks to queue
[2025-04-30T05:03:50.303+0000] {logging_mixin.py:190} INFO - [2025-04-30T05:03:50.303+0000] {dagbag.py:588} INFO - Filling up the DagBag from /opt/airflow/dags/player_data_fetcher_dag.py
[2025-04-30T05:03:50.306+0000] {logging_mixin.py:190} INFO - [2025-04-30T05:03:50.305+0000] {dagbag.py:387} ERROR - Failed to import: /opt/airflow/dags/player_data_fetcher_dag.py
Traceback (most recent call last):
  File "/home/airflow/.local/lib/python3.12/site-packages/airflow/models/dagbag.py", line 383, in parse
    loader.exec_module(new_module)
  File "<frozen importlib._bootstrap_external>", line 999, in exec_module
  File "<frozen importlib._bootstrap>", line 488, in _call_with_frames_removed
  File "/opt/airflow/dags/player_data_fetcher_dag.py", line 9, in <module>
    from fetch_season_logs import save_gamelog
ModuleNotFoundError: No module named 'fetch_season_logs'
[2025-04-30T05:03:50.306+0000] {processor.py:927} WARNING - No viable dags retrieved from /opt/airflow/dags/player_data_fetcher_dag.py
[2025-04-30T05:03:50.319+0000] {processor.py:208} INFO - Processing /opt/airflow/dags/player_data_fetcher_dag.py took 0.023 seconds
[2025-04-30T05:04:20.800+0000] {processor.py:186} INFO - Started process (PID=259) to work on /opt/airflow/dags/player_data_fetcher_dag.py
[2025-04-30T05:04:20.801+0000] {processor.py:914} INFO - Processing file /opt/airflow/dags/player_data_fetcher_dag.py for tasks to queue
[2025-04-30T05:04:20.801+0000] {logging_mixin.py:190} INFO - [2025-04-30T05:04:20.801+0000] {dagbag.py:588} INFO - Filling up the DagBag from /opt/airflow/dags/player_data_fetcher_dag.py
[2025-04-30T05:04:20.804+0000] {logging_mixin.py:190} INFO - [2025-04-30T05:04:20.803+0000] {dagbag.py:387} ERROR - Failed to import: /opt/airflow/dags/player_data_fetcher_dag.py
Traceback (most recent call last):
  File "/home/airflow/.local/lib/python3.12/site-packages/airflow/models/dagbag.py", line 383, in parse
    loader.exec_module(new_module)
  File "<frozen importlib._bootstrap_external>", line 999, in exec_module
  File "<frozen importlib._bootstrap>", line 488, in _call_with_frames_removed
  File "/opt/airflow/dags/player_data_fetcher_dag.py", line 9, in <module>
    from fetch_season_logs import save_gamelog
ModuleNotFoundError: No module named 'fetch_season_logs'
[2025-04-30T05:04:20.805+0000] {processor.py:927} WARNING - No viable dags retrieved from /opt/airflow/dags/player_data_fetcher_dag.py
[2025-04-30T05:04:20.817+0000] {processor.py:208} INFO - Processing /opt/airflow/dags/player_data_fetcher_dag.py took 0.022 seconds
[2025-04-30T05:04:51.241+0000] {processor.py:186} INFO - Started process (PID=261) to work on /opt/airflow/dags/player_data_fetcher_dag.py
[2025-04-30T05:04:51.242+0000] {processor.py:914} INFO - Processing file /opt/airflow/dags/player_data_fetcher_dag.py for tasks to queue
[2025-04-30T05:04:51.243+0000] {logging_mixin.py:190} INFO - [2025-04-30T05:04:51.243+0000] {dagbag.py:588} INFO - Filling up the DagBag from /opt/airflow/dags/player_data_fetcher_dag.py
[2025-04-30T05:04:51.245+0000] {logging_mixin.py:190} INFO - [2025-04-30T05:04:51.245+0000] {dagbag.py:387} ERROR - Failed to import: /opt/airflow/dags/player_data_fetcher_dag.py
Traceback (most recent call last):
  File "/home/airflow/.local/lib/python3.12/site-packages/airflow/models/dagbag.py", line 383, in parse
    loader.exec_module(new_module)
  File "<frozen importlib._bootstrap_external>", line 999, in exec_module
  File "<frozen importlib._bootstrap>", line 488, in _call_with_frames_removed
  File "/opt/airflow/dags/player_data_fetcher_dag.py", line 9, in <module>
    from fetch_season_logs import save_gamelog
ModuleNotFoundError: No module named 'fetch_season_logs'
[2025-04-30T05:04:51.245+0000] {processor.py:927} WARNING - No viable dags retrieved from /opt/airflow/dags/player_data_fetcher_dag.py
[2025-04-30T05:04:51.257+0000] {processor.py:208} INFO - Processing /opt/airflow/dags/player_data_fetcher_dag.py took 0.021 seconds
[2025-04-30T05:05:21.723+0000] {processor.py:186} INFO - Started process (PID=263) to work on /opt/airflow/dags/player_data_fetcher_dag.py
[2025-04-30T05:05:21.724+0000] {processor.py:914} INFO - Processing file /opt/airflow/dags/player_data_fetcher_dag.py for tasks to queue
[2025-04-30T05:05:21.725+0000] {logging_mixin.py:190} INFO - [2025-04-30T05:05:21.725+0000] {dagbag.py:588} INFO - Filling up the DagBag from /opt/airflow/dags/player_data_fetcher_dag.py
[2025-04-30T05:05:21.727+0000] {logging_mixin.py:190} INFO - [2025-04-30T05:05:21.727+0000] {dagbag.py:387} ERROR - Failed to import: /opt/airflow/dags/player_data_fetcher_dag.py
Traceback (most recent call last):
  File "/home/airflow/.local/lib/python3.12/site-packages/airflow/models/dagbag.py", line 383, in parse
    loader.exec_module(new_module)
  File "<frozen importlib._bootstrap_external>", line 999, in exec_module
  File "<frozen importlib._bootstrap>", line 488, in _call_with_frames_removed
  File "/opt/airflow/dags/player_data_fetcher_dag.py", line 9, in <module>
    from fetch_season_logs import save_gamelog
ModuleNotFoundError: No module named 'fetch_season_logs'
[2025-04-30T05:05:21.728+0000] {processor.py:927} WARNING - No viable dags retrieved from /opt/airflow/dags/player_data_fetcher_dag.py
[2025-04-30T05:05:21.740+0000] {processor.py:208} INFO - Processing /opt/airflow/dags/player_data_fetcher_dag.py took 0.022 seconds
[2025-04-30T05:05:52.240+0000] {processor.py:186} INFO - Started process (PID=265) to work on /opt/airflow/dags/player_data_fetcher_dag.py
[2025-04-30T05:05:52.241+0000] {processor.py:914} INFO - Processing file /opt/airflow/dags/player_data_fetcher_dag.py for tasks to queue
[2025-04-30T05:05:52.242+0000] {logging_mixin.py:190} INFO - [2025-04-30T05:05:52.242+0000] {dagbag.py:588} INFO - Filling up the DagBag from /opt/airflow/dags/player_data_fetcher_dag.py
[2025-04-30T05:05:52.245+0000] {logging_mixin.py:190} INFO - [2025-04-30T05:05:52.244+0000] {dagbag.py:387} ERROR - Failed to import: /opt/airflow/dags/player_data_fetcher_dag.py
Traceback (most recent call last):
  File "/home/airflow/.local/lib/python3.12/site-packages/airflow/models/dagbag.py", line 383, in parse
    loader.exec_module(new_module)
  File "<frozen importlib._bootstrap_external>", line 999, in exec_module
  File "<frozen importlib._bootstrap>", line 488, in _call_with_frames_removed
  File "/opt/airflow/dags/player_data_fetcher_dag.py", line 9, in <module>
    from fetch_season_logs import save_gamelog
ModuleNotFoundError: No module named 'fetch_season_logs'
[2025-04-30T05:05:52.245+0000] {processor.py:927} WARNING - No viable dags retrieved from /opt/airflow/dags/player_data_fetcher_dag.py
[2025-04-30T05:05:52.258+0000] {processor.py:208} INFO - Processing /opt/airflow/dags/player_data_fetcher_dag.py took 0.025 seconds
[2025-04-30T05:06:22.718+0000] {processor.py:186} INFO - Started process (PID=267) to work on /opt/airflow/dags/player_data_fetcher_dag.py
[2025-04-30T05:06:22.719+0000] {processor.py:914} INFO - Processing file /opt/airflow/dags/player_data_fetcher_dag.py for tasks to queue
[2025-04-30T05:06:22.720+0000] {logging_mixin.py:190} INFO - [2025-04-30T05:06:22.719+0000] {dagbag.py:588} INFO - Filling up the DagBag from /opt/airflow/dags/player_data_fetcher_dag.py
[2025-04-30T05:06:22.722+0000] {logging_mixin.py:190} INFO - [2025-04-30T05:06:22.721+0000] {dagbag.py:387} ERROR - Failed to import: /opt/airflow/dags/player_data_fetcher_dag.py
Traceback (most recent call last):
  File "/home/airflow/.local/lib/python3.12/site-packages/airflow/models/dagbag.py", line 383, in parse
    loader.exec_module(new_module)
  File "<frozen importlib._bootstrap_external>", line 999, in exec_module
  File "<frozen importlib._bootstrap>", line 488, in _call_with_frames_removed
  File "/opt/airflow/dags/player_data_fetcher_dag.py", line 9, in <module>
    from fetch_season_logs import save_gamelog
ModuleNotFoundError: No module named 'fetch_season_logs'
[2025-04-30T05:06:22.722+0000] {processor.py:927} WARNING - No viable dags retrieved from /opt/airflow/dags/player_data_fetcher_dag.py
[2025-04-30T05:06:22.735+0000] {processor.py:208} INFO - Processing /opt/airflow/dags/player_data_fetcher_dag.py took 0.023 seconds
[2025-04-30T05:06:53.195+0000] {processor.py:186} INFO - Started process (PID=269) to work on /opt/airflow/dags/player_data_fetcher_dag.py
[2025-04-30T05:06:53.195+0000] {processor.py:914} INFO - Processing file /opt/airflow/dags/player_data_fetcher_dag.py for tasks to queue
[2025-04-30T05:06:53.196+0000] {logging_mixin.py:190} INFO - [2025-04-30T05:06:53.196+0000] {dagbag.py:588} INFO - Filling up the DagBag from /opt/airflow/dags/player_data_fetcher_dag.py
[2025-04-30T05:06:53.199+0000] {logging_mixin.py:190} INFO - [2025-04-30T05:06:53.198+0000] {dagbag.py:387} ERROR - Failed to import: /opt/airflow/dags/player_data_fetcher_dag.py
Traceback (most recent call last):
  File "/home/airflow/.local/lib/python3.12/site-packages/airflow/models/dagbag.py", line 383, in parse
    loader.exec_module(new_module)
  File "<frozen importlib._bootstrap_external>", line 999, in exec_module
  File "<frozen importlib._bootstrap>", line 488, in _call_with_frames_removed
  File "/opt/airflow/dags/player_data_fetcher_dag.py", line 9, in <module>
    from fetch_season_logs import save_gamelog
ModuleNotFoundError: No module named 'fetch_season_logs'
[2025-04-30T05:06:53.199+0000] {processor.py:927} WARNING - No viable dags retrieved from /opt/airflow/dags/player_data_fetcher_dag.py
[2025-04-30T05:06:53.213+0000] {processor.py:208} INFO - Processing /opt/airflow/dags/player_data_fetcher_dag.py took 0.025 seconds
[2025-04-30T05:07:23.687+0000] {processor.py:186} INFO - Started process (PID=271) to work on /opt/airflow/dags/player_data_fetcher_dag.py
[2025-04-30T05:07:23.688+0000] {processor.py:914} INFO - Processing file /opt/airflow/dags/player_data_fetcher_dag.py for tasks to queue
[2025-04-30T05:07:23.690+0000] {logging_mixin.py:190} INFO - [2025-04-30T05:07:23.689+0000] {dagbag.py:588} INFO - Filling up the DagBag from /opt/airflow/dags/player_data_fetcher_dag.py
[2025-04-30T05:07:23.692+0000] {logging_mixin.py:190} INFO - [2025-04-30T05:07:23.691+0000] {dagbag.py:387} ERROR - Failed to import: /opt/airflow/dags/player_data_fetcher_dag.py
Traceback (most recent call last):
  File "/home/airflow/.local/lib/python3.12/site-packages/airflow/models/dagbag.py", line 383, in parse
    loader.exec_module(new_module)
  File "<frozen importlib._bootstrap_external>", line 999, in exec_module
  File "<frozen importlib._bootstrap>", line 488, in _call_with_frames_removed
  File "/opt/airflow/dags/player_data_fetcher_dag.py", line 9, in <module>
    from fetch_season_logs import save_gamelog
ModuleNotFoundError: No module named 'fetch_season_logs'
[2025-04-30T05:07:23.692+0000] {processor.py:927} WARNING - No viable dags retrieved from /opt/airflow/dags/player_data_fetcher_dag.py
[2025-04-30T05:07:23.705+0000] {processor.py:208} INFO - Processing /opt/airflow/dags/player_data_fetcher_dag.py took 0.023 seconds
[2025-04-30T05:07:54.211+0000] {processor.py:186} INFO - Started process (PID=273) to work on /opt/airflow/dags/player_data_fetcher_dag.py
[2025-04-30T05:07:54.212+0000] {processor.py:914} INFO - Processing file /opt/airflow/dags/player_data_fetcher_dag.py for tasks to queue
[2025-04-30T05:07:54.213+0000] {logging_mixin.py:190} INFO - [2025-04-30T05:07:54.213+0000] {dagbag.py:588} INFO - Filling up the DagBag from /opt/airflow/dags/player_data_fetcher_dag.py
[2025-04-30T05:07:54.215+0000] {logging_mixin.py:190} INFO - [2025-04-30T05:07:54.215+0000] {dagbag.py:387} ERROR - Failed to import: /opt/airflow/dags/player_data_fetcher_dag.py
Traceback (most recent call last):
  File "/home/airflow/.local/lib/python3.12/site-packages/airflow/models/dagbag.py", line 383, in parse
    loader.exec_module(new_module)
  File "<frozen importlib._bootstrap_external>", line 999, in exec_module
  File "<frozen importlib._bootstrap>", line 488, in _call_with_frames_removed
  File "/opt/airflow/dags/player_data_fetcher_dag.py", line 9, in <module>
    from fetch_season_logs import save_gamelog
ModuleNotFoundError: No module named 'fetch_season_logs'
[2025-04-30T05:07:54.216+0000] {processor.py:927} WARNING - No viable dags retrieved from /opt/airflow/dags/player_data_fetcher_dag.py
[2025-04-30T05:07:54.227+0000] {processor.py:208} INFO - Processing /opt/airflow/dags/player_data_fetcher_dag.py took 0.021 seconds
[2025-04-30T05:08:24.686+0000] {processor.py:186} INFO - Started process (PID=275) to work on /opt/airflow/dags/player_data_fetcher_dag.py
[2025-04-30T05:08:24.687+0000] {processor.py:914} INFO - Processing file /opt/airflow/dags/player_data_fetcher_dag.py for tasks to queue
[2025-04-30T05:08:24.688+0000] {logging_mixin.py:190} INFO - [2025-04-30T05:08:24.687+0000] {dagbag.py:588} INFO - Filling up the DagBag from /opt/airflow/dags/player_data_fetcher_dag.py
[2025-04-30T05:08:24.690+0000] {logging_mixin.py:190} INFO - [2025-04-30T05:08:24.689+0000] {dagbag.py:387} ERROR - Failed to import: /opt/airflow/dags/player_data_fetcher_dag.py
Traceback (most recent call last):
  File "/home/airflow/.local/lib/python3.12/site-packages/airflow/models/dagbag.py", line 383, in parse
    loader.exec_module(new_module)
  File "<frozen importlib._bootstrap_external>", line 999, in exec_module
  File "<frozen importlib._bootstrap>", line 488, in _call_with_frames_removed
  File "/opt/airflow/dags/player_data_fetcher_dag.py", line 9, in <module>
    from fetch_season_logs import save_gamelog
ModuleNotFoundError: No module named 'fetch_season_logs'
[2025-04-30T05:08:24.690+0000] {processor.py:927} WARNING - No viable dags retrieved from /opt/airflow/dags/player_data_fetcher_dag.py
[2025-04-30T05:08:24.703+0000] {processor.py:208} INFO - Processing /opt/airflow/dags/player_data_fetcher_dag.py took 0.021 seconds
[2025-04-30T05:08:55.080+0000] {processor.py:186} INFO - Started process (PID=277) to work on /opt/airflow/dags/player_data_fetcher_dag.py
[2025-04-30T05:08:55.080+0000] {processor.py:914} INFO - Processing file /opt/airflow/dags/player_data_fetcher_dag.py for tasks to queue
[2025-04-30T05:08:55.081+0000] {logging_mixin.py:190} INFO - [2025-04-30T05:08:55.081+0000] {dagbag.py:588} INFO - Filling up the DagBag from /opt/airflow/dags/player_data_fetcher_dag.py
[2025-04-30T05:08:55.083+0000] {logging_mixin.py:190} INFO - [2025-04-30T05:08:55.082+0000] {dagbag.py:387} ERROR - Failed to import: /opt/airflow/dags/player_data_fetcher_dag.py
Traceback (most recent call last):
  File "/home/airflow/.local/lib/python3.12/site-packages/airflow/models/dagbag.py", line 383, in parse
    loader.exec_module(new_module)
  File "<frozen importlib._bootstrap_external>", line 999, in exec_module
  File "<frozen importlib._bootstrap>", line 488, in _call_with_frames_removed
  File "/opt/airflow/dags/player_data_fetcher_dag.py", line 9, in <module>
    from fetch_season_logs import save_gamelog
ModuleNotFoundError: No module named 'fetch_season_logs'
[2025-04-30T05:08:55.083+0000] {processor.py:927} WARNING - No viable dags retrieved from /opt/airflow/dags/player_data_fetcher_dag.py
[2025-04-30T05:08:55.097+0000] {processor.py:208} INFO - Processing /opt/airflow/dags/player_data_fetcher_dag.py took 0.022 seconds
[2025-04-30T05:09:25.552+0000] {processor.py:186} INFO - Started process (PID=279) to work on /opt/airflow/dags/player_data_fetcher_dag.py
[2025-04-30T05:09:25.553+0000] {processor.py:914} INFO - Processing file /opt/airflow/dags/player_data_fetcher_dag.py for tasks to queue
[2025-04-30T05:09:25.554+0000] {logging_mixin.py:190} INFO - [2025-04-30T05:09:25.553+0000] {dagbag.py:588} INFO - Filling up the DagBag from /opt/airflow/dags/player_data_fetcher_dag.py
[2025-04-30T05:09:25.556+0000] {logging_mixin.py:190} INFO - [2025-04-30T05:09:25.555+0000] {dagbag.py:387} ERROR - Failed to import: /opt/airflow/dags/player_data_fetcher_dag.py
Traceback (most recent call last):
  File "/home/airflow/.local/lib/python3.12/site-packages/airflow/models/dagbag.py", line 383, in parse
    loader.exec_module(new_module)
  File "<frozen importlib._bootstrap_external>", line 999, in exec_module
  File "<frozen importlib._bootstrap>", line 488, in _call_with_frames_removed
  File "/opt/airflow/dags/player_data_fetcher_dag.py", line 9, in <module>
    from fetch_season_logs import save_gamelog
ModuleNotFoundError: No module named 'fetch_season_logs'
[2025-04-30T05:09:25.556+0000] {processor.py:927} WARNING - No viable dags retrieved from /opt/airflow/dags/player_data_fetcher_dag.py
[2025-04-30T05:09:25.569+0000] {processor.py:208} INFO - Processing /opt/airflow/dags/player_data_fetcher_dag.py took 0.022 seconds
[2025-04-30T05:09:56.030+0000] {processor.py:186} INFO - Started process (PID=281) to work on /opt/airflow/dags/player_data_fetcher_dag.py
[2025-04-30T05:09:56.030+0000] {processor.py:914} INFO - Processing file /opt/airflow/dags/player_data_fetcher_dag.py for tasks to queue
[2025-04-30T05:09:56.030+0000] {logging_mixin.py:190} INFO - [2025-04-30T05:09:56.030+0000] {dagbag.py:588} INFO - Filling up the DagBag from /opt/airflow/dags/player_data_fetcher_dag.py
[2025-04-30T05:09:56.032+0000] {logging_mixin.py:190} INFO - [2025-04-30T05:09:56.032+0000] {dagbag.py:387} ERROR - Failed to import: /opt/airflow/dags/player_data_fetcher_dag.py
Traceback (most recent call last):
  File "/home/airflow/.local/lib/python3.12/site-packages/airflow/models/dagbag.py", line 383, in parse
    loader.exec_module(new_module)
  File "<frozen importlib._bootstrap_external>", line 999, in exec_module
  File "<frozen importlib._bootstrap>", line 488, in _call_with_frames_removed
  File "/opt/airflow/dags/player_data_fetcher_dag.py", line 9, in <module>
    from fetch_season_logs import save_gamelog
ModuleNotFoundError: No module named 'fetch_season_logs'
[2025-04-30T05:09:56.032+0000] {processor.py:927} WARNING - No viable dags retrieved from /opt/airflow/dags/player_data_fetcher_dag.py
[2025-04-30T05:09:56.041+0000] {processor.py:208} INFO - Processing /opt/airflow/dags/player_data_fetcher_dag.py took 0.014 seconds
[2025-04-30T12:26:53.731+0000] {processor.py:186} INFO - Started process (PID=283) to work on /opt/airflow/dags/player_data_fetcher_dag.py
[2025-04-30T12:26:53.732+0000] {processor.py:914} INFO - Processing file /opt/airflow/dags/player_data_fetcher_dag.py for tasks to queue
[2025-04-30T12:26:53.733+0000] {logging_mixin.py:190} INFO - [2025-04-30T12:26:53.732+0000] {dagbag.py:588} INFO - Filling up the DagBag from /opt/airflow/dags/player_data_fetcher_dag.py
[2025-04-30T12:26:53.734+0000] {logging_mixin.py:190} INFO - [2025-04-30T12:26:53.734+0000] {dagbag.py:387} ERROR - Failed to import: /opt/airflow/dags/player_data_fetcher_dag.py
Traceback (most recent call last):
  File "/home/airflow/.local/lib/python3.12/site-packages/airflow/models/dagbag.py", line 383, in parse
    loader.exec_module(new_module)
  File "<frozen importlib._bootstrap_external>", line 999, in exec_module
  File "<frozen importlib._bootstrap>", line 488, in _call_with_frames_removed
  File "/opt/airflow/dags/player_data_fetcher_dag.py", line 9, in <module>
    from fetch_season_logs import save_gamelog
ModuleNotFoundError: No module named 'fetch_season_logs'
[2025-04-30T12:26:53.735+0000] {processor.py:927} WARNING - No viable dags retrieved from /opt/airflow/dags/player_data_fetcher_dag.py
[2025-04-30T12:26:53.746+0000] {processor.py:208} INFO - Processing /opt/airflow/dags/player_data_fetcher_dag.py took 0.018 seconds
[2025-04-30T12:27:24.219+0000] {processor.py:186} INFO - Started process (PID=285) to work on /opt/airflow/dags/player_data_fetcher_dag.py
[2025-04-30T12:27:24.220+0000] {processor.py:914} INFO - Processing file /opt/airflow/dags/player_data_fetcher_dag.py for tasks to queue
[2025-04-30T12:27:24.221+0000] {logging_mixin.py:190} INFO - [2025-04-30T12:27:24.220+0000] {dagbag.py:588} INFO - Filling up the DagBag from /opt/airflow/dags/player_data_fetcher_dag.py
[2025-04-30T12:27:24.223+0000] {logging_mixin.py:190} INFO - [2025-04-30T12:27:24.222+0000] {dagbag.py:387} ERROR - Failed to import: /opt/airflow/dags/player_data_fetcher_dag.py
Traceback (most recent call last):
  File "/home/airflow/.local/lib/python3.12/site-packages/airflow/models/dagbag.py", line 383, in parse
    loader.exec_module(new_module)
  File "<frozen importlib._bootstrap_external>", line 999, in exec_module
  File "<frozen importlib._bootstrap>", line 488, in _call_with_frames_removed
  File "/opt/airflow/dags/player_data_fetcher_dag.py", line 9, in <module>
    from fetch_season_logs import save_gamelog
ModuleNotFoundError: No module named 'fetch_season_logs'
[2025-04-30T12:27:24.223+0000] {processor.py:927} WARNING - No viable dags retrieved from /opt/airflow/dags/player_data_fetcher_dag.py
[2025-04-30T12:27:24.236+0000] {processor.py:208} INFO - Processing /opt/airflow/dags/player_data_fetcher_dag.py took 0.022 seconds
[2025-04-30T12:42:26.986+0000] {processor.py:186} INFO - Started process (PID=287) to work on /opt/airflow/dags/player_data_fetcher_dag.py
[2025-04-30T12:42:26.986+0000] {processor.py:914} INFO - Processing file /opt/airflow/dags/player_data_fetcher_dag.py for tasks to queue
[2025-04-30T12:42:26.987+0000] {logging_mixin.py:190} INFO - [2025-04-30T12:42:26.987+0000] {dagbag.py:588} INFO - Filling up the DagBag from /opt/airflow/dags/player_data_fetcher_dag.py
[2025-04-30T12:42:26.988+0000] {logging_mixin.py:190} INFO - [2025-04-30T12:42:26.988+0000] {dagbag.py:387} ERROR - Failed to import: /opt/airflow/dags/player_data_fetcher_dag.py
Traceback (most recent call last):
  File "/home/airflow/.local/lib/python3.12/site-packages/airflow/models/dagbag.py", line 383, in parse
    loader.exec_module(new_module)
  File "<frozen importlib._bootstrap_external>", line 999, in exec_module
  File "<frozen importlib._bootstrap>", line 488, in _call_with_frames_removed
  File "/opt/airflow/dags/player_data_fetcher_dag.py", line 9, in <module>
    from fetch_season_logs import save_gamelog
ModuleNotFoundError: No module named 'fetch_season_logs'
[2025-04-30T12:42:26.988+0000] {processor.py:927} WARNING - No viable dags retrieved from /opt/airflow/dags/player_data_fetcher_dag.py
[2025-04-30T12:42:26.998+0000] {processor.py:208} INFO - Processing /opt/airflow/dags/player_data_fetcher_dag.py took 0.014 seconds
[2025-04-30T12:42:57.478+0000] {processor.py:186} INFO - Started process (PID=289) to work on /opt/airflow/dags/player_data_fetcher_dag.py
[2025-04-30T12:42:57.479+0000] {processor.py:914} INFO - Processing file /opt/airflow/dags/player_data_fetcher_dag.py for tasks to queue
[2025-04-30T12:42:57.479+0000] {logging_mixin.py:190} INFO - [2025-04-30T12:42:57.479+0000] {dagbag.py:588} INFO - Filling up the DagBag from /opt/airflow/dags/player_data_fetcher_dag.py
[2025-04-30T12:42:57.482+0000] {logging_mixin.py:190} INFO - [2025-04-30T12:42:57.481+0000] {dagbag.py:387} ERROR - Failed to import: /opt/airflow/dags/player_data_fetcher_dag.py
Traceback (most recent call last):
  File "/home/airflow/.local/lib/python3.12/site-packages/airflow/models/dagbag.py", line 383, in parse
    loader.exec_module(new_module)
  File "<frozen importlib._bootstrap_external>", line 999, in exec_module
  File "<frozen importlib._bootstrap>", line 488, in _call_with_frames_removed
  File "/opt/airflow/dags/player_data_fetcher_dag.py", line 9, in <module>
    from fetch_season_logs import save_gamelog
ModuleNotFoundError: No module named 'fetch_season_logs'
[2025-04-30T12:42:57.482+0000] {processor.py:927} WARNING - No viable dags retrieved from /opt/airflow/dags/player_data_fetcher_dag.py
[2025-04-30T12:42:57.495+0000] {processor.py:208} INFO - Processing /opt/airflow/dags/player_data_fetcher_dag.py took 0.021 seconds
[2025-04-30T12:57:59.244+0000] {processor.py:186} INFO - Started process (PID=291) to work on /opt/airflow/dags/player_data_fetcher_dag.py
[2025-04-30T12:57:59.245+0000] {processor.py:914} INFO - Processing file /opt/airflow/dags/player_data_fetcher_dag.py for tasks to queue
[2025-04-30T12:57:59.246+0000] {logging_mixin.py:190} INFO - [2025-04-30T12:57:59.246+0000] {dagbag.py:588} INFO - Filling up the DagBag from /opt/airflow/dags/player_data_fetcher_dag.py
[2025-04-30T12:57:59.247+0000] {logging_mixin.py:190} INFO - [2025-04-30T12:57:59.247+0000] {dagbag.py:387} ERROR - Failed to import: /opt/airflow/dags/player_data_fetcher_dag.py
Traceback (most recent call last):
  File "/home/airflow/.local/lib/python3.12/site-packages/airflow/models/dagbag.py", line 383, in parse
    loader.exec_module(new_module)
  File "<frozen importlib._bootstrap_external>", line 999, in exec_module
  File "<frozen importlib._bootstrap>", line 488, in _call_with_frames_removed
  File "/opt/airflow/dags/player_data_fetcher_dag.py", line 9, in <module>
    from fetch_season_logs import save_gamelog
ModuleNotFoundError: No module named 'fetch_season_logs'
[2025-04-30T12:57:59.248+0000] {processor.py:927} WARNING - No viable dags retrieved from /opt/airflow/dags/player_data_fetcher_dag.py
[2025-04-30T12:57:59.257+0000] {processor.py:208} INFO - Processing /opt/airflow/dags/player_data_fetcher_dag.py took 0.016 seconds
[2025-04-30T12:58:29.614+0000] {processor.py:186} INFO - Started process (PID=293) to work on /opt/airflow/dags/player_data_fetcher_dag.py
[2025-04-30T12:58:29.615+0000] {processor.py:914} INFO - Processing file /opt/airflow/dags/player_data_fetcher_dag.py for tasks to queue
[2025-04-30T12:58:29.615+0000] {logging_mixin.py:190} INFO - [2025-04-30T12:58:29.615+0000] {dagbag.py:588} INFO - Filling up the DagBag from /opt/airflow/dags/player_data_fetcher_dag.py
[2025-04-30T12:58:29.618+0000] {logging_mixin.py:190} INFO - [2025-04-30T12:58:29.617+0000] {dagbag.py:387} ERROR - Failed to import: /opt/airflow/dags/player_data_fetcher_dag.py
Traceback (most recent call last):
  File "/home/airflow/.local/lib/python3.12/site-packages/airflow/models/dagbag.py", line 383, in parse
    loader.exec_module(new_module)
  File "<frozen importlib._bootstrap_external>", line 999, in exec_module
  File "<frozen importlib._bootstrap>", line 488, in _call_with_frames_removed
  File "/opt/airflow/dags/player_data_fetcher_dag.py", line 9, in <module>
    from fetch_season_logs import save_gamelog
ModuleNotFoundError: No module named 'fetch_season_logs'
[2025-04-30T12:58:29.618+0000] {processor.py:927} WARNING - No viable dags retrieved from /opt/airflow/dags/player_data_fetcher_dag.py
[2025-04-30T12:58:29.630+0000] {processor.py:208} INFO - Processing /opt/airflow/dags/player_data_fetcher_dag.py took 0.020 seconds
[2025-04-30T13:13:32.395+0000] {processor.py:186} INFO - Started process (PID=295) to work on /opt/airflow/dags/player_data_fetcher_dag.py
[2025-04-30T13:13:32.396+0000] {processor.py:914} INFO - Processing file /opt/airflow/dags/player_data_fetcher_dag.py for tasks to queue
[2025-04-30T13:13:32.396+0000] {logging_mixin.py:190} INFO - [2025-04-30T13:13:32.396+0000] {dagbag.py:588} INFO - Filling up the DagBag from /opt/airflow/dags/player_data_fetcher_dag.py
[2025-04-30T13:13:32.398+0000] {logging_mixin.py:190} INFO - [2025-04-30T13:13:32.398+0000] {dagbag.py:387} ERROR - Failed to import: /opt/airflow/dags/player_data_fetcher_dag.py
Traceback (most recent call last):
  File "/home/airflow/.local/lib/python3.12/site-packages/airflow/models/dagbag.py", line 383, in parse
    loader.exec_module(new_module)
  File "<frozen importlib._bootstrap_external>", line 999, in exec_module
  File "<frozen importlib._bootstrap>", line 488, in _call_with_frames_removed
  File "/opt/airflow/dags/player_data_fetcher_dag.py", line 9, in <module>
    from fetch_season_logs import save_gamelog
ModuleNotFoundError: No module named 'fetch_season_logs'
[2025-04-30T13:13:32.399+0000] {processor.py:927} WARNING - No viable dags retrieved from /opt/airflow/dags/player_data_fetcher_dag.py
[2025-04-30T13:13:32.412+0000] {processor.py:208} INFO - Processing /opt/airflow/dags/player_data_fetcher_dag.py took 0.019 seconds
[2025-04-30T13:14:02.843+0000] {processor.py:186} INFO - Started process (PID=297) to work on /opt/airflow/dags/player_data_fetcher_dag.py
[2025-04-30T13:14:02.844+0000] {processor.py:914} INFO - Processing file /opt/airflow/dags/player_data_fetcher_dag.py for tasks to queue
[2025-04-30T13:14:02.845+0000] {logging_mixin.py:190} INFO - [2025-04-30T13:14:02.844+0000] {dagbag.py:588} INFO - Filling up the DagBag from /opt/airflow/dags/player_data_fetcher_dag.py
[2025-04-30T13:14:02.854+0000] {logging_mixin.py:190} INFO - [2025-04-30T13:14:02.852+0000] {dagbag.py:387} ERROR - Failed to import: /opt/airflow/dags/player_data_fetcher_dag.py
Traceback (most recent call last):
  File "/home/airflow/.local/lib/python3.12/site-packages/airflow/models/dagbag.py", line 383, in parse
    loader.exec_module(new_module)
  File "<frozen importlib._bootstrap_external>", line 999, in exec_module
  File "<frozen importlib._bootstrap>", line 488, in _call_with_frames_removed
  File "/opt/airflow/dags/player_data_fetcher_dag.py", line 9, in <module>
    from fetch_season_logs import save_gamelog
ModuleNotFoundError: No module named 'fetch_season_logs'
[2025-04-30T13:14:02.855+0000] {processor.py:927} WARNING - No viable dags retrieved from /opt/airflow/dags/player_data_fetcher_dag.py
[2025-04-30T13:14:02.868+0000] {processor.py:208} INFO - Processing /opt/airflow/dags/player_data_fetcher_dag.py took 0.029 seconds
[2025-04-30T13:29:05.601+0000] {processor.py:186} INFO - Started process (PID=299) to work on /opt/airflow/dags/player_data_fetcher_dag.py
[2025-04-30T13:29:05.602+0000] {processor.py:914} INFO - Processing file /opt/airflow/dags/player_data_fetcher_dag.py for tasks to queue
[2025-04-30T13:29:05.603+0000] {logging_mixin.py:190} INFO - [2025-04-30T13:29:05.603+0000] {dagbag.py:588} INFO - Filling up the DagBag from /opt/airflow/dags/player_data_fetcher_dag.py
[2025-04-30T13:29:05.605+0000] {logging_mixin.py:190} INFO - [2025-04-30T13:29:05.604+0000] {dagbag.py:387} ERROR - Failed to import: /opt/airflow/dags/player_data_fetcher_dag.py
Traceback (most recent call last):
  File "/home/airflow/.local/lib/python3.12/site-packages/airflow/models/dagbag.py", line 383, in parse
    loader.exec_module(new_module)
  File "<frozen importlib._bootstrap_external>", line 999, in exec_module
  File "<frozen importlib._bootstrap>", line 488, in _call_with_frames_removed
  File "/opt/airflow/dags/player_data_fetcher_dag.py", line 9, in <module>
    from fetch_season_logs import save_gamelog
ModuleNotFoundError: No module named 'fetch_season_logs'
[2025-04-30T13:29:05.605+0000] {processor.py:927} WARNING - No viable dags retrieved from /opt/airflow/dags/player_data_fetcher_dag.py
[2025-04-30T13:29:05.618+0000] {processor.py:208} INFO - Processing /opt/airflow/dags/player_data_fetcher_dag.py took 0.021 seconds
[2025-04-30T13:29:36.076+0000] {processor.py:186} INFO - Started process (PID=301) to work on /opt/airflow/dags/player_data_fetcher_dag.py
[2025-04-30T13:29:36.077+0000] {processor.py:914} INFO - Processing file /opt/airflow/dags/player_data_fetcher_dag.py for tasks to queue
[2025-04-30T13:29:36.078+0000] {logging_mixin.py:190} INFO - [2025-04-30T13:29:36.078+0000] {dagbag.py:588} INFO - Filling up the DagBag from /opt/airflow/dags/player_data_fetcher_dag.py
[2025-04-30T13:29:36.081+0000] {logging_mixin.py:190} INFO - [2025-04-30T13:29:36.080+0000] {dagbag.py:387} ERROR - Failed to import: /opt/airflow/dags/player_data_fetcher_dag.py
Traceback (most recent call last):
  File "/home/airflow/.local/lib/python3.12/site-packages/airflow/models/dagbag.py", line 383, in parse
    loader.exec_module(new_module)
  File "<frozen importlib._bootstrap_external>", line 999, in exec_module
  File "<frozen importlib._bootstrap>", line 488, in _call_with_frames_removed
  File "/opt/airflow/dags/player_data_fetcher_dag.py", line 9, in <module>
    from fetch_season_logs import save_gamelog
ModuleNotFoundError: No module named 'fetch_season_logs'
[2025-04-30T13:29:36.082+0000] {processor.py:927} WARNING - No viable dags retrieved from /opt/airflow/dags/player_data_fetcher_dag.py
[2025-04-30T13:29:36.097+0000] {processor.py:208} INFO - Processing /opt/airflow/dags/player_data_fetcher_dag.py took 0.026 seconds
[2025-04-30T13:44:38.819+0000] {processor.py:186} INFO - Started process (PID=303) to work on /opt/airflow/dags/player_data_fetcher_dag.py
[2025-04-30T13:44:38.820+0000] {processor.py:914} INFO - Processing file /opt/airflow/dags/player_data_fetcher_dag.py for tasks to queue
[2025-04-30T13:44:38.820+0000] {logging_mixin.py:190} INFO - [2025-04-30T13:44:38.820+0000] {dagbag.py:588} INFO - Filling up the DagBag from /opt/airflow/dags/player_data_fetcher_dag.py
[2025-04-30T13:44:38.822+0000] {logging_mixin.py:190} INFO - [2025-04-30T13:44:38.822+0000] {dagbag.py:387} ERROR - Failed to import: /opt/airflow/dags/player_data_fetcher_dag.py
Traceback (most recent call last):
  File "/home/airflow/.local/lib/python3.12/site-packages/airflow/models/dagbag.py", line 383, in parse
    loader.exec_module(new_module)
  File "<frozen importlib._bootstrap_external>", line 999, in exec_module
  File "<frozen importlib._bootstrap>", line 488, in _call_with_frames_removed
  File "/opt/airflow/dags/player_data_fetcher_dag.py", line 9, in <module>
    from fetch_season_logs import save_gamelog
ModuleNotFoundError: No module named 'fetch_season_logs'
[2025-04-30T13:44:38.823+0000] {processor.py:927} WARNING - No viable dags retrieved from /opt/airflow/dags/player_data_fetcher_dag.py
[2025-04-30T13:44:38.835+0000] {processor.py:208} INFO - Processing /opt/airflow/dags/player_data_fetcher_dag.py took 0.021 seconds
[2025-04-30T13:45:09.290+0000] {processor.py:186} INFO - Started process (PID=305) to work on /opt/airflow/dags/player_data_fetcher_dag.py
[2025-04-30T13:45:09.290+0000] {processor.py:914} INFO - Processing file /opt/airflow/dags/player_data_fetcher_dag.py for tasks to queue
[2025-04-30T13:45:09.291+0000] {logging_mixin.py:190} INFO - [2025-04-30T13:45:09.291+0000] {dagbag.py:588} INFO - Filling up the DagBag from /opt/airflow/dags/player_data_fetcher_dag.py
[2025-04-30T13:45:09.294+0000] {logging_mixin.py:190} INFO - [2025-04-30T13:45:09.293+0000] {dagbag.py:387} ERROR - Failed to import: /opt/airflow/dags/player_data_fetcher_dag.py
Traceback (most recent call last):
  File "/home/airflow/.local/lib/python3.12/site-packages/airflow/models/dagbag.py", line 383, in parse
    loader.exec_module(new_module)
  File "<frozen importlib._bootstrap_external>", line 999, in exec_module
  File "<frozen importlib._bootstrap>", line 488, in _call_with_frames_removed
  File "/opt/airflow/dags/player_data_fetcher_dag.py", line 9, in <module>
    from fetch_season_logs import save_gamelog
ModuleNotFoundError: No module named 'fetch_season_logs'
[2025-04-30T13:45:09.294+0000] {processor.py:927} WARNING - No viable dags retrieved from /opt/airflow/dags/player_data_fetcher_dag.py
[2025-04-30T13:45:09.309+0000] {processor.py:208} INFO - Processing /opt/airflow/dags/player_data_fetcher_dag.py took 0.025 seconds
[2025-04-30T13:55:14.049+0000] {processor.py:186} INFO - Started process (PID=307) to work on /opt/airflow/dags/player_data_fetcher_dag.py
[2025-04-30T13:55:14.049+0000] {processor.py:914} INFO - Processing file /opt/airflow/dags/player_data_fetcher_dag.py for tasks to queue
[2025-04-30T13:55:14.049+0000] {logging_mixin.py:190} INFO - [2025-04-30T13:55:14.049+0000] {dagbag.py:588} INFO - Filling up the DagBag from /opt/airflow/dags/player_data_fetcher_dag.py
[2025-04-30T13:55:14.051+0000] {logging_mixin.py:190} INFO - [2025-04-30T13:55:14.050+0000] {dagbag.py:387} ERROR - Failed to import: /opt/airflow/dags/player_data_fetcher_dag.py
Traceback (most recent call last):
  File "/home/airflow/.local/lib/python3.12/site-packages/airflow/models/dagbag.py", line 383, in parse
    loader.exec_module(new_module)
  File "<frozen importlib._bootstrap_external>", line 999, in exec_module
  File "<frozen importlib._bootstrap>", line 488, in _call_with_frames_removed
  File "/opt/airflow/dags/player_data_fetcher_dag.py", line 9, in <module>
    from fetch_season_logs import save_gamelog
ModuleNotFoundError: No module named 'fetch_season_logs'
[2025-04-30T13:55:14.051+0000] {processor.py:927} WARNING - No viable dags retrieved from /opt/airflow/dags/player_data_fetcher_dag.py
[2025-04-30T13:55:14.060+0000] {processor.py:208} INFO - Processing /opt/airflow/dags/player_data_fetcher_dag.py took 0.013 seconds
[2025-04-30T13:55:44.477+0000] {processor.py:186} INFO - Started process (PID=309) to work on /opt/airflow/dags/player_data_fetcher_dag.py
[2025-04-30T13:55:44.478+0000] {processor.py:914} INFO - Processing file /opt/airflow/dags/player_data_fetcher_dag.py for tasks to queue
[2025-04-30T13:55:44.479+0000] {logging_mixin.py:190} INFO - [2025-04-30T13:55:44.478+0000] {dagbag.py:588} INFO - Filling up the DagBag from /opt/airflow/dags/player_data_fetcher_dag.py
[2025-04-30T13:55:44.481+0000] {logging_mixin.py:190} INFO - [2025-04-30T13:55:44.480+0000] {dagbag.py:387} ERROR - Failed to import: /opt/airflow/dags/player_data_fetcher_dag.py
Traceback (most recent call last):
  File "/home/airflow/.local/lib/python3.12/site-packages/airflow/models/dagbag.py", line 383, in parse
    loader.exec_module(new_module)
  File "<frozen importlib._bootstrap_external>", line 999, in exec_module
  File "<frozen importlib._bootstrap>", line 488, in _call_with_frames_removed
  File "/opt/airflow/dags/player_data_fetcher_dag.py", line 9, in <module>
    from fetch_season_logs import save_gamelog
ModuleNotFoundError: No module named 'fetch_season_logs'
[2025-04-30T13:55:44.481+0000] {processor.py:927} WARNING - No viable dags retrieved from /opt/airflow/dags/player_data_fetcher_dag.py
[2025-04-30T13:55:44.496+0000] {processor.py:208} INFO - Processing /opt/airflow/dags/player_data_fetcher_dag.py took 0.024 seconds
[2025-04-30T13:56:14.823+0000] {processor.py:186} INFO - Started process (PID=311) to work on /opt/airflow/dags/player_data_fetcher_dag.py
[2025-04-30T13:56:14.823+0000] {processor.py:914} INFO - Processing file /opt/airflow/dags/player_data_fetcher_dag.py for tasks to queue
[2025-04-30T13:56:14.824+0000] {logging_mixin.py:190} INFO - [2025-04-30T13:56:14.824+0000] {dagbag.py:588} INFO - Filling up the DagBag from /opt/airflow/dags/player_data_fetcher_dag.py
[2025-04-30T13:56:14.827+0000] {logging_mixin.py:190} INFO - [2025-04-30T13:56:14.826+0000] {dagbag.py:387} ERROR - Failed to import: /opt/airflow/dags/player_data_fetcher_dag.py
Traceback (most recent call last):
  File "/home/airflow/.local/lib/python3.12/site-packages/airflow/models/dagbag.py", line 383, in parse
    loader.exec_module(new_module)
  File "<frozen importlib._bootstrap_external>", line 999, in exec_module
  File "<frozen importlib._bootstrap>", line 488, in _call_with_frames_removed
  File "/opt/airflow/dags/player_data_fetcher_dag.py", line 9, in <module>
    from fetch_season_logs import save_gamelog
ModuleNotFoundError: No module named 'fetch_season_logs'
[2025-04-30T13:56:14.827+0000] {processor.py:927} WARNING - No viable dags retrieved from /opt/airflow/dags/player_data_fetcher_dag.py
[2025-04-30T13:56:14.838+0000] {processor.py:208} INFO - Processing /opt/airflow/dags/player_data_fetcher_dag.py took 0.019 seconds
[2025-04-30T13:56:45.303+0000] {processor.py:186} INFO - Started process (PID=313) to work on /opt/airflow/dags/player_data_fetcher_dag.py
[2025-04-30T13:56:45.303+0000] {processor.py:914} INFO - Processing file /opt/airflow/dags/player_data_fetcher_dag.py for tasks to queue
[2025-04-30T13:56:45.304+0000] {logging_mixin.py:190} INFO - [2025-04-30T13:56:45.304+0000] {dagbag.py:588} INFO - Filling up the DagBag from /opt/airflow/dags/player_data_fetcher_dag.py
[2025-04-30T13:56:45.306+0000] {logging_mixin.py:190} INFO - [2025-04-30T13:56:45.306+0000] {dagbag.py:387} ERROR - Failed to import: /opt/airflow/dags/player_data_fetcher_dag.py
Traceback (most recent call last):
  File "/home/airflow/.local/lib/python3.12/site-packages/airflow/models/dagbag.py", line 383, in parse
    loader.exec_module(new_module)
  File "<frozen importlib._bootstrap_external>", line 999, in exec_module
  File "<frozen importlib._bootstrap>", line 488, in _call_with_frames_removed
  File "/opt/airflow/dags/player_data_fetcher_dag.py", line 9, in <module>
    from fetch_season_logs import save_gamelog
ModuleNotFoundError: No module named 'fetch_season_logs'
[2025-04-30T13:56:45.306+0000] {processor.py:927} WARNING - No viable dags retrieved from /opt/airflow/dags/player_data_fetcher_dag.py
[2025-04-30T13:56:45.318+0000] {processor.py:208} INFO - Processing /opt/airflow/dags/player_data_fetcher_dag.py took 0.021 seconds
[2025-04-30T14:12:36.263+0000] {processor.py:186} INFO - Started process (PID=315) to work on /opt/airflow/dags/player_data_fetcher_dag.py
[2025-04-30T14:12:36.263+0000] {processor.py:914} INFO - Processing file /opt/airflow/dags/player_data_fetcher_dag.py for tasks to queue
[2025-04-30T14:12:36.264+0000] {logging_mixin.py:190} INFO - [2025-04-30T14:12:36.264+0000] {dagbag.py:588} INFO - Filling up the DagBag from /opt/airflow/dags/player_data_fetcher_dag.py
[2025-04-30T14:12:36.265+0000] {logging_mixin.py:190} INFO - [2025-04-30T14:12:36.265+0000] {dagbag.py:387} ERROR - Failed to import: /opt/airflow/dags/player_data_fetcher_dag.py
Traceback (most recent call last):
  File "/home/airflow/.local/lib/python3.12/site-packages/airflow/models/dagbag.py", line 383, in parse
    loader.exec_module(new_module)
  File "<frozen importlib._bootstrap_external>", line 999, in exec_module
  File "<frozen importlib._bootstrap>", line 488, in _call_with_frames_removed
  File "/opt/airflow/dags/player_data_fetcher_dag.py", line 9, in <module>
    from fetch_season_logs import save_gamelog
ModuleNotFoundError: No module named 'fetch_season_logs'
[2025-04-30T14:12:36.266+0000] {processor.py:927} WARNING - No viable dags retrieved from /opt/airflow/dags/player_data_fetcher_dag.py
[2025-04-30T14:12:36.276+0000] {processor.py:208} INFO - Processing /opt/airflow/dags/player_data_fetcher_dag.py took 0.016 seconds
[2025-04-30T14:13:06.754+0000] {processor.py:186} INFO - Started process (PID=317) to work on /opt/airflow/dags/player_data_fetcher_dag.py
[2025-04-30T14:13:06.755+0000] {processor.py:914} INFO - Processing file /opt/airflow/dags/player_data_fetcher_dag.py for tasks to queue
[2025-04-30T14:13:06.756+0000] {logging_mixin.py:190} INFO - [2025-04-30T14:13:06.756+0000] {dagbag.py:588} INFO - Filling up the DagBag from /opt/airflow/dags/player_data_fetcher_dag.py
[2025-04-30T14:13:06.759+0000] {logging_mixin.py:190} INFO - [2025-04-30T14:13:06.758+0000] {dagbag.py:387} ERROR - Failed to import: /opt/airflow/dags/player_data_fetcher_dag.py
Traceback (most recent call last):
  File "/home/airflow/.local/lib/python3.12/site-packages/airflow/models/dagbag.py", line 383, in parse
    loader.exec_module(new_module)
  File "<frozen importlib._bootstrap_external>", line 999, in exec_module
  File "<frozen importlib._bootstrap>", line 488, in _call_with_frames_removed
  File "/opt/airflow/dags/player_data_fetcher_dag.py", line 9, in <module>
    from fetch_season_logs import save_gamelog
ModuleNotFoundError: No module named 'fetch_season_logs'
[2025-04-30T14:13:06.759+0000] {processor.py:927} WARNING - No viable dags retrieved from /opt/airflow/dags/player_data_fetcher_dag.py
[2025-04-30T14:13:06.772+0000] {processor.py:208} INFO - Processing /opt/airflow/dags/player_data_fetcher_dag.py took 0.023 seconds
[2025-04-30T14:17:22.297+0000] {processor.py:186} INFO - Started process (PID=319) to work on /opt/airflow/dags/player_data_fetcher_dag.py
[2025-04-30T14:17:22.297+0000] {processor.py:914} INFO - Processing file /opt/airflow/dags/player_data_fetcher_dag.py for tasks to queue
[2025-04-30T14:17:22.298+0000] {logging_mixin.py:190} INFO - [2025-04-30T14:17:22.297+0000] {dagbag.py:588} INFO - Filling up the DagBag from /opt/airflow/dags/player_data_fetcher_dag.py
[2025-04-30T14:17:22.299+0000] {logging_mixin.py:190} INFO - [2025-04-30T14:17:22.299+0000] {dagbag.py:387} ERROR - Failed to import: /opt/airflow/dags/player_data_fetcher_dag.py
Traceback (most recent call last):
  File "/home/airflow/.local/lib/python3.12/site-packages/airflow/models/dagbag.py", line 383, in parse
    loader.exec_module(new_module)
  File "<frozen importlib._bootstrap_external>", line 999, in exec_module
  File "<frozen importlib._bootstrap>", line 488, in _call_with_frames_removed
  File "/opt/airflow/dags/player_data_fetcher_dag.py", line 9, in <module>
    from fetch_season_logs import save_gamelog
ModuleNotFoundError: No module named 'fetch_season_logs'
[2025-04-30T14:17:22.300+0000] {processor.py:927} WARNING - No viable dags retrieved from /opt/airflow/dags/player_data_fetcher_dag.py
[2025-04-30T14:17:22.310+0000] {processor.py:208} INFO - Processing /opt/airflow/dags/player_data_fetcher_dag.py took 0.017 seconds
[2025-04-30T14:17:52.734+0000] {processor.py:186} INFO - Started process (PID=321) to work on /opt/airflow/dags/player_data_fetcher_dag.py
[2025-04-30T14:17:52.735+0000] {processor.py:914} INFO - Processing file /opt/airflow/dags/player_data_fetcher_dag.py for tasks to queue
[2025-04-30T14:17:52.736+0000] {logging_mixin.py:190} INFO - [2025-04-30T14:17:52.736+0000] {dagbag.py:588} INFO - Filling up the DagBag from /opt/airflow/dags/player_data_fetcher_dag.py
[2025-04-30T14:17:52.739+0000] {logging_mixin.py:190} INFO - [2025-04-30T14:17:52.738+0000] {dagbag.py:387} ERROR - Failed to import: /opt/airflow/dags/player_data_fetcher_dag.py
Traceback (most recent call last):
  File "/home/airflow/.local/lib/python3.12/site-packages/airflow/models/dagbag.py", line 383, in parse
    loader.exec_module(new_module)
  File "<frozen importlib._bootstrap_external>", line 999, in exec_module
  File "<frozen importlib._bootstrap>", line 488, in _call_with_frames_removed
  File "/opt/airflow/dags/player_data_fetcher_dag.py", line 9, in <module>
    from fetch_season_logs import save_gamelog
ModuleNotFoundError: No module named 'fetch_season_logs'
[2025-04-30T14:17:52.739+0000] {processor.py:927} WARNING - No viable dags retrieved from /opt/airflow/dags/player_data_fetcher_dag.py
[2025-04-30T14:17:52.751+0000] {processor.py:208} INFO - Processing /opt/airflow/dags/player_data_fetcher_dag.py took 0.023 seconds
[2025-04-30T14:32:55.503+0000] {processor.py:186} INFO - Started process (PID=323) to work on /opt/airflow/dags/player_data_fetcher_dag.py
[2025-04-30T14:32:55.503+0000] {processor.py:914} INFO - Processing file /opt/airflow/dags/player_data_fetcher_dag.py for tasks to queue
[2025-04-30T14:32:55.504+0000] {logging_mixin.py:190} INFO - [2025-04-30T14:32:55.504+0000] {dagbag.py:588} INFO - Filling up the DagBag from /opt/airflow/dags/player_data_fetcher_dag.py
[2025-04-30T14:32:55.506+0000] {logging_mixin.py:190} INFO - [2025-04-30T14:32:55.505+0000] {dagbag.py:387} ERROR - Failed to import: /opt/airflow/dags/player_data_fetcher_dag.py
Traceback (most recent call last):
  File "/home/airflow/.local/lib/python3.12/site-packages/airflow/models/dagbag.py", line 383, in parse
    loader.exec_module(new_module)
  File "<frozen importlib._bootstrap_external>", line 999, in exec_module
  File "<frozen importlib._bootstrap>", line 488, in _call_with_frames_removed
  File "/opt/airflow/dags/player_data_fetcher_dag.py", line 9, in <module>
    from fetch_season_logs import save_gamelog
ModuleNotFoundError: No module named 'fetch_season_logs'
[2025-04-30T14:32:55.506+0000] {processor.py:927} WARNING - No viable dags retrieved from /opt/airflow/dags/player_data_fetcher_dag.py
[2025-04-30T14:32:55.518+0000] {processor.py:208} INFO - Processing /opt/airflow/dags/player_data_fetcher_dag.py took 0.020 seconds
[2025-04-30T14:33:25.973+0000] {processor.py:186} INFO - Started process (PID=325) to work on /opt/airflow/dags/player_data_fetcher_dag.py
[2025-04-30T14:33:25.974+0000] {processor.py:914} INFO - Processing file /opt/airflow/dags/player_data_fetcher_dag.py for tasks to queue
[2025-04-30T14:33:25.975+0000] {logging_mixin.py:190} INFO - [2025-04-30T14:33:25.975+0000] {dagbag.py:588} INFO - Filling up the DagBag from /opt/airflow/dags/player_data_fetcher_dag.py
[2025-04-30T14:33:25.978+0000] {logging_mixin.py:190} INFO - [2025-04-30T14:33:25.977+0000] {dagbag.py:387} ERROR - Failed to import: /opt/airflow/dags/player_data_fetcher_dag.py
Traceback (most recent call last):
  File "/home/airflow/.local/lib/python3.12/site-packages/airflow/models/dagbag.py", line 383, in parse
    loader.exec_module(new_module)
  File "<frozen importlib._bootstrap_external>", line 999, in exec_module
  File "<frozen importlib._bootstrap>", line 488, in _call_with_frames_removed
  File "/opt/airflow/dags/player_data_fetcher_dag.py", line 9, in <module>
    from fetch_season_logs import save_gamelog
ModuleNotFoundError: No module named 'fetch_season_logs'
[2025-04-30T14:33:25.978+0000] {processor.py:927} WARNING - No viable dags retrieved from /opt/airflow/dags/player_data_fetcher_dag.py
[2025-04-30T14:33:25.993+0000] {processor.py:208} INFO - Processing /opt/airflow/dags/player_data_fetcher_dag.py took 0.025 seconds
[2025-04-30T14:48:28.714+0000] {processor.py:186} INFO - Started process (PID=327) to work on /opt/airflow/dags/player_data_fetcher_dag.py
[2025-04-30T14:48:28.715+0000] {processor.py:914} INFO - Processing file /opt/airflow/dags/player_data_fetcher_dag.py for tasks to queue
[2025-04-30T14:48:28.715+0000] {logging_mixin.py:190} INFO - [2025-04-30T14:48:28.715+0000] {dagbag.py:588} INFO - Filling up the DagBag from /opt/airflow/dags/player_data_fetcher_dag.py
[2025-04-30T14:48:28.716+0000] {logging_mixin.py:190} INFO - [2025-04-30T14:48:28.716+0000] {dagbag.py:387} ERROR - Failed to import: /opt/airflow/dags/player_data_fetcher_dag.py
Traceback (most recent call last):
  File "/home/airflow/.local/lib/python3.12/site-packages/airflow/models/dagbag.py", line 383, in parse
    loader.exec_module(new_module)
  File "<frozen importlib._bootstrap_external>", line 999, in exec_module
  File "<frozen importlib._bootstrap>", line 488, in _call_with_frames_removed
  File "/opt/airflow/dags/player_data_fetcher_dag.py", line 9, in <module>
    from fetch_season_logs import save_gamelog
ModuleNotFoundError: No module named 'fetch_season_logs'
[2025-04-30T14:48:28.717+0000] {processor.py:927} WARNING - No viable dags retrieved from /opt/airflow/dags/player_data_fetcher_dag.py
[2025-04-30T14:48:28.726+0000] {processor.py:208} INFO - Processing /opt/airflow/dags/player_data_fetcher_dag.py took 0.015 seconds
[2025-04-30T14:48:59.140+0000] {processor.py:186} INFO - Started process (PID=329) to work on /opt/airflow/dags/player_data_fetcher_dag.py
[2025-04-30T14:48:59.141+0000] {processor.py:914} INFO - Processing file /opt/airflow/dags/player_data_fetcher_dag.py for tasks to queue
[2025-04-30T14:48:59.142+0000] {logging_mixin.py:190} INFO - [2025-04-30T14:48:59.142+0000] {dagbag.py:588} INFO - Filling up the DagBag from /opt/airflow/dags/player_data_fetcher_dag.py
[2025-04-30T14:48:59.145+0000] {logging_mixin.py:190} INFO - [2025-04-30T14:48:59.144+0000] {dagbag.py:387} ERROR - Failed to import: /opt/airflow/dags/player_data_fetcher_dag.py
Traceback (most recent call last):
  File "/home/airflow/.local/lib/python3.12/site-packages/airflow/models/dagbag.py", line 383, in parse
    loader.exec_module(new_module)
  File "<frozen importlib._bootstrap_external>", line 999, in exec_module
  File "<frozen importlib._bootstrap>", line 488, in _call_with_frames_removed
  File "/opt/airflow/dags/player_data_fetcher_dag.py", line 9, in <module>
    from fetch_season_logs import save_gamelog
ModuleNotFoundError: No module named 'fetch_season_logs'
[2025-04-30T14:48:59.145+0000] {processor.py:927} WARNING - No viable dags retrieved from /opt/airflow/dags/player_data_fetcher_dag.py
[2025-04-30T14:48:59.158+0000] {processor.py:208} INFO - Processing /opt/airflow/dags/player_data_fetcher_dag.py took 0.024 seconds
[2025-04-30T14:56:25.469+0000] {processor.py:186} INFO - Started process (PID=331) to work on /opt/airflow/dags/player_data_fetcher_dag.py
[2025-04-30T14:56:25.469+0000] {processor.py:914} INFO - Processing file /opt/airflow/dags/player_data_fetcher_dag.py for tasks to queue
[2025-04-30T14:56:25.469+0000] {logging_mixin.py:190} INFO - [2025-04-30T14:56:25.469+0000] {dagbag.py:588} INFO - Filling up the DagBag from /opt/airflow/dags/player_data_fetcher_dag.py
[2025-04-30T14:56:25.470+0000] {logging_mixin.py:190} INFO - [2025-04-30T14:56:25.470+0000] {dagbag.py:387} ERROR - Failed to import: /opt/airflow/dags/player_data_fetcher_dag.py
Traceback (most recent call last):
  File "/home/airflow/.local/lib/python3.12/site-packages/airflow/models/dagbag.py", line 383, in parse
    loader.exec_module(new_module)
  File "<frozen importlib._bootstrap_external>", line 999, in exec_module
  File "<frozen importlib._bootstrap>", line 488, in _call_with_frames_removed
  File "/opt/airflow/dags/player_data_fetcher_dag.py", line 9, in <module>
    from fetch_season_logs import save_gamelog
ModuleNotFoundError: No module named 'fetch_season_logs'
[2025-04-30T14:56:25.471+0000] {processor.py:927} WARNING - No viable dags retrieved from /opt/airflow/dags/player_data_fetcher_dag.py
[2025-04-30T14:56:25.479+0000] {processor.py:208} INFO - Processing /opt/airflow/dags/player_data_fetcher_dag.py took 0.013 seconds
[2025-04-30T14:56:56.030+0000] {processor.py:186} INFO - Started process (PID=333) to work on /opt/airflow/dags/player_data_fetcher_dag.py
[2025-04-30T14:56:56.031+0000] {processor.py:914} INFO - Processing file /opt/airflow/dags/player_data_fetcher_dag.py for tasks to queue
[2025-04-30T14:56:56.032+0000] {logging_mixin.py:190} INFO - [2025-04-30T14:56:56.031+0000] {dagbag.py:588} INFO - Filling up the DagBag from /opt/airflow/dags/player_data_fetcher_dag.py
[2025-04-30T14:56:56.034+0000] {logging_mixin.py:190} INFO - [2025-04-30T14:56:56.033+0000] {dagbag.py:387} ERROR - Failed to import: /opt/airflow/dags/player_data_fetcher_dag.py
Traceback (most recent call last):
  File "/home/airflow/.local/lib/python3.12/site-packages/airflow/models/dagbag.py", line 383, in parse
    loader.exec_module(new_module)
  File "<frozen importlib._bootstrap_external>", line 999, in exec_module
  File "<frozen importlib._bootstrap>", line 488, in _call_with_frames_removed
  File "/opt/airflow/dags/player_data_fetcher_dag.py", line 9, in <module>
    from fetch_season_logs import save_gamelog
ModuleNotFoundError: No module named 'fetch_season_logs'
[2025-04-30T14:56:56.034+0000] {processor.py:927} WARNING - No viable dags retrieved from /opt/airflow/dags/player_data_fetcher_dag.py
[2025-04-30T14:56:56.047+0000] {processor.py:208} INFO - Processing /opt/airflow/dags/player_data_fetcher_dag.py took 0.022 seconds
[2025-04-30T15:11:58.837+0000] {processor.py:186} INFO - Started process (PID=335) to work on /opt/airflow/dags/player_data_fetcher_dag.py
[2025-04-30T15:11:58.838+0000] {processor.py:914} INFO - Processing file /opt/airflow/dags/player_data_fetcher_dag.py for tasks to queue
[2025-04-30T15:11:58.838+0000] {logging_mixin.py:190} INFO - [2025-04-30T15:11:58.838+0000] {dagbag.py:588} INFO - Filling up the DagBag from /opt/airflow/dags/player_data_fetcher_dag.py
[2025-04-30T15:11:58.841+0000] {logging_mixin.py:190} INFO - [2025-04-30T15:11:58.840+0000] {dagbag.py:387} ERROR - Failed to import: /opt/airflow/dags/player_data_fetcher_dag.py
Traceback (most recent call last):
  File "/home/airflow/.local/lib/python3.12/site-packages/airflow/models/dagbag.py", line 383, in parse
    loader.exec_module(new_module)
  File "<frozen importlib._bootstrap_external>", line 999, in exec_module
  File "<frozen importlib._bootstrap>", line 488, in _call_with_frames_removed
  File "/opt/airflow/dags/player_data_fetcher_dag.py", line 9, in <module>
    from fetch_season_logs import save_gamelog
ModuleNotFoundError: No module named 'fetch_season_logs'
[2025-04-30T15:11:58.841+0000] {processor.py:927} WARNING - No viable dags retrieved from /opt/airflow/dags/player_data_fetcher_dag.py
[2025-04-30T15:11:58.853+0000] {processor.py:208} INFO - Processing /opt/airflow/dags/player_data_fetcher_dag.py took 0.020 seconds
[2025-04-30T15:12:29.329+0000] {processor.py:186} INFO - Started process (PID=337) to work on /opt/airflow/dags/player_data_fetcher_dag.py
[2025-04-30T15:12:29.329+0000] {processor.py:914} INFO - Processing file /opt/airflow/dags/player_data_fetcher_dag.py for tasks to queue
[2025-04-30T15:12:29.330+0000] {logging_mixin.py:190} INFO - [2025-04-30T15:12:29.330+0000] {dagbag.py:588} INFO - Filling up the DagBag from /opt/airflow/dags/player_data_fetcher_dag.py
[2025-04-30T15:12:29.334+0000] {logging_mixin.py:190} INFO - [2025-04-30T15:12:29.333+0000] {dagbag.py:387} ERROR - Failed to import: /opt/airflow/dags/player_data_fetcher_dag.py
Traceback (most recent call last):
  File "/home/airflow/.local/lib/python3.12/site-packages/airflow/models/dagbag.py", line 383, in parse
    loader.exec_module(new_module)
  File "<frozen importlib._bootstrap_external>", line 999, in exec_module
  File "<frozen importlib._bootstrap>", line 488, in _call_with_frames_removed
  File "/opt/airflow/dags/player_data_fetcher_dag.py", line 9, in <module>
    from fetch_season_logs import save_gamelog
ModuleNotFoundError: No module named 'fetch_season_logs'
[2025-04-30T15:12:29.334+0000] {processor.py:927} WARNING - No viable dags retrieved from /opt/airflow/dags/player_data_fetcher_dag.py
[2025-04-30T15:12:29.346+0000] {processor.py:208} INFO - Processing /opt/airflow/dags/player_data_fetcher_dag.py took 0.024 seconds
[2025-04-30T15:14:27.396+0000] {processor.py:186} INFO - Started process (PID=339) to work on /opt/airflow/dags/player_data_fetcher_dag.py
[2025-04-30T15:14:27.397+0000] {processor.py:914} INFO - Processing file /opt/airflow/dags/player_data_fetcher_dag.py for tasks to queue
[2025-04-30T15:14:27.397+0000] {logging_mixin.py:190} INFO - [2025-04-30T15:14:27.397+0000] {dagbag.py:588} INFO - Filling up the DagBag from /opt/airflow/dags/player_data_fetcher_dag.py
[2025-04-30T15:14:27.400+0000] {logging_mixin.py:190} INFO - [2025-04-30T15:14:27.399+0000] {dagbag.py:387} ERROR - Failed to import: /opt/airflow/dags/player_data_fetcher_dag.py
Traceback (most recent call last):
  File "/home/airflow/.local/lib/python3.12/site-packages/airflow/models/dagbag.py", line 383, in parse
    loader.exec_module(new_module)
  File "<frozen importlib._bootstrap_external>", line 999, in exec_module
  File "<frozen importlib._bootstrap>", line 488, in _call_with_frames_removed
  File "/opt/airflow/dags/player_data_fetcher_dag.py", line 9, in <module>
    from fetch_season_logs import save_gamelog
ModuleNotFoundError: No module named 'fetch_season_logs'
[2025-04-30T15:14:27.400+0000] {processor.py:927} WARNING - No viable dags retrieved from /opt/airflow/dags/player_data_fetcher_dag.py
[2025-04-30T15:14:27.413+0000] {processor.py:208} INFO - Processing /opt/airflow/dags/player_data_fetcher_dag.py took 0.022 seconds
[2025-04-30T15:14:57.808+0000] {processor.py:186} INFO - Started process (PID=341) to work on /opt/airflow/dags/player_data_fetcher_dag.py
[2025-04-30T15:14:57.809+0000] {processor.py:914} INFO - Processing file /opt/airflow/dags/player_data_fetcher_dag.py for tasks to queue
[2025-04-30T15:14:57.811+0000] {logging_mixin.py:190} INFO - [2025-04-30T15:14:57.810+0000] {dagbag.py:588} INFO - Filling up the DagBag from /opt/airflow/dags/player_data_fetcher_dag.py
[2025-04-30T15:14:57.814+0000] {logging_mixin.py:190} INFO - [2025-04-30T15:14:57.813+0000] {dagbag.py:387} ERROR - Failed to import: /opt/airflow/dags/player_data_fetcher_dag.py
Traceback (most recent call last):
  File "/home/airflow/.local/lib/python3.12/site-packages/airflow/models/dagbag.py", line 383, in parse
    loader.exec_module(new_module)
  File "<frozen importlib._bootstrap_external>", line 999, in exec_module
  File "<frozen importlib._bootstrap>", line 488, in _call_with_frames_removed
  File "/opt/airflow/dags/player_data_fetcher_dag.py", line 9, in <module>
    from fetch_season_logs import save_gamelog
ModuleNotFoundError: No module named 'fetch_season_logs'
[2025-04-30T15:14:57.814+0000] {processor.py:927} WARNING - No viable dags retrieved from /opt/airflow/dags/player_data_fetcher_dag.py
[2025-04-30T15:14:57.830+0000] {processor.py:208} INFO - Processing /opt/airflow/dags/player_data_fetcher_dag.py took 0.030 seconds
[2025-04-30T15:15:28.238+0000] {processor.py:186} INFO - Started process (PID=343) to work on /opt/airflow/dags/player_data_fetcher_dag.py
[2025-04-30T15:15:28.238+0000] {processor.py:914} INFO - Processing file /opt/airflow/dags/player_data_fetcher_dag.py for tasks to queue
[2025-04-30T15:15:28.239+0000] {logging_mixin.py:190} INFO - [2025-04-30T15:15:28.239+0000] {dagbag.py:588} INFO - Filling up the DagBag from /opt/airflow/dags/player_data_fetcher_dag.py
[2025-04-30T15:15:28.241+0000] {logging_mixin.py:190} INFO - [2025-04-30T15:15:28.241+0000] {dagbag.py:387} ERROR - Failed to import: /opt/airflow/dags/player_data_fetcher_dag.py
Traceback (most recent call last):
  File "/home/airflow/.local/lib/python3.12/site-packages/airflow/models/dagbag.py", line 383, in parse
    loader.exec_module(new_module)
  File "<frozen importlib._bootstrap_external>", line 999, in exec_module
  File "<frozen importlib._bootstrap>", line 488, in _call_with_frames_removed
  File "/opt/airflow/dags/player_data_fetcher_dag.py", line 9, in <module>
    from fetch_season_logs import save_gamelog
ModuleNotFoundError: No module named 'fetch_season_logs'
[2025-04-30T15:15:28.242+0000] {processor.py:927} WARNING - No viable dags retrieved from /opt/airflow/dags/player_data_fetcher_dag.py
[2025-04-30T15:15:28.255+0000] {processor.py:208} INFO - Processing /opt/airflow/dags/player_data_fetcher_dag.py took 0.023 seconds
[2025-04-30T15:15:58.736+0000] {processor.py:186} INFO - Started process (PID=345) to work on /opt/airflow/dags/player_data_fetcher_dag.py
[2025-04-30T15:15:58.737+0000] {processor.py:914} INFO - Processing file /opt/airflow/dags/player_data_fetcher_dag.py for tasks to queue
[2025-04-30T15:15:58.738+0000] {logging_mixin.py:190} INFO - [2025-04-30T15:15:58.738+0000] {dagbag.py:588} INFO - Filling up the DagBag from /opt/airflow/dags/player_data_fetcher_dag.py
[2025-04-30T15:15:58.741+0000] {logging_mixin.py:190} INFO - [2025-04-30T15:15:58.740+0000] {dagbag.py:387} ERROR - Failed to import: /opt/airflow/dags/player_data_fetcher_dag.py
Traceback (most recent call last):
  File "/home/airflow/.local/lib/python3.12/site-packages/airflow/models/dagbag.py", line 383, in parse
    loader.exec_module(new_module)
  File "<frozen importlib._bootstrap_external>", line 999, in exec_module
  File "<frozen importlib._bootstrap>", line 488, in _call_with_frames_removed
  File "/opt/airflow/dags/player_data_fetcher_dag.py", line 9, in <module>
    from fetch_season_logs import save_gamelog
ModuleNotFoundError: No module named 'fetch_season_logs'
[2025-04-30T15:15:58.741+0000] {processor.py:927} WARNING - No viable dags retrieved from /opt/airflow/dags/player_data_fetcher_dag.py
[2025-04-30T15:15:58.754+0000] {processor.py:208} INFO - Processing /opt/airflow/dags/player_data_fetcher_dag.py took 0.024 seconds
[2025-04-30T15:42:04.924+0000] {processor.py:186} INFO - Started process (PID=347) to work on /opt/airflow/dags/player_data_fetcher_dag.py
[2025-04-30T15:42:04.924+0000] {processor.py:914} INFO - Processing file /opt/airflow/dags/player_data_fetcher_dag.py for tasks to queue
[2025-04-30T15:42:04.925+0000] {logging_mixin.py:190} INFO - [2025-04-30T15:42:04.925+0000] {dagbag.py:588} INFO - Filling up the DagBag from /opt/airflow/dags/player_data_fetcher_dag.py
[2025-04-30T15:42:04.927+0000] {logging_mixin.py:190} INFO - [2025-04-30T15:42:04.927+0000] {dagbag.py:387} ERROR - Failed to import: /opt/airflow/dags/player_data_fetcher_dag.py
Traceback (most recent call last):
  File "/home/airflow/.local/lib/python3.12/site-packages/airflow/models/dagbag.py", line 383, in parse
    loader.exec_module(new_module)
  File "<frozen importlib._bootstrap_external>", line 999, in exec_module
  File "<frozen importlib._bootstrap>", line 488, in _call_with_frames_removed
  File "/opt/airflow/dags/player_data_fetcher_dag.py", line 9, in <module>
    from fetch_season_logs import save_gamelog
ModuleNotFoundError: No module named 'fetch_season_logs'
[2025-04-30T15:42:04.928+0000] {processor.py:927} WARNING - No viable dags retrieved from /opt/airflow/dags/player_data_fetcher_dag.py
[2025-04-30T15:42:04.939+0000] {processor.py:208} INFO - Processing /opt/airflow/dags/player_data_fetcher_dag.py took 0.020 seconds
[2025-04-30T15:42:35.389+0000] {processor.py:186} INFO - Started process (PID=349) to work on /opt/airflow/dags/player_data_fetcher_dag.py
[2025-04-30T15:42:35.390+0000] {processor.py:914} INFO - Processing file /opt/airflow/dags/player_data_fetcher_dag.py for tasks to queue
[2025-04-30T15:42:35.391+0000] {logging_mixin.py:190} INFO - [2025-04-30T15:42:35.391+0000] {dagbag.py:588} INFO - Filling up the DagBag from /opt/airflow/dags/player_data_fetcher_dag.py
[2025-04-30T15:42:35.394+0000] {logging_mixin.py:190} INFO - [2025-04-30T15:42:35.393+0000] {dagbag.py:387} ERROR - Failed to import: /opt/airflow/dags/player_data_fetcher_dag.py
Traceback (most recent call last):
  File "/home/airflow/.local/lib/python3.12/site-packages/airflow/models/dagbag.py", line 383, in parse
    loader.exec_module(new_module)
  File "<frozen importlib._bootstrap_external>", line 999, in exec_module
  File "<frozen importlib._bootstrap>", line 488, in _call_with_frames_removed
  File "/opt/airflow/dags/player_data_fetcher_dag.py", line 9, in <module>
    from fetch_season_logs import save_gamelog
ModuleNotFoundError: No module named 'fetch_season_logs'
[2025-04-30T15:42:35.395+0000] {processor.py:927} WARNING - No viable dags retrieved from /opt/airflow/dags/player_data_fetcher_dag.py
[2025-04-30T15:42:35.411+0000] {processor.py:208} INFO - Processing /opt/airflow/dags/player_data_fetcher_dag.py took 0.027 seconds
[2025-04-30T15:57:29.344+0000] {processor.py:186} INFO - Started process (PID=351) to work on /opt/airflow/dags/player_data_fetcher_dag.py
[2025-04-30T15:57:29.345+0000] {processor.py:914} INFO - Processing file /opt/airflow/dags/player_data_fetcher_dag.py for tasks to queue
[2025-04-30T15:57:29.345+0000] {logging_mixin.py:190} INFO - [2025-04-30T15:57:29.345+0000] {dagbag.py:588} INFO - Filling up the DagBag from /opt/airflow/dags/player_data_fetcher_dag.py
[2025-04-30T15:57:29.346+0000] {logging_mixin.py:190} INFO - [2025-04-30T15:57:29.346+0000] {dagbag.py:387} ERROR - Failed to import: /opt/airflow/dags/player_data_fetcher_dag.py
Traceback (most recent call last):
  File "/home/airflow/.local/lib/python3.12/site-packages/airflow/models/dagbag.py", line 383, in parse
    loader.exec_module(new_module)
  File "<frozen importlib._bootstrap_external>", line 999, in exec_module
  File "<frozen importlib._bootstrap>", line 488, in _call_with_frames_removed
  File "/opt/airflow/dags/player_data_fetcher_dag.py", line 9, in <module>
    from fetch_season_logs import save_gamelog
ModuleNotFoundError: No module named 'fetch_season_logs'
[2025-04-30T15:57:29.347+0000] {processor.py:927} WARNING - No viable dags retrieved from /opt/airflow/dags/player_data_fetcher_dag.py
[2025-04-30T15:57:29.355+0000] {processor.py:208} INFO - Processing /opt/airflow/dags/player_data_fetcher_dag.py took 0.013 seconds
[2025-04-30T15:57:59.764+0000] {processor.py:186} INFO - Started process (PID=353) to work on /opt/airflow/dags/player_data_fetcher_dag.py
[2025-04-30T15:57:59.765+0000] {processor.py:914} INFO - Processing file /opt/airflow/dags/player_data_fetcher_dag.py for tasks to queue
[2025-04-30T15:57:59.766+0000] {logging_mixin.py:190} INFO - [2025-04-30T15:57:59.765+0000] {dagbag.py:588} INFO - Filling up the DagBag from /opt/airflow/dags/player_data_fetcher_dag.py
[2025-04-30T15:57:59.768+0000] {logging_mixin.py:190} INFO - [2025-04-30T15:57:59.768+0000] {dagbag.py:387} ERROR - Failed to import: /opt/airflow/dags/player_data_fetcher_dag.py
Traceback (most recent call last):
  File "/home/airflow/.local/lib/python3.12/site-packages/airflow/models/dagbag.py", line 383, in parse
    loader.exec_module(new_module)
  File "<frozen importlib._bootstrap_external>", line 999, in exec_module
  File "<frozen importlib._bootstrap>", line 488, in _call_with_frames_removed
  File "/opt/airflow/dags/player_data_fetcher_dag.py", line 9, in <module>
    from fetch_season_logs import save_gamelog
ModuleNotFoundError: No module named 'fetch_season_logs'
[2025-04-30T15:57:59.769+0000] {processor.py:927} WARNING - No viable dags retrieved from /opt/airflow/dags/player_data_fetcher_dag.py
[2025-04-30T15:57:59.782+0000] {processor.py:208} INFO - Processing /opt/airflow/dags/player_data_fetcher_dag.py took 0.023 seconds
[2025-04-30T16:13:02.558+0000] {processor.py:186} INFO - Started process (PID=355) to work on /opt/airflow/dags/player_data_fetcher_dag.py
[2025-04-30T16:13:02.559+0000] {processor.py:914} INFO - Processing file /opt/airflow/dags/player_data_fetcher_dag.py for tasks to queue
[2025-04-30T16:13:02.560+0000] {logging_mixin.py:190} INFO - [2025-04-30T16:13:02.560+0000] {dagbag.py:588} INFO - Filling up the DagBag from /opt/airflow/dags/player_data_fetcher_dag.py
[2025-04-30T16:13:02.562+0000] {logging_mixin.py:190} INFO - [2025-04-30T16:13:02.561+0000] {dagbag.py:387} ERROR - Failed to import: /opt/airflow/dags/player_data_fetcher_dag.py
Traceback (most recent call last):
  File "/home/airflow/.local/lib/python3.12/site-packages/airflow/models/dagbag.py", line 383, in parse
    loader.exec_module(new_module)
  File "<frozen importlib._bootstrap_external>", line 999, in exec_module
  File "<frozen importlib._bootstrap>", line 488, in _call_with_frames_removed
  File "/opt/airflow/dags/player_data_fetcher_dag.py", line 9, in <module>
    from fetch_season_logs import save_gamelog
ModuleNotFoundError: No module named 'fetch_season_logs'
[2025-04-30T16:13:02.562+0000] {processor.py:927} WARNING - No viable dags retrieved from /opt/airflow/dags/player_data_fetcher_dag.py
[2025-04-30T16:13:02.572+0000] {processor.py:208} INFO - Processing /opt/airflow/dags/player_data_fetcher_dag.py took 0.017 seconds
[2025-04-30T16:13:33.017+0000] {processor.py:186} INFO - Started process (PID=357) to work on /opt/airflow/dags/player_data_fetcher_dag.py
[2025-04-30T16:13:33.018+0000] {processor.py:914} INFO - Processing file /opt/airflow/dags/player_data_fetcher_dag.py for tasks to queue
[2025-04-30T16:13:33.019+0000] {logging_mixin.py:190} INFO - [2025-04-30T16:13:33.019+0000] {dagbag.py:588} INFO - Filling up the DagBag from /opt/airflow/dags/player_data_fetcher_dag.py
[2025-04-30T16:13:33.021+0000] {logging_mixin.py:190} INFO - [2025-04-30T16:13:33.021+0000] {dagbag.py:387} ERROR - Failed to import: /opt/airflow/dags/player_data_fetcher_dag.py
Traceback (most recent call last):
  File "/home/airflow/.local/lib/python3.12/site-packages/airflow/models/dagbag.py", line 383, in parse
    loader.exec_module(new_module)
  File "<frozen importlib._bootstrap_external>", line 999, in exec_module
  File "<frozen importlib._bootstrap>", line 488, in _call_with_frames_removed
  File "/opt/airflow/dags/player_data_fetcher_dag.py", line 9, in <module>
    from fetch_season_logs import save_gamelog
ModuleNotFoundError: No module named 'fetch_season_logs'
[2025-04-30T16:13:33.022+0000] {processor.py:927} WARNING - No viable dags retrieved from /opt/airflow/dags/player_data_fetcher_dag.py
[2025-04-30T16:13:33.036+0000] {processor.py:208} INFO - Processing /opt/airflow/dags/player_data_fetcher_dag.py took 0.024 seconds
[2025-04-30T16:28:35.717+0000] {processor.py:186} INFO - Started process (PID=359) to work on /opt/airflow/dags/player_data_fetcher_dag.py
[2025-04-30T16:28:35.718+0000] {processor.py:914} INFO - Processing file /opt/airflow/dags/player_data_fetcher_dag.py for tasks to queue
[2025-04-30T16:28:35.718+0000] {logging_mixin.py:190} INFO - [2025-04-30T16:28:35.718+0000] {dagbag.py:588} INFO - Filling up the DagBag from /opt/airflow/dags/player_data_fetcher_dag.py
[2025-04-30T16:28:35.720+0000] {logging_mixin.py:190} INFO - [2025-04-30T16:28:35.720+0000] {dagbag.py:387} ERROR - Failed to import: /opt/airflow/dags/player_data_fetcher_dag.py
Traceback (most recent call last):
  File "/home/airflow/.local/lib/python3.12/site-packages/airflow/models/dagbag.py", line 383, in parse
    loader.exec_module(new_module)
  File "<frozen importlib._bootstrap_external>", line 999, in exec_module
  File "<frozen importlib._bootstrap>", line 488, in _call_with_frames_removed
  File "/opt/airflow/dags/player_data_fetcher_dag.py", line 9, in <module>
    from fetch_season_logs import save_gamelog
ModuleNotFoundError: No module named 'fetch_season_logs'
[2025-04-30T16:28:35.721+0000] {processor.py:927} WARNING - No viable dags retrieved from /opt/airflow/dags/player_data_fetcher_dag.py
[2025-04-30T16:28:35.732+0000] {processor.py:208} INFO - Processing /opt/airflow/dags/player_data_fetcher_dag.py took 0.019 seconds
[2025-04-30T16:29:06.159+0000] {processor.py:186} INFO - Started process (PID=361) to work on /opt/airflow/dags/player_data_fetcher_dag.py
[2025-04-30T16:29:06.159+0000] {processor.py:914} INFO - Processing file /opt/airflow/dags/player_data_fetcher_dag.py for tasks to queue
[2025-04-30T16:29:06.160+0000] {logging_mixin.py:190} INFO - [2025-04-30T16:29:06.160+0000] {dagbag.py:588} INFO - Filling up the DagBag from /opt/airflow/dags/player_data_fetcher_dag.py
[2025-04-30T16:29:06.163+0000] {logging_mixin.py:190} INFO - [2025-04-30T16:29:06.163+0000] {dagbag.py:387} ERROR - Failed to import: /opt/airflow/dags/player_data_fetcher_dag.py
Traceback (most recent call last):
  File "/home/airflow/.local/lib/python3.12/site-packages/airflow/models/dagbag.py", line 383, in parse
    loader.exec_module(new_module)
  File "<frozen importlib._bootstrap_external>", line 999, in exec_module
  File "<frozen importlib._bootstrap>", line 488, in _call_with_frames_removed
  File "/opt/airflow/dags/player_data_fetcher_dag.py", line 9, in <module>
    from fetch_season_logs import save_gamelog
ModuleNotFoundError: No module named 'fetch_season_logs'
[2025-04-30T16:29:06.164+0000] {processor.py:927} WARNING - No viable dags retrieved from /opt/airflow/dags/player_data_fetcher_dag.py
[2025-04-30T16:29:06.176+0000] {processor.py:208} INFO - Processing /opt/airflow/dags/player_data_fetcher_dag.py took 0.023 seconds
[2025-04-30T16:29:36.636+0000] {processor.py:186} INFO - Started process (PID=363) to work on /opt/airflow/dags/player_data_fetcher_dag.py
[2025-04-30T16:29:36.636+0000] {processor.py:914} INFO - Processing file /opt/airflow/dags/player_data_fetcher_dag.py for tasks to queue
[2025-04-30T16:29:36.638+0000] {logging_mixin.py:190} INFO - [2025-04-30T16:29:36.638+0000] {dagbag.py:588} INFO - Filling up the DagBag from /opt/airflow/dags/player_data_fetcher_dag.py
[2025-04-30T16:29:36.640+0000] {logging_mixin.py:190} INFO - [2025-04-30T16:29:36.639+0000] {dagbag.py:387} ERROR - Failed to import: /opt/airflow/dags/player_data_fetcher_dag.py
Traceback (most recent call last):
  File "/home/airflow/.local/lib/python3.12/site-packages/airflow/models/dagbag.py", line 383, in parse
    loader.exec_module(new_module)
  File "<frozen importlib._bootstrap_external>", line 999, in exec_module
  File "<frozen importlib._bootstrap>", line 488, in _call_with_frames_removed
  File "/opt/airflow/dags/player_data_fetcher_dag.py", line 9, in <module>
    from fetch_season_logs import save_gamelog
ModuleNotFoundError: No module named 'fetch_season_logs'
[2025-04-30T16:29:36.640+0000] {processor.py:927} WARNING - No viable dags retrieved from /opt/airflow/dags/player_data_fetcher_dag.py
[2025-04-30T16:29:36.653+0000] {processor.py:208} INFO - Processing /opt/airflow/dags/player_data_fetcher_dag.py took 0.024 seconds
[2025-04-30T16:30:07.041+0000] {processor.py:186} INFO - Started process (PID=365) to work on /opt/airflow/dags/player_data_fetcher_dag.py
[2025-04-30T16:30:07.042+0000] {processor.py:914} INFO - Processing file /opt/airflow/dags/player_data_fetcher_dag.py for tasks to queue
[2025-04-30T16:30:07.042+0000] {logging_mixin.py:190} INFO - [2025-04-30T16:30:07.042+0000] {dagbag.py:588} INFO - Filling up the DagBag from /opt/airflow/dags/player_data_fetcher_dag.py
[2025-04-30T16:30:07.044+0000] {logging_mixin.py:190} INFO - [2025-04-30T16:30:07.044+0000] {dagbag.py:387} ERROR - Failed to import: /opt/airflow/dags/player_data_fetcher_dag.py
Traceback (most recent call last):
  File "/home/airflow/.local/lib/python3.12/site-packages/airflow/models/dagbag.py", line 383, in parse
    loader.exec_module(new_module)
  File "<frozen importlib._bootstrap_external>", line 999, in exec_module
  File "<frozen importlib._bootstrap>", line 488, in _call_with_frames_removed
  File "/opt/airflow/dags/player_data_fetcher_dag.py", line 9, in <module>
    from fetch_season_logs import save_gamelog
ModuleNotFoundError: No module named 'fetch_season_logs'
[2025-04-30T16:30:07.045+0000] {processor.py:927} WARNING - No viable dags retrieved from /opt/airflow/dags/player_data_fetcher_dag.py
[2025-04-30T16:30:07.056+0000] {processor.py:208} INFO - Processing /opt/airflow/dags/player_data_fetcher_dag.py took 0.019 seconds
[2025-04-30T16:58:26.331+0000] {processor.py:186} INFO - Started process (PID=367) to work on /opt/airflow/dags/player_data_fetcher_dag.py
[2025-04-30T16:58:26.331+0000] {processor.py:914} INFO - Processing file /opt/airflow/dags/player_data_fetcher_dag.py for tasks to queue
[2025-04-30T16:58:26.332+0000] {logging_mixin.py:190} INFO - [2025-04-30T16:58:26.332+0000] {dagbag.py:588} INFO - Filling up the DagBag from /opt/airflow/dags/player_data_fetcher_dag.py
[2025-04-30T16:58:26.334+0000] {logging_mixin.py:190} INFO - [2025-04-30T16:58:26.333+0000] {dagbag.py:387} ERROR - Failed to import: /opt/airflow/dags/player_data_fetcher_dag.py
Traceback (most recent call last):
  File "/home/airflow/.local/lib/python3.12/site-packages/airflow/models/dagbag.py", line 383, in parse
    loader.exec_module(new_module)
  File "<frozen importlib._bootstrap_external>", line 999, in exec_module
  File "<frozen importlib._bootstrap>", line 488, in _call_with_frames_removed
  File "/opt/airflow/dags/player_data_fetcher_dag.py", line 9, in <module>
    from fetch_season_logs import save_gamelog
ModuleNotFoundError: No module named 'fetch_season_logs'
[2025-04-30T16:58:26.334+0000] {processor.py:927} WARNING - No viable dags retrieved from /opt/airflow/dags/player_data_fetcher_dag.py
[2025-04-30T16:58:26.347+0000] {processor.py:208} INFO - Processing /opt/airflow/dags/player_data_fetcher_dag.py took 0.020 seconds
[2025-04-30T16:58:56.799+0000] {processor.py:186} INFO - Started process (PID=369) to work on /opt/airflow/dags/player_data_fetcher_dag.py
[2025-04-30T16:58:56.800+0000] {processor.py:914} INFO - Processing file /opt/airflow/dags/player_data_fetcher_dag.py for tasks to queue
[2025-04-30T16:58:56.800+0000] {logging_mixin.py:190} INFO - [2025-04-30T16:58:56.800+0000] {dagbag.py:588} INFO - Filling up the DagBag from /opt/airflow/dags/player_data_fetcher_dag.py
[2025-04-30T16:58:56.803+0000] {logging_mixin.py:190} INFO - [2025-04-30T16:58:56.802+0000] {dagbag.py:387} ERROR - Failed to import: /opt/airflow/dags/player_data_fetcher_dag.py
Traceback (most recent call last):
  File "/home/airflow/.local/lib/python3.12/site-packages/airflow/models/dagbag.py", line 383, in parse
    loader.exec_module(new_module)
  File "<frozen importlib._bootstrap_external>", line 999, in exec_module
  File "<frozen importlib._bootstrap>", line 488, in _call_with_frames_removed
  File "/opt/airflow/dags/player_data_fetcher_dag.py", line 9, in <module>
    from fetch_season_logs import save_gamelog
ModuleNotFoundError: No module named 'fetch_season_logs'
[2025-04-30T16:58:56.803+0000] {processor.py:927} WARNING - No viable dags retrieved from /opt/airflow/dags/player_data_fetcher_dag.py
[2025-04-30T16:58:56.816+0000] {processor.py:208} INFO - Processing /opt/airflow/dags/player_data_fetcher_dag.py took 0.022 seconds
[2025-04-30T17:13:59.608+0000] {processor.py:186} INFO - Started process (PID=371) to work on /opt/airflow/dags/player_data_fetcher_dag.py
[2025-04-30T17:13:59.608+0000] {processor.py:914} INFO - Processing file /opt/airflow/dags/player_data_fetcher_dag.py for tasks to queue
[2025-04-30T17:13:59.609+0000] {logging_mixin.py:190} INFO - [2025-04-30T17:13:59.609+0000] {dagbag.py:588} INFO - Filling up the DagBag from /opt/airflow/dags/player_data_fetcher_dag.py
[2025-04-30T17:13:59.611+0000] {logging_mixin.py:190} INFO - [2025-04-30T17:13:59.611+0000] {dagbag.py:387} ERROR - Failed to import: /opt/airflow/dags/player_data_fetcher_dag.py
Traceback (most recent call last):
  File "/home/airflow/.local/lib/python3.12/site-packages/airflow/models/dagbag.py", line 383, in parse
    loader.exec_module(new_module)
  File "<frozen importlib._bootstrap_external>", line 999, in exec_module
  File "<frozen importlib._bootstrap>", line 488, in _call_with_frames_removed
  File "/opt/airflow/dags/player_data_fetcher_dag.py", line 9, in <module>
    from fetch_season_logs import save_gamelog
ModuleNotFoundError: No module named 'fetch_season_logs'
[2025-04-30T17:13:59.612+0000] {processor.py:927} WARNING - No viable dags retrieved from /opt/airflow/dags/player_data_fetcher_dag.py
[2025-04-30T17:13:59.623+0000] {processor.py:208} INFO - Processing /opt/airflow/dags/player_data_fetcher_dag.py took 0.020 seconds
[2025-04-30T17:14:30.060+0000] {processor.py:186} INFO - Started process (PID=373) to work on /opt/airflow/dags/player_data_fetcher_dag.py
[2025-04-30T17:14:30.061+0000] {processor.py:914} INFO - Processing file /opt/airflow/dags/player_data_fetcher_dag.py for tasks to queue
[2025-04-30T17:14:30.061+0000] {logging_mixin.py:190} INFO - [2025-04-30T17:14:30.061+0000] {dagbag.py:588} INFO - Filling up the DagBag from /opt/airflow/dags/player_data_fetcher_dag.py
[2025-04-30T17:14:30.063+0000] {logging_mixin.py:190} INFO - [2025-04-30T17:14:30.063+0000] {dagbag.py:387} ERROR - Failed to import: /opt/airflow/dags/player_data_fetcher_dag.py
Traceback (most recent call last):
  File "/home/airflow/.local/lib/python3.12/site-packages/airflow/models/dagbag.py", line 383, in parse
    loader.exec_module(new_module)
  File "<frozen importlib._bootstrap_external>", line 999, in exec_module
  File "<frozen importlib._bootstrap>", line 488, in _call_with_frames_removed
  File "/opt/airflow/dags/player_data_fetcher_dag.py", line 9, in <module>
    from fetch_season_logs import save_gamelog
ModuleNotFoundError: No module named 'fetch_season_logs'
[2025-04-30T17:14:30.064+0000] {processor.py:927} WARNING - No viable dags retrieved from /opt/airflow/dags/player_data_fetcher_dag.py
[2025-04-30T17:14:30.078+0000] {processor.py:208} INFO - Processing /opt/airflow/dags/player_data_fetcher_dag.py took 0.023 seconds
[2025-04-30T17:29:31.734+0000] {processor.py:186} INFO - Started process (PID=375) to work on /opt/airflow/dags/player_data_fetcher_dag.py
[2025-04-30T17:29:31.735+0000] {processor.py:914} INFO - Processing file /opt/airflow/dags/player_data_fetcher_dag.py for tasks to queue
[2025-04-30T17:29:31.735+0000] {logging_mixin.py:190} INFO - [2025-04-30T17:29:31.735+0000] {dagbag.py:588} INFO - Filling up the DagBag from /opt/airflow/dags/player_data_fetcher_dag.py
[2025-04-30T17:29:31.737+0000] {logging_mixin.py:190} INFO - [2025-04-30T17:29:31.736+0000] {dagbag.py:387} ERROR - Failed to import: /opt/airflow/dags/player_data_fetcher_dag.py
Traceback (most recent call last):
  File "/home/airflow/.local/lib/python3.12/site-packages/airflow/models/dagbag.py", line 383, in parse
    loader.exec_module(new_module)
  File "<frozen importlib._bootstrap_external>", line 999, in exec_module
  File "<frozen importlib._bootstrap>", line 488, in _call_with_frames_removed
  File "/opt/airflow/dags/player_data_fetcher_dag.py", line 9, in <module>
    from fetch_season_logs import save_gamelog
ModuleNotFoundError: No module named 'fetch_season_logs'
[2025-04-30T17:29:31.737+0000] {processor.py:927} WARNING - No viable dags retrieved from /opt/airflow/dags/player_data_fetcher_dag.py
[2025-04-30T17:29:31.746+0000] {processor.py:208} INFO - Processing /opt/airflow/dags/player_data_fetcher_dag.py took 0.014 seconds
[2025-04-30T17:30:02.181+0000] {processor.py:186} INFO - Started process (PID=377) to work on /opt/airflow/dags/player_data_fetcher_dag.py
[2025-04-30T17:30:02.181+0000] {processor.py:914} INFO - Processing file /opt/airflow/dags/player_data_fetcher_dag.py for tasks to queue
[2025-04-30T17:30:02.181+0000] {logging_mixin.py:190} INFO - [2025-04-30T17:30:02.181+0000] {dagbag.py:588} INFO - Filling up the DagBag from /opt/airflow/dags/player_data_fetcher_dag.py
[2025-04-30T17:30:02.183+0000] {logging_mixin.py:190} INFO - [2025-04-30T17:30:02.183+0000] {dagbag.py:387} ERROR - Failed to import: /opt/airflow/dags/player_data_fetcher_dag.py
Traceback (most recent call last):
  File "/home/airflow/.local/lib/python3.12/site-packages/airflow/models/dagbag.py", line 383, in parse
    loader.exec_module(new_module)
  File "<frozen importlib._bootstrap_external>", line 999, in exec_module
  File "<frozen importlib._bootstrap>", line 488, in _call_with_frames_removed
  File "/opt/airflow/dags/player_data_fetcher_dag.py", line 9, in <module>
    from fetch_season_logs import save_gamelog
ModuleNotFoundError: No module named 'fetch_season_logs'
[2025-04-30T17:30:02.184+0000] {processor.py:927} WARNING - No viable dags retrieved from /opt/airflow/dags/player_data_fetcher_dag.py
[2025-04-30T17:30:02.192+0000] {processor.py:208} INFO - Processing /opt/airflow/dags/player_data_fetcher_dag.py took 0.014 seconds
[2025-04-30T17:45:04.871+0000] {processor.py:186} INFO - Started process (PID=379) to work on /opt/airflow/dags/player_data_fetcher_dag.py
[2025-04-30T17:45:04.872+0000] {processor.py:914} INFO - Processing file /opt/airflow/dags/player_data_fetcher_dag.py for tasks to queue
[2025-04-30T17:45:04.872+0000] {logging_mixin.py:190} INFO - [2025-04-30T17:45:04.872+0000] {dagbag.py:588} INFO - Filling up the DagBag from /opt/airflow/dags/player_data_fetcher_dag.py
[2025-04-30T17:45:04.873+0000] {logging_mixin.py:190} INFO - [2025-04-30T17:45:04.873+0000] {dagbag.py:387} ERROR - Failed to import: /opt/airflow/dags/player_data_fetcher_dag.py
Traceback (most recent call last):
  File "/home/airflow/.local/lib/python3.12/site-packages/airflow/models/dagbag.py", line 383, in parse
    loader.exec_module(new_module)
  File "<frozen importlib._bootstrap_external>", line 999, in exec_module
  File "<frozen importlib._bootstrap>", line 488, in _call_with_frames_removed
  File "/opt/airflow/dags/player_data_fetcher_dag.py", line 9, in <module>
    from fetch_season_logs import save_gamelog
ModuleNotFoundError: No module named 'fetch_season_logs'
[2025-04-30T17:45:04.874+0000] {processor.py:927} WARNING - No viable dags retrieved from /opt/airflow/dags/player_data_fetcher_dag.py
[2025-04-30T17:45:04.882+0000] {processor.py:208} INFO - Processing /opt/airflow/dags/player_data_fetcher_dag.py took 0.013 seconds
[2025-04-30T17:45:35.320+0000] {processor.py:186} INFO - Started process (PID=381) to work on /opt/airflow/dags/player_data_fetcher_dag.py
[2025-04-30T17:45:35.321+0000] {processor.py:914} INFO - Processing file /opt/airflow/dags/player_data_fetcher_dag.py for tasks to queue
[2025-04-30T17:45:35.322+0000] {logging_mixin.py:190} INFO - [2025-04-30T17:45:35.321+0000] {dagbag.py:588} INFO - Filling up the DagBag from /opt/airflow/dags/player_data_fetcher_dag.py
[2025-04-30T17:45:35.324+0000] {logging_mixin.py:190} INFO - [2025-04-30T17:45:35.323+0000] {dagbag.py:387} ERROR - Failed to import: /opt/airflow/dags/player_data_fetcher_dag.py
Traceback (most recent call last):
  File "/home/airflow/.local/lib/python3.12/site-packages/airflow/models/dagbag.py", line 383, in parse
    loader.exec_module(new_module)
  File "<frozen importlib._bootstrap_external>", line 999, in exec_module
  File "<frozen importlib._bootstrap>", line 488, in _call_with_frames_removed
  File "/opt/airflow/dags/player_data_fetcher_dag.py", line 9, in <module>
    from fetch_season_logs import save_gamelog
ModuleNotFoundError: No module named 'fetch_season_logs'
[2025-04-30T17:45:35.324+0000] {processor.py:927} WARNING - No viable dags retrieved from /opt/airflow/dags/player_data_fetcher_dag.py
[2025-04-30T17:45:35.338+0000] {processor.py:208} INFO - Processing /opt/airflow/dags/player_data_fetcher_dag.py took 0.023 seconds
[2025-04-30T17:59:31.314+0000] {processor.py:186} INFO - Started process (PID=383) to work on /opt/airflow/dags/player_data_fetcher_dag.py
[2025-04-30T17:59:31.315+0000] {processor.py:914} INFO - Processing file /opt/airflow/dags/player_data_fetcher_dag.py for tasks to queue
[2025-04-30T17:59:31.315+0000] {logging_mixin.py:190} INFO - [2025-04-30T17:59:31.315+0000] {dagbag.py:588} INFO - Filling up the DagBag from /opt/airflow/dags/player_data_fetcher_dag.py
[2025-04-30T17:59:31.317+0000] {logging_mixin.py:190} INFO - [2025-04-30T17:59:31.317+0000] {dagbag.py:387} ERROR - Failed to import: /opt/airflow/dags/player_data_fetcher_dag.py
Traceback (most recent call last):
  File "/home/airflow/.local/lib/python3.12/site-packages/airflow/models/dagbag.py", line 383, in parse
    loader.exec_module(new_module)
  File "<frozen importlib._bootstrap_external>", line 999, in exec_module
  File "<frozen importlib._bootstrap>", line 488, in _call_with_frames_removed
  File "/opt/airflow/dags/player_data_fetcher_dag.py", line 9, in <module>
    from fetch_season_logs import save_gamelog
ModuleNotFoundError: No module named 'fetch_season_logs'
[2025-04-30T17:59:31.318+0000] {processor.py:927} WARNING - No viable dags retrieved from /opt/airflow/dags/player_data_fetcher_dag.py
[2025-04-30T17:59:31.330+0000] {processor.py:208} INFO - Processing /opt/airflow/dags/player_data_fetcher_dag.py took 0.022 seconds
[2025-04-30T18:00:01.896+0000] {processor.py:186} INFO - Started process (PID=385) to work on /opt/airflow/dags/player_data_fetcher_dag.py
[2025-04-30T18:00:01.897+0000] {processor.py:914} INFO - Processing file /opt/airflow/dags/player_data_fetcher_dag.py for tasks to queue
[2025-04-30T18:00:01.898+0000] {logging_mixin.py:190} INFO - [2025-04-30T18:00:01.897+0000] {dagbag.py:588} INFO - Filling up the DagBag from /opt/airflow/dags/player_data_fetcher_dag.py
[2025-04-30T18:00:01.901+0000] {logging_mixin.py:190} INFO - [2025-04-30T18:00:01.900+0000] {dagbag.py:387} ERROR - Failed to import: /opt/airflow/dags/player_data_fetcher_dag.py
Traceback (most recent call last):
  File "/home/airflow/.local/lib/python3.12/site-packages/airflow/models/dagbag.py", line 383, in parse
    loader.exec_module(new_module)
  File "<frozen importlib._bootstrap_external>", line 999, in exec_module
  File "<frozen importlib._bootstrap>", line 488, in _call_with_frames_removed
  File "/opt/airflow/dags/player_data_fetcher_dag.py", line 9, in <module>
    from fetch_season_logs import save_gamelog
ModuleNotFoundError: No module named 'fetch_season_logs'
[2025-04-30T18:00:01.902+0000] {processor.py:927} WARNING - No viable dags retrieved from /opt/airflow/dags/player_data_fetcher_dag.py
[2025-04-30T18:00:01.914+0000] {processor.py:208} INFO - Processing /opt/airflow/dags/player_data_fetcher_dag.py took 0.023 seconds
[2025-04-30T18:15:03.677+0000] {processor.py:186} INFO - Started process (PID=387) to work on /opt/airflow/dags/player_data_fetcher_dag.py
[2025-04-30T18:15:03.678+0000] {processor.py:914} INFO - Processing file /opt/airflow/dags/player_data_fetcher_dag.py for tasks to queue
[2025-04-30T18:15:03.678+0000] {logging_mixin.py:190} INFO - [2025-04-30T18:15:03.678+0000] {dagbag.py:588} INFO - Filling up the DagBag from /opt/airflow/dags/player_data_fetcher_dag.py
[2025-04-30T18:15:03.680+0000] {logging_mixin.py:190} INFO - [2025-04-30T18:15:03.680+0000] {dagbag.py:387} ERROR - Failed to import: /opt/airflow/dags/player_data_fetcher_dag.py
Traceback (most recent call last):
  File "/home/airflow/.local/lib/python3.12/site-packages/airflow/models/dagbag.py", line 383, in parse
    loader.exec_module(new_module)
  File "<frozen importlib._bootstrap_external>", line 999, in exec_module
  File "<frozen importlib._bootstrap>", line 488, in _call_with_frames_removed
  File "/opt/airflow/dags/player_data_fetcher_dag.py", line 9, in <module>
    from fetch_season_logs import save_gamelog
ModuleNotFoundError: No module named 'fetch_season_logs'
[2025-04-30T18:15:03.680+0000] {processor.py:927} WARNING - No viable dags retrieved from /opt/airflow/dags/player_data_fetcher_dag.py
[2025-04-30T18:15:03.691+0000] {processor.py:208} INFO - Processing /opt/airflow/dags/player_data_fetcher_dag.py took 0.017 seconds
[2025-04-30T18:15:34.011+0000] {processor.py:186} INFO - Started process (PID=389) to work on /opt/airflow/dags/player_data_fetcher_dag.py
[2025-04-30T18:15:34.011+0000] {processor.py:914} INFO - Processing file /opt/airflow/dags/player_data_fetcher_dag.py for tasks to queue
[2025-04-30T18:15:34.012+0000] {logging_mixin.py:190} INFO - [2025-04-30T18:15:34.012+0000] {dagbag.py:588} INFO - Filling up the DagBag from /opt/airflow/dags/player_data_fetcher_dag.py
[2025-04-30T18:15:34.014+0000] {logging_mixin.py:190} INFO - [2025-04-30T18:15:34.013+0000] {dagbag.py:387} ERROR - Failed to import: /opt/airflow/dags/player_data_fetcher_dag.py
Traceback (most recent call last):
  File "/home/airflow/.local/lib/python3.12/site-packages/airflow/models/dagbag.py", line 383, in parse
    loader.exec_module(new_module)
  File "<frozen importlib._bootstrap_external>", line 999, in exec_module
  File "<frozen importlib._bootstrap>", line 488, in _call_with_frames_removed
  File "/opt/airflow/dags/player_data_fetcher_dag.py", line 9, in <module>
    from fetch_season_logs import save_gamelog
ModuleNotFoundError: No module named 'fetch_season_logs'
[2025-04-30T18:15:34.014+0000] {processor.py:927} WARNING - No viable dags retrieved from /opt/airflow/dags/player_data_fetcher_dag.py
[2025-04-30T18:15:34.024+0000] {processor.py:208} INFO - Processing /opt/airflow/dags/player_data_fetcher_dag.py took 0.017 seconds
[2025-04-30T18:30:36.761+0000] {processor.py:186} INFO - Started process (PID=391) to work on /opt/airflow/dags/player_data_fetcher_dag.py
[2025-04-30T18:30:36.761+0000] {processor.py:914} INFO - Processing file /opt/airflow/dags/player_data_fetcher_dag.py for tasks to queue
[2025-04-30T18:30:36.762+0000] {logging_mixin.py:190} INFO - [2025-04-30T18:30:36.762+0000] {dagbag.py:588} INFO - Filling up the DagBag from /opt/airflow/dags/player_data_fetcher_dag.py
[2025-04-30T18:30:36.763+0000] {logging_mixin.py:190} INFO - [2025-04-30T18:30:36.763+0000] {dagbag.py:387} ERROR - Failed to import: /opt/airflow/dags/player_data_fetcher_dag.py
Traceback (most recent call last):
  File "/home/airflow/.local/lib/python3.12/site-packages/airflow/models/dagbag.py", line 383, in parse
    loader.exec_module(new_module)
  File "<frozen importlib._bootstrap_external>", line 999, in exec_module
  File "<frozen importlib._bootstrap>", line 488, in _call_with_frames_removed
  File "/opt/airflow/dags/player_data_fetcher_dag.py", line 9, in <module>
    from fetch_season_logs import save_gamelog
ModuleNotFoundError: No module named 'fetch_season_logs'
[2025-04-30T18:30:36.763+0000] {processor.py:927} WARNING - No viable dags retrieved from /opt/airflow/dags/player_data_fetcher_dag.py
[2025-04-30T18:30:36.775+0000] {processor.py:208} INFO - Processing /opt/airflow/dags/player_data_fetcher_dag.py took 0.016 seconds
[2025-04-30T18:31:07.214+0000] {processor.py:186} INFO - Started process (PID=393) to work on /opt/airflow/dags/player_data_fetcher_dag.py
[2025-04-30T18:31:07.215+0000] {processor.py:914} INFO - Processing file /opt/airflow/dags/player_data_fetcher_dag.py for tasks to queue
[2025-04-30T18:31:07.215+0000] {logging_mixin.py:190} INFO - [2025-04-30T18:31:07.215+0000] {dagbag.py:588} INFO - Filling up the DagBag from /opt/airflow/dags/player_data_fetcher_dag.py
[2025-04-30T18:31:07.218+0000] {logging_mixin.py:190} INFO - [2025-04-30T18:31:07.217+0000] {dagbag.py:387} ERROR - Failed to import: /opt/airflow/dags/player_data_fetcher_dag.py
Traceback (most recent call last):
  File "/home/airflow/.local/lib/python3.12/site-packages/airflow/models/dagbag.py", line 383, in parse
    loader.exec_module(new_module)
  File "<frozen importlib._bootstrap_external>", line 999, in exec_module
  File "<frozen importlib._bootstrap>", line 488, in _call_with_frames_removed
  File "/opt/airflow/dags/player_data_fetcher_dag.py", line 9, in <module>
    from fetch_season_logs import save_gamelog
ModuleNotFoundError: No module named 'fetch_season_logs'
[2025-04-30T18:31:07.218+0000] {processor.py:927} WARNING - No viable dags retrieved from /opt/airflow/dags/player_data_fetcher_dag.py
[2025-04-30T18:31:07.231+0000] {processor.py:208} INFO - Processing /opt/airflow/dags/player_data_fetcher_dag.py took 0.022 seconds
[2025-04-30T18:46:10.039+0000] {processor.py:186} INFO - Started process (PID=395) to work on /opt/airflow/dags/player_data_fetcher_dag.py
[2025-04-30T18:46:10.039+0000] {processor.py:914} INFO - Processing file /opt/airflow/dags/player_data_fetcher_dag.py for tasks to queue
[2025-04-30T18:46:10.040+0000] {logging_mixin.py:190} INFO - [2025-04-30T18:46:10.040+0000] {dagbag.py:588} INFO - Filling up the DagBag from /opt/airflow/dags/player_data_fetcher_dag.py
[2025-04-30T18:46:10.042+0000] {logging_mixin.py:190} INFO - [2025-04-30T18:46:10.042+0000] {dagbag.py:387} ERROR - Failed to import: /opt/airflow/dags/player_data_fetcher_dag.py
Traceback (most recent call last):
  File "/home/airflow/.local/lib/python3.12/site-packages/airflow/models/dagbag.py", line 383, in parse
    loader.exec_module(new_module)
  File "<frozen importlib._bootstrap_external>", line 999, in exec_module
  File "<frozen importlib._bootstrap>", line 488, in _call_with_frames_removed
  File "/opt/airflow/dags/player_data_fetcher_dag.py", line 9, in <module>
    from fetch_season_logs import save_gamelog
ModuleNotFoundError: No module named 'fetch_season_logs'
[2025-04-30T18:46:10.042+0000] {processor.py:927} WARNING - No viable dags retrieved from /opt/airflow/dags/player_data_fetcher_dag.py
[2025-04-30T18:46:10.054+0000] {processor.py:208} INFO - Processing /opt/airflow/dags/player_data_fetcher_dag.py took 0.019 seconds
[2025-04-30T18:46:40.505+0000] {processor.py:186} INFO - Started process (PID=397) to work on /opt/airflow/dags/player_data_fetcher_dag.py
[2025-04-30T18:46:40.506+0000] {processor.py:914} INFO - Processing file /opt/airflow/dags/player_data_fetcher_dag.py for tasks to queue
[2025-04-30T18:46:40.507+0000] {logging_mixin.py:190} INFO - [2025-04-30T18:46:40.507+0000] {dagbag.py:588} INFO - Filling up the DagBag from /opt/airflow/dags/player_data_fetcher_dag.py
[2025-04-30T18:46:40.509+0000] {logging_mixin.py:190} INFO - [2025-04-30T18:46:40.509+0000] {dagbag.py:387} ERROR - Failed to import: /opt/airflow/dags/player_data_fetcher_dag.py
Traceback (most recent call last):
  File "/home/airflow/.local/lib/python3.12/site-packages/airflow/models/dagbag.py", line 383, in parse
    loader.exec_module(new_module)
  File "<frozen importlib._bootstrap_external>", line 999, in exec_module
  File "<frozen importlib._bootstrap>", line 488, in _call_with_frames_removed
  File "/opt/airflow/dags/player_data_fetcher_dag.py", line 9, in <module>
    from fetch_season_logs import save_gamelog
ModuleNotFoundError: No module named 'fetch_season_logs'
[2025-04-30T18:46:40.510+0000] {processor.py:927} WARNING - No viable dags retrieved from /opt/airflow/dags/player_data_fetcher_dag.py
[2025-04-30T18:46:40.523+0000] {processor.py:208} INFO - Processing /opt/airflow/dags/player_data_fetcher_dag.py took 0.023 seconds
[2025-04-30T19:00:30.492+0000] {processor.py:186} INFO - Started process (PID=399) to work on /opt/airflow/dags/player_data_fetcher_dag.py
[2025-04-30T19:00:30.493+0000] {processor.py:914} INFO - Processing file /opt/airflow/dags/player_data_fetcher_dag.py for tasks to queue
[2025-04-30T19:00:30.494+0000] {logging_mixin.py:190} INFO - [2025-04-30T19:00:30.493+0000] {dagbag.py:588} INFO - Filling up the DagBag from /opt/airflow/dags/player_data_fetcher_dag.py
[2025-04-30T19:00:30.496+0000] {logging_mixin.py:190} INFO - [2025-04-30T19:00:30.495+0000] {dagbag.py:387} ERROR - Failed to import: /opt/airflow/dags/player_data_fetcher_dag.py
Traceback (most recent call last):
  File "/home/airflow/.local/lib/python3.12/site-packages/airflow/models/dagbag.py", line 383, in parse
    loader.exec_module(new_module)
  File "<frozen importlib._bootstrap_external>", line 999, in exec_module
  File "<frozen importlib._bootstrap>", line 488, in _call_with_frames_removed
  File "/opt/airflow/dags/player_data_fetcher_dag.py", line 9, in <module>
    from fetch_season_logs import save_gamelog
ModuleNotFoundError: No module named 'fetch_season_logs'
[2025-04-30T19:00:30.496+0000] {processor.py:927} WARNING - No viable dags retrieved from /opt/airflow/dags/player_data_fetcher_dag.py
[2025-04-30T19:00:30.509+0000] {processor.py:208} INFO - Processing /opt/airflow/dags/player_data_fetcher_dag.py took 0.021 seconds
[2025-04-30T19:01:00.990+0000] {processor.py:186} INFO - Started process (PID=401) to work on /opt/airflow/dags/player_data_fetcher_dag.py
[2025-04-30T19:01:00.990+0000] {processor.py:914} INFO - Processing file /opt/airflow/dags/player_data_fetcher_dag.py for tasks to queue
[2025-04-30T19:01:00.991+0000] {logging_mixin.py:190} INFO - [2025-04-30T19:01:00.991+0000] {dagbag.py:588} INFO - Filling up the DagBag from /opt/airflow/dags/player_data_fetcher_dag.py
[2025-04-30T19:01:00.994+0000] {logging_mixin.py:190} INFO - [2025-04-30T19:01:00.993+0000] {dagbag.py:387} ERROR - Failed to import: /opt/airflow/dags/player_data_fetcher_dag.py
Traceback (most recent call last):
  File "/home/airflow/.local/lib/python3.12/site-packages/airflow/models/dagbag.py", line 383, in parse
    loader.exec_module(new_module)
  File "<frozen importlib._bootstrap_external>", line 999, in exec_module
  File "<frozen importlib._bootstrap>", line 488, in _call_with_frames_removed
  File "/opt/airflow/dags/player_data_fetcher_dag.py", line 9, in <module>
    from fetch_season_logs import save_gamelog
ModuleNotFoundError: No module named 'fetch_season_logs'
[2025-04-30T19:01:00.994+0000] {processor.py:927} WARNING - No viable dags retrieved from /opt/airflow/dags/player_data_fetcher_dag.py
[2025-04-30T19:01:01.007+0000] {processor.py:208} INFO - Processing /opt/airflow/dags/player_data_fetcher_dag.py took 0.023 seconds
[2025-04-30T19:16:02.718+0000] {processor.py:186} INFO - Started process (PID=403) to work on /opt/airflow/dags/player_data_fetcher_dag.py
[2025-04-30T19:16:02.719+0000] {processor.py:914} INFO - Processing file /opt/airflow/dags/player_data_fetcher_dag.py for tasks to queue
[2025-04-30T19:16:02.719+0000] {logging_mixin.py:190} INFO - [2025-04-30T19:16:02.719+0000] {dagbag.py:588} INFO - Filling up the DagBag from /opt/airflow/dags/player_data_fetcher_dag.py
[2025-04-30T19:16:02.720+0000] {logging_mixin.py:190} INFO - [2025-04-30T19:16:02.720+0000] {dagbag.py:387} ERROR - Failed to import: /opt/airflow/dags/player_data_fetcher_dag.py
Traceback (most recent call last):
  File "/home/airflow/.local/lib/python3.12/site-packages/airflow/models/dagbag.py", line 383, in parse
    loader.exec_module(new_module)
  File "<frozen importlib._bootstrap_external>", line 999, in exec_module
  File "<frozen importlib._bootstrap>", line 488, in _call_with_frames_removed
  File "/opt/airflow/dags/player_data_fetcher_dag.py", line 9, in <module>
    from fetch_season_logs import save_gamelog
ModuleNotFoundError: No module named 'fetch_season_logs'
[2025-04-30T19:16:02.721+0000] {processor.py:927} WARNING - No viable dags retrieved from /opt/airflow/dags/player_data_fetcher_dag.py
[2025-04-30T19:16:02.731+0000] {processor.py:208} INFO - Processing /opt/airflow/dags/player_data_fetcher_dag.py took 0.015 seconds
[2025-04-30T19:16:33.122+0000] {processor.py:186} INFO - Started process (PID=405) to work on /opt/airflow/dags/player_data_fetcher_dag.py
[2025-04-30T19:16:33.122+0000] {processor.py:914} INFO - Processing file /opt/airflow/dags/player_data_fetcher_dag.py for tasks to queue
[2025-04-30T19:16:33.123+0000] {logging_mixin.py:190} INFO - [2025-04-30T19:16:33.123+0000] {dagbag.py:588} INFO - Filling up the DagBag from /opt/airflow/dags/player_data_fetcher_dag.py
[2025-04-30T19:16:33.125+0000] {logging_mixin.py:190} INFO - [2025-04-30T19:16:33.124+0000] {dagbag.py:387} ERROR - Failed to import: /opt/airflow/dags/player_data_fetcher_dag.py
Traceback (most recent call last):
  File "/home/airflow/.local/lib/python3.12/site-packages/airflow/models/dagbag.py", line 383, in parse
    loader.exec_module(new_module)
  File "<frozen importlib._bootstrap_external>", line 999, in exec_module
  File "<frozen importlib._bootstrap>", line 488, in _call_with_frames_removed
  File "/opt/airflow/dags/player_data_fetcher_dag.py", line 9, in <module>
    from fetch_season_logs import save_gamelog
ModuleNotFoundError: No module named 'fetch_season_logs'
[2025-04-30T19:16:33.125+0000] {processor.py:927} WARNING - No viable dags retrieved from /opt/airflow/dags/player_data_fetcher_dag.py
[2025-04-30T19:16:33.136+0000] {processor.py:208} INFO - Processing /opt/airflow/dags/player_data_fetcher_dag.py took 0.018 seconds
[2025-04-30T19:31:35.881+0000] {processor.py:186} INFO - Started process (PID=407) to work on /opt/airflow/dags/player_data_fetcher_dag.py
[2025-04-30T19:31:35.882+0000] {processor.py:914} INFO - Processing file /opt/airflow/dags/player_data_fetcher_dag.py for tasks to queue
[2025-04-30T19:31:35.882+0000] {logging_mixin.py:190} INFO - [2025-04-30T19:31:35.882+0000] {dagbag.py:588} INFO - Filling up the DagBag from /opt/airflow/dags/player_data_fetcher_dag.py
[2025-04-30T19:31:35.884+0000] {logging_mixin.py:190} INFO - [2025-04-30T19:31:35.883+0000] {dagbag.py:387} ERROR - Failed to import: /opt/airflow/dags/player_data_fetcher_dag.py
Traceback (most recent call last):
  File "/home/airflow/.local/lib/python3.12/site-packages/airflow/models/dagbag.py", line 383, in parse
    loader.exec_module(new_module)
  File "<frozen importlib._bootstrap_external>", line 999, in exec_module
  File "<frozen importlib._bootstrap>", line 488, in _call_with_frames_removed
  File "/opt/airflow/dags/player_data_fetcher_dag.py", line 9, in <module>
    from fetch_season_logs import save_gamelog
ModuleNotFoundError: No module named 'fetch_season_logs'
[2025-04-30T19:31:35.884+0000] {processor.py:927} WARNING - No viable dags retrieved from /opt/airflow/dags/player_data_fetcher_dag.py
[2025-04-30T19:31:35.894+0000] {processor.py:208} INFO - Processing /opt/airflow/dags/player_data_fetcher_dag.py took 0.015 seconds
[2025-04-30T19:32:06.408+0000] {processor.py:186} INFO - Started process (PID=409) to work on /opt/airflow/dags/player_data_fetcher_dag.py
[2025-04-30T19:32:06.409+0000] {processor.py:914} INFO - Processing file /opt/airflow/dags/player_data_fetcher_dag.py for tasks to queue
[2025-04-30T19:32:06.410+0000] {logging_mixin.py:190} INFO - [2025-04-30T19:32:06.409+0000] {dagbag.py:588} INFO - Filling up the DagBag from /opt/airflow/dags/player_data_fetcher_dag.py
[2025-04-30T19:32:06.412+0000] {logging_mixin.py:190} INFO - [2025-04-30T19:32:06.412+0000] {dagbag.py:387} ERROR - Failed to import: /opt/airflow/dags/player_data_fetcher_dag.py
Traceback (most recent call last):
  File "/home/airflow/.local/lib/python3.12/site-packages/airflow/models/dagbag.py", line 383, in parse
    loader.exec_module(new_module)
  File "<frozen importlib._bootstrap_external>", line 999, in exec_module
  File "<frozen importlib._bootstrap>", line 488, in _call_with_frames_removed
  File "/opt/airflow/dags/player_data_fetcher_dag.py", line 9, in <module>
    from fetch_season_logs import save_gamelog
ModuleNotFoundError: No module named 'fetch_season_logs'
[2025-04-30T19:32:06.413+0000] {processor.py:927} WARNING - No viable dags retrieved from /opt/airflow/dags/player_data_fetcher_dag.py
[2025-04-30T19:32:06.425+0000] {processor.py:208} INFO - Processing /opt/airflow/dags/player_data_fetcher_dag.py took 0.022 seconds
[2025-04-30T19:47:09.156+0000] {processor.py:186} INFO - Started process (PID=411) to work on /opt/airflow/dags/player_data_fetcher_dag.py
[2025-04-30T19:47:09.156+0000] {processor.py:914} INFO - Processing file /opt/airflow/dags/player_data_fetcher_dag.py for tasks to queue
[2025-04-30T19:47:09.157+0000] {logging_mixin.py:190} INFO - [2025-04-30T19:47:09.157+0000] {dagbag.py:588} INFO - Filling up the DagBag from /opt/airflow/dags/player_data_fetcher_dag.py
[2025-04-30T19:47:09.159+0000] {logging_mixin.py:190} INFO - [2025-04-30T19:47:09.158+0000] {dagbag.py:387} ERROR - Failed to import: /opt/airflow/dags/player_data_fetcher_dag.py
Traceback (most recent call last):
  File "/home/airflow/.local/lib/python3.12/site-packages/airflow/models/dagbag.py", line 383, in parse
    loader.exec_module(new_module)
  File "<frozen importlib._bootstrap_external>", line 999, in exec_module
  File "<frozen importlib._bootstrap>", line 488, in _call_with_frames_removed
  File "/opt/airflow/dags/player_data_fetcher_dag.py", line 9, in <module>
    from fetch_season_logs import save_gamelog
ModuleNotFoundError: No module named 'fetch_season_logs'
[2025-04-30T19:47:09.159+0000] {processor.py:927} WARNING - No viable dags retrieved from /opt/airflow/dags/player_data_fetcher_dag.py
[2025-04-30T19:47:09.171+0000] {processor.py:208} INFO - Processing /opt/airflow/dags/player_data_fetcher_dag.py took 0.019 seconds
[2025-04-30T19:47:39.661+0000] {processor.py:186} INFO - Started process (PID=413) to work on /opt/airflow/dags/player_data_fetcher_dag.py
[2025-04-30T19:47:39.662+0000] {processor.py:914} INFO - Processing file /opt/airflow/dags/player_data_fetcher_dag.py for tasks to queue
[2025-04-30T19:47:39.662+0000] {logging_mixin.py:190} INFO - [2025-04-30T19:47:39.662+0000] {dagbag.py:588} INFO - Filling up the DagBag from /opt/airflow/dags/player_data_fetcher_dag.py
[2025-04-30T19:47:39.665+0000] {logging_mixin.py:190} INFO - [2025-04-30T19:47:39.664+0000] {dagbag.py:387} ERROR - Failed to import: /opt/airflow/dags/player_data_fetcher_dag.py
Traceback (most recent call last):
  File "/home/airflow/.local/lib/python3.12/site-packages/airflow/models/dagbag.py", line 383, in parse
    loader.exec_module(new_module)
  File "<frozen importlib._bootstrap_external>", line 999, in exec_module
  File "<frozen importlib._bootstrap>", line 488, in _call_with_frames_removed
  File "/opt/airflow/dags/player_data_fetcher_dag.py", line 9, in <module>
    from fetch_season_logs import save_gamelog
ModuleNotFoundError: No module named 'fetch_season_logs'
[2025-04-30T19:47:39.665+0000] {processor.py:927} WARNING - No viable dags retrieved from /opt/airflow/dags/player_data_fetcher_dag.py
[2025-04-30T19:47:39.678+0000] {processor.py:208} INFO - Processing /opt/airflow/dags/player_data_fetcher_dag.py took 0.022 seconds
[2025-04-30T20:16:45.120+0000] {processor.py:186} INFO - Started process (PID=415) to work on /opt/airflow/dags/player_data_fetcher_dag.py
[2025-04-30T20:16:45.121+0000] {processor.py:914} INFO - Processing file /opt/airflow/dags/player_data_fetcher_dag.py for tasks to queue
[2025-04-30T20:16:45.121+0000] {logging_mixin.py:190} INFO - [2025-04-30T20:16:45.121+0000] {dagbag.py:588} INFO - Filling up the DagBag from /opt/airflow/dags/player_data_fetcher_dag.py
[2025-04-30T20:16:45.123+0000] {logging_mixin.py:190} INFO - [2025-04-30T20:16:45.123+0000] {dagbag.py:387} ERROR - Failed to import: /opt/airflow/dags/player_data_fetcher_dag.py
Traceback (most recent call last):
  File "/home/airflow/.local/lib/python3.12/site-packages/airflow/models/dagbag.py", line 383, in parse
    loader.exec_module(new_module)
  File "<frozen importlib._bootstrap_external>", line 999, in exec_module
  File "<frozen importlib._bootstrap>", line 488, in _call_with_frames_removed
  File "/opt/airflow/dags/player_data_fetcher_dag.py", line 9, in <module>
    from fetch_season_logs import save_gamelog
ModuleNotFoundError: No module named 'fetch_season_logs'
[2025-04-30T20:16:45.123+0000] {processor.py:927} WARNING - No viable dags retrieved from /opt/airflow/dags/player_data_fetcher_dag.py
[2025-04-30T20:16:45.135+0000] {processor.py:208} INFO - Processing /opt/airflow/dags/player_data_fetcher_dag.py took 0.018 seconds
[2025-04-30T20:17:15.592+0000] {processor.py:186} INFO - Started process (PID=417) to work on /opt/airflow/dags/player_data_fetcher_dag.py
[2025-04-30T20:17:15.592+0000] {processor.py:914} INFO - Processing file /opt/airflow/dags/player_data_fetcher_dag.py for tasks to queue
[2025-04-30T20:17:15.594+0000] {logging_mixin.py:190} INFO - [2025-04-30T20:17:15.593+0000] {dagbag.py:588} INFO - Filling up the DagBag from /opt/airflow/dags/player_data_fetcher_dag.py
[2025-04-30T20:17:15.596+0000] {logging_mixin.py:190} INFO - [2025-04-30T20:17:15.596+0000] {dagbag.py:387} ERROR - Failed to import: /opt/airflow/dags/player_data_fetcher_dag.py
Traceback (most recent call last):
  File "/home/airflow/.local/lib/python3.12/site-packages/airflow/models/dagbag.py", line 383, in parse
    loader.exec_module(new_module)
  File "<frozen importlib._bootstrap_external>", line 999, in exec_module
  File "<frozen importlib._bootstrap>", line 488, in _call_with_frames_removed
  File "/opt/airflow/dags/player_data_fetcher_dag.py", line 9, in <module>
    from fetch_season_logs import save_gamelog
ModuleNotFoundError: No module named 'fetch_season_logs'
[2025-04-30T20:17:15.596+0000] {processor.py:927} WARNING - No viable dags retrieved from /opt/airflow/dags/player_data_fetcher_dag.py
[2025-04-30T20:17:15.609+0000] {processor.py:208} INFO - Processing /opt/airflow/dags/player_data_fetcher_dag.py took 0.023 seconds
[2025-04-30T20:17:46.083+0000] {processor.py:186} INFO - Started process (PID=419) to work on /opt/airflow/dags/player_data_fetcher_dag.py
[2025-04-30T20:17:46.084+0000] {processor.py:914} INFO - Processing file /opt/airflow/dags/player_data_fetcher_dag.py for tasks to queue
[2025-04-30T20:17:46.085+0000] {logging_mixin.py:190} INFO - [2025-04-30T20:17:46.085+0000] {dagbag.py:588} INFO - Filling up the DagBag from /opt/airflow/dags/player_data_fetcher_dag.py
[2025-04-30T20:17:46.087+0000] {logging_mixin.py:190} INFO - [2025-04-30T20:17:46.087+0000] {dagbag.py:387} ERROR - Failed to import: /opt/airflow/dags/player_data_fetcher_dag.py
Traceback (most recent call last):
  File "/home/airflow/.local/lib/python3.12/site-packages/airflow/models/dagbag.py", line 383, in parse
    loader.exec_module(new_module)
  File "<frozen importlib._bootstrap_external>", line 999, in exec_module
  File "<frozen importlib._bootstrap>", line 488, in _call_with_frames_removed
  File "/opt/airflow/dags/player_data_fetcher_dag.py", line 9, in <module>
    from fetch_season_logs import save_gamelog
ModuleNotFoundError: No module named 'fetch_season_logs'
[2025-04-30T20:17:46.088+0000] {processor.py:927} WARNING - No viable dags retrieved from /opt/airflow/dags/player_data_fetcher_dag.py
[2025-04-30T20:17:46.100+0000] {processor.py:208} INFO - Processing /opt/airflow/dags/player_data_fetcher_dag.py took 0.022 seconds
[2025-04-30T20:18:16.514+0000] {processor.py:186} INFO - Started process (PID=421) to work on /opt/airflow/dags/player_data_fetcher_dag.py
[2025-04-30T20:18:16.514+0000] {processor.py:914} INFO - Processing file /opt/airflow/dags/player_data_fetcher_dag.py for tasks to queue
[2025-04-30T20:18:16.515+0000] {logging_mixin.py:190} INFO - [2025-04-30T20:18:16.514+0000] {dagbag.py:588} INFO - Filling up the DagBag from /opt/airflow/dags/player_data_fetcher_dag.py
[2025-04-30T20:18:16.517+0000] {logging_mixin.py:190} INFO - [2025-04-30T20:18:16.516+0000] {dagbag.py:387} ERROR - Failed to import: /opt/airflow/dags/player_data_fetcher_dag.py
Traceback (most recent call last):
  File "/home/airflow/.local/lib/python3.12/site-packages/airflow/models/dagbag.py", line 383, in parse
    loader.exec_module(new_module)
  File "<frozen importlib._bootstrap_external>", line 999, in exec_module
  File "<frozen importlib._bootstrap>", line 488, in _call_with_frames_removed
  File "/opt/airflow/dags/player_data_fetcher_dag.py", line 9, in <module>
    from fetch_season_logs import save_gamelog
ModuleNotFoundError: No module named 'fetch_season_logs'
[2025-04-30T20:18:16.517+0000] {processor.py:927} WARNING - No viable dags retrieved from /opt/airflow/dags/player_data_fetcher_dag.py
[2025-04-30T20:18:16.530+0000] {processor.py:208} INFO - Processing /opt/airflow/dags/player_data_fetcher_dag.py took 0.021 seconds
[2025-04-30T20:48:22.156+0000] {processor.py:186} INFO - Started process (PID=423) to work on /opt/airflow/dags/player_data_fetcher_dag.py
[2025-04-30T20:48:22.157+0000] {processor.py:914} INFO - Processing file /opt/airflow/dags/player_data_fetcher_dag.py for tasks to queue
[2025-04-30T20:48:22.157+0000] {logging_mixin.py:190} INFO - [2025-04-30T20:48:22.157+0000] {dagbag.py:588} INFO - Filling up the DagBag from /opt/airflow/dags/player_data_fetcher_dag.py
[2025-04-30T20:48:22.159+0000] {logging_mixin.py:190} INFO - [2025-04-30T20:48:22.158+0000] {dagbag.py:387} ERROR - Failed to import: /opt/airflow/dags/player_data_fetcher_dag.py
Traceback (most recent call last):
  File "/home/airflow/.local/lib/python3.12/site-packages/airflow/models/dagbag.py", line 383, in parse
    loader.exec_module(new_module)
  File "<frozen importlib._bootstrap_external>", line 999, in exec_module
  File "<frozen importlib._bootstrap>", line 488, in _call_with_frames_removed
  File "/opt/airflow/dags/player_data_fetcher_dag.py", line 9, in <module>
    from fetch_season_logs import save_gamelog
ModuleNotFoundError: No module named 'fetch_season_logs'
[2025-04-30T20:48:22.159+0000] {processor.py:927} WARNING - No viable dags retrieved from /opt/airflow/dags/player_data_fetcher_dag.py
[2025-04-30T20:48:22.170+0000] {processor.py:208} INFO - Processing /opt/airflow/dags/player_data_fetcher_dag.py took 0.016 seconds
[2025-04-30T20:48:52.647+0000] {processor.py:186} INFO - Started process (PID=425) to work on /opt/airflow/dags/player_data_fetcher_dag.py
[2025-04-30T20:48:52.648+0000] {processor.py:914} INFO - Processing file /opt/airflow/dags/player_data_fetcher_dag.py for tasks to queue
[2025-04-30T20:48:52.649+0000] {logging_mixin.py:190} INFO - [2025-04-30T20:48:52.648+0000] {dagbag.py:588} INFO - Filling up the DagBag from /opt/airflow/dags/player_data_fetcher_dag.py
[2025-04-30T20:48:52.652+0000] {logging_mixin.py:190} INFO - [2025-04-30T20:48:52.651+0000] {dagbag.py:387} ERROR - Failed to import: /opt/airflow/dags/player_data_fetcher_dag.py
Traceback (most recent call last):
  File "/home/airflow/.local/lib/python3.12/site-packages/airflow/models/dagbag.py", line 383, in parse
    loader.exec_module(new_module)
  File "<frozen importlib._bootstrap_external>", line 999, in exec_module
  File "<frozen importlib._bootstrap>", line 488, in _call_with_frames_removed
  File "/opt/airflow/dags/player_data_fetcher_dag.py", line 9, in <module>
    from fetch_season_logs import save_gamelog
ModuleNotFoundError: No module named 'fetch_season_logs'
[2025-04-30T20:48:52.652+0000] {processor.py:927} WARNING - No viable dags retrieved from /opt/airflow/dags/player_data_fetcher_dag.py
[2025-04-30T20:48:52.665+0000] {processor.py:208} INFO - Processing /opt/airflow/dags/player_data_fetcher_dag.py took 0.024 seconds
[2025-04-30T20:53:19.314+0000] {processor.py:186} INFO - Started process (PID=427) to work on /opt/airflow/dags/player_data_fetcher_dag.py
[2025-04-30T20:53:19.315+0000] {processor.py:914} INFO - Processing file /opt/airflow/dags/player_data_fetcher_dag.py for tasks to queue
[2025-04-30T20:53:19.316+0000] {logging_mixin.py:190} INFO - [2025-04-30T20:53:19.315+0000] {dagbag.py:588} INFO - Filling up the DagBag from /opt/airflow/dags/player_data_fetcher_dag.py
[2025-04-30T20:53:19.318+0000] {logging_mixin.py:190} INFO - [2025-04-30T20:53:19.318+0000] {dagbag.py:387} ERROR - Failed to import: /opt/airflow/dags/player_data_fetcher_dag.py
Traceback (most recent call last):
  File "/home/airflow/.local/lib/python3.12/site-packages/airflow/models/dagbag.py", line 383, in parse
    loader.exec_module(new_module)
  File "<frozen importlib._bootstrap_external>", line 999, in exec_module
  File "<frozen importlib._bootstrap>", line 488, in _call_with_frames_removed
  File "/opt/airflow/dags/player_data_fetcher_dag.py", line 9, in <module>
    from fetch_season_logs import save_gamelog
ModuleNotFoundError: No module named 'fetch_season_logs'
[2025-04-30T20:53:19.319+0000] {processor.py:927} WARNING - No viable dags retrieved from /opt/airflow/dags/player_data_fetcher_dag.py
[2025-04-30T20:53:19.331+0000] {processor.py:208} INFO - Processing /opt/airflow/dags/player_data_fetcher_dag.py took 0.024 seconds
[2025-04-30T20:53:49.814+0000] {processor.py:186} INFO - Started process (PID=429) to work on /opt/airflow/dags/player_data_fetcher_dag.py
[2025-04-30T20:53:49.814+0000] {processor.py:914} INFO - Processing file /opt/airflow/dags/player_data_fetcher_dag.py for tasks to queue
[2025-04-30T20:53:49.815+0000] {logging_mixin.py:190} INFO - [2025-04-30T20:53:49.815+0000] {dagbag.py:588} INFO - Filling up the DagBag from /opt/airflow/dags/player_data_fetcher_dag.py
[2025-04-30T20:53:49.818+0000] {logging_mixin.py:190} INFO - [2025-04-30T20:53:49.817+0000] {dagbag.py:387} ERROR - Failed to import: /opt/airflow/dags/player_data_fetcher_dag.py
Traceback (most recent call last):
  File "/home/airflow/.local/lib/python3.12/site-packages/airflow/models/dagbag.py", line 383, in parse
    loader.exec_module(new_module)
  File "<frozen importlib._bootstrap_external>", line 999, in exec_module
  File "<frozen importlib._bootstrap>", line 488, in _call_with_frames_removed
  File "/opt/airflow/dags/player_data_fetcher_dag.py", line 9, in <module>
    from fetch_season_logs import save_gamelog
ModuleNotFoundError: No module named 'fetch_season_logs'
[2025-04-30T20:53:49.818+0000] {processor.py:927} WARNING - No viable dags retrieved from /opt/airflow/dags/player_data_fetcher_dag.py
[2025-04-30T20:53:49.833+0000] {processor.py:208} INFO - Processing /opt/airflow/dags/player_data_fetcher_dag.py took 0.026 seconds
[2025-04-30T21:02:32.771+0000] {processor.py:186} INFO - Started process (PID=431) to work on /opt/airflow/dags/player_data_fetcher_dag.py
[2025-04-30T21:02:32.772+0000] {processor.py:914} INFO - Processing file /opt/airflow/dags/player_data_fetcher_dag.py for tasks to queue
[2025-04-30T21:02:32.772+0000] {logging_mixin.py:190} INFO - [2025-04-30T21:02:32.772+0000] {dagbag.py:588} INFO - Filling up the DagBag from /opt/airflow/dags/player_data_fetcher_dag.py
[2025-04-30T21:02:32.775+0000] {logging_mixin.py:190} INFO - [2025-04-30T21:02:32.774+0000] {dagbag.py:387} ERROR - Failed to import: /opt/airflow/dags/player_data_fetcher_dag.py
Traceback (most recent call last):
  File "/home/airflow/.local/lib/python3.12/site-packages/airflow/models/dagbag.py", line 383, in parse
    loader.exec_module(new_module)
  File "<frozen importlib._bootstrap_external>", line 999, in exec_module
  File "<frozen importlib._bootstrap>", line 488, in _call_with_frames_removed
  File "/opt/airflow/dags/player_data_fetcher_dag.py", line 9, in <module>
    from fetch_season_logs import save_gamelog
ModuleNotFoundError: No module named 'fetch_season_logs'
[2025-04-30T21:02:32.775+0000] {processor.py:927} WARNING - No viable dags retrieved from /opt/airflow/dags/player_data_fetcher_dag.py
[2025-04-30T21:02:32.787+0000] {processor.py:208} INFO - Processing /opt/airflow/dags/player_data_fetcher_dag.py took 0.020 seconds
[2025-04-30T21:03:03.245+0000] {processor.py:186} INFO - Started process (PID=433) to work on /opt/airflow/dags/player_data_fetcher_dag.py
[2025-04-30T21:03:03.246+0000] {processor.py:914} INFO - Processing file /opt/airflow/dags/player_data_fetcher_dag.py for tasks to queue
[2025-04-30T21:03:03.247+0000] {logging_mixin.py:190} INFO - [2025-04-30T21:03:03.246+0000] {dagbag.py:588} INFO - Filling up the DagBag from /opt/airflow/dags/player_data_fetcher_dag.py
[2025-04-30T21:03:03.249+0000] {logging_mixin.py:190} INFO - [2025-04-30T21:03:03.248+0000] {dagbag.py:387} ERROR - Failed to import: /opt/airflow/dags/player_data_fetcher_dag.py
Traceback (most recent call last):
  File "/home/airflow/.local/lib/python3.12/site-packages/airflow/models/dagbag.py", line 383, in parse
    loader.exec_module(new_module)
  File "<frozen importlib._bootstrap_external>", line 999, in exec_module
  File "<frozen importlib._bootstrap>", line 488, in _call_with_frames_removed
  File "/opt/airflow/dags/player_data_fetcher_dag.py", line 9, in <module>
    from fetch_season_logs import save_gamelog
ModuleNotFoundError: No module named 'fetch_season_logs'
[2025-04-30T21:03:03.249+0000] {processor.py:927} WARNING - No viable dags retrieved from /opt/airflow/dags/player_data_fetcher_dag.py
[2025-04-30T21:03:03.261+0000] {processor.py:208} INFO - Processing /opt/airflow/dags/player_data_fetcher_dag.py took 0.022 seconds
[2025-04-30T21:21:59.214+0000] {processor.py:186} INFO - Started process (PID=435) to work on /opt/airflow/dags/player_data_fetcher_dag.py
[2025-04-30T21:21:59.214+0000] {processor.py:914} INFO - Processing file /opt/airflow/dags/player_data_fetcher_dag.py for tasks to queue
[2025-04-30T21:21:59.215+0000] {logging_mixin.py:190} INFO - [2025-04-30T21:21:59.215+0000] {dagbag.py:588} INFO - Filling up the DagBag from /opt/airflow/dags/player_data_fetcher_dag.py
[2025-04-30T21:21:59.217+0000] {logging_mixin.py:190} INFO - [2025-04-30T21:21:59.216+0000] {dagbag.py:387} ERROR - Failed to import: /opt/airflow/dags/player_data_fetcher_dag.py
Traceback (most recent call last):
  File "/home/airflow/.local/lib/python3.12/site-packages/airflow/models/dagbag.py", line 383, in parse
    loader.exec_module(new_module)
  File "<frozen importlib._bootstrap_external>", line 999, in exec_module
  File "<frozen importlib._bootstrap>", line 488, in _call_with_frames_removed
  File "/opt/airflow/dags/player_data_fetcher_dag.py", line 9, in <module>
    from fetch_season_logs import save_gamelog
ModuleNotFoundError: No module named 'fetch_season_logs'
[2025-04-30T21:21:59.217+0000] {processor.py:927} WARNING - No viable dags retrieved from /opt/airflow/dags/player_data_fetcher_dag.py
[2025-04-30T21:21:59.228+0000] {processor.py:208} INFO - Processing /opt/airflow/dags/player_data_fetcher_dag.py took 0.018 seconds
[2025-04-30T21:22:29.757+0000] {processor.py:186} INFO - Started process (PID=437) to work on /opt/airflow/dags/player_data_fetcher_dag.py
[2025-04-30T21:22:29.759+0000] {processor.py:914} INFO - Processing file /opt/airflow/dags/player_data_fetcher_dag.py for tasks to queue
[2025-04-30T21:22:29.760+0000] {logging_mixin.py:190} INFO - [2025-04-30T21:22:29.759+0000] {dagbag.py:588} INFO - Filling up the DagBag from /opt/airflow/dags/player_data_fetcher_dag.py
[2025-04-30T21:22:29.763+0000] {logging_mixin.py:190} INFO - [2025-04-30T21:22:29.762+0000] {dagbag.py:387} ERROR - Failed to import: /opt/airflow/dags/player_data_fetcher_dag.py
Traceback (most recent call last):
  File "/home/airflow/.local/lib/python3.12/site-packages/airflow/models/dagbag.py", line 383, in parse
    loader.exec_module(new_module)
  File "<frozen importlib._bootstrap_external>", line 999, in exec_module
  File "<frozen importlib._bootstrap>", line 488, in _call_with_frames_removed
  File "/opt/airflow/dags/player_data_fetcher_dag.py", line 9, in <module>
    from fetch_season_logs import save_gamelog
ModuleNotFoundError: No module named 'fetch_season_logs'
[2025-04-30T21:22:29.763+0000] {processor.py:927} WARNING - No viable dags retrieved from /opt/airflow/dags/player_data_fetcher_dag.py
[2025-04-30T21:22:29.776+0000] {processor.py:208} INFO - Processing /opt/airflow/dags/player_data_fetcher_dag.py took 0.025 seconds
[2025-04-30T21:37:31.527+0000] {processor.py:186} INFO - Started process (PID=439) to work on /opt/airflow/dags/player_data_fetcher_dag.py
[2025-04-30T21:37:31.528+0000] {processor.py:914} INFO - Processing file /opt/airflow/dags/player_data_fetcher_dag.py for tasks to queue
[2025-04-30T21:37:31.529+0000] {logging_mixin.py:190} INFO - [2025-04-30T21:37:31.529+0000] {dagbag.py:588} INFO - Filling up the DagBag from /opt/airflow/dags/player_data_fetcher_dag.py
[2025-04-30T21:37:31.531+0000] {logging_mixin.py:190} INFO - [2025-04-30T21:37:31.530+0000] {dagbag.py:387} ERROR - Failed to import: /opt/airflow/dags/player_data_fetcher_dag.py
Traceback (most recent call last):
  File "/home/airflow/.local/lib/python3.12/site-packages/airflow/models/dagbag.py", line 383, in parse
    loader.exec_module(new_module)
  File "<frozen importlib._bootstrap_external>", line 999, in exec_module
  File "<frozen importlib._bootstrap>", line 488, in _call_with_frames_removed
  File "/opt/airflow/dags/player_data_fetcher_dag.py", line 9, in <module>
    from fetch_season_logs import save_gamelog
ModuleNotFoundError: No module named 'fetch_season_logs'
[2025-04-30T21:37:31.531+0000] {processor.py:927} WARNING - No viable dags retrieved from /opt/airflow/dags/player_data_fetcher_dag.py
[2025-04-30T21:37:31.542+0000] {processor.py:208} INFO - Processing /opt/airflow/dags/player_data_fetcher_dag.py took 0.019 seconds
[2025-04-30T21:38:01.950+0000] {processor.py:186} INFO - Started process (PID=441) to work on /opt/airflow/dags/player_data_fetcher_dag.py
[2025-04-30T21:38:01.951+0000] {processor.py:914} INFO - Processing file /opt/airflow/dags/player_data_fetcher_dag.py for tasks to queue
[2025-04-30T21:38:01.952+0000] {logging_mixin.py:190} INFO - [2025-04-30T21:38:01.951+0000] {dagbag.py:588} INFO - Filling up the DagBag from /opt/airflow/dags/player_data_fetcher_dag.py
[2025-04-30T21:38:01.954+0000] {logging_mixin.py:190} INFO - [2025-04-30T21:38:01.954+0000] {dagbag.py:387} ERROR - Failed to import: /opt/airflow/dags/player_data_fetcher_dag.py
Traceback (most recent call last):
  File "/home/airflow/.local/lib/python3.12/site-packages/airflow/models/dagbag.py", line 383, in parse
    loader.exec_module(new_module)
  File "<frozen importlib._bootstrap_external>", line 999, in exec_module
  File "<frozen importlib._bootstrap>", line 488, in _call_with_frames_removed
  File "/opt/airflow/dags/player_data_fetcher_dag.py", line 9, in <module>
    from fetch_season_logs import save_gamelog
ModuleNotFoundError: No module named 'fetch_season_logs'
[2025-04-30T21:38:01.955+0000] {processor.py:927} WARNING - No viable dags retrieved from /opt/airflow/dags/player_data_fetcher_dag.py
[2025-04-30T21:38:01.968+0000] {processor.py:208} INFO - Processing /opt/airflow/dags/player_data_fetcher_dag.py took 0.024 seconds
[2025-04-30T21:53:04.637+0000] {processor.py:186} INFO - Started process (PID=443) to work on /opt/airflow/dags/player_data_fetcher_dag.py
[2025-04-30T21:53:04.638+0000] {processor.py:914} INFO - Processing file /opt/airflow/dags/player_data_fetcher_dag.py for tasks to queue
[2025-04-30T21:53:04.638+0000] {logging_mixin.py:190} INFO - [2025-04-30T21:53:04.638+0000] {dagbag.py:588} INFO - Filling up the DagBag from /opt/airflow/dags/player_data_fetcher_dag.py
[2025-04-30T21:53:04.641+0000] {logging_mixin.py:190} INFO - [2025-04-30T21:53:04.640+0000] {dagbag.py:387} ERROR - Failed to import: /opt/airflow/dags/player_data_fetcher_dag.py
Traceback (most recent call last):
  File "/home/airflow/.local/lib/python3.12/site-packages/airflow/models/dagbag.py", line 383, in parse
    loader.exec_module(new_module)
  File "<frozen importlib._bootstrap_external>", line 999, in exec_module
  File "<frozen importlib._bootstrap>", line 488, in _call_with_frames_removed
  File "/opt/airflow/dags/player_data_fetcher_dag.py", line 9, in <module>
    from fetch_season_logs import save_gamelog
ModuleNotFoundError: No module named 'fetch_season_logs'
[2025-04-30T21:53:04.641+0000] {processor.py:927} WARNING - No viable dags retrieved from /opt/airflow/dags/player_data_fetcher_dag.py
[2025-04-30T21:53:04.653+0000] {processor.py:208} INFO - Processing /opt/airflow/dags/player_data_fetcher_dag.py took 0.020 seconds
[2025-04-30T21:53:35.114+0000] {processor.py:186} INFO - Started process (PID=445) to work on /opt/airflow/dags/player_data_fetcher_dag.py
[2025-04-30T21:53:35.114+0000] {processor.py:914} INFO - Processing file /opt/airflow/dags/player_data_fetcher_dag.py for tasks to queue
[2025-04-30T21:53:35.115+0000] {logging_mixin.py:190} INFO - [2025-04-30T21:53:35.115+0000] {dagbag.py:588} INFO - Filling up the DagBag from /opt/airflow/dags/player_data_fetcher_dag.py
[2025-04-30T21:53:35.118+0000] {logging_mixin.py:190} INFO - [2025-04-30T21:53:35.117+0000] {dagbag.py:387} ERROR - Failed to import: /opt/airflow/dags/player_data_fetcher_dag.py
Traceback (most recent call last):
  File "/home/airflow/.local/lib/python3.12/site-packages/airflow/models/dagbag.py", line 383, in parse
    loader.exec_module(new_module)
  File "<frozen importlib._bootstrap_external>", line 999, in exec_module
  File "<frozen importlib._bootstrap>", line 488, in _call_with_frames_removed
  File "/opt/airflow/dags/player_data_fetcher_dag.py", line 9, in <module>
    from fetch_season_logs import save_gamelog
ModuleNotFoundError: No module named 'fetch_season_logs'
[2025-04-30T21:53:35.118+0000] {processor.py:927} WARNING - No viable dags retrieved from /opt/airflow/dags/player_data_fetcher_dag.py
[2025-04-30T21:53:35.133+0000] {processor.py:208} INFO - Processing /opt/airflow/dags/player_data_fetcher_dag.py took 0.026 seconds
[2025-04-30T22:03:25.549+0000] {processor.py:186} INFO - Started process (PID=447) to work on /opt/airflow/dags/player_data_fetcher_dag.py
[2025-04-30T22:03:25.549+0000] {processor.py:914} INFO - Processing file /opt/airflow/dags/player_data_fetcher_dag.py for tasks to queue
[2025-04-30T22:03:25.550+0000] {logging_mixin.py:190} INFO - [2025-04-30T22:03:25.550+0000] {dagbag.py:588} INFO - Filling up the DagBag from /opt/airflow/dags/player_data_fetcher_dag.py
[2025-04-30T22:03:25.553+0000] {logging_mixin.py:190} INFO - [2025-04-30T22:03:25.552+0000] {dagbag.py:387} ERROR - Failed to import: /opt/airflow/dags/player_data_fetcher_dag.py
Traceback (most recent call last):
  File "/home/airflow/.local/lib/python3.12/site-packages/airflow/models/dagbag.py", line 383, in parse
    loader.exec_module(new_module)
  File "<frozen importlib._bootstrap_external>", line 999, in exec_module
  File "<frozen importlib._bootstrap>", line 488, in _call_with_frames_removed
  File "/opt/airflow/dags/player_data_fetcher_dag.py", line 9, in <module>
    from fetch_season_logs import save_gamelog
ModuleNotFoundError: No module named 'fetch_season_logs'
[2025-04-30T22:03:25.554+0000] {processor.py:927} WARNING - No viable dags retrieved from /opt/airflow/dags/player_data_fetcher_dag.py
[2025-04-30T22:03:25.567+0000] {processor.py:208} INFO - Processing /opt/airflow/dags/player_data_fetcher_dag.py took 0.023 seconds
[2025-04-30T22:03:55.974+0000] {processor.py:186} INFO - Started process (PID=449) to work on /opt/airflow/dags/player_data_fetcher_dag.py
[2025-04-30T22:03:55.975+0000] {processor.py:914} INFO - Processing file /opt/airflow/dags/player_data_fetcher_dag.py for tasks to queue
[2025-04-30T22:03:55.976+0000] {logging_mixin.py:190} INFO - [2025-04-30T22:03:55.975+0000] {dagbag.py:588} INFO - Filling up the DagBag from /opt/airflow/dags/player_data_fetcher_dag.py
[2025-04-30T22:03:55.978+0000] {logging_mixin.py:190} INFO - [2025-04-30T22:03:55.978+0000] {dagbag.py:387} ERROR - Failed to import: /opt/airflow/dags/player_data_fetcher_dag.py
Traceback (most recent call last):
  File "/home/airflow/.local/lib/python3.12/site-packages/airflow/models/dagbag.py", line 383, in parse
    loader.exec_module(new_module)
  File "<frozen importlib._bootstrap_external>", line 999, in exec_module
  File "<frozen importlib._bootstrap>", line 488, in _call_with_frames_removed
  File "/opt/airflow/dags/player_data_fetcher_dag.py", line 9, in <module>
    from fetch_season_logs import save_gamelog
ModuleNotFoundError: No module named 'fetch_season_logs'
[2025-04-30T22:03:55.979+0000] {processor.py:927} WARNING - No viable dags retrieved from /opt/airflow/dags/player_data_fetcher_dag.py
[2025-04-30T22:03:55.991+0000] {processor.py:208} INFO - Processing /opt/airflow/dags/player_data_fetcher_dag.py took 0.023 seconds
[2025-04-30T22:18:58.726+0000] {processor.py:186} INFO - Started process (PID=451) to work on /opt/airflow/dags/player_data_fetcher_dag.py
[2025-04-30T22:18:58.726+0000] {processor.py:914} INFO - Processing file /opt/airflow/dags/player_data_fetcher_dag.py for tasks to queue
[2025-04-30T22:18:58.727+0000] {logging_mixin.py:190} INFO - [2025-04-30T22:18:58.727+0000] {dagbag.py:588} INFO - Filling up the DagBag from /opt/airflow/dags/player_data_fetcher_dag.py
[2025-04-30T22:18:58.728+0000] {logging_mixin.py:190} INFO - [2025-04-30T22:18:58.728+0000] {dagbag.py:387} ERROR - Failed to import: /opt/airflow/dags/player_data_fetcher_dag.py
Traceback (most recent call last):
  File "/home/airflow/.local/lib/python3.12/site-packages/airflow/models/dagbag.py", line 383, in parse
    loader.exec_module(new_module)
  File "<frozen importlib._bootstrap_external>", line 999, in exec_module
  File "<frozen importlib._bootstrap>", line 488, in _call_with_frames_removed
  File "/opt/airflow/dags/player_data_fetcher_dag.py", line 9, in <module>
    from fetch_season_logs import save_gamelog
ModuleNotFoundError: No module named 'fetch_season_logs'
[2025-04-30T22:18:58.728+0000] {processor.py:927} WARNING - No viable dags retrieved from /opt/airflow/dags/player_data_fetcher_dag.py
[2025-04-30T22:18:58.738+0000] {processor.py:208} INFO - Processing /opt/airflow/dags/player_data_fetcher_dag.py took 0.015 seconds
[2025-04-30T22:19:29.201+0000] {processor.py:186} INFO - Started process (PID=453) to work on /opt/airflow/dags/player_data_fetcher_dag.py
[2025-04-30T22:19:29.201+0000] {processor.py:914} INFO - Processing file /opt/airflow/dags/player_data_fetcher_dag.py for tasks to queue
[2025-04-30T22:19:29.202+0000] {logging_mixin.py:190} INFO - [2025-04-30T22:19:29.202+0000] {dagbag.py:588} INFO - Filling up the DagBag from /opt/airflow/dags/player_data_fetcher_dag.py
[2025-04-30T22:19:29.205+0000] {logging_mixin.py:190} INFO - [2025-04-30T22:19:29.204+0000] {dagbag.py:387} ERROR - Failed to import: /opt/airflow/dags/player_data_fetcher_dag.py
Traceback (most recent call last):
  File "/home/airflow/.local/lib/python3.12/site-packages/airflow/models/dagbag.py", line 383, in parse
    loader.exec_module(new_module)
  File "<frozen importlib._bootstrap_external>", line 999, in exec_module
  File "<frozen importlib._bootstrap>", line 488, in _call_with_frames_removed
  File "/opt/airflow/dags/player_data_fetcher_dag.py", line 9, in <module>
    from fetch_season_logs import save_gamelog
ModuleNotFoundError: No module named 'fetch_season_logs'
[2025-04-30T22:19:29.205+0000] {processor.py:927} WARNING - No viable dags retrieved from /opt/airflow/dags/player_data_fetcher_dag.py
[2025-04-30T22:19:29.218+0000] {processor.py:208} INFO - Processing /opt/airflow/dags/player_data_fetcher_dag.py took 0.022 seconds
[2025-04-30T22:34:32.016+0000] {processor.py:186} INFO - Started process (PID=455) to work on /opt/airflow/dags/player_data_fetcher_dag.py
[2025-04-30T22:34:32.017+0000] {processor.py:914} INFO - Processing file /opt/airflow/dags/player_data_fetcher_dag.py for tasks to queue
[2025-04-30T22:34:32.017+0000] {logging_mixin.py:190} INFO - [2025-04-30T22:34:32.017+0000] {dagbag.py:588} INFO - Filling up the DagBag from /opt/airflow/dags/player_data_fetcher_dag.py
[2025-04-30T22:34:32.019+0000] {logging_mixin.py:190} INFO - [2025-04-30T22:34:32.019+0000] {dagbag.py:387} ERROR - Failed to import: /opt/airflow/dags/player_data_fetcher_dag.py
Traceback (most recent call last):
  File "/home/airflow/.local/lib/python3.12/site-packages/airflow/models/dagbag.py", line 383, in parse
    loader.exec_module(new_module)
  File "<frozen importlib._bootstrap_external>", line 999, in exec_module
  File "<frozen importlib._bootstrap>", line 488, in _call_with_frames_removed
  File "/opt/airflow/dags/player_data_fetcher_dag.py", line 9, in <module>
    from fetch_season_logs import save_gamelog
ModuleNotFoundError: No module named 'fetch_season_logs'
[2025-04-30T22:34:32.019+0000] {processor.py:927} WARNING - No viable dags retrieved from /opt/airflow/dags/player_data_fetcher_dag.py
[2025-04-30T22:34:32.032+0000] {processor.py:208} INFO - Processing /opt/airflow/dags/player_data_fetcher_dag.py took 0.019 seconds
[2025-04-30T22:35:02.478+0000] {processor.py:186} INFO - Started process (PID=457) to work on /opt/airflow/dags/player_data_fetcher_dag.py
[2025-04-30T22:35:02.479+0000] {processor.py:914} INFO - Processing file /opt/airflow/dags/player_data_fetcher_dag.py for tasks to queue
[2025-04-30T22:35:02.480+0000] {logging_mixin.py:190} INFO - [2025-04-30T22:35:02.480+0000] {dagbag.py:588} INFO - Filling up the DagBag from /opt/airflow/dags/player_data_fetcher_dag.py
[2025-04-30T22:35:02.483+0000] {logging_mixin.py:190} INFO - [2025-04-30T22:35:02.482+0000] {dagbag.py:387} ERROR - Failed to import: /opt/airflow/dags/player_data_fetcher_dag.py
Traceback (most recent call last):
  File "/home/airflow/.local/lib/python3.12/site-packages/airflow/models/dagbag.py", line 383, in parse
    loader.exec_module(new_module)
  File "<frozen importlib._bootstrap_external>", line 999, in exec_module
  File "<frozen importlib._bootstrap>", line 488, in _call_with_frames_removed
  File "/opt/airflow/dags/player_data_fetcher_dag.py", line 9, in <module>
    from fetch_season_logs import save_gamelog
ModuleNotFoundError: No module named 'fetch_season_logs'
[2025-04-30T22:35:02.483+0000] {processor.py:927} WARNING - No viable dags retrieved from /opt/airflow/dags/player_data_fetcher_dag.py
[2025-04-30T22:35:02.495+0000] {processor.py:208} INFO - Processing /opt/airflow/dags/player_data_fetcher_dag.py took 0.022 seconds
[2025-04-30T22:50:05.292+0000] {processor.py:186} INFO - Started process (PID=459) to work on /opt/airflow/dags/player_data_fetcher_dag.py
[2025-04-30T22:50:05.292+0000] {processor.py:914} INFO - Processing file /opt/airflow/dags/player_data_fetcher_dag.py for tasks to queue
[2025-04-30T22:50:05.293+0000] {logging_mixin.py:190} INFO - [2025-04-30T22:50:05.293+0000] {dagbag.py:588} INFO - Filling up the DagBag from /opt/airflow/dags/player_data_fetcher_dag.py
[2025-04-30T22:50:05.295+0000] {logging_mixin.py:190} INFO - [2025-04-30T22:50:05.294+0000] {dagbag.py:387} ERROR - Failed to import: /opt/airflow/dags/player_data_fetcher_dag.py
Traceback (most recent call last):
  File "/home/airflow/.local/lib/python3.12/site-packages/airflow/models/dagbag.py", line 383, in parse
    loader.exec_module(new_module)
  File "<frozen importlib._bootstrap_external>", line 999, in exec_module
  File "<frozen importlib._bootstrap>", line 488, in _call_with_frames_removed
  File "/opt/airflow/dags/player_data_fetcher_dag.py", line 9, in <module>
    from fetch_season_logs import save_gamelog
ModuleNotFoundError: No module named 'fetch_season_logs'
[2025-04-30T22:50:05.295+0000] {processor.py:927} WARNING - No viable dags retrieved from /opt/airflow/dags/player_data_fetcher_dag.py
[2025-04-30T22:50:05.308+0000] {processor.py:208} INFO - Processing /opt/airflow/dags/player_data_fetcher_dag.py took 0.020 seconds
[2025-04-30T22:50:35.773+0000] {processor.py:186} INFO - Started process (PID=461) to work on /opt/airflow/dags/player_data_fetcher_dag.py
[2025-04-30T22:50:35.774+0000] {processor.py:914} INFO - Processing file /opt/airflow/dags/player_data_fetcher_dag.py for tasks to queue
[2025-04-30T22:50:35.775+0000] {logging_mixin.py:190} INFO - [2025-04-30T22:50:35.774+0000] {dagbag.py:588} INFO - Filling up the DagBag from /opt/airflow/dags/player_data_fetcher_dag.py
[2025-04-30T22:50:35.778+0000] {logging_mixin.py:190} INFO - [2025-04-30T22:50:35.777+0000] {dagbag.py:387} ERROR - Failed to import: /opt/airflow/dags/player_data_fetcher_dag.py
Traceback (most recent call last):
  File "/home/airflow/.local/lib/python3.12/site-packages/airflow/models/dagbag.py", line 383, in parse
    loader.exec_module(new_module)
  File "<frozen importlib._bootstrap_external>", line 999, in exec_module
  File "<frozen importlib._bootstrap>", line 488, in _call_with_frames_removed
  File "/opt/airflow/dags/player_data_fetcher_dag.py", line 9, in <module>
    from fetch_season_logs import save_gamelog
ModuleNotFoundError: No module named 'fetch_season_logs'
[2025-04-30T22:50:35.778+0000] {processor.py:927} WARNING - No viable dags retrieved from /opt/airflow/dags/player_data_fetcher_dag.py
[2025-04-30T22:50:35.790+0000] {processor.py:208} INFO - Processing /opt/airflow/dags/player_data_fetcher_dag.py took 0.023 seconds
[2025-04-30T23:04:34.177+0000] {processor.py:186} INFO - Started process (PID=463) to work on /opt/airflow/dags/player_data_fetcher_dag.py
[2025-04-30T23:04:34.178+0000] {processor.py:914} INFO - Processing file /opt/airflow/dags/player_data_fetcher_dag.py for tasks to queue
[2025-04-30T23:04:34.178+0000] {logging_mixin.py:190} INFO - [2025-04-30T23:04:34.178+0000] {dagbag.py:588} INFO - Filling up the DagBag from /opt/airflow/dags/player_data_fetcher_dag.py
[2025-04-30T23:04:34.180+0000] {logging_mixin.py:190} INFO - [2025-04-30T23:04:34.180+0000] {dagbag.py:387} ERROR - Failed to import: /opt/airflow/dags/player_data_fetcher_dag.py
Traceback (most recent call last):
  File "/home/airflow/.local/lib/python3.12/site-packages/airflow/models/dagbag.py", line 383, in parse
    loader.exec_module(new_module)
  File "<frozen importlib._bootstrap_external>", line 999, in exec_module
  File "<frozen importlib._bootstrap>", line 488, in _call_with_frames_removed
  File "/opt/airflow/dags/player_data_fetcher_dag.py", line 9, in <module>
    from fetch_season_logs import save_gamelog
ModuleNotFoundError: No module named 'fetch_season_logs'
[2025-04-30T23:04:34.180+0000] {processor.py:927} WARNING - No viable dags retrieved from /opt/airflow/dags/player_data_fetcher_dag.py
[2025-04-30T23:04:34.190+0000] {processor.py:208} INFO - Processing /opt/airflow/dags/player_data_fetcher_dag.py took 0.015 seconds
[2025-04-30T23:05:04.665+0000] {processor.py:186} INFO - Started process (PID=465) to work on /opt/airflow/dags/player_data_fetcher_dag.py
[2025-04-30T23:05:04.666+0000] {processor.py:914} INFO - Processing file /opt/airflow/dags/player_data_fetcher_dag.py for tasks to queue
[2025-04-30T23:05:04.667+0000] {logging_mixin.py:190} INFO - [2025-04-30T23:05:04.666+0000] {dagbag.py:588} INFO - Filling up the DagBag from /opt/airflow/dags/player_data_fetcher_dag.py
[2025-04-30T23:05:04.669+0000] {logging_mixin.py:190} INFO - [2025-04-30T23:05:04.669+0000] {dagbag.py:387} ERROR - Failed to import: /opt/airflow/dags/player_data_fetcher_dag.py
Traceback (most recent call last):
  File "/home/airflow/.local/lib/python3.12/site-packages/airflow/models/dagbag.py", line 383, in parse
    loader.exec_module(new_module)
  File "<frozen importlib._bootstrap_external>", line 999, in exec_module
  File "<frozen importlib._bootstrap>", line 488, in _call_with_frames_removed
  File "/opt/airflow/dags/player_data_fetcher_dag.py", line 9, in <module>
    from fetch_season_logs import save_gamelog
ModuleNotFoundError: No module named 'fetch_season_logs'
[2025-04-30T23:05:04.670+0000] {processor.py:927} WARNING - No viable dags retrieved from /opt/airflow/dags/player_data_fetcher_dag.py
[2025-04-30T23:05:04.757+0000] {processor.py:208} INFO - Processing /opt/airflow/dags/player_data_fetcher_dag.py took 0.097 seconds
[2025-04-30T23:20:07.491+0000] {processor.py:186} INFO - Started process (PID=467) to work on /opt/airflow/dags/player_data_fetcher_dag.py
[2025-04-30T23:20:07.491+0000] {processor.py:914} INFO - Processing file /opt/airflow/dags/player_data_fetcher_dag.py for tasks to queue
[2025-04-30T23:20:07.492+0000] {logging_mixin.py:190} INFO - [2025-04-30T23:20:07.492+0000] {dagbag.py:588} INFO - Filling up the DagBag from /opt/airflow/dags/player_data_fetcher_dag.py
[2025-04-30T23:20:07.494+0000] {logging_mixin.py:190} INFO - [2025-04-30T23:20:07.493+0000] {dagbag.py:387} ERROR - Failed to import: /opt/airflow/dags/player_data_fetcher_dag.py
Traceback (most recent call last):
  File "/home/airflow/.local/lib/python3.12/site-packages/airflow/models/dagbag.py", line 383, in parse
    loader.exec_module(new_module)
  File "<frozen importlib._bootstrap_external>", line 999, in exec_module
  File "<frozen importlib._bootstrap>", line 488, in _call_with_frames_removed
  File "/opt/airflow/dags/player_data_fetcher_dag.py", line 9, in <module>
    from fetch_season_logs import save_gamelog
ModuleNotFoundError: No module named 'fetch_season_logs'
[2025-04-30T23:20:07.494+0000] {processor.py:927} WARNING - No viable dags retrieved from /opt/airflow/dags/player_data_fetcher_dag.py
[2025-04-30T23:20:07.576+0000] {processor.py:208} INFO - Processing /opt/airflow/dags/player_data_fetcher_dag.py took 0.089 seconds
[2025-04-30T23:20:38.157+0000] {processor.py:186} INFO - Started process (PID=469) to work on /opt/airflow/dags/player_data_fetcher_dag.py
[2025-04-30T23:20:38.158+0000] {processor.py:914} INFO - Processing file /opt/airflow/dags/player_data_fetcher_dag.py for tasks to queue
[2025-04-30T23:20:38.159+0000] {logging_mixin.py:190} INFO - [2025-04-30T23:20:38.159+0000] {dagbag.py:588} INFO - Filling up the DagBag from /opt/airflow/dags/player_data_fetcher_dag.py
[2025-04-30T23:20:38.162+0000] {logging_mixin.py:190} INFO - [2025-04-30T23:20:38.161+0000] {dagbag.py:387} ERROR - Failed to import: /opt/airflow/dags/player_data_fetcher_dag.py
Traceback (most recent call last):
  File "/home/airflow/.local/lib/python3.12/site-packages/airflow/models/dagbag.py", line 383, in parse
    loader.exec_module(new_module)
  File "<frozen importlib._bootstrap_external>", line 999, in exec_module
  File "<frozen importlib._bootstrap>", line 488, in _call_with_frames_removed
  File "/opt/airflow/dags/player_data_fetcher_dag.py", line 9, in <module>
    from fetch_season_logs import save_gamelog
ModuleNotFoundError: No module named 'fetch_season_logs'
[2025-04-30T23:20:38.162+0000] {processor.py:927} WARNING - No viable dags retrieved from /opt/airflow/dags/player_data_fetcher_dag.py
[2025-04-30T23:20:38.176+0000] {processor.py:208} INFO - Processing /opt/airflow/dags/player_data_fetcher_dag.py took 0.025 seconds
[2025-04-30T23:21:08.643+0000] {processor.py:186} INFO - Started process (PID=471) to work on /opt/airflow/dags/player_data_fetcher_dag.py
[2025-04-30T23:21:08.644+0000] {processor.py:914} INFO - Processing file /opt/airflow/dags/player_data_fetcher_dag.py for tasks to queue
[2025-04-30T23:21:08.645+0000] {logging_mixin.py:190} INFO - [2025-04-30T23:21:08.644+0000] {dagbag.py:588} INFO - Filling up the DagBag from /opt/airflow/dags/player_data_fetcher_dag.py
[2025-04-30T23:21:08.647+0000] {logging_mixin.py:190} INFO - [2025-04-30T23:21:08.646+0000] {dagbag.py:387} ERROR - Failed to import: /opt/airflow/dags/player_data_fetcher_dag.py
Traceback (most recent call last):
  File "/home/airflow/.local/lib/python3.12/site-packages/airflow/models/dagbag.py", line 383, in parse
    loader.exec_module(new_module)
  File "<frozen importlib._bootstrap_external>", line 999, in exec_module
  File "<frozen importlib._bootstrap>", line 488, in _call_with_frames_removed
  File "/opt/airflow/dags/player_data_fetcher_dag.py", line 9, in <module>
    from fetch_season_logs import save_gamelog
ModuleNotFoundError: No module named 'fetch_season_logs'
[2025-04-30T23:21:08.647+0000] {processor.py:927} WARNING - No viable dags retrieved from /opt/airflow/dags/player_data_fetcher_dag.py
[2025-04-30T23:21:08.659+0000] {processor.py:208} INFO - Processing /opt/airflow/dags/player_data_fetcher_dag.py took 0.022 seconds
[2025-04-30T23:21:39.182+0000] {processor.py:186} INFO - Started process (PID=473) to work on /opt/airflow/dags/player_data_fetcher_dag.py
[2025-04-30T23:21:39.183+0000] {processor.py:914} INFO - Processing file /opt/airflow/dags/player_data_fetcher_dag.py for tasks to queue
[2025-04-30T23:21:39.183+0000] {logging_mixin.py:190} INFO - [2025-04-30T23:21:39.183+0000] {dagbag.py:588} INFO - Filling up the DagBag from /opt/airflow/dags/player_data_fetcher_dag.py
[2025-04-30T23:21:39.186+0000] {logging_mixin.py:190} INFO - [2025-04-30T23:21:39.185+0000] {dagbag.py:387} ERROR - Failed to import: /opt/airflow/dags/player_data_fetcher_dag.py
Traceback (most recent call last):
  File "/home/airflow/.local/lib/python3.12/site-packages/airflow/models/dagbag.py", line 383, in parse
    loader.exec_module(new_module)
  File "<frozen importlib._bootstrap_external>", line 999, in exec_module
  File "<frozen importlib._bootstrap>", line 488, in _call_with_frames_removed
  File "/opt/airflow/dags/player_data_fetcher_dag.py", line 9, in <module>
    from fetch_season_logs import save_gamelog
ModuleNotFoundError: No module named 'fetch_season_logs'
[2025-04-30T23:21:39.186+0000] {processor.py:927} WARNING - No viable dags retrieved from /opt/airflow/dags/player_data_fetcher_dag.py
[2025-04-30T23:21:39.199+0000] {processor.py:208} INFO - Processing /opt/airflow/dags/player_data_fetcher_dag.py took 0.024 seconds
[2025-04-30T23:54:43.696+0000] {processor.py:186} INFO - Started process (PID=475) to work on /opt/airflow/dags/player_data_fetcher_dag.py
[2025-04-30T23:54:43.697+0000] {processor.py:914} INFO - Processing file /opt/airflow/dags/player_data_fetcher_dag.py for tasks to queue
[2025-04-30T23:54:43.698+0000] {logging_mixin.py:190} INFO - [2025-04-30T23:54:43.698+0000] {dagbag.py:588} INFO - Filling up the DagBag from /opt/airflow/dags/player_data_fetcher_dag.py
[2025-04-30T23:54:43.700+0000] {logging_mixin.py:190} INFO - [2025-04-30T23:54:43.699+0000] {dagbag.py:387} ERROR - Failed to import: /opt/airflow/dags/player_data_fetcher_dag.py
Traceback (most recent call last):
  File "/home/airflow/.local/lib/python3.12/site-packages/airflow/models/dagbag.py", line 383, in parse
    loader.exec_module(new_module)
  File "<frozen importlib._bootstrap_external>", line 999, in exec_module
  File "<frozen importlib._bootstrap>", line 488, in _call_with_frames_removed
  File "/opt/airflow/dags/player_data_fetcher_dag.py", line 9, in <module>
    from fetch_season_logs import save_gamelog
ModuleNotFoundError: No module named 'fetch_season_logs'
[2025-04-30T23:54:43.700+0000] {processor.py:927} WARNING - No viable dags retrieved from /opt/airflow/dags/player_data_fetcher_dag.py
[2025-04-30T23:54:43.710+0000] {processor.py:208} INFO - Processing /opt/airflow/dags/player_data_fetcher_dag.py took 0.018 seconds
[2025-04-30T23:55:14.128+0000] {processor.py:186} INFO - Started process (PID=477) to work on /opt/airflow/dags/player_data_fetcher_dag.py
[2025-04-30T23:55:14.129+0000] {processor.py:914} INFO - Processing file /opt/airflow/dags/player_data_fetcher_dag.py for tasks to queue
[2025-04-30T23:55:14.129+0000] {logging_mixin.py:190} INFO - [2025-04-30T23:55:14.129+0000] {dagbag.py:588} INFO - Filling up the DagBag from /opt/airflow/dags/player_data_fetcher_dag.py
[2025-04-30T23:55:14.132+0000] {logging_mixin.py:190} INFO - [2025-04-30T23:55:14.131+0000] {dagbag.py:387} ERROR - Failed to import: /opt/airflow/dags/player_data_fetcher_dag.py
Traceback (most recent call last):
  File "/home/airflow/.local/lib/python3.12/site-packages/airflow/models/dagbag.py", line 383, in parse
    loader.exec_module(new_module)
  File "<frozen importlib._bootstrap_external>", line 999, in exec_module
  File "<frozen importlib._bootstrap>", line 488, in _call_with_frames_removed
  File "/opt/airflow/dags/player_data_fetcher_dag.py", line 9, in <module>
    from fetch_season_logs import save_gamelog
ModuleNotFoundError: No module named 'fetch_season_logs'
[2025-04-30T23:55:14.132+0000] {processor.py:927} WARNING - No viable dags retrieved from /opt/airflow/dags/player_data_fetcher_dag.py
[2025-04-30T23:55:14.144+0000] {processor.py:208} INFO - Processing /opt/airflow/dags/player_data_fetcher_dag.py took 0.022 seconds
