[2025-05-03T00:00:25.492+0000] {processor.py:186} INFO - Started process (PID=208) to work on /opt/airflow/dags/permission_fixer_dag.py
[2025-05-03T00:00:25.492+0000] {processor.py:914} INFO - Processing file /opt/airflow/dags/permission_fixer_dag.py for tasks to queue
[2025-05-03T00:00:25.492+0000] {logging_mixin.py:190} INFO - [2025-05-03T00:00:25.492+0000] {dagbag.py:588} INFO - Filling up the DagBag from /opt/airflow/dags/permission_fixer_dag.py
[2025-05-03T00:00:25.496+0000] {processor.py:925} INFO - DAG(s) 'fix_permissions_dag' retrieved from /opt/airflow/dags/permission_fixer_dag.py
[2025-05-03T00:00:25.507+0000] {logging_mixin.py:190} INFO - [2025-05-03T00:00:25.507+0000] {dag.py:3239} INFO - Sync 1 DAGs
[2025-05-03T00:00:25.513+0000] {logging_mixin.py:190} INFO - [2025-05-03T00:00:25.513+0000] {dag.py:4180} INFO - Setting next_dagrun for fix_permissions_dag to None, run_after=None
[2025-05-03T00:00:25.520+0000] {processor.py:208} INFO - Processing /opt/airflow/dags/permission_fixer_dag.py took 0.031 seconds
[2025-05-03T00:00:56.060+0000] {processor.py:186} INFO - Started process (PID=213) to work on /opt/airflow/dags/permission_fixer_dag.py
[2025-05-03T00:00:56.061+0000] {processor.py:914} INFO - Processing file /opt/airflow/dags/permission_fixer_dag.py for tasks to queue
[2025-05-03T00:00:56.062+0000] {logging_mixin.py:190} INFO - [2025-05-03T00:00:56.061+0000] {dagbag.py:588} INFO - Filling up the DagBag from /opt/airflow/dags/permission_fixer_dag.py
[2025-05-03T00:00:56.065+0000] {processor.py:925} INFO - DAG(s) 'fix_permissions_dag' retrieved from /opt/airflow/dags/permission_fixer_dag.py
[2025-05-03T00:00:56.075+0000] {logging_mixin.py:190} INFO - [2025-05-03T00:00:56.075+0000] {dag.py:3239} INFO - Sync 1 DAGs
[2025-05-03T00:00:56.081+0000] {logging_mixin.py:190} INFO - [2025-05-03T00:00:56.081+0000] {dag.py:4180} INFO - Setting next_dagrun for fix_permissions_dag to None, run_after=None
[2025-05-03T00:00:56.088+0000] {processor.py:208} INFO - Processing /opt/airflow/dags/permission_fixer_dag.py took 0.030 seconds
[2025-05-03T00:01:26.652+0000] {processor.py:186} INFO - Started process (PID=218) to work on /opt/airflow/dags/permission_fixer_dag.py
[2025-05-03T00:01:26.653+0000] {processor.py:914} INFO - Processing file /opt/airflow/dags/permission_fixer_dag.py for tasks to queue
[2025-05-03T00:01:26.653+0000] {logging_mixin.py:190} INFO - [2025-05-03T00:01:26.653+0000] {dagbag.py:588} INFO - Filling up the DagBag from /opt/airflow/dags/permission_fixer_dag.py
[2025-05-03T00:01:26.657+0000] {processor.py:925} INFO - DAG(s) 'fix_permissions_dag' retrieved from /opt/airflow/dags/permission_fixer_dag.py
[2025-05-03T00:01:26.666+0000] {logging_mixin.py:190} INFO - [2025-05-03T00:01:26.666+0000] {dag.py:3239} INFO - Sync 1 DAGs
[2025-05-03T00:01:26.671+0000] {logging_mixin.py:190} INFO - [2025-05-03T00:01:26.671+0000] {dag.py:4180} INFO - Setting next_dagrun for fix_permissions_dag to None, run_after=None
[2025-05-03T00:01:26.678+0000] {processor.py:208} INFO - Processing /opt/airflow/dags/permission_fixer_dag.py took 0.028 seconds
[2025-05-03T00:01:57.264+0000] {processor.py:186} INFO - Started process (PID=223) to work on /opt/airflow/dags/permission_fixer_dag.py
[2025-05-03T00:01:57.264+0000] {processor.py:914} INFO - Processing file /opt/airflow/dags/permission_fixer_dag.py for tasks to queue
[2025-05-03T00:01:57.265+0000] {logging_mixin.py:190} INFO - [2025-05-03T00:01:57.264+0000] {dagbag.py:588} INFO - Filling up the DagBag from /opt/airflow/dags/permission_fixer_dag.py
[2025-05-03T00:01:57.268+0000] {processor.py:925} INFO - DAG(s) 'fix_permissions_dag' retrieved from /opt/airflow/dags/permission_fixer_dag.py
[2025-05-03T00:01:57.277+0000] {logging_mixin.py:190} INFO - [2025-05-03T00:01:57.277+0000] {dag.py:3239} INFO - Sync 1 DAGs
[2025-05-03T00:01:57.283+0000] {logging_mixin.py:190} INFO - [2025-05-03T00:01:57.283+0000] {dag.py:4180} INFO - Setting next_dagrun for fix_permissions_dag to None, run_after=None
[2025-05-03T00:01:57.289+0000] {processor.py:208} INFO - Processing /opt/airflow/dags/permission_fixer_dag.py took 0.028 seconds
[2025-05-03T00:02:27.848+0000] {processor.py:186} INFO - Started process (PID=228) to work on /opt/airflow/dags/permission_fixer_dag.py
[2025-05-03T00:02:27.849+0000] {processor.py:914} INFO - Processing file /opt/airflow/dags/permission_fixer_dag.py for tasks to queue
[2025-05-03T00:02:27.850+0000] {logging_mixin.py:190} INFO - [2025-05-03T00:02:27.850+0000] {dagbag.py:588} INFO - Filling up the DagBag from /opt/airflow/dags/permission_fixer_dag.py
[2025-05-03T00:02:27.856+0000] {processor.py:925} INFO - DAG(s) 'fix_permissions_dag' retrieved from /opt/airflow/dags/permission_fixer_dag.py
[2025-05-03T00:02:27.867+0000] {logging_mixin.py:190} INFO - [2025-05-03T00:02:27.866+0000] {dag.py:3239} INFO - Sync 1 DAGs
[2025-05-03T00:02:27.874+0000] {logging_mixin.py:190} INFO - [2025-05-03T00:02:27.873+0000] {dag.py:4180} INFO - Setting next_dagrun for fix_permissions_dag to None, run_after=None
[2025-05-03T00:02:27.884+0000] {processor.py:208} INFO - Processing /opt/airflow/dags/permission_fixer_dag.py took 0.038 seconds
[2025-05-03T00:02:58.475+0000] {processor.py:186} INFO - Started process (PID=233) to work on /opt/airflow/dags/permission_fixer_dag.py
[2025-05-03T00:02:58.476+0000] {processor.py:914} INFO - Processing file /opt/airflow/dags/permission_fixer_dag.py for tasks to queue
[2025-05-03T00:02:58.476+0000] {logging_mixin.py:190} INFO - [2025-05-03T00:02:58.476+0000] {dagbag.py:588} INFO - Filling up the DagBag from /opt/airflow/dags/permission_fixer_dag.py
[2025-05-03T00:02:58.480+0000] {processor.py:925} INFO - DAG(s) 'fix_permissions_dag' retrieved from /opt/airflow/dags/permission_fixer_dag.py
[2025-05-03T00:02:58.491+0000] {logging_mixin.py:190} INFO - [2025-05-03T00:02:58.490+0000] {dag.py:3239} INFO - Sync 1 DAGs
[2025-05-03T00:02:58.497+0000] {logging_mixin.py:190} INFO - [2025-05-03T00:02:58.497+0000] {dag.py:4180} INFO - Setting next_dagrun for fix_permissions_dag to None, run_after=None
[2025-05-03T00:02:58.504+0000] {processor.py:208} INFO - Processing /opt/airflow/dags/permission_fixer_dag.py took 0.032 seconds
[2025-05-03T00:03:29.006+0000] {processor.py:186} INFO - Started process (PID=238) to work on /opt/airflow/dags/permission_fixer_dag.py
[2025-05-03T00:03:29.006+0000] {processor.py:914} INFO - Processing file /opt/airflow/dags/permission_fixer_dag.py for tasks to queue
[2025-05-03T00:03:29.007+0000] {logging_mixin.py:190} INFO - [2025-05-03T00:03:29.007+0000] {dagbag.py:588} INFO - Filling up the DagBag from /opt/airflow/dags/permission_fixer_dag.py
[2025-05-03T00:03:29.011+0000] {processor.py:925} INFO - DAG(s) 'fix_permissions_dag' retrieved from /opt/airflow/dags/permission_fixer_dag.py
[2025-05-03T00:03:29.021+0000] {logging_mixin.py:190} INFO - [2025-05-03T00:03:29.021+0000] {dag.py:3239} INFO - Sync 1 DAGs
[2025-05-03T00:03:29.027+0000] {logging_mixin.py:190} INFO - [2025-05-03T00:03:29.027+0000] {dag.py:4180} INFO - Setting next_dagrun for fix_permissions_dag to None, run_after=None
[2025-05-03T00:03:29.033+0000] {processor.py:208} INFO - Processing /opt/airflow/dags/permission_fixer_dag.py took 0.031 seconds
[2025-05-03T00:03:59.628+0000] {processor.py:186} INFO - Started process (PID=243) to work on /opt/airflow/dags/permission_fixer_dag.py
[2025-05-03T00:03:59.628+0000] {processor.py:914} INFO - Processing file /opt/airflow/dags/permission_fixer_dag.py for tasks to queue
[2025-05-03T00:03:59.629+0000] {logging_mixin.py:190} INFO - [2025-05-03T00:03:59.629+0000] {dagbag.py:588} INFO - Filling up the DagBag from /opt/airflow/dags/permission_fixer_dag.py
[2025-05-03T00:03:59.633+0000] {processor.py:925} INFO - DAG(s) 'fix_permissions_dag' retrieved from /opt/airflow/dags/permission_fixer_dag.py
[2025-05-03T00:03:59.644+0000] {logging_mixin.py:190} INFO - [2025-05-03T00:03:59.644+0000] {dag.py:3239} INFO - Sync 1 DAGs
[2025-05-03T00:03:59.650+0000] {logging_mixin.py:190} INFO - [2025-05-03T00:03:59.650+0000] {dag.py:4180} INFO - Setting next_dagrun for fix_permissions_dag to None, run_after=None
[2025-05-03T00:03:59.658+0000] {processor.py:208} INFO - Processing /opt/airflow/dags/permission_fixer_dag.py took 0.034 seconds
[2025-05-03T00:04:30.198+0000] {processor.py:186} INFO - Started process (PID=248) to work on /opt/airflow/dags/permission_fixer_dag.py
[2025-05-03T00:04:30.199+0000] {processor.py:914} INFO - Processing file /opt/airflow/dags/permission_fixer_dag.py for tasks to queue
[2025-05-03T00:04:30.199+0000] {logging_mixin.py:190} INFO - [2025-05-03T00:04:30.199+0000] {dagbag.py:588} INFO - Filling up the DagBag from /opt/airflow/dags/permission_fixer_dag.py
[2025-05-03T00:04:30.203+0000] {processor.py:925} INFO - DAG(s) 'fix_permissions_dag' retrieved from /opt/airflow/dags/permission_fixer_dag.py
[2025-05-03T00:04:30.214+0000] {logging_mixin.py:190} INFO - [2025-05-03T00:04:30.214+0000] {dag.py:3239} INFO - Sync 1 DAGs
[2025-05-03T00:04:30.220+0000] {logging_mixin.py:190} INFO - [2025-05-03T00:04:30.220+0000] {dag.py:4180} INFO - Setting next_dagrun for fix_permissions_dag to None, run_after=None
[2025-05-03T00:04:30.229+0000] {processor.py:208} INFO - Processing /opt/airflow/dags/permission_fixer_dag.py took 0.035 seconds
[2025-05-03T00:05:00.745+0000] {processor.py:186} INFO - Started process (PID=253) to work on /opt/airflow/dags/permission_fixer_dag.py
[2025-05-03T00:05:00.746+0000] {processor.py:914} INFO - Processing file /opt/airflow/dags/permission_fixer_dag.py for tasks to queue
[2025-05-03T00:05:00.746+0000] {logging_mixin.py:190} INFO - [2025-05-03T00:05:00.746+0000] {dagbag.py:588} INFO - Filling up the DagBag from /opt/airflow/dags/permission_fixer_dag.py
[2025-05-03T00:05:00.750+0000] {processor.py:925} INFO - DAG(s) 'fix_permissions_dag' retrieved from /opt/airflow/dags/permission_fixer_dag.py
[2025-05-03T00:05:00.760+0000] {logging_mixin.py:190} INFO - [2025-05-03T00:05:00.760+0000] {dag.py:3239} INFO - Sync 1 DAGs
[2025-05-03T00:05:00.766+0000] {logging_mixin.py:190} INFO - [2025-05-03T00:05:00.766+0000] {dag.py:4180} INFO - Setting next_dagrun for fix_permissions_dag to None, run_after=None
[2025-05-03T00:05:00.773+0000] {processor.py:208} INFO - Processing /opt/airflow/dags/permission_fixer_dag.py took 0.030 seconds
[2025-05-03T00:05:31.272+0000] {processor.py:186} INFO - Started process (PID=258) to work on /opt/airflow/dags/permission_fixer_dag.py
[2025-05-03T00:05:31.273+0000] {processor.py:914} INFO - Processing file /opt/airflow/dags/permission_fixer_dag.py for tasks to queue
[2025-05-03T00:05:31.274+0000] {logging_mixin.py:190} INFO - [2025-05-03T00:05:31.273+0000] {dagbag.py:588} INFO - Filling up the DagBag from /opt/airflow/dags/permission_fixer_dag.py
[2025-05-03T00:05:31.277+0000] {processor.py:925} INFO - DAG(s) 'fix_permissions_dag' retrieved from /opt/airflow/dags/permission_fixer_dag.py
[2025-05-03T00:05:31.287+0000] {logging_mixin.py:190} INFO - [2025-05-03T00:05:31.287+0000] {dag.py:3239} INFO - Sync 1 DAGs
[2025-05-03T00:05:31.293+0000] {logging_mixin.py:190} INFO - [2025-05-03T00:05:31.293+0000] {dag.py:4180} INFO - Setting next_dagrun for fix_permissions_dag to None, run_after=None
[2025-05-03T00:05:31.301+0000] {processor.py:208} INFO - Processing /opt/airflow/dags/permission_fixer_dag.py took 0.031 seconds
[2025-05-03T00:06:01.838+0000] {processor.py:186} INFO - Started process (PID=263) to work on /opt/airflow/dags/permission_fixer_dag.py
[2025-05-03T00:06:01.839+0000] {processor.py:914} INFO - Processing file /opt/airflow/dags/permission_fixer_dag.py for tasks to queue
[2025-05-03T00:06:01.839+0000] {logging_mixin.py:190} INFO - [2025-05-03T00:06:01.839+0000] {dagbag.py:588} INFO - Filling up the DagBag from /opt/airflow/dags/permission_fixer_dag.py
[2025-05-03T00:06:01.843+0000] {processor.py:925} INFO - DAG(s) 'fix_permissions_dag' retrieved from /opt/airflow/dags/permission_fixer_dag.py
[2025-05-03T00:06:01.853+0000] {logging_mixin.py:190} INFO - [2025-05-03T00:06:01.853+0000] {dag.py:3239} INFO - Sync 1 DAGs
[2025-05-03T00:06:01.861+0000] {logging_mixin.py:190} INFO - [2025-05-03T00:06:01.860+0000] {dag.py:4180} INFO - Setting next_dagrun for fix_permissions_dag to None, run_after=None
[2025-05-03T00:06:01.866+0000] {processor.py:208} INFO - Processing /opt/airflow/dags/permission_fixer_dag.py took 0.031 seconds
[2025-05-03T00:06:32.340+0000] {processor.py:186} INFO - Started process (PID=268) to work on /opt/airflow/dags/permission_fixer_dag.py
[2025-05-03T00:06:32.341+0000] {processor.py:914} INFO - Processing file /opt/airflow/dags/permission_fixer_dag.py for tasks to queue
[2025-05-03T00:06:32.341+0000] {logging_mixin.py:190} INFO - [2025-05-03T00:06:32.341+0000] {dagbag.py:588} INFO - Filling up the DagBag from /opt/airflow/dags/permission_fixer_dag.py
[2025-05-03T00:06:32.345+0000] {processor.py:925} INFO - DAG(s) 'fix_permissions_dag' retrieved from /opt/airflow/dags/permission_fixer_dag.py
[2025-05-03T00:06:32.355+0000] {logging_mixin.py:190} INFO - [2025-05-03T00:06:32.355+0000] {dag.py:3239} INFO - Sync 1 DAGs
[2025-05-03T00:06:32.360+0000] {logging_mixin.py:190} INFO - [2025-05-03T00:06:32.360+0000] {dag.py:4180} INFO - Setting next_dagrun for fix_permissions_dag to None, run_after=None
[2025-05-03T00:06:32.366+0000] {processor.py:208} INFO - Processing /opt/airflow/dags/permission_fixer_dag.py took 0.029 seconds
[2025-05-03T00:07:02.843+0000] {processor.py:186} INFO - Started process (PID=273) to work on /opt/airflow/dags/permission_fixer_dag.py
[2025-05-03T00:07:02.843+0000] {processor.py:914} INFO - Processing file /opt/airflow/dags/permission_fixer_dag.py for tasks to queue
[2025-05-03T00:07:02.844+0000] {logging_mixin.py:190} INFO - [2025-05-03T00:07:02.844+0000] {dagbag.py:588} INFO - Filling up the DagBag from /opt/airflow/dags/permission_fixer_dag.py
[2025-05-03T00:07:02.850+0000] {processor.py:925} INFO - DAG(s) 'fix_permissions_dag' retrieved from /opt/airflow/dags/permission_fixer_dag.py
[2025-05-03T00:07:02.863+0000] {logging_mixin.py:190} INFO - [2025-05-03T00:07:02.863+0000] {dag.py:3239} INFO - Sync 1 DAGs
[2025-05-03T00:07:02.870+0000] {logging_mixin.py:190} INFO - [2025-05-03T00:07:02.869+0000] {dag.py:4180} INFO - Setting next_dagrun for fix_permissions_dag to None, run_after=None
[2025-05-03T00:07:02.877+0000] {processor.py:208} INFO - Processing /opt/airflow/dags/permission_fixer_dag.py took 0.039 seconds
[2025-05-03T00:07:33.543+0000] {processor.py:186} INFO - Started process (PID=278) to work on /opt/airflow/dags/permission_fixer_dag.py
[2025-05-03T00:07:33.544+0000] {processor.py:914} INFO - Processing file /opt/airflow/dags/permission_fixer_dag.py for tasks to queue
[2025-05-03T00:07:33.544+0000] {logging_mixin.py:190} INFO - [2025-05-03T00:07:33.544+0000] {dagbag.py:588} INFO - Filling up the DagBag from /opt/airflow/dags/permission_fixer_dag.py
[2025-05-03T00:07:33.548+0000] {processor.py:925} INFO - DAG(s) 'fix_permissions_dag' retrieved from /opt/airflow/dags/permission_fixer_dag.py
[2025-05-03T00:07:33.559+0000] {logging_mixin.py:190} INFO - [2025-05-03T00:07:33.559+0000] {dag.py:3239} INFO - Sync 1 DAGs
[2025-05-03T00:07:33.565+0000] {logging_mixin.py:190} INFO - [2025-05-03T00:07:33.565+0000] {dag.py:4180} INFO - Setting next_dagrun for fix_permissions_dag to None, run_after=None
[2025-05-03T00:07:33.571+0000] {processor.py:208} INFO - Processing /opt/airflow/dags/permission_fixer_dag.py took 0.031 seconds
[2025-05-03T00:08:04.167+0000] {processor.py:186} INFO - Started process (PID=283) to work on /opt/airflow/dags/permission_fixer_dag.py
[2025-05-03T00:08:04.167+0000] {processor.py:914} INFO - Processing file /opt/airflow/dags/permission_fixer_dag.py for tasks to queue
[2025-05-03T00:08:04.167+0000] {logging_mixin.py:190} INFO - [2025-05-03T00:08:04.167+0000] {dagbag.py:588} INFO - Filling up the DagBag from /opt/airflow/dags/permission_fixer_dag.py
[2025-05-03T00:08:04.172+0000] {processor.py:925} INFO - DAG(s) 'fix_permissions_dag' retrieved from /opt/airflow/dags/permission_fixer_dag.py
[2025-05-03T00:08:04.182+0000] {logging_mixin.py:190} INFO - [2025-05-03T00:08:04.182+0000] {dag.py:3239} INFO - Sync 1 DAGs
[2025-05-03T00:08:04.188+0000] {logging_mixin.py:190} INFO - [2025-05-03T00:08:04.188+0000] {dag.py:4180} INFO - Setting next_dagrun for fix_permissions_dag to None, run_after=None
[2025-05-03T00:08:04.195+0000] {processor.py:208} INFO - Processing /opt/airflow/dags/permission_fixer_dag.py took 0.032 seconds
[2025-05-03T00:08:34.781+0000] {processor.py:186} INFO - Started process (PID=288) to work on /opt/airflow/dags/permission_fixer_dag.py
[2025-05-03T00:08:34.782+0000] {processor.py:914} INFO - Processing file /opt/airflow/dags/permission_fixer_dag.py for tasks to queue
[2025-05-03T00:08:34.783+0000] {logging_mixin.py:190} INFO - [2025-05-03T00:08:34.782+0000] {dagbag.py:588} INFO - Filling up the DagBag from /opt/airflow/dags/permission_fixer_dag.py
[2025-05-03T00:08:34.787+0000] {processor.py:925} INFO - DAG(s) 'fix_permissions_dag' retrieved from /opt/airflow/dags/permission_fixer_dag.py
[2025-05-03T00:08:34.798+0000] {logging_mixin.py:190} INFO - [2025-05-03T00:08:34.798+0000] {dag.py:3239} INFO - Sync 1 DAGs
[2025-05-03T00:08:34.807+0000] {logging_mixin.py:190} INFO - [2025-05-03T00:08:34.807+0000] {dag.py:4180} INFO - Setting next_dagrun for fix_permissions_dag to None, run_after=None
[2025-05-03T00:08:34.816+0000] {processor.py:208} INFO - Processing /opt/airflow/dags/permission_fixer_dag.py took 0.038 seconds
[2025-05-03T00:09:45.078+0000] {processor.py:186} INFO - Started process (PID=38) to work on /opt/airflow/dags/permission_fixer_dag.py
[2025-05-03T00:09:45.079+0000] {processor.py:914} INFO - Processing file /opt/airflow/dags/permission_fixer_dag.py for tasks to queue
[2025-05-03T00:09:45.079+0000] {logging_mixin.py:190} INFO - [2025-05-03T00:09:45.079+0000] {dagbag.py:588} INFO - Filling up the DagBag from /opt/airflow/dags/permission_fixer_dag.py
[2025-05-03T00:09:45.087+0000] {processor.py:925} INFO - DAG(s) 'fix_permissions_dag' retrieved from /opt/airflow/dags/permission_fixer_dag.py
[2025-05-03T00:09:45.102+0000] {logging_mixin.py:190} INFO - [2025-05-03T00:09:45.101+0000] {dag.py:3239} INFO - Sync 1 DAGs
[2025-05-03T00:09:45.109+0000] {logging_mixin.py:190} INFO - [2025-05-03T00:09:45.108+0000] {dag.py:4180} INFO - Setting next_dagrun for fix_permissions_dag to None, run_after=None
[2025-05-03T00:09:45.116+0000] {processor.py:208} INFO - Processing /opt/airflow/dags/permission_fixer_dag.py took 0.044 seconds
[2025-05-03T00:10:15.694+0000] {processor.py:186} INFO - Started process (PID=43) to work on /opt/airflow/dags/permission_fixer_dag.py
[2025-05-03T00:10:15.695+0000] {processor.py:914} INFO - Processing file /opt/airflow/dags/permission_fixer_dag.py for tasks to queue
[2025-05-03T00:10:15.695+0000] {logging_mixin.py:190} INFO - [2025-05-03T00:10:15.695+0000] {dagbag.py:588} INFO - Filling up the DagBag from /opt/airflow/dags/permission_fixer_dag.py
[2025-05-03T00:10:15.699+0000] {processor.py:925} INFO - DAG(s) 'fix_permissions_dag' retrieved from /opt/airflow/dags/permission_fixer_dag.py
[2025-05-03T00:10:15.709+0000] {logging_mixin.py:190} INFO - [2025-05-03T00:10:15.709+0000] {dag.py:3239} INFO - Sync 1 DAGs
[2025-05-03T00:10:15.714+0000] {logging_mixin.py:190} INFO - [2025-05-03T00:10:15.714+0000] {dag.py:4180} INFO - Setting next_dagrun for fix_permissions_dag to None, run_after=None
[2025-05-03T00:10:15.721+0000] {processor.py:208} INFO - Processing /opt/airflow/dags/permission_fixer_dag.py took 0.030 seconds
[2025-05-03T00:10:46.323+0000] {processor.py:186} INFO - Started process (PID=48) to work on /opt/airflow/dags/permission_fixer_dag.py
[2025-05-03T00:10:46.324+0000] {processor.py:914} INFO - Processing file /opt/airflow/dags/permission_fixer_dag.py for tasks to queue
[2025-05-03T00:10:46.324+0000] {logging_mixin.py:190} INFO - [2025-05-03T00:10:46.324+0000] {dagbag.py:588} INFO - Filling up the DagBag from /opt/airflow/dags/permission_fixer_dag.py
[2025-05-03T00:10:46.328+0000] {processor.py:925} INFO - DAG(s) 'fix_permissions_dag' retrieved from /opt/airflow/dags/permission_fixer_dag.py
[2025-05-03T00:10:46.338+0000] {logging_mixin.py:190} INFO - [2025-05-03T00:10:46.338+0000] {dag.py:3239} INFO - Sync 1 DAGs
[2025-05-03T00:10:46.345+0000] {logging_mixin.py:190} INFO - [2025-05-03T00:10:46.345+0000] {dag.py:4180} INFO - Setting next_dagrun for fix_permissions_dag to None, run_after=None
[2025-05-03T00:10:46.352+0000] {processor.py:208} INFO - Processing /opt/airflow/dags/permission_fixer_dag.py took 0.032 seconds
[2025-05-03T00:11:16.987+0000] {processor.py:186} INFO - Started process (PID=53) to work on /opt/airflow/dags/permission_fixer_dag.py
[2025-05-03T00:11:16.987+0000] {processor.py:914} INFO - Processing file /opt/airflow/dags/permission_fixer_dag.py for tasks to queue
[2025-05-03T00:11:16.988+0000] {logging_mixin.py:190} INFO - [2025-05-03T00:11:16.988+0000] {dagbag.py:588} INFO - Filling up the DagBag from /opt/airflow/dags/permission_fixer_dag.py
[2025-05-03T00:11:16.992+0000] {processor.py:925} INFO - DAG(s) 'fix_permissions_dag' retrieved from /opt/airflow/dags/permission_fixer_dag.py
[2025-05-03T00:11:17.003+0000] {logging_mixin.py:190} INFO - [2025-05-03T00:11:17.003+0000] {dag.py:3239} INFO - Sync 1 DAGs
[2025-05-03T00:11:17.009+0000] {logging_mixin.py:190} INFO - [2025-05-03T00:11:17.009+0000] {dag.py:4180} INFO - Setting next_dagrun for fix_permissions_dag to None, run_after=None
[2025-05-03T00:11:17.015+0000] {processor.py:208} INFO - Processing /opt/airflow/dags/permission_fixer_dag.py took 0.031 seconds
[2025-05-03T00:11:47.389+0000] {processor.py:186} INFO - Started process (PID=58) to work on /opt/airflow/dags/permission_fixer_dag.py
[2025-05-03T00:11:47.389+0000] {processor.py:914} INFO - Processing file /opt/airflow/dags/permission_fixer_dag.py for tasks to queue
[2025-05-03T00:11:47.389+0000] {logging_mixin.py:190} INFO - [2025-05-03T00:11:47.389+0000] {dagbag.py:588} INFO - Filling up the DagBag from /opt/airflow/dags/permission_fixer_dag.py
[2025-05-03T00:11:47.394+0000] {processor.py:925} INFO - DAG(s) 'fix_permissions_dag' retrieved from /opt/airflow/dags/permission_fixer_dag.py
[2025-05-03T00:11:47.407+0000] {logging_mixin.py:190} INFO - [2025-05-03T00:11:47.407+0000] {dag.py:3239} INFO - Sync 1 DAGs
[2025-05-03T00:11:47.414+0000] {logging_mixin.py:190} INFO - [2025-05-03T00:11:47.414+0000] {dag.py:4180} INFO - Setting next_dagrun for fix_permissions_dag to None, run_after=None
[2025-05-03T00:11:47.421+0000] {processor.py:208} INFO - Processing /opt/airflow/dags/permission_fixer_dag.py took 0.036 seconds
[2025-05-03T00:12:39.492+0000] {processor.py:186} INFO - Started process (PID=39) to work on /opt/airflow/dags/permission_fixer_dag.py
[2025-05-03T00:12:39.493+0000] {processor.py:914} INFO - Processing file /opt/airflow/dags/permission_fixer_dag.py for tasks to queue
[2025-05-03T00:12:39.494+0000] {logging_mixin.py:190} INFO - [2025-05-03T00:12:39.494+0000] {dagbag.py:588} INFO - Filling up the DagBag from /opt/airflow/dags/permission_fixer_dag.py
[2025-05-03T00:12:39.500+0000] {processor.py:925} INFO - DAG(s) 'fix_permissions_dag' retrieved from /opt/airflow/dags/permission_fixer_dag.py
[2025-05-03T00:12:39.511+0000] {logging_mixin.py:190} INFO - [2025-05-03T00:12:39.511+0000] {dag.py:3239} INFO - Sync 1 DAGs
[2025-05-03T00:12:39.527+0000] {logging_mixin.py:190} INFO - [2025-05-03T00:12:39.527+0000] {dag.py:4180} INFO - Setting next_dagrun for fix_permissions_dag to None, run_after=None
[2025-05-03T00:12:39.539+0000] {processor.py:208} INFO - Processing /opt/airflow/dags/permission_fixer_dag.py took 0.050 seconds
[2025-05-03T00:13:09.880+0000] {processor.py:186} INFO - Started process (PID=44) to work on /opt/airflow/dags/permission_fixer_dag.py
[2025-05-03T00:13:09.881+0000] {processor.py:914} INFO - Processing file /opt/airflow/dags/permission_fixer_dag.py for tasks to queue
[2025-05-03T00:13:09.881+0000] {logging_mixin.py:190} INFO - [2025-05-03T00:13:09.881+0000] {dagbag.py:588} INFO - Filling up the DagBag from /opt/airflow/dags/permission_fixer_dag.py
[2025-05-03T00:13:09.886+0000] {processor.py:925} INFO - DAG(s) 'fix_permissions_dag' retrieved from /opt/airflow/dags/permission_fixer_dag.py
[2025-05-03T00:13:09.899+0000] {logging_mixin.py:190} INFO - [2025-05-03T00:13:09.898+0000] {dag.py:3239} INFO - Sync 1 DAGs
[2025-05-03T00:13:09.907+0000] {logging_mixin.py:190} INFO - [2025-05-03T00:13:09.907+0000] {dag.py:4180} INFO - Setting next_dagrun for fix_permissions_dag to None, run_after=None
[2025-05-03T00:13:09.916+0000] {processor.py:208} INFO - Processing /opt/airflow/dags/permission_fixer_dag.py took 0.039 seconds
[2025-05-03T00:15:02.534+0000] {processor.py:186} INFO - Started process (PID=38) to work on /opt/airflow/dags/permission_fixer_dag.py
[2025-05-03T00:15:02.535+0000] {processor.py:914} INFO - Processing file /opt/airflow/dags/permission_fixer_dag.py for tasks to queue
[2025-05-03T00:15:02.535+0000] {logging_mixin.py:190} INFO - [2025-05-03T00:15:02.535+0000] {dagbag.py:588} INFO - Filling up the DagBag from /opt/airflow/dags/permission_fixer_dag.py
[2025-05-03T00:15:02.542+0000] {processor.py:925} INFO - DAG(s) 'fix_permissions_dag' retrieved from /opt/airflow/dags/permission_fixer_dag.py
[2025-05-03T00:15:02.561+0000] {logging_mixin.py:190} INFO - [2025-05-03T00:15:02.561+0000] {dag.py:3239} INFO - Sync 1 DAGs
[2025-05-03T00:15:02.569+0000] {logging_mixin.py:190} INFO - [2025-05-03T00:15:02.569+0000] {dag.py:4180} INFO - Setting next_dagrun for fix_permissions_dag to None, run_after=None
[2025-05-03T00:15:02.580+0000] {processor.py:208} INFO - Processing /opt/airflow/dags/permission_fixer_dag.py took 0.050 seconds
[2025-05-03T00:15:32.996+0000] {processor.py:186} INFO - Started process (PID=43) to work on /opt/airflow/dags/permission_fixer_dag.py
[2025-05-03T00:15:32.996+0000] {processor.py:914} INFO - Processing file /opt/airflow/dags/permission_fixer_dag.py for tasks to queue
[2025-05-03T00:15:32.997+0000] {logging_mixin.py:190} INFO - [2025-05-03T00:15:32.997+0000] {dagbag.py:588} INFO - Filling up the DagBag from /opt/airflow/dags/permission_fixer_dag.py
[2025-05-03T00:15:33.001+0000] {processor.py:925} INFO - DAG(s) 'fix_permissions_dag' retrieved from /opt/airflow/dags/permission_fixer_dag.py
[2025-05-03T00:15:33.013+0000] {logging_mixin.py:190} INFO - [2025-05-03T00:15:33.012+0000] {dag.py:3239} INFO - Sync 1 DAGs
[2025-05-03T00:15:33.020+0000] {logging_mixin.py:190} INFO - [2025-05-03T00:15:33.020+0000] {dag.py:4180} INFO - Setting next_dagrun for fix_permissions_dag to None, run_after=None
[2025-05-03T00:15:33.028+0000] {processor.py:208} INFO - Processing /opt/airflow/dags/permission_fixer_dag.py took 0.035 seconds
[2025-05-03T00:16:03.876+0000] {processor.py:186} INFO - Started process (PID=48) to work on /opt/airflow/dags/permission_fixer_dag.py
[2025-05-03T00:16:03.877+0000] {processor.py:914} INFO - Processing file /opt/airflow/dags/permission_fixer_dag.py for tasks to queue
[2025-05-03T00:16:03.878+0000] {logging_mixin.py:190} INFO - [2025-05-03T00:16:03.878+0000] {dagbag.py:588} INFO - Filling up the DagBag from /opt/airflow/dags/permission_fixer_dag.py
[2025-05-03T00:16:03.882+0000] {processor.py:925} INFO - DAG(s) 'fix_permissions_dag' retrieved from /opt/airflow/dags/permission_fixer_dag.py
[2025-05-03T00:16:03.893+0000] {logging_mixin.py:190} INFO - [2025-05-03T00:16:03.893+0000] {dag.py:3239} INFO - Sync 1 DAGs
[2025-05-03T00:16:03.898+0000] {logging_mixin.py:190} INFO - [2025-05-03T00:16:03.898+0000] {dag.py:4180} INFO - Setting next_dagrun for fix_permissions_dag to None, run_after=None
[2025-05-03T00:16:03.905+0000] {processor.py:208} INFO - Processing /opt/airflow/dags/permission_fixer_dag.py took 0.032 seconds
[2025-05-03T00:16:34.170+0000] {processor.py:186} INFO - Started process (PID=53) to work on /opt/airflow/dags/permission_fixer_dag.py
[2025-05-03T00:16:34.171+0000] {processor.py:914} INFO - Processing file /opt/airflow/dags/permission_fixer_dag.py for tasks to queue
[2025-05-03T00:16:34.172+0000] {logging_mixin.py:190} INFO - [2025-05-03T00:16:34.172+0000] {dagbag.py:588} INFO - Filling up the DagBag from /opt/airflow/dags/permission_fixer_dag.py
[2025-05-03T00:16:34.176+0000] {processor.py:925} INFO - DAG(s) 'fix_permissions_dag' retrieved from /opt/airflow/dags/permission_fixer_dag.py
[2025-05-03T00:16:34.185+0000] {logging_mixin.py:190} INFO - [2025-05-03T00:16:34.185+0000] {dag.py:3239} INFO - Sync 1 DAGs
[2025-05-03T00:16:34.191+0000] {logging_mixin.py:190} INFO - [2025-05-03T00:16:34.191+0000] {dag.py:4180} INFO - Setting next_dagrun for fix_permissions_dag to None, run_after=None
[2025-05-03T00:16:34.198+0000] {processor.py:208} INFO - Processing /opt/airflow/dags/permission_fixer_dag.py took 0.030 seconds
[2025-05-03T00:17:04.918+0000] {processor.py:186} INFO - Started process (PID=58) to work on /opt/airflow/dags/permission_fixer_dag.py
[2025-05-03T00:17:04.919+0000] {processor.py:914} INFO - Processing file /opt/airflow/dags/permission_fixer_dag.py for tasks to queue
[2025-05-03T00:17:04.919+0000] {logging_mixin.py:190} INFO - [2025-05-03T00:17:04.919+0000] {dagbag.py:588} INFO - Filling up the DagBag from /opt/airflow/dags/permission_fixer_dag.py
[2025-05-03T00:17:04.924+0000] {processor.py:925} INFO - DAG(s) 'fix_permissions_dag' retrieved from /opt/airflow/dags/permission_fixer_dag.py
[2025-05-03T00:17:04.934+0000] {logging_mixin.py:190} INFO - [2025-05-03T00:17:04.934+0000] {dag.py:3239} INFO - Sync 1 DAGs
[2025-05-03T00:17:04.940+0000] {logging_mixin.py:190} INFO - [2025-05-03T00:17:04.940+0000] {dag.py:4180} INFO - Setting next_dagrun for fix_permissions_dag to None, run_after=None
[2025-05-03T00:17:04.947+0000] {processor.py:208} INFO - Processing /opt/airflow/dags/permission_fixer_dag.py took 0.031 seconds
[2025-05-03T00:17:35.339+0000] {processor.py:186} INFO - Started process (PID=63) to work on /opt/airflow/dags/permission_fixer_dag.py
[2025-05-03T00:17:35.339+0000] {processor.py:914} INFO - Processing file /opt/airflow/dags/permission_fixer_dag.py for tasks to queue
[2025-05-03T00:17:35.340+0000] {logging_mixin.py:190} INFO - [2025-05-03T00:17:35.340+0000] {dagbag.py:588} INFO - Filling up the DagBag from /opt/airflow/dags/permission_fixer_dag.py
[2025-05-03T00:17:35.344+0000] {processor.py:925} INFO - DAG(s) 'fix_permissions_dag' retrieved from /opt/airflow/dags/permission_fixer_dag.py
[2025-05-03T00:17:35.356+0000] {logging_mixin.py:190} INFO - [2025-05-03T00:17:35.356+0000] {dag.py:3239} INFO - Sync 1 DAGs
[2025-05-03T00:17:35.363+0000] {logging_mixin.py:190} INFO - [2025-05-03T00:17:35.363+0000] {dag.py:4180} INFO - Setting next_dagrun for fix_permissions_dag to None, run_after=None
[2025-05-03T00:17:35.371+0000] {processor.py:208} INFO - Processing /opt/airflow/dags/permission_fixer_dag.py took 0.035 seconds
[2025-05-03T00:18:06.214+0000] {processor.py:186} INFO - Started process (PID=68) to work on /opt/airflow/dags/permission_fixer_dag.py
[2025-05-03T00:18:06.214+0000] {processor.py:914} INFO - Processing file /opt/airflow/dags/permission_fixer_dag.py for tasks to queue
[2025-05-03T00:18:06.215+0000] {logging_mixin.py:190} INFO - [2025-05-03T00:18:06.215+0000] {dagbag.py:588} INFO - Filling up the DagBag from /opt/airflow/dags/permission_fixer_dag.py
[2025-05-03T00:18:06.219+0000] {processor.py:925} INFO - DAG(s) 'fix_permissions_dag' retrieved from /opt/airflow/dags/permission_fixer_dag.py
[2025-05-03T00:18:06.229+0000] {logging_mixin.py:190} INFO - [2025-05-03T00:18:06.229+0000] {dag.py:3239} INFO - Sync 1 DAGs
[2025-05-03T00:18:06.235+0000] {logging_mixin.py:190} INFO - [2025-05-03T00:18:06.235+0000] {dag.py:4180} INFO - Setting next_dagrun for fix_permissions_dag to None, run_after=None
[2025-05-03T00:18:06.242+0000] {processor.py:208} INFO - Processing /opt/airflow/dags/permission_fixer_dag.py took 0.031 seconds
[2025-05-03T00:18:36.990+0000] {processor.py:186} INFO - Started process (PID=73) to work on /opt/airflow/dags/permission_fixer_dag.py
[2025-05-03T00:18:36.990+0000] {processor.py:914} INFO - Processing file /opt/airflow/dags/permission_fixer_dag.py for tasks to queue
[2025-05-03T00:18:36.991+0000] {logging_mixin.py:190} INFO - [2025-05-03T00:18:36.991+0000] {dagbag.py:588} INFO - Filling up the DagBag from /opt/airflow/dags/permission_fixer_dag.py
[2025-05-03T00:18:36.996+0000] {processor.py:925} INFO - DAG(s) 'fix_permissions_dag' retrieved from /opt/airflow/dags/permission_fixer_dag.py
[2025-05-03T00:18:37.008+0000] {logging_mixin.py:190} INFO - [2025-05-03T00:18:37.008+0000] {dag.py:3239} INFO - Sync 1 DAGs
[2025-05-03T00:18:37.014+0000] {logging_mixin.py:190} INFO - [2025-05-03T00:18:37.014+0000] {dag.py:4180} INFO - Setting next_dagrun for fix_permissions_dag to None, run_after=None
[2025-05-03T00:18:37.021+0000] {processor.py:208} INFO - Processing /opt/airflow/dags/permission_fixer_dag.py took 0.034 seconds
[2025-05-03T00:19:07.752+0000] {processor.py:186} INFO - Started process (PID=78) to work on /opt/airflow/dags/permission_fixer_dag.py
[2025-05-03T00:19:07.753+0000] {processor.py:914} INFO - Processing file /opt/airflow/dags/permission_fixer_dag.py for tasks to queue
[2025-05-03T00:19:07.753+0000] {logging_mixin.py:190} INFO - [2025-05-03T00:19:07.753+0000] {dagbag.py:588} INFO - Filling up the DagBag from /opt/airflow/dags/permission_fixer_dag.py
[2025-05-03T00:19:07.758+0000] {processor.py:925} INFO - DAG(s) 'fix_permissions_dag' retrieved from /opt/airflow/dags/permission_fixer_dag.py
[2025-05-03T00:19:07.768+0000] {logging_mixin.py:190} INFO - [2025-05-03T00:19:07.768+0000] {dag.py:3239} INFO - Sync 1 DAGs
[2025-05-03T00:19:07.774+0000] {logging_mixin.py:190} INFO - [2025-05-03T00:19:07.774+0000] {dag.py:4180} INFO - Setting next_dagrun for fix_permissions_dag to None, run_after=None
[2025-05-03T00:19:07.780+0000] {processor.py:208} INFO - Processing /opt/airflow/dags/permission_fixer_dag.py took 0.032 seconds
[2025-05-03T00:19:38.462+0000] {processor.py:186} INFO - Started process (PID=83) to work on /opt/airflow/dags/permission_fixer_dag.py
[2025-05-03T00:19:38.462+0000] {processor.py:914} INFO - Processing file /opt/airflow/dags/permission_fixer_dag.py for tasks to queue
[2025-05-03T00:19:38.463+0000] {logging_mixin.py:190} INFO - [2025-05-03T00:19:38.463+0000] {dagbag.py:588} INFO - Filling up the DagBag from /opt/airflow/dags/permission_fixer_dag.py
[2025-05-03T00:19:38.468+0000] {processor.py:925} INFO - DAG(s) 'fix_permissions_dag' retrieved from /opt/airflow/dags/permission_fixer_dag.py
[2025-05-03T00:19:38.478+0000] {logging_mixin.py:190} INFO - [2025-05-03T00:19:38.478+0000] {dag.py:3239} INFO - Sync 1 DAGs
[2025-05-03T00:19:38.484+0000] {logging_mixin.py:190} INFO - [2025-05-03T00:19:38.484+0000] {dag.py:4180} INFO - Setting next_dagrun for fix_permissions_dag to None, run_after=None
[2025-05-03T00:19:38.491+0000] {processor.py:208} INFO - Processing /opt/airflow/dags/permission_fixer_dag.py took 0.033 seconds
[2025-05-03T00:20:08.983+0000] {processor.py:186} INFO - Started process (PID=88) to work on /opt/airflow/dags/permission_fixer_dag.py
[2025-05-03T00:20:08.984+0000] {processor.py:914} INFO - Processing file /opt/airflow/dags/permission_fixer_dag.py for tasks to queue
[2025-05-03T00:20:08.985+0000] {logging_mixin.py:190} INFO - [2025-05-03T00:20:08.984+0000] {dagbag.py:588} INFO - Filling up the DagBag from /opt/airflow/dags/permission_fixer_dag.py
[2025-05-03T00:20:08.989+0000] {processor.py:925} INFO - DAG(s) 'fix_permissions_dag' retrieved from /opt/airflow/dags/permission_fixer_dag.py
[2025-05-03T00:20:09.002+0000] {logging_mixin.py:190} INFO - [2025-05-03T00:20:09.002+0000] {dag.py:3239} INFO - Sync 1 DAGs
[2025-05-03T00:20:09.008+0000] {logging_mixin.py:190} INFO - [2025-05-03T00:20:09.008+0000] {dag.py:4180} INFO - Setting next_dagrun for fix_permissions_dag to None, run_after=None
[2025-05-03T00:20:09.017+0000] {processor.py:208} INFO - Processing /opt/airflow/dags/permission_fixer_dag.py took 0.037 seconds
[2025-05-03T00:20:39.680+0000] {processor.py:186} INFO - Started process (PID=93) to work on /opt/airflow/dags/permission_fixer_dag.py
[2025-05-03T00:20:39.680+0000] {processor.py:914} INFO - Processing file /opt/airflow/dags/permission_fixer_dag.py for tasks to queue
[2025-05-03T00:20:39.681+0000] {logging_mixin.py:190} INFO - [2025-05-03T00:20:39.681+0000] {dagbag.py:588} INFO - Filling up the DagBag from /opt/airflow/dags/permission_fixer_dag.py
[2025-05-03T00:20:39.686+0000] {processor.py:925} INFO - DAG(s) 'fix_permissions_dag' retrieved from /opt/airflow/dags/permission_fixer_dag.py
[2025-05-03T00:20:39.698+0000] {logging_mixin.py:190} INFO - [2025-05-03T00:20:39.698+0000] {dag.py:3239} INFO - Sync 1 DAGs
[2025-05-03T00:20:39.706+0000] {logging_mixin.py:190} INFO - [2025-05-03T00:20:39.705+0000] {dag.py:4180} INFO - Setting next_dagrun for fix_permissions_dag to None, run_after=None
[2025-05-03T00:20:39.716+0000] {processor.py:208} INFO - Processing /opt/airflow/dags/permission_fixer_dag.py took 0.040 seconds
[2025-05-03T00:21:10.276+0000] {processor.py:186} INFO - Started process (PID=98) to work on /opt/airflow/dags/permission_fixer_dag.py
[2025-05-03T00:21:10.277+0000] {processor.py:914} INFO - Processing file /opt/airflow/dags/permission_fixer_dag.py for tasks to queue
[2025-05-03T00:21:10.277+0000] {logging_mixin.py:190} INFO - [2025-05-03T00:21:10.277+0000] {dagbag.py:588} INFO - Filling up the DagBag from /opt/airflow/dags/permission_fixer_dag.py
[2025-05-03T00:21:10.282+0000] {processor.py:925} INFO - DAG(s) 'fix_permissions_dag' retrieved from /opt/airflow/dags/permission_fixer_dag.py
[2025-05-03T00:21:10.295+0000] {logging_mixin.py:190} INFO - [2025-05-03T00:21:10.295+0000] {dag.py:3239} INFO - Sync 1 DAGs
[2025-05-03T00:21:10.302+0000] {logging_mixin.py:190} INFO - [2025-05-03T00:21:10.302+0000] {dag.py:4180} INFO - Setting next_dagrun for fix_permissions_dag to None, run_after=None
[2025-05-03T00:21:10.312+0000] {processor.py:208} INFO - Processing /opt/airflow/dags/permission_fixer_dag.py took 0.039 seconds
[2025-05-03T00:21:41.144+0000] {processor.py:186} INFO - Started process (PID=103) to work on /opt/airflow/dags/permission_fixer_dag.py
[2025-05-03T00:21:41.145+0000] {processor.py:914} INFO - Processing file /opt/airflow/dags/permission_fixer_dag.py for tasks to queue
[2025-05-03T00:21:41.146+0000] {logging_mixin.py:190} INFO - [2025-05-03T00:21:41.145+0000] {dagbag.py:588} INFO - Filling up the DagBag from /opt/airflow/dags/permission_fixer_dag.py
[2025-05-03T00:21:41.151+0000] {processor.py:925} INFO - DAG(s) 'fix_permissions_dag' retrieved from /opt/airflow/dags/permission_fixer_dag.py
[2025-05-03T00:21:41.163+0000] {logging_mixin.py:190} INFO - [2025-05-03T00:21:41.162+0000] {dag.py:3239} INFO - Sync 1 DAGs
[2025-05-03T00:21:41.170+0000] {logging_mixin.py:190} INFO - [2025-05-03T00:21:41.170+0000] {dag.py:4180} INFO - Setting next_dagrun for fix_permissions_dag to None, run_after=None
[2025-05-03T00:21:41.178+0000] {processor.py:208} INFO - Processing /opt/airflow/dags/permission_fixer_dag.py took 0.037 seconds
[2025-05-03T00:22:11.761+0000] {processor.py:186} INFO - Started process (PID=108) to work on /opt/airflow/dags/permission_fixer_dag.py
[2025-05-03T00:22:11.761+0000] {processor.py:914} INFO - Processing file /opt/airflow/dags/permission_fixer_dag.py for tasks to queue
[2025-05-03T00:22:11.762+0000] {logging_mixin.py:190} INFO - [2025-05-03T00:22:11.762+0000] {dagbag.py:588} INFO - Filling up the DagBag from /opt/airflow/dags/permission_fixer_dag.py
[2025-05-03T00:22:11.766+0000] {processor.py:925} INFO - DAG(s) 'fix_permissions_dag' retrieved from /opt/airflow/dags/permission_fixer_dag.py
[2025-05-03T00:22:11.776+0000] {logging_mixin.py:190} INFO - [2025-05-03T00:22:11.776+0000] {dag.py:3239} INFO - Sync 1 DAGs
[2025-05-03T00:22:11.782+0000] {logging_mixin.py:190} INFO - [2025-05-03T00:22:11.782+0000] {dag.py:4180} INFO - Setting next_dagrun for fix_permissions_dag to None, run_after=None
[2025-05-03T00:22:11.789+0000] {processor.py:208} INFO - Processing /opt/airflow/dags/permission_fixer_dag.py took 0.031 seconds
[2025-05-03T00:22:42.177+0000] {processor.py:186} INFO - Started process (PID=113) to work on /opt/airflow/dags/permission_fixer_dag.py
[2025-05-03T00:22:42.178+0000] {processor.py:914} INFO - Processing file /opt/airflow/dags/permission_fixer_dag.py for tasks to queue
[2025-05-03T00:22:42.178+0000] {logging_mixin.py:190} INFO - [2025-05-03T00:22:42.178+0000] {dagbag.py:588} INFO - Filling up the DagBag from /opt/airflow/dags/permission_fixer_dag.py
[2025-05-03T00:22:42.182+0000] {processor.py:925} INFO - DAG(s) 'fix_permissions_dag' retrieved from /opt/airflow/dags/permission_fixer_dag.py
[2025-05-03T00:22:42.192+0000] {logging_mixin.py:190} INFO - [2025-05-03T00:22:42.191+0000] {dag.py:3239} INFO - Sync 1 DAGs
[2025-05-03T00:22:42.197+0000] {logging_mixin.py:190} INFO - [2025-05-03T00:22:42.197+0000] {dag.py:4180} INFO - Setting next_dagrun for fix_permissions_dag to None, run_after=None
[2025-05-03T00:22:42.203+0000] {processor.py:208} INFO - Processing /opt/airflow/dags/permission_fixer_dag.py took 0.029 seconds
[2025-05-03T00:23:51.199+0000] {processor.py:186} INFO - Started process (PID=38) to work on /opt/airflow/dags/permission_fixer_dag.py
[2025-05-03T00:23:51.200+0000] {processor.py:914} INFO - Processing file /opt/airflow/dags/permission_fixer_dag.py for tasks to queue
[2025-05-03T00:23:51.201+0000] {logging_mixin.py:190} INFO - [2025-05-03T00:23:51.200+0000] {dagbag.py:588} INFO - Filling up the DagBag from /opt/airflow/dags/permission_fixer_dag.py
[2025-05-03T00:23:51.207+0000] {processor.py:925} INFO - DAG(s) 'fix_permissions_dag' retrieved from /opt/airflow/dags/permission_fixer_dag.py
[2025-05-03T00:23:51.223+0000] {logging_mixin.py:190} INFO - [2025-05-03T00:23:51.223+0000] {dag.py:3239} INFO - Sync 1 DAGs
[2025-05-03T00:23:51.230+0000] {logging_mixin.py:190} INFO - [2025-05-03T00:23:51.230+0000] {dag.py:4180} INFO - Setting next_dagrun for fix_permissions_dag to None, run_after=None
[2025-05-03T00:23:51.243+0000] {processor.py:208} INFO - Processing /opt/airflow/dags/permission_fixer_dag.py took 0.047 seconds
[2025-05-03T00:24:21.602+0000] {processor.py:186} INFO - Started process (PID=43) to work on /opt/airflow/dags/permission_fixer_dag.py
[2025-05-03T00:24:21.603+0000] {processor.py:914} INFO - Processing file /opt/airflow/dags/permission_fixer_dag.py for tasks to queue
[2025-05-03T00:24:21.603+0000] {logging_mixin.py:190} INFO - [2025-05-03T00:24:21.603+0000] {dagbag.py:588} INFO - Filling up the DagBag from /opt/airflow/dags/permission_fixer_dag.py
[2025-05-03T00:24:21.608+0000] {processor.py:925} INFO - DAG(s) 'fix_permissions_dag' retrieved from /opt/airflow/dags/permission_fixer_dag.py
[2025-05-03T00:24:21.619+0000] {logging_mixin.py:190} INFO - [2025-05-03T00:24:21.619+0000] {dag.py:3239} INFO - Sync 1 DAGs
[2025-05-03T00:24:21.626+0000] {logging_mixin.py:190} INFO - [2025-05-03T00:24:21.626+0000] {dag.py:4180} INFO - Setting next_dagrun for fix_permissions_dag to None, run_after=None
[2025-05-03T00:24:21.633+0000] {processor.py:208} INFO - Processing /opt/airflow/dags/permission_fixer_dag.py took 0.034 seconds
[2025-05-03T00:24:52.087+0000] {processor.py:186} INFO - Started process (PID=48) to work on /opt/airflow/dags/permission_fixer_dag.py
[2025-05-03T00:24:52.088+0000] {processor.py:914} INFO - Processing file /opt/airflow/dags/permission_fixer_dag.py for tasks to queue
[2025-05-03T00:24:52.088+0000] {logging_mixin.py:190} INFO - [2025-05-03T00:24:52.088+0000] {dagbag.py:588} INFO - Filling up the DagBag from /opt/airflow/dags/permission_fixer_dag.py
[2025-05-03T00:24:52.093+0000] {processor.py:925} INFO - DAG(s) 'fix_permissions_dag' retrieved from /opt/airflow/dags/permission_fixer_dag.py
[2025-05-03T00:24:52.105+0000] {logging_mixin.py:190} INFO - [2025-05-03T00:24:52.105+0000] {dag.py:3239} INFO - Sync 1 DAGs
[2025-05-03T00:24:52.112+0000] {logging_mixin.py:190} INFO - [2025-05-03T00:24:52.112+0000] {dag.py:4180} INFO - Setting next_dagrun for fix_permissions_dag to None, run_after=None
[2025-05-03T00:24:52.120+0000] {processor.py:208} INFO - Processing /opt/airflow/dags/permission_fixer_dag.py took 0.036 seconds
[2025-05-03T00:25:22.619+0000] {processor.py:186} INFO - Started process (PID=53) to work on /opt/airflow/dags/permission_fixer_dag.py
[2025-05-03T00:25:22.619+0000] {processor.py:914} INFO - Processing file /opt/airflow/dags/permission_fixer_dag.py for tasks to queue
[2025-05-03T00:25:22.619+0000] {logging_mixin.py:190} INFO - [2025-05-03T00:25:22.619+0000] {dagbag.py:588} INFO - Filling up the DagBag from /opt/airflow/dags/permission_fixer_dag.py
[2025-05-03T00:25:22.624+0000] {processor.py:925} INFO - DAG(s) 'fix_permissions_dag' retrieved from /opt/airflow/dags/permission_fixer_dag.py
[2025-05-03T00:25:22.634+0000] {logging_mixin.py:190} INFO - [2025-05-03T00:25:22.634+0000] {dag.py:3239} INFO - Sync 1 DAGs
[2025-05-03T00:25:22.640+0000] {logging_mixin.py:190} INFO - [2025-05-03T00:25:22.640+0000] {dag.py:4180} INFO - Setting next_dagrun for fix_permissions_dag to None, run_after=None
[2025-05-03T00:25:22.648+0000] {processor.py:208} INFO - Processing /opt/airflow/dags/permission_fixer_dag.py took 0.032 seconds
[2025-05-03T00:25:53.354+0000] {processor.py:186} INFO - Started process (PID=58) to work on /opt/airflow/dags/permission_fixer_dag.py
[2025-05-03T00:25:53.355+0000] {processor.py:914} INFO - Processing file /opt/airflow/dags/permission_fixer_dag.py for tasks to queue
[2025-05-03T00:25:53.355+0000] {logging_mixin.py:190} INFO - [2025-05-03T00:25:53.355+0000] {dagbag.py:588} INFO - Filling up the DagBag from /opt/airflow/dags/permission_fixer_dag.py
[2025-05-03T00:25:53.361+0000] {processor.py:925} INFO - DAG(s) 'fix_permissions_dag' retrieved from /opt/airflow/dags/permission_fixer_dag.py
[2025-05-03T00:25:53.370+0000] {logging_mixin.py:190} INFO - [2025-05-03T00:25:53.370+0000] {dag.py:3239} INFO - Sync 1 DAGs
[2025-05-03T00:25:53.376+0000] {logging_mixin.py:190} INFO - [2025-05-03T00:25:53.376+0000] {dag.py:4180} INFO - Setting next_dagrun for fix_permissions_dag to None, run_after=None
[2025-05-03T00:25:53.383+0000] {processor.py:208} INFO - Processing /opt/airflow/dags/permission_fixer_dag.py took 0.032 seconds
[2025-05-03T00:26:23.946+0000] {processor.py:186} INFO - Started process (PID=63) to work on /opt/airflow/dags/permission_fixer_dag.py
[2025-05-03T00:26:23.947+0000] {processor.py:914} INFO - Processing file /opt/airflow/dags/permission_fixer_dag.py for tasks to queue
[2025-05-03T00:26:23.947+0000] {logging_mixin.py:190} INFO - [2025-05-03T00:26:23.947+0000] {dagbag.py:588} INFO - Filling up the DagBag from /opt/airflow/dags/permission_fixer_dag.py
[2025-05-03T00:26:23.952+0000] {processor.py:925} INFO - DAG(s) 'fix_permissions_dag' retrieved from /opt/airflow/dags/permission_fixer_dag.py
[2025-05-03T00:26:23.962+0000] {logging_mixin.py:190} INFO - [2025-05-03T00:26:23.962+0000] {dag.py:3239} INFO - Sync 1 DAGs
[2025-05-03T00:26:23.968+0000] {logging_mixin.py:190} INFO - [2025-05-03T00:26:23.967+0000] {dag.py:4180} INFO - Setting next_dagrun for fix_permissions_dag to None, run_after=None
[2025-05-03T00:26:23.975+0000] {processor.py:208} INFO - Processing /opt/airflow/dags/permission_fixer_dag.py took 0.031 seconds
[2025-05-03T00:26:54.615+0000] {processor.py:186} INFO - Started process (PID=68) to work on /opt/airflow/dags/permission_fixer_dag.py
[2025-05-03T00:26:54.616+0000] {processor.py:914} INFO - Processing file /opt/airflow/dags/permission_fixer_dag.py for tasks to queue
[2025-05-03T00:26:54.616+0000] {logging_mixin.py:190} INFO - [2025-05-03T00:26:54.616+0000] {dagbag.py:588} INFO - Filling up the DagBag from /opt/airflow/dags/permission_fixer_dag.py
[2025-05-03T00:26:54.621+0000] {processor.py:925} INFO - DAG(s) 'fix_permissions_dag' retrieved from /opt/airflow/dags/permission_fixer_dag.py
[2025-05-03T00:26:54.632+0000] {logging_mixin.py:190} INFO - [2025-05-03T00:26:54.632+0000] {dag.py:3239} INFO - Sync 1 DAGs
[2025-05-03T00:26:54.640+0000] {logging_mixin.py:190} INFO - [2025-05-03T00:26:54.640+0000] {dag.py:4180} INFO - Setting next_dagrun for fix_permissions_dag to None, run_after=None
[2025-05-03T00:26:54.650+0000] {processor.py:208} INFO - Processing /opt/airflow/dags/permission_fixer_dag.py took 0.038 seconds
[2025-05-03T00:27:25.367+0000] {processor.py:186} INFO - Started process (PID=73) to work on /opt/airflow/dags/permission_fixer_dag.py
[2025-05-03T00:27:25.367+0000] {processor.py:914} INFO - Processing file /opt/airflow/dags/permission_fixer_dag.py for tasks to queue
[2025-05-03T00:27:25.368+0000] {logging_mixin.py:190} INFO - [2025-05-03T00:27:25.368+0000] {dagbag.py:588} INFO - Filling up the DagBag from /opt/airflow/dags/permission_fixer_dag.py
[2025-05-03T00:27:25.373+0000] {processor.py:925} INFO - DAG(s) 'fix_permissions_dag' retrieved from /opt/airflow/dags/permission_fixer_dag.py
[2025-05-03T00:27:25.382+0000] {logging_mixin.py:190} INFO - [2025-05-03T00:27:25.382+0000] {dag.py:3239} INFO - Sync 1 DAGs
[2025-05-03T00:27:25.388+0000] {logging_mixin.py:190} INFO - [2025-05-03T00:27:25.388+0000] {dag.py:4180} INFO - Setting next_dagrun for fix_permissions_dag to None, run_after=None
[2025-05-03T00:27:25.395+0000] {processor.py:208} INFO - Processing /opt/airflow/dags/permission_fixer_dag.py took 0.031 seconds
[2025-05-03T00:27:56.142+0000] {processor.py:186} INFO - Started process (PID=78) to work on /opt/airflow/dags/permission_fixer_dag.py
[2025-05-03T00:27:56.143+0000] {processor.py:914} INFO - Processing file /opt/airflow/dags/permission_fixer_dag.py for tasks to queue
[2025-05-03T00:27:56.143+0000] {logging_mixin.py:190} INFO - [2025-05-03T00:27:56.143+0000] {dagbag.py:588} INFO - Filling up the DagBag from /opt/airflow/dags/permission_fixer_dag.py
[2025-05-03T00:27:56.148+0000] {processor.py:925} INFO - DAG(s) 'fix_permissions_dag' retrieved from /opt/airflow/dags/permission_fixer_dag.py
[2025-05-03T00:27:56.161+0000] {logging_mixin.py:190} INFO - [2025-05-03T00:27:56.161+0000] {dag.py:3239} INFO - Sync 1 DAGs
[2025-05-03T00:27:56.168+0000] {logging_mixin.py:190} INFO - [2025-05-03T00:27:56.168+0000] {dag.py:4180} INFO - Setting next_dagrun for fix_permissions_dag to None, run_after=None
[2025-05-03T00:27:56.178+0000] {processor.py:208} INFO - Processing /opt/airflow/dags/permission_fixer_dag.py took 0.039 seconds
[2025-05-03T00:28:26.619+0000] {processor.py:186} INFO - Started process (PID=83) to work on /opt/airflow/dags/permission_fixer_dag.py
[2025-05-03T00:28:26.619+0000] {processor.py:914} INFO - Processing file /opt/airflow/dags/permission_fixer_dag.py for tasks to queue
[2025-05-03T00:28:26.619+0000] {logging_mixin.py:190} INFO - [2025-05-03T00:28:26.619+0000] {dagbag.py:588} INFO - Filling up the DagBag from /opt/airflow/dags/permission_fixer_dag.py
[2025-05-03T00:28:26.623+0000] {processor.py:925} INFO - DAG(s) 'fix_permissions_dag' retrieved from /opt/airflow/dags/permission_fixer_dag.py
[2025-05-03T00:28:26.632+0000] {logging_mixin.py:190} INFO - [2025-05-03T00:28:26.631+0000] {dag.py:3239} INFO - Sync 1 DAGs
[2025-05-03T00:28:26.637+0000] {logging_mixin.py:190} INFO - [2025-05-03T00:28:26.637+0000] {dag.py:4180} INFO - Setting next_dagrun for fix_permissions_dag to None, run_after=None
[2025-05-03T00:28:26.643+0000] {processor.py:208} INFO - Processing /opt/airflow/dags/permission_fixer_dag.py took 0.028 seconds
[2025-05-03T00:29:28.217+0000] {processor.py:186} INFO - Started process (PID=38) to work on /opt/airflow/dags/permission_fixer_dag.py
[2025-05-03T00:29:28.218+0000] {processor.py:914} INFO - Processing file /opt/airflow/dags/permission_fixer_dag.py for tasks to queue
[2025-05-03T00:29:28.219+0000] {logging_mixin.py:190} INFO - [2025-05-03T00:29:28.219+0000] {dagbag.py:588} INFO - Filling up the DagBag from /opt/airflow/dags/permission_fixer_dag.py
[2025-05-03T00:29:28.230+0000] {processor.py:925} INFO - DAG(s) 'fix_permissions_dag' retrieved from /opt/airflow/dags/permission_fixer_dag.py
[2025-05-03T00:29:28.244+0000] {logging_mixin.py:190} INFO - [2025-05-03T00:29:28.244+0000] {dag.py:3239} INFO - Sync 1 DAGs
[2025-05-03T00:29:28.251+0000] {logging_mixin.py:190} INFO - [2025-05-03T00:29:28.251+0000] {dag.py:4180} INFO - Setting next_dagrun for fix_permissions_dag to None, run_after=None
[2025-05-03T00:29:28.261+0000] {processor.py:208} INFO - Processing /opt/airflow/dags/permission_fixer_dag.py took 0.047 seconds
[2025-05-03T00:29:58.882+0000] {processor.py:186} INFO - Started process (PID=43) to work on /opt/airflow/dags/permission_fixer_dag.py
[2025-05-03T00:29:58.883+0000] {processor.py:914} INFO - Processing file /opt/airflow/dags/permission_fixer_dag.py for tasks to queue
[2025-05-03T00:29:58.884+0000] {logging_mixin.py:190} INFO - [2025-05-03T00:29:58.883+0000] {dagbag.py:588} INFO - Filling up the DagBag from /opt/airflow/dags/permission_fixer_dag.py
[2025-05-03T00:29:58.891+0000] {processor.py:925} INFO - DAG(s) 'fix_permissions_dag' retrieved from /opt/airflow/dags/permission_fixer_dag.py
[2025-05-03T00:29:58.902+0000] {logging_mixin.py:190} INFO - [2025-05-03T00:29:58.902+0000] {dag.py:3239} INFO - Sync 1 DAGs
[2025-05-03T00:29:58.910+0000] {logging_mixin.py:190} INFO - [2025-05-03T00:29:58.909+0000] {dag.py:4180} INFO - Setting next_dagrun for fix_permissions_dag to None, run_after=None
[2025-05-03T00:29:58.918+0000] {processor.py:208} INFO - Processing /opt/airflow/dags/permission_fixer_dag.py took 0.039 seconds
[2025-05-03T00:30:29.435+0000] {processor.py:186} INFO - Started process (PID=48) to work on /opt/airflow/dags/permission_fixer_dag.py
[2025-05-03T00:30:29.435+0000] {processor.py:914} INFO - Processing file /opt/airflow/dags/permission_fixer_dag.py for tasks to queue
[2025-05-03T00:30:29.436+0000] {logging_mixin.py:190} INFO - [2025-05-03T00:30:29.436+0000] {dagbag.py:588} INFO - Filling up the DagBag from /opt/airflow/dags/permission_fixer_dag.py
[2025-05-03T00:30:29.441+0000] {processor.py:925} INFO - DAG(s) 'fix_permissions_dag' retrieved from /opt/airflow/dags/permission_fixer_dag.py
[2025-05-03T00:30:29.452+0000] {logging_mixin.py:190} INFO - [2025-05-03T00:30:29.452+0000] {dag.py:3239} INFO - Sync 1 DAGs
[2025-05-03T00:30:29.459+0000] {logging_mixin.py:190} INFO - [2025-05-03T00:30:29.459+0000] {dag.py:4180} INFO - Setting next_dagrun for fix_permissions_dag to None, run_after=None
[2025-05-03T00:30:29.465+0000] {processor.py:208} INFO - Processing /opt/airflow/dags/permission_fixer_dag.py took 0.034 seconds
[2025-05-03T00:31:00.087+0000] {processor.py:186} INFO - Started process (PID=53) to work on /opt/airflow/dags/permission_fixer_dag.py
[2025-05-03T00:31:00.087+0000] {processor.py:914} INFO - Processing file /opt/airflow/dags/permission_fixer_dag.py for tasks to queue
[2025-05-03T00:31:00.087+0000] {logging_mixin.py:190} INFO - [2025-05-03T00:31:00.087+0000] {dagbag.py:588} INFO - Filling up the DagBag from /opt/airflow/dags/permission_fixer_dag.py
[2025-05-03T00:31:00.091+0000] {processor.py:925} INFO - DAG(s) 'fix_permissions_dag' retrieved from /opt/airflow/dags/permission_fixer_dag.py
[2025-05-03T00:31:00.101+0000] {logging_mixin.py:190} INFO - [2025-05-03T00:31:00.101+0000] {dag.py:3239} INFO - Sync 1 DAGs
[2025-05-03T00:31:00.106+0000] {logging_mixin.py:190} INFO - [2025-05-03T00:31:00.106+0000] {dag.py:4180} INFO - Setting next_dagrun for fix_permissions_dag to None, run_after=None
[2025-05-03T00:31:00.113+0000] {processor.py:208} INFO - Processing /opt/airflow/dags/permission_fixer_dag.py took 0.029 seconds
[2025-05-03T00:31:30.525+0000] {processor.py:186} INFO - Started process (PID=58) to work on /opt/airflow/dags/permission_fixer_dag.py
[2025-05-03T00:31:30.526+0000] {processor.py:914} INFO - Processing file /opt/airflow/dags/permission_fixer_dag.py for tasks to queue
[2025-05-03T00:31:30.526+0000] {logging_mixin.py:190} INFO - [2025-05-03T00:31:30.526+0000] {dagbag.py:588} INFO - Filling up the DagBag from /opt/airflow/dags/permission_fixer_dag.py
[2025-05-03T00:31:30.530+0000] {processor.py:925} INFO - DAG(s) 'fix_permissions_dag' retrieved from /opt/airflow/dags/permission_fixer_dag.py
[2025-05-03T00:31:30.541+0000] {logging_mixin.py:190} INFO - [2025-05-03T00:31:30.541+0000] {dag.py:3239} INFO - Sync 1 DAGs
[2025-05-03T00:31:30.548+0000] {logging_mixin.py:190} INFO - [2025-05-03T00:31:30.548+0000] {dag.py:4180} INFO - Setting next_dagrun for fix_permissions_dag to None, run_after=None
[2025-05-03T00:31:30.556+0000] {processor.py:208} INFO - Processing /opt/airflow/dags/permission_fixer_dag.py took 0.034 seconds
[2025-05-03T00:32:01.063+0000] {processor.py:186} INFO - Started process (PID=63) to work on /opt/airflow/dags/permission_fixer_dag.py
[2025-05-03T00:32:01.064+0000] {processor.py:914} INFO - Processing file /opt/airflow/dags/permission_fixer_dag.py for tasks to queue
[2025-05-03T00:32:01.064+0000] {logging_mixin.py:190} INFO - [2025-05-03T00:32:01.064+0000] {dagbag.py:588} INFO - Filling up the DagBag from /opt/airflow/dags/permission_fixer_dag.py
[2025-05-03T00:32:01.068+0000] {processor.py:925} INFO - DAG(s) 'fix_permissions_dag' retrieved from /opt/airflow/dags/permission_fixer_dag.py
[2025-05-03T00:32:01.078+0000] {logging_mixin.py:190} INFO - [2025-05-03T00:32:01.078+0000] {dag.py:3239} INFO - Sync 1 DAGs
[2025-05-03T00:32:01.084+0000] {logging_mixin.py:190} INFO - [2025-05-03T00:32:01.084+0000] {dag.py:4180} INFO - Setting next_dagrun for fix_permissions_dag to None, run_after=None
[2025-05-03T00:32:01.091+0000] {processor.py:208} INFO - Processing /opt/airflow/dags/permission_fixer_dag.py took 0.031 seconds
[2025-05-03T00:32:31.735+0000] {processor.py:186} INFO - Started process (PID=68) to work on /opt/airflow/dags/permission_fixer_dag.py
[2025-05-03T00:32:31.736+0000] {processor.py:914} INFO - Processing file /opt/airflow/dags/permission_fixer_dag.py for tasks to queue
[2025-05-03T00:32:31.736+0000] {logging_mixin.py:190} INFO - [2025-05-03T00:32:31.736+0000] {dagbag.py:588} INFO - Filling up the DagBag from /opt/airflow/dags/permission_fixer_dag.py
[2025-05-03T00:32:31.740+0000] {processor.py:925} INFO - DAG(s) 'fix_permissions_dag' retrieved from /opt/airflow/dags/permission_fixer_dag.py
[2025-05-03T00:32:31.751+0000] {logging_mixin.py:190} INFO - [2025-05-03T00:32:31.751+0000] {dag.py:3239} INFO - Sync 1 DAGs
[2025-05-03T00:32:31.758+0000] {logging_mixin.py:190} INFO - [2025-05-03T00:32:31.758+0000] {dag.py:4180} INFO - Setting next_dagrun for fix_permissions_dag to None, run_after=None
[2025-05-03T00:32:31.765+0000] {processor.py:208} INFO - Processing /opt/airflow/dags/permission_fixer_dag.py took 0.033 seconds
[2025-05-03T00:33:02.686+0000] {processor.py:186} INFO - Started process (PID=73) to work on /opt/airflow/dags/permission_fixer_dag.py
[2025-05-03T00:33:02.687+0000] {processor.py:914} INFO - Processing file /opt/airflow/dags/permission_fixer_dag.py for tasks to queue
[2025-05-03T00:33:02.688+0000] {logging_mixin.py:190} INFO - [2025-05-03T00:33:02.688+0000] {dagbag.py:588} INFO - Filling up the DagBag from /opt/airflow/dags/permission_fixer_dag.py
[2025-05-03T00:33:02.692+0000] {processor.py:925} INFO - DAG(s) 'fix_permissions_dag' retrieved from /opt/airflow/dags/permission_fixer_dag.py
[2025-05-03T00:33:02.702+0000] {logging_mixin.py:190} INFO - [2025-05-03T00:33:02.702+0000] {dag.py:3239} INFO - Sync 1 DAGs
[2025-05-03T00:33:02.708+0000] {logging_mixin.py:190} INFO - [2025-05-03T00:33:02.708+0000] {dag.py:4180} INFO - Setting next_dagrun for fix_permissions_dag to None, run_after=None
[2025-05-03T00:33:02.715+0000] {processor.py:208} INFO - Processing /opt/airflow/dags/permission_fixer_dag.py took 0.031 seconds
[2025-05-03T00:33:33.219+0000] {processor.py:186} INFO - Started process (PID=78) to work on /opt/airflow/dags/permission_fixer_dag.py
[2025-05-03T00:33:33.219+0000] {processor.py:914} INFO - Processing file /opt/airflow/dags/permission_fixer_dag.py for tasks to queue
[2025-05-03T00:33:33.220+0000] {logging_mixin.py:190} INFO - [2025-05-03T00:33:33.220+0000] {dagbag.py:588} INFO - Filling up the DagBag from /opt/airflow/dags/permission_fixer_dag.py
[2025-05-03T00:33:33.224+0000] {processor.py:925} INFO - DAG(s) 'fix_permissions_dag' retrieved from /opt/airflow/dags/permission_fixer_dag.py
[2025-05-03T00:33:33.235+0000] {logging_mixin.py:190} INFO - [2025-05-03T00:33:33.234+0000] {dag.py:3239} INFO - Sync 1 DAGs
[2025-05-03T00:33:33.241+0000] {logging_mixin.py:190} INFO - [2025-05-03T00:33:33.241+0000] {dag.py:4180} INFO - Setting next_dagrun for fix_permissions_dag to None, run_after=None
[2025-05-03T00:33:33.250+0000] {processor.py:208} INFO - Processing /opt/airflow/dags/permission_fixer_dag.py took 0.034 seconds
[2025-05-03T00:34:03.871+0000] {processor.py:186} INFO - Started process (PID=83) to work on /opt/airflow/dags/permission_fixer_dag.py
[2025-05-03T00:34:03.871+0000] {processor.py:914} INFO - Processing file /opt/airflow/dags/permission_fixer_dag.py for tasks to queue
[2025-05-03T00:34:03.872+0000] {logging_mixin.py:190} INFO - [2025-05-03T00:34:03.872+0000] {dagbag.py:588} INFO - Filling up the DagBag from /opt/airflow/dags/permission_fixer_dag.py
[2025-05-03T00:34:03.876+0000] {processor.py:925} INFO - DAG(s) 'fix_permissions_dag' retrieved from /opt/airflow/dags/permission_fixer_dag.py
[2025-05-03T00:34:03.886+0000] {logging_mixin.py:190} INFO - [2025-05-03T00:34:03.886+0000] {dag.py:3239} INFO - Sync 1 DAGs
[2025-05-03T00:34:03.893+0000] {logging_mixin.py:190} INFO - [2025-05-03T00:34:03.893+0000] {dag.py:4180} INFO - Setting next_dagrun for fix_permissions_dag to None, run_after=None
[2025-05-03T00:34:03.901+0000] {processor.py:208} INFO - Processing /opt/airflow/dags/permission_fixer_dag.py took 0.033 seconds
[2025-05-03T00:35:04.275+0000] {processor.py:186} INFO - Started process (PID=38) to work on /opt/airflow/dags/permission_fixer_dag.py
[2025-05-03T00:35:04.277+0000] {processor.py:914} INFO - Processing file /opt/airflow/dags/permission_fixer_dag.py for tasks to queue
[2025-05-03T00:35:04.278+0000] {logging_mixin.py:190} INFO - [2025-05-03T00:35:04.278+0000] {dagbag.py:588} INFO - Filling up the DagBag from /opt/airflow/dags/permission_fixer_dag.py
[2025-05-03T00:35:04.284+0000] {processor.py:925} INFO - DAG(s) 'fix_permissions_dag' retrieved from /opt/airflow/dags/permission_fixer_dag.py
[2025-05-03T00:35:04.297+0000] {logging_mixin.py:190} INFO - [2025-05-03T00:35:04.297+0000] {dag.py:3239} INFO - Sync 1 DAGs
[2025-05-03T00:35:04.303+0000] {logging_mixin.py:190} INFO - [2025-05-03T00:35:04.303+0000] {dag.py:4180} INFO - Setting next_dagrun for fix_permissions_dag to None, run_after=None
[2025-05-03T00:35:04.316+0000] {processor.py:208} INFO - Processing /opt/airflow/dags/permission_fixer_dag.py took 0.045 seconds
[2025-05-03T00:35:34.910+0000] {processor.py:186} INFO - Started process (PID=43) to work on /opt/airflow/dags/permission_fixer_dag.py
[2025-05-03T00:35:34.910+0000] {processor.py:914} INFO - Processing file /opt/airflow/dags/permission_fixer_dag.py for tasks to queue
[2025-05-03T00:35:34.910+0000] {logging_mixin.py:190} INFO - [2025-05-03T00:35:34.910+0000] {dagbag.py:588} INFO - Filling up the DagBag from /opt/airflow/dags/permission_fixer_dag.py
[2025-05-03T00:35:34.914+0000] {processor.py:925} INFO - DAG(s) 'fix_permissions_dag' retrieved from /opt/airflow/dags/permission_fixer_dag.py
[2025-05-03T00:35:34.925+0000] {logging_mixin.py:190} INFO - [2025-05-03T00:35:34.925+0000] {dag.py:3239} INFO - Sync 1 DAGs
[2025-05-03T00:35:34.931+0000] {logging_mixin.py:190} INFO - [2025-05-03T00:35:34.931+0000] {dag.py:4180} INFO - Setting next_dagrun for fix_permissions_dag to None, run_after=None
[2025-05-03T00:35:34.938+0000] {processor.py:208} INFO - Processing /opt/airflow/dags/permission_fixer_dag.py took 0.031 seconds
[2025-05-03T00:36:05.516+0000] {processor.py:186} INFO - Started process (PID=48) to work on /opt/airflow/dags/permission_fixer_dag.py
[2025-05-03T00:36:05.517+0000] {processor.py:914} INFO - Processing file /opt/airflow/dags/permission_fixer_dag.py for tasks to queue
[2025-05-03T00:36:05.517+0000] {logging_mixin.py:190} INFO - [2025-05-03T00:36:05.517+0000] {dagbag.py:588} INFO - Filling up the DagBag from /opt/airflow/dags/permission_fixer_dag.py
[2025-05-03T00:36:05.521+0000] {processor.py:925} INFO - DAG(s) 'fix_permissions_dag' retrieved from /opt/airflow/dags/permission_fixer_dag.py
[2025-05-03T00:36:05.531+0000] {logging_mixin.py:190} INFO - [2025-05-03T00:36:05.531+0000] {dag.py:3239} INFO - Sync 1 DAGs
[2025-05-03T00:36:05.537+0000] {logging_mixin.py:190} INFO - [2025-05-03T00:36:05.537+0000] {dag.py:4180} INFO - Setting next_dagrun for fix_permissions_dag to None, run_after=None
[2025-05-03T00:36:05.543+0000] {processor.py:208} INFO - Processing /opt/airflow/dags/permission_fixer_dag.py took 0.030 seconds
[2025-05-03T00:36:36.031+0000] {processor.py:186} INFO - Started process (PID=53) to work on /opt/airflow/dags/permission_fixer_dag.py
[2025-05-03T00:36:36.031+0000] {processor.py:914} INFO - Processing file /opt/airflow/dags/permission_fixer_dag.py for tasks to queue
[2025-05-03T00:36:36.032+0000] {logging_mixin.py:190} INFO - [2025-05-03T00:36:36.032+0000] {dagbag.py:588} INFO - Filling up the DagBag from /opt/airflow/dags/permission_fixer_dag.py
[2025-05-03T00:36:36.035+0000] {processor.py:925} INFO - DAG(s) 'fix_permissions_dag' retrieved from /opt/airflow/dags/permission_fixer_dag.py
[2025-05-03T00:36:36.045+0000] {logging_mixin.py:190} INFO - [2025-05-03T00:36:36.045+0000] {dag.py:3239} INFO - Sync 1 DAGs
[2025-05-03T00:36:36.051+0000] {logging_mixin.py:190} INFO - [2025-05-03T00:36:36.051+0000] {dag.py:4180} INFO - Setting next_dagrun for fix_permissions_dag to None, run_after=None
[2025-05-03T00:36:36.058+0000] {processor.py:208} INFO - Processing /opt/airflow/dags/permission_fixer_dag.py took 0.030 seconds
[2025-05-03T00:37:06.640+0000] {processor.py:186} INFO - Started process (PID=58) to work on /opt/airflow/dags/permission_fixer_dag.py
[2025-05-03T00:37:06.641+0000] {processor.py:914} INFO - Processing file /opt/airflow/dags/permission_fixer_dag.py for tasks to queue
[2025-05-03T00:37:06.641+0000] {logging_mixin.py:190} INFO - [2025-05-03T00:37:06.641+0000] {dagbag.py:588} INFO - Filling up the DagBag from /opt/airflow/dags/permission_fixer_dag.py
[2025-05-03T00:37:06.645+0000] {processor.py:925} INFO - DAG(s) 'fix_permissions_dag' retrieved from /opt/airflow/dags/permission_fixer_dag.py
[2025-05-03T00:37:06.657+0000] {logging_mixin.py:190} INFO - [2025-05-03T00:37:06.657+0000] {dag.py:3239} INFO - Sync 1 DAGs
[2025-05-03T00:37:06.663+0000] {logging_mixin.py:190} INFO - [2025-05-03T00:37:06.663+0000] {dag.py:4180} INFO - Setting next_dagrun for fix_permissions_dag to None, run_after=None
[2025-05-03T00:37:06.669+0000] {processor.py:208} INFO - Processing /opt/airflow/dags/permission_fixer_dag.py took 0.032 seconds
[2025-05-03T00:37:37.238+0000] {processor.py:186} INFO - Started process (PID=63) to work on /opt/airflow/dags/permission_fixer_dag.py
[2025-05-03T00:37:37.238+0000] {processor.py:914} INFO - Processing file /opt/airflow/dags/permission_fixer_dag.py for tasks to queue
[2025-05-03T00:37:37.239+0000] {logging_mixin.py:190} INFO - [2025-05-03T00:37:37.239+0000] {dagbag.py:588} INFO - Filling up the DagBag from /opt/airflow/dags/permission_fixer_dag.py
[2025-05-03T00:37:37.243+0000] {processor.py:925} INFO - DAG(s) 'fix_permissions_dag' retrieved from /opt/airflow/dags/permission_fixer_dag.py
[2025-05-03T00:37:37.253+0000] {logging_mixin.py:190} INFO - [2025-05-03T00:37:37.253+0000] {dag.py:3239} INFO - Sync 1 DAGs
[2025-05-03T00:37:37.259+0000] {logging_mixin.py:190} INFO - [2025-05-03T00:37:37.259+0000] {dag.py:4180} INFO - Setting next_dagrun for fix_permissions_dag to None, run_after=None
[2025-05-03T00:37:37.266+0000] {processor.py:208} INFO - Processing /opt/airflow/dags/permission_fixer_dag.py took 0.031 seconds
[2025-05-03T00:38:08.621+0000] {processor.py:186} INFO - Started process (PID=68) to work on /opt/airflow/dags/permission_fixer_dag.py
[2025-05-03T00:38:08.622+0000] {processor.py:914} INFO - Processing file /opt/airflow/dags/permission_fixer_dag.py for tasks to queue
[2025-05-03T00:38:08.623+0000] {logging_mixin.py:190} INFO - [2025-05-03T00:38:08.622+0000] {dagbag.py:588} INFO - Filling up the DagBag from /opt/airflow/dags/permission_fixer_dag.py
[2025-05-03T00:38:08.629+0000] {processor.py:925} INFO - DAG(s) 'fix_permissions_dag' retrieved from /opt/airflow/dags/permission_fixer_dag.py
[2025-05-03T00:38:08.642+0000] {logging_mixin.py:190} INFO - [2025-05-03T00:38:08.642+0000] {dag.py:3239} INFO - Sync 1 DAGs
[2025-05-03T00:38:08.651+0000] {logging_mixin.py:190} INFO - [2025-05-03T00:38:08.651+0000] {dag.py:4180} INFO - Setting next_dagrun for fix_permissions_dag to None, run_after=None
[2025-05-03T00:38:08.659+0000] {processor.py:208} INFO - Processing /opt/airflow/dags/permission_fixer_dag.py took 0.043 seconds
[2025-05-03T00:42:22.061+0000] {processor.py:186} INFO - Started process (PID=38) to work on /opt/airflow/dags/permission_fixer_dag.py
[2025-05-03T00:42:22.068+0000] {processor.py:914} INFO - Processing file /opt/airflow/dags/permission_fixer_dag.py for tasks to queue
[2025-05-03T00:42:22.069+0000] {logging_mixin.py:190} INFO - [2025-05-03T00:42:22.068+0000] {dagbag.py:588} INFO - Filling up the DagBag from /opt/airflow/dags/permission_fixer_dag.py
[2025-05-03T00:42:22.076+0000] {processor.py:925} INFO - DAG(s) 'fix_permissions_dag' retrieved from /opt/airflow/dags/permission_fixer_dag.py
[2025-05-03T00:42:22.090+0000] {logging_mixin.py:190} INFO - [2025-05-03T00:42:22.090+0000] {dag.py:3239} INFO - Sync 1 DAGs
[2025-05-03T00:42:22.098+0000] {logging_mixin.py:190} INFO - [2025-05-03T00:42:22.098+0000] {dag.py:4180} INFO - Setting next_dagrun for fix_permissions_dag to None, run_after=None
[2025-05-03T00:42:22.120+0000] {processor.py:208} INFO - Processing /opt/airflow/dags/permission_fixer_dag.py took 0.063 seconds
[2025-05-03T00:42:52.446+0000] {processor.py:186} INFO - Started process (PID=43) to work on /opt/airflow/dags/permission_fixer_dag.py
[2025-05-03T00:42:52.446+0000] {processor.py:914} INFO - Processing file /opt/airflow/dags/permission_fixer_dag.py for tasks to queue
[2025-05-03T00:42:52.447+0000] {logging_mixin.py:190} INFO - [2025-05-03T00:42:52.447+0000] {dagbag.py:588} INFO - Filling up the DagBag from /opt/airflow/dags/permission_fixer_dag.py
[2025-05-03T00:42:52.452+0000] {processor.py:925} INFO - DAG(s) 'fix_permissions_dag' retrieved from /opt/airflow/dags/permission_fixer_dag.py
[2025-05-03T00:42:52.467+0000] {logging_mixin.py:190} INFO - [2025-05-03T00:42:52.467+0000] {dag.py:3239} INFO - Sync 1 DAGs
[2025-05-03T00:42:52.476+0000] {logging_mixin.py:190} INFO - [2025-05-03T00:42:52.476+0000] {dag.py:4180} INFO - Setting next_dagrun for fix_permissions_dag to None, run_after=None
[2025-05-03T00:42:52.487+0000] {processor.py:208} INFO - Processing /opt/airflow/dags/permission_fixer_dag.py took 0.044 seconds
[2025-05-03T00:43:23.002+0000] {processor.py:186} INFO - Started process (PID=48) to work on /opt/airflow/dags/permission_fixer_dag.py
[2025-05-03T00:43:23.003+0000] {processor.py:914} INFO - Processing file /opt/airflow/dags/permission_fixer_dag.py for tasks to queue
[2025-05-03T00:43:23.004+0000] {logging_mixin.py:190} INFO - [2025-05-03T00:43:23.003+0000] {dagbag.py:588} INFO - Filling up the DagBag from /opt/airflow/dags/permission_fixer_dag.py
[2025-05-03T00:43:23.008+0000] {processor.py:925} INFO - DAG(s) 'fix_permissions_dag' retrieved from /opt/airflow/dags/permission_fixer_dag.py
[2025-05-03T00:43:23.022+0000] {logging_mixin.py:190} INFO - [2025-05-03T00:43:23.022+0000] {dag.py:3239} INFO - Sync 1 DAGs
[2025-05-03T00:43:23.029+0000] {logging_mixin.py:190} INFO - [2025-05-03T00:43:23.029+0000] {dag.py:4180} INFO - Setting next_dagrun for fix_permissions_dag to None, run_after=None
[2025-05-03T00:43:23.038+0000] {processor.py:208} INFO - Processing /opt/airflow/dags/permission_fixer_dag.py took 0.039 seconds
[2025-05-03T00:43:53.705+0000] {processor.py:186} INFO - Started process (PID=53) to work on /opt/airflow/dags/permission_fixer_dag.py
[2025-05-03T00:43:53.706+0000] {processor.py:914} INFO - Processing file /opt/airflow/dags/permission_fixer_dag.py for tasks to queue
[2025-05-03T00:43:53.706+0000] {logging_mixin.py:190} INFO - [2025-05-03T00:43:53.706+0000] {dagbag.py:588} INFO - Filling up the DagBag from /opt/airflow/dags/permission_fixer_dag.py
[2025-05-03T00:43:53.711+0000] {processor.py:925} INFO - DAG(s) 'fix_permissions_dag' retrieved from /opt/airflow/dags/permission_fixer_dag.py
[2025-05-03T00:43:53.720+0000] {logging_mixin.py:190} INFO - [2025-05-03T00:43:53.720+0000] {dag.py:3239} INFO - Sync 1 DAGs
[2025-05-03T00:43:53.726+0000] {logging_mixin.py:190} INFO - [2025-05-03T00:43:53.726+0000] {dag.py:4180} INFO - Setting next_dagrun for fix_permissions_dag to None, run_after=None
[2025-05-03T00:43:53.732+0000] {processor.py:208} INFO - Processing /opt/airflow/dags/permission_fixer_dag.py took 0.029 seconds
[2025-05-03T00:44:24.134+0000] {processor.py:186} INFO - Started process (PID=58) to work on /opt/airflow/dags/permission_fixer_dag.py
[2025-05-03T00:44:24.134+0000] {processor.py:914} INFO - Processing file /opt/airflow/dags/permission_fixer_dag.py for tasks to queue
[2025-05-03T00:44:24.135+0000] {logging_mixin.py:190} INFO - [2025-05-03T00:44:24.135+0000] {dagbag.py:588} INFO - Filling up the DagBag from /opt/airflow/dags/permission_fixer_dag.py
[2025-05-03T00:44:24.139+0000] {processor.py:925} INFO - DAG(s) 'fix_permissions_dag' retrieved from /opt/airflow/dags/permission_fixer_dag.py
[2025-05-03T00:44:24.149+0000] {logging_mixin.py:190} INFO - [2025-05-03T00:44:24.149+0000] {dag.py:3239} INFO - Sync 1 DAGs
[2025-05-03T00:44:24.155+0000] {logging_mixin.py:190} INFO - [2025-05-03T00:44:24.155+0000] {dag.py:4180} INFO - Setting next_dagrun for fix_permissions_dag to None, run_after=None
[2025-05-03T00:44:24.162+0000] {processor.py:208} INFO - Processing /opt/airflow/dags/permission_fixer_dag.py took 0.031 seconds
[2025-05-03T00:44:54.762+0000] {processor.py:186} INFO - Started process (PID=63) to work on /opt/airflow/dags/permission_fixer_dag.py
[2025-05-03T00:44:54.763+0000] {processor.py:914} INFO - Processing file /opt/airflow/dags/permission_fixer_dag.py for tasks to queue
[2025-05-03T00:44:54.763+0000] {logging_mixin.py:190} INFO - [2025-05-03T00:44:54.763+0000] {dagbag.py:588} INFO - Filling up the DagBag from /opt/airflow/dags/permission_fixer_dag.py
[2025-05-03T00:44:54.768+0000] {processor.py:925} INFO - DAG(s) 'fix_permissions_dag' retrieved from /opt/airflow/dags/permission_fixer_dag.py
[2025-05-03T00:44:54.780+0000] {logging_mixin.py:190} INFO - [2025-05-03T00:44:54.780+0000] {dag.py:3239} INFO - Sync 1 DAGs
[2025-05-03T00:44:54.788+0000] {logging_mixin.py:190} INFO - [2025-05-03T00:44:54.787+0000] {dag.py:4180} INFO - Setting next_dagrun for fix_permissions_dag to None, run_after=None
[2025-05-03T00:44:54.795+0000] {processor.py:208} INFO - Processing /opt/airflow/dags/permission_fixer_dag.py took 0.035 seconds
[2025-05-03T00:45:25.497+0000] {processor.py:186} INFO - Started process (PID=68) to work on /opt/airflow/dags/permission_fixer_dag.py
[2025-05-03T00:45:25.498+0000] {processor.py:914} INFO - Processing file /opt/airflow/dags/permission_fixer_dag.py for tasks to queue
[2025-05-03T00:45:25.498+0000] {logging_mixin.py:190} INFO - [2025-05-03T00:45:25.498+0000] {dagbag.py:588} INFO - Filling up the DagBag from /opt/airflow/dags/permission_fixer_dag.py
[2025-05-03T00:45:25.503+0000] {processor.py:925} INFO - DAG(s) 'fix_permissions_dag' retrieved from /opt/airflow/dags/permission_fixer_dag.py
[2025-05-03T00:45:25.517+0000] {logging_mixin.py:190} INFO - [2025-05-03T00:45:25.517+0000] {dag.py:3239} INFO - Sync 1 DAGs
[2025-05-03T00:45:25.524+0000] {logging_mixin.py:190} INFO - [2025-05-03T00:45:25.524+0000] {dag.py:4180} INFO - Setting next_dagrun for fix_permissions_dag to None, run_after=None
[2025-05-03T00:45:25.532+0000] {processor.py:208} INFO - Processing /opt/airflow/dags/permission_fixer_dag.py took 0.038 seconds
[2025-05-03T00:45:56.301+0000] {processor.py:186} INFO - Started process (PID=73) to work on /opt/airflow/dags/permission_fixer_dag.py
[2025-05-03T00:45:56.302+0000] {processor.py:914} INFO - Processing file /opt/airflow/dags/permission_fixer_dag.py for tasks to queue
[2025-05-03T00:45:56.302+0000] {logging_mixin.py:190} INFO - [2025-05-03T00:45:56.302+0000] {dagbag.py:588} INFO - Filling up the DagBag from /opt/airflow/dags/permission_fixer_dag.py
[2025-05-03T00:45:56.306+0000] {processor.py:925} INFO - DAG(s) 'fix_permissions_dag' retrieved from /opt/airflow/dags/permission_fixer_dag.py
[2025-05-03T00:45:56.319+0000] {logging_mixin.py:190} INFO - [2025-05-03T00:45:56.319+0000] {dag.py:3239} INFO - Sync 1 DAGs
[2025-05-03T00:45:56.325+0000] {logging_mixin.py:190} INFO - [2025-05-03T00:45:56.325+0000] {dag.py:4180} INFO - Setting next_dagrun for fix_permissions_dag to None, run_after=None
[2025-05-03T00:45:56.333+0000] {processor.py:208} INFO - Processing /opt/airflow/dags/permission_fixer_dag.py took 0.034 seconds
[2025-05-03T00:46:27.303+0000] {processor.py:186} INFO - Started process (PID=78) to work on /opt/airflow/dags/permission_fixer_dag.py
[2025-05-03T00:46:27.304+0000] {processor.py:914} INFO - Processing file /opt/airflow/dags/permission_fixer_dag.py for tasks to queue
[2025-05-03T00:46:27.304+0000] {logging_mixin.py:190} INFO - [2025-05-03T00:46:27.304+0000] {dagbag.py:588} INFO - Filling up the DagBag from /opt/airflow/dags/permission_fixer_dag.py
[2025-05-03T00:46:27.309+0000] {processor.py:925} INFO - DAG(s) 'fix_permissions_dag' retrieved from /opt/airflow/dags/permission_fixer_dag.py
[2025-05-03T00:46:27.319+0000] {logging_mixin.py:190} INFO - [2025-05-03T00:46:27.319+0000] {dag.py:3239} INFO - Sync 1 DAGs
[2025-05-03T00:46:27.325+0000] {logging_mixin.py:190} INFO - [2025-05-03T00:46:27.325+0000] {dag.py:4180} INFO - Setting next_dagrun for fix_permissions_dag to None, run_after=None
[2025-05-03T00:46:27.331+0000] {processor.py:208} INFO - Processing /opt/airflow/dags/permission_fixer_dag.py took 0.032 seconds
[2025-05-03T00:46:57.884+0000] {processor.py:186} INFO - Started process (PID=83) to work on /opt/airflow/dags/permission_fixer_dag.py
[2025-05-03T00:46:57.884+0000] {processor.py:914} INFO - Processing file /opt/airflow/dags/permission_fixer_dag.py for tasks to queue
[2025-05-03T00:46:57.884+0000] {logging_mixin.py:190} INFO - [2025-05-03T00:46:57.884+0000] {dagbag.py:588} INFO - Filling up the DagBag from /opt/airflow/dags/permission_fixer_dag.py
[2025-05-03T00:46:57.889+0000] {processor.py:925} INFO - DAG(s) 'fix_permissions_dag' retrieved from /opt/airflow/dags/permission_fixer_dag.py
[2025-05-03T00:46:57.899+0000] {logging_mixin.py:190} INFO - [2025-05-03T00:46:57.899+0000] {dag.py:3239} INFO - Sync 1 DAGs
[2025-05-03T00:46:57.906+0000] {logging_mixin.py:190} INFO - [2025-05-03T00:46:57.905+0000] {dag.py:4180} INFO - Setting next_dagrun for fix_permissions_dag to None, run_after=None
[2025-05-03T00:46:57.913+0000] {processor.py:208} INFO - Processing /opt/airflow/dags/permission_fixer_dag.py took 0.032 seconds
[2025-05-03T00:47:28.828+0000] {processor.py:186} INFO - Started process (PID=88) to work on /opt/airflow/dags/permission_fixer_dag.py
[2025-05-03T00:47:28.829+0000] {processor.py:914} INFO - Processing file /opt/airflow/dags/permission_fixer_dag.py for tasks to queue
[2025-05-03T00:47:28.829+0000] {logging_mixin.py:190} INFO - [2025-05-03T00:47:28.829+0000] {dagbag.py:588} INFO - Filling up the DagBag from /opt/airflow/dags/permission_fixer_dag.py
[2025-05-03T00:47:28.834+0000] {processor.py:925} INFO - DAG(s) 'fix_permissions_dag' retrieved from /opt/airflow/dags/permission_fixer_dag.py
[2025-05-03T00:47:28.843+0000] {logging_mixin.py:190} INFO - [2025-05-03T00:47:28.842+0000] {dag.py:3239} INFO - Sync 1 DAGs
[2025-05-03T00:47:28.848+0000] {logging_mixin.py:190} INFO - [2025-05-03T00:47:28.848+0000] {dag.py:4180} INFO - Setting next_dagrun for fix_permissions_dag to None, run_after=None
[2025-05-03T00:47:28.855+0000] {processor.py:208} INFO - Processing /opt/airflow/dags/permission_fixer_dag.py took 0.029 seconds
[2025-05-03T00:47:59.501+0000] {processor.py:186} INFO - Started process (PID=93) to work on /opt/airflow/dags/permission_fixer_dag.py
[2025-05-03T00:47:59.502+0000] {processor.py:914} INFO - Processing file /opt/airflow/dags/permission_fixer_dag.py for tasks to queue
[2025-05-03T00:47:59.503+0000] {logging_mixin.py:190} INFO - [2025-05-03T00:47:59.502+0000] {dagbag.py:588} INFO - Filling up the DagBag from /opt/airflow/dags/permission_fixer_dag.py
[2025-05-03T00:47:59.507+0000] {processor.py:925} INFO - DAG(s) 'fix_permissions_dag' retrieved from /opt/airflow/dags/permission_fixer_dag.py
[2025-05-03T00:47:59.516+0000] {logging_mixin.py:190} INFO - [2025-05-03T00:47:59.516+0000] {dag.py:3239} INFO - Sync 1 DAGs
[2025-05-03T00:47:59.522+0000] {logging_mixin.py:190} INFO - [2025-05-03T00:47:59.521+0000] {dag.py:4180} INFO - Setting next_dagrun for fix_permissions_dag to None, run_after=None
[2025-05-03T00:47:59.528+0000] {processor.py:208} INFO - Processing /opt/airflow/dags/permission_fixer_dag.py took 0.030 seconds
[2025-05-03T00:48:30.227+0000] {processor.py:186} INFO - Started process (PID=98) to work on /opt/airflow/dags/permission_fixer_dag.py
[2025-05-03T00:48:30.228+0000] {processor.py:914} INFO - Processing file /opt/airflow/dags/permission_fixer_dag.py for tasks to queue
[2025-05-03T00:48:30.229+0000] {logging_mixin.py:190} INFO - [2025-05-03T00:48:30.228+0000] {dagbag.py:588} INFO - Filling up the DagBag from /opt/airflow/dags/permission_fixer_dag.py
[2025-05-03T00:48:30.233+0000] {processor.py:925} INFO - DAG(s) 'fix_permissions_dag' retrieved from /opt/airflow/dags/permission_fixer_dag.py
[2025-05-03T00:48:30.242+0000] {logging_mixin.py:190} INFO - [2025-05-03T00:48:30.242+0000] {dag.py:3239} INFO - Sync 1 DAGs
[2025-05-03T00:48:30.248+0000] {logging_mixin.py:190} INFO - [2025-05-03T00:48:30.248+0000] {dag.py:4180} INFO - Setting next_dagrun for fix_permissions_dag to None, run_after=None
[2025-05-03T00:48:30.255+0000] {processor.py:208} INFO - Processing /opt/airflow/dags/permission_fixer_dag.py took 0.030 seconds
[2025-05-03T00:49:00.751+0000] {processor.py:186} INFO - Started process (PID=103) to work on /opt/airflow/dags/permission_fixer_dag.py
[2025-05-03T00:49:00.751+0000] {processor.py:914} INFO - Processing file /opt/airflow/dags/permission_fixer_dag.py for tasks to queue
[2025-05-03T00:49:00.752+0000] {logging_mixin.py:190} INFO - [2025-05-03T00:49:00.752+0000] {dagbag.py:588} INFO - Filling up the DagBag from /opt/airflow/dags/permission_fixer_dag.py
[2025-05-03T00:49:00.756+0000] {processor.py:925} INFO - DAG(s) 'fix_permissions_dag' retrieved from /opt/airflow/dags/permission_fixer_dag.py
[2025-05-03T00:49:00.766+0000] {logging_mixin.py:190} INFO - [2025-05-03T00:49:00.766+0000] {dag.py:3239} INFO - Sync 1 DAGs
[2025-05-03T00:49:00.772+0000] {logging_mixin.py:190} INFO - [2025-05-03T00:49:00.772+0000] {dag.py:4180} INFO - Setting next_dagrun for fix_permissions_dag to None, run_after=None
[2025-05-03T00:49:00.781+0000] {processor.py:208} INFO - Processing /opt/airflow/dags/permission_fixer_dag.py took 0.033 seconds
[2025-05-03T00:49:31.601+0000] {processor.py:186} INFO - Started process (PID=108) to work on /opt/airflow/dags/permission_fixer_dag.py
[2025-05-03T00:49:31.602+0000] {processor.py:914} INFO - Processing file /opt/airflow/dags/permission_fixer_dag.py for tasks to queue
[2025-05-03T00:49:31.602+0000] {logging_mixin.py:190} INFO - [2025-05-03T00:49:31.602+0000] {dagbag.py:588} INFO - Filling up the DagBag from /opt/airflow/dags/permission_fixer_dag.py
[2025-05-03T00:49:31.606+0000] {processor.py:925} INFO - DAG(s) 'fix_permissions_dag' retrieved from /opt/airflow/dags/permission_fixer_dag.py
[2025-05-03T00:49:31.616+0000] {logging_mixin.py:190} INFO - [2025-05-03T00:49:31.616+0000] {dag.py:3239} INFO - Sync 1 DAGs
[2025-05-03T00:49:31.622+0000] {logging_mixin.py:190} INFO - [2025-05-03T00:49:31.622+0000] {dag.py:4180} INFO - Setting next_dagrun for fix_permissions_dag to None, run_after=None
[2025-05-03T00:49:31.628+0000] {processor.py:208} INFO - Processing /opt/airflow/dags/permission_fixer_dag.py took 0.029 seconds
[2025-05-03T00:50:02.156+0000] {processor.py:186} INFO - Started process (PID=113) to work on /opt/airflow/dags/permission_fixer_dag.py
[2025-05-03T00:50:02.157+0000] {processor.py:914} INFO - Processing file /opt/airflow/dags/permission_fixer_dag.py for tasks to queue
[2025-05-03T00:50:02.157+0000] {logging_mixin.py:190} INFO - [2025-05-03T00:50:02.157+0000] {dagbag.py:588} INFO - Filling up the DagBag from /opt/airflow/dags/permission_fixer_dag.py
[2025-05-03T00:50:02.162+0000] {processor.py:925} INFO - DAG(s) 'fix_permissions_dag' retrieved from /opt/airflow/dags/permission_fixer_dag.py
[2025-05-03T00:50:02.173+0000] {logging_mixin.py:190} INFO - [2025-05-03T00:50:02.173+0000] {dag.py:3239} INFO - Sync 1 DAGs
[2025-05-03T00:50:02.179+0000] {logging_mixin.py:190} INFO - [2025-05-03T00:50:02.179+0000] {dag.py:4180} INFO - Setting next_dagrun for fix_permissions_dag to None, run_after=None
[2025-05-03T00:50:02.188+0000] {processor.py:208} INFO - Processing /opt/airflow/dags/permission_fixer_dag.py took 0.035 seconds
[2025-05-03T00:50:33.079+0000] {processor.py:186} INFO - Started process (PID=118) to work on /opt/airflow/dags/permission_fixer_dag.py
[2025-05-03T00:50:33.080+0000] {processor.py:914} INFO - Processing file /opt/airflow/dags/permission_fixer_dag.py for tasks to queue
[2025-05-03T00:50:33.081+0000] {logging_mixin.py:190} INFO - [2025-05-03T00:50:33.080+0000] {dagbag.py:588} INFO - Filling up the DagBag from /opt/airflow/dags/permission_fixer_dag.py
[2025-05-03T00:50:33.085+0000] {processor.py:925} INFO - DAG(s) 'fix_permissions_dag' retrieved from /opt/airflow/dags/permission_fixer_dag.py
[2025-05-03T00:50:33.094+0000] {logging_mixin.py:190} INFO - [2025-05-03T00:50:33.094+0000] {dag.py:3239} INFO - Sync 1 DAGs
[2025-05-03T00:50:33.100+0000] {logging_mixin.py:190} INFO - [2025-05-03T00:50:33.100+0000] {dag.py:4180} INFO - Setting next_dagrun for fix_permissions_dag to None, run_after=None
[2025-05-03T00:50:33.107+0000] {processor.py:208} INFO - Processing /opt/airflow/dags/permission_fixer_dag.py took 0.031 seconds
[2025-05-03T00:51:03.901+0000] {processor.py:186} INFO - Started process (PID=123) to work on /opt/airflow/dags/permission_fixer_dag.py
[2025-05-03T00:51:03.902+0000] {processor.py:914} INFO - Processing file /opt/airflow/dags/permission_fixer_dag.py for tasks to queue
[2025-05-03T00:51:03.902+0000] {logging_mixin.py:190} INFO - [2025-05-03T00:51:03.902+0000] {dagbag.py:588} INFO - Filling up the DagBag from /opt/airflow/dags/permission_fixer_dag.py
[2025-05-03T00:51:03.906+0000] {processor.py:925} INFO - DAG(s) 'fix_permissions_dag' retrieved from /opt/airflow/dags/permission_fixer_dag.py
[2025-05-03T00:51:03.916+0000] {logging_mixin.py:190} INFO - [2025-05-03T00:51:03.916+0000] {dag.py:3239} INFO - Sync 1 DAGs
[2025-05-03T00:51:03.922+0000] {logging_mixin.py:190} INFO - [2025-05-03T00:51:03.922+0000] {dag.py:4180} INFO - Setting next_dagrun for fix_permissions_dag to None, run_after=None
[2025-05-03T00:51:03.928+0000] {processor.py:208} INFO - Processing /opt/airflow/dags/permission_fixer_dag.py took 0.029 seconds
[2025-05-03T00:51:34.599+0000] {processor.py:186} INFO - Started process (PID=128) to work on /opt/airflow/dags/permission_fixer_dag.py
[2025-05-03T00:51:34.600+0000] {processor.py:914} INFO - Processing file /opt/airflow/dags/permission_fixer_dag.py for tasks to queue
[2025-05-03T00:51:34.601+0000] {logging_mixin.py:190} INFO - [2025-05-03T00:51:34.601+0000] {dagbag.py:588} INFO - Filling up the DagBag from /opt/airflow/dags/permission_fixer_dag.py
[2025-05-03T00:51:34.605+0000] {processor.py:925} INFO - DAG(s) 'fix_permissions_dag' retrieved from /opt/airflow/dags/permission_fixer_dag.py
[2025-05-03T00:51:34.616+0000] {logging_mixin.py:190} INFO - [2025-05-03T00:51:34.616+0000] {dag.py:3239} INFO - Sync 1 DAGs
[2025-05-03T00:51:34.622+0000] {logging_mixin.py:190} INFO - [2025-05-03T00:51:34.622+0000] {dag.py:4180} INFO - Setting next_dagrun for fix_permissions_dag to None, run_after=None
[2025-05-03T00:51:34.629+0000] {processor.py:208} INFO - Processing /opt/airflow/dags/permission_fixer_dag.py took 0.033 seconds
[2025-05-03T00:52:05.109+0000] {processor.py:186} INFO - Started process (PID=133) to work on /opt/airflow/dags/permission_fixer_dag.py
[2025-05-03T00:52:05.110+0000] {processor.py:914} INFO - Processing file /opt/airflow/dags/permission_fixer_dag.py for tasks to queue
[2025-05-03T00:52:05.110+0000] {logging_mixin.py:190} INFO - [2025-05-03T00:52:05.110+0000] {dagbag.py:588} INFO - Filling up the DagBag from /opt/airflow/dags/permission_fixer_dag.py
[2025-05-03T00:52:05.115+0000] {processor.py:925} INFO - DAG(s) 'fix_permissions_dag' retrieved from /opt/airflow/dags/permission_fixer_dag.py
[2025-05-03T00:52:05.125+0000] {logging_mixin.py:190} INFO - [2025-05-03T00:52:05.125+0000] {dag.py:3239} INFO - Sync 1 DAGs
[2025-05-03T00:52:05.131+0000] {logging_mixin.py:190} INFO - [2025-05-03T00:52:05.131+0000] {dag.py:4180} INFO - Setting next_dagrun for fix_permissions_dag to None, run_after=None
[2025-05-03T00:52:05.140+0000] {processor.py:208} INFO - Processing /opt/airflow/dags/permission_fixer_dag.py took 0.033 seconds
[2025-05-03T00:52:36.032+0000] {processor.py:186} INFO - Started process (PID=138) to work on /opt/airflow/dags/permission_fixer_dag.py
[2025-05-03T00:52:36.032+0000] {processor.py:914} INFO - Processing file /opt/airflow/dags/permission_fixer_dag.py for tasks to queue
[2025-05-03T00:52:36.033+0000] {logging_mixin.py:190} INFO - [2025-05-03T00:52:36.032+0000] {dagbag.py:588} INFO - Filling up the DagBag from /opt/airflow/dags/permission_fixer_dag.py
[2025-05-03T00:52:36.036+0000] {processor.py:925} INFO - DAG(s) 'fix_permissions_dag' retrieved from /opt/airflow/dags/permission_fixer_dag.py
[2025-05-03T00:52:36.047+0000] {logging_mixin.py:190} INFO - [2025-05-03T00:52:36.047+0000] {dag.py:3239} INFO - Sync 1 DAGs
[2025-05-03T00:52:36.053+0000] {logging_mixin.py:190} INFO - [2025-05-03T00:52:36.053+0000] {dag.py:4180} INFO - Setting next_dagrun for fix_permissions_dag to None, run_after=None
[2025-05-03T00:52:36.060+0000] {processor.py:208} INFO - Processing /opt/airflow/dags/permission_fixer_dag.py took 0.032 seconds
[2025-05-03T00:53:06.577+0000] {processor.py:186} INFO - Started process (PID=143) to work on /opt/airflow/dags/permission_fixer_dag.py
[2025-05-03T00:53:06.577+0000] {processor.py:914} INFO - Processing file /opt/airflow/dags/permission_fixer_dag.py for tasks to queue
[2025-05-03T00:53:06.578+0000] {logging_mixin.py:190} INFO - [2025-05-03T00:53:06.578+0000] {dagbag.py:588} INFO - Filling up the DagBag from /opt/airflow/dags/permission_fixer_dag.py
[2025-05-03T00:53:06.582+0000] {processor.py:925} INFO - DAG(s) 'fix_permissions_dag' retrieved from /opt/airflow/dags/permission_fixer_dag.py
[2025-05-03T00:53:06.592+0000] {logging_mixin.py:190} INFO - [2025-05-03T00:53:06.592+0000] {dag.py:3239} INFO - Sync 1 DAGs
[2025-05-03T00:53:06.598+0000] {logging_mixin.py:190} INFO - [2025-05-03T00:53:06.598+0000] {dag.py:4180} INFO - Setting next_dagrun for fix_permissions_dag to None, run_after=None
[2025-05-03T00:53:06.606+0000] {processor.py:208} INFO - Processing /opt/airflow/dags/permission_fixer_dag.py took 0.032 seconds
[2025-05-03T00:53:37.486+0000] {processor.py:186} INFO - Started process (PID=148) to work on /opt/airflow/dags/permission_fixer_dag.py
[2025-05-03T00:53:37.486+0000] {processor.py:914} INFO - Processing file /opt/airflow/dags/permission_fixer_dag.py for tasks to queue
[2025-05-03T00:53:37.487+0000] {logging_mixin.py:190} INFO - [2025-05-03T00:53:37.487+0000] {dagbag.py:588} INFO - Filling up the DagBag from /opt/airflow/dags/permission_fixer_dag.py
[2025-05-03T00:53:37.491+0000] {processor.py:925} INFO - DAG(s) 'fix_permissions_dag' retrieved from /opt/airflow/dags/permission_fixer_dag.py
[2025-05-03T00:53:37.500+0000] {logging_mixin.py:190} INFO - [2025-05-03T00:53:37.500+0000] {dag.py:3239} INFO - Sync 1 DAGs
[2025-05-03T00:53:37.506+0000] {logging_mixin.py:190} INFO - [2025-05-03T00:53:37.506+0000] {dag.py:4180} INFO - Setting next_dagrun for fix_permissions_dag to None, run_after=None
[2025-05-03T00:53:37.513+0000] {processor.py:208} INFO - Processing /opt/airflow/dags/permission_fixer_dag.py took 0.030 seconds
[2025-05-03T00:54:08.049+0000] {processor.py:186} INFO - Started process (PID=153) to work on /opt/airflow/dags/permission_fixer_dag.py
[2025-05-03T00:54:08.049+0000] {processor.py:914} INFO - Processing file /opt/airflow/dags/permission_fixer_dag.py for tasks to queue
[2025-05-03T00:54:08.049+0000] {logging_mixin.py:190} INFO - [2025-05-03T00:54:08.049+0000] {dagbag.py:588} INFO - Filling up the DagBag from /opt/airflow/dags/permission_fixer_dag.py
[2025-05-03T00:54:08.054+0000] {processor.py:925} INFO - DAG(s) 'fix_permissions_dag' retrieved from /opt/airflow/dags/permission_fixer_dag.py
[2025-05-03T00:54:08.066+0000] {logging_mixin.py:190} INFO - [2025-05-03T00:54:08.066+0000] {dag.py:3239} INFO - Sync 1 DAGs
[2025-05-03T00:54:08.072+0000] {logging_mixin.py:190} INFO - [2025-05-03T00:54:08.072+0000] {dag.py:4180} INFO - Setting next_dagrun for fix_permissions_dag to None, run_after=None
[2025-05-03T00:54:08.081+0000] {processor.py:208} INFO - Processing /opt/airflow/dags/permission_fixer_dag.py took 0.034 seconds
[2025-05-03T00:54:39.012+0000] {processor.py:186} INFO - Started process (PID=158) to work on /opt/airflow/dags/permission_fixer_dag.py
[2025-05-03T00:54:39.013+0000] {processor.py:914} INFO - Processing file /opt/airflow/dags/permission_fixer_dag.py for tasks to queue
[2025-05-03T00:54:39.014+0000] {logging_mixin.py:190} INFO - [2025-05-03T00:54:39.013+0000] {dagbag.py:588} INFO - Filling up the DagBag from /opt/airflow/dags/permission_fixer_dag.py
[2025-05-03T00:54:39.018+0000] {processor.py:925} INFO - DAG(s) 'fix_permissions_dag' retrieved from /opt/airflow/dags/permission_fixer_dag.py
[2025-05-03T00:54:39.028+0000] {logging_mixin.py:190} INFO - [2025-05-03T00:54:39.028+0000] {dag.py:3239} INFO - Sync 1 DAGs
[2025-05-03T00:54:39.034+0000] {logging_mixin.py:190} INFO - [2025-05-03T00:54:39.034+0000] {dag.py:4180} INFO - Setting next_dagrun for fix_permissions_dag to None, run_after=None
[2025-05-03T00:54:39.040+0000] {processor.py:208} INFO - Processing /opt/airflow/dags/permission_fixer_dag.py took 0.032 seconds
[2025-05-03T00:55:09.340+0000] {processor.py:186} INFO - Started process (PID=163) to work on /opt/airflow/dags/permission_fixer_dag.py
[2025-05-03T00:55:09.340+0000] {processor.py:914} INFO - Processing file /opt/airflow/dags/permission_fixer_dag.py for tasks to queue
[2025-05-03T00:55:09.341+0000] {logging_mixin.py:190} INFO - [2025-05-03T00:55:09.340+0000] {dagbag.py:588} INFO - Filling up the DagBag from /opt/airflow/dags/permission_fixer_dag.py
[2025-05-03T00:55:09.344+0000] {processor.py:925} INFO - DAG(s) 'fix_permissions_dag' retrieved from /opt/airflow/dags/permission_fixer_dag.py
[2025-05-03T00:55:09.354+0000] {logging_mixin.py:190} INFO - [2025-05-03T00:55:09.354+0000] {dag.py:3239} INFO - Sync 1 DAGs
[2025-05-03T00:55:09.360+0000] {logging_mixin.py:190} INFO - [2025-05-03T00:55:09.360+0000] {dag.py:4180} INFO - Setting next_dagrun for fix_permissions_dag to None, run_after=None
[2025-05-03T00:55:09.366+0000] {processor.py:208} INFO - Processing /opt/airflow/dags/permission_fixer_dag.py took 0.028 seconds
[2025-05-03T00:55:40.120+0000] {processor.py:186} INFO - Started process (PID=168) to work on /opt/airflow/dags/permission_fixer_dag.py
[2025-05-03T00:55:40.121+0000] {processor.py:914} INFO - Processing file /opt/airflow/dags/permission_fixer_dag.py for tasks to queue
[2025-05-03T00:55:40.121+0000] {logging_mixin.py:190} INFO - [2025-05-03T00:55:40.121+0000] {dagbag.py:588} INFO - Filling up the DagBag from /opt/airflow/dags/permission_fixer_dag.py
[2025-05-03T00:55:40.125+0000] {processor.py:925} INFO - DAG(s) 'fix_permissions_dag' retrieved from /opt/airflow/dags/permission_fixer_dag.py
[2025-05-03T00:55:40.135+0000] {logging_mixin.py:190} INFO - [2025-05-03T00:55:40.135+0000] {dag.py:3239} INFO - Sync 1 DAGs
[2025-05-03T00:55:40.141+0000] {logging_mixin.py:190} INFO - [2025-05-03T00:55:40.141+0000] {dag.py:4180} INFO - Setting next_dagrun for fix_permissions_dag to None, run_after=None
[2025-05-03T00:55:40.148+0000] {processor.py:208} INFO - Processing /opt/airflow/dags/permission_fixer_dag.py took 0.031 seconds
[2025-05-03T00:56:10.665+0000] {processor.py:186} INFO - Started process (PID=173) to work on /opt/airflow/dags/permission_fixer_dag.py
[2025-05-03T00:56:10.666+0000] {processor.py:914} INFO - Processing file /opt/airflow/dags/permission_fixer_dag.py for tasks to queue
[2025-05-03T00:56:10.666+0000] {logging_mixin.py:190} INFO - [2025-05-03T00:56:10.666+0000] {dagbag.py:588} INFO - Filling up the DagBag from /opt/airflow/dags/permission_fixer_dag.py
[2025-05-03T00:56:10.670+0000] {processor.py:925} INFO - DAG(s) 'fix_permissions_dag' retrieved from /opt/airflow/dags/permission_fixer_dag.py
[2025-05-03T00:56:10.679+0000] {logging_mixin.py:190} INFO - [2025-05-03T00:56:10.679+0000] {dag.py:3239} INFO - Sync 1 DAGs
[2025-05-03T00:56:10.685+0000] {logging_mixin.py:190} INFO - [2025-05-03T00:56:10.685+0000] {dag.py:4180} INFO - Setting next_dagrun for fix_permissions_dag to None, run_after=None
[2025-05-03T00:56:10.691+0000] {processor.py:208} INFO - Processing /opt/airflow/dags/permission_fixer_dag.py took 0.029 seconds
[2025-05-03T00:56:41.187+0000] {processor.py:186} INFO - Started process (PID=178) to work on /opt/airflow/dags/permission_fixer_dag.py
[2025-05-03T00:56:41.187+0000] {processor.py:914} INFO - Processing file /opt/airflow/dags/permission_fixer_dag.py for tasks to queue
[2025-05-03T00:56:41.188+0000] {logging_mixin.py:190} INFO - [2025-05-03T00:56:41.188+0000] {dagbag.py:588} INFO - Filling up the DagBag from /opt/airflow/dags/permission_fixer_dag.py
[2025-05-03T00:56:41.192+0000] {processor.py:925} INFO - DAG(s) 'fix_permissions_dag' retrieved from /opt/airflow/dags/permission_fixer_dag.py
[2025-05-03T00:56:41.203+0000] {logging_mixin.py:190} INFO - [2025-05-03T00:56:41.203+0000] {dag.py:3239} INFO - Sync 1 DAGs
[2025-05-03T00:56:41.209+0000] {logging_mixin.py:190} INFO - [2025-05-03T00:56:41.209+0000] {dag.py:4180} INFO - Setting next_dagrun for fix_permissions_dag to None, run_after=None
[2025-05-03T00:56:41.217+0000] {processor.py:208} INFO - Processing /opt/airflow/dags/permission_fixer_dag.py took 0.034 seconds
[2025-05-03T00:57:12.146+0000] {processor.py:186} INFO - Started process (PID=183) to work on /opt/airflow/dags/permission_fixer_dag.py
[2025-05-03T00:57:12.146+0000] {processor.py:914} INFO - Processing file /opt/airflow/dags/permission_fixer_dag.py for tasks to queue
[2025-05-03T00:57:12.147+0000] {logging_mixin.py:190} INFO - [2025-05-03T00:57:12.147+0000] {dagbag.py:588} INFO - Filling up the DagBag from /opt/airflow/dags/permission_fixer_dag.py
[2025-05-03T00:57:12.151+0000] {processor.py:925} INFO - DAG(s) 'fix_permissions_dag' retrieved from /opt/airflow/dags/permission_fixer_dag.py
[2025-05-03T00:57:12.164+0000] {logging_mixin.py:190} INFO - [2025-05-03T00:57:12.164+0000] {dag.py:3239} INFO - Sync 1 DAGs
[2025-05-03T00:57:12.170+0000] {logging_mixin.py:190} INFO - [2025-05-03T00:57:12.170+0000] {dag.py:4180} INFO - Setting next_dagrun for fix_permissions_dag to None, run_after=None
[2025-05-03T00:57:12.178+0000] {processor.py:208} INFO - Processing /opt/airflow/dags/permission_fixer_dag.py took 0.037 seconds
[2025-05-03T00:57:42.561+0000] {processor.py:186} INFO - Started process (PID=188) to work on /opt/airflow/dags/permission_fixer_dag.py
[2025-05-03T00:57:42.561+0000] {processor.py:914} INFO - Processing file /opt/airflow/dags/permission_fixer_dag.py for tasks to queue
[2025-05-03T00:57:42.562+0000] {logging_mixin.py:190} INFO - [2025-05-03T00:57:42.562+0000] {dagbag.py:588} INFO - Filling up the DagBag from /opt/airflow/dags/permission_fixer_dag.py
[2025-05-03T00:57:42.566+0000] {processor.py:925} INFO - DAG(s) 'fix_permissions_dag' retrieved from /opt/airflow/dags/permission_fixer_dag.py
[2025-05-03T00:57:42.577+0000] {logging_mixin.py:190} INFO - [2025-05-03T00:57:42.576+0000] {dag.py:3239} INFO - Sync 1 DAGs
[2025-05-03T00:57:42.583+0000] {logging_mixin.py:190} INFO - [2025-05-03T00:57:42.583+0000] {dag.py:4180} INFO - Setting next_dagrun for fix_permissions_dag to None, run_after=None
[2025-05-03T00:57:42.592+0000] {processor.py:208} INFO - Processing /opt/airflow/dags/permission_fixer_dag.py took 0.033 seconds
[2025-05-03T00:58:13.493+0000] {processor.py:186} INFO - Started process (PID=193) to work on /opt/airflow/dags/permission_fixer_dag.py
[2025-05-03T00:58:13.494+0000] {processor.py:914} INFO - Processing file /opt/airflow/dags/permission_fixer_dag.py for tasks to queue
[2025-05-03T00:58:13.494+0000] {logging_mixin.py:190} INFO - [2025-05-03T00:58:13.494+0000] {dagbag.py:588} INFO - Filling up the DagBag from /opt/airflow/dags/permission_fixer_dag.py
[2025-05-03T00:58:13.499+0000] {processor.py:925} INFO - DAG(s) 'fix_permissions_dag' retrieved from /opt/airflow/dags/permission_fixer_dag.py
[2025-05-03T00:58:13.508+0000] {logging_mixin.py:190} INFO - [2025-05-03T00:58:13.508+0000] {dag.py:3239} INFO - Sync 1 DAGs
[2025-05-03T00:58:13.514+0000] {logging_mixin.py:190} INFO - [2025-05-03T00:58:13.514+0000] {dag.py:4180} INFO - Setting next_dagrun for fix_permissions_dag to None, run_after=None
[2025-05-03T00:58:13.521+0000] {processor.py:208} INFO - Processing /opt/airflow/dags/permission_fixer_dag.py took 0.030 seconds
[2025-05-03T00:58:44.172+0000] {processor.py:186} INFO - Started process (PID=198) to work on /opt/airflow/dags/permission_fixer_dag.py
[2025-05-03T00:58:44.173+0000] {processor.py:914} INFO - Processing file /opt/airflow/dags/permission_fixer_dag.py for tasks to queue
[2025-05-03T00:58:44.173+0000] {logging_mixin.py:190} INFO - [2025-05-03T00:58:44.173+0000] {dagbag.py:588} INFO - Filling up the DagBag from /opt/airflow/dags/permission_fixer_dag.py
[2025-05-03T00:58:44.177+0000] {processor.py:925} INFO - DAG(s) 'fix_permissions_dag' retrieved from /opt/airflow/dags/permission_fixer_dag.py
[2025-05-03T00:58:44.188+0000] {logging_mixin.py:190} INFO - [2025-05-03T00:58:44.188+0000] {dag.py:3239} INFO - Sync 1 DAGs
[2025-05-03T00:58:44.194+0000] {logging_mixin.py:190} INFO - [2025-05-03T00:58:44.194+0000] {dag.py:4180} INFO - Setting next_dagrun for fix_permissions_dag to None, run_after=None
[2025-05-03T00:58:44.201+0000] {processor.py:208} INFO - Processing /opt/airflow/dags/permission_fixer_dag.py took 0.032 seconds
[2025-05-03T00:59:14.578+0000] {processor.py:186} INFO - Started process (PID=203) to work on /opt/airflow/dags/permission_fixer_dag.py
[2025-05-03T00:59:14.578+0000] {processor.py:914} INFO - Processing file /opt/airflow/dags/permission_fixer_dag.py for tasks to queue
[2025-05-03T00:59:14.579+0000] {logging_mixin.py:190} INFO - [2025-05-03T00:59:14.579+0000] {dagbag.py:588} INFO - Filling up the DagBag from /opt/airflow/dags/permission_fixer_dag.py
[2025-05-03T00:59:14.583+0000] {processor.py:925} INFO - DAG(s) 'fix_permissions_dag' retrieved from /opt/airflow/dags/permission_fixer_dag.py
[2025-05-03T00:59:14.592+0000] {logging_mixin.py:190} INFO - [2025-05-03T00:59:14.592+0000] {dag.py:3239} INFO - Sync 1 DAGs
[2025-05-03T00:59:14.600+0000] {logging_mixin.py:190} INFO - [2025-05-03T00:59:14.600+0000] {dag.py:4180} INFO - Setting next_dagrun for fix_permissions_dag to None, run_after=None
[2025-05-03T00:59:14.607+0000] {processor.py:208} INFO - Processing /opt/airflow/dags/permission_fixer_dag.py took 0.032 seconds
[2025-05-03T00:59:45.510+0000] {processor.py:186} INFO - Started process (PID=208) to work on /opt/airflow/dags/permission_fixer_dag.py
[2025-05-03T00:59:45.511+0000] {processor.py:914} INFO - Processing file /opt/airflow/dags/permission_fixer_dag.py for tasks to queue
[2025-05-03T00:59:45.512+0000] {logging_mixin.py:190} INFO - [2025-05-03T00:59:45.512+0000] {dagbag.py:588} INFO - Filling up the DagBag from /opt/airflow/dags/permission_fixer_dag.py
[2025-05-03T00:59:45.516+0000] {processor.py:925} INFO - DAG(s) 'fix_permissions_dag' retrieved from /opt/airflow/dags/permission_fixer_dag.py
[2025-05-03T00:59:45.526+0000] {logging_mixin.py:190} INFO - [2025-05-03T00:59:45.526+0000] {dag.py:3239} INFO - Sync 1 DAGs
[2025-05-03T00:59:45.533+0000] {logging_mixin.py:190} INFO - [2025-05-03T00:59:45.532+0000] {dag.py:4180} INFO - Setting next_dagrun for fix_permissions_dag to None, run_after=None
[2025-05-03T00:59:45.540+0000] {processor.py:208} INFO - Processing /opt/airflow/dags/permission_fixer_dag.py took 0.032 seconds
[2025-05-03T01:00:16.218+0000] {processor.py:186} INFO - Started process (PID=213) to work on /opt/airflow/dags/permission_fixer_dag.py
[2025-05-03T01:00:16.218+0000] {processor.py:914} INFO - Processing file /opt/airflow/dags/permission_fixer_dag.py for tasks to queue
[2025-05-03T01:00:16.219+0000] {logging_mixin.py:190} INFO - [2025-05-03T01:00:16.219+0000] {dagbag.py:588} INFO - Filling up the DagBag from /opt/airflow/dags/permission_fixer_dag.py
[2025-05-03T01:00:16.225+0000] {processor.py:925} INFO - DAG(s) 'fix_permissions_dag' retrieved from /opt/airflow/dags/permission_fixer_dag.py
[2025-05-03T01:00:16.240+0000] {logging_mixin.py:190} INFO - [2025-05-03T01:00:16.239+0000] {dag.py:3239} INFO - Sync 1 DAGs
[2025-05-03T01:00:16.247+0000] {logging_mixin.py:190} INFO - [2025-05-03T01:00:16.247+0000] {dag.py:4180} INFO - Setting next_dagrun for fix_permissions_dag to None, run_after=None
[2025-05-03T01:00:16.254+0000] {processor.py:208} INFO - Processing /opt/airflow/dags/permission_fixer_dag.py took 0.040 seconds
[2025-05-03T01:00:46.674+0000] {processor.py:186} INFO - Started process (PID=218) to work on /opt/airflow/dags/permission_fixer_dag.py
[2025-05-03T01:00:46.674+0000] {processor.py:914} INFO - Processing file /opt/airflow/dags/permission_fixer_dag.py for tasks to queue
[2025-05-03T01:00:46.675+0000] {logging_mixin.py:190} INFO - [2025-05-03T01:00:46.675+0000] {dagbag.py:588} INFO - Filling up the DagBag from /opt/airflow/dags/permission_fixer_dag.py
[2025-05-03T01:00:46.679+0000] {processor.py:925} INFO - DAG(s) 'fix_permissions_dag' retrieved from /opt/airflow/dags/permission_fixer_dag.py
[2025-05-03T01:00:46.689+0000] {logging_mixin.py:190} INFO - [2025-05-03T01:00:46.689+0000] {dag.py:3239} INFO - Sync 1 DAGs
[2025-05-03T01:00:46.696+0000] {logging_mixin.py:190} INFO - [2025-05-03T01:00:46.696+0000] {dag.py:4180} INFO - Setting next_dagrun for fix_permissions_dag to None, run_after=None
[2025-05-03T01:00:46.704+0000] {processor.py:208} INFO - Processing /opt/airflow/dags/permission_fixer_dag.py took 0.033 seconds
[2025-05-03T01:01:17.339+0000] {processor.py:186} INFO - Started process (PID=223) to work on /opt/airflow/dags/permission_fixer_dag.py
[2025-05-03T01:01:17.339+0000] {processor.py:914} INFO - Processing file /opt/airflow/dags/permission_fixer_dag.py for tasks to queue
[2025-05-03T01:01:17.340+0000] {logging_mixin.py:190} INFO - [2025-05-03T01:01:17.340+0000] {dagbag.py:588} INFO - Filling up the DagBag from /opt/airflow/dags/permission_fixer_dag.py
[2025-05-03T01:01:17.345+0000] {processor.py:925} INFO - DAG(s) 'fix_permissions_dag' retrieved from /opt/airflow/dags/permission_fixer_dag.py
[2025-05-03T01:01:17.357+0000] {logging_mixin.py:190} INFO - [2025-05-03T01:01:17.357+0000] {dag.py:3239} INFO - Sync 1 DAGs
[2025-05-03T01:01:17.364+0000] {logging_mixin.py:190} INFO - [2025-05-03T01:01:17.364+0000] {dag.py:4180} INFO - Setting next_dagrun for fix_permissions_dag to None, run_after=None
[2025-05-03T01:01:17.375+0000] {processor.py:208} INFO - Processing /opt/airflow/dags/permission_fixer_dag.py took 0.039 seconds
[2025-05-03T01:01:47.884+0000] {processor.py:186} INFO - Started process (PID=228) to work on /opt/airflow/dags/permission_fixer_dag.py
[2025-05-03T01:01:47.885+0000] {processor.py:914} INFO - Processing file /opt/airflow/dags/permission_fixer_dag.py for tasks to queue
[2025-05-03T01:01:47.885+0000] {logging_mixin.py:190} INFO - [2025-05-03T01:01:47.885+0000] {dagbag.py:588} INFO - Filling up the DagBag from /opt/airflow/dags/permission_fixer_dag.py
[2025-05-03T01:01:47.889+0000] {processor.py:925} INFO - DAG(s) 'fix_permissions_dag' retrieved from /opt/airflow/dags/permission_fixer_dag.py
[2025-05-03T01:01:47.899+0000] {logging_mixin.py:190} INFO - [2025-05-03T01:01:47.899+0000] {dag.py:3239} INFO - Sync 1 DAGs
[2025-05-03T01:01:47.905+0000] {logging_mixin.py:190} INFO - [2025-05-03T01:01:47.905+0000] {dag.py:4180} INFO - Setting next_dagrun for fix_permissions_dag to None, run_after=None
[2025-05-03T01:01:47.912+0000] {processor.py:208} INFO - Processing /opt/airflow/dags/permission_fixer_dag.py took 0.030 seconds
[2025-05-03T01:02:18.675+0000] {processor.py:186} INFO - Started process (PID=233) to work on /opt/airflow/dags/permission_fixer_dag.py
[2025-05-03T01:02:18.676+0000] {processor.py:914} INFO - Processing file /opt/airflow/dags/permission_fixer_dag.py for tasks to queue
[2025-05-03T01:02:18.676+0000] {logging_mixin.py:190} INFO - [2025-05-03T01:02:18.676+0000] {dagbag.py:588} INFO - Filling up the DagBag from /opt/airflow/dags/permission_fixer_dag.py
[2025-05-03T01:02:18.681+0000] {processor.py:925} INFO - DAG(s) 'fix_permissions_dag' retrieved from /opt/airflow/dags/permission_fixer_dag.py
[2025-05-03T01:02:18.691+0000] {logging_mixin.py:190} INFO - [2025-05-03T01:02:18.690+0000] {dag.py:3239} INFO - Sync 1 DAGs
[2025-05-03T01:02:18.697+0000] {logging_mixin.py:190} INFO - [2025-05-03T01:02:18.697+0000] {dag.py:4180} INFO - Setting next_dagrun for fix_permissions_dag to None, run_after=None
[2025-05-03T01:02:18.703+0000] {processor.py:208} INFO - Processing /opt/airflow/dags/permission_fixer_dag.py took 0.031 seconds
[2025-05-03T01:02:49.245+0000] {processor.py:186} INFO - Started process (PID=238) to work on /opt/airflow/dags/permission_fixer_dag.py
[2025-05-03T01:02:49.245+0000] {processor.py:914} INFO - Processing file /opt/airflow/dags/permission_fixer_dag.py for tasks to queue
[2025-05-03T01:02:49.246+0000] {logging_mixin.py:190} INFO - [2025-05-03T01:02:49.246+0000] {dagbag.py:588} INFO - Filling up the DagBag from /opt/airflow/dags/permission_fixer_dag.py
[2025-05-03T01:02:49.250+0000] {processor.py:925} INFO - DAG(s) 'fix_permissions_dag' retrieved from /opt/airflow/dags/permission_fixer_dag.py
[2025-05-03T01:02:49.260+0000] {logging_mixin.py:190} INFO - [2025-05-03T01:02:49.260+0000] {dag.py:3239} INFO - Sync 1 DAGs
[2025-05-03T01:02:49.266+0000] {logging_mixin.py:190} INFO - [2025-05-03T01:02:49.265+0000] {dag.py:4180} INFO - Setting next_dagrun for fix_permissions_dag to None, run_after=None
[2025-05-03T01:02:49.273+0000] {processor.py:208} INFO - Processing /opt/airflow/dags/permission_fixer_dag.py took 0.031 seconds
[2025-05-03T01:03:19.854+0000] {processor.py:186} INFO - Started process (PID=243) to work on /opt/airflow/dags/permission_fixer_dag.py
[2025-05-03T01:03:19.854+0000] {processor.py:914} INFO - Processing file /opt/airflow/dags/permission_fixer_dag.py for tasks to queue
[2025-05-03T01:03:19.855+0000] {logging_mixin.py:190} INFO - [2025-05-03T01:03:19.855+0000] {dagbag.py:588} INFO - Filling up the DagBag from /opt/airflow/dags/permission_fixer_dag.py
[2025-05-03T01:03:19.859+0000] {processor.py:925} INFO - DAG(s) 'fix_permissions_dag' retrieved from /opt/airflow/dags/permission_fixer_dag.py
[2025-05-03T01:03:19.869+0000] {logging_mixin.py:190} INFO - [2025-05-03T01:03:19.868+0000] {dag.py:3239} INFO - Sync 1 DAGs
[2025-05-03T01:03:19.874+0000] {logging_mixin.py:190} INFO - [2025-05-03T01:03:19.874+0000] {dag.py:4180} INFO - Setting next_dagrun for fix_permissions_dag to None, run_after=None
[2025-05-03T01:03:19.881+0000] {processor.py:208} INFO - Processing /opt/airflow/dags/permission_fixer_dag.py took 0.030 seconds
[2025-05-03T01:03:50.477+0000] {processor.py:186} INFO - Started process (PID=248) to work on /opt/airflow/dags/permission_fixer_dag.py
[2025-05-03T01:03:50.477+0000] {processor.py:914} INFO - Processing file /opt/airflow/dags/permission_fixer_dag.py for tasks to queue
[2025-05-03T01:03:50.478+0000] {logging_mixin.py:190} INFO - [2025-05-03T01:03:50.478+0000] {dagbag.py:588} INFO - Filling up the DagBag from /opt/airflow/dags/permission_fixer_dag.py
[2025-05-03T01:03:50.482+0000] {processor.py:925} INFO - DAG(s) 'fix_permissions_dag' retrieved from /opt/airflow/dags/permission_fixer_dag.py
[2025-05-03T01:03:50.491+0000] {logging_mixin.py:190} INFO - [2025-05-03T01:03:50.491+0000] {dag.py:3239} INFO - Sync 1 DAGs
[2025-05-03T01:03:50.497+0000] {logging_mixin.py:190} INFO - [2025-05-03T01:03:50.497+0000] {dag.py:4180} INFO - Setting next_dagrun for fix_permissions_dag to None, run_after=None
[2025-05-03T01:03:50.503+0000] {processor.py:208} INFO - Processing /opt/airflow/dags/permission_fixer_dag.py took 0.030 seconds
[2025-05-03T01:04:21.113+0000] {processor.py:186} INFO - Started process (PID=253) to work on /opt/airflow/dags/permission_fixer_dag.py
[2025-05-03T01:04:21.114+0000] {processor.py:914} INFO - Processing file /opt/airflow/dags/permission_fixer_dag.py for tasks to queue
[2025-05-03T01:04:21.114+0000] {logging_mixin.py:190} INFO - [2025-05-03T01:04:21.114+0000] {dagbag.py:588} INFO - Filling up the DagBag from /opt/airflow/dags/permission_fixer_dag.py
[2025-05-03T01:04:21.119+0000] {processor.py:925} INFO - DAG(s) 'fix_permissions_dag' retrieved from /opt/airflow/dags/permission_fixer_dag.py
[2025-05-03T01:04:21.128+0000] {logging_mixin.py:190} INFO - [2025-05-03T01:04:21.128+0000] {dag.py:3239} INFO - Sync 1 DAGs
[2025-05-03T01:04:21.134+0000] {logging_mixin.py:190} INFO - [2025-05-03T01:04:21.134+0000] {dag.py:4180} INFO - Setting next_dagrun for fix_permissions_dag to None, run_after=None
[2025-05-03T01:04:21.142+0000] {processor.py:208} INFO - Processing /opt/airflow/dags/permission_fixer_dag.py took 0.032 seconds
[2025-05-03T01:04:51.722+0000] {processor.py:186} INFO - Started process (PID=258) to work on /opt/airflow/dags/permission_fixer_dag.py
[2025-05-03T01:04:51.722+0000] {processor.py:914} INFO - Processing file /opt/airflow/dags/permission_fixer_dag.py for tasks to queue
[2025-05-03T01:04:51.723+0000] {logging_mixin.py:190} INFO - [2025-05-03T01:04:51.723+0000] {dagbag.py:588} INFO - Filling up the DagBag from /opt/airflow/dags/permission_fixer_dag.py
[2025-05-03T01:04:51.727+0000] {processor.py:925} INFO - DAG(s) 'fix_permissions_dag' retrieved from /opt/airflow/dags/permission_fixer_dag.py
[2025-05-03T01:04:51.737+0000] {logging_mixin.py:190} INFO - [2025-05-03T01:04:51.737+0000] {dag.py:3239} INFO - Sync 1 DAGs
[2025-05-03T01:04:51.743+0000] {logging_mixin.py:190} INFO - [2025-05-03T01:04:51.743+0000] {dag.py:4180} INFO - Setting next_dagrun for fix_permissions_dag to None, run_after=None
[2025-05-03T01:04:51.750+0000] {processor.py:208} INFO - Processing /opt/airflow/dags/permission_fixer_dag.py took 0.031 seconds
[2025-05-03T01:05:22.424+0000] {processor.py:186} INFO - Started process (PID=263) to work on /opt/airflow/dags/permission_fixer_dag.py
[2025-05-03T01:05:22.425+0000] {processor.py:914} INFO - Processing file /opt/airflow/dags/permission_fixer_dag.py for tasks to queue
[2025-05-03T01:05:22.425+0000] {logging_mixin.py:190} INFO - [2025-05-03T01:05:22.425+0000] {dagbag.py:588} INFO - Filling up the DagBag from /opt/airflow/dags/permission_fixer_dag.py
[2025-05-03T01:05:22.430+0000] {processor.py:925} INFO - DAG(s) 'fix_permissions_dag' retrieved from /opt/airflow/dags/permission_fixer_dag.py
[2025-05-03T01:05:22.440+0000] {logging_mixin.py:190} INFO - [2025-05-03T01:05:22.440+0000] {dag.py:3239} INFO - Sync 1 DAGs
[2025-05-03T01:05:22.446+0000] {logging_mixin.py:190} INFO - [2025-05-03T01:05:22.446+0000] {dag.py:4180} INFO - Setting next_dagrun for fix_permissions_dag to None, run_after=None
[2025-05-03T01:05:22.453+0000] {processor.py:208} INFO - Processing /opt/airflow/dags/permission_fixer_dag.py took 0.031 seconds
[2025-05-03T01:05:52.932+0000] {processor.py:186} INFO - Started process (PID=268) to work on /opt/airflow/dags/permission_fixer_dag.py
[2025-05-03T01:05:52.933+0000] {processor.py:914} INFO - Processing file /opt/airflow/dags/permission_fixer_dag.py for tasks to queue
[2025-05-03T01:05:52.933+0000] {logging_mixin.py:190} INFO - [2025-05-03T01:05:52.933+0000] {dagbag.py:588} INFO - Filling up the DagBag from /opt/airflow/dags/permission_fixer_dag.py
[2025-05-03T01:05:52.937+0000] {processor.py:925} INFO - DAG(s) 'fix_permissions_dag' retrieved from /opt/airflow/dags/permission_fixer_dag.py
[2025-05-03T01:05:52.947+0000] {logging_mixin.py:190} INFO - [2025-05-03T01:05:52.947+0000] {dag.py:3239} INFO - Sync 1 DAGs
[2025-05-03T01:05:52.953+0000] {logging_mixin.py:190} INFO - [2025-05-03T01:05:52.953+0000] {dag.py:4180} INFO - Setting next_dagrun for fix_permissions_dag to None, run_after=None
[2025-05-03T01:05:52.960+0000] {processor.py:208} INFO - Processing /opt/airflow/dags/permission_fixer_dag.py took 0.031 seconds
[2025-05-03T01:06:23.467+0000] {processor.py:186} INFO - Started process (PID=273) to work on /opt/airflow/dags/permission_fixer_dag.py
[2025-05-03T01:06:23.467+0000] {processor.py:914} INFO - Processing file /opt/airflow/dags/permission_fixer_dag.py for tasks to queue
[2025-05-03T01:06:23.468+0000] {logging_mixin.py:190} INFO - [2025-05-03T01:06:23.468+0000] {dagbag.py:588} INFO - Filling up the DagBag from /opt/airflow/dags/permission_fixer_dag.py
[2025-05-03T01:06:23.472+0000] {processor.py:925} INFO - DAG(s) 'fix_permissions_dag' retrieved from /opt/airflow/dags/permission_fixer_dag.py
[2025-05-03T01:06:23.484+0000] {logging_mixin.py:190} INFO - [2025-05-03T01:06:23.483+0000] {dag.py:3239} INFO - Sync 1 DAGs
[2025-05-03T01:06:23.491+0000] {logging_mixin.py:190} INFO - [2025-05-03T01:06:23.490+0000] {dag.py:4180} INFO - Setting next_dagrun for fix_permissions_dag to None, run_after=None
[2025-05-03T01:06:23.499+0000] {processor.py:208} INFO - Processing /opt/airflow/dags/permission_fixer_dag.py took 0.034 seconds
[2025-05-03T01:06:54.047+0000] {processor.py:186} INFO - Started process (PID=278) to work on /opt/airflow/dags/permission_fixer_dag.py
[2025-05-03T01:06:54.049+0000] {processor.py:914} INFO - Processing file /opt/airflow/dags/permission_fixer_dag.py for tasks to queue
[2025-05-03T01:06:54.049+0000] {logging_mixin.py:190} INFO - [2025-05-03T01:06:54.049+0000] {dagbag.py:588} INFO - Filling up the DagBag from /opt/airflow/dags/permission_fixer_dag.py
[2025-05-03T01:06:54.053+0000] {processor.py:925} INFO - DAG(s) 'fix_permissions_dag' retrieved from /opt/airflow/dags/permission_fixer_dag.py
[2025-05-03T01:06:54.063+0000] {logging_mixin.py:190} INFO - [2025-05-03T01:06:54.063+0000] {dag.py:3239} INFO - Sync 1 DAGs
[2025-05-03T01:06:54.070+0000] {logging_mixin.py:190} INFO - [2025-05-03T01:06:54.069+0000] {dag.py:4180} INFO - Setting next_dagrun for fix_permissions_dag to None, run_after=None
[2025-05-03T01:06:54.077+0000] {processor.py:208} INFO - Processing /opt/airflow/dags/permission_fixer_dag.py took 0.033 seconds
[2025-05-03T01:07:24.571+0000] {processor.py:186} INFO - Started process (PID=283) to work on /opt/airflow/dags/permission_fixer_dag.py
[2025-05-03T01:07:24.572+0000] {processor.py:914} INFO - Processing file /opt/airflow/dags/permission_fixer_dag.py for tasks to queue
[2025-05-03T01:07:24.572+0000] {logging_mixin.py:190} INFO - [2025-05-03T01:07:24.572+0000] {dagbag.py:588} INFO - Filling up the DagBag from /opt/airflow/dags/permission_fixer_dag.py
[2025-05-03T01:07:24.576+0000] {processor.py:925} INFO - DAG(s) 'fix_permissions_dag' retrieved from /opt/airflow/dags/permission_fixer_dag.py
[2025-05-03T01:07:24.586+0000] {logging_mixin.py:190} INFO - [2025-05-03T01:07:24.586+0000] {dag.py:3239} INFO - Sync 1 DAGs
[2025-05-03T01:07:24.592+0000] {logging_mixin.py:190} INFO - [2025-05-03T01:07:24.592+0000] {dag.py:4180} INFO - Setting next_dagrun for fix_permissions_dag to None, run_after=None
[2025-05-03T01:07:24.599+0000] {processor.py:208} INFO - Processing /opt/airflow/dags/permission_fixer_dag.py took 0.030 seconds
[2025-05-03T01:07:55.244+0000] {processor.py:186} INFO - Started process (PID=288) to work on /opt/airflow/dags/permission_fixer_dag.py
[2025-05-03T01:07:55.245+0000] {processor.py:914} INFO - Processing file /opt/airflow/dags/permission_fixer_dag.py for tasks to queue
[2025-05-03T01:07:55.245+0000] {logging_mixin.py:190} INFO - [2025-05-03T01:07:55.245+0000] {dagbag.py:588} INFO - Filling up the DagBag from /opt/airflow/dags/permission_fixer_dag.py
[2025-05-03T01:07:55.250+0000] {processor.py:925} INFO - DAG(s) 'fix_permissions_dag' retrieved from /opt/airflow/dags/permission_fixer_dag.py
[2025-05-03T01:07:55.261+0000] {logging_mixin.py:190} INFO - [2025-05-03T01:07:55.260+0000] {dag.py:3239} INFO - Sync 1 DAGs
[2025-05-03T01:07:55.267+0000] {logging_mixin.py:190} INFO - [2025-05-03T01:07:55.267+0000] {dag.py:4180} INFO - Setting next_dagrun for fix_permissions_dag to None, run_after=None
[2025-05-03T01:07:55.273+0000] {processor.py:208} INFO - Processing /opt/airflow/dags/permission_fixer_dag.py took 0.031 seconds
[2025-05-03T01:08:25.935+0000] {processor.py:186} INFO - Started process (PID=293) to work on /opt/airflow/dags/permission_fixer_dag.py
[2025-05-03T01:08:25.935+0000] {processor.py:914} INFO - Processing file /opt/airflow/dags/permission_fixer_dag.py for tasks to queue
[2025-05-03T01:08:25.936+0000] {logging_mixin.py:190} INFO - [2025-05-03T01:08:25.936+0000] {dagbag.py:588} INFO - Filling up the DagBag from /opt/airflow/dags/permission_fixer_dag.py
[2025-05-03T01:08:25.940+0000] {processor.py:925} INFO - DAG(s) 'fix_permissions_dag' retrieved from /opt/airflow/dags/permission_fixer_dag.py
[2025-05-03T01:08:25.952+0000] {logging_mixin.py:190} INFO - [2025-05-03T01:08:25.952+0000] {dag.py:3239} INFO - Sync 1 DAGs
[2025-05-03T01:08:25.958+0000] {logging_mixin.py:190} INFO - [2025-05-03T01:08:25.958+0000] {dag.py:4180} INFO - Setting next_dagrun for fix_permissions_dag to None, run_after=None
[2025-05-03T01:08:25.966+0000] {processor.py:208} INFO - Processing /opt/airflow/dags/permission_fixer_dag.py took 0.034 seconds
[2025-05-03T01:08:56.777+0000] {processor.py:186} INFO - Started process (PID=298) to work on /opt/airflow/dags/permission_fixer_dag.py
[2025-05-03T01:08:56.778+0000] {processor.py:914} INFO - Processing file /opt/airflow/dags/permission_fixer_dag.py for tasks to queue
[2025-05-03T01:08:56.778+0000] {logging_mixin.py:190} INFO - [2025-05-03T01:08:56.778+0000] {dagbag.py:588} INFO - Filling up the DagBag from /opt/airflow/dags/permission_fixer_dag.py
[2025-05-03T01:08:56.782+0000] {processor.py:925} INFO - DAG(s) 'fix_permissions_dag' retrieved from /opt/airflow/dags/permission_fixer_dag.py
[2025-05-03T01:08:56.792+0000] {logging_mixin.py:190} INFO - [2025-05-03T01:08:56.792+0000] {dag.py:3239} INFO - Sync 1 DAGs
[2025-05-03T01:08:56.798+0000] {logging_mixin.py:190} INFO - [2025-05-03T01:08:56.798+0000] {dag.py:4180} INFO - Setting next_dagrun for fix_permissions_dag to None, run_after=None
[2025-05-03T01:08:56.806+0000] {processor.py:208} INFO - Processing /opt/airflow/dags/permission_fixer_dag.py took 0.032 seconds
[2025-05-03T01:09:27.454+0000] {processor.py:186} INFO - Started process (PID=303) to work on /opt/airflow/dags/permission_fixer_dag.py
[2025-05-03T01:09:27.454+0000] {processor.py:914} INFO - Processing file /opt/airflow/dags/permission_fixer_dag.py for tasks to queue
[2025-05-03T01:09:27.455+0000] {logging_mixin.py:190} INFO - [2025-05-03T01:09:27.455+0000] {dagbag.py:588} INFO - Filling up the DagBag from /opt/airflow/dags/permission_fixer_dag.py
[2025-05-03T01:09:27.460+0000] {processor.py:925} INFO - DAG(s) 'fix_permissions_dag' retrieved from /opt/airflow/dags/permission_fixer_dag.py
[2025-05-03T01:09:27.471+0000] {logging_mixin.py:190} INFO - [2025-05-03T01:09:27.471+0000] {dag.py:3239} INFO - Sync 1 DAGs
[2025-05-03T01:09:27.478+0000] {logging_mixin.py:190} INFO - [2025-05-03T01:09:27.478+0000] {dag.py:4180} INFO - Setting next_dagrun for fix_permissions_dag to None, run_after=None
[2025-05-03T01:09:27.486+0000] {processor.py:208} INFO - Processing /opt/airflow/dags/permission_fixer_dag.py took 0.036 seconds
[2025-05-03T01:09:58.000+0000] {processor.py:186} INFO - Started process (PID=308) to work on /opt/airflow/dags/permission_fixer_dag.py
[2025-05-03T01:09:58.000+0000] {processor.py:914} INFO - Processing file /opt/airflow/dags/permission_fixer_dag.py for tasks to queue
[2025-05-03T01:09:58.001+0000] {logging_mixin.py:190} INFO - [2025-05-03T01:09:58.001+0000] {dagbag.py:588} INFO - Filling up the DagBag from /opt/airflow/dags/permission_fixer_dag.py
[2025-05-03T01:09:58.005+0000] {processor.py:925} INFO - DAG(s) 'fix_permissions_dag' retrieved from /opt/airflow/dags/permission_fixer_dag.py
[2025-05-03T01:09:58.014+0000] {logging_mixin.py:190} INFO - [2025-05-03T01:09:58.013+0000] {dag.py:3239} INFO - Sync 1 DAGs
[2025-05-03T01:09:58.019+0000] {logging_mixin.py:190} INFO - [2025-05-03T01:09:58.019+0000] {dag.py:4180} INFO - Setting next_dagrun for fix_permissions_dag to None, run_after=None
[2025-05-03T01:09:58.025+0000] {processor.py:208} INFO - Processing /opt/airflow/dags/permission_fixer_dag.py took 0.028 seconds
[2025-05-03T01:10:28.587+0000] {processor.py:186} INFO - Started process (PID=313) to work on /opt/airflow/dags/permission_fixer_dag.py
[2025-05-03T01:10:28.587+0000] {processor.py:914} INFO - Processing file /opt/airflow/dags/permission_fixer_dag.py for tasks to queue
[2025-05-03T01:10:28.587+0000] {logging_mixin.py:190} INFO - [2025-05-03T01:10:28.587+0000] {dagbag.py:588} INFO - Filling up the DagBag from /opt/airflow/dags/permission_fixer_dag.py
[2025-05-03T01:10:28.592+0000] {processor.py:925} INFO - DAG(s) 'fix_permissions_dag' retrieved from /opt/airflow/dags/permission_fixer_dag.py
[2025-05-03T01:10:28.601+0000] {logging_mixin.py:190} INFO - [2025-05-03T01:10:28.601+0000] {dag.py:3239} INFO - Sync 1 DAGs
[2025-05-03T01:10:28.607+0000] {logging_mixin.py:190} INFO - [2025-05-03T01:10:28.607+0000] {dag.py:4180} INFO - Setting next_dagrun for fix_permissions_dag to None, run_after=None
[2025-05-03T01:10:28.614+0000] {processor.py:208} INFO - Processing /opt/airflow/dags/permission_fixer_dag.py took 0.030 seconds
[2025-05-03T01:10:59.310+0000] {processor.py:186} INFO - Started process (PID=318) to work on /opt/airflow/dags/permission_fixer_dag.py
[2025-05-03T01:10:59.311+0000] {processor.py:914} INFO - Processing file /opt/airflow/dags/permission_fixer_dag.py for tasks to queue
[2025-05-03T01:10:59.311+0000] {logging_mixin.py:190} INFO - [2025-05-03T01:10:59.311+0000] {dagbag.py:588} INFO - Filling up the DagBag from /opt/airflow/dags/permission_fixer_dag.py
[2025-05-03T01:10:59.316+0000] {processor.py:925} INFO - DAG(s) 'fix_permissions_dag' retrieved from /opt/airflow/dags/permission_fixer_dag.py
[2025-05-03T01:10:59.326+0000] {logging_mixin.py:190} INFO - [2025-05-03T01:10:59.326+0000] {dag.py:3239} INFO - Sync 1 DAGs
[2025-05-03T01:10:59.331+0000] {logging_mixin.py:190} INFO - [2025-05-03T01:10:59.331+0000] {dag.py:4180} INFO - Setting next_dagrun for fix_permissions_dag to None, run_after=None
[2025-05-03T01:10:59.338+0000] {processor.py:208} INFO - Processing /opt/airflow/dags/permission_fixer_dag.py took 0.031 seconds
[2025-05-03T01:11:29.934+0000] {processor.py:186} INFO - Started process (PID=323) to work on /opt/airflow/dags/permission_fixer_dag.py
[2025-05-03T01:11:29.934+0000] {processor.py:914} INFO - Processing file /opt/airflow/dags/permission_fixer_dag.py for tasks to queue
[2025-05-03T01:11:29.935+0000] {logging_mixin.py:190} INFO - [2025-05-03T01:11:29.935+0000] {dagbag.py:588} INFO - Filling up the DagBag from /opt/airflow/dags/permission_fixer_dag.py
[2025-05-03T01:11:29.939+0000] {processor.py:925} INFO - DAG(s) 'fix_permissions_dag' retrieved from /opt/airflow/dags/permission_fixer_dag.py
[2025-05-03T01:11:29.948+0000] {logging_mixin.py:190} INFO - [2025-05-03T01:11:29.948+0000] {dag.py:3239} INFO - Sync 1 DAGs
[2025-05-03T01:11:29.953+0000] {logging_mixin.py:190} INFO - [2025-05-03T01:11:29.953+0000] {dag.py:4180} INFO - Setting next_dagrun for fix_permissions_dag to None, run_after=None
[2025-05-03T01:11:29.960+0000] {processor.py:208} INFO - Processing /opt/airflow/dags/permission_fixer_dag.py took 0.028 seconds
[2025-05-03T01:12:00.273+0000] {processor.py:186} INFO - Started process (PID=328) to work on /opt/airflow/dags/permission_fixer_dag.py
[2025-05-03T01:12:00.274+0000] {processor.py:914} INFO - Processing file /opt/airflow/dags/permission_fixer_dag.py for tasks to queue
[2025-05-03T01:12:00.274+0000] {logging_mixin.py:190} INFO - [2025-05-03T01:12:00.274+0000] {dagbag.py:588} INFO - Filling up the DagBag from /opt/airflow/dags/permission_fixer_dag.py
[2025-05-03T01:12:00.278+0000] {processor.py:925} INFO - DAG(s) 'fix_permissions_dag' retrieved from /opt/airflow/dags/permission_fixer_dag.py
[2025-05-03T01:12:00.288+0000] {logging_mixin.py:190} INFO - [2025-05-03T01:12:00.288+0000] {dag.py:3239} INFO - Sync 1 DAGs
[2025-05-03T01:12:00.294+0000] {logging_mixin.py:190} INFO - [2025-05-03T01:12:00.294+0000] {dag.py:4180} INFO - Setting next_dagrun for fix_permissions_dag to None, run_after=None
[2025-05-03T01:12:00.302+0000] {processor.py:208} INFO - Processing /opt/airflow/dags/permission_fixer_dag.py took 0.031 seconds
[2025-05-03T01:32:16.508+0000] {processor.py:186} INFO - Started process (PID=333) to work on /opt/airflow/dags/permission_fixer_dag.py
[2025-05-03T01:32:16.509+0000] {processor.py:914} INFO - Processing file /opt/airflow/dags/permission_fixer_dag.py for tasks to queue
[2025-05-03T01:32:16.510+0000] {logging_mixin.py:190} INFO - [2025-05-03T01:32:16.510+0000] {dagbag.py:588} INFO - Filling up the DagBag from /opt/airflow/dags/permission_fixer_dag.py
[2025-05-03T01:32:16.515+0000] {processor.py:925} INFO - DAG(s) 'fix_permissions_dag' retrieved from /opt/airflow/dags/permission_fixer_dag.py
[2025-05-03T01:32:16.528+0000] {logging_mixin.py:190} INFO - [2025-05-03T01:32:16.527+0000] {dag.py:3239} INFO - Sync 1 DAGs
[2025-05-03T01:32:16.534+0000] {logging_mixin.py:190} INFO - [2025-05-03T01:32:16.534+0000] {dag.py:4180} INFO - Setting next_dagrun for fix_permissions_dag to None, run_after=None
[2025-05-03T01:32:16.542+0000] {processor.py:208} INFO - Processing /opt/airflow/dags/permission_fixer_dag.py took 0.037 seconds
[2025-05-03T01:32:47.097+0000] {processor.py:186} INFO - Started process (PID=338) to work on /opt/airflow/dags/permission_fixer_dag.py
[2025-05-03T01:32:47.098+0000] {processor.py:914} INFO - Processing file /opt/airflow/dags/permission_fixer_dag.py for tasks to queue
[2025-05-03T01:32:47.098+0000] {logging_mixin.py:190} INFO - [2025-05-03T01:32:47.098+0000] {dagbag.py:588} INFO - Filling up the DagBag from /opt/airflow/dags/permission_fixer_dag.py
[2025-05-03T01:32:47.102+0000] {processor.py:925} INFO - DAG(s) 'fix_permissions_dag' retrieved from /opt/airflow/dags/permission_fixer_dag.py
[2025-05-03T01:32:47.112+0000] {logging_mixin.py:190} INFO - [2025-05-03T01:32:47.112+0000] {dag.py:3239} INFO - Sync 1 DAGs
[2025-05-03T01:32:47.118+0000] {logging_mixin.py:190} INFO - [2025-05-03T01:32:47.118+0000] {dag.py:4180} INFO - Setting next_dagrun for fix_permissions_dag to None, run_after=None
[2025-05-03T01:32:47.125+0000] {processor.py:208} INFO - Processing /opt/airflow/dags/permission_fixer_dag.py took 0.031 seconds
[2025-05-03T01:33:17.801+0000] {processor.py:186} INFO - Started process (PID=343) to work on /opt/airflow/dags/permission_fixer_dag.py
[2025-05-03T01:33:17.802+0000] {processor.py:914} INFO - Processing file /opt/airflow/dags/permission_fixer_dag.py for tasks to queue
[2025-05-03T01:33:17.802+0000] {logging_mixin.py:190} INFO - [2025-05-03T01:33:17.802+0000] {dagbag.py:588} INFO - Filling up the DagBag from /opt/airflow/dags/permission_fixer_dag.py
[2025-05-03T01:33:17.807+0000] {processor.py:925} INFO - DAG(s) 'fix_permissions_dag' retrieved from /opt/airflow/dags/permission_fixer_dag.py
[2025-05-03T01:33:17.820+0000] {logging_mixin.py:190} INFO - [2025-05-03T01:33:17.819+0000] {dag.py:3239} INFO - Sync 1 DAGs
[2025-05-03T01:33:17.826+0000] {logging_mixin.py:190} INFO - [2025-05-03T01:33:17.826+0000] {dag.py:4180} INFO - Setting next_dagrun for fix_permissions_dag to None, run_after=None
[2025-05-03T01:33:17.834+0000] {processor.py:208} INFO - Processing /opt/airflow/dags/permission_fixer_dag.py took 0.036 seconds
[2025-05-03T01:33:48.390+0000] {processor.py:186} INFO - Started process (PID=348) to work on /opt/airflow/dags/permission_fixer_dag.py
[2025-05-03T01:33:48.390+0000] {processor.py:914} INFO - Processing file /opt/airflow/dags/permission_fixer_dag.py for tasks to queue
[2025-05-03T01:33:48.391+0000] {logging_mixin.py:190} INFO - [2025-05-03T01:33:48.391+0000] {dagbag.py:588} INFO - Filling up the DagBag from /opt/airflow/dags/permission_fixer_dag.py
[2025-05-03T01:33:48.395+0000] {processor.py:925} INFO - DAG(s) 'fix_permissions_dag' retrieved from /opt/airflow/dags/permission_fixer_dag.py
[2025-05-03T01:33:48.406+0000] {logging_mixin.py:190} INFO - [2025-05-03T01:33:48.406+0000] {dag.py:3239} INFO - Sync 1 DAGs
[2025-05-03T01:33:48.411+0000] {logging_mixin.py:190} INFO - [2025-05-03T01:33:48.411+0000] {dag.py:4180} INFO - Setting next_dagrun for fix_permissions_dag to None, run_after=None
[2025-05-03T01:33:48.418+0000] {processor.py:208} INFO - Processing /opt/airflow/dags/permission_fixer_dag.py took 0.031 seconds
[2025-05-03T01:34:19.087+0000] {processor.py:186} INFO - Started process (PID=353) to work on /opt/airflow/dags/permission_fixer_dag.py
[2025-05-03T01:34:19.087+0000] {processor.py:914} INFO - Processing file /opt/airflow/dags/permission_fixer_dag.py for tasks to queue
[2025-05-03T01:34:19.088+0000] {logging_mixin.py:190} INFO - [2025-05-03T01:34:19.088+0000] {dagbag.py:588} INFO - Filling up the DagBag from /opt/airflow/dags/permission_fixer_dag.py
[2025-05-03T01:34:19.092+0000] {processor.py:925} INFO - DAG(s) 'fix_permissions_dag' retrieved from /opt/airflow/dags/permission_fixer_dag.py
[2025-05-03T01:34:19.101+0000] {logging_mixin.py:190} INFO - [2025-05-03T01:34:19.101+0000] {dag.py:3239} INFO - Sync 1 DAGs
[2025-05-03T01:34:19.106+0000] {logging_mixin.py:190} INFO - [2025-05-03T01:34:19.106+0000] {dag.py:4180} INFO - Setting next_dagrun for fix_permissions_dag to None, run_after=None
[2025-05-03T01:34:19.112+0000] {processor.py:208} INFO - Processing /opt/airflow/dags/permission_fixer_dag.py took 0.028 seconds
[2025-05-03T01:34:49.646+0000] {processor.py:186} INFO - Started process (PID=358) to work on /opt/airflow/dags/permission_fixer_dag.py
[2025-05-03T01:34:49.647+0000] {processor.py:914} INFO - Processing file /opt/airflow/dags/permission_fixer_dag.py for tasks to queue
[2025-05-03T01:34:49.648+0000] {logging_mixin.py:190} INFO - [2025-05-03T01:34:49.648+0000] {dagbag.py:588} INFO - Filling up the DagBag from /opt/airflow/dags/permission_fixer_dag.py
[2025-05-03T01:34:49.652+0000] {processor.py:925} INFO - DAG(s) 'fix_permissions_dag' retrieved from /opt/airflow/dags/permission_fixer_dag.py
[2025-05-03T01:34:49.664+0000] {logging_mixin.py:190} INFO - [2025-05-03T01:34:49.663+0000] {dag.py:3239} INFO - Sync 1 DAGs
[2025-05-03T01:34:49.671+0000] {logging_mixin.py:190} INFO - [2025-05-03T01:34:49.671+0000] {dag.py:4180} INFO - Setting next_dagrun for fix_permissions_dag to None, run_after=None
[2025-05-03T01:34:49.679+0000] {processor.py:208} INFO - Processing /opt/airflow/dags/permission_fixer_dag.py took 0.036 seconds
[2025-05-03T01:35:20.665+0000] {processor.py:186} INFO - Started process (PID=363) to work on /opt/airflow/dags/permission_fixer_dag.py
[2025-05-03T01:35:20.665+0000] {processor.py:914} INFO - Processing file /opt/airflow/dags/permission_fixer_dag.py for tasks to queue
[2025-05-03T01:35:20.666+0000] {logging_mixin.py:190} INFO - [2025-05-03T01:35:20.666+0000] {dagbag.py:588} INFO - Filling up the DagBag from /opt/airflow/dags/permission_fixer_dag.py
[2025-05-03T01:35:20.670+0000] {processor.py:925} INFO - DAG(s) 'fix_permissions_dag' retrieved from /opt/airflow/dags/permission_fixer_dag.py
[2025-05-03T01:35:20.683+0000] {logging_mixin.py:190} INFO - [2025-05-03T01:35:20.683+0000] {dag.py:3239} INFO - Sync 1 DAGs
[2025-05-03T01:35:20.692+0000] {logging_mixin.py:190} INFO - [2025-05-03T01:35:20.692+0000] {dag.py:4180} INFO - Setting next_dagrun for fix_permissions_dag to None, run_after=None
[2025-05-03T01:35:20.701+0000] {processor.py:208} INFO - Processing /opt/airflow/dags/permission_fixer_dag.py took 0.039 seconds
[2025-05-03T01:35:51.362+0000] {processor.py:186} INFO - Started process (PID=368) to work on /opt/airflow/dags/permission_fixer_dag.py
[2025-05-03T01:35:51.362+0000] {processor.py:914} INFO - Processing file /opt/airflow/dags/permission_fixer_dag.py for tasks to queue
[2025-05-03T01:35:51.363+0000] {logging_mixin.py:190} INFO - [2025-05-03T01:35:51.363+0000] {dagbag.py:588} INFO - Filling up the DagBag from /opt/airflow/dags/permission_fixer_dag.py
[2025-05-03T01:35:51.367+0000] {processor.py:925} INFO - DAG(s) 'fix_permissions_dag' retrieved from /opt/airflow/dags/permission_fixer_dag.py
[2025-05-03T01:35:51.376+0000] {logging_mixin.py:190} INFO - [2025-05-03T01:35:51.375+0000] {dag.py:3239} INFO - Sync 1 DAGs
[2025-05-03T01:35:51.381+0000] {logging_mixin.py:190} INFO - [2025-05-03T01:35:51.381+0000] {dag.py:4180} INFO - Setting next_dagrun for fix_permissions_dag to None, run_after=None
[2025-05-03T01:35:51.389+0000] {processor.py:208} INFO - Processing /opt/airflow/dags/permission_fixer_dag.py took 0.033 seconds
[2025-05-03T01:36:22.074+0000] {processor.py:186} INFO - Started process (PID=373) to work on /opt/airflow/dags/permission_fixer_dag.py
[2025-05-03T01:36:22.074+0000] {processor.py:914} INFO - Processing file /opt/airflow/dags/permission_fixer_dag.py for tasks to queue
[2025-05-03T01:36:22.075+0000] {logging_mixin.py:190} INFO - [2025-05-03T01:36:22.075+0000] {dagbag.py:588} INFO - Filling up the DagBag from /opt/airflow/dags/permission_fixer_dag.py
[2025-05-03T01:36:22.079+0000] {processor.py:925} INFO - DAG(s) 'fix_permissions_dag' retrieved from /opt/airflow/dags/permission_fixer_dag.py
[2025-05-03T01:36:22.088+0000] {logging_mixin.py:190} INFO - [2025-05-03T01:36:22.088+0000] {dag.py:3239} INFO - Sync 1 DAGs
[2025-05-03T01:36:22.094+0000] {logging_mixin.py:190} INFO - [2025-05-03T01:36:22.094+0000] {dag.py:4180} INFO - Setting next_dagrun for fix_permissions_dag to None, run_after=None
[2025-05-03T01:36:22.100+0000] {processor.py:208} INFO - Processing /opt/airflow/dags/permission_fixer_dag.py took 0.029 seconds
[2025-05-03T01:36:52.724+0000] {processor.py:186} INFO - Started process (PID=378) to work on /opt/airflow/dags/permission_fixer_dag.py
[2025-05-03T01:36:52.725+0000] {processor.py:914} INFO - Processing file /opt/airflow/dags/permission_fixer_dag.py for tasks to queue
[2025-05-03T01:36:52.725+0000] {logging_mixin.py:190} INFO - [2025-05-03T01:36:52.725+0000] {dagbag.py:588} INFO - Filling up the DagBag from /opt/airflow/dags/permission_fixer_dag.py
[2025-05-03T01:36:52.730+0000] {processor.py:925} INFO - DAG(s) 'fix_permissions_dag' retrieved from /opt/airflow/dags/permission_fixer_dag.py
[2025-05-03T01:36:52.741+0000] {logging_mixin.py:190} INFO - [2025-05-03T01:36:52.740+0000] {dag.py:3239} INFO - Sync 1 DAGs
[2025-05-03T01:36:52.746+0000] {logging_mixin.py:190} INFO - [2025-05-03T01:36:52.746+0000] {dag.py:4180} INFO - Setting next_dagrun for fix_permissions_dag to None, run_after=None
[2025-05-03T01:36:52.755+0000] {processor.py:208} INFO - Processing /opt/airflow/dags/permission_fixer_dag.py took 0.034 seconds
[2025-05-03T01:37:23.508+0000] {processor.py:186} INFO - Started process (PID=383) to work on /opt/airflow/dags/permission_fixer_dag.py
[2025-05-03T01:37:23.509+0000] {processor.py:914} INFO - Processing file /opt/airflow/dags/permission_fixer_dag.py for tasks to queue
[2025-05-03T01:37:23.509+0000] {logging_mixin.py:190} INFO - [2025-05-03T01:37:23.509+0000] {dagbag.py:588} INFO - Filling up the DagBag from /opt/airflow/dags/permission_fixer_dag.py
[2025-05-03T01:37:23.514+0000] {processor.py:925} INFO - DAG(s) 'fix_permissions_dag' retrieved from /opt/airflow/dags/permission_fixer_dag.py
[2025-05-03T01:37:23.526+0000] {logging_mixin.py:190} INFO - [2025-05-03T01:37:23.526+0000] {dag.py:3239} INFO - Sync 1 DAGs
[2025-05-03T01:37:23.533+0000] {logging_mixin.py:190} INFO - [2025-05-03T01:37:23.532+0000] {dag.py:4180} INFO - Setting next_dagrun for fix_permissions_dag to None, run_after=None
[2025-05-03T01:37:23.542+0000] {processor.py:208} INFO - Processing /opt/airflow/dags/permission_fixer_dag.py took 0.037 seconds
[2025-05-03T01:37:53.889+0000] {processor.py:186} INFO - Started process (PID=388) to work on /opt/airflow/dags/permission_fixer_dag.py
[2025-05-03T01:37:53.889+0000] {processor.py:914} INFO - Processing file /opt/airflow/dags/permission_fixer_dag.py for tasks to queue
[2025-05-03T01:37:53.890+0000] {logging_mixin.py:190} INFO - [2025-05-03T01:37:53.890+0000] {dagbag.py:588} INFO - Filling up the DagBag from /opt/airflow/dags/permission_fixer_dag.py
[2025-05-03T01:37:53.894+0000] {processor.py:925} INFO - DAG(s) 'fix_permissions_dag' retrieved from /opt/airflow/dags/permission_fixer_dag.py
[2025-05-03T01:37:53.906+0000] {logging_mixin.py:190} INFO - [2025-05-03T01:37:53.906+0000] {dag.py:3239} INFO - Sync 1 DAGs
[2025-05-03T01:37:53.914+0000] {logging_mixin.py:190} INFO - [2025-05-03T01:37:53.913+0000] {dag.py:4180} INFO - Setting next_dagrun for fix_permissions_dag to None, run_after=None
[2025-05-03T01:37:53.924+0000] {processor.py:208} INFO - Processing /opt/airflow/dags/permission_fixer_dag.py took 0.038 seconds
[2025-05-03T01:38:24.517+0000] {processor.py:186} INFO - Started process (PID=393) to work on /opt/airflow/dags/permission_fixer_dag.py
[2025-05-03T01:38:24.517+0000] {processor.py:914} INFO - Processing file /opt/airflow/dags/permission_fixer_dag.py for tasks to queue
[2025-05-03T01:38:24.518+0000] {logging_mixin.py:190} INFO - [2025-05-03T01:38:24.518+0000] {dagbag.py:588} INFO - Filling up the DagBag from /opt/airflow/dags/permission_fixer_dag.py
[2025-05-03T01:38:24.522+0000] {processor.py:925} INFO - DAG(s) 'fix_permissions_dag' retrieved from /opt/airflow/dags/permission_fixer_dag.py
[2025-05-03T01:38:24.534+0000] {logging_mixin.py:190} INFO - [2025-05-03T01:38:24.533+0000] {dag.py:3239} INFO - Sync 1 DAGs
[2025-05-03T01:38:24.540+0000] {logging_mixin.py:190} INFO - [2025-05-03T01:38:24.540+0000] {dag.py:4180} INFO - Setting next_dagrun for fix_permissions_dag to None, run_after=None
[2025-05-03T01:38:24.548+0000] {processor.py:208} INFO - Processing /opt/airflow/dags/permission_fixer_dag.py took 0.034 seconds
[2025-05-03T01:38:55.226+0000] {processor.py:186} INFO - Started process (PID=398) to work on /opt/airflow/dags/permission_fixer_dag.py
[2025-05-03T01:38:55.228+0000] {processor.py:914} INFO - Processing file /opt/airflow/dags/permission_fixer_dag.py for tasks to queue
[2025-05-03T01:38:55.229+0000] {logging_mixin.py:190} INFO - [2025-05-03T01:38:55.229+0000] {dagbag.py:588} INFO - Filling up the DagBag from /opt/airflow/dags/permission_fixer_dag.py
[2025-05-03T01:38:55.234+0000] {processor.py:925} INFO - DAG(s) 'fix_permissions_dag' retrieved from /opt/airflow/dags/permission_fixer_dag.py
[2025-05-03T01:38:55.249+0000] {logging_mixin.py:190} INFO - [2025-05-03T01:38:55.249+0000] {dag.py:3239} INFO - Sync 1 DAGs
[2025-05-03T01:38:55.256+0000] {logging_mixin.py:190} INFO - [2025-05-03T01:38:55.256+0000] {dag.py:4180} INFO - Setting next_dagrun for fix_permissions_dag to None, run_after=None
[2025-05-03T01:38:55.266+0000] {processor.py:208} INFO - Processing /opt/airflow/dags/permission_fixer_dag.py took 0.043 seconds
[2025-05-03T01:39:25.798+0000] {processor.py:186} INFO - Started process (PID=403) to work on /opt/airflow/dags/permission_fixer_dag.py
[2025-05-03T01:39:25.798+0000] {processor.py:914} INFO - Processing file /opt/airflow/dags/permission_fixer_dag.py for tasks to queue
[2025-05-03T01:39:25.799+0000] {logging_mixin.py:190} INFO - [2025-05-03T01:39:25.799+0000] {dagbag.py:588} INFO - Filling up the DagBag from /opt/airflow/dags/permission_fixer_dag.py
[2025-05-03T01:39:25.803+0000] {processor.py:925} INFO - DAG(s) 'fix_permissions_dag' retrieved from /opt/airflow/dags/permission_fixer_dag.py
[2025-05-03T01:39:25.814+0000] {logging_mixin.py:190} INFO - [2025-05-03T01:39:25.814+0000] {dag.py:3239} INFO - Sync 1 DAGs
[2025-05-03T01:39:25.820+0000] {logging_mixin.py:190} INFO - [2025-05-03T01:39:25.820+0000] {dag.py:4180} INFO - Setting next_dagrun for fix_permissions_dag to None, run_after=None
[2025-05-03T01:39:25.827+0000] {processor.py:208} INFO - Processing /opt/airflow/dags/permission_fixer_dag.py took 0.032 seconds
[2025-05-03T01:39:56.578+0000] {processor.py:186} INFO - Started process (PID=408) to work on /opt/airflow/dags/permission_fixer_dag.py
[2025-05-03T01:39:56.580+0000] {processor.py:914} INFO - Processing file /opt/airflow/dags/permission_fixer_dag.py for tasks to queue
[2025-05-03T01:39:56.581+0000] {logging_mixin.py:190} INFO - [2025-05-03T01:39:56.580+0000] {dagbag.py:588} INFO - Filling up the DagBag from /opt/airflow/dags/permission_fixer_dag.py
[2025-05-03T01:39:56.586+0000] {processor.py:925} INFO - DAG(s) 'fix_permissions_dag' retrieved from /opt/airflow/dags/permission_fixer_dag.py
[2025-05-03T01:39:56.597+0000] {logging_mixin.py:190} INFO - [2025-05-03T01:39:56.597+0000] {dag.py:3239} INFO - Sync 1 DAGs
[2025-05-03T01:39:56.604+0000] {logging_mixin.py:190} INFO - [2025-05-03T01:39:56.604+0000] {dag.py:4180} INFO - Setting next_dagrun for fix_permissions_dag to None, run_after=None
[2025-05-03T01:39:56.612+0000] {processor.py:208} INFO - Processing /opt/airflow/dags/permission_fixer_dag.py took 0.037 seconds
[2025-05-03T01:40:27.230+0000] {processor.py:186} INFO - Started process (PID=413) to work on /opt/airflow/dags/permission_fixer_dag.py
[2025-05-03T01:40:27.230+0000] {processor.py:914} INFO - Processing file /opt/airflow/dags/permission_fixer_dag.py for tasks to queue
[2025-05-03T01:40:27.231+0000] {logging_mixin.py:190} INFO - [2025-05-03T01:40:27.231+0000] {dagbag.py:588} INFO - Filling up the DagBag from /opt/airflow/dags/permission_fixer_dag.py
[2025-05-03T01:40:27.235+0000] {processor.py:925} INFO - DAG(s) 'fix_permissions_dag' retrieved from /opt/airflow/dags/permission_fixer_dag.py
[2025-05-03T01:40:27.245+0000] {logging_mixin.py:190} INFO - [2025-05-03T01:40:27.245+0000] {dag.py:3239} INFO - Sync 1 DAGs
[2025-05-03T01:40:27.251+0000] {logging_mixin.py:190} INFO - [2025-05-03T01:40:27.251+0000] {dag.py:4180} INFO - Setting next_dagrun for fix_permissions_dag to None, run_after=None
[2025-05-03T01:40:27.257+0000] {processor.py:208} INFO - Processing /opt/airflow/dags/permission_fixer_dag.py took 0.030 seconds
[2025-05-03T01:40:57.625+0000] {processor.py:186} INFO - Started process (PID=418) to work on /opt/airflow/dags/permission_fixer_dag.py
[2025-05-03T01:40:57.625+0000] {processor.py:914} INFO - Processing file /opt/airflow/dags/permission_fixer_dag.py for tasks to queue
[2025-05-03T01:40:57.626+0000] {logging_mixin.py:190} INFO - [2025-05-03T01:40:57.625+0000] {dagbag.py:588} INFO - Filling up the DagBag from /opt/airflow/dags/permission_fixer_dag.py
[2025-05-03T01:40:57.629+0000] {processor.py:925} INFO - DAG(s) 'fix_permissions_dag' retrieved from /opt/airflow/dags/permission_fixer_dag.py
[2025-05-03T01:40:57.641+0000] {logging_mixin.py:190} INFO - [2025-05-03T01:40:57.641+0000] {dag.py:3239} INFO - Sync 1 DAGs
[2025-05-03T01:40:57.647+0000] {logging_mixin.py:190} INFO - [2025-05-03T01:40:57.647+0000] {dag.py:4180} INFO - Setting next_dagrun for fix_permissions_dag to None, run_after=None
[2025-05-03T01:40:57.656+0000] {processor.py:208} INFO - Processing /opt/airflow/dags/permission_fixer_dag.py took 0.034 seconds
[2025-05-03T01:41:28.578+0000] {processor.py:186} INFO - Started process (PID=423) to work on /opt/airflow/dags/permission_fixer_dag.py
[2025-05-03T01:41:28.579+0000] {processor.py:914} INFO - Processing file /opt/airflow/dags/permission_fixer_dag.py for tasks to queue
[2025-05-03T01:41:28.579+0000] {logging_mixin.py:190} INFO - [2025-05-03T01:41:28.579+0000] {dagbag.py:588} INFO - Filling up the DagBag from /opt/airflow/dags/permission_fixer_dag.py
[2025-05-03T01:41:28.585+0000] {processor.py:925} INFO - DAG(s) 'fix_permissions_dag' retrieved from /opt/airflow/dags/permission_fixer_dag.py
[2025-05-03T01:41:28.598+0000] {logging_mixin.py:190} INFO - [2025-05-03T01:41:28.598+0000] {dag.py:3239} INFO - Sync 1 DAGs
[2025-05-03T01:41:28.605+0000] {logging_mixin.py:190} INFO - [2025-05-03T01:41:28.605+0000] {dag.py:4180} INFO - Setting next_dagrun for fix_permissions_dag to None, run_after=None
[2025-05-03T01:41:28.612+0000] {processor.py:208} INFO - Processing /opt/airflow/dags/permission_fixer_dag.py took 0.039 seconds
[2025-05-03T01:41:59.329+0000] {processor.py:186} INFO - Started process (PID=428) to work on /opt/airflow/dags/permission_fixer_dag.py
[2025-05-03T01:41:59.329+0000] {processor.py:914} INFO - Processing file /opt/airflow/dags/permission_fixer_dag.py for tasks to queue
[2025-05-03T01:41:59.330+0000] {logging_mixin.py:190} INFO - [2025-05-03T01:41:59.330+0000] {dagbag.py:588} INFO - Filling up the DagBag from /opt/airflow/dags/permission_fixer_dag.py
[2025-05-03T01:41:59.334+0000] {processor.py:925} INFO - DAG(s) 'fix_permissions_dag' retrieved from /opt/airflow/dags/permission_fixer_dag.py
[2025-05-03T01:41:59.343+0000] {logging_mixin.py:190} INFO - [2025-05-03T01:41:59.343+0000] {dag.py:3239} INFO - Sync 1 DAGs
[2025-05-03T01:41:59.349+0000] {logging_mixin.py:190} INFO - [2025-05-03T01:41:59.348+0000] {dag.py:4180} INFO - Setting next_dagrun for fix_permissions_dag to None, run_after=None
[2025-05-03T01:41:59.355+0000] {processor.py:208} INFO - Processing /opt/airflow/dags/permission_fixer_dag.py took 0.029 seconds
[2025-05-03T01:42:30.012+0000] {processor.py:186} INFO - Started process (PID=433) to work on /opt/airflow/dags/permission_fixer_dag.py
[2025-05-03T01:42:30.012+0000] {processor.py:914} INFO - Processing file /opt/airflow/dags/permission_fixer_dag.py for tasks to queue
[2025-05-03T01:42:30.013+0000] {logging_mixin.py:190} INFO - [2025-05-03T01:42:30.013+0000] {dagbag.py:588} INFO - Filling up the DagBag from /opt/airflow/dags/permission_fixer_dag.py
[2025-05-03T01:42:30.018+0000] {processor.py:925} INFO - DAG(s) 'fix_permissions_dag' retrieved from /opt/airflow/dags/permission_fixer_dag.py
[2025-05-03T01:42:30.030+0000] {logging_mixin.py:190} INFO - [2025-05-03T01:42:30.030+0000] {dag.py:3239} INFO - Sync 1 DAGs
[2025-05-03T01:42:30.037+0000] {logging_mixin.py:190} INFO - [2025-05-03T01:42:30.037+0000] {dag.py:4180} INFO - Setting next_dagrun for fix_permissions_dag to None, run_after=None
[2025-05-03T01:42:30.045+0000] {processor.py:208} INFO - Processing /opt/airflow/dags/permission_fixer_dag.py took 0.036 seconds
[2025-05-03T01:43:00.682+0000] {processor.py:186} INFO - Started process (PID=438) to work on /opt/airflow/dags/permission_fixer_dag.py
[2025-05-03T01:43:00.683+0000] {processor.py:914} INFO - Processing file /opt/airflow/dags/permission_fixer_dag.py for tasks to queue
[2025-05-03T01:43:00.685+0000] {logging_mixin.py:190} INFO - [2025-05-03T01:43:00.684+0000] {dagbag.py:588} INFO - Filling up the DagBag from /opt/airflow/dags/permission_fixer_dag.py
[2025-05-03T01:43:00.690+0000] {processor.py:925} INFO - DAG(s) 'fix_permissions_dag' retrieved from /opt/airflow/dags/permission_fixer_dag.py
[2025-05-03T01:43:00.703+0000] {logging_mixin.py:190} INFO - [2025-05-03T01:43:00.703+0000] {dag.py:3239} INFO - Sync 1 DAGs
[2025-05-03T01:43:00.711+0000] {logging_mixin.py:190} INFO - [2025-05-03T01:43:00.711+0000] {dag.py:4180} INFO - Setting next_dagrun for fix_permissions_dag to None, run_after=None
[2025-05-03T01:43:00.721+0000] {processor.py:208} INFO - Processing /opt/airflow/dags/permission_fixer_dag.py took 0.042 seconds
[2025-05-03T01:43:31.427+0000] {processor.py:186} INFO - Started process (PID=443) to work on /opt/airflow/dags/permission_fixer_dag.py
[2025-05-03T01:43:31.427+0000] {processor.py:914} INFO - Processing file /opt/airflow/dags/permission_fixer_dag.py for tasks to queue
[2025-05-03T01:43:31.428+0000] {logging_mixin.py:190} INFO - [2025-05-03T01:43:31.428+0000] {dagbag.py:588} INFO - Filling up the DagBag from /opt/airflow/dags/permission_fixer_dag.py
[2025-05-03T01:43:31.432+0000] {processor.py:925} INFO - DAG(s) 'fix_permissions_dag' retrieved from /opt/airflow/dags/permission_fixer_dag.py
[2025-05-03T01:43:31.442+0000] {logging_mixin.py:190} INFO - [2025-05-03T01:43:31.442+0000] {dag.py:3239} INFO - Sync 1 DAGs
[2025-05-03T01:43:31.447+0000] {logging_mixin.py:190} INFO - [2025-05-03T01:43:31.447+0000] {dag.py:4180} INFO - Setting next_dagrun for fix_permissions_dag to None, run_after=None
[2025-05-03T01:43:31.454+0000] {processor.py:208} INFO - Processing /opt/airflow/dags/permission_fixer_dag.py took 0.030 seconds
[2025-05-03T01:44:02.204+0000] {processor.py:186} INFO - Started process (PID=448) to work on /opt/airflow/dags/permission_fixer_dag.py
[2025-05-03T01:44:02.205+0000] {processor.py:914} INFO - Processing file /opt/airflow/dags/permission_fixer_dag.py for tasks to queue
[2025-05-03T01:44:02.205+0000] {logging_mixin.py:190} INFO - [2025-05-03T01:44:02.205+0000] {dagbag.py:588} INFO - Filling up the DagBag from /opt/airflow/dags/permission_fixer_dag.py
[2025-05-03T01:44:02.210+0000] {processor.py:925} INFO - DAG(s) 'fix_permissions_dag' retrieved from /opt/airflow/dags/permission_fixer_dag.py
[2025-05-03T01:44:02.219+0000] {logging_mixin.py:190} INFO - [2025-05-03T01:44:02.219+0000] {dag.py:3239} INFO - Sync 1 DAGs
[2025-05-03T01:44:02.225+0000] {logging_mixin.py:190} INFO - [2025-05-03T01:44:02.225+0000] {dag.py:4180} INFO - Setting next_dagrun for fix_permissions_dag to None, run_after=None
[2025-05-03T01:44:02.232+0000] {processor.py:208} INFO - Processing /opt/airflow/dags/permission_fixer_dag.py took 0.031 seconds
[2025-05-03T01:44:32.700+0000] {processor.py:186} INFO - Started process (PID=453) to work on /opt/airflow/dags/permission_fixer_dag.py
[2025-05-03T01:44:32.700+0000] {processor.py:914} INFO - Processing file /opt/airflow/dags/permission_fixer_dag.py for tasks to queue
[2025-05-03T01:44:32.701+0000] {logging_mixin.py:190} INFO - [2025-05-03T01:44:32.701+0000] {dagbag.py:588} INFO - Filling up the DagBag from /opt/airflow/dags/permission_fixer_dag.py
[2025-05-03T01:44:32.705+0000] {processor.py:925} INFO - DAG(s) 'fix_permissions_dag' retrieved from /opt/airflow/dags/permission_fixer_dag.py
[2025-05-03T01:44:32.717+0000] {logging_mixin.py:190} INFO - [2025-05-03T01:44:32.717+0000] {dag.py:3239} INFO - Sync 1 DAGs
[2025-05-03T01:44:32.723+0000] {logging_mixin.py:190} INFO - [2025-05-03T01:44:32.723+0000] {dag.py:4180} INFO - Setting next_dagrun for fix_permissions_dag to None, run_after=None
[2025-05-03T01:44:32.732+0000] {processor.py:208} INFO - Processing /opt/airflow/dags/permission_fixer_dag.py took 0.034 seconds
[2025-05-03T01:45:03.559+0000] {processor.py:186} INFO - Started process (PID=458) to work on /opt/airflow/dags/permission_fixer_dag.py
[2025-05-03T01:45:03.560+0000] {processor.py:914} INFO - Processing file /opt/airflow/dags/permission_fixer_dag.py for tasks to queue
[2025-05-03T01:45:03.561+0000] {logging_mixin.py:190} INFO - [2025-05-03T01:45:03.560+0000] {dagbag.py:588} INFO - Filling up the DagBag from /opt/airflow/dags/permission_fixer_dag.py
[2025-05-03T01:45:03.565+0000] {processor.py:925} INFO - DAG(s) 'fix_permissions_dag' retrieved from /opt/airflow/dags/permission_fixer_dag.py
[2025-05-03T01:45:03.575+0000] {logging_mixin.py:190} INFO - [2025-05-03T01:45:03.575+0000] {dag.py:3239} INFO - Sync 1 DAGs
[2025-05-03T01:45:03.582+0000] {logging_mixin.py:190} INFO - [2025-05-03T01:45:03.582+0000] {dag.py:4180} INFO - Setting next_dagrun for fix_permissions_dag to None, run_after=None
[2025-05-03T01:45:03.590+0000] {processor.py:208} INFO - Processing /opt/airflow/dags/permission_fixer_dag.py took 0.035 seconds
[2025-05-03T01:45:34.211+0000] {processor.py:186} INFO - Started process (PID=463) to work on /opt/airflow/dags/permission_fixer_dag.py
[2025-05-03T01:45:34.211+0000] {processor.py:914} INFO - Processing file /opt/airflow/dags/permission_fixer_dag.py for tasks to queue
[2025-05-03T01:45:34.212+0000] {logging_mixin.py:190} INFO - [2025-05-03T01:45:34.212+0000] {dagbag.py:588} INFO - Filling up the DagBag from /opt/airflow/dags/permission_fixer_dag.py
[2025-05-03T01:45:34.216+0000] {processor.py:925} INFO - DAG(s) 'fix_permissions_dag' retrieved from /opt/airflow/dags/permission_fixer_dag.py
[2025-05-03T01:45:34.226+0000] {logging_mixin.py:190} INFO - [2025-05-03T01:45:34.226+0000] {dag.py:3239} INFO - Sync 1 DAGs
[2025-05-03T01:45:34.233+0000] {logging_mixin.py:190} INFO - [2025-05-03T01:45:34.233+0000] {dag.py:4180} INFO - Setting next_dagrun for fix_permissions_dag to None, run_after=None
[2025-05-03T01:45:34.243+0000] {processor.py:208} INFO - Processing /opt/airflow/dags/permission_fixer_dag.py took 0.035 seconds
[2025-05-03T01:46:04.728+0000] {processor.py:186} INFO - Started process (PID=468) to work on /opt/airflow/dags/permission_fixer_dag.py
[2025-05-03T01:46:04.728+0000] {processor.py:914} INFO - Processing file /opt/airflow/dags/permission_fixer_dag.py for tasks to queue
[2025-05-03T01:46:04.729+0000] {logging_mixin.py:190} INFO - [2025-05-03T01:46:04.728+0000] {dagbag.py:588} INFO - Filling up the DagBag from /opt/airflow/dags/permission_fixer_dag.py
[2025-05-03T01:46:04.733+0000] {processor.py:925} INFO - DAG(s) 'fix_permissions_dag' retrieved from /opt/airflow/dags/permission_fixer_dag.py
[2025-05-03T01:46:04.752+0000] {logging_mixin.py:190} INFO - [2025-05-03T01:46:04.752+0000] {dag.py:3239} INFO - Sync 1 DAGs
[2025-05-03T01:46:04.759+0000] {logging_mixin.py:190} INFO - [2025-05-03T01:46:04.758+0000] {dag.py:4180} INFO - Setting next_dagrun for fix_permissions_dag to None, run_after=None
[2025-05-03T01:46:04.768+0000] {processor.py:208} INFO - Processing /opt/airflow/dags/permission_fixer_dag.py took 0.043 seconds
[2025-05-03T01:46:35.715+0000] {processor.py:186} INFO - Started process (PID=473) to work on /opt/airflow/dags/permission_fixer_dag.py
[2025-05-03T01:46:35.716+0000] {processor.py:914} INFO - Processing file /opt/airflow/dags/permission_fixer_dag.py for tasks to queue
[2025-05-03T01:46:35.717+0000] {logging_mixin.py:190} INFO - [2025-05-03T01:46:35.717+0000] {dagbag.py:588} INFO - Filling up the DagBag from /opt/airflow/dags/permission_fixer_dag.py
[2025-05-03T01:46:35.721+0000] {processor.py:925} INFO - DAG(s) 'fix_permissions_dag' retrieved from /opt/airflow/dags/permission_fixer_dag.py
[2025-05-03T01:46:35.733+0000] {logging_mixin.py:190} INFO - [2025-05-03T01:46:35.733+0000] {dag.py:3239} INFO - Sync 1 DAGs
[2025-05-03T01:46:35.740+0000] {logging_mixin.py:190} INFO - [2025-05-03T01:46:35.740+0000] {dag.py:4180} INFO - Setting next_dagrun for fix_permissions_dag to None, run_after=None
[2025-05-03T01:46:35.837+0000] {processor.py:208} INFO - Processing /opt/airflow/dags/permission_fixer_dag.py took 0.125 seconds
[2025-05-03T01:47:06.428+0000] {processor.py:186} INFO - Started process (PID=478) to work on /opt/airflow/dags/permission_fixer_dag.py
[2025-05-03T01:47:06.429+0000] {processor.py:914} INFO - Processing file /opt/airflow/dags/permission_fixer_dag.py for tasks to queue
[2025-05-03T01:47:06.429+0000] {logging_mixin.py:190} INFO - [2025-05-03T01:47:06.429+0000] {dagbag.py:588} INFO - Filling up the DagBag from /opt/airflow/dags/permission_fixer_dag.py
[2025-05-03T01:47:06.433+0000] {processor.py:925} INFO - DAG(s) 'fix_permissions_dag' retrieved from /opt/airflow/dags/permission_fixer_dag.py
[2025-05-03T01:47:06.443+0000] {logging_mixin.py:190} INFO - [2025-05-03T01:47:06.443+0000] {dag.py:3239} INFO - Sync 1 DAGs
[2025-05-03T01:47:06.448+0000] {logging_mixin.py:190} INFO - [2025-05-03T01:47:06.448+0000] {dag.py:4180} INFO - Setting next_dagrun for fix_permissions_dag to None, run_after=None
[2025-05-03T01:47:06.455+0000] {processor.py:208} INFO - Processing /opt/airflow/dags/permission_fixer_dag.py took 0.030 seconds
[2025-05-03T01:47:37.036+0000] {processor.py:186} INFO - Started process (PID=483) to work on /opt/airflow/dags/permission_fixer_dag.py
[2025-05-03T01:47:37.036+0000] {processor.py:914} INFO - Processing file /opt/airflow/dags/permission_fixer_dag.py for tasks to queue
[2025-05-03T01:47:37.037+0000] {logging_mixin.py:190} INFO - [2025-05-03T01:47:37.037+0000] {dagbag.py:588} INFO - Filling up the DagBag from /opt/airflow/dags/permission_fixer_dag.py
[2025-05-03T01:47:37.042+0000] {processor.py:925} INFO - DAG(s) 'fix_permissions_dag' retrieved from /opt/airflow/dags/permission_fixer_dag.py
[2025-05-03T01:47:37.054+0000] {logging_mixin.py:190} INFO - [2025-05-03T01:47:37.053+0000] {dag.py:3239} INFO - Sync 1 DAGs
[2025-05-03T01:47:37.060+0000] {logging_mixin.py:190} INFO - [2025-05-03T01:47:37.060+0000] {dag.py:4180} INFO - Setting next_dagrun for fix_permissions_dag to None, run_after=None
[2025-05-03T01:47:37.071+0000] {processor.py:208} INFO - Processing /opt/airflow/dags/permission_fixer_dag.py took 0.038 seconds
[2025-05-03T01:48:07.377+0000] {processor.py:186} INFO - Started process (PID=488) to work on /opt/airflow/dags/permission_fixer_dag.py
[2025-05-03T01:48:07.377+0000] {processor.py:914} INFO - Processing file /opt/airflow/dags/permission_fixer_dag.py for tasks to queue
[2025-05-03T01:48:07.378+0000] {logging_mixin.py:190} INFO - [2025-05-03T01:48:07.378+0000] {dagbag.py:588} INFO - Filling up the DagBag from /opt/airflow/dags/permission_fixer_dag.py
[2025-05-03T01:48:07.382+0000] {processor.py:925} INFO - DAG(s) 'fix_permissions_dag' retrieved from /opt/airflow/dags/permission_fixer_dag.py
[2025-05-03T01:48:07.392+0000] {logging_mixin.py:190} INFO - [2025-05-03T01:48:07.392+0000] {dag.py:3239} INFO - Sync 1 DAGs
[2025-05-03T01:48:07.399+0000] {logging_mixin.py:190} INFO - [2025-05-03T01:48:07.399+0000] {dag.py:4180} INFO - Setting next_dagrun for fix_permissions_dag to None, run_after=None
[2025-05-03T01:48:07.407+0000] {processor.py:208} INFO - Processing /opt/airflow/dags/permission_fixer_dag.py took 0.033 seconds
[2025-05-03T01:48:38.189+0000] {processor.py:186} INFO - Started process (PID=493) to work on /opt/airflow/dags/permission_fixer_dag.py
[2025-05-03T01:48:38.189+0000] {processor.py:914} INFO - Processing file /opt/airflow/dags/permission_fixer_dag.py for tasks to queue
[2025-05-03T01:48:38.190+0000] {logging_mixin.py:190} INFO - [2025-05-03T01:48:38.190+0000] {dagbag.py:588} INFO - Filling up the DagBag from /opt/airflow/dags/permission_fixer_dag.py
[2025-05-03T01:48:38.194+0000] {processor.py:925} INFO - DAG(s) 'fix_permissions_dag' retrieved from /opt/airflow/dags/permission_fixer_dag.py
[2025-05-03T01:48:38.204+0000] {logging_mixin.py:190} INFO - [2025-05-03T01:48:38.204+0000] {dag.py:3239} INFO - Sync 1 DAGs
[2025-05-03T01:48:38.210+0000] {logging_mixin.py:190} INFO - [2025-05-03T01:48:38.210+0000] {dag.py:4180} INFO - Setting next_dagrun for fix_permissions_dag to None, run_after=None
[2025-05-03T01:48:38.216+0000] {processor.py:208} INFO - Processing /opt/airflow/dags/permission_fixer_dag.py took 0.030 seconds
[2025-05-03T01:49:08.589+0000] {processor.py:186} INFO - Started process (PID=498) to work on /opt/airflow/dags/permission_fixer_dag.py
[2025-05-03T01:49:08.590+0000] {processor.py:914} INFO - Processing file /opt/airflow/dags/permission_fixer_dag.py for tasks to queue
[2025-05-03T01:49:08.591+0000] {logging_mixin.py:190} INFO - [2025-05-03T01:49:08.590+0000] {dagbag.py:588} INFO - Filling up the DagBag from /opt/airflow/dags/permission_fixer_dag.py
[2025-05-03T01:49:08.594+0000] {processor.py:925} INFO - DAG(s) 'fix_permissions_dag' retrieved from /opt/airflow/dags/permission_fixer_dag.py
[2025-05-03T01:49:08.606+0000] {logging_mixin.py:190} INFO - [2025-05-03T01:49:08.606+0000] {dag.py:3239} INFO - Sync 1 DAGs
[2025-05-03T01:49:08.612+0000] {logging_mixin.py:190} INFO - [2025-05-03T01:49:08.612+0000] {dag.py:4180} INFO - Setting next_dagrun for fix_permissions_dag to None, run_after=None
[2025-05-03T01:49:08.620+0000] {processor.py:208} INFO - Processing /opt/airflow/dags/permission_fixer_dag.py took 0.033 seconds
[2025-05-03T01:49:39.293+0000] {processor.py:186} INFO - Started process (PID=503) to work on /opt/airflow/dags/permission_fixer_dag.py
[2025-05-03T01:49:39.294+0000] {processor.py:914} INFO - Processing file /opt/airflow/dags/permission_fixer_dag.py for tasks to queue
[2025-05-03T01:49:39.294+0000] {logging_mixin.py:190} INFO - [2025-05-03T01:49:39.294+0000] {dagbag.py:588} INFO - Filling up the DagBag from /opt/airflow/dags/permission_fixer_dag.py
[2025-05-03T01:49:39.298+0000] {processor.py:925} INFO - DAG(s) 'fix_permissions_dag' retrieved from /opt/airflow/dags/permission_fixer_dag.py
[2025-05-03T01:49:39.310+0000] {logging_mixin.py:190} INFO - [2025-05-03T01:49:39.310+0000] {dag.py:3239} INFO - Sync 1 DAGs
[2025-05-03T01:49:39.317+0000] {logging_mixin.py:190} INFO - [2025-05-03T01:49:39.317+0000] {dag.py:4180} INFO - Setting next_dagrun for fix_permissions_dag to None, run_after=None
[2025-05-03T01:49:39.325+0000] {processor.py:208} INFO - Processing /opt/airflow/dags/permission_fixer_dag.py took 0.035 seconds
[2025-05-03T01:50:10.037+0000] {processor.py:186} INFO - Started process (PID=508) to work on /opt/airflow/dags/permission_fixer_dag.py
[2025-05-03T01:50:10.037+0000] {processor.py:914} INFO - Processing file /opt/airflow/dags/permission_fixer_dag.py for tasks to queue
[2025-05-03T01:50:10.038+0000] {logging_mixin.py:190} INFO - [2025-05-03T01:50:10.038+0000] {dagbag.py:588} INFO - Filling up the DagBag from /opt/airflow/dags/permission_fixer_dag.py
[2025-05-03T01:50:10.044+0000] {processor.py:925} INFO - DAG(s) 'fix_permissions_dag' retrieved from /opt/airflow/dags/permission_fixer_dag.py
[2025-05-03T01:50:10.056+0000] {logging_mixin.py:190} INFO - [2025-05-03T01:50:10.055+0000] {dag.py:3239} INFO - Sync 1 DAGs
[2025-05-03T01:50:10.064+0000] {logging_mixin.py:190} INFO - [2025-05-03T01:50:10.063+0000] {dag.py:4180} INFO - Setting next_dagrun for fix_permissions_dag to None, run_after=None
[2025-05-03T01:50:10.073+0000] {processor.py:208} INFO - Processing /opt/airflow/dags/permission_fixer_dag.py took 0.040 seconds
[2025-05-03T01:50:40.981+0000] {processor.py:186} INFO - Started process (PID=513) to work on /opt/airflow/dags/permission_fixer_dag.py
[2025-05-03T01:50:40.982+0000] {processor.py:914} INFO - Processing file /opt/airflow/dags/permission_fixer_dag.py for tasks to queue
[2025-05-03T01:50:40.982+0000] {logging_mixin.py:190} INFO - [2025-05-03T01:50:40.982+0000] {dagbag.py:588} INFO - Filling up the DagBag from /opt/airflow/dags/permission_fixer_dag.py
[2025-05-03T01:50:40.986+0000] {processor.py:925} INFO - DAG(s) 'fix_permissions_dag' retrieved from /opt/airflow/dags/permission_fixer_dag.py
[2025-05-03T01:50:40.996+0000] {logging_mixin.py:190} INFO - [2025-05-03T01:50:40.996+0000] {dag.py:3239} INFO - Sync 1 DAGs
[2025-05-03T01:50:41.002+0000] {logging_mixin.py:190} INFO - [2025-05-03T01:50:41.002+0000] {dag.py:4180} INFO - Setting next_dagrun for fix_permissions_dag to None, run_after=None
[2025-05-03T01:50:41.009+0000] {processor.py:208} INFO - Processing /opt/airflow/dags/permission_fixer_dag.py took 0.031 seconds
[2025-05-03T01:51:11.485+0000] {processor.py:186} INFO - Started process (PID=518) to work on /opt/airflow/dags/permission_fixer_dag.py
[2025-05-03T01:51:11.485+0000] {processor.py:914} INFO - Processing file /opt/airflow/dags/permission_fixer_dag.py for tasks to queue
[2025-05-03T01:51:11.485+0000] {logging_mixin.py:190} INFO - [2025-05-03T01:51:11.485+0000] {dagbag.py:588} INFO - Filling up the DagBag from /opt/airflow/dags/permission_fixer_dag.py
[2025-05-03T01:51:11.490+0000] {processor.py:925} INFO - DAG(s) 'fix_permissions_dag' retrieved from /opt/airflow/dags/permission_fixer_dag.py
[2025-05-03T01:51:11.499+0000] {logging_mixin.py:190} INFO - [2025-05-03T01:51:11.499+0000] {dag.py:3239} INFO - Sync 1 DAGs
[2025-05-03T01:51:11.506+0000] {logging_mixin.py:190} INFO - [2025-05-03T01:51:11.506+0000] {dag.py:4180} INFO - Setting next_dagrun for fix_permissions_dag to None, run_after=None
[2025-05-03T01:51:11.515+0000] {processor.py:208} INFO - Processing /opt/airflow/dags/permission_fixer_dag.py took 0.033 seconds
[2025-05-03T01:51:42.538+0000] {processor.py:186} INFO - Started process (PID=523) to work on /opt/airflow/dags/permission_fixer_dag.py
[2025-05-03T01:51:42.538+0000] {processor.py:914} INFO - Processing file /opt/airflow/dags/permission_fixer_dag.py for tasks to queue
[2025-05-03T01:51:42.540+0000] {logging_mixin.py:190} INFO - [2025-05-03T01:51:42.539+0000] {dagbag.py:588} INFO - Filling up the DagBag from /opt/airflow/dags/permission_fixer_dag.py
[2025-05-03T01:51:42.544+0000] {processor.py:925} INFO - DAG(s) 'fix_permissions_dag' retrieved from /opt/airflow/dags/permission_fixer_dag.py
[2025-05-03T01:51:42.557+0000] {logging_mixin.py:190} INFO - [2025-05-03T01:51:42.557+0000] {dag.py:3239} INFO - Sync 1 DAGs
[2025-05-03T01:51:42.565+0000] {logging_mixin.py:190} INFO - [2025-05-03T01:51:42.565+0000] {dag.py:4180} INFO - Setting next_dagrun for fix_permissions_dag to None, run_after=None
[2025-05-03T01:51:42.574+0000] {processor.py:208} INFO - Processing /opt/airflow/dags/permission_fixer_dag.py took 0.040 seconds
[2025-05-03T01:52:12.924+0000] {processor.py:186} INFO - Started process (PID=528) to work on /opt/airflow/dags/permission_fixer_dag.py
[2025-05-03T01:52:12.924+0000] {processor.py:914} INFO - Processing file /opt/airflow/dags/permission_fixer_dag.py for tasks to queue
[2025-05-03T01:52:12.924+0000] {logging_mixin.py:190} INFO - [2025-05-03T01:52:12.924+0000] {dagbag.py:588} INFO - Filling up the DagBag from /opt/airflow/dags/permission_fixer_dag.py
[2025-05-03T01:52:12.928+0000] {processor.py:925} INFO - DAG(s) 'fix_permissions_dag' retrieved from /opt/airflow/dags/permission_fixer_dag.py
[2025-05-03T01:52:12.938+0000] {logging_mixin.py:190} INFO - [2025-05-03T01:52:12.938+0000] {dag.py:3239} INFO - Sync 1 DAGs
[2025-05-03T01:52:13.020+0000] {logging_mixin.py:190} INFO - [2025-05-03T01:52:13.020+0000] {dag.py:4180} INFO - Setting next_dagrun for fix_permissions_dag to None, run_after=None
[2025-05-03T01:52:13.026+0000] {processor.py:208} INFO - Processing /opt/airflow/dags/permission_fixer_dag.py took 0.105 seconds
[2025-05-03T01:52:43.811+0000] {processor.py:186} INFO - Started process (PID=533) to work on /opt/airflow/dags/permission_fixer_dag.py
[2025-05-03T01:52:43.812+0000] {processor.py:914} INFO - Processing file /opt/airflow/dags/permission_fixer_dag.py for tasks to queue
[2025-05-03T01:52:43.812+0000] {logging_mixin.py:190} INFO - [2025-05-03T01:52:43.812+0000] {dagbag.py:588} INFO - Filling up the DagBag from /opt/airflow/dags/permission_fixer_dag.py
[2025-05-03T01:52:43.817+0000] {processor.py:925} INFO - DAG(s) 'fix_permissions_dag' retrieved from /opt/airflow/dags/permission_fixer_dag.py
[2025-05-03T01:52:43.829+0000] {logging_mixin.py:190} INFO - [2025-05-03T01:52:43.829+0000] {dag.py:3239} INFO - Sync 1 DAGs
[2025-05-03T01:52:43.836+0000] {logging_mixin.py:190} INFO - [2025-05-03T01:52:43.836+0000] {dag.py:4180} INFO - Setting next_dagrun for fix_permissions_dag to None, run_after=None
[2025-05-03T01:52:43.845+0000] {processor.py:208} INFO - Processing /opt/airflow/dags/permission_fixer_dag.py took 0.038 seconds
[2025-05-03T01:53:14.499+0000] {processor.py:186} INFO - Started process (PID=538) to work on /opt/airflow/dags/permission_fixer_dag.py
[2025-05-03T01:53:14.500+0000] {processor.py:914} INFO - Processing file /opt/airflow/dags/permission_fixer_dag.py for tasks to queue
[2025-05-03T01:53:14.500+0000] {logging_mixin.py:190} INFO - [2025-05-03T01:53:14.500+0000] {dagbag.py:588} INFO - Filling up the DagBag from /opt/airflow/dags/permission_fixer_dag.py
[2025-05-03T01:53:14.505+0000] {processor.py:925} INFO - DAG(s) 'fix_permissions_dag' retrieved from /opt/airflow/dags/permission_fixer_dag.py
[2025-05-03T01:53:14.518+0000] {logging_mixin.py:190} INFO - [2025-05-03T01:53:14.518+0000] {dag.py:3239} INFO - Sync 1 DAGs
[2025-05-03T01:53:14.525+0000] {logging_mixin.py:190} INFO - [2025-05-03T01:53:14.525+0000] {dag.py:4180} INFO - Setting next_dagrun for fix_permissions_dag to None, run_after=None
[2025-05-03T01:53:14.534+0000] {processor.py:208} INFO - Processing /opt/airflow/dags/permission_fixer_dag.py took 0.038 seconds
[2025-05-03T01:53:45.106+0000] {processor.py:186} INFO - Started process (PID=543) to work on /opt/airflow/dags/permission_fixer_dag.py
[2025-05-03T01:53:45.106+0000] {processor.py:914} INFO - Processing file /opt/airflow/dags/permission_fixer_dag.py for tasks to queue
[2025-05-03T01:53:45.107+0000] {logging_mixin.py:190} INFO - [2025-05-03T01:53:45.107+0000] {dagbag.py:588} INFO - Filling up the DagBag from /opt/airflow/dags/permission_fixer_dag.py
[2025-05-03T01:53:45.111+0000] {processor.py:925} INFO - DAG(s) 'fix_permissions_dag' retrieved from /opt/airflow/dags/permission_fixer_dag.py
[2025-05-03T01:53:45.122+0000] {logging_mixin.py:190} INFO - [2025-05-03T01:53:45.122+0000] {dag.py:3239} INFO - Sync 1 DAGs
[2025-05-03T01:53:45.128+0000] {logging_mixin.py:190} INFO - [2025-05-03T01:53:45.128+0000] {dag.py:4180} INFO - Setting next_dagrun for fix_permissions_dag to None, run_after=None
[2025-05-03T01:53:45.135+0000] {processor.py:208} INFO - Processing /opt/airflow/dags/permission_fixer_dag.py took 0.033 seconds
[2025-05-03T01:54:15.861+0000] {processor.py:186} INFO - Started process (PID=548) to work on /opt/airflow/dags/permission_fixer_dag.py
[2025-05-03T01:54:15.861+0000] {processor.py:914} INFO - Processing file /opt/airflow/dags/permission_fixer_dag.py for tasks to queue
[2025-05-03T01:54:15.861+0000] {logging_mixin.py:190} INFO - [2025-05-03T01:54:15.861+0000] {dagbag.py:588} INFO - Filling up the DagBag from /opt/airflow/dags/permission_fixer_dag.py
[2025-05-03T01:54:15.866+0000] {processor.py:925} INFO - DAG(s) 'fix_permissions_dag' retrieved from /opt/airflow/dags/permission_fixer_dag.py
[2025-05-03T01:54:15.875+0000] {logging_mixin.py:190} INFO - [2025-05-03T01:54:15.875+0000] {dag.py:3239} INFO - Sync 1 DAGs
[2025-05-03T01:54:15.881+0000] {logging_mixin.py:190} INFO - [2025-05-03T01:54:15.881+0000] {dag.py:4180} INFO - Setting next_dagrun for fix_permissions_dag to None, run_after=None
[2025-05-03T01:54:15.888+0000] {processor.py:208} INFO - Processing /opt/airflow/dags/permission_fixer_dag.py took 0.030 seconds
[2025-05-03T01:54:46.282+0000] {processor.py:186} INFO - Started process (PID=553) to work on /opt/airflow/dags/permission_fixer_dag.py
[2025-05-03T01:54:46.283+0000] {processor.py:914} INFO - Processing file /opt/airflow/dags/permission_fixer_dag.py for tasks to queue
[2025-05-03T01:54:46.283+0000] {logging_mixin.py:190} INFO - [2025-05-03T01:54:46.283+0000] {dagbag.py:588} INFO - Filling up the DagBag from /opt/airflow/dags/permission_fixer_dag.py
[2025-05-03T01:54:46.287+0000] {processor.py:925} INFO - DAG(s) 'fix_permissions_dag' retrieved from /opt/airflow/dags/permission_fixer_dag.py
[2025-05-03T01:54:46.298+0000] {logging_mixin.py:190} INFO - [2025-05-03T01:54:46.298+0000] {dag.py:3239} INFO - Sync 1 DAGs
[2025-05-03T01:54:46.305+0000] {logging_mixin.py:190} INFO - [2025-05-03T01:54:46.305+0000] {dag.py:4180} INFO - Setting next_dagrun for fix_permissions_dag to None, run_after=None
[2025-05-03T01:54:46.387+0000] {processor.py:208} INFO - Processing /opt/airflow/dags/permission_fixer_dag.py took 0.108 seconds
[2025-05-03T01:55:17.010+0000] {processor.py:186} INFO - Started process (PID=558) to work on /opt/airflow/dags/permission_fixer_dag.py
[2025-05-03T01:55:17.011+0000] {processor.py:914} INFO - Processing file /opt/airflow/dags/permission_fixer_dag.py for tasks to queue
[2025-05-03T01:55:17.011+0000] {logging_mixin.py:190} INFO - [2025-05-03T01:55:17.011+0000] {dagbag.py:588} INFO - Filling up the DagBag from /opt/airflow/dags/permission_fixer_dag.py
[2025-05-03T01:55:17.016+0000] {processor.py:925} INFO - DAG(s) 'fix_permissions_dag' retrieved from /opt/airflow/dags/permission_fixer_dag.py
[2025-05-03T01:55:17.026+0000] {logging_mixin.py:190} INFO - [2025-05-03T01:55:17.026+0000] {dag.py:3239} INFO - Sync 1 DAGs
[2025-05-03T01:55:17.033+0000] {logging_mixin.py:190} INFO - [2025-05-03T01:55:17.033+0000] {dag.py:4180} INFO - Setting next_dagrun for fix_permissions_dag to None, run_after=None
[2025-05-03T01:55:17.042+0000] {processor.py:208} INFO - Processing /opt/airflow/dags/permission_fixer_dag.py took 0.034 seconds
[2025-05-03T01:55:47.869+0000] {processor.py:186} INFO - Started process (PID=563) to work on /opt/airflow/dags/permission_fixer_dag.py
[2025-05-03T01:55:47.870+0000] {processor.py:914} INFO - Processing file /opt/airflow/dags/permission_fixer_dag.py for tasks to queue
[2025-05-03T01:55:47.870+0000] {logging_mixin.py:190} INFO - [2025-05-03T01:55:47.870+0000] {dagbag.py:588} INFO - Filling up the DagBag from /opt/airflow/dags/permission_fixer_dag.py
[2025-05-03T01:55:47.875+0000] {processor.py:925} INFO - DAG(s) 'fix_permissions_dag' retrieved from /opt/airflow/dags/permission_fixer_dag.py
[2025-05-03T01:55:47.885+0000] {logging_mixin.py:190} INFO - [2025-05-03T01:55:47.885+0000] {dag.py:3239} INFO - Sync 1 DAGs
[2025-05-03T01:55:47.891+0000] {logging_mixin.py:190} INFO - [2025-05-03T01:55:47.891+0000] {dag.py:4180} INFO - Setting next_dagrun for fix_permissions_dag to None, run_after=None
[2025-05-03T01:55:47.898+0000] {processor.py:208} INFO - Processing /opt/airflow/dags/permission_fixer_dag.py took 0.032 seconds
[2025-05-03T01:56:18.218+0000] {processor.py:186} INFO - Started process (PID=568) to work on /opt/airflow/dags/permission_fixer_dag.py
[2025-05-03T01:56:18.218+0000] {processor.py:914} INFO - Processing file /opt/airflow/dags/permission_fixer_dag.py for tasks to queue
[2025-05-03T01:56:18.219+0000] {logging_mixin.py:190} INFO - [2025-05-03T01:56:18.219+0000] {dagbag.py:588} INFO - Filling up the DagBag from /opt/airflow/dags/permission_fixer_dag.py
[2025-05-03T01:56:18.223+0000] {processor.py:925} INFO - DAG(s) 'fix_permissions_dag' retrieved from /opt/airflow/dags/permission_fixer_dag.py
[2025-05-03T01:56:18.237+0000] {logging_mixin.py:190} INFO - [2025-05-03T01:56:18.237+0000] {dag.py:3239} INFO - Sync 1 DAGs
[2025-05-03T01:56:18.245+0000] {logging_mixin.py:190} INFO - [2025-05-03T01:56:18.245+0000] {dag.py:4180} INFO - Setting next_dagrun for fix_permissions_dag to None, run_after=None
[2025-05-03T01:56:18.252+0000] {processor.py:208} INFO - Processing /opt/airflow/dags/permission_fixer_dag.py took 0.038 seconds
[2025-05-03T01:56:48.821+0000] {processor.py:186} INFO - Started process (PID=573) to work on /opt/airflow/dags/permission_fixer_dag.py
[2025-05-03T01:56:48.821+0000] {processor.py:914} INFO - Processing file /opt/airflow/dags/permission_fixer_dag.py for tasks to queue
[2025-05-03T01:56:48.822+0000] {logging_mixin.py:190} INFO - [2025-05-03T01:56:48.822+0000] {dagbag.py:588} INFO - Filling up the DagBag from /opt/airflow/dags/permission_fixer_dag.py
[2025-05-03T01:56:48.826+0000] {processor.py:925} INFO - DAG(s) 'fix_permissions_dag' retrieved from /opt/airflow/dags/permission_fixer_dag.py
[2025-05-03T01:56:48.837+0000] {logging_mixin.py:190} INFO - [2025-05-03T01:56:48.837+0000] {dag.py:3239} INFO - Sync 1 DAGs
[2025-05-03T01:56:48.844+0000] {logging_mixin.py:190} INFO - [2025-05-03T01:56:48.844+0000] {dag.py:4180} INFO - Setting next_dagrun for fix_permissions_dag to None, run_after=None
[2025-05-03T01:56:48.851+0000] {processor.py:208} INFO - Processing /opt/airflow/dags/permission_fixer_dag.py took 0.033 seconds
[2025-05-03T01:57:19.468+0000] {processor.py:186} INFO - Started process (PID=578) to work on /opt/airflow/dags/permission_fixer_dag.py
[2025-05-03T01:57:19.468+0000] {processor.py:914} INFO - Processing file /opt/airflow/dags/permission_fixer_dag.py for tasks to queue
[2025-05-03T01:57:19.468+0000] {logging_mixin.py:190} INFO - [2025-05-03T01:57:19.468+0000] {dagbag.py:588} INFO - Filling up the DagBag from /opt/airflow/dags/permission_fixer_dag.py
[2025-05-03T01:57:19.473+0000] {processor.py:925} INFO - DAG(s) 'fix_permissions_dag' retrieved from /opt/airflow/dags/permission_fixer_dag.py
[2025-05-03T01:57:19.484+0000] {logging_mixin.py:190} INFO - [2025-05-03T01:57:19.484+0000] {dag.py:3239} INFO - Sync 1 DAGs
[2025-05-03T01:57:19.492+0000] {logging_mixin.py:190} INFO - [2025-05-03T01:57:19.492+0000] {dag.py:4180} INFO - Setting next_dagrun for fix_permissions_dag to None, run_after=None
[2025-05-03T01:57:19.501+0000] {processor.py:208} INFO - Processing /opt/airflow/dags/permission_fixer_dag.py took 0.036 seconds
[2025-05-03T01:57:50.262+0000] {processor.py:186} INFO - Started process (PID=583) to work on /opt/airflow/dags/permission_fixer_dag.py
[2025-05-03T01:57:50.263+0000] {processor.py:914} INFO - Processing file /opt/airflow/dags/permission_fixer_dag.py for tasks to queue
[2025-05-03T01:57:50.264+0000] {logging_mixin.py:190} INFO - [2025-05-03T01:57:50.263+0000] {dagbag.py:588} INFO - Filling up the DagBag from /opt/airflow/dags/permission_fixer_dag.py
[2025-05-03T01:57:50.268+0000] {processor.py:925} INFO - DAG(s) 'fix_permissions_dag' retrieved from /opt/airflow/dags/permission_fixer_dag.py
[2025-05-03T01:57:50.278+0000] {logging_mixin.py:190} INFO - [2025-05-03T01:57:50.278+0000] {dag.py:3239} INFO - Sync 1 DAGs
[2025-05-03T01:57:50.284+0000] {logging_mixin.py:190} INFO - [2025-05-03T01:57:50.284+0000] {dag.py:4180} INFO - Setting next_dagrun for fix_permissions_dag to None, run_after=None
[2025-05-03T01:57:50.291+0000] {processor.py:208} INFO - Processing /opt/airflow/dags/permission_fixer_dag.py took 0.032 seconds
[2025-05-03T01:58:20.984+0000] {processor.py:186} INFO - Started process (PID=588) to work on /opt/airflow/dags/permission_fixer_dag.py
[2025-05-03T01:58:20.984+0000] {processor.py:914} INFO - Processing file /opt/airflow/dags/permission_fixer_dag.py for tasks to queue
[2025-05-03T01:58:20.985+0000] {logging_mixin.py:190} INFO - [2025-05-03T01:58:20.985+0000] {dagbag.py:588} INFO - Filling up the DagBag from /opt/airflow/dags/permission_fixer_dag.py
[2025-05-03T01:58:20.989+0000] {processor.py:925} INFO - DAG(s) 'fix_permissions_dag' retrieved from /opt/airflow/dags/permission_fixer_dag.py
[2025-05-03T01:58:21.000+0000] {logging_mixin.py:190} INFO - [2025-05-03T01:58:21.000+0000] {dag.py:3239} INFO - Sync 1 DAGs
[2025-05-03T01:58:21.006+0000] {logging_mixin.py:190} INFO - [2025-05-03T01:58:21.006+0000] {dag.py:4180} INFO - Setting next_dagrun for fix_permissions_dag to None, run_after=None
[2025-05-03T01:58:21.013+0000] {processor.py:208} INFO - Processing /opt/airflow/dags/permission_fixer_dag.py took 0.032 seconds
[2025-05-03T01:58:51.704+0000] {processor.py:186} INFO - Started process (PID=593) to work on /opt/airflow/dags/permission_fixer_dag.py
[2025-05-03T01:58:51.705+0000] {processor.py:914} INFO - Processing file /opt/airflow/dags/permission_fixer_dag.py for tasks to queue
[2025-05-03T01:58:51.705+0000] {logging_mixin.py:190} INFO - [2025-05-03T01:58:51.705+0000] {dagbag.py:588} INFO - Filling up the DagBag from /opt/airflow/dags/permission_fixer_dag.py
[2025-05-03T01:58:51.710+0000] {processor.py:925} INFO - DAG(s) 'fix_permissions_dag' retrieved from /opt/airflow/dags/permission_fixer_dag.py
[2025-05-03T01:58:51.720+0000] {logging_mixin.py:190} INFO - [2025-05-03T01:58:51.720+0000] {dag.py:3239} INFO - Sync 1 DAGs
[2025-05-03T01:58:51.726+0000] {logging_mixin.py:190} INFO - [2025-05-03T01:58:51.726+0000] {dag.py:4180} INFO - Setting next_dagrun for fix_permissions_dag to None, run_after=None
[2025-05-03T01:58:51.733+0000] {processor.py:208} INFO - Processing /opt/airflow/dags/permission_fixer_dag.py took 0.031 seconds
[2025-05-03T01:59:22.514+0000] {processor.py:186} INFO - Started process (PID=598) to work on /opt/airflow/dags/permission_fixer_dag.py
[2025-05-03T01:59:22.515+0000] {processor.py:914} INFO - Processing file /opt/airflow/dags/permission_fixer_dag.py for tasks to queue
[2025-05-03T01:59:22.515+0000] {logging_mixin.py:190} INFO - [2025-05-03T01:59:22.515+0000] {dagbag.py:588} INFO - Filling up the DagBag from /opt/airflow/dags/permission_fixer_dag.py
[2025-05-03T01:59:22.519+0000] {processor.py:925} INFO - DAG(s) 'fix_permissions_dag' retrieved from /opt/airflow/dags/permission_fixer_dag.py
[2025-05-03T01:59:22.531+0000] {logging_mixin.py:190} INFO - [2025-05-03T01:59:22.530+0000] {dag.py:3239} INFO - Sync 1 DAGs
[2025-05-03T01:59:22.537+0000] {logging_mixin.py:190} INFO - [2025-05-03T01:59:22.537+0000] {dag.py:4180} INFO - Setting next_dagrun for fix_permissions_dag to None, run_after=None
[2025-05-03T01:59:22.546+0000] {processor.py:208} INFO - Processing /opt/airflow/dags/permission_fixer_dag.py took 0.035 seconds
[2025-05-03T01:59:53.298+0000] {processor.py:186} INFO - Started process (PID=603) to work on /opt/airflow/dags/permission_fixer_dag.py
[2025-05-03T01:59:53.299+0000] {processor.py:914} INFO - Processing file /opt/airflow/dags/permission_fixer_dag.py for tasks to queue
[2025-05-03T01:59:53.299+0000] {logging_mixin.py:190} INFO - [2025-05-03T01:59:53.299+0000] {dagbag.py:588} INFO - Filling up the DagBag from /opt/airflow/dags/permission_fixer_dag.py
[2025-05-03T01:59:53.304+0000] {processor.py:925} INFO - DAG(s) 'fix_permissions_dag' retrieved from /opt/airflow/dags/permission_fixer_dag.py
[2025-05-03T01:59:53.315+0000] {logging_mixin.py:190} INFO - [2025-05-03T01:59:53.315+0000] {dag.py:3239} INFO - Sync 1 DAGs
[2025-05-03T01:59:53.321+0000] {logging_mixin.py:190} INFO - [2025-05-03T01:59:53.321+0000] {dag.py:4180} INFO - Setting next_dagrun for fix_permissions_dag to None, run_after=None
[2025-05-03T01:59:53.328+0000] {processor.py:208} INFO - Processing /opt/airflow/dags/permission_fixer_dag.py took 0.032 seconds
[2025-05-03T02:00:23.971+0000] {processor.py:186} INFO - Started process (PID=608) to work on /opt/airflow/dags/permission_fixer_dag.py
[2025-05-03T02:00:23.972+0000] {processor.py:914} INFO - Processing file /opt/airflow/dags/permission_fixer_dag.py for tasks to queue
[2025-05-03T02:00:23.972+0000] {logging_mixin.py:190} INFO - [2025-05-03T02:00:23.972+0000] {dagbag.py:588} INFO - Filling up the DagBag from /opt/airflow/dags/permission_fixer_dag.py
[2025-05-03T02:00:23.976+0000] {processor.py:925} INFO - DAG(s) 'fix_permissions_dag' retrieved from /opt/airflow/dags/permission_fixer_dag.py
[2025-05-03T02:00:23.987+0000] {logging_mixin.py:190} INFO - [2025-05-03T02:00:23.987+0000] {dag.py:3239} INFO - Sync 1 DAGs
[2025-05-03T02:00:23.993+0000] {logging_mixin.py:190} INFO - [2025-05-03T02:00:23.993+0000] {dag.py:4180} INFO - Setting next_dagrun for fix_permissions_dag to None, run_after=None
[2025-05-03T02:00:24.078+0000] {processor.py:208} INFO - Processing /opt/airflow/dags/permission_fixer_dag.py took 0.110 seconds
[2025-05-03T02:00:54.544+0000] {processor.py:186} INFO - Started process (PID=613) to work on /opt/airflow/dags/permission_fixer_dag.py
[2025-05-03T02:00:54.545+0000] {processor.py:914} INFO - Processing file /opt/airflow/dags/permission_fixer_dag.py for tasks to queue
[2025-05-03T02:00:54.545+0000] {logging_mixin.py:190} INFO - [2025-05-03T02:00:54.545+0000] {dagbag.py:588} INFO - Filling up the DagBag from /opt/airflow/dags/permission_fixer_dag.py
[2025-05-03T02:00:54.550+0000] {processor.py:925} INFO - DAG(s) 'fix_permissions_dag' retrieved from /opt/airflow/dags/permission_fixer_dag.py
[2025-05-03T02:00:54.563+0000] {logging_mixin.py:190} INFO - [2025-05-03T02:00:54.563+0000] {dag.py:3239} INFO - Sync 1 DAGs
[2025-05-03T02:00:54.571+0000] {logging_mixin.py:190} INFO - [2025-05-03T02:00:54.571+0000] {dag.py:4180} INFO - Setting next_dagrun for fix_permissions_dag to None, run_after=None
[2025-05-03T02:00:54.580+0000] {processor.py:208} INFO - Processing /opt/airflow/dags/permission_fixer_dag.py took 0.039 seconds
[2025-05-03T02:01:25.547+0000] {processor.py:186} INFO - Started process (PID=618) to work on /opt/airflow/dags/permission_fixer_dag.py
[2025-05-03T02:01:25.547+0000] {processor.py:914} INFO - Processing file /opt/airflow/dags/permission_fixer_dag.py for tasks to queue
[2025-05-03T02:01:25.548+0000] {logging_mixin.py:190} INFO - [2025-05-03T02:01:25.548+0000] {dagbag.py:588} INFO - Filling up the DagBag from /opt/airflow/dags/permission_fixer_dag.py
[2025-05-03T02:01:25.552+0000] {processor.py:925} INFO - DAG(s) 'fix_permissions_dag' retrieved from /opt/airflow/dags/permission_fixer_dag.py
[2025-05-03T02:01:25.562+0000] {logging_mixin.py:190} INFO - [2025-05-03T02:01:25.562+0000] {dag.py:3239} INFO - Sync 1 DAGs
[2025-05-03T02:01:25.568+0000] {logging_mixin.py:190} INFO - [2025-05-03T02:01:25.568+0000] {dag.py:4180} INFO - Setting next_dagrun for fix_permissions_dag to None, run_after=None
[2025-05-03T02:01:25.575+0000] {processor.py:208} INFO - Processing /opt/airflow/dags/permission_fixer_dag.py took 0.031 seconds
[2025-05-03T02:01:56.274+0000] {processor.py:186} INFO - Started process (PID=623) to work on /opt/airflow/dags/permission_fixer_dag.py
[2025-05-03T02:01:56.275+0000] {processor.py:914} INFO - Processing file /opt/airflow/dags/permission_fixer_dag.py for tasks to queue
[2025-05-03T02:01:56.275+0000] {logging_mixin.py:190} INFO - [2025-05-03T02:01:56.275+0000] {dagbag.py:588} INFO - Filling up the DagBag from /opt/airflow/dags/permission_fixer_dag.py
[2025-05-03T02:01:56.279+0000] {processor.py:925} INFO - DAG(s) 'fix_permissions_dag' retrieved from /opt/airflow/dags/permission_fixer_dag.py
[2025-05-03T02:01:56.289+0000] {logging_mixin.py:190} INFO - [2025-05-03T02:01:56.289+0000] {dag.py:3239} INFO - Sync 1 DAGs
[2025-05-03T02:01:56.295+0000] {logging_mixin.py:190} INFO - [2025-05-03T02:01:56.295+0000] {dag.py:4180} INFO - Setting next_dagrun for fix_permissions_dag to None, run_after=None
[2025-05-03T02:01:56.302+0000] {processor.py:208} INFO - Processing /opt/airflow/dags/permission_fixer_dag.py took 0.031 seconds
[2025-05-03T02:02:26.737+0000] {processor.py:186} INFO - Started process (PID=628) to work on /opt/airflow/dags/permission_fixer_dag.py
[2025-05-03T02:02:26.737+0000] {processor.py:914} INFO - Processing file /opt/airflow/dags/permission_fixer_dag.py for tasks to queue
[2025-05-03T02:02:26.738+0000] {logging_mixin.py:190} INFO - [2025-05-03T02:02:26.738+0000] {dagbag.py:588} INFO - Filling up the DagBag from /opt/airflow/dags/permission_fixer_dag.py
[2025-05-03T02:02:26.742+0000] {processor.py:925} INFO - DAG(s) 'fix_permissions_dag' retrieved from /opt/airflow/dags/permission_fixer_dag.py
[2025-05-03T02:02:26.752+0000] {logging_mixin.py:190} INFO - [2025-05-03T02:02:26.752+0000] {dag.py:3239} INFO - Sync 1 DAGs
[2025-05-03T02:02:26.757+0000] {logging_mixin.py:190} INFO - [2025-05-03T02:02:26.757+0000] {dag.py:4180} INFO - Setting next_dagrun for fix_permissions_dag to None, run_after=None
[2025-05-03T02:02:26.764+0000] {processor.py:208} INFO - Processing /opt/airflow/dags/permission_fixer_dag.py took 0.030 seconds
[2025-05-03T02:02:57.259+0000] {processor.py:186} INFO - Started process (PID=633) to work on /opt/airflow/dags/permission_fixer_dag.py
[2025-05-03T02:02:57.260+0000] {processor.py:914} INFO - Processing file /opt/airflow/dags/permission_fixer_dag.py for tasks to queue
[2025-05-03T02:02:57.261+0000] {logging_mixin.py:190} INFO - [2025-05-03T02:02:57.260+0000] {dagbag.py:588} INFO - Filling up the DagBag from /opt/airflow/dags/permission_fixer_dag.py
[2025-05-03T02:02:57.264+0000] {processor.py:925} INFO - DAG(s) 'fix_permissions_dag' retrieved from /opt/airflow/dags/permission_fixer_dag.py
[2025-05-03T02:02:57.278+0000] {logging_mixin.py:190} INFO - [2025-05-03T02:02:57.278+0000] {dag.py:3239} INFO - Sync 1 DAGs
[2025-05-03T02:02:57.285+0000] {logging_mixin.py:190} INFO - [2025-05-03T02:02:57.285+0000] {dag.py:4180} INFO - Setting next_dagrun for fix_permissions_dag to None, run_after=None
[2025-05-03T02:02:57.369+0000] {processor.py:208} INFO - Processing /opt/airflow/dags/permission_fixer_dag.py took 0.112 seconds
[2025-05-03T02:03:28.028+0000] {processor.py:186} INFO - Started process (PID=638) to work on /opt/airflow/dags/permission_fixer_dag.py
[2025-05-03T02:03:28.029+0000] {processor.py:914} INFO - Processing file /opt/airflow/dags/permission_fixer_dag.py for tasks to queue
[2025-05-03T02:03:28.029+0000] {logging_mixin.py:190} INFO - [2025-05-03T02:03:28.029+0000] {dagbag.py:588} INFO - Filling up the DagBag from /opt/airflow/dags/permission_fixer_dag.py
[2025-05-03T02:03:28.034+0000] {processor.py:925} INFO - DAG(s) 'fix_permissions_dag' retrieved from /opt/airflow/dags/permission_fixer_dag.py
[2025-05-03T02:03:28.046+0000] {logging_mixin.py:190} INFO - [2025-05-03T02:03:28.046+0000] {dag.py:3239} INFO - Sync 1 DAGs
[2025-05-03T02:03:28.052+0000] {logging_mixin.py:190} INFO - [2025-05-03T02:03:28.052+0000] {dag.py:4180} INFO - Setting next_dagrun for fix_permissions_dag to None, run_after=None
[2025-05-03T02:03:28.059+0000] {processor.py:208} INFO - Processing /opt/airflow/dags/permission_fixer_dag.py took 0.034 seconds
[2025-05-03T02:03:59.087+0000] {processor.py:186} INFO - Started process (PID=643) to work on /opt/airflow/dags/permission_fixer_dag.py
[2025-05-03T02:03:59.088+0000] {processor.py:914} INFO - Processing file /opt/airflow/dags/permission_fixer_dag.py for tasks to queue
[2025-05-03T02:03:59.088+0000] {logging_mixin.py:190} INFO - [2025-05-03T02:03:59.088+0000] {dagbag.py:588} INFO - Filling up the DagBag from /opt/airflow/dags/permission_fixer_dag.py
[2025-05-03T02:03:59.093+0000] {processor.py:925} INFO - DAG(s) 'fix_permissions_dag' retrieved from /opt/airflow/dags/permission_fixer_dag.py
[2025-05-03T02:03:59.102+0000] {logging_mixin.py:190} INFO - [2025-05-03T02:03:59.102+0000] {dag.py:3239} INFO - Sync 1 DAGs
[2025-05-03T02:03:59.108+0000] {logging_mixin.py:190} INFO - [2025-05-03T02:03:59.108+0000] {dag.py:4180} INFO - Setting next_dagrun for fix_permissions_dag to None, run_after=None
[2025-05-03T02:03:59.115+0000] {processor.py:208} INFO - Processing /opt/airflow/dags/permission_fixer_dag.py took 0.030 seconds
[2025-05-03T02:04:29.708+0000] {processor.py:186} INFO - Started process (PID=648) to work on /opt/airflow/dags/permission_fixer_dag.py
[2025-05-03T02:04:29.709+0000] {processor.py:914} INFO - Processing file /opt/airflow/dags/permission_fixer_dag.py for tasks to queue
[2025-05-03T02:04:29.709+0000] {logging_mixin.py:190} INFO - [2025-05-03T02:04:29.709+0000] {dagbag.py:588} INFO - Filling up the DagBag from /opt/airflow/dags/permission_fixer_dag.py
[2025-05-03T02:04:29.713+0000] {processor.py:925} INFO - DAG(s) 'fix_permissions_dag' retrieved from /opt/airflow/dags/permission_fixer_dag.py
[2025-05-03T02:04:29.722+0000] {logging_mixin.py:190} INFO - [2025-05-03T02:04:29.722+0000] {dag.py:3239} INFO - Sync 1 DAGs
[2025-05-03T02:04:29.728+0000] {logging_mixin.py:190} INFO - [2025-05-03T02:04:29.728+0000] {dag.py:4180} INFO - Setting next_dagrun for fix_permissions_dag to None, run_after=None
[2025-05-03T02:04:29.734+0000] {processor.py:208} INFO - Processing /opt/airflow/dags/permission_fixer_dag.py took 0.029 seconds
[2025-05-03T02:05:00.353+0000] {processor.py:186} INFO - Started process (PID=653) to work on /opt/airflow/dags/permission_fixer_dag.py
[2025-05-03T02:05:00.353+0000] {processor.py:914} INFO - Processing file /opt/airflow/dags/permission_fixer_dag.py for tasks to queue
[2025-05-03T02:05:00.354+0000] {logging_mixin.py:190} INFO - [2025-05-03T02:05:00.354+0000] {dagbag.py:588} INFO - Filling up the DagBag from /opt/airflow/dags/permission_fixer_dag.py
[2025-05-03T02:05:00.359+0000] {processor.py:925} INFO - DAG(s) 'fix_permissions_dag' retrieved from /opt/airflow/dags/permission_fixer_dag.py
[2025-05-03T02:05:00.370+0000] {logging_mixin.py:190} INFO - [2025-05-03T02:05:00.370+0000] {dag.py:3239} INFO - Sync 1 DAGs
[2025-05-03T02:05:00.378+0000] {logging_mixin.py:190} INFO - [2025-05-03T02:05:00.378+0000] {dag.py:4180} INFO - Setting next_dagrun for fix_permissions_dag to None, run_after=None
[2025-05-03T02:05:00.387+0000] {processor.py:208} INFO - Processing /opt/airflow/dags/permission_fixer_dag.py took 0.038 seconds
[2025-05-03T02:05:30.975+0000] {processor.py:186} INFO - Started process (PID=658) to work on /opt/airflow/dags/permission_fixer_dag.py
[2025-05-03T02:05:30.975+0000] {processor.py:914} INFO - Processing file /opt/airflow/dags/permission_fixer_dag.py for tasks to queue
[2025-05-03T02:05:30.976+0000] {logging_mixin.py:190} INFO - [2025-05-03T02:05:30.975+0000] {dagbag.py:588} INFO - Filling up the DagBag from /opt/airflow/dags/permission_fixer_dag.py
[2025-05-03T02:05:30.980+0000] {processor.py:925} INFO - DAG(s) 'fix_permissions_dag' retrieved from /opt/airflow/dags/permission_fixer_dag.py
[2025-05-03T02:05:30.990+0000] {logging_mixin.py:190} INFO - [2025-05-03T02:05:30.990+0000] {dag.py:3239} INFO - Sync 1 DAGs
[2025-05-03T02:05:30.996+0000] {logging_mixin.py:190} INFO - [2025-05-03T02:05:30.995+0000] {dag.py:4180} INFO - Setting next_dagrun for fix_permissions_dag to None, run_after=None
[2025-05-03T02:05:31.002+0000] {processor.py:208} INFO - Processing /opt/airflow/dags/permission_fixer_dag.py took 0.030 seconds
[2025-05-03T02:06:01.495+0000] {processor.py:186} INFO - Started process (PID=663) to work on /opt/airflow/dags/permission_fixer_dag.py
[2025-05-03T02:06:01.495+0000] {processor.py:914} INFO - Processing file /opt/airflow/dags/permission_fixer_dag.py for tasks to queue
[2025-05-03T02:06:01.496+0000] {logging_mixin.py:190} INFO - [2025-05-03T02:06:01.496+0000] {dagbag.py:588} INFO - Filling up the DagBag from /opt/airflow/dags/permission_fixer_dag.py
[2025-05-03T02:06:01.500+0000] {processor.py:925} INFO - DAG(s) 'fix_permissions_dag' retrieved from /opt/airflow/dags/permission_fixer_dag.py
[2025-05-03T02:06:01.511+0000] {logging_mixin.py:190} INFO - [2025-05-03T02:06:01.511+0000] {dag.py:3239} INFO - Sync 1 DAGs
[2025-05-03T02:06:01.594+0000] {logging_mixin.py:190} INFO - [2025-05-03T02:06:01.594+0000] {dag.py:4180} INFO - Setting next_dagrun for fix_permissions_dag to None, run_after=None
[2025-05-03T02:06:01.601+0000] {processor.py:208} INFO - Processing /opt/airflow/dags/permission_fixer_dag.py took 0.109 seconds
[2025-05-03T02:06:32.256+0000] {processor.py:186} INFO - Started process (PID=668) to work on /opt/airflow/dags/permission_fixer_dag.py
[2025-05-03T02:06:32.256+0000] {processor.py:914} INFO - Processing file /opt/airflow/dags/permission_fixer_dag.py for tasks to queue
[2025-05-03T02:06:32.257+0000] {logging_mixin.py:190} INFO - [2025-05-03T02:06:32.257+0000] {dagbag.py:588} INFO - Filling up the DagBag from /opt/airflow/dags/permission_fixer_dag.py
[2025-05-03T02:06:32.261+0000] {processor.py:925} INFO - DAG(s) 'fix_permissions_dag' retrieved from /opt/airflow/dags/permission_fixer_dag.py
[2025-05-03T02:06:32.273+0000] {logging_mixin.py:190} INFO - [2025-05-03T02:06:32.273+0000] {dag.py:3239} INFO - Sync 1 DAGs
[2025-05-03T02:06:32.280+0000] {logging_mixin.py:190} INFO - [2025-05-03T02:06:32.280+0000] {dag.py:4180} INFO - Setting next_dagrun for fix_permissions_dag to None, run_after=None
[2025-05-03T02:06:32.289+0000] {processor.py:208} INFO - Processing /opt/airflow/dags/permission_fixer_dag.py took 0.036 seconds
[2025-05-03T02:07:03.284+0000] {processor.py:186} INFO - Started process (PID=673) to work on /opt/airflow/dags/permission_fixer_dag.py
[2025-05-03T02:07:03.285+0000] {processor.py:914} INFO - Processing file /opt/airflow/dags/permission_fixer_dag.py for tasks to queue
[2025-05-03T02:07:03.285+0000] {logging_mixin.py:190} INFO - [2025-05-03T02:07:03.285+0000] {dagbag.py:588} INFO - Filling up the DagBag from /opt/airflow/dags/permission_fixer_dag.py
[2025-05-03T02:07:03.290+0000] {processor.py:925} INFO - DAG(s) 'fix_permissions_dag' retrieved from /opt/airflow/dags/permission_fixer_dag.py
[2025-05-03T02:07:03.302+0000] {logging_mixin.py:190} INFO - [2025-05-03T02:07:03.301+0000] {dag.py:3239} INFO - Sync 1 DAGs
[2025-05-03T02:07:03.308+0000] {logging_mixin.py:190} INFO - [2025-05-03T02:07:03.308+0000] {dag.py:4180} INFO - Setting next_dagrun for fix_permissions_dag to None, run_after=None
[2025-05-03T02:07:03.316+0000] {processor.py:208} INFO - Processing /opt/airflow/dags/permission_fixer_dag.py took 0.036 seconds
[2025-05-03T02:07:33.775+0000] {processor.py:186} INFO - Started process (PID=678) to work on /opt/airflow/dags/permission_fixer_dag.py
[2025-05-03T02:07:33.775+0000] {processor.py:914} INFO - Processing file /opt/airflow/dags/permission_fixer_dag.py for tasks to queue
[2025-05-03T02:07:33.776+0000] {logging_mixin.py:190} INFO - [2025-05-03T02:07:33.776+0000] {dagbag.py:588} INFO - Filling up the DagBag from /opt/airflow/dags/permission_fixer_dag.py
[2025-05-03T02:07:33.780+0000] {processor.py:925} INFO - DAG(s) 'fix_permissions_dag' retrieved from /opt/airflow/dags/permission_fixer_dag.py
[2025-05-03T02:07:33.791+0000] {logging_mixin.py:190} INFO - [2025-05-03T02:07:33.791+0000] {dag.py:3239} INFO - Sync 1 DAGs
[2025-05-03T02:07:33.797+0000] {logging_mixin.py:190} INFO - [2025-05-03T02:07:33.797+0000] {dag.py:4180} INFO - Setting next_dagrun for fix_permissions_dag to None, run_after=None
[2025-05-03T02:07:33.806+0000] {processor.py:208} INFO - Processing /opt/airflow/dags/permission_fixer_dag.py took 0.034 seconds
[2025-05-03T02:08:04.338+0000] {processor.py:186} INFO - Started process (PID=683) to work on /opt/airflow/dags/permission_fixer_dag.py
[2025-05-03T02:08:04.339+0000] {processor.py:914} INFO - Processing file /opt/airflow/dags/permission_fixer_dag.py for tasks to queue
[2025-05-03T02:08:04.339+0000] {logging_mixin.py:190} INFO - [2025-05-03T02:08:04.339+0000] {dagbag.py:588} INFO - Filling up the DagBag from /opt/airflow/dags/permission_fixer_dag.py
[2025-05-03T02:08:04.343+0000] {processor.py:925} INFO - DAG(s) 'fix_permissions_dag' retrieved from /opt/airflow/dags/permission_fixer_dag.py
[2025-05-03T02:08:04.354+0000] {logging_mixin.py:190} INFO - [2025-05-03T02:08:04.354+0000] {dag.py:3239} INFO - Sync 1 DAGs
[2025-05-03T02:08:04.361+0000] {logging_mixin.py:190} INFO - [2025-05-03T02:08:04.360+0000] {dag.py:4180} INFO - Setting next_dagrun for fix_permissions_dag to None, run_after=None
[2025-05-03T02:08:04.368+0000] {processor.py:208} INFO - Processing /opt/airflow/dags/permission_fixer_dag.py took 0.033 seconds
[2025-05-03T02:08:35.154+0000] {processor.py:186} INFO - Started process (PID=688) to work on /opt/airflow/dags/permission_fixer_dag.py
[2025-05-03T02:08:35.154+0000] {processor.py:914} INFO - Processing file /opt/airflow/dags/permission_fixer_dag.py for tasks to queue
[2025-05-03T02:08:35.155+0000] {logging_mixin.py:190} INFO - [2025-05-03T02:08:35.155+0000] {dagbag.py:588} INFO - Filling up the DagBag from /opt/airflow/dags/permission_fixer_dag.py
[2025-05-03T02:08:35.159+0000] {processor.py:925} INFO - DAG(s) 'fix_permissions_dag' retrieved from /opt/airflow/dags/permission_fixer_dag.py
[2025-05-03T02:08:35.169+0000] {logging_mixin.py:190} INFO - [2025-05-03T02:08:35.169+0000] {dag.py:3239} INFO - Sync 1 DAGs
[2025-05-03T02:08:35.175+0000] {logging_mixin.py:190} INFO - [2025-05-03T02:08:35.175+0000] {dag.py:4180} INFO - Setting next_dagrun for fix_permissions_dag to None, run_after=None
[2025-05-03T02:08:35.268+0000] {processor.py:208} INFO - Processing /opt/airflow/dags/permission_fixer_dag.py took 0.117 seconds
[2025-05-03T02:09:05.845+0000] {processor.py:186} INFO - Started process (PID=693) to work on /opt/airflow/dags/permission_fixer_dag.py
[2025-05-03T02:09:05.846+0000] {processor.py:914} INFO - Processing file /opt/airflow/dags/permission_fixer_dag.py for tasks to queue
[2025-05-03T02:09:05.846+0000] {logging_mixin.py:190} INFO - [2025-05-03T02:09:05.846+0000] {dagbag.py:588} INFO - Filling up the DagBag from /opt/airflow/dags/permission_fixer_dag.py
[2025-05-03T02:09:05.851+0000] {processor.py:925} INFO - DAG(s) 'fix_permissions_dag' retrieved from /opt/airflow/dags/permission_fixer_dag.py
[2025-05-03T02:09:05.861+0000] {logging_mixin.py:190} INFO - [2025-05-03T02:09:05.861+0000] {dag.py:3239} INFO - Sync 1 DAGs
[2025-05-03T02:09:05.866+0000] {logging_mixin.py:190} INFO - [2025-05-03T02:09:05.866+0000] {dag.py:4180} INFO - Setting next_dagrun for fix_permissions_dag to None, run_after=None
[2025-05-03T02:09:05.872+0000] {processor.py:208} INFO - Processing /opt/airflow/dags/permission_fixer_dag.py took 0.030 seconds
[2025-05-03T02:09:36.188+0000] {processor.py:186} INFO - Started process (PID=698) to work on /opt/airflow/dags/permission_fixer_dag.py
[2025-05-03T02:09:36.188+0000] {processor.py:914} INFO - Processing file /opt/airflow/dags/permission_fixer_dag.py for tasks to queue
[2025-05-03T02:09:36.189+0000] {logging_mixin.py:190} INFO - [2025-05-03T02:09:36.189+0000] {dagbag.py:588} INFO - Filling up the DagBag from /opt/airflow/dags/permission_fixer_dag.py
[2025-05-03T02:09:36.193+0000] {processor.py:925} INFO - DAG(s) 'fix_permissions_dag' retrieved from /opt/airflow/dags/permission_fixer_dag.py
[2025-05-03T02:09:36.202+0000] {logging_mixin.py:190} INFO - [2025-05-03T02:09:36.202+0000] {dag.py:3239} INFO - Sync 1 DAGs
[2025-05-03T02:09:36.208+0000] {logging_mixin.py:190} INFO - [2025-05-03T02:09:36.208+0000] {dag.py:4180} INFO - Setting next_dagrun for fix_permissions_dag to None, run_after=None
[2025-05-03T02:09:36.215+0000] {processor.py:208} INFO - Processing /opt/airflow/dags/permission_fixer_dag.py took 0.030 seconds
[2025-05-03T02:10:07.010+0000] {processor.py:186} INFO - Started process (PID=703) to work on /opt/airflow/dags/permission_fixer_dag.py
[2025-05-03T02:10:07.013+0000] {processor.py:914} INFO - Processing file /opt/airflow/dags/permission_fixer_dag.py for tasks to queue
[2025-05-03T02:10:07.013+0000] {logging_mixin.py:190} INFO - [2025-05-03T02:10:07.013+0000] {dagbag.py:588} INFO - Filling up the DagBag from /opt/airflow/dags/permission_fixer_dag.py
[2025-05-03T02:10:07.018+0000] {processor.py:925} INFO - DAG(s) 'fix_permissions_dag' retrieved from /opt/airflow/dags/permission_fixer_dag.py
[2025-05-03T02:10:07.030+0000] {logging_mixin.py:190} INFO - [2025-05-03T02:10:07.030+0000] {dag.py:3239} INFO - Sync 1 DAGs
[2025-05-03T02:10:07.037+0000] {logging_mixin.py:190} INFO - [2025-05-03T02:10:07.036+0000] {dag.py:4180} INFO - Setting next_dagrun for fix_permissions_dag to None, run_after=None
[2025-05-03T02:10:07.046+0000] {processor.py:208} INFO - Processing /opt/airflow/dags/permission_fixer_dag.py took 0.038 seconds
[2025-05-03T02:10:37.364+0000] {processor.py:186} INFO - Started process (PID=708) to work on /opt/airflow/dags/permission_fixer_dag.py
[2025-05-03T02:10:37.364+0000] {processor.py:914} INFO - Processing file /opt/airflow/dags/permission_fixer_dag.py for tasks to queue
[2025-05-03T02:10:37.364+0000] {logging_mixin.py:190} INFO - [2025-05-03T02:10:37.364+0000] {dagbag.py:588} INFO - Filling up the DagBag from /opt/airflow/dags/permission_fixer_dag.py
[2025-05-03T02:10:37.368+0000] {processor.py:925} INFO - DAG(s) 'fix_permissions_dag' retrieved from /opt/airflow/dags/permission_fixer_dag.py
[2025-05-03T02:10:37.377+0000] {logging_mixin.py:190} INFO - [2025-05-03T02:10:37.377+0000] {dag.py:3239} INFO - Sync 1 DAGs
[2025-05-03T02:10:37.383+0000] {logging_mixin.py:190} INFO - [2025-05-03T02:10:37.382+0000] {dag.py:4180} INFO - Setting next_dagrun for fix_permissions_dag to None, run_after=None
[2025-05-03T02:10:37.389+0000] {processor.py:208} INFO - Processing /opt/airflow/dags/permission_fixer_dag.py took 0.028 seconds
[2025-05-03T02:11:07.910+0000] {processor.py:186} INFO - Started process (PID=713) to work on /opt/airflow/dags/permission_fixer_dag.py
[2025-05-03T02:11:07.910+0000] {processor.py:914} INFO - Processing file /opt/airflow/dags/permission_fixer_dag.py for tasks to queue
[2025-05-03T02:11:07.911+0000] {logging_mixin.py:190} INFO - [2025-05-03T02:11:07.911+0000] {dagbag.py:588} INFO - Filling up the DagBag from /opt/airflow/dags/permission_fixer_dag.py
[2025-05-03T02:11:07.915+0000] {processor.py:925} INFO - DAG(s) 'fix_permissions_dag' retrieved from /opt/airflow/dags/permission_fixer_dag.py
[2025-05-03T02:11:07.925+0000] {logging_mixin.py:190} INFO - [2025-05-03T02:11:07.925+0000] {dag.py:3239} INFO - Sync 1 DAGs
[2025-05-03T02:11:07.932+0000] {logging_mixin.py:190} INFO - [2025-05-03T02:11:07.931+0000] {dag.py:4180} INFO - Setting next_dagrun for fix_permissions_dag to None, run_after=None
[2025-05-03T02:11:07.940+0000] {processor.py:208} INFO - Processing /opt/airflow/dags/permission_fixer_dag.py took 0.033 seconds
[2025-05-03T02:11:38.794+0000] {processor.py:186} INFO - Started process (PID=718) to work on /opt/airflow/dags/permission_fixer_dag.py
[2025-05-03T02:11:38.795+0000] {processor.py:914} INFO - Processing file /opt/airflow/dags/permission_fixer_dag.py for tasks to queue
[2025-05-03T02:11:38.796+0000] {logging_mixin.py:190} INFO - [2025-05-03T02:11:38.796+0000] {dagbag.py:588} INFO - Filling up the DagBag from /opt/airflow/dags/permission_fixer_dag.py
[2025-05-03T02:11:38.800+0000] {processor.py:925} INFO - DAG(s) 'fix_permissions_dag' retrieved from /opt/airflow/dags/permission_fixer_dag.py
[2025-05-03T02:11:38.811+0000] {logging_mixin.py:190} INFO - [2025-05-03T02:11:38.811+0000] {dag.py:3239} INFO - Sync 1 DAGs
[2025-05-03T02:11:38.909+0000] {logging_mixin.py:190} INFO - [2025-05-03T02:11:38.909+0000] {dag.py:4180} INFO - Setting next_dagrun for fix_permissions_dag to None, run_after=None
[2025-05-03T02:11:38.918+0000] {processor.py:208} INFO - Processing /opt/airflow/dags/permission_fixer_dag.py took 0.126 seconds
[2025-05-03T02:12:09.487+0000] {processor.py:186} INFO - Started process (PID=723) to work on /opt/airflow/dags/permission_fixer_dag.py
[2025-05-03T02:12:09.488+0000] {processor.py:914} INFO - Processing file /opt/airflow/dags/permission_fixer_dag.py for tasks to queue
[2025-05-03T02:12:09.489+0000] {logging_mixin.py:190} INFO - [2025-05-03T02:12:09.489+0000] {dagbag.py:588} INFO - Filling up the DagBag from /opt/airflow/dags/permission_fixer_dag.py
[2025-05-03T02:12:09.495+0000] {processor.py:925} INFO - DAG(s) 'fix_permissions_dag' retrieved from /opt/airflow/dags/permission_fixer_dag.py
[2025-05-03T02:12:09.507+0000] {logging_mixin.py:190} INFO - [2025-05-03T02:12:09.507+0000] {dag.py:3239} INFO - Sync 1 DAGs
[2025-05-03T02:12:09.514+0000] {logging_mixin.py:190} INFO - [2025-05-03T02:12:09.514+0000] {dag.py:4180} INFO - Setting next_dagrun for fix_permissions_dag to None, run_after=None
[2025-05-03T02:12:09.525+0000] {processor.py:208} INFO - Processing /opt/airflow/dags/permission_fixer_dag.py took 0.041 seconds
[2025-05-03T02:12:40.013+0000] {processor.py:186} INFO - Started process (PID=728) to work on /opt/airflow/dags/permission_fixer_dag.py
[2025-05-03T02:12:40.013+0000] {processor.py:914} INFO - Processing file /opt/airflow/dags/permission_fixer_dag.py for tasks to queue
[2025-05-03T02:12:40.013+0000] {logging_mixin.py:190} INFO - [2025-05-03T02:12:40.013+0000] {dagbag.py:588} INFO - Filling up the DagBag from /opt/airflow/dags/permission_fixer_dag.py
[2025-05-03T02:12:40.018+0000] {processor.py:925} INFO - DAG(s) 'fix_permissions_dag' retrieved from /opt/airflow/dags/permission_fixer_dag.py
[2025-05-03T02:12:40.029+0000] {logging_mixin.py:190} INFO - [2025-05-03T02:12:40.029+0000] {dag.py:3239} INFO - Sync 1 DAGs
[2025-05-03T02:12:40.035+0000] {logging_mixin.py:190} INFO - [2025-05-03T02:12:40.035+0000] {dag.py:4180} INFO - Setting next_dagrun for fix_permissions_dag to None, run_after=None
[2025-05-03T02:12:40.042+0000] {processor.py:208} INFO - Processing /opt/airflow/dags/permission_fixer_dag.py took 0.032 seconds
[2025-05-03T02:13:10.713+0000] {processor.py:186} INFO - Started process (PID=733) to work on /opt/airflow/dags/permission_fixer_dag.py
[2025-05-03T02:13:10.714+0000] {processor.py:914} INFO - Processing file /opt/airflow/dags/permission_fixer_dag.py for tasks to queue
[2025-05-03T02:13:10.715+0000] {logging_mixin.py:190} INFO - [2025-05-03T02:13:10.714+0000] {dagbag.py:588} INFO - Filling up the DagBag from /opt/airflow/dags/permission_fixer_dag.py
[2025-05-03T02:13:10.719+0000] {processor.py:925} INFO - DAG(s) 'fix_permissions_dag' retrieved from /opt/airflow/dags/permission_fixer_dag.py
[2025-05-03T02:13:10.733+0000] {logging_mixin.py:190} INFO - [2025-05-03T02:13:10.733+0000] {dag.py:3239} INFO - Sync 1 DAGs
[2025-05-03T02:13:10.740+0000] {logging_mixin.py:190} INFO - [2025-05-03T02:13:10.740+0000] {dag.py:4180} INFO - Setting next_dagrun for fix_permissions_dag to None, run_after=None
[2025-05-03T02:13:10.749+0000] {processor.py:208} INFO - Processing /opt/airflow/dags/permission_fixer_dag.py took 0.039 seconds
[2025-05-03T02:13:41.335+0000] {processor.py:186} INFO - Started process (PID=738) to work on /opt/airflow/dags/permission_fixer_dag.py
[2025-05-03T02:13:41.335+0000] {processor.py:914} INFO - Processing file /opt/airflow/dags/permission_fixer_dag.py for tasks to queue
[2025-05-03T02:13:41.336+0000] {logging_mixin.py:190} INFO - [2025-05-03T02:13:41.336+0000] {dagbag.py:588} INFO - Filling up the DagBag from /opt/airflow/dags/permission_fixer_dag.py
[2025-05-03T02:13:41.340+0000] {processor.py:925} INFO - DAG(s) 'fix_permissions_dag' retrieved from /opt/airflow/dags/permission_fixer_dag.py
[2025-05-03T02:13:41.349+0000] {logging_mixin.py:190} INFO - [2025-05-03T02:13:41.349+0000] {dag.py:3239} INFO - Sync 1 DAGs
[2025-05-03T02:13:41.355+0000] {logging_mixin.py:190} INFO - [2025-05-03T02:13:41.355+0000] {dag.py:4180} INFO - Setting next_dagrun for fix_permissions_dag to None, run_after=None
[2025-05-03T02:13:41.361+0000] {processor.py:208} INFO - Processing /opt/airflow/dags/permission_fixer_dag.py took 0.030 seconds
[2025-05-03T02:14:12.069+0000] {processor.py:186} INFO - Started process (PID=743) to work on /opt/airflow/dags/permission_fixer_dag.py
[2025-05-03T02:14:12.069+0000] {processor.py:914} INFO - Processing file /opt/airflow/dags/permission_fixer_dag.py for tasks to queue
[2025-05-03T02:14:12.070+0000] {logging_mixin.py:190} INFO - [2025-05-03T02:14:12.070+0000] {dagbag.py:588} INFO - Filling up the DagBag from /opt/airflow/dags/permission_fixer_dag.py
[2025-05-03T02:14:12.074+0000] {processor.py:925} INFO - DAG(s) 'fix_permissions_dag' retrieved from /opt/airflow/dags/permission_fixer_dag.py
[2025-05-03T02:14:12.083+0000] {logging_mixin.py:190} INFO - [2025-05-03T02:14:12.083+0000] {dag.py:3239} INFO - Sync 1 DAGs
[2025-05-03T02:14:12.166+0000] {logging_mixin.py:190} INFO - [2025-05-03T02:14:12.166+0000] {dag.py:4180} INFO - Setting next_dagrun for fix_permissions_dag to None, run_after=None
[2025-05-03T02:14:12.175+0000] {processor.py:208} INFO - Processing /opt/airflow/dags/permission_fixer_dag.py took 0.109 seconds
[2025-05-03T02:14:42.538+0000] {processor.py:186} INFO - Started process (PID=748) to work on /opt/airflow/dags/permission_fixer_dag.py
[2025-05-03T02:14:42.539+0000] {processor.py:914} INFO - Processing file /opt/airflow/dags/permission_fixer_dag.py for tasks to queue
[2025-05-03T02:14:42.539+0000] {logging_mixin.py:190} INFO - [2025-05-03T02:14:42.539+0000] {dagbag.py:588} INFO - Filling up the DagBag from /opt/airflow/dags/permission_fixer_dag.py
[2025-05-03T02:14:42.543+0000] {processor.py:925} INFO - DAG(s) 'fix_permissions_dag' retrieved from /opt/airflow/dags/permission_fixer_dag.py
[2025-05-03T02:14:42.555+0000] {logging_mixin.py:190} INFO - [2025-05-03T02:14:42.555+0000] {dag.py:3239} INFO - Sync 1 DAGs
[2025-05-03T02:14:42.561+0000] {logging_mixin.py:190} INFO - [2025-05-03T02:14:42.561+0000] {dag.py:4180} INFO - Setting next_dagrun for fix_permissions_dag to None, run_after=None
[2025-05-03T02:14:42.569+0000] {processor.py:208} INFO - Processing /opt/airflow/dags/permission_fixer_dag.py took 0.033 seconds
[2025-05-03T02:15:13.112+0000] {processor.py:186} INFO - Started process (PID=753) to work on /opt/airflow/dags/permission_fixer_dag.py
[2025-05-03T02:15:13.112+0000] {processor.py:914} INFO - Processing file /opt/airflow/dags/permission_fixer_dag.py for tasks to queue
[2025-05-03T02:15:13.113+0000] {logging_mixin.py:190} INFO - [2025-05-03T02:15:13.113+0000] {dagbag.py:588} INFO - Filling up the DagBag from /opt/airflow/dags/permission_fixer_dag.py
[2025-05-03T02:15:13.117+0000] {processor.py:925} INFO - DAG(s) 'fix_permissions_dag' retrieved from /opt/airflow/dags/permission_fixer_dag.py
[2025-05-03T02:15:13.128+0000] {logging_mixin.py:190} INFO - [2025-05-03T02:15:13.127+0000] {dag.py:3239} INFO - Sync 1 DAGs
[2025-05-03T02:15:13.134+0000] {logging_mixin.py:190} INFO - [2025-05-03T02:15:13.134+0000] {dag.py:4180} INFO - Setting next_dagrun for fix_permissions_dag to None, run_after=None
[2025-05-03T02:15:13.141+0000] {processor.py:208} INFO - Processing /opt/airflow/dags/permission_fixer_dag.py took 0.032 seconds
[2025-05-03T02:15:43.905+0000] {processor.py:186} INFO - Started process (PID=758) to work on /opt/airflow/dags/permission_fixer_dag.py
[2025-05-03T02:15:43.905+0000] {processor.py:914} INFO - Processing file /opt/airflow/dags/permission_fixer_dag.py for tasks to queue
[2025-05-03T02:15:43.906+0000] {logging_mixin.py:190} INFO - [2025-05-03T02:15:43.906+0000] {dagbag.py:588} INFO - Filling up the DagBag from /opt/airflow/dags/permission_fixer_dag.py
[2025-05-03T02:15:43.910+0000] {processor.py:925} INFO - DAG(s) 'fix_permissions_dag' retrieved from /opt/airflow/dags/permission_fixer_dag.py
[2025-05-03T02:15:43.920+0000] {logging_mixin.py:190} INFO - [2025-05-03T02:15:43.920+0000] {dag.py:3239} INFO - Sync 1 DAGs
[2025-05-03T02:15:43.927+0000] {logging_mixin.py:190} INFO - [2025-05-03T02:15:43.927+0000] {dag.py:4180} INFO - Setting next_dagrun for fix_permissions_dag to None, run_after=None
[2025-05-03T02:15:43.935+0000] {processor.py:208} INFO - Processing /opt/airflow/dags/permission_fixer_dag.py took 0.033 seconds
[2025-05-03T02:16:14.596+0000] {processor.py:186} INFO - Started process (PID=763) to work on /opt/airflow/dags/permission_fixer_dag.py
[2025-05-03T02:16:14.597+0000] {processor.py:914} INFO - Processing file /opt/airflow/dags/permission_fixer_dag.py for tasks to queue
[2025-05-03T02:16:14.598+0000] {logging_mixin.py:190} INFO - [2025-05-03T02:16:14.598+0000] {dagbag.py:588} INFO - Filling up the DagBag from /opt/airflow/dags/permission_fixer_dag.py
[2025-05-03T02:16:14.604+0000] {processor.py:925} INFO - DAG(s) 'fix_permissions_dag' retrieved from /opt/airflow/dags/permission_fixer_dag.py
[2025-05-03T02:16:14.615+0000] {logging_mixin.py:190} INFO - [2025-05-03T02:16:14.614+0000] {dag.py:3239} INFO - Sync 1 DAGs
[2025-05-03T02:16:14.622+0000] {logging_mixin.py:190} INFO - [2025-05-03T02:16:14.622+0000] {dag.py:4180} INFO - Setting next_dagrun for fix_permissions_dag to None, run_after=None
[2025-05-03T02:16:14.631+0000] {processor.py:208} INFO - Processing /opt/airflow/dags/permission_fixer_dag.py took 0.038 seconds
[2025-05-03T02:16:45.174+0000] {processor.py:186} INFO - Started process (PID=768) to work on /opt/airflow/dags/permission_fixer_dag.py
[2025-05-03T02:16:45.175+0000] {processor.py:914} INFO - Processing file /opt/airflow/dags/permission_fixer_dag.py for tasks to queue
[2025-05-03T02:16:45.175+0000] {logging_mixin.py:190} INFO - [2025-05-03T02:16:45.175+0000] {dagbag.py:588} INFO - Filling up the DagBag from /opt/airflow/dags/permission_fixer_dag.py
[2025-05-03T02:16:45.179+0000] {processor.py:925} INFO - DAG(s) 'fix_permissions_dag' retrieved from /opt/airflow/dags/permission_fixer_dag.py
[2025-05-03T02:16:45.190+0000] {logging_mixin.py:190} INFO - [2025-05-03T02:16:45.190+0000] {dag.py:3239} INFO - Sync 1 DAGs
[2025-05-03T02:16:45.196+0000] {logging_mixin.py:190} INFO - [2025-05-03T02:16:45.196+0000] {dag.py:4180} INFO - Setting next_dagrun for fix_permissions_dag to None, run_after=None
[2025-05-03T02:16:45.273+0000] {processor.py:208} INFO - Processing /opt/airflow/dags/permission_fixer_dag.py took 0.102 seconds
[2025-05-03T02:17:15.817+0000] {processor.py:186} INFO - Started process (PID=773) to work on /opt/airflow/dags/permission_fixer_dag.py
[2025-05-03T02:17:15.818+0000] {processor.py:914} INFO - Processing file /opt/airflow/dags/permission_fixer_dag.py for tasks to queue
[2025-05-03T02:17:15.818+0000] {logging_mixin.py:190} INFO - [2025-05-03T02:17:15.818+0000] {dagbag.py:588} INFO - Filling up the DagBag from /opt/airflow/dags/permission_fixer_dag.py
[2025-05-03T02:17:15.822+0000] {processor.py:925} INFO - DAG(s) 'fix_permissions_dag' retrieved from /opt/airflow/dags/permission_fixer_dag.py
[2025-05-03T02:17:15.832+0000] {logging_mixin.py:190} INFO - [2025-05-03T02:17:15.832+0000] {dag.py:3239} INFO - Sync 1 DAGs
[2025-05-03T02:17:15.913+0000] {logging_mixin.py:190} INFO - [2025-05-03T02:17:15.912+0000] {dag.py:4180} INFO - Setting next_dagrun for fix_permissions_dag to None, run_after=None
[2025-05-03T02:17:15.919+0000] {processor.py:208} INFO - Processing /opt/airflow/dags/permission_fixer_dag.py took 0.104 seconds
[2025-05-03T02:17:46.445+0000] {processor.py:186} INFO - Started process (PID=778) to work on /opt/airflow/dags/permission_fixer_dag.py
[2025-05-03T02:17:46.445+0000] {processor.py:914} INFO - Processing file /opt/airflow/dags/permission_fixer_dag.py for tasks to queue
[2025-05-03T02:17:46.446+0000] {logging_mixin.py:190} INFO - [2025-05-03T02:17:46.446+0000] {dagbag.py:588} INFO - Filling up the DagBag from /opt/airflow/dags/permission_fixer_dag.py
[2025-05-03T02:17:46.450+0000] {processor.py:925} INFO - DAG(s) 'fix_permissions_dag' retrieved from /opt/airflow/dags/permission_fixer_dag.py
[2025-05-03T02:17:46.462+0000] {logging_mixin.py:190} INFO - [2025-05-03T02:17:46.462+0000] {dag.py:3239} INFO - Sync 1 DAGs
[2025-05-03T02:17:46.469+0000] {logging_mixin.py:190} INFO - [2025-05-03T02:17:46.469+0000] {dag.py:4180} INFO - Setting next_dagrun for fix_permissions_dag to None, run_after=None
[2025-05-03T02:17:46.479+0000] {processor.py:208} INFO - Processing /opt/airflow/dags/permission_fixer_dag.py took 0.038 seconds
[2025-05-03T02:18:16.975+0000] {processor.py:186} INFO - Started process (PID=783) to work on /opt/airflow/dags/permission_fixer_dag.py
[2025-05-03T02:18:16.975+0000] {processor.py:914} INFO - Processing file /opt/airflow/dags/permission_fixer_dag.py for tasks to queue
[2025-05-03T02:18:16.976+0000] {logging_mixin.py:190} INFO - [2025-05-03T02:18:16.975+0000] {dagbag.py:588} INFO - Filling up the DagBag from /opt/airflow/dags/permission_fixer_dag.py
[2025-05-03T02:18:16.979+0000] {processor.py:925} INFO - DAG(s) 'fix_permissions_dag' retrieved from /opt/airflow/dags/permission_fixer_dag.py
[2025-05-03T02:18:16.988+0000] {logging_mixin.py:190} INFO - [2025-05-03T02:18:16.988+0000] {dag.py:3239} INFO - Sync 1 DAGs
[2025-05-03T02:18:16.994+0000] {logging_mixin.py:190} INFO - [2025-05-03T02:18:16.994+0000] {dag.py:4180} INFO - Setting next_dagrun for fix_permissions_dag to None, run_after=None
[2025-05-03T02:18:17.001+0000] {processor.py:208} INFO - Processing /opt/airflow/dags/permission_fixer_dag.py took 0.029 seconds
[2025-05-03T02:18:47.857+0000] {processor.py:186} INFO - Started process (PID=788) to work on /opt/airflow/dags/permission_fixer_dag.py
[2025-05-03T02:18:47.857+0000] {processor.py:914} INFO - Processing file /opt/airflow/dags/permission_fixer_dag.py for tasks to queue
[2025-05-03T02:18:47.858+0000] {logging_mixin.py:190} INFO - [2025-05-03T02:18:47.858+0000] {dagbag.py:588} INFO - Filling up the DagBag from /opt/airflow/dags/permission_fixer_dag.py
[2025-05-03T02:18:47.862+0000] {processor.py:925} INFO - DAG(s) 'fix_permissions_dag' retrieved from /opt/airflow/dags/permission_fixer_dag.py
[2025-05-03T02:18:47.873+0000] {logging_mixin.py:190} INFO - [2025-05-03T02:18:47.872+0000] {dag.py:3239} INFO - Sync 1 DAGs
[2025-05-03T02:18:47.879+0000] {logging_mixin.py:190} INFO - [2025-05-03T02:18:47.879+0000] {dag.py:4180} INFO - Setting next_dagrun for fix_permissions_dag to None, run_after=None
[2025-05-03T02:18:47.885+0000] {processor.py:208} INFO - Processing /opt/airflow/dags/permission_fixer_dag.py took 0.032 seconds
[2025-05-03T02:19:18.459+0000] {processor.py:186} INFO - Started process (PID=793) to work on /opt/airflow/dags/permission_fixer_dag.py
[2025-05-03T02:19:18.459+0000] {processor.py:914} INFO - Processing file /opt/airflow/dags/permission_fixer_dag.py for tasks to queue
[2025-05-03T02:19:18.460+0000] {logging_mixin.py:190} INFO - [2025-05-03T02:19:18.460+0000] {dagbag.py:588} INFO - Filling up the DagBag from /opt/airflow/dags/permission_fixer_dag.py
[2025-05-03T02:19:18.464+0000] {processor.py:925} INFO - DAG(s) 'fix_permissions_dag' retrieved from /opt/airflow/dags/permission_fixer_dag.py
[2025-05-03T02:19:18.474+0000] {logging_mixin.py:190} INFO - [2025-05-03T02:19:18.474+0000] {dag.py:3239} INFO - Sync 1 DAGs
[2025-05-03T02:19:18.480+0000] {logging_mixin.py:190} INFO - [2025-05-03T02:19:18.480+0000] {dag.py:4180} INFO - Setting next_dagrun for fix_permissions_dag to None, run_after=None
[2025-05-03T02:19:18.487+0000] {processor.py:208} INFO - Processing /opt/airflow/dags/permission_fixer_dag.py took 0.032 seconds
[2025-05-03T02:19:48.814+0000] {processor.py:186} INFO - Started process (PID=798) to work on /opt/airflow/dags/permission_fixer_dag.py
[2025-05-03T02:19:48.814+0000] {processor.py:914} INFO - Processing file /opt/airflow/dags/permission_fixer_dag.py for tasks to queue
[2025-05-03T02:19:48.815+0000] {logging_mixin.py:190} INFO - [2025-05-03T02:19:48.815+0000] {dagbag.py:588} INFO - Filling up the DagBag from /opt/airflow/dags/permission_fixer_dag.py
[2025-05-03T02:19:48.819+0000] {processor.py:925} INFO - DAG(s) 'fix_permissions_dag' retrieved from /opt/airflow/dags/permission_fixer_dag.py
[2025-05-03T02:19:48.830+0000] {logging_mixin.py:190} INFO - [2025-05-03T02:19:48.830+0000] {dag.py:3239} INFO - Sync 1 DAGs
[2025-05-03T02:19:48.930+0000] {logging_mixin.py:190} INFO - [2025-05-03T02:19:48.930+0000] {dag.py:4180} INFO - Setting next_dagrun for fix_permissions_dag to None, run_after=None
[2025-05-03T02:19:48.938+0000] {processor.py:208} INFO - Processing /opt/airflow/dags/permission_fixer_dag.py took 0.127 seconds
[2025-05-03T02:20:19.468+0000] {processor.py:186} INFO - Started process (PID=803) to work on /opt/airflow/dags/permission_fixer_dag.py
[2025-05-03T02:20:19.468+0000] {processor.py:914} INFO - Processing file /opt/airflow/dags/permission_fixer_dag.py for tasks to queue
[2025-05-03T02:20:19.469+0000] {logging_mixin.py:190} INFO - [2025-05-03T02:20:19.469+0000] {dagbag.py:588} INFO - Filling up the DagBag from /opt/airflow/dags/permission_fixer_dag.py
[2025-05-03T02:20:19.473+0000] {processor.py:925} INFO - DAG(s) 'fix_permissions_dag' retrieved from /opt/airflow/dags/permission_fixer_dag.py
[2025-05-03T02:20:19.481+0000] {logging_mixin.py:190} INFO - [2025-05-03T02:20:19.481+0000] {dag.py:3239} INFO - Sync 1 DAGs
[2025-05-03T02:20:19.488+0000] {logging_mixin.py:190} INFO - [2025-05-03T02:20:19.488+0000] {dag.py:4180} INFO - Setting next_dagrun for fix_permissions_dag to None, run_after=None
[2025-05-03T02:20:19.495+0000] {processor.py:208} INFO - Processing /opt/airflow/dags/permission_fixer_dag.py took 0.030 seconds
[2025-05-03T02:20:50.040+0000] {processor.py:186} INFO - Started process (PID=808) to work on /opt/airflow/dags/permission_fixer_dag.py
[2025-05-03T02:20:50.040+0000] {processor.py:914} INFO - Processing file /opt/airflow/dags/permission_fixer_dag.py for tasks to queue
[2025-05-03T02:20:50.040+0000] {logging_mixin.py:190} INFO - [2025-05-03T02:20:50.040+0000] {dagbag.py:588} INFO - Filling up the DagBag from /opt/airflow/dags/permission_fixer_dag.py
[2025-05-03T02:20:50.045+0000] {processor.py:925} INFO - DAG(s) 'fix_permissions_dag' retrieved from /opt/airflow/dags/permission_fixer_dag.py
[2025-05-03T02:20:50.055+0000] {logging_mixin.py:190} INFO - [2025-05-03T02:20:50.054+0000] {dag.py:3239} INFO - Sync 1 DAGs
[2025-05-03T02:20:50.061+0000] {logging_mixin.py:190} INFO - [2025-05-03T02:20:50.060+0000] {dag.py:4180} INFO - Setting next_dagrun for fix_permissions_dag to None, run_after=None
[2025-05-03T02:20:50.067+0000] {processor.py:208} INFO - Processing /opt/airflow/dags/permission_fixer_dag.py took 0.030 seconds
[2025-05-03T02:21:20.940+0000] {processor.py:186} INFO - Started process (PID=813) to work on /opt/airflow/dags/permission_fixer_dag.py
[2025-05-03T02:21:20.941+0000] {processor.py:914} INFO - Processing file /opt/airflow/dags/permission_fixer_dag.py for tasks to queue
[2025-05-03T02:21:20.941+0000] {logging_mixin.py:190} INFO - [2025-05-03T02:21:20.941+0000] {dagbag.py:588} INFO - Filling up the DagBag from /opt/airflow/dags/permission_fixer_dag.py
[2025-05-03T02:21:20.945+0000] {processor.py:925} INFO - DAG(s) 'fix_permissions_dag' retrieved from /opt/airflow/dags/permission_fixer_dag.py
[2025-05-03T02:21:20.956+0000] {logging_mixin.py:190} INFO - [2025-05-03T02:21:20.955+0000] {dag.py:3239} INFO - Sync 1 DAGs
[2025-05-03T02:21:20.961+0000] {logging_mixin.py:190} INFO - [2025-05-03T02:21:20.961+0000] {dag.py:4180} INFO - Setting next_dagrun for fix_permissions_dag to None, run_after=None
[2025-05-03T02:21:20.967+0000] {processor.py:208} INFO - Processing /opt/airflow/dags/permission_fixer_dag.py took 0.030 seconds
[2025-05-03T02:21:51.670+0000] {processor.py:186} INFO - Started process (PID=818) to work on /opt/airflow/dags/permission_fixer_dag.py
[2025-05-03T02:21:51.670+0000] {processor.py:914} INFO - Processing file /opt/airflow/dags/permission_fixer_dag.py for tasks to queue
[2025-05-03T02:21:51.671+0000] {logging_mixin.py:190} INFO - [2025-05-03T02:21:51.671+0000] {dagbag.py:588} INFO - Filling up the DagBag from /opt/airflow/dags/permission_fixer_dag.py
[2025-05-03T02:21:51.676+0000] {processor.py:925} INFO - DAG(s) 'fix_permissions_dag' retrieved from /opt/airflow/dags/permission_fixer_dag.py
[2025-05-03T02:21:51.692+0000] {logging_mixin.py:190} INFO - [2025-05-03T02:21:51.691+0000] {dag.py:3239} INFO - Sync 1 DAGs
[2025-05-03T02:21:51.700+0000] {logging_mixin.py:190} INFO - [2025-05-03T02:21:51.700+0000] {dag.py:4180} INFO - Setting next_dagrun for fix_permissions_dag to None, run_after=None
[2025-05-03T02:21:51.710+0000] {processor.py:208} INFO - Processing /opt/airflow/dags/permission_fixer_dag.py took 0.044 seconds
[2025-05-03T02:22:22.245+0000] {processor.py:186} INFO - Started process (PID=823) to work on /opt/airflow/dags/permission_fixer_dag.py
[2025-05-03T02:22:22.246+0000] {processor.py:914} INFO - Processing file /opt/airflow/dags/permission_fixer_dag.py for tasks to queue
[2025-05-03T02:22:22.247+0000] {logging_mixin.py:190} INFO - [2025-05-03T02:22:22.247+0000] {dagbag.py:588} INFO - Filling up the DagBag from /opt/airflow/dags/permission_fixer_dag.py
[2025-05-03T02:22:22.251+0000] {processor.py:925} INFO - DAG(s) 'fix_permissions_dag' retrieved from /opt/airflow/dags/permission_fixer_dag.py
[2025-05-03T02:22:22.261+0000] {logging_mixin.py:190} INFO - [2025-05-03T02:22:22.261+0000] {dag.py:3239} INFO - Sync 1 DAGs
[2025-05-03T02:22:22.266+0000] {logging_mixin.py:190} INFO - [2025-05-03T02:22:22.266+0000] {dag.py:4180} INFO - Setting next_dagrun for fix_permissions_dag to None, run_after=None
[2025-05-03T02:22:22.349+0000] {processor.py:208} INFO - Processing /opt/airflow/dags/permission_fixer_dag.py took 0.106 seconds
[2025-05-03T02:22:52.850+0000] {processor.py:186} INFO - Started process (PID=828) to work on /opt/airflow/dags/permission_fixer_dag.py
[2025-05-03T02:22:52.850+0000] {processor.py:914} INFO - Processing file /opt/airflow/dags/permission_fixer_dag.py for tasks to queue
[2025-05-03T02:22:52.851+0000] {logging_mixin.py:190} INFO - [2025-05-03T02:22:52.850+0000] {dagbag.py:588} INFO - Filling up the DagBag from /opt/airflow/dags/permission_fixer_dag.py
[2025-05-03T02:22:52.855+0000] {processor.py:925} INFO - DAG(s) 'fix_permissions_dag' retrieved from /opt/airflow/dags/permission_fixer_dag.py
[2025-05-03T02:22:52.867+0000] {logging_mixin.py:190} INFO - [2025-05-03T02:22:52.867+0000] {dag.py:3239} INFO - Sync 1 DAGs
[2025-05-03T02:22:52.960+0000] {logging_mixin.py:190} INFO - [2025-05-03T02:22:52.960+0000] {dag.py:4180} INFO - Setting next_dagrun for fix_permissions_dag to None, run_after=None
[2025-05-03T02:22:52.967+0000] {processor.py:208} INFO - Processing /opt/airflow/dags/permission_fixer_dag.py took 0.120 seconds
[2025-05-03T02:23:23.530+0000] {processor.py:186} INFO - Started process (PID=833) to work on /opt/airflow/dags/permission_fixer_dag.py
[2025-05-03T02:23:23.531+0000] {processor.py:914} INFO - Processing file /opt/airflow/dags/permission_fixer_dag.py for tasks to queue
[2025-05-03T02:23:23.531+0000] {logging_mixin.py:190} INFO - [2025-05-03T02:23:23.531+0000] {dagbag.py:588} INFO - Filling up the DagBag from /opt/airflow/dags/permission_fixer_dag.py
[2025-05-03T02:23:23.536+0000] {processor.py:925} INFO - DAG(s) 'fix_permissions_dag' retrieved from /opt/airflow/dags/permission_fixer_dag.py
[2025-05-03T02:23:23.549+0000] {logging_mixin.py:190} INFO - [2025-05-03T02:23:23.548+0000] {dag.py:3239} INFO - Sync 1 DAGs
[2025-05-03T02:23:23.555+0000] {logging_mixin.py:190} INFO - [2025-05-03T02:23:23.555+0000] {dag.py:4180} INFO - Setting next_dagrun for fix_permissions_dag to None, run_after=None
[2025-05-03T02:23:23.562+0000] {processor.py:208} INFO - Processing /opt/airflow/dags/permission_fixer_dag.py took 0.035 seconds
[2025-05-03T02:23:54.342+0000] {processor.py:186} INFO - Started process (PID=838) to work on /opt/airflow/dags/permission_fixer_dag.py
[2025-05-03T02:23:54.342+0000] {processor.py:914} INFO - Processing file /opt/airflow/dags/permission_fixer_dag.py for tasks to queue
[2025-05-03T02:23:54.342+0000] {logging_mixin.py:190} INFO - [2025-05-03T02:23:54.342+0000] {dagbag.py:588} INFO - Filling up the DagBag from /opt/airflow/dags/permission_fixer_dag.py
[2025-05-03T02:23:54.347+0000] {processor.py:925} INFO - DAG(s) 'fix_permissions_dag' retrieved from /opt/airflow/dags/permission_fixer_dag.py
[2025-05-03T02:23:54.357+0000] {logging_mixin.py:190} INFO - [2025-05-03T02:23:54.357+0000] {dag.py:3239} INFO - Sync 1 DAGs
[2025-05-03T02:23:54.363+0000] {logging_mixin.py:190} INFO - [2025-05-03T02:23:54.363+0000] {dag.py:4180} INFO - Setting next_dagrun for fix_permissions_dag to None, run_after=None
[2025-05-03T02:23:54.369+0000] {processor.py:208} INFO - Processing /opt/airflow/dags/permission_fixer_dag.py took 0.031 seconds
[2025-05-03T02:24:24.990+0000] {processor.py:186} INFO - Started process (PID=843) to work on /opt/airflow/dags/permission_fixer_dag.py
[2025-05-03T02:24:24.991+0000] {processor.py:914} INFO - Processing file /opt/airflow/dags/permission_fixer_dag.py for tasks to queue
[2025-05-03T02:24:24.992+0000] {logging_mixin.py:190} INFO - [2025-05-03T02:24:24.992+0000] {dagbag.py:588} INFO - Filling up the DagBag from /opt/airflow/dags/permission_fixer_dag.py
[2025-05-03T02:24:24.996+0000] {processor.py:925} INFO - DAG(s) 'fix_permissions_dag' retrieved from /opt/airflow/dags/permission_fixer_dag.py
[2025-05-03T02:24:25.007+0000] {logging_mixin.py:190} INFO - [2025-05-03T02:24:25.007+0000] {dag.py:3239} INFO - Sync 1 DAGs
[2025-05-03T02:24:25.013+0000] {logging_mixin.py:190} INFO - [2025-05-03T02:24:25.013+0000] {dag.py:4180} INFO - Setting next_dagrun for fix_permissions_dag to None, run_after=None
[2025-05-03T02:24:25.020+0000] {processor.py:208} INFO - Processing /opt/airflow/dags/permission_fixer_dag.py took 0.032 seconds
[2025-05-03T02:24:55.669+0000] {processor.py:186} INFO - Started process (PID=848) to work on /opt/airflow/dags/permission_fixer_dag.py
[2025-05-03T02:24:55.670+0000] {processor.py:914} INFO - Processing file /opt/airflow/dags/permission_fixer_dag.py for tasks to queue
[2025-05-03T02:24:55.670+0000] {logging_mixin.py:190} INFO - [2025-05-03T02:24:55.670+0000] {dagbag.py:588} INFO - Filling up the DagBag from /opt/airflow/dags/permission_fixer_dag.py
[2025-05-03T02:24:55.674+0000] {processor.py:925} INFO - DAG(s) 'fix_permissions_dag' retrieved from /opt/airflow/dags/permission_fixer_dag.py
[2025-05-03T02:24:55.683+0000] {logging_mixin.py:190} INFO - [2025-05-03T02:24:55.683+0000] {dag.py:3239} INFO - Sync 1 DAGs
[2025-05-03T02:24:55.689+0000] {logging_mixin.py:190} INFO - [2025-05-03T02:24:55.689+0000] {dag.py:4180} INFO - Setting next_dagrun for fix_permissions_dag to None, run_after=None
[2025-05-03T02:24:55.696+0000] {processor.py:208} INFO - Processing /opt/airflow/dags/permission_fixer_dag.py took 0.030 seconds
[2025-05-03T02:25:26.537+0000] {processor.py:186} INFO - Started process (PID=853) to work on /opt/airflow/dags/permission_fixer_dag.py
[2025-05-03T02:25:26.537+0000] {processor.py:914} INFO - Processing file /opt/airflow/dags/permission_fixer_dag.py for tasks to queue
[2025-05-03T02:25:26.538+0000] {logging_mixin.py:190} INFO - [2025-05-03T02:25:26.538+0000] {dagbag.py:588} INFO - Filling up the DagBag from /opt/airflow/dags/permission_fixer_dag.py
[2025-05-03T02:25:26.542+0000] {processor.py:925} INFO - DAG(s) 'fix_permissions_dag' retrieved from /opt/airflow/dags/permission_fixer_dag.py
[2025-05-03T02:25:26.553+0000] {logging_mixin.py:190} INFO - [2025-05-03T02:25:26.553+0000] {dag.py:3239} INFO - Sync 1 DAGs
[2025-05-03T02:25:26.638+0000] {logging_mixin.py:190} INFO - [2025-05-03T02:25:26.638+0000] {dag.py:4180} INFO - Setting next_dagrun for fix_permissions_dag to None, run_after=None
[2025-05-03T02:25:26.645+0000] {processor.py:208} INFO - Processing /opt/airflow/dags/permission_fixer_dag.py took 0.112 seconds
[2025-05-03T02:25:57.054+0000] {processor.py:186} INFO - Started process (PID=858) to work on /opt/airflow/dags/permission_fixer_dag.py
[2025-05-03T02:25:57.055+0000] {processor.py:914} INFO - Processing file /opt/airflow/dags/permission_fixer_dag.py for tasks to queue
[2025-05-03T02:25:57.055+0000] {logging_mixin.py:190} INFO - [2025-05-03T02:25:57.055+0000] {dagbag.py:588} INFO - Filling up the DagBag from /opt/airflow/dags/permission_fixer_dag.py
[2025-05-03T02:25:57.059+0000] {processor.py:925} INFO - DAG(s) 'fix_permissions_dag' retrieved from /opt/airflow/dags/permission_fixer_dag.py
[2025-05-03T02:25:57.071+0000] {logging_mixin.py:190} INFO - [2025-05-03T02:25:57.071+0000] {dag.py:3239} INFO - Sync 1 DAGs
[2025-05-03T02:25:57.079+0000] {logging_mixin.py:190} INFO - [2025-05-03T02:25:57.079+0000] {dag.py:4180} INFO - Setting next_dagrun for fix_permissions_dag to None, run_after=None
[2025-05-03T02:25:57.086+0000] {processor.py:208} INFO - Processing /opt/airflow/dags/permission_fixer_dag.py took 0.035 seconds
[2025-05-03T02:26:27.906+0000] {processor.py:186} INFO - Started process (PID=863) to work on /opt/airflow/dags/permission_fixer_dag.py
[2025-05-03T02:26:27.906+0000] {processor.py:914} INFO - Processing file /opt/airflow/dags/permission_fixer_dag.py for tasks to queue
[2025-05-03T02:26:27.907+0000] {logging_mixin.py:190} INFO - [2025-05-03T02:26:27.907+0000] {dagbag.py:588} INFO - Filling up the DagBag from /opt/airflow/dags/permission_fixer_dag.py
[2025-05-03T02:26:27.911+0000] {processor.py:925} INFO - DAG(s) 'fix_permissions_dag' retrieved from /opt/airflow/dags/permission_fixer_dag.py
[2025-05-03T02:26:27.921+0000] {logging_mixin.py:190} INFO - [2025-05-03T02:26:27.921+0000] {dag.py:3239} INFO - Sync 1 DAGs
[2025-05-03T02:26:27.927+0000] {logging_mixin.py:190} INFO - [2025-05-03T02:26:27.927+0000] {dag.py:4180} INFO - Setting next_dagrun for fix_permissions_dag to None, run_after=None
[2025-05-03T02:26:27.934+0000] {processor.py:208} INFO - Processing /opt/airflow/dags/permission_fixer_dag.py took 0.031 seconds
[2025-05-03T02:26:58.678+0000] {processor.py:186} INFO - Started process (PID=868) to work on /opt/airflow/dags/permission_fixer_dag.py
[2025-05-03T02:26:58.678+0000] {processor.py:914} INFO - Processing file /opt/airflow/dags/permission_fixer_dag.py for tasks to queue
[2025-05-03T02:26:58.679+0000] {logging_mixin.py:190} INFO - [2025-05-03T02:26:58.678+0000] {dagbag.py:588} INFO - Filling up the DagBag from /opt/airflow/dags/permission_fixer_dag.py
[2025-05-03T02:26:58.683+0000] {processor.py:925} INFO - DAG(s) 'fix_permissions_dag' retrieved from /opt/airflow/dags/permission_fixer_dag.py
[2025-05-03T02:26:58.693+0000] {logging_mixin.py:190} INFO - [2025-05-03T02:26:58.693+0000] {dag.py:3239} INFO - Sync 1 DAGs
[2025-05-03T02:26:58.699+0000] {logging_mixin.py:190} INFO - [2025-05-03T02:26:58.699+0000] {dag.py:4180} INFO - Setting next_dagrun for fix_permissions_dag to None, run_after=None
[2025-05-03T02:26:58.706+0000] {processor.py:208} INFO - Processing /opt/airflow/dags/permission_fixer_dag.py took 0.031 seconds
[2025-05-03T02:27:29.185+0000] {processor.py:186} INFO - Started process (PID=873) to work on /opt/airflow/dags/permission_fixer_dag.py
[2025-05-03T02:27:29.186+0000] {processor.py:914} INFO - Processing file /opt/airflow/dags/permission_fixer_dag.py for tasks to queue
[2025-05-03T02:27:29.187+0000] {logging_mixin.py:190} INFO - [2025-05-03T02:27:29.186+0000] {dagbag.py:588} INFO - Filling up the DagBag from /opt/airflow/dags/permission_fixer_dag.py
[2025-05-03T02:27:29.191+0000] {processor.py:925} INFO - DAG(s) 'fix_permissions_dag' retrieved from /opt/airflow/dags/permission_fixer_dag.py
[2025-05-03T02:27:29.203+0000] {logging_mixin.py:190} INFO - [2025-05-03T02:27:29.203+0000] {dag.py:3239} INFO - Sync 1 DAGs
[2025-05-03T02:27:29.210+0000] {logging_mixin.py:190} INFO - [2025-05-03T02:27:29.209+0000] {dag.py:4180} INFO - Setting next_dagrun for fix_permissions_dag to None, run_after=None
[2025-05-03T02:27:29.217+0000] {processor.py:208} INFO - Processing /opt/airflow/dags/permission_fixer_dag.py took 0.035 seconds
[2025-05-03T02:28:00.049+0000] {processor.py:186} INFO - Started process (PID=878) to work on /opt/airflow/dags/permission_fixer_dag.py
[2025-05-03T02:28:00.049+0000] {processor.py:914} INFO - Processing file /opt/airflow/dags/permission_fixer_dag.py for tasks to queue
[2025-05-03T02:28:00.050+0000] {logging_mixin.py:190} INFO - [2025-05-03T02:28:00.050+0000] {dagbag.py:588} INFO - Filling up the DagBag from /opt/airflow/dags/permission_fixer_dag.py
[2025-05-03T02:28:00.054+0000] {processor.py:925} INFO - DAG(s) 'fix_permissions_dag' retrieved from /opt/airflow/dags/permission_fixer_dag.py
[2025-05-03T02:28:00.063+0000] {logging_mixin.py:190} INFO - [2025-05-03T02:28:00.063+0000] {dag.py:3239} INFO - Sync 1 DAGs
[2025-05-03T02:28:00.142+0000] {logging_mixin.py:190} INFO - [2025-05-03T02:28:00.142+0000] {dag.py:4180} INFO - Setting next_dagrun for fix_permissions_dag to None, run_after=None
[2025-05-03T02:28:00.148+0000] {processor.py:208} INFO - Processing /opt/airflow/dags/permission_fixer_dag.py took 0.103 seconds
[2025-05-03T02:28:30.605+0000] {processor.py:186} INFO - Started process (PID=883) to work on /opt/airflow/dags/permission_fixer_dag.py
[2025-05-03T02:28:30.606+0000] {processor.py:914} INFO - Processing file /opt/airflow/dags/permission_fixer_dag.py for tasks to queue
[2025-05-03T02:28:30.606+0000] {logging_mixin.py:190} INFO - [2025-05-03T02:28:30.606+0000] {dagbag.py:588} INFO - Filling up the DagBag from /opt/airflow/dags/permission_fixer_dag.py
[2025-05-03T02:28:30.611+0000] {processor.py:925} INFO - DAG(s) 'fix_permissions_dag' retrieved from /opt/airflow/dags/permission_fixer_dag.py
[2025-05-03T02:28:30.700+0000] {logging_mixin.py:190} INFO - [2025-05-03T02:28:30.700+0000] {dag.py:3239} INFO - Sync 1 DAGs
[2025-05-03T02:28:30.704+0000] {logging_mixin.py:190} INFO - [2025-05-03T02:28:30.704+0000] {dag.py:4180} INFO - Setting next_dagrun for fix_permissions_dag to None, run_after=None
[2025-05-03T02:28:30.711+0000] {processor.py:208} INFO - Processing /opt/airflow/dags/permission_fixer_dag.py took 0.109 seconds
[2025-05-03T02:29:01.509+0000] {processor.py:186} INFO - Started process (PID=888) to work on /opt/airflow/dags/permission_fixer_dag.py
[2025-05-03T02:29:01.509+0000] {processor.py:914} INFO - Processing file /opt/airflow/dags/permission_fixer_dag.py for tasks to queue
[2025-05-03T02:29:01.511+0000] {logging_mixin.py:190} INFO - [2025-05-03T02:29:01.510+0000] {dagbag.py:588} INFO - Filling up the DagBag from /opt/airflow/dags/permission_fixer_dag.py
[2025-05-03T02:29:01.514+0000] {processor.py:925} INFO - DAG(s) 'fix_permissions_dag' retrieved from /opt/airflow/dags/permission_fixer_dag.py
[2025-05-03T02:29:01.525+0000] {logging_mixin.py:190} INFO - [2025-05-03T02:29:01.525+0000] {dag.py:3239} INFO - Sync 1 DAGs
[2025-05-03T02:29:01.531+0000] {logging_mixin.py:190} INFO - [2025-05-03T02:29:01.531+0000] {dag.py:4180} INFO - Setting next_dagrun for fix_permissions_dag to None, run_after=None
[2025-05-03T02:29:01.537+0000] {processor.py:208} INFO - Processing /opt/airflow/dags/permission_fixer_dag.py took 0.032 seconds
[2025-05-03T02:29:32.248+0000] {processor.py:186} INFO - Started process (PID=893) to work on /opt/airflow/dags/permission_fixer_dag.py
[2025-05-03T02:29:32.248+0000] {processor.py:914} INFO - Processing file /opt/airflow/dags/permission_fixer_dag.py for tasks to queue
[2025-05-03T02:29:32.249+0000] {logging_mixin.py:190} INFO - [2025-05-03T02:29:32.249+0000] {dagbag.py:588} INFO - Filling up the DagBag from /opt/airflow/dags/permission_fixer_dag.py
[2025-05-03T02:29:32.253+0000] {processor.py:925} INFO - DAG(s) 'fix_permissions_dag' retrieved from /opt/airflow/dags/permission_fixer_dag.py
[2025-05-03T02:29:32.263+0000] {logging_mixin.py:190} INFO - [2025-05-03T02:29:32.263+0000] {dag.py:3239} INFO - Sync 1 DAGs
[2025-05-03T02:29:32.268+0000] {logging_mixin.py:190} INFO - [2025-05-03T02:29:32.268+0000] {dag.py:4180} INFO - Setting next_dagrun for fix_permissions_dag to None, run_after=None
[2025-05-03T02:29:32.274+0000] {processor.py:208} INFO - Processing /opt/airflow/dags/permission_fixer_dag.py took 0.029 seconds
[2025-05-03T02:30:03.014+0000] {processor.py:186} INFO - Started process (PID=898) to work on /opt/airflow/dags/permission_fixer_dag.py
[2025-05-03T02:30:03.014+0000] {processor.py:914} INFO - Processing file /opt/airflow/dags/permission_fixer_dag.py for tasks to queue
[2025-05-03T02:30:03.015+0000] {logging_mixin.py:190} INFO - [2025-05-03T02:30:03.015+0000] {dagbag.py:588} INFO - Filling up the DagBag from /opt/airflow/dags/permission_fixer_dag.py
[2025-05-03T02:30:03.019+0000] {processor.py:925} INFO - DAG(s) 'fix_permissions_dag' retrieved from /opt/airflow/dags/permission_fixer_dag.py
[2025-05-03T02:30:03.030+0000] {logging_mixin.py:190} INFO - [2025-05-03T02:30:03.030+0000] {dag.py:3239} INFO - Sync 1 DAGs
[2025-05-03T02:30:03.036+0000] {logging_mixin.py:190} INFO - [2025-05-03T02:30:03.036+0000] {dag.py:4180} INFO - Setting next_dagrun for fix_permissions_dag to None, run_after=None
[2025-05-03T02:30:03.043+0000] {processor.py:208} INFO - Processing /opt/airflow/dags/permission_fixer_dag.py took 0.032 seconds
[2025-05-03T02:30:33.851+0000] {processor.py:186} INFO - Started process (PID=903) to work on /opt/airflow/dags/permission_fixer_dag.py
[2025-05-03T02:30:33.852+0000] {processor.py:914} INFO - Processing file /opt/airflow/dags/permission_fixer_dag.py for tasks to queue
[2025-05-03T02:30:33.852+0000] {logging_mixin.py:190} INFO - [2025-05-03T02:30:33.852+0000] {dagbag.py:588} INFO - Filling up the DagBag from /opt/airflow/dags/permission_fixer_dag.py
[2025-05-03T02:30:33.857+0000] {processor.py:925} INFO - DAG(s) 'fix_permissions_dag' retrieved from /opt/airflow/dags/permission_fixer_dag.py
[2025-05-03T02:30:33.866+0000] {logging_mixin.py:190} INFO - [2025-05-03T02:30:33.866+0000] {dag.py:3239} INFO - Sync 1 DAGs
[2025-05-03T02:30:33.872+0000] {logging_mixin.py:190} INFO - [2025-05-03T02:30:33.871+0000] {dag.py:4180} INFO - Setting next_dagrun for fix_permissions_dag to None, run_after=None
[2025-05-03T02:30:33.959+0000] {processor.py:208} INFO - Processing /opt/airflow/dags/permission_fixer_dag.py took 0.111 seconds
[2025-05-03T02:31:04.450+0000] {processor.py:186} INFO - Started process (PID=908) to work on /opt/airflow/dags/permission_fixer_dag.py
[2025-05-03T02:31:04.451+0000] {processor.py:914} INFO - Processing file /opt/airflow/dags/permission_fixer_dag.py for tasks to queue
[2025-05-03T02:31:04.451+0000] {logging_mixin.py:190} INFO - [2025-05-03T02:31:04.451+0000] {dagbag.py:588} INFO - Filling up the DagBag from /opt/airflow/dags/permission_fixer_dag.py
[2025-05-03T02:31:04.456+0000] {processor.py:925} INFO - DAG(s) 'fix_permissions_dag' retrieved from /opt/airflow/dags/permission_fixer_dag.py
[2025-05-03T02:31:04.467+0000] {logging_mixin.py:190} INFO - [2025-05-03T02:31:04.467+0000] {dag.py:3239} INFO - Sync 1 DAGs
[2025-05-03T02:31:04.550+0000] {logging_mixin.py:190} INFO - [2025-05-03T02:31:04.549+0000] {dag.py:4180} INFO - Setting next_dagrun for fix_permissions_dag to None, run_after=None
[2025-05-03T02:31:04.556+0000] {processor.py:208} INFO - Processing /opt/airflow/dags/permission_fixer_dag.py took 0.109 seconds
[2025-05-03T02:31:35.253+0000] {processor.py:186} INFO - Started process (PID=913) to work on /opt/airflow/dags/permission_fixer_dag.py
[2025-05-03T02:31:35.254+0000] {processor.py:914} INFO - Processing file /opt/airflow/dags/permission_fixer_dag.py for tasks to queue
[2025-05-03T02:31:35.255+0000] {logging_mixin.py:190} INFO - [2025-05-03T02:31:35.254+0000] {dagbag.py:588} INFO - Filling up the DagBag from /opt/airflow/dags/permission_fixer_dag.py
[2025-05-03T02:31:35.259+0000] {processor.py:925} INFO - DAG(s) 'fix_permissions_dag' retrieved from /opt/airflow/dags/permission_fixer_dag.py
[2025-05-03T02:31:35.270+0000] {logging_mixin.py:190} INFO - [2025-05-03T02:31:35.270+0000] {dag.py:3239} INFO - Sync 1 DAGs
[2025-05-03T02:31:35.277+0000] {logging_mixin.py:190} INFO - [2025-05-03T02:31:35.277+0000] {dag.py:4180} INFO - Setting next_dagrun for fix_permissions_dag to None, run_after=None
[2025-05-03T02:31:35.285+0000] {processor.py:208} INFO - Processing /opt/airflow/dags/permission_fixer_dag.py took 0.034 seconds
[2025-05-03T02:32:06.095+0000] {processor.py:186} INFO - Started process (PID=918) to work on /opt/airflow/dags/permission_fixer_dag.py
[2025-05-03T02:32:06.096+0000] {processor.py:914} INFO - Processing file /opt/airflow/dags/permission_fixer_dag.py for tasks to queue
[2025-05-03T02:32:06.096+0000] {logging_mixin.py:190} INFO - [2025-05-03T02:32:06.096+0000] {dagbag.py:588} INFO - Filling up the DagBag from /opt/airflow/dags/permission_fixer_dag.py
[2025-05-03T02:32:06.101+0000] {processor.py:925} INFO - DAG(s) 'fix_permissions_dag' retrieved from /opt/airflow/dags/permission_fixer_dag.py
[2025-05-03T02:32:06.112+0000] {logging_mixin.py:190} INFO - [2025-05-03T02:32:06.112+0000] {dag.py:3239} INFO - Sync 1 DAGs
[2025-05-03T02:32:06.119+0000] {logging_mixin.py:190} INFO - [2025-05-03T02:32:06.118+0000] {dag.py:4180} INFO - Setting next_dagrun for fix_permissions_dag to None, run_after=None
[2025-05-03T02:32:06.125+0000] {processor.py:208} INFO - Processing /opt/airflow/dags/permission_fixer_dag.py took 0.034 seconds
[2025-05-03T02:32:36.884+0000] {processor.py:186} INFO - Started process (PID=923) to work on /opt/airflow/dags/permission_fixer_dag.py
[2025-05-03T02:32:36.885+0000] {processor.py:914} INFO - Processing file /opt/airflow/dags/permission_fixer_dag.py for tasks to queue
[2025-05-03T02:32:36.885+0000] {logging_mixin.py:190} INFO - [2025-05-03T02:32:36.885+0000] {dagbag.py:588} INFO - Filling up the DagBag from /opt/airflow/dags/permission_fixer_dag.py
[2025-05-03T02:32:36.890+0000] {processor.py:925} INFO - DAG(s) 'fix_permissions_dag' retrieved from /opt/airflow/dags/permission_fixer_dag.py
[2025-05-03T02:32:36.899+0000] {logging_mixin.py:190} INFO - [2025-05-03T02:32:36.899+0000] {dag.py:3239} INFO - Sync 1 DAGs
[2025-05-03T02:32:36.905+0000] {logging_mixin.py:190} INFO - [2025-05-03T02:32:36.905+0000] {dag.py:4180} INFO - Setting next_dagrun for fix_permissions_dag to None, run_after=None
[2025-05-03T02:32:36.913+0000] {processor.py:208} INFO - Processing /opt/airflow/dags/permission_fixer_dag.py took 0.032 seconds
[2025-05-03T02:33:07.322+0000] {processor.py:186} INFO - Started process (PID=928) to work on /opt/airflow/dags/permission_fixer_dag.py
[2025-05-03T02:33:07.322+0000] {processor.py:914} INFO - Processing file /opt/airflow/dags/permission_fixer_dag.py for tasks to queue
[2025-05-03T02:33:07.323+0000] {logging_mixin.py:190} INFO - [2025-05-03T02:33:07.323+0000] {dagbag.py:588} INFO - Filling up the DagBag from /opt/airflow/dags/permission_fixer_dag.py
[2025-05-03T02:33:07.327+0000] {processor.py:925} INFO - DAG(s) 'fix_permissions_dag' retrieved from /opt/airflow/dags/permission_fixer_dag.py
[2025-05-03T02:33:07.337+0000] {logging_mixin.py:190} INFO - [2025-05-03T02:33:07.337+0000] {dag.py:3239} INFO - Sync 1 DAGs
[2025-05-03T02:33:07.344+0000] {logging_mixin.py:190} INFO - [2025-05-03T02:33:07.344+0000] {dag.py:4180} INFO - Setting next_dagrun for fix_permissions_dag to None, run_after=None
[2025-05-03T02:33:07.351+0000] {processor.py:208} INFO - Processing /opt/airflow/dags/permission_fixer_dag.py took 0.033 seconds
