[2025-05-03T00:00:25.533+0000] {processor.py:186} INFO - Started process (PID=209) to work on /opt/airflow/dags/wordcount_dag.py
[2025-05-03T00:00:25.533+0000] {processor.py:914} INFO - Processing file /opt/airflow/dags/wordcount_dag.py for tasks to queue
[2025-05-03T00:00:25.533+0000] {logging_mixin.py:190} INFO - [2025-05-03T00:00:25.533+0000] {dagbag.py:588} INFO - Filling up the DagBag from /opt/airflow/dags/wordcount_dag.py
[2025-05-03T00:00:25.662+0000] {processor.py:925} INFO - DAG(s) 'news_dag' retrieved from /opt/airflow/dags/wordcount_dag.py
[2025-05-03T00:00:25.669+0000] {logging_mixin.py:190} INFO - [2025-05-03T00:00:25.668+0000] {dag.py:3239} INFO - Sync 1 DAGs
[2025-05-03T00:00:25.673+0000] {logging_mixin.py:190} INFO - [2025-05-03T00:00:25.673+0000] {dag.py:4180} INFO - Setting next_dagrun for news_dag to None, run_after=None
[2025-05-03T00:00:25.678+0000] {processor.py:208} INFO - Processing /opt/airflow/dags/wordcount_dag.py took 0.148 seconds
[2025-05-03T00:00:56.100+0000] {processor.py:186} INFO - Started process (PID=214) to work on /opt/airflow/dags/wordcount_dag.py
[2025-05-03T00:00:56.101+0000] {processor.py:914} INFO - Processing file /opt/airflow/dags/wordcount_dag.py for tasks to queue
[2025-05-03T00:00:56.101+0000] {logging_mixin.py:190} INFO - [2025-05-03T00:00:56.101+0000] {dagbag.py:588} INFO - Filling up the DagBag from /opt/airflow/dags/wordcount_dag.py
[2025-05-03T00:00:56.226+0000] {processor.py:925} INFO - DAG(s) 'news_dag' retrieved from /opt/airflow/dags/wordcount_dag.py
[2025-05-03T00:00:56.234+0000] {logging_mixin.py:190} INFO - [2025-05-03T00:00:56.233+0000] {dag.py:3239} INFO - Sync 1 DAGs
[2025-05-03T00:00:56.237+0000] {logging_mixin.py:190} INFO - [2025-05-03T00:00:56.237+0000] {dag.py:4180} INFO - Setting next_dagrun for news_dag to None, run_after=None
[2025-05-03T00:00:56.243+0000] {processor.py:208} INFO - Processing /opt/airflow/dags/wordcount_dag.py took 0.145 seconds
[2025-05-03T00:01:26.690+0000] {processor.py:186} INFO - Started process (PID=219) to work on /opt/airflow/dags/wordcount_dag.py
[2025-05-03T00:01:26.691+0000] {processor.py:914} INFO - Processing file /opt/airflow/dags/wordcount_dag.py for tasks to queue
[2025-05-03T00:01:26.691+0000] {logging_mixin.py:190} INFO - [2025-05-03T00:01:26.691+0000] {dagbag.py:588} INFO - Filling up the DagBag from /opt/airflow/dags/wordcount_dag.py
[2025-05-03T00:01:26.816+0000] {processor.py:925} INFO - DAG(s) 'news_dag' retrieved from /opt/airflow/dags/wordcount_dag.py
[2025-05-03T00:01:26.824+0000] {logging_mixin.py:190} INFO - [2025-05-03T00:01:26.824+0000] {dag.py:3239} INFO - Sync 1 DAGs
[2025-05-03T00:01:26.828+0000] {logging_mixin.py:190} INFO - [2025-05-03T00:01:26.828+0000] {dag.py:4180} INFO - Setting next_dagrun for news_dag to None, run_after=None
[2025-05-03T00:01:26.834+0000] {processor.py:208} INFO - Processing /opt/airflow/dags/wordcount_dag.py took 0.147 seconds
[2025-05-03T00:01:57.301+0000] {processor.py:186} INFO - Started process (PID=224) to work on /opt/airflow/dags/wordcount_dag.py
[2025-05-03T00:01:57.301+0000] {processor.py:914} INFO - Processing file /opt/airflow/dags/wordcount_dag.py for tasks to queue
[2025-05-03T00:01:57.302+0000] {logging_mixin.py:190} INFO - [2025-05-03T00:01:57.301+0000] {dagbag.py:588} INFO - Filling up the DagBag from /opt/airflow/dags/wordcount_dag.py
[2025-05-03T00:01:57.426+0000] {processor.py:925} INFO - DAG(s) 'news_dag' retrieved from /opt/airflow/dags/wordcount_dag.py
[2025-05-03T00:01:57.433+0000] {logging_mixin.py:190} INFO - [2025-05-03T00:01:57.432+0000] {dag.py:3239} INFO - Sync 1 DAGs
[2025-05-03T00:01:57.436+0000] {logging_mixin.py:190} INFO - [2025-05-03T00:01:57.436+0000] {dag.py:4180} INFO - Setting next_dagrun for news_dag to None, run_after=None
[2025-05-03T00:01:57.442+0000] {processor.py:208} INFO - Processing /opt/airflow/dags/wordcount_dag.py took 0.144 seconds
[2025-05-03T00:02:27.897+0000] {processor.py:186} INFO - Started process (PID=229) to work on /opt/airflow/dags/wordcount_dag.py
[2025-05-03T00:02:27.898+0000] {processor.py:914} INFO - Processing file /opt/airflow/dags/wordcount_dag.py for tasks to queue
[2025-05-03T00:02:27.899+0000] {logging_mixin.py:190} INFO - [2025-05-03T00:02:27.898+0000] {dagbag.py:588} INFO - Filling up the DagBag from /opt/airflow/dags/wordcount_dag.py
[2025-05-03T00:02:28.064+0000] {processor.py:925} INFO - DAG(s) 'news_dag' retrieved from /opt/airflow/dags/wordcount_dag.py
[2025-05-03T00:02:28.077+0000] {logging_mixin.py:190} INFO - [2025-05-03T00:02:28.076+0000] {dag.py:3239} INFO - Sync 1 DAGs
[2025-05-03T00:02:28.082+0000] {logging_mixin.py:190} INFO - [2025-05-03T00:02:28.082+0000] {dag.py:4180} INFO - Setting next_dagrun for news_dag to None, run_after=None
[2025-05-03T00:02:28.091+0000] {processor.py:208} INFO - Processing /opt/airflow/dags/wordcount_dag.py took 0.197 seconds
[2025-05-03T00:02:58.518+0000] {processor.py:186} INFO - Started process (PID=234) to work on /opt/airflow/dags/wordcount_dag.py
[2025-05-03T00:02:58.519+0000] {processor.py:914} INFO - Processing file /opt/airflow/dags/wordcount_dag.py for tasks to queue
[2025-05-03T00:02:58.519+0000] {logging_mixin.py:190} INFO - [2025-05-03T00:02:58.519+0000] {dagbag.py:588} INFO - Filling up the DagBag from /opt/airflow/dags/wordcount_dag.py
[2025-05-03T00:02:58.655+0000] {processor.py:925} INFO - DAG(s) 'news_dag' retrieved from /opt/airflow/dags/wordcount_dag.py
[2025-05-03T00:02:58.663+0000] {logging_mixin.py:190} INFO - [2025-05-03T00:02:58.663+0000] {dag.py:3239} INFO - Sync 1 DAGs
[2025-05-03T00:02:58.669+0000] {logging_mixin.py:190} INFO - [2025-05-03T00:02:58.668+0000] {dag.py:4180} INFO - Setting next_dagrun for news_dag to None, run_after=None
[2025-05-03T00:02:58.674+0000] {processor.py:208} INFO - Processing /opt/airflow/dags/wordcount_dag.py took 0.159 seconds
[2025-05-03T00:03:29.046+0000] {processor.py:186} INFO - Started process (PID=239) to work on /opt/airflow/dags/wordcount_dag.py
[2025-05-03T00:03:29.046+0000] {processor.py:914} INFO - Processing file /opt/airflow/dags/wordcount_dag.py for tasks to queue
[2025-05-03T00:03:29.047+0000] {logging_mixin.py:190} INFO - [2025-05-03T00:03:29.047+0000] {dagbag.py:588} INFO - Filling up the DagBag from /opt/airflow/dags/wordcount_dag.py
[2025-05-03T00:03:29.187+0000] {processor.py:925} INFO - DAG(s) 'news_dag' retrieved from /opt/airflow/dags/wordcount_dag.py
[2025-05-03T00:03:29.196+0000] {logging_mixin.py:190} INFO - [2025-05-03T00:03:29.196+0000] {dag.py:3239} INFO - Sync 1 DAGs
[2025-05-03T00:03:29.201+0000] {logging_mixin.py:190} INFO - [2025-05-03T00:03:29.201+0000] {dag.py:4180} INFO - Setting next_dagrun for news_dag to None, run_after=None
[2025-05-03T00:03:29.207+0000] {processor.py:208} INFO - Processing /opt/airflow/dags/wordcount_dag.py took 0.164 seconds
[2025-05-03T00:03:59.672+0000] {processor.py:186} INFO - Started process (PID=244) to work on /opt/airflow/dags/wordcount_dag.py
[2025-05-03T00:03:59.673+0000] {processor.py:914} INFO - Processing file /opt/airflow/dags/wordcount_dag.py for tasks to queue
[2025-05-03T00:03:59.673+0000] {logging_mixin.py:190} INFO - [2025-05-03T00:03:59.673+0000] {dagbag.py:588} INFO - Filling up the DagBag from /opt/airflow/dags/wordcount_dag.py
[2025-05-03T00:03:59.817+0000] {processor.py:925} INFO - DAG(s) 'news_dag' retrieved from /opt/airflow/dags/wordcount_dag.py
[2025-05-03T00:03:59.826+0000] {logging_mixin.py:190} INFO - [2025-05-03T00:03:59.825+0000] {dag.py:3239} INFO - Sync 1 DAGs
[2025-05-03T00:03:59.830+0000] {logging_mixin.py:190} INFO - [2025-05-03T00:03:59.830+0000] {dag.py:4180} INFO - Setting next_dagrun for news_dag to None, run_after=None
[2025-05-03T00:03:59.836+0000] {processor.py:208} INFO - Processing /opt/airflow/dags/wordcount_dag.py took 0.166 seconds
[2025-05-03T00:04:30.243+0000] {processor.py:186} INFO - Started process (PID=249) to work on /opt/airflow/dags/wordcount_dag.py
[2025-05-03T00:04:30.243+0000] {processor.py:914} INFO - Processing file /opt/airflow/dags/wordcount_dag.py for tasks to queue
[2025-05-03T00:04:30.244+0000] {logging_mixin.py:190} INFO - [2025-05-03T00:04:30.244+0000] {dagbag.py:588} INFO - Filling up the DagBag from /opt/airflow/dags/wordcount_dag.py
[2025-05-03T00:04:30.378+0000] {processor.py:925} INFO - DAG(s) 'news_dag' retrieved from /opt/airflow/dags/wordcount_dag.py
[2025-05-03T00:04:30.385+0000] {logging_mixin.py:190} INFO - [2025-05-03T00:04:30.385+0000] {dag.py:3239} INFO - Sync 1 DAGs
[2025-05-03T00:04:30.389+0000] {logging_mixin.py:190} INFO - [2025-05-03T00:04:30.389+0000] {dag.py:4180} INFO - Setting next_dagrun for news_dag to None, run_after=None
[2025-05-03T00:04:30.394+0000] {processor.py:208} INFO - Processing /opt/airflow/dags/wordcount_dag.py took 0.153 seconds
[2025-05-03T00:05:00.787+0000] {processor.py:186} INFO - Started process (PID=254) to work on /opt/airflow/dags/wordcount_dag.py
[2025-05-03T00:05:00.787+0000] {processor.py:914} INFO - Processing file /opt/airflow/dags/wordcount_dag.py for tasks to queue
[2025-05-03T00:05:00.788+0000] {logging_mixin.py:190} INFO - [2025-05-03T00:05:00.788+0000] {dagbag.py:588} INFO - Filling up the DagBag from /opt/airflow/dags/wordcount_dag.py
[2025-05-03T00:05:00.920+0000] {processor.py:925} INFO - DAG(s) 'news_dag' retrieved from /opt/airflow/dags/wordcount_dag.py
[2025-05-03T00:05:00.927+0000] {logging_mixin.py:190} INFO - [2025-05-03T00:05:00.927+0000] {dag.py:3239} INFO - Sync 1 DAGs
[2025-05-03T00:05:00.931+0000] {logging_mixin.py:190} INFO - [2025-05-03T00:05:00.931+0000] {dag.py:4180} INFO - Setting next_dagrun for news_dag to None, run_after=None
[2025-05-03T00:05:00.936+0000] {processor.py:208} INFO - Processing /opt/airflow/dags/wordcount_dag.py took 0.152 seconds
[2025-05-03T00:05:31.315+0000] {processor.py:186} INFO - Started process (PID=259) to work on /opt/airflow/dags/wordcount_dag.py
[2025-05-03T00:05:31.316+0000] {processor.py:914} INFO - Processing file /opt/airflow/dags/wordcount_dag.py for tasks to queue
[2025-05-03T00:05:31.316+0000] {logging_mixin.py:190} INFO - [2025-05-03T00:05:31.316+0000] {dagbag.py:588} INFO - Filling up the DagBag from /opt/airflow/dags/wordcount_dag.py
[2025-05-03T00:05:31.455+0000] {processor.py:925} INFO - DAG(s) 'news_dag' retrieved from /opt/airflow/dags/wordcount_dag.py
[2025-05-03T00:05:31.462+0000] {logging_mixin.py:190} INFO - [2025-05-03T00:05:31.462+0000] {dag.py:3239} INFO - Sync 1 DAGs
[2025-05-03T00:05:31.466+0000] {logging_mixin.py:190} INFO - [2025-05-03T00:05:31.466+0000] {dag.py:4180} INFO - Setting next_dagrun for news_dag to None, run_after=None
[2025-05-03T00:05:31.472+0000] {processor.py:208} INFO - Processing /opt/airflow/dags/wordcount_dag.py took 0.160 seconds
[2025-05-03T00:06:01.878+0000] {processor.py:186} INFO - Started process (PID=264) to work on /opt/airflow/dags/wordcount_dag.py
[2025-05-03T00:06:01.879+0000] {processor.py:914} INFO - Processing file /opt/airflow/dags/wordcount_dag.py for tasks to queue
[2025-05-03T00:06:01.879+0000] {logging_mixin.py:190} INFO - [2025-05-03T00:06:01.879+0000] {dagbag.py:588} INFO - Filling up the DagBag from /opt/airflow/dags/wordcount_dag.py
[2025-05-03T00:06:02.020+0000] {processor.py:925} INFO - DAG(s) 'news_dag' retrieved from /opt/airflow/dags/wordcount_dag.py
[2025-05-03T00:06:02.026+0000] {logging_mixin.py:190} INFO - [2025-05-03T00:06:02.026+0000] {dag.py:3239} INFO - Sync 1 DAGs
[2025-05-03T00:06:02.030+0000] {logging_mixin.py:190} INFO - [2025-05-03T00:06:02.030+0000] {dag.py:4180} INFO - Setting next_dagrun for news_dag to None, run_after=None
[2025-05-03T00:06:02.036+0000] {processor.py:208} INFO - Processing /opt/airflow/dags/wordcount_dag.py took 0.160 seconds
[2025-05-03T00:06:32.378+0000] {processor.py:186} INFO - Started process (PID=269) to work on /opt/airflow/dags/wordcount_dag.py
[2025-05-03T00:06:32.379+0000] {processor.py:914} INFO - Processing file /opt/airflow/dags/wordcount_dag.py for tasks to queue
[2025-05-03T00:06:32.379+0000] {logging_mixin.py:190} INFO - [2025-05-03T00:06:32.379+0000] {dagbag.py:588} INFO - Filling up the DagBag from /opt/airflow/dags/wordcount_dag.py
[2025-05-03T00:06:32.516+0000] {processor.py:925} INFO - DAG(s) 'news_dag' retrieved from /opt/airflow/dags/wordcount_dag.py
[2025-05-03T00:06:32.523+0000] {logging_mixin.py:190} INFO - [2025-05-03T00:06:32.523+0000] {dag.py:3239} INFO - Sync 1 DAGs
[2025-05-03T00:06:32.527+0000] {logging_mixin.py:190} INFO - [2025-05-03T00:06:32.527+0000] {dag.py:4180} INFO - Setting next_dagrun for news_dag to None, run_after=None
[2025-05-03T00:06:32.532+0000] {processor.py:208} INFO - Processing /opt/airflow/dags/wordcount_dag.py took 0.156 seconds
[2025-05-03T00:07:02.890+0000] {processor.py:186} INFO - Started process (PID=274) to work on /opt/airflow/dags/wordcount_dag.py
[2025-05-03T00:07:02.890+0000] {processor.py:914} INFO - Processing file /opt/airflow/dags/wordcount_dag.py for tasks to queue
[2025-05-03T00:07:02.891+0000] {logging_mixin.py:190} INFO - [2025-05-03T00:07:02.891+0000] {dagbag.py:588} INFO - Filling up the DagBag from /opt/airflow/dags/wordcount_dag.py
[2025-05-03T00:07:03.039+0000] {processor.py:925} INFO - DAG(s) 'news_dag' retrieved from /opt/airflow/dags/wordcount_dag.py
[2025-05-03T00:07:03.046+0000] {logging_mixin.py:190} INFO - [2025-05-03T00:07:03.046+0000] {dag.py:3239} INFO - Sync 1 DAGs
[2025-05-03T00:07:03.050+0000] {logging_mixin.py:190} INFO - [2025-05-03T00:07:03.050+0000] {dag.py:4180} INFO - Setting next_dagrun for news_dag to None, run_after=None
[2025-05-03T00:07:03.055+0000] {processor.py:208} INFO - Processing /opt/airflow/dags/wordcount_dag.py took 0.169 seconds
[2025-05-03T00:07:33.583+0000] {processor.py:186} INFO - Started process (PID=279) to work on /opt/airflow/dags/wordcount_dag.py
[2025-05-03T00:07:33.584+0000] {processor.py:914} INFO - Processing file /opt/airflow/dags/wordcount_dag.py for tasks to queue
[2025-05-03T00:07:33.584+0000] {logging_mixin.py:190} INFO - [2025-05-03T00:07:33.584+0000] {dagbag.py:588} INFO - Filling up the DagBag from /opt/airflow/dags/wordcount_dag.py
[2025-05-03T00:07:33.720+0000] {processor.py:925} INFO - DAG(s) 'news_dag' retrieved from /opt/airflow/dags/wordcount_dag.py
[2025-05-03T00:07:33.728+0000] {logging_mixin.py:190} INFO - [2025-05-03T00:07:33.728+0000] {dag.py:3239} INFO - Sync 1 DAGs
[2025-05-03T00:07:33.731+0000] {logging_mixin.py:190} INFO - [2025-05-03T00:07:33.731+0000] {dag.py:4180} INFO - Setting next_dagrun for news_dag to None, run_after=None
[2025-05-03T00:07:33.737+0000] {processor.py:208} INFO - Processing /opt/airflow/dags/wordcount_dag.py took 0.156 seconds
[2025-05-03T00:08:04.207+0000] {processor.py:186} INFO - Started process (PID=284) to work on /opt/airflow/dags/wordcount_dag.py
[2025-05-03T00:08:04.208+0000] {processor.py:914} INFO - Processing file /opt/airflow/dags/wordcount_dag.py for tasks to queue
[2025-05-03T00:08:04.208+0000] {logging_mixin.py:190} INFO - [2025-05-03T00:08:04.208+0000] {dagbag.py:588} INFO - Filling up the DagBag from /opt/airflow/dags/wordcount_dag.py
[2025-05-03T00:08:04.350+0000] {processor.py:925} INFO - DAG(s) 'news_dag' retrieved from /opt/airflow/dags/wordcount_dag.py
[2025-05-03T00:08:04.357+0000] {logging_mixin.py:190} INFO - [2025-05-03T00:08:04.356+0000] {dag.py:3239} INFO - Sync 1 DAGs
[2025-05-03T00:08:04.361+0000] {logging_mixin.py:190} INFO - [2025-05-03T00:08:04.361+0000] {dag.py:4180} INFO - Setting next_dagrun for news_dag to None, run_after=None
[2025-05-03T00:08:04.365+0000] {processor.py:208} INFO - Processing /opt/airflow/dags/wordcount_dag.py took 0.161 seconds
[2025-05-03T00:08:34.829+0000] {processor.py:186} INFO - Started process (PID=289) to work on /opt/airflow/dags/wordcount_dag.py
[2025-05-03T00:08:34.829+0000] {processor.py:914} INFO - Processing file /opt/airflow/dags/wordcount_dag.py for tasks to queue
[2025-05-03T00:08:34.830+0000] {logging_mixin.py:190} INFO - [2025-05-03T00:08:34.830+0000] {dagbag.py:588} INFO - Filling up the DagBag from /opt/airflow/dags/wordcount_dag.py
[2025-05-03T00:08:34.991+0000] {processor.py:925} INFO - DAG(s) 'news_dag' retrieved from /opt/airflow/dags/wordcount_dag.py
[2025-05-03T00:08:35.000+0000] {logging_mixin.py:190} INFO - [2025-05-03T00:08:34.999+0000] {dag.py:3239} INFO - Sync 1 DAGs
[2025-05-03T00:08:35.005+0000] {logging_mixin.py:190} INFO - [2025-05-03T00:08:35.005+0000] {dag.py:4180} INFO - Setting next_dagrun for news_dag to None, run_after=None
[2025-05-03T00:08:35.011+0000] {processor.py:208} INFO - Processing /opt/airflow/dags/wordcount_dag.py took 0.185 seconds
[2025-05-03T00:09:45.089+0000] {processor.py:186} INFO - Started process (PID=39) to work on /opt/airflow/dags/wordcount_dag.py
[2025-05-03T00:09:45.090+0000] {processor.py:914} INFO - Processing file /opt/airflow/dags/wordcount_dag.py for tasks to queue
[2025-05-03T00:09:45.090+0000] {logging_mixin.py:190} INFO - [2025-05-03T00:09:45.090+0000] {dagbag.py:588} INFO - Filling up the DagBag from /opt/airflow/dags/wordcount_dag.py
[2025-05-03T00:09:45.264+0000] {processor.py:925} INFO - DAG(s) 'news_dag' retrieved from /opt/airflow/dags/wordcount_dag.py
[2025-05-03T00:09:45.280+0000] {logging_mixin.py:190} INFO - [2025-05-03T00:09:45.280+0000] {dag.py:3239} INFO - Sync 1 DAGs
[2025-05-03T00:09:45.287+0000] {logging_mixin.py:190} INFO - [2025-05-03T00:09:45.287+0000] {dag.py:4180} INFO - Setting next_dagrun for news_dag to None, run_after=None
[2025-05-03T00:09:45.297+0000] {processor.py:208} INFO - Processing /opt/airflow/dags/wordcount_dag.py took 0.214 seconds
[2025-05-03T00:10:15.696+0000] {processor.py:186} INFO - Started process (PID=44) to work on /opt/airflow/dags/wordcount_dag.py
[2025-05-03T00:10:15.696+0000] {processor.py:914} INFO - Processing file /opt/airflow/dags/wordcount_dag.py for tasks to queue
[2025-05-03T00:10:15.697+0000] {logging_mixin.py:190} INFO - [2025-05-03T00:10:15.696+0000] {dagbag.py:588} INFO - Filling up the DagBag from /opt/airflow/dags/wordcount_dag.py
[2025-05-03T00:10:15.828+0000] {processor.py:925} INFO - DAG(s) 'news_dag' retrieved from /opt/airflow/dags/wordcount_dag.py
[2025-05-03T00:10:15.835+0000] {logging_mixin.py:190} INFO - [2025-05-03T00:10:15.835+0000] {dag.py:3239} INFO - Sync 1 DAGs
[2025-05-03T00:10:15.840+0000] {logging_mixin.py:190} INFO - [2025-05-03T00:10:15.839+0000] {dag.py:4180} INFO - Setting next_dagrun for news_dag to None, run_after=None
[2025-05-03T00:10:15.844+0000] {processor.py:208} INFO - Processing /opt/airflow/dags/wordcount_dag.py took 0.151 seconds
[2025-05-03T00:10:46.325+0000] {processor.py:186} INFO - Started process (PID=49) to work on /opt/airflow/dags/wordcount_dag.py
[2025-05-03T00:10:46.325+0000] {processor.py:914} INFO - Processing file /opt/airflow/dags/wordcount_dag.py for tasks to queue
[2025-05-03T00:10:46.326+0000] {logging_mixin.py:190} INFO - [2025-05-03T00:10:46.326+0000] {dagbag.py:588} INFO - Filling up the DagBag from /opt/airflow/dags/wordcount_dag.py
[2025-05-03T00:10:46.456+0000] {processor.py:925} INFO - DAG(s) 'news_dag' retrieved from /opt/airflow/dags/wordcount_dag.py
[2025-05-03T00:10:46.463+0000] {logging_mixin.py:190} INFO - [2025-05-03T00:10:46.463+0000] {dag.py:3239} INFO - Sync 1 DAGs
[2025-05-03T00:10:46.467+0000] {logging_mixin.py:190} INFO - [2025-05-03T00:10:46.467+0000] {dag.py:4180} INFO - Setting next_dagrun for news_dag to None, run_after=None
[2025-05-03T00:10:46.472+0000] {processor.py:208} INFO - Processing /opt/airflow/dags/wordcount_dag.py took 0.150 seconds
[2025-05-03T00:11:16.989+0000] {processor.py:186} INFO - Started process (PID=54) to work on /opt/airflow/dags/wordcount_dag.py
[2025-05-03T00:11:16.989+0000] {processor.py:914} INFO - Processing file /opt/airflow/dags/wordcount_dag.py for tasks to queue
[2025-05-03T00:11:16.990+0000] {logging_mixin.py:190} INFO - [2025-05-03T00:11:16.989+0000] {dagbag.py:588} INFO - Filling up the DagBag from /opt/airflow/dags/wordcount_dag.py
[2025-05-03T00:11:17.119+0000] {processor.py:925} INFO - DAG(s) 'news_dag' retrieved from /opt/airflow/dags/wordcount_dag.py
[2025-05-03T00:11:17.131+0000] {logging_mixin.py:190} INFO - [2025-05-03T00:11:17.130+0000] {dag.py:3239} INFO - Sync 1 DAGs
[2025-05-03T00:11:17.137+0000] {logging_mixin.py:190} INFO - [2025-05-03T00:11:17.137+0000] {dag.py:4180} INFO - Setting next_dagrun for news_dag to None, run_after=None
[2025-05-03T00:11:17.148+0000] {processor.py:208} INFO - Processing /opt/airflow/dags/wordcount_dag.py took 0.162 seconds
[2025-05-03T00:11:47.438+0000] {processor.py:186} INFO - Started process (PID=59) to work on /opt/airflow/dags/wordcount_dag.py
[2025-05-03T00:11:47.438+0000] {processor.py:914} INFO - Processing file /opt/airflow/dags/wordcount_dag.py for tasks to queue
[2025-05-03T00:11:47.439+0000] {logging_mixin.py:190} INFO - [2025-05-03T00:11:47.439+0000] {dagbag.py:588} INFO - Filling up the DagBag from /opt/airflow/dags/wordcount_dag.py
[2025-05-03T00:11:47.603+0000] {processor.py:925} INFO - DAG(s) 'news_dag' retrieved from /opt/airflow/dags/wordcount_dag.py
[2025-05-03T00:11:47.616+0000] {logging_mixin.py:190} INFO - [2025-05-03T00:11:47.615+0000] {dag.py:3239} INFO - Sync 1 DAGs
[2025-05-03T00:11:47.622+0000] {logging_mixin.py:190} INFO - [2025-05-03T00:11:47.621+0000] {dag.py:4180} INFO - Setting next_dagrun for news_dag to None, run_after=None
[2025-05-03T00:11:47.633+0000] {processor.py:208} INFO - Processing /opt/airflow/dags/wordcount_dag.py took 0.198 seconds
[2025-05-03T00:12:39.495+0000] {processor.py:186} INFO - Started process (PID=40) to work on /opt/airflow/dags/wordcount_dag.py
[2025-05-03T00:12:39.505+0000] {processor.py:914} INFO - Processing file /opt/airflow/dags/wordcount_dag.py for tasks to queue
[2025-05-03T00:12:39.505+0000] {logging_mixin.py:190} INFO - [2025-05-03T00:12:39.505+0000] {dagbag.py:588} INFO - Filling up the DagBag from /opt/airflow/dags/wordcount_dag.py
[2025-05-03T00:12:39.732+0000] {processor.py:925} INFO - DAG(s) 'news_dag' retrieved from /opt/airflow/dags/wordcount_dag.py
[2025-05-03T00:12:39.740+0000] {logging_mixin.py:190} INFO - [2025-05-03T00:12:39.740+0000] {dag.py:3239} INFO - Sync 1 DAGs
[2025-05-03T00:12:39.745+0000] {logging_mixin.py:190} INFO - [2025-05-03T00:12:39.745+0000] {dag.py:4180} INFO - Setting next_dagrun for news_dag to None, run_after=None
[2025-05-03T00:12:39.753+0000] {processor.py:208} INFO - Processing /opt/airflow/dags/wordcount_dag.py took 0.260 seconds
[2025-05-03T00:13:09.933+0000] {processor.py:186} INFO - Started process (PID=45) to work on /opt/airflow/dags/wordcount_dag.py
[2025-05-03T00:13:09.933+0000] {processor.py:914} INFO - Processing file /opt/airflow/dags/wordcount_dag.py for tasks to queue
[2025-05-03T00:13:09.934+0000] {logging_mixin.py:190} INFO - [2025-05-03T00:13:09.934+0000] {dagbag.py:588} INFO - Filling up the DagBag from /opt/airflow/dags/wordcount_dag.py
[2025-05-03T00:13:10.097+0000] {processor.py:925} INFO - DAG(s) 'news_dag' retrieved from /opt/airflow/dags/wordcount_dag.py
[2025-05-03T00:13:10.108+0000] {logging_mixin.py:190} INFO - [2025-05-03T00:13:10.107+0000] {dag.py:3239} INFO - Sync 1 DAGs
[2025-05-03T00:13:10.114+0000] {logging_mixin.py:190} INFO - [2025-05-03T00:13:10.114+0000] {dag.py:4180} INFO - Setting next_dagrun for news_dag to None, run_after=None
[2025-05-03T00:13:10.122+0000] {processor.py:208} INFO - Processing /opt/airflow/dags/wordcount_dag.py took 0.192 seconds
[2025-05-03T00:15:02.599+0000] {processor.py:186} INFO - Started process (PID=39) to work on /opt/airflow/dags/wordcount_dag.py
[2025-05-03T00:15:02.600+0000] {processor.py:914} INFO - Processing file /opt/airflow/dags/wordcount_dag.py for tasks to queue
[2025-05-03T00:15:02.600+0000] {logging_mixin.py:190} INFO - [2025-05-03T00:15:02.600+0000] {dagbag.py:588} INFO - Filling up the DagBag from /opt/airflow/dags/wordcount_dag.py
[2025-05-03T00:15:02.830+0000] {processor.py:925} INFO - DAG(s) 'news_dag' retrieved from /opt/airflow/dags/wordcount_dag.py
[2025-05-03T00:15:02.839+0000] {logging_mixin.py:190} INFO - [2025-05-03T00:15:02.838+0000] {dag.py:3239} INFO - Sync 1 DAGs
[2025-05-03T00:15:02.845+0000] {logging_mixin.py:190} INFO - [2025-05-03T00:15:02.844+0000] {dag.py:4180} INFO - Setting next_dagrun for news_dag to None, run_after=None
[2025-05-03T00:15:02.852+0000] {processor.py:208} INFO - Processing /opt/airflow/dags/wordcount_dag.py took 0.256 seconds
[2025-05-03T00:15:33.042+0000] {processor.py:186} INFO - Started process (PID=44) to work on /opt/airflow/dags/wordcount_dag.py
[2025-05-03T00:15:33.042+0000] {processor.py:914} INFO - Processing file /opt/airflow/dags/wordcount_dag.py for tasks to queue
[2025-05-03T00:15:33.043+0000] {logging_mixin.py:190} INFO - [2025-05-03T00:15:33.043+0000] {dagbag.py:588} INFO - Filling up the DagBag from /opt/airflow/dags/wordcount_dag.py
[2025-05-03T00:15:33.192+0000] {processor.py:925} INFO - DAG(s) 'news_dag' retrieved from /opt/airflow/dags/wordcount_dag.py
[2025-05-03T00:15:33.200+0000] {logging_mixin.py:190} INFO - [2025-05-03T00:15:33.200+0000] {dag.py:3239} INFO - Sync 1 DAGs
[2025-05-03T00:15:33.205+0000] {logging_mixin.py:190} INFO - [2025-05-03T00:15:33.205+0000] {dag.py:4180} INFO - Setting next_dagrun for news_dag to None, run_after=None
[2025-05-03T00:15:33.212+0000] {processor.py:208} INFO - Processing /opt/airflow/dags/wordcount_dag.py took 0.173 seconds
[2025-05-03T00:16:03.879+0000] {processor.py:186} INFO - Started process (PID=49) to work on /opt/airflow/dags/wordcount_dag.py
[2025-05-03T00:16:03.880+0000] {processor.py:914} INFO - Processing file /opt/airflow/dags/wordcount_dag.py for tasks to queue
[2025-05-03T00:16:03.881+0000] {logging_mixin.py:190} INFO - [2025-05-03T00:16:03.881+0000] {dagbag.py:588} INFO - Filling up the DagBag from /opt/airflow/dags/wordcount_dag.py
[2025-05-03T00:16:04.013+0000] {processor.py:925} INFO - DAG(s) 'news_dag' retrieved from /opt/airflow/dags/wordcount_dag.py
[2025-05-03T00:16:04.020+0000] {logging_mixin.py:190} INFO - [2025-05-03T00:16:04.019+0000] {dag.py:3239} INFO - Sync 1 DAGs
[2025-05-03T00:16:04.024+0000] {logging_mixin.py:190} INFO - [2025-05-03T00:16:04.024+0000] {dag.py:4180} INFO - Setting next_dagrun for news_dag to None, run_after=None
[2025-05-03T00:16:04.029+0000] {processor.py:208} INFO - Processing /opt/airflow/dags/wordcount_dag.py took 0.152 seconds
[2025-05-03T00:16:34.211+0000] {processor.py:186} INFO - Started process (PID=54) to work on /opt/airflow/dags/wordcount_dag.py
[2025-05-03T00:16:34.211+0000] {processor.py:914} INFO - Processing file /opt/airflow/dags/wordcount_dag.py for tasks to queue
[2025-05-03T00:16:34.212+0000] {logging_mixin.py:190} INFO - [2025-05-03T00:16:34.211+0000] {dagbag.py:588} INFO - Filling up the DagBag from /opt/airflow/dags/wordcount_dag.py
[2025-05-03T00:16:34.372+0000] {processor.py:925} INFO - DAG(s) 'news_dag' retrieved from /opt/airflow/dags/wordcount_dag.py
[2025-05-03T00:16:34.383+0000] {logging_mixin.py:190} INFO - [2025-05-03T00:16:34.383+0000] {dag.py:3239} INFO - Sync 1 DAGs
[2025-05-03T00:16:34.388+0000] {logging_mixin.py:190} INFO - [2025-05-03T00:16:34.388+0000] {dag.py:4180} INFO - Setting next_dagrun for news_dag to None, run_after=None
[2025-05-03T00:16:34.397+0000] {processor.py:208} INFO - Processing /opt/airflow/dags/wordcount_dag.py took 0.189 seconds
[2025-05-03T00:17:04.921+0000] {processor.py:186} INFO - Started process (PID=59) to work on /opt/airflow/dags/wordcount_dag.py
[2025-05-03T00:17:04.922+0000] {processor.py:914} INFO - Processing file /opt/airflow/dags/wordcount_dag.py for tasks to queue
[2025-05-03T00:17:04.923+0000] {logging_mixin.py:190} INFO - [2025-05-03T00:17:04.922+0000] {dagbag.py:588} INFO - Filling up the DagBag from /opt/airflow/dags/wordcount_dag.py
[2025-05-03T00:17:05.058+0000] {processor.py:925} INFO - DAG(s) 'news_dag' retrieved from /opt/airflow/dags/wordcount_dag.py
[2025-05-03T00:17:05.065+0000] {logging_mixin.py:190} INFO - [2025-05-03T00:17:05.065+0000] {dag.py:3239} INFO - Sync 1 DAGs
[2025-05-03T00:17:05.069+0000] {logging_mixin.py:190} INFO - [2025-05-03T00:17:05.069+0000] {dag.py:4180} INFO - Setting next_dagrun for news_dag to None, run_after=None
[2025-05-03T00:17:05.074+0000] {processor.py:208} INFO - Processing /opt/airflow/dags/wordcount_dag.py took 0.155 seconds
[2025-05-03T00:17:35.386+0000] {processor.py:186} INFO - Started process (PID=64) to work on /opt/airflow/dags/wordcount_dag.py
[2025-05-03T00:17:35.386+0000] {processor.py:914} INFO - Processing file /opt/airflow/dags/wordcount_dag.py for tasks to queue
[2025-05-03T00:17:35.387+0000] {logging_mixin.py:190} INFO - [2025-05-03T00:17:35.386+0000] {dagbag.py:588} INFO - Filling up the DagBag from /opt/airflow/dags/wordcount_dag.py
[2025-05-03T00:17:35.567+0000] {processor.py:925} INFO - DAG(s) 'news_dag' retrieved from /opt/airflow/dags/wordcount_dag.py
[2025-05-03T00:17:35.578+0000] {logging_mixin.py:190} INFO - [2025-05-03T00:17:35.577+0000] {dag.py:3239} INFO - Sync 1 DAGs
[2025-05-03T00:17:35.582+0000] {logging_mixin.py:190} INFO - [2025-05-03T00:17:35.582+0000] {dag.py:4180} INFO - Setting next_dagrun for news_dag to None, run_after=None
[2025-05-03T00:17:35.590+0000] {processor.py:208} INFO - Processing /opt/airflow/dags/wordcount_dag.py took 0.207 seconds
[2025-05-03T00:18:06.216+0000] {processor.py:186} INFO - Started process (PID=69) to work on /opt/airflow/dags/wordcount_dag.py
[2025-05-03T00:18:06.216+0000] {processor.py:914} INFO - Processing file /opt/airflow/dags/wordcount_dag.py for tasks to queue
[2025-05-03T00:18:06.217+0000] {logging_mixin.py:190} INFO - [2025-05-03T00:18:06.217+0000] {dagbag.py:588} INFO - Filling up the DagBag from /opt/airflow/dags/wordcount_dag.py
[2025-05-03T00:18:06.358+0000] {processor.py:925} INFO - DAG(s) 'news_dag' retrieved from /opt/airflow/dags/wordcount_dag.py
[2025-05-03T00:18:06.366+0000] {logging_mixin.py:190} INFO - [2025-05-03T00:18:06.366+0000] {dag.py:3239} INFO - Sync 1 DAGs
[2025-05-03T00:18:06.371+0000] {logging_mixin.py:190} INFO - [2025-05-03T00:18:06.371+0000] {dag.py:4180} INFO - Setting next_dagrun for news_dag to None, run_after=None
[2025-05-03T00:18:06.377+0000] {processor.py:208} INFO - Processing /opt/airflow/dags/wordcount_dag.py took 0.163 seconds
[2025-05-03T00:18:36.993+0000] {processor.py:186} INFO - Started process (PID=74) to work on /opt/airflow/dags/wordcount_dag.py
[2025-05-03T00:18:36.993+0000] {processor.py:914} INFO - Processing file /opt/airflow/dags/wordcount_dag.py for tasks to queue
[2025-05-03T00:18:36.994+0000] {logging_mixin.py:190} INFO - [2025-05-03T00:18:36.994+0000] {dagbag.py:588} INFO - Filling up the DagBag from /opt/airflow/dags/wordcount_dag.py
[2025-05-03T00:18:37.149+0000] {processor.py:925} INFO - DAG(s) 'news_dag' retrieved from /opt/airflow/dags/wordcount_dag.py
[2025-05-03T00:18:37.156+0000] {logging_mixin.py:190} INFO - [2025-05-03T00:18:37.156+0000] {dag.py:3239} INFO - Sync 1 DAGs
[2025-05-03T00:18:37.160+0000] {logging_mixin.py:190} INFO - [2025-05-03T00:18:37.160+0000] {dag.py:4180} INFO - Setting next_dagrun for news_dag to None, run_after=None
[2025-05-03T00:18:37.165+0000] {processor.py:208} INFO - Processing /opt/airflow/dags/wordcount_dag.py took 0.175 seconds
[2025-05-03T00:19:07.754+0000] {processor.py:186} INFO - Started process (PID=79) to work on /opt/airflow/dags/wordcount_dag.py
[2025-05-03T00:19:07.754+0000] {processor.py:914} INFO - Processing file /opt/airflow/dags/wordcount_dag.py for tasks to queue
[2025-05-03T00:19:07.755+0000] {logging_mixin.py:190} INFO - [2025-05-03T00:19:07.755+0000] {dagbag.py:588} INFO - Filling up the DagBag from /opt/airflow/dags/wordcount_dag.py
[2025-05-03T00:19:07.893+0000] {processor.py:925} INFO - DAG(s) 'news_dag' retrieved from /opt/airflow/dags/wordcount_dag.py
[2025-05-03T00:19:07.900+0000] {logging_mixin.py:190} INFO - [2025-05-03T00:19:07.899+0000] {dag.py:3239} INFO - Sync 1 DAGs
[2025-05-03T00:19:07.904+0000] {logging_mixin.py:190} INFO - [2025-05-03T00:19:07.904+0000] {dag.py:4180} INFO - Setting next_dagrun for news_dag to None, run_after=None
[2025-05-03T00:19:07.909+0000] {processor.py:208} INFO - Processing /opt/airflow/dags/wordcount_dag.py took 0.158 seconds
[2025-05-03T00:19:38.465+0000] {processor.py:186} INFO - Started process (PID=84) to work on /opt/airflow/dags/wordcount_dag.py
[2025-05-03T00:19:38.465+0000] {processor.py:914} INFO - Processing file /opt/airflow/dags/wordcount_dag.py for tasks to queue
[2025-05-03T00:19:38.466+0000] {logging_mixin.py:190} INFO - [2025-05-03T00:19:38.465+0000] {dagbag.py:588} INFO - Filling up the DagBag from /opt/airflow/dags/wordcount_dag.py
[2025-05-03T00:19:38.604+0000] {processor.py:925} INFO - DAG(s) 'news_dag' retrieved from /opt/airflow/dags/wordcount_dag.py
[2025-05-03T00:19:38.611+0000] {logging_mixin.py:190} INFO - [2025-05-03T00:19:38.611+0000] {dag.py:3239} INFO - Sync 1 DAGs
[2025-05-03T00:19:38.615+0000] {logging_mixin.py:190} INFO - [2025-05-03T00:19:38.615+0000] {dag.py:4180} INFO - Setting next_dagrun for news_dag to None, run_after=None
[2025-05-03T00:19:38.620+0000] {processor.py:208} INFO - Processing /opt/airflow/dags/wordcount_dag.py took 0.158 seconds
[2025-05-03T00:20:09.033+0000] {processor.py:186} INFO - Started process (PID=89) to work on /opt/airflow/dags/wordcount_dag.py
[2025-05-03T00:20:09.033+0000] {processor.py:914} INFO - Processing file /opt/airflow/dags/wordcount_dag.py for tasks to queue
[2025-05-03T00:20:09.034+0000] {logging_mixin.py:190} INFO - [2025-05-03T00:20:09.033+0000] {dagbag.py:588} INFO - Filling up the DagBag from /opt/airflow/dags/wordcount_dag.py
[2025-05-03T00:20:09.179+0000] {processor.py:925} INFO - DAG(s) 'news_dag' retrieved from /opt/airflow/dags/wordcount_dag.py
[2025-05-03T00:20:09.187+0000] {logging_mixin.py:190} INFO - [2025-05-03T00:20:09.186+0000] {dag.py:3239} INFO - Sync 1 DAGs
[2025-05-03T00:20:09.192+0000] {logging_mixin.py:190} INFO - [2025-05-03T00:20:09.191+0000] {dag.py:4180} INFO - Setting next_dagrun for news_dag to None, run_after=None
[2025-05-03T00:20:09.198+0000] {processor.py:208} INFO - Processing /opt/airflow/dags/wordcount_dag.py took 0.169 seconds
[2025-05-03T00:20:39.736+0000] {processor.py:186} INFO - Started process (PID=94) to work on /opt/airflow/dags/wordcount_dag.py
[2025-05-03T00:20:39.736+0000] {processor.py:914} INFO - Processing file /opt/airflow/dags/wordcount_dag.py for tasks to queue
[2025-05-03T00:20:39.737+0000] {logging_mixin.py:190} INFO - [2025-05-03T00:20:39.737+0000] {dagbag.py:588} INFO - Filling up the DagBag from /opt/airflow/dags/wordcount_dag.py
[2025-05-03T00:20:39.892+0000] {processor.py:925} INFO - DAG(s) 'news_dag' retrieved from /opt/airflow/dags/wordcount_dag.py
[2025-05-03T00:20:39.901+0000] {logging_mixin.py:190} INFO - [2025-05-03T00:20:39.901+0000] {dag.py:3239} INFO - Sync 1 DAGs
[2025-05-03T00:20:39.906+0000] {logging_mixin.py:190} INFO - [2025-05-03T00:20:39.906+0000] {dag.py:4180} INFO - Setting next_dagrun for news_dag to None, run_after=None
[2025-05-03T00:20:39.914+0000] {processor.py:208} INFO - Processing /opt/airflow/dags/wordcount_dag.py took 0.182 seconds
[2025-05-03T00:21:10.328+0000] {processor.py:186} INFO - Started process (PID=99) to work on /opt/airflow/dags/wordcount_dag.py
[2025-05-03T00:21:10.329+0000] {processor.py:914} INFO - Processing file /opt/airflow/dags/wordcount_dag.py for tasks to queue
[2025-05-03T00:21:10.329+0000] {logging_mixin.py:190} INFO - [2025-05-03T00:21:10.329+0000] {dagbag.py:588} INFO - Filling up the DagBag from /opt/airflow/dags/wordcount_dag.py
[2025-05-03T00:21:10.470+0000] {processor.py:925} INFO - DAG(s) 'news_dag' retrieved from /opt/airflow/dags/wordcount_dag.py
[2025-05-03T00:21:10.478+0000] {logging_mixin.py:190} INFO - [2025-05-03T00:21:10.478+0000] {dag.py:3239} INFO - Sync 1 DAGs
[2025-05-03T00:21:10.482+0000] {logging_mixin.py:190} INFO - [2025-05-03T00:21:10.482+0000] {dag.py:4180} INFO - Setting next_dagrun for news_dag to None, run_after=None
[2025-05-03T00:21:10.488+0000] {processor.py:208} INFO - Processing /opt/airflow/dags/wordcount_dag.py took 0.163 seconds
[2025-05-03T00:21:41.147+0000] {processor.py:186} INFO - Started process (PID=104) to work on /opt/airflow/dags/wordcount_dag.py
[2025-05-03T00:21:41.148+0000] {processor.py:914} INFO - Processing file /opt/airflow/dags/wordcount_dag.py for tasks to queue
[2025-05-03T00:21:41.149+0000] {logging_mixin.py:190} INFO - [2025-05-03T00:21:41.149+0000] {dagbag.py:588} INFO - Filling up the DagBag from /opt/airflow/dags/wordcount_dag.py
[2025-05-03T00:21:41.289+0000] {processor.py:925} INFO - DAG(s) 'news_dag' retrieved from /opt/airflow/dags/wordcount_dag.py
[2025-05-03T00:21:41.296+0000] {logging_mixin.py:190} INFO - [2025-05-03T00:21:41.295+0000] {dag.py:3239} INFO - Sync 1 DAGs
[2025-05-03T00:21:41.299+0000] {logging_mixin.py:190} INFO - [2025-05-03T00:21:41.299+0000] {dag.py:4180} INFO - Setting next_dagrun for news_dag to None, run_after=None
[2025-05-03T00:21:41.304+0000] {processor.py:208} INFO - Processing /opt/airflow/dags/wordcount_dag.py took 0.160 seconds
[2025-05-03T00:22:11.762+0000] {processor.py:186} INFO - Started process (PID=109) to work on /opt/airflow/dags/wordcount_dag.py
[2025-05-03T00:22:11.763+0000] {processor.py:914} INFO - Processing file /opt/airflow/dags/wordcount_dag.py for tasks to queue
[2025-05-03T00:22:11.763+0000] {logging_mixin.py:190} INFO - [2025-05-03T00:22:11.763+0000] {dagbag.py:588} INFO - Filling up the DagBag from /opt/airflow/dags/wordcount_dag.py
[2025-05-03T00:22:11.893+0000] {processor.py:925} INFO - DAG(s) 'news_dag' retrieved from /opt/airflow/dags/wordcount_dag.py
[2025-05-03T00:22:11.901+0000] {logging_mixin.py:190} INFO - [2025-05-03T00:22:11.900+0000] {dag.py:3239} INFO - Sync 1 DAGs
[2025-05-03T00:22:11.905+0000] {logging_mixin.py:190} INFO - [2025-05-03T00:22:11.905+0000] {dag.py:4180} INFO - Setting next_dagrun for news_dag to None, run_after=None
[2025-05-03T00:22:11.910+0000] {processor.py:208} INFO - Processing /opt/airflow/dags/wordcount_dag.py took 0.150 seconds
[2025-05-03T00:22:42.218+0000] {processor.py:186} INFO - Started process (PID=114) to work on /opt/airflow/dags/wordcount_dag.py
[2025-05-03T00:22:42.218+0000] {processor.py:914} INFO - Processing file /opt/airflow/dags/wordcount_dag.py for tasks to queue
[2025-05-03T00:22:42.219+0000] {logging_mixin.py:190} INFO - [2025-05-03T00:22:42.218+0000] {dagbag.py:588} INFO - Filling up the DagBag from /opt/airflow/dags/wordcount_dag.py
[2025-05-03T00:22:42.354+0000] {processor.py:925} INFO - DAG(s) 'news_dag' retrieved from /opt/airflow/dags/wordcount_dag.py
[2025-05-03T00:22:42.361+0000] {logging_mixin.py:190} INFO - [2025-05-03T00:22:42.361+0000] {dag.py:3239} INFO - Sync 1 DAGs
[2025-05-03T00:22:42.365+0000] {logging_mixin.py:190} INFO - [2025-05-03T00:22:42.365+0000] {dag.py:4180} INFO - Setting next_dagrun for news_dag to None, run_after=None
[2025-05-03T00:22:42.371+0000] {processor.py:208} INFO - Processing /opt/airflow/dags/wordcount_dag.py took 0.156 seconds
[2025-05-03T00:23:51.202+0000] {processor.py:186} INFO - Started process (PID=39) to work on /opt/airflow/dags/wordcount_dag.py
[2025-05-03T00:23:51.203+0000] {processor.py:914} INFO - Processing file /opt/airflow/dags/wordcount_dag.py for tasks to queue
[2025-05-03T00:23:51.203+0000] {logging_mixin.py:190} INFO - [2025-05-03T00:23:51.203+0000] {dagbag.py:588} INFO - Filling up the DagBag from /opt/airflow/dags/wordcount_dag.py
[2025-05-03T00:23:51.446+0000] {processor.py:925} INFO - DAG(s) 'news_dag' retrieved from /opt/airflow/dags/wordcount_dag.py
[2025-05-03T00:23:51.456+0000] {logging_mixin.py:190} INFO - [2025-05-03T00:23:51.455+0000] {dag.py:3239} INFO - Sync 1 DAGs
[2025-05-03T00:23:51.461+0000] {logging_mixin.py:190} INFO - [2025-05-03T00:23:51.461+0000] {dag.py:4180} INFO - Setting next_dagrun for news_dag to None, run_after=None
[2025-05-03T00:23:51.468+0000] {processor.py:208} INFO - Processing /opt/airflow/dags/wordcount_dag.py took 0.270 seconds
[2025-05-03T00:24:21.648+0000] {processor.py:186} INFO - Started process (PID=44) to work on /opt/airflow/dags/wordcount_dag.py
[2025-05-03T00:24:21.649+0000] {processor.py:914} INFO - Processing file /opt/airflow/dags/wordcount_dag.py for tasks to queue
[2025-05-03T00:24:21.649+0000] {logging_mixin.py:190} INFO - [2025-05-03T00:24:21.649+0000] {dagbag.py:588} INFO - Filling up the DagBag from /opt/airflow/dags/wordcount_dag.py
[2025-05-03T00:24:21.802+0000] {processor.py:925} INFO - DAG(s) 'news_dag' retrieved from /opt/airflow/dags/wordcount_dag.py
[2025-05-03T00:24:21.810+0000] {logging_mixin.py:190} INFO - [2025-05-03T00:24:21.810+0000] {dag.py:3239} INFO - Sync 1 DAGs
[2025-05-03T00:24:21.816+0000] {logging_mixin.py:190} INFO - [2025-05-03T00:24:21.815+0000] {dag.py:4180} INFO - Setting next_dagrun for news_dag to None, run_after=None
[2025-05-03T00:24:21.826+0000] {processor.py:208} INFO - Processing /opt/airflow/dags/wordcount_dag.py took 0.180 seconds
[2025-05-03T00:24:52.136+0000] {processor.py:186} INFO - Started process (PID=49) to work on /opt/airflow/dags/wordcount_dag.py
[2025-05-03T00:24:52.136+0000] {processor.py:914} INFO - Processing file /opt/airflow/dags/wordcount_dag.py for tasks to queue
[2025-05-03T00:24:52.137+0000] {logging_mixin.py:190} INFO - [2025-05-03T00:24:52.137+0000] {dagbag.py:588} INFO - Filling up the DagBag from /opt/airflow/dags/wordcount_dag.py
[2025-05-03T00:24:52.286+0000] {processor.py:925} INFO - DAG(s) 'news_dag' retrieved from /opt/airflow/dags/wordcount_dag.py
[2025-05-03T00:24:52.295+0000] {logging_mixin.py:190} INFO - [2025-05-03T00:24:52.295+0000] {dag.py:3239} INFO - Sync 1 DAGs
[2025-05-03T00:24:52.301+0000] {logging_mixin.py:190} INFO - [2025-05-03T00:24:52.301+0000] {dag.py:4180} INFO - Setting next_dagrun for news_dag to None, run_after=None
[2025-05-03T00:24:52.313+0000] {processor.py:208} INFO - Processing /opt/airflow/dags/wordcount_dag.py took 0.181 seconds
[2025-05-03T00:25:22.661+0000] {processor.py:186} INFO - Started process (PID=54) to work on /opt/airflow/dags/wordcount_dag.py
[2025-05-03T00:25:22.662+0000] {processor.py:914} INFO - Processing file /opt/airflow/dags/wordcount_dag.py for tasks to queue
[2025-05-03T00:25:22.662+0000] {logging_mixin.py:190} INFO - [2025-05-03T00:25:22.662+0000] {dagbag.py:588} INFO - Filling up the DagBag from /opt/airflow/dags/wordcount_dag.py
[2025-05-03T00:25:22.804+0000] {processor.py:925} INFO - DAG(s) 'news_dag' retrieved from /opt/airflow/dags/wordcount_dag.py
[2025-05-03T00:25:22.813+0000] {logging_mixin.py:190} INFO - [2025-05-03T00:25:22.813+0000] {dag.py:3239} INFO - Sync 1 DAGs
[2025-05-03T00:25:22.817+0000] {logging_mixin.py:190} INFO - [2025-05-03T00:25:22.817+0000] {dag.py:4180} INFO - Setting next_dagrun for news_dag to None, run_after=None
[2025-05-03T00:25:22.823+0000] {processor.py:208} INFO - Processing /opt/airflow/dags/wordcount_dag.py took 0.164 seconds
[2025-05-03T00:25:53.357+0000] {processor.py:186} INFO - Started process (PID=59) to work on /opt/airflow/dags/wordcount_dag.py
[2025-05-03T00:25:53.357+0000] {processor.py:914} INFO - Processing file /opt/airflow/dags/wordcount_dag.py for tasks to queue
[2025-05-03T00:25:53.358+0000] {logging_mixin.py:190} INFO - [2025-05-03T00:25:53.358+0000] {dagbag.py:588} INFO - Filling up the DagBag from /opt/airflow/dags/wordcount_dag.py
[2025-05-03T00:25:53.487+0000] {processor.py:925} INFO - DAG(s) 'news_dag' retrieved from /opt/airflow/dags/wordcount_dag.py
[2025-05-03T00:25:53.494+0000] {logging_mixin.py:190} INFO - [2025-05-03T00:25:53.494+0000] {dag.py:3239} INFO - Sync 1 DAGs
[2025-05-03T00:25:53.498+0000] {logging_mixin.py:190} INFO - [2025-05-03T00:25:53.498+0000] {dag.py:4180} INFO - Setting next_dagrun for news_dag to None, run_after=None
[2025-05-03T00:25:53.504+0000] {processor.py:208} INFO - Processing /opt/airflow/dags/wordcount_dag.py took 0.151 seconds
[2025-05-03T00:26:23.949+0000] {processor.py:186} INFO - Started process (PID=64) to work on /opt/airflow/dags/wordcount_dag.py
[2025-05-03T00:26:23.949+0000] {processor.py:914} INFO - Processing file /opt/airflow/dags/wordcount_dag.py for tasks to queue
[2025-05-03T00:26:23.949+0000] {logging_mixin.py:190} INFO - [2025-05-03T00:26:23.949+0000] {dagbag.py:588} INFO - Filling up the DagBag from /opt/airflow/dags/wordcount_dag.py
[2025-05-03T00:26:24.083+0000] {processor.py:925} INFO - DAG(s) 'news_dag' retrieved from /opt/airflow/dags/wordcount_dag.py
[2025-05-03T00:26:24.090+0000] {logging_mixin.py:190} INFO - [2025-05-03T00:26:24.089+0000] {dag.py:3239} INFO - Sync 1 DAGs
[2025-05-03T00:26:24.093+0000] {logging_mixin.py:190} INFO - [2025-05-03T00:26:24.093+0000] {dag.py:4180} INFO - Setting next_dagrun for news_dag to None, run_after=None
[2025-05-03T00:26:24.098+0000] {processor.py:208} INFO - Processing /opt/airflow/dags/wordcount_dag.py took 0.152 seconds
[2025-05-03T00:26:54.618+0000] {processor.py:186} INFO - Started process (PID=69) to work on /opt/airflow/dags/wordcount_dag.py
[2025-05-03T00:26:54.619+0000] {processor.py:914} INFO - Processing file /opt/airflow/dags/wordcount_dag.py for tasks to queue
[2025-05-03T00:26:54.619+0000] {logging_mixin.py:190} INFO - [2025-05-03T00:26:54.619+0000] {dagbag.py:588} INFO - Filling up the DagBag from /opt/airflow/dags/wordcount_dag.py
[2025-05-03T00:26:54.779+0000] {processor.py:925} INFO - DAG(s) 'news_dag' retrieved from /opt/airflow/dags/wordcount_dag.py
[2025-05-03T00:26:54.788+0000] {logging_mixin.py:190} INFO - [2025-05-03T00:26:54.788+0000] {dag.py:3239} INFO - Sync 1 DAGs
[2025-05-03T00:26:54.795+0000] {logging_mixin.py:190} INFO - [2025-05-03T00:26:54.794+0000] {dag.py:4180} INFO - Setting next_dagrun for news_dag to None, run_after=None
[2025-05-03T00:26:54.802+0000] {processor.py:208} INFO - Processing /opt/airflow/dags/wordcount_dag.py took 0.187 seconds
[2025-05-03T00:27:25.369+0000] {processor.py:186} INFO - Started process (PID=74) to work on /opt/airflow/dags/wordcount_dag.py
[2025-05-03T00:27:25.370+0000] {processor.py:914} INFO - Processing file /opt/airflow/dags/wordcount_dag.py for tasks to queue
[2025-05-03T00:27:25.370+0000] {logging_mixin.py:190} INFO - [2025-05-03T00:27:25.370+0000] {dagbag.py:588} INFO - Filling up the DagBag from /opt/airflow/dags/wordcount_dag.py
[2025-05-03T00:27:25.513+0000] {processor.py:925} INFO - DAG(s) 'news_dag' retrieved from /opt/airflow/dags/wordcount_dag.py
[2025-05-03T00:27:25.522+0000] {logging_mixin.py:190} INFO - [2025-05-03T00:27:25.522+0000] {dag.py:3239} INFO - Sync 1 DAGs
[2025-05-03T00:27:25.526+0000] {logging_mixin.py:190} INFO - [2025-05-03T00:27:25.526+0000] {dag.py:4180} INFO - Setting next_dagrun for news_dag to None, run_after=None
[2025-05-03T00:27:25.533+0000] {processor.py:208} INFO - Processing /opt/airflow/dags/wordcount_dag.py took 0.166 seconds
[2025-05-03T00:27:56.145+0000] {processor.py:186} INFO - Started process (PID=79) to work on /opt/airflow/dags/wordcount_dag.py
[2025-05-03T00:27:56.145+0000] {processor.py:914} INFO - Processing file /opt/airflow/dags/wordcount_dag.py for tasks to queue
[2025-05-03T00:27:56.146+0000] {logging_mixin.py:190} INFO - [2025-05-03T00:27:56.146+0000] {dagbag.py:588} INFO - Filling up the DagBag from /opt/airflow/dags/wordcount_dag.py
[2025-05-03T00:27:56.307+0000] {processor.py:925} INFO - DAG(s) 'news_dag' retrieved from /opt/airflow/dags/wordcount_dag.py
[2025-05-03T00:27:56.316+0000] {logging_mixin.py:190} INFO - [2025-05-03T00:27:56.316+0000] {dag.py:3239} INFO - Sync 1 DAGs
[2025-05-03T00:27:56.322+0000] {logging_mixin.py:190} INFO - [2025-05-03T00:27:56.322+0000] {dag.py:4180} INFO - Setting next_dagrun for news_dag to None, run_after=None
[2025-05-03T00:27:56.329+0000] {processor.py:208} INFO - Processing /opt/airflow/dags/wordcount_dag.py took 0.187 seconds
[2025-05-03T00:28:26.658+0000] {processor.py:186} INFO - Started process (PID=84) to work on /opt/airflow/dags/wordcount_dag.py
[2025-05-03T00:28:26.658+0000] {processor.py:914} INFO - Processing file /opt/airflow/dags/wordcount_dag.py for tasks to queue
[2025-05-03T00:28:26.658+0000] {logging_mixin.py:190} INFO - [2025-05-03T00:28:26.658+0000] {dagbag.py:588} INFO - Filling up the DagBag from /opt/airflow/dags/wordcount_dag.py
[2025-05-03T00:28:26.797+0000] {processor.py:925} INFO - DAG(s) 'news_dag' retrieved from /opt/airflow/dags/wordcount_dag.py
[2025-05-03T00:28:26.805+0000] {logging_mixin.py:190} INFO - [2025-05-03T00:28:26.804+0000] {dag.py:3239} INFO - Sync 1 DAGs
[2025-05-03T00:28:26.809+0000] {logging_mixin.py:190} INFO - [2025-05-03T00:28:26.809+0000] {dag.py:4180} INFO - Setting next_dagrun for news_dag to None, run_after=None
[2025-05-03T00:28:26.818+0000] {processor.py:208} INFO - Processing /opt/airflow/dags/wordcount_dag.py took 0.164 seconds
[2025-05-03T00:29:28.222+0000] {processor.py:186} INFO - Started process (PID=39) to work on /opt/airflow/dags/wordcount_dag.py
[2025-05-03T00:29:28.222+0000] {processor.py:914} INFO - Processing file /opt/airflow/dags/wordcount_dag.py for tasks to queue
[2025-05-03T00:29:28.223+0000] {logging_mixin.py:190} INFO - [2025-05-03T00:29:28.223+0000] {dagbag.py:588} INFO - Filling up the DagBag from /opt/airflow/dags/wordcount_dag.py
[2025-05-03T00:29:28.450+0000] {processor.py:925} INFO - DAG(s) 'news_dag' retrieved from /opt/airflow/dags/wordcount_dag.py
[2025-05-03T00:29:28.459+0000] {logging_mixin.py:190} INFO - [2025-05-03T00:29:28.458+0000] {dag.py:3239} INFO - Sync 1 DAGs
[2025-05-03T00:29:28.464+0000] {logging_mixin.py:190} INFO - [2025-05-03T00:29:28.464+0000] {dag.py:4180} INFO - Setting next_dagrun for news_dag to None, run_after=None
[2025-05-03T00:29:28.470+0000] {processor.py:208} INFO - Processing /opt/airflow/dags/wordcount_dag.py took 0.252 seconds
[2025-05-03T00:29:58.933+0000] {processor.py:186} INFO - Started process (PID=44) to work on /opt/airflow/dags/wordcount_dag.py
[2025-05-03T00:29:58.934+0000] {processor.py:914} INFO - Processing file /opt/airflow/dags/wordcount_dag.py for tasks to queue
[2025-05-03T00:29:58.935+0000] {logging_mixin.py:190} INFO - [2025-05-03T00:29:58.934+0000] {dagbag.py:588} INFO - Filling up the DagBag from /opt/airflow/dags/wordcount_dag.py
[2025-05-03T00:29:59.111+0000] {processor.py:925} INFO - DAG(s) 'news_dag' retrieved from /opt/airflow/dags/wordcount_dag.py
[2025-05-03T00:29:59.122+0000] {logging_mixin.py:190} INFO - [2025-05-03T00:29:59.121+0000] {dag.py:3239} INFO - Sync 1 DAGs
[2025-05-03T00:29:59.127+0000] {logging_mixin.py:190} INFO - [2025-05-03T00:29:59.127+0000] {dag.py:4180} INFO - Setting next_dagrun for news_dag to None, run_after=None
[2025-05-03T00:29:59.135+0000] {processor.py:208} INFO - Processing /opt/airflow/dags/wordcount_dag.py took 0.206 seconds
[2025-05-03T00:30:29.480+0000] {processor.py:186} INFO - Started process (PID=49) to work on /opt/airflow/dags/wordcount_dag.py
[2025-05-03T00:30:29.481+0000] {processor.py:914} INFO - Processing file /opt/airflow/dags/wordcount_dag.py for tasks to queue
[2025-05-03T00:30:29.481+0000] {logging_mixin.py:190} INFO - [2025-05-03T00:30:29.481+0000] {dagbag.py:588} INFO - Filling up the DagBag from /opt/airflow/dags/wordcount_dag.py
[2025-05-03T00:30:29.619+0000] {processor.py:925} INFO - DAG(s) 'news_dag' retrieved from /opt/airflow/dags/wordcount_dag.py
[2025-05-03T00:30:29.627+0000] {logging_mixin.py:190} INFO - [2025-05-03T00:30:29.627+0000] {dag.py:3239} INFO - Sync 1 DAGs
[2025-05-03T00:30:29.631+0000] {logging_mixin.py:190} INFO - [2025-05-03T00:30:29.631+0000] {dag.py:4180} INFO - Setting next_dagrun for news_dag to None, run_after=None
[2025-05-03T00:30:29.638+0000] {processor.py:208} INFO - Processing /opt/airflow/dags/wordcount_dag.py took 0.160 seconds
[2025-05-03T00:31:00.089+0000] {processor.py:186} INFO - Started process (PID=54) to work on /opt/airflow/dags/wordcount_dag.py
[2025-05-03T00:31:00.089+0000] {processor.py:914} INFO - Processing file /opt/airflow/dags/wordcount_dag.py for tasks to queue
[2025-05-03T00:31:00.090+0000] {logging_mixin.py:190} INFO - [2025-05-03T00:31:00.089+0000] {dagbag.py:588} INFO - Filling up the DagBag from /opt/airflow/dags/wordcount_dag.py
[2025-05-03T00:31:00.223+0000] {processor.py:925} INFO - DAG(s) 'news_dag' retrieved from /opt/airflow/dags/wordcount_dag.py
[2025-05-03T00:31:00.231+0000] {logging_mixin.py:190} INFO - [2025-05-03T00:31:00.230+0000] {dag.py:3239} INFO - Sync 1 DAGs
[2025-05-03T00:31:00.235+0000] {logging_mixin.py:190} INFO - [2025-05-03T00:31:00.235+0000] {dag.py:4180} INFO - Setting next_dagrun for news_dag to None, run_after=None
[2025-05-03T00:31:00.240+0000] {processor.py:208} INFO - Processing /opt/airflow/dags/wordcount_dag.py took 0.154 seconds
[2025-05-03T00:31:30.572+0000] {processor.py:186} INFO - Started process (PID=59) to work on /opt/airflow/dags/wordcount_dag.py
[2025-05-03T00:31:30.573+0000] {processor.py:914} INFO - Processing file /opt/airflow/dags/wordcount_dag.py for tasks to queue
[2025-05-03T00:31:30.573+0000] {logging_mixin.py:190} INFO - [2025-05-03T00:31:30.573+0000] {dagbag.py:588} INFO - Filling up the DagBag from /opt/airflow/dags/wordcount_dag.py
[2025-05-03T00:31:30.711+0000] {processor.py:925} INFO - DAG(s) 'news_dag' retrieved from /opt/airflow/dags/wordcount_dag.py
[2025-05-03T00:31:30.718+0000] {logging_mixin.py:190} INFO - [2025-05-03T00:31:30.718+0000] {dag.py:3239} INFO - Sync 1 DAGs
[2025-05-03T00:31:30.722+0000] {logging_mixin.py:190} INFO - [2025-05-03T00:31:30.722+0000] {dag.py:4180} INFO - Setting next_dagrun for news_dag to None, run_after=None
[2025-05-03T00:31:30.728+0000] {processor.py:208} INFO - Processing /opt/airflow/dags/wordcount_dag.py took 0.158 seconds
[2025-05-03T00:32:01.107+0000] {processor.py:186} INFO - Started process (PID=64) to work on /opt/airflow/dags/wordcount_dag.py
[2025-05-03T00:32:01.108+0000] {processor.py:914} INFO - Processing file /opt/airflow/dags/wordcount_dag.py for tasks to queue
[2025-05-03T00:32:01.109+0000] {logging_mixin.py:190} INFO - [2025-05-03T00:32:01.108+0000] {dagbag.py:588} INFO - Filling up the DagBag from /opt/airflow/dags/wordcount_dag.py
[2025-05-03T00:32:01.249+0000] {processor.py:925} INFO - DAG(s) 'news_dag' retrieved from /opt/airflow/dags/wordcount_dag.py
[2025-05-03T00:32:01.257+0000] {logging_mixin.py:190} INFO - [2025-05-03T00:32:01.257+0000] {dag.py:3239} INFO - Sync 1 DAGs
[2025-05-03T00:32:01.262+0000] {logging_mixin.py:190} INFO - [2025-05-03T00:32:01.262+0000] {dag.py:4180} INFO - Setting next_dagrun for news_dag to None, run_after=None
[2025-05-03T00:32:01.269+0000] {processor.py:208} INFO - Processing /opt/airflow/dags/wordcount_dag.py took 0.165 seconds
[2025-05-03T00:32:31.781+0000] {processor.py:186} INFO - Started process (PID=69) to work on /opt/airflow/dags/wordcount_dag.py
[2025-05-03T00:32:31.782+0000] {processor.py:914} INFO - Processing file /opt/airflow/dags/wordcount_dag.py for tasks to queue
[2025-05-03T00:32:31.782+0000] {logging_mixin.py:190} INFO - [2025-05-03T00:32:31.782+0000] {dagbag.py:588} INFO - Filling up the DagBag from /opt/airflow/dags/wordcount_dag.py
[2025-05-03T00:32:31.917+0000] {processor.py:925} INFO - DAG(s) 'news_dag' retrieved from /opt/airflow/dags/wordcount_dag.py
[2025-05-03T00:32:31.924+0000] {logging_mixin.py:190} INFO - [2025-05-03T00:32:31.924+0000] {dag.py:3239} INFO - Sync 1 DAGs
[2025-05-03T00:32:31.929+0000] {logging_mixin.py:190} INFO - [2025-05-03T00:32:31.928+0000] {dag.py:4180} INFO - Setting next_dagrun for news_dag to None, run_after=None
[2025-05-03T00:32:31.934+0000] {processor.py:208} INFO - Processing /opt/airflow/dags/wordcount_dag.py took 0.156 seconds
[2025-05-03T00:33:02.688+0000] {processor.py:186} INFO - Started process (PID=74) to work on /opt/airflow/dags/wordcount_dag.py
[2025-05-03T00:33:02.689+0000] {processor.py:914} INFO - Processing file /opt/airflow/dags/wordcount_dag.py for tasks to queue
[2025-05-03T00:33:02.690+0000] {logging_mixin.py:190} INFO - [2025-05-03T00:33:02.690+0000] {dagbag.py:588} INFO - Filling up the DagBag from /opt/airflow/dags/wordcount_dag.py
[2025-05-03T00:33:02.823+0000] {processor.py:925} INFO - DAG(s) 'news_dag' retrieved from /opt/airflow/dags/wordcount_dag.py
[2025-05-03T00:33:02.831+0000] {logging_mixin.py:190} INFO - [2025-05-03T00:33:02.831+0000] {dag.py:3239} INFO - Sync 1 DAGs
[2025-05-03T00:33:02.835+0000] {logging_mixin.py:190} INFO - [2025-05-03T00:33:02.835+0000] {dag.py:4180} INFO - Setting next_dagrun for news_dag to None, run_after=None
[2025-05-03T00:33:02.841+0000] {processor.py:208} INFO - Processing /opt/airflow/dags/wordcount_dag.py took 0.155 seconds
[2025-05-03T00:33:33.266+0000] {processor.py:186} INFO - Started process (PID=79) to work on /opt/airflow/dags/wordcount_dag.py
[2025-05-03T00:33:33.267+0000] {processor.py:914} INFO - Processing file /opt/airflow/dags/wordcount_dag.py for tasks to queue
[2025-05-03T00:33:33.267+0000] {logging_mixin.py:190} INFO - [2025-05-03T00:33:33.267+0000] {dagbag.py:588} INFO - Filling up the DagBag from /opt/airflow/dags/wordcount_dag.py
[2025-05-03T00:33:33.401+0000] {processor.py:925} INFO - DAG(s) 'news_dag' retrieved from /opt/airflow/dags/wordcount_dag.py
[2025-05-03T00:33:33.409+0000] {logging_mixin.py:190} INFO - [2025-05-03T00:33:33.409+0000] {dag.py:3239} INFO - Sync 1 DAGs
[2025-05-03T00:33:33.413+0000] {logging_mixin.py:190} INFO - [2025-05-03T00:33:33.413+0000] {dag.py:4180} INFO - Setting next_dagrun for news_dag to None, run_after=None
[2025-05-03T00:33:33.419+0000] {processor.py:208} INFO - Processing /opt/airflow/dags/wordcount_dag.py took 0.156 seconds
[2025-05-03T00:34:03.917+0000] {processor.py:186} INFO - Started process (PID=84) to work on /opt/airflow/dags/wordcount_dag.py
[2025-05-03T00:34:03.917+0000] {processor.py:914} INFO - Processing file /opt/airflow/dags/wordcount_dag.py for tasks to queue
[2025-05-03T00:34:03.918+0000] {logging_mixin.py:190} INFO - [2025-05-03T00:34:03.918+0000] {dagbag.py:588} INFO - Filling up the DagBag from /opt/airflow/dags/wordcount_dag.py
[2025-05-03T00:34:04.050+0000] {processor.py:925} INFO - DAG(s) 'news_dag' retrieved from /opt/airflow/dags/wordcount_dag.py
[2025-05-03T00:34:04.059+0000] {logging_mixin.py:190} INFO - [2025-05-03T00:34:04.059+0000] {dag.py:3239} INFO - Sync 1 DAGs
[2025-05-03T00:34:04.063+0000] {logging_mixin.py:190} INFO - [2025-05-03T00:34:04.063+0000] {dag.py:4180} INFO - Setting next_dagrun for news_dag to None, run_after=None
[2025-05-03T00:34:04.069+0000] {processor.py:208} INFO - Processing /opt/airflow/dags/wordcount_dag.py took 0.155 seconds
[2025-05-03T00:35:04.277+0000] {processor.py:186} INFO - Started process (PID=39) to work on /opt/airflow/dags/wordcount_dag.py
[2025-05-03T00:35:04.278+0000] {processor.py:914} INFO - Processing file /opt/airflow/dags/wordcount_dag.py for tasks to queue
[2025-05-03T00:35:04.278+0000] {logging_mixin.py:190} INFO - [2025-05-03T00:35:04.278+0000] {dagbag.py:588} INFO - Filling up the DagBag from /opt/airflow/dags/wordcount_dag.py
[2025-05-03T00:35:04.521+0000] {processor.py:925} INFO - DAG(s) 'news_dag' retrieved from /opt/airflow/dags/wordcount_dag.py
[2025-05-03T00:35:04.530+0000] {logging_mixin.py:190} INFO - [2025-05-03T00:35:04.529+0000] {dag.py:3239} INFO - Sync 1 DAGs
[2025-05-03T00:35:04.536+0000] {logging_mixin.py:190} INFO - [2025-05-03T00:35:04.536+0000] {dag.py:4180} INFO - Setting next_dagrun for news_dag to None, run_after=None
[2025-05-03T00:35:04.542+0000] {processor.py:208} INFO - Processing /opt/airflow/dags/wordcount_dag.py took 0.268 seconds
[2025-05-03T00:35:34.912+0000] {processor.py:186} INFO - Started process (PID=44) to work on /opt/airflow/dags/wordcount_dag.py
[2025-05-03T00:35:34.912+0000] {processor.py:914} INFO - Processing file /opt/airflow/dags/wordcount_dag.py for tasks to queue
[2025-05-03T00:35:34.913+0000] {logging_mixin.py:190} INFO - [2025-05-03T00:35:34.913+0000] {dagbag.py:588} INFO - Filling up the DagBag from /opt/airflow/dags/wordcount_dag.py
[2025-05-03T00:35:35.051+0000] {processor.py:925} INFO - DAG(s) 'news_dag' retrieved from /opt/airflow/dags/wordcount_dag.py
[2025-05-03T00:35:35.058+0000] {logging_mixin.py:190} INFO - [2025-05-03T00:35:35.058+0000] {dag.py:3239} INFO - Sync 1 DAGs
[2025-05-03T00:35:35.063+0000] {logging_mixin.py:190} INFO - [2025-05-03T00:35:35.062+0000] {dag.py:4180} INFO - Setting next_dagrun for news_dag to None, run_after=None
[2025-05-03T00:35:35.072+0000] {processor.py:208} INFO - Processing /opt/airflow/dags/wordcount_dag.py took 0.163 seconds
[2025-05-03T00:36:05.518+0000] {processor.py:186} INFO - Started process (PID=49) to work on /opt/airflow/dags/wordcount_dag.py
[2025-05-03T00:36:05.519+0000] {processor.py:914} INFO - Processing file /opt/airflow/dags/wordcount_dag.py for tasks to queue
[2025-05-03T00:36:05.520+0000] {logging_mixin.py:190} INFO - [2025-05-03T00:36:05.519+0000] {dagbag.py:588} INFO - Filling up the DagBag from /opt/airflow/dags/wordcount_dag.py
[2025-05-03T00:36:05.651+0000] {processor.py:925} INFO - DAG(s) 'news_dag' retrieved from /opt/airflow/dags/wordcount_dag.py
[2025-05-03T00:36:05.658+0000] {logging_mixin.py:190} INFO - [2025-05-03T00:36:05.658+0000] {dag.py:3239} INFO - Sync 1 DAGs
[2025-05-03T00:36:05.663+0000] {logging_mixin.py:190} INFO - [2025-05-03T00:36:05.663+0000] {dag.py:4180} INFO - Setting next_dagrun for news_dag to None, run_after=None
[2025-05-03T00:36:05.668+0000] {processor.py:208} INFO - Processing /opt/airflow/dags/wordcount_dag.py took 0.152 seconds
[2025-05-03T00:36:36.033+0000] {processor.py:186} INFO - Started process (PID=54) to work on /opt/airflow/dags/wordcount_dag.py
[2025-05-03T00:36:36.033+0000] {processor.py:914} INFO - Processing file /opt/airflow/dags/wordcount_dag.py for tasks to queue
[2025-05-03T00:36:36.033+0000] {logging_mixin.py:190} INFO - [2025-05-03T00:36:36.033+0000] {dagbag.py:588} INFO - Filling up the DagBag from /opt/airflow/dags/wordcount_dag.py
[2025-05-03T00:36:36.164+0000] {processor.py:925} INFO - DAG(s) 'news_dag' retrieved from /opt/airflow/dags/wordcount_dag.py
[2025-05-03T00:36:36.171+0000] {logging_mixin.py:190} INFO - [2025-05-03T00:36:36.171+0000] {dag.py:3239} INFO - Sync 1 DAGs
[2025-05-03T00:36:36.175+0000] {logging_mixin.py:190} INFO - [2025-05-03T00:36:36.175+0000] {dag.py:4180} INFO - Setting next_dagrun for news_dag to None, run_after=None
[2025-05-03T00:36:36.180+0000] {processor.py:208} INFO - Processing /opt/airflow/dags/wordcount_dag.py took 0.149 seconds
[2025-05-03T00:37:06.642+0000] {processor.py:186} INFO - Started process (PID=59) to work on /opt/airflow/dags/wordcount_dag.py
[2025-05-03T00:37:06.643+0000] {processor.py:914} INFO - Processing file /opt/airflow/dags/wordcount_dag.py for tasks to queue
[2025-05-03T00:37:06.643+0000] {logging_mixin.py:190} INFO - [2025-05-03T00:37:06.643+0000] {dagbag.py:588} INFO - Filling up the DagBag from /opt/airflow/dags/wordcount_dag.py
[2025-05-03T00:37:06.778+0000] {processor.py:925} INFO - DAG(s) 'news_dag' retrieved from /opt/airflow/dags/wordcount_dag.py
[2025-05-03T00:37:06.786+0000] {logging_mixin.py:190} INFO - [2025-05-03T00:37:06.785+0000] {dag.py:3239} INFO - Sync 1 DAGs
[2025-05-03T00:37:06.790+0000] {logging_mixin.py:190} INFO - [2025-05-03T00:37:06.790+0000] {dag.py:4180} INFO - Setting next_dagrun for news_dag to None, run_after=None
[2025-05-03T00:37:06.796+0000] {processor.py:208} INFO - Processing /opt/airflow/dags/wordcount_dag.py took 0.157 seconds
[2025-05-03T00:37:37.240+0000] {processor.py:186} INFO - Started process (PID=64) to work on /opt/airflow/dags/wordcount_dag.py
[2025-05-03T00:37:37.240+0000] {processor.py:914} INFO - Processing file /opt/airflow/dags/wordcount_dag.py for tasks to queue
[2025-05-03T00:37:37.241+0000] {logging_mixin.py:190} INFO - [2025-05-03T00:37:37.241+0000] {dagbag.py:588} INFO - Filling up the DagBag from /opt/airflow/dags/wordcount_dag.py
[2025-05-03T00:37:37.378+0000] {processor.py:925} INFO - DAG(s) 'news_dag' retrieved from /opt/airflow/dags/wordcount_dag.py
[2025-05-03T00:37:37.385+0000] {logging_mixin.py:190} INFO - [2025-05-03T00:37:37.384+0000] {dag.py:3239} INFO - Sync 1 DAGs
[2025-05-03T00:37:37.389+0000] {logging_mixin.py:190} INFO - [2025-05-03T00:37:37.389+0000] {dag.py:4180} INFO - Setting next_dagrun for news_dag to None, run_after=None
[2025-05-03T00:37:37.394+0000] {processor.py:208} INFO - Processing /opt/airflow/dags/wordcount_dag.py took 0.157 seconds
[2025-05-03T00:38:08.859+0000] {processor.py:186} INFO - Started process (PID=69) to work on /opt/airflow/dags/wordcount_dag.py
[2025-05-03T00:38:08.859+0000] {processor.py:914} INFO - Processing file /opt/airflow/dags/wordcount_dag.py for tasks to queue
[2025-05-03T00:38:08.860+0000] {logging_mixin.py:190} INFO - [2025-05-03T00:38:08.860+0000] {dagbag.py:588} INFO - Filling up the DagBag from /opt/airflow/dags/wordcount_dag.py
[2025-05-03T00:38:08.989+0000] {processor.py:925} INFO - DAG(s) 'news_dag' retrieved from /opt/airflow/dags/wordcount_dag.py
[2025-05-03T00:38:08.996+0000] {logging_mixin.py:190} INFO - [2025-05-03T00:38:08.996+0000] {dag.py:3239} INFO - Sync 1 DAGs
[2025-05-03T00:38:09.001+0000] {logging_mixin.py:190} INFO - [2025-05-03T00:38:09.001+0000] {dag.py:4180} INFO - Setting next_dagrun for news_dag to None, run_after=None
[2025-05-03T00:38:09.007+0000] {processor.py:208} INFO - Processing /opt/airflow/dags/wordcount_dag.py took 0.151 seconds
[2025-05-03T00:42:22.062+0000] {processor.py:186} INFO - Started process (PID=39) to work on /opt/airflow/dags/wordcount_dag.py
[2025-05-03T00:42:22.068+0000] {processor.py:914} INFO - Processing file /opt/airflow/dags/wordcount_dag.py for tasks to queue
[2025-05-03T00:42:22.069+0000] {logging_mixin.py:190} INFO - [2025-05-03T00:42:22.068+0000] {dagbag.py:588} INFO - Filling up the DagBag from /opt/airflow/dags/wordcount_dag.py
[2025-05-03T00:42:22.309+0000] {processor.py:925} INFO - DAG(s) 'news_dag' retrieved from /opt/airflow/dags/wordcount_dag.py
[2025-05-03T00:42:22.319+0000] {logging_mixin.py:190} INFO - [2025-05-03T00:42:22.319+0000] {dag.py:3239} INFO - Sync 1 DAGs
[2025-05-03T00:42:22.327+0000] {logging_mixin.py:190} INFO - [2025-05-03T00:42:22.327+0000] {dag.py:4180} INFO - Setting next_dagrun for news_dag to None, run_after=None
[2025-05-03T00:42:22.335+0000] {processor.py:208} INFO - Processing /opt/airflow/dags/wordcount_dag.py took 0.275 seconds
[2025-05-03T00:42:52.506+0000] {processor.py:186} INFO - Started process (PID=44) to work on /opt/airflow/dags/wordcount_dag.py
[2025-05-03T00:42:52.507+0000] {processor.py:914} INFO - Processing file /opt/airflow/dags/wordcount_dag.py for tasks to queue
[2025-05-03T00:42:52.507+0000] {logging_mixin.py:190} INFO - [2025-05-03T00:42:52.507+0000] {dagbag.py:588} INFO - Filling up the DagBag from /opt/airflow/dags/wordcount_dag.py
[2025-05-03T00:42:52.687+0000] {processor.py:925} INFO - DAG(s) 'news_dag' retrieved from /opt/airflow/dags/wordcount_dag.py
[2025-05-03T00:42:52.695+0000] {logging_mixin.py:190} INFO - [2025-05-03T00:42:52.695+0000] {dag.py:3239} INFO - Sync 1 DAGs
[2025-05-03T00:42:52.700+0000] {logging_mixin.py:190} INFO - [2025-05-03T00:42:52.700+0000] {dag.py:4180} INFO - Setting next_dagrun for news_dag to None, run_after=None
[2025-05-03T00:42:52.705+0000] {processor.py:208} INFO - Processing /opt/airflow/dags/wordcount_dag.py took 0.202 seconds
[2025-05-03T00:43:23.055+0000] {processor.py:186} INFO - Started process (PID=49) to work on /opt/airflow/dags/wordcount_dag.py
[2025-05-03T00:43:23.056+0000] {processor.py:914} INFO - Processing file /opt/airflow/dags/wordcount_dag.py for tasks to queue
[2025-05-03T00:43:23.056+0000] {logging_mixin.py:190} INFO - [2025-05-03T00:43:23.056+0000] {dagbag.py:588} INFO - Filling up the DagBag from /opt/airflow/dags/wordcount_dag.py
[2025-05-03T00:43:23.204+0000] {processor.py:925} INFO - DAG(s) 'news_dag' retrieved from /opt/airflow/dags/wordcount_dag.py
[2025-05-03T00:43:23.212+0000] {logging_mixin.py:190} INFO - [2025-05-03T00:43:23.211+0000] {dag.py:3239} INFO - Sync 1 DAGs
[2025-05-03T00:43:23.216+0000] {logging_mixin.py:190} INFO - [2025-05-03T00:43:23.216+0000] {dag.py:4180} INFO - Setting next_dagrun for news_dag to None, run_after=None
[2025-05-03T00:43:23.222+0000] {processor.py:208} INFO - Processing /opt/airflow/dags/wordcount_dag.py took 0.170 seconds
[2025-05-03T00:43:53.707+0000] {processor.py:186} INFO - Started process (PID=54) to work on /opt/airflow/dags/wordcount_dag.py
[2025-05-03T00:43:53.708+0000] {processor.py:914} INFO - Processing file /opt/airflow/dags/wordcount_dag.py for tasks to queue
[2025-05-03T00:43:53.708+0000] {logging_mixin.py:190} INFO - [2025-05-03T00:43:53.708+0000] {dagbag.py:588} INFO - Filling up the DagBag from /opt/airflow/dags/wordcount_dag.py
[2025-05-03T00:43:53.837+0000] {processor.py:925} INFO - DAG(s) 'news_dag' retrieved from /opt/airflow/dags/wordcount_dag.py
[2025-05-03T00:43:53.844+0000] {logging_mixin.py:190} INFO - [2025-05-03T00:43:53.844+0000] {dag.py:3239} INFO - Sync 1 DAGs
[2025-05-03T00:43:53.848+0000] {logging_mixin.py:190} INFO - [2025-05-03T00:43:53.848+0000] {dag.py:4180} INFO - Setting next_dagrun for news_dag to None, run_after=None
[2025-05-03T00:43:53.852+0000] {processor.py:208} INFO - Processing /opt/airflow/dags/wordcount_dag.py took 0.147 seconds
[2025-05-03T00:44:24.175+0000] {processor.py:186} INFO - Started process (PID=59) to work on /opt/airflow/dags/wordcount_dag.py
[2025-05-03T00:44:24.176+0000] {processor.py:914} INFO - Processing file /opt/airflow/dags/wordcount_dag.py for tasks to queue
[2025-05-03T00:44:24.176+0000] {logging_mixin.py:190} INFO - [2025-05-03T00:44:24.176+0000] {dagbag.py:588} INFO - Filling up the DagBag from /opt/airflow/dags/wordcount_dag.py
[2025-05-03T00:44:24.310+0000] {processor.py:925} INFO - DAG(s) 'news_dag' retrieved from /opt/airflow/dags/wordcount_dag.py
[2025-05-03T00:44:24.318+0000] {logging_mixin.py:190} INFO - [2025-05-03T00:44:24.318+0000] {dag.py:3239} INFO - Sync 1 DAGs
[2025-05-03T00:44:24.322+0000] {logging_mixin.py:190} INFO - [2025-05-03T00:44:24.322+0000] {dag.py:4180} INFO - Setting next_dagrun for news_dag to None, run_after=None
[2025-05-03T00:44:24.327+0000] {processor.py:208} INFO - Processing /opt/airflow/dags/wordcount_dag.py took 0.154 seconds
[2025-05-03T00:44:54.809+0000] {processor.py:186} INFO - Started process (PID=64) to work on /opt/airflow/dags/wordcount_dag.py
[2025-05-03T00:44:54.810+0000] {processor.py:914} INFO - Processing file /opt/airflow/dags/wordcount_dag.py for tasks to queue
[2025-05-03T00:44:54.810+0000] {logging_mixin.py:190} INFO - [2025-05-03T00:44:54.810+0000] {dagbag.py:588} INFO - Filling up the DagBag from /opt/airflow/dags/wordcount_dag.py
[2025-05-03T00:44:54.960+0000] {processor.py:925} INFO - DAG(s) 'news_dag' retrieved from /opt/airflow/dags/wordcount_dag.py
[2025-05-03T00:44:54.968+0000] {logging_mixin.py:190} INFO - [2025-05-03T00:44:54.968+0000] {dag.py:3239} INFO - Sync 1 DAGs
[2025-05-03T00:44:54.972+0000] {logging_mixin.py:190} INFO - [2025-05-03T00:44:54.972+0000] {dag.py:4180} INFO - Setting next_dagrun for news_dag to None, run_after=None
[2025-05-03T00:44:54.978+0000] {processor.py:208} INFO - Processing /opt/airflow/dags/wordcount_dag.py took 0.172 seconds
[2025-05-03T00:45:25.547+0000] {processor.py:186} INFO - Started process (PID=69) to work on /opt/airflow/dags/wordcount_dag.py
[2025-05-03T00:45:25.547+0000] {processor.py:914} INFO - Processing file /opt/airflow/dags/wordcount_dag.py for tasks to queue
[2025-05-03T00:45:25.548+0000] {logging_mixin.py:190} INFO - [2025-05-03T00:45:25.548+0000] {dagbag.py:588} INFO - Filling up the DagBag from /opt/airflow/dags/wordcount_dag.py
[2025-05-03T00:45:25.696+0000] {processor.py:925} INFO - DAG(s) 'news_dag' retrieved from /opt/airflow/dags/wordcount_dag.py
[2025-05-03T00:45:25.704+0000] {logging_mixin.py:190} INFO - [2025-05-03T00:45:25.704+0000] {dag.py:3239} INFO - Sync 1 DAGs
[2025-05-03T00:45:25.709+0000] {logging_mixin.py:190} INFO - [2025-05-03T00:45:25.709+0000] {dag.py:4180} INFO - Setting next_dagrun for news_dag to None, run_after=None
[2025-05-03T00:45:25.716+0000] {processor.py:208} INFO - Processing /opt/airflow/dags/wordcount_dag.py took 0.172 seconds
[2025-05-03T00:45:56.347+0000] {processor.py:186} INFO - Started process (PID=74) to work on /opt/airflow/dags/wordcount_dag.py
[2025-05-03T00:45:56.347+0000] {processor.py:914} INFO - Processing file /opt/airflow/dags/wordcount_dag.py for tasks to queue
[2025-05-03T00:45:56.348+0000] {logging_mixin.py:190} INFO - [2025-05-03T00:45:56.348+0000] {dagbag.py:588} INFO - Filling up the DagBag from /opt/airflow/dags/wordcount_dag.py
[2025-05-03T00:45:56.483+0000] {processor.py:925} INFO - DAG(s) 'news_dag' retrieved from /opt/airflow/dags/wordcount_dag.py
[2025-05-03T00:45:56.491+0000] {logging_mixin.py:190} INFO - [2025-05-03T00:45:56.491+0000] {dag.py:3239} INFO - Sync 1 DAGs
[2025-05-03T00:45:56.495+0000] {logging_mixin.py:190} INFO - [2025-05-03T00:45:56.495+0000] {dag.py:4180} INFO - Setting next_dagrun for news_dag to None, run_after=None
[2025-05-03T00:45:56.501+0000] {processor.py:208} INFO - Processing /opt/airflow/dags/wordcount_dag.py took 0.157 seconds
[2025-05-03T00:46:27.306+0000] {processor.py:186} INFO - Started process (PID=79) to work on /opt/airflow/dags/wordcount_dag.py
[2025-05-03T00:46:27.306+0000] {processor.py:914} INFO - Processing file /opt/airflow/dags/wordcount_dag.py for tasks to queue
[2025-05-03T00:46:27.307+0000] {logging_mixin.py:190} INFO - [2025-05-03T00:46:27.307+0000] {dagbag.py:588} INFO - Filling up the DagBag from /opt/airflow/dags/wordcount_dag.py
[2025-05-03T00:46:27.432+0000] {processor.py:925} INFO - DAG(s) 'news_dag' retrieved from /opt/airflow/dags/wordcount_dag.py
[2025-05-03T00:46:27.439+0000] {logging_mixin.py:190} INFO - [2025-05-03T00:46:27.439+0000] {dag.py:3239} INFO - Sync 1 DAGs
[2025-05-03T00:46:27.443+0000] {logging_mixin.py:190} INFO - [2025-05-03T00:46:27.443+0000] {dag.py:4180} INFO - Setting next_dagrun for news_dag to None, run_after=None
[2025-05-03T00:46:27.447+0000] {processor.py:208} INFO - Processing /opt/airflow/dags/wordcount_dag.py took 0.144 seconds
[2025-05-03T00:46:57.926+0000] {processor.py:186} INFO - Started process (PID=84) to work on /opt/airflow/dags/wordcount_dag.py
[2025-05-03T00:46:57.926+0000] {processor.py:914} INFO - Processing file /opt/airflow/dags/wordcount_dag.py for tasks to queue
[2025-05-03T00:46:57.927+0000] {logging_mixin.py:190} INFO - [2025-05-03T00:46:57.927+0000] {dagbag.py:588} INFO - Filling up the DagBag from /opt/airflow/dags/wordcount_dag.py
[2025-05-03T00:46:58.058+0000] {processor.py:925} INFO - DAG(s) 'news_dag' retrieved from /opt/airflow/dags/wordcount_dag.py
[2025-05-03T00:46:58.065+0000] {logging_mixin.py:190} INFO - [2025-05-03T00:46:58.065+0000] {dag.py:3239} INFO - Sync 1 DAGs
[2025-05-03T00:46:58.069+0000] {logging_mixin.py:190} INFO - [2025-05-03T00:46:58.069+0000] {dag.py:4180} INFO - Setting next_dagrun for news_dag to None, run_after=None
[2025-05-03T00:46:58.075+0000] {processor.py:208} INFO - Processing /opt/airflow/dags/wordcount_dag.py took 0.152 seconds
[2025-05-03T00:47:28.830+0000] {processor.py:186} INFO - Started process (PID=89) to work on /opt/airflow/dags/wordcount_dag.py
[2025-05-03T00:47:28.830+0000] {processor.py:914} INFO - Processing file /opt/airflow/dags/wordcount_dag.py for tasks to queue
[2025-05-03T00:47:28.831+0000] {logging_mixin.py:190} INFO - [2025-05-03T00:47:28.831+0000] {dagbag.py:588} INFO - Filling up the DagBag from /opt/airflow/dags/wordcount_dag.py
[2025-05-03T00:47:28.955+0000] {processor.py:925} INFO - DAG(s) 'news_dag' retrieved from /opt/airflow/dags/wordcount_dag.py
[2025-05-03T00:47:28.961+0000] {logging_mixin.py:190} INFO - [2025-05-03T00:47:28.961+0000] {dag.py:3239} INFO - Sync 1 DAGs
[2025-05-03T00:47:28.965+0000] {logging_mixin.py:190} INFO - [2025-05-03T00:47:28.965+0000] {dag.py:4180} INFO - Setting next_dagrun for news_dag to None, run_after=None
[2025-05-03T00:47:28.970+0000] {processor.py:208} INFO - Processing /opt/airflow/dags/wordcount_dag.py took 0.142 seconds
[2025-05-03T00:47:59.504+0000] {processor.py:186} INFO - Started process (PID=94) to work on /opt/airflow/dags/wordcount_dag.py
[2025-05-03T00:47:59.504+0000] {processor.py:914} INFO - Processing file /opt/airflow/dags/wordcount_dag.py for tasks to queue
[2025-05-03T00:47:59.505+0000] {logging_mixin.py:190} INFO - [2025-05-03T00:47:59.505+0000] {dagbag.py:588} INFO - Filling up the DagBag from /opt/airflow/dags/wordcount_dag.py
[2025-05-03T00:47:59.631+0000] {processor.py:925} INFO - DAG(s) 'news_dag' retrieved from /opt/airflow/dags/wordcount_dag.py
[2025-05-03T00:47:59.638+0000] {logging_mixin.py:190} INFO - [2025-05-03T00:47:59.637+0000] {dag.py:3239} INFO - Sync 1 DAGs
[2025-05-03T00:47:59.642+0000] {logging_mixin.py:190} INFO - [2025-05-03T00:47:59.642+0000] {dag.py:4180} INFO - Setting next_dagrun for news_dag to None, run_after=None
[2025-05-03T00:47:59.647+0000] {processor.py:208} INFO - Processing /opt/airflow/dags/wordcount_dag.py took 0.146 seconds
[2025-05-03T00:48:30.229+0000] {processor.py:186} INFO - Started process (PID=99) to work on /opt/airflow/dags/wordcount_dag.py
[2025-05-03T00:48:30.230+0000] {processor.py:914} INFO - Processing file /opt/airflow/dags/wordcount_dag.py for tasks to queue
[2025-05-03T00:48:30.230+0000] {logging_mixin.py:190} INFO - [2025-05-03T00:48:30.230+0000] {dagbag.py:588} INFO - Filling up the DagBag from /opt/airflow/dags/wordcount_dag.py
[2025-05-03T00:48:30.357+0000] {processor.py:925} INFO - DAG(s) 'news_dag' retrieved from /opt/airflow/dags/wordcount_dag.py
[2025-05-03T00:48:30.364+0000] {logging_mixin.py:190} INFO - [2025-05-03T00:48:30.364+0000] {dag.py:3239} INFO - Sync 1 DAGs
[2025-05-03T00:48:30.368+0000] {logging_mixin.py:190} INFO - [2025-05-03T00:48:30.368+0000] {dag.py:4180} INFO - Setting next_dagrun for news_dag to None, run_after=None
[2025-05-03T00:48:30.373+0000] {processor.py:208} INFO - Processing /opt/airflow/dags/wordcount_dag.py took 0.146 seconds
[2025-05-03T00:49:00.795+0000] {processor.py:186} INFO - Started process (PID=104) to work on /opt/airflow/dags/wordcount_dag.py
[2025-05-03T00:49:00.796+0000] {processor.py:914} INFO - Processing file /opt/airflow/dags/wordcount_dag.py for tasks to queue
[2025-05-03T00:49:00.796+0000] {logging_mixin.py:190} INFO - [2025-05-03T00:49:00.796+0000] {dagbag.py:588} INFO - Filling up the DagBag from /opt/airflow/dags/wordcount_dag.py
[2025-05-03T00:49:00.926+0000] {processor.py:925} INFO - DAG(s) 'news_dag' retrieved from /opt/airflow/dags/wordcount_dag.py
[2025-05-03T00:49:00.934+0000] {logging_mixin.py:190} INFO - [2025-05-03T00:49:00.934+0000] {dag.py:3239} INFO - Sync 1 DAGs
[2025-05-03T00:49:00.938+0000] {logging_mixin.py:190} INFO - [2025-05-03T00:49:00.938+0000] {dag.py:4180} INFO - Setting next_dagrun for news_dag to None, run_after=None
[2025-05-03T00:49:00.944+0000] {processor.py:208} INFO - Processing /opt/airflow/dags/wordcount_dag.py took 0.151 seconds
[2025-05-03T00:49:31.603+0000] {processor.py:186} INFO - Started process (PID=109) to work on /opt/airflow/dags/wordcount_dag.py
[2025-05-03T00:49:31.604+0000] {processor.py:914} INFO - Processing file /opt/airflow/dags/wordcount_dag.py for tasks to queue
[2025-05-03T00:49:31.604+0000] {logging_mixin.py:190} INFO - [2025-05-03T00:49:31.604+0000] {dagbag.py:588} INFO - Filling up the DagBag from /opt/airflow/dags/wordcount_dag.py
[2025-05-03T00:49:31.731+0000] {processor.py:925} INFO - DAG(s) 'news_dag' retrieved from /opt/airflow/dags/wordcount_dag.py
[2025-05-03T00:49:31.738+0000] {logging_mixin.py:190} INFO - [2025-05-03T00:49:31.738+0000] {dag.py:3239} INFO - Sync 1 DAGs
[2025-05-03T00:49:31.741+0000] {logging_mixin.py:190} INFO - [2025-05-03T00:49:31.741+0000] {dag.py:4180} INFO - Setting next_dagrun for news_dag to None, run_after=None
[2025-05-03T00:49:31.746+0000] {processor.py:208} INFO - Processing /opt/airflow/dags/wordcount_dag.py took 0.145 seconds
[2025-05-03T00:50:02.203+0000] {processor.py:186} INFO - Started process (PID=114) to work on /opt/airflow/dags/wordcount_dag.py
[2025-05-03T00:50:02.204+0000] {processor.py:914} INFO - Processing file /opt/airflow/dags/wordcount_dag.py for tasks to queue
[2025-05-03T00:50:02.204+0000] {logging_mixin.py:190} INFO - [2025-05-03T00:50:02.204+0000] {dagbag.py:588} INFO - Filling up the DagBag from /opt/airflow/dags/wordcount_dag.py
[2025-05-03T00:50:02.339+0000] {processor.py:925} INFO - DAG(s) 'news_dag' retrieved from /opt/airflow/dags/wordcount_dag.py
[2025-05-03T00:50:02.346+0000] {logging_mixin.py:190} INFO - [2025-05-03T00:50:02.346+0000] {dag.py:3239} INFO - Sync 1 DAGs
[2025-05-03T00:50:02.350+0000] {logging_mixin.py:190} INFO - [2025-05-03T00:50:02.350+0000] {dag.py:4180} INFO - Setting next_dagrun for news_dag to None, run_after=None
[2025-05-03T00:50:02.356+0000] {processor.py:208} INFO - Processing /opt/airflow/dags/wordcount_dag.py took 0.155 seconds
[2025-05-03T00:50:33.081+0000] {processor.py:186} INFO - Started process (PID=119) to work on /opt/airflow/dags/wordcount_dag.py
[2025-05-03T00:50:33.082+0000] {processor.py:914} INFO - Processing file /opt/airflow/dags/wordcount_dag.py for tasks to queue
[2025-05-03T00:50:33.083+0000] {logging_mixin.py:190} INFO - [2025-05-03T00:50:33.082+0000] {dagbag.py:588} INFO - Filling up the DagBag from /opt/airflow/dags/wordcount_dag.py
[2025-05-03T00:50:33.215+0000] {processor.py:925} INFO - DAG(s) 'news_dag' retrieved from /opt/airflow/dags/wordcount_dag.py
[2025-05-03T00:50:33.222+0000] {logging_mixin.py:190} INFO - [2025-05-03T00:50:33.222+0000] {dag.py:3239} INFO - Sync 1 DAGs
[2025-05-03T00:50:33.225+0000] {logging_mixin.py:190} INFO - [2025-05-03T00:50:33.225+0000] {dag.py:4180} INFO - Setting next_dagrun for news_dag to None, run_after=None
[2025-05-03T00:50:33.230+0000] {processor.py:208} INFO - Processing /opt/airflow/dags/wordcount_dag.py took 0.152 seconds
[2025-05-03T00:51:03.903+0000] {processor.py:186} INFO - Started process (PID=124) to work on /opt/airflow/dags/wordcount_dag.py
[2025-05-03T00:51:03.904+0000] {processor.py:914} INFO - Processing file /opt/airflow/dags/wordcount_dag.py for tasks to queue
[2025-05-03T00:51:03.904+0000] {logging_mixin.py:190} INFO - [2025-05-03T00:51:03.904+0000] {dagbag.py:588} INFO - Filling up the DagBag from /opt/airflow/dags/wordcount_dag.py
[2025-05-03T00:51:04.030+0000] {processor.py:925} INFO - DAG(s) 'news_dag' retrieved from /opt/airflow/dags/wordcount_dag.py
[2025-05-03T00:51:04.037+0000] {logging_mixin.py:190} INFO - [2025-05-03T00:51:04.037+0000] {dag.py:3239} INFO - Sync 1 DAGs
[2025-05-03T00:51:04.041+0000] {logging_mixin.py:190} INFO - [2025-05-03T00:51:04.041+0000] {dag.py:4180} INFO - Setting next_dagrun for news_dag to None, run_after=None
[2025-05-03T00:51:04.046+0000] {processor.py:208} INFO - Processing /opt/airflow/dags/wordcount_dag.py took 0.145 seconds
[2025-05-03T00:51:34.602+0000] {processor.py:186} INFO - Started process (PID=129) to work on /opt/airflow/dags/wordcount_dag.py
[2025-05-03T00:51:34.602+0000] {processor.py:914} INFO - Processing file /opt/airflow/dags/wordcount_dag.py for tasks to queue
[2025-05-03T00:51:34.603+0000] {logging_mixin.py:190} INFO - [2025-05-03T00:51:34.603+0000] {dagbag.py:588} INFO - Filling up the DagBag from /opt/airflow/dags/wordcount_dag.py
[2025-05-03T00:51:34.743+0000] {processor.py:925} INFO - DAG(s) 'news_dag' retrieved from /opt/airflow/dags/wordcount_dag.py
[2025-05-03T00:51:34.751+0000] {logging_mixin.py:190} INFO - [2025-05-03T00:51:34.751+0000] {dag.py:3239} INFO - Sync 1 DAGs
[2025-05-03T00:51:34.756+0000] {logging_mixin.py:190} INFO - [2025-05-03T00:51:34.756+0000] {dag.py:4180} INFO - Setting next_dagrun for news_dag to None, run_after=None
[2025-05-03T00:51:34.763+0000] {processor.py:208} INFO - Processing /opt/airflow/dags/wordcount_dag.py took 0.164 seconds
[2025-05-03T00:52:05.154+0000] {processor.py:186} INFO - Started process (PID=134) to work on /opt/airflow/dags/wordcount_dag.py
[2025-05-03T00:52:05.154+0000] {processor.py:914} INFO - Processing file /opt/airflow/dags/wordcount_dag.py for tasks to queue
[2025-05-03T00:52:05.154+0000] {logging_mixin.py:190} INFO - [2025-05-03T00:52:05.154+0000] {dagbag.py:588} INFO - Filling up the DagBag from /opt/airflow/dags/wordcount_dag.py
[2025-05-03T00:52:05.294+0000] {processor.py:925} INFO - DAG(s) 'news_dag' retrieved from /opt/airflow/dags/wordcount_dag.py
[2025-05-03T00:52:05.302+0000] {logging_mixin.py:190} INFO - [2025-05-03T00:52:05.302+0000] {dag.py:3239} INFO - Sync 1 DAGs
[2025-05-03T00:52:05.306+0000] {logging_mixin.py:190} INFO - [2025-05-03T00:52:05.306+0000] {dag.py:4180} INFO - Setting next_dagrun for news_dag to None, run_after=None
[2025-05-03T00:52:05.312+0000] {processor.py:208} INFO - Processing /opt/airflow/dags/wordcount_dag.py took 0.161 seconds
[2025-05-03T00:52:36.034+0000] {processor.py:186} INFO - Started process (PID=139) to work on /opt/airflow/dags/wordcount_dag.py
[2025-05-03T00:52:36.035+0000] {processor.py:914} INFO - Processing file /opt/airflow/dags/wordcount_dag.py for tasks to queue
[2025-05-03T00:52:36.035+0000] {logging_mixin.py:190} INFO - [2025-05-03T00:52:36.035+0000] {dagbag.py:588} INFO - Filling up the DagBag from /opt/airflow/dags/wordcount_dag.py
[2025-05-03T00:52:36.170+0000] {processor.py:925} INFO - DAG(s) 'news_dag' retrieved from /opt/airflow/dags/wordcount_dag.py
[2025-05-03T00:52:36.177+0000] {logging_mixin.py:190} INFO - [2025-05-03T00:52:36.177+0000] {dag.py:3239} INFO - Sync 1 DAGs
[2025-05-03T00:52:36.181+0000] {logging_mixin.py:190} INFO - [2025-05-03T00:52:36.181+0000] {dag.py:4180} INFO - Setting next_dagrun for news_dag to None, run_after=None
[2025-05-03T00:52:36.186+0000] {processor.py:208} INFO - Processing /opt/airflow/dags/wordcount_dag.py took 0.154 seconds
[2025-05-03T00:53:06.621+0000] {processor.py:186} INFO - Started process (PID=144) to work on /opt/airflow/dags/wordcount_dag.py
[2025-05-03T00:53:06.621+0000] {processor.py:914} INFO - Processing file /opt/airflow/dags/wordcount_dag.py for tasks to queue
[2025-05-03T00:53:06.622+0000] {logging_mixin.py:190} INFO - [2025-05-03T00:53:06.622+0000] {dagbag.py:588} INFO - Filling up the DagBag from /opt/airflow/dags/wordcount_dag.py
[2025-05-03T00:53:06.752+0000] {processor.py:925} INFO - DAG(s) 'news_dag' retrieved from /opt/airflow/dags/wordcount_dag.py
[2025-05-03T00:53:06.759+0000] {logging_mixin.py:190} INFO - [2025-05-03T00:53:06.759+0000] {dag.py:3239} INFO - Sync 1 DAGs
[2025-05-03T00:53:06.763+0000] {logging_mixin.py:190} INFO - [2025-05-03T00:53:06.763+0000] {dag.py:4180} INFO - Setting next_dagrun for news_dag to None, run_after=None
[2025-05-03T00:53:06.768+0000] {processor.py:208} INFO - Processing /opt/airflow/dags/wordcount_dag.py took 0.151 seconds
[2025-05-03T00:53:37.487+0000] {processor.py:186} INFO - Started process (PID=149) to work on /opt/airflow/dags/wordcount_dag.py
[2025-05-03T00:53:37.488+0000] {processor.py:914} INFO - Processing file /opt/airflow/dags/wordcount_dag.py for tasks to queue
[2025-05-03T00:53:37.488+0000] {logging_mixin.py:190} INFO - [2025-05-03T00:53:37.488+0000] {dagbag.py:588} INFO - Filling up the DagBag from /opt/airflow/dags/wordcount_dag.py
[2025-05-03T00:53:37.616+0000] {processor.py:925} INFO - DAG(s) 'news_dag' retrieved from /opt/airflow/dags/wordcount_dag.py
[2025-05-03T00:53:37.623+0000] {logging_mixin.py:190} INFO - [2025-05-03T00:53:37.623+0000] {dag.py:3239} INFO - Sync 1 DAGs
[2025-05-03T00:53:37.627+0000] {logging_mixin.py:190} INFO - [2025-05-03T00:53:37.627+0000] {dag.py:4180} INFO - Setting next_dagrun for news_dag to None, run_after=None
[2025-05-03T00:53:37.632+0000] {processor.py:208} INFO - Processing /opt/airflow/dags/wordcount_dag.py took 0.146 seconds
[2025-05-03T00:54:08.095+0000] {processor.py:186} INFO - Started process (PID=154) to work on /opt/airflow/dags/wordcount_dag.py
[2025-05-03T00:54:08.095+0000] {processor.py:914} INFO - Processing file /opt/airflow/dags/wordcount_dag.py for tasks to queue
[2025-05-03T00:54:08.096+0000] {logging_mixin.py:190} INFO - [2025-05-03T00:54:08.096+0000] {dagbag.py:588} INFO - Filling up the DagBag from /opt/airflow/dags/wordcount_dag.py
[2025-05-03T00:54:08.228+0000] {processor.py:925} INFO - DAG(s) 'news_dag' retrieved from /opt/airflow/dags/wordcount_dag.py
[2025-05-03T00:54:08.236+0000] {logging_mixin.py:190} INFO - [2025-05-03T00:54:08.236+0000] {dag.py:3239} INFO - Sync 1 DAGs
[2025-05-03T00:54:08.240+0000] {logging_mixin.py:190} INFO - [2025-05-03T00:54:08.240+0000] {dag.py:4180} INFO - Setting next_dagrun for news_dag to None, run_after=None
[2025-05-03T00:54:08.245+0000] {processor.py:208} INFO - Processing /opt/airflow/dags/wordcount_dag.py took 0.153 seconds
[2025-05-03T00:54:39.014+0000] {processor.py:186} INFO - Started process (PID=159) to work on /opt/airflow/dags/wordcount_dag.py
[2025-05-03T00:54:39.015+0000] {processor.py:914} INFO - Processing file /opt/airflow/dags/wordcount_dag.py for tasks to queue
[2025-05-03T00:54:39.016+0000] {logging_mixin.py:190} INFO - [2025-05-03T00:54:39.016+0000] {dagbag.py:588} INFO - Filling up the DagBag from /opt/airflow/dags/wordcount_dag.py
[2025-05-03T00:54:39.175+0000] {processor.py:925} INFO - DAG(s) 'news_dag' retrieved from /opt/airflow/dags/wordcount_dag.py
[2025-05-03T00:54:39.187+0000] {logging_mixin.py:190} INFO - [2025-05-03T00:54:39.186+0000] {dag.py:3239} INFO - Sync 1 DAGs
[2025-05-03T00:54:39.192+0000] {logging_mixin.py:190} INFO - [2025-05-03T00:54:39.192+0000] {dag.py:4180} INFO - Setting next_dagrun for news_dag to None, run_after=None
[2025-05-03T00:54:39.201+0000] {processor.py:208} INFO - Processing /opt/airflow/dags/wordcount_dag.py took 0.189 seconds
[2025-05-03T00:55:09.379+0000] {processor.py:186} INFO - Started process (PID=164) to work on /opt/airflow/dags/wordcount_dag.py
[2025-05-03T00:55:09.380+0000] {processor.py:914} INFO - Processing file /opt/airflow/dags/wordcount_dag.py for tasks to queue
[2025-05-03T00:55:09.380+0000] {logging_mixin.py:190} INFO - [2025-05-03T00:55:09.380+0000] {dagbag.py:588} INFO - Filling up the DagBag from /opt/airflow/dags/wordcount_dag.py
[2025-05-03T00:55:09.517+0000] {processor.py:925} INFO - DAG(s) 'news_dag' retrieved from /opt/airflow/dags/wordcount_dag.py
[2025-05-03T00:55:09.526+0000] {logging_mixin.py:190} INFO - [2025-05-03T00:55:09.526+0000] {dag.py:3239} INFO - Sync 1 DAGs
[2025-05-03T00:55:09.530+0000] {logging_mixin.py:190} INFO - [2025-05-03T00:55:09.530+0000] {dag.py:4180} INFO - Setting next_dagrun for news_dag to None, run_after=None
[2025-05-03T00:55:09.541+0000] {processor.py:208} INFO - Processing /opt/airflow/dags/wordcount_dag.py took 0.164 seconds
[2025-05-03T00:55:40.123+0000] {processor.py:186} INFO - Started process (PID=169) to work on /opt/airflow/dags/wordcount_dag.py
[2025-05-03T00:55:40.124+0000] {processor.py:914} INFO - Processing file /opt/airflow/dags/wordcount_dag.py for tasks to queue
[2025-05-03T00:55:40.124+0000] {logging_mixin.py:190} INFO - [2025-05-03T00:55:40.124+0000] {dagbag.py:588} INFO - Filling up the DagBag from /opt/airflow/dags/wordcount_dag.py
[2025-05-03T00:55:40.252+0000] {processor.py:925} INFO - DAG(s) 'news_dag' retrieved from /opt/airflow/dags/wordcount_dag.py
[2025-05-03T00:55:40.258+0000] {logging_mixin.py:190} INFO - [2025-05-03T00:55:40.258+0000] {dag.py:3239} INFO - Sync 1 DAGs
[2025-05-03T00:55:40.262+0000] {logging_mixin.py:190} INFO - [2025-05-03T00:55:40.262+0000] {dag.py:4180} INFO - Setting next_dagrun for news_dag to None, run_after=None
[2025-05-03T00:55:40.267+0000] {processor.py:208} INFO - Processing /opt/airflow/dags/wordcount_dag.py took 0.147 seconds
[2025-05-03T00:56:10.667+0000] {processor.py:186} INFO - Started process (PID=174) to work on /opt/airflow/dags/wordcount_dag.py
[2025-05-03T00:56:10.668+0000] {processor.py:914} INFO - Processing file /opt/airflow/dags/wordcount_dag.py for tasks to queue
[2025-05-03T00:56:10.668+0000] {logging_mixin.py:190} INFO - [2025-05-03T00:56:10.668+0000] {dagbag.py:588} INFO - Filling up the DagBag from /opt/airflow/dags/wordcount_dag.py
[2025-05-03T00:56:10.820+0000] {processor.py:925} INFO - DAG(s) 'news_dag' retrieved from /opt/airflow/dags/wordcount_dag.py
[2025-05-03T00:56:10.831+0000] {logging_mixin.py:190} INFO - [2025-05-03T00:56:10.831+0000] {dag.py:3239} INFO - Sync 1 DAGs
[2025-05-03T00:56:10.836+0000] {logging_mixin.py:190} INFO - [2025-05-03T00:56:10.836+0000] {dag.py:4180} INFO - Setting next_dagrun for news_dag to None, run_after=None
[2025-05-03T00:56:10.845+0000] {processor.py:208} INFO - Processing /opt/airflow/dags/wordcount_dag.py took 0.180 seconds
[2025-05-03T00:56:41.233+0000] {processor.py:186} INFO - Started process (PID=179) to work on /opt/airflow/dags/wordcount_dag.py
[2025-05-03T00:56:41.233+0000] {processor.py:914} INFO - Processing file /opt/airflow/dags/wordcount_dag.py for tasks to queue
[2025-05-03T00:56:41.234+0000] {logging_mixin.py:190} INFO - [2025-05-03T00:56:41.234+0000] {dagbag.py:588} INFO - Filling up the DagBag from /opt/airflow/dags/wordcount_dag.py
[2025-05-03T00:56:41.367+0000] {processor.py:925} INFO - DAG(s) 'news_dag' retrieved from /opt/airflow/dags/wordcount_dag.py
[2025-05-03T00:56:41.374+0000] {logging_mixin.py:190} INFO - [2025-05-03T00:56:41.374+0000] {dag.py:3239} INFO - Sync 1 DAGs
[2025-05-03T00:56:41.379+0000] {logging_mixin.py:190} INFO - [2025-05-03T00:56:41.379+0000] {dag.py:4180} INFO - Setting next_dagrun for news_dag to None, run_after=None
[2025-05-03T00:56:41.385+0000] {processor.py:208} INFO - Processing /opt/airflow/dags/wordcount_dag.py took 0.155 seconds
[2025-05-03T00:57:12.148+0000] {processor.py:186} INFO - Started process (PID=184) to work on /opt/airflow/dags/wordcount_dag.py
[2025-05-03T00:57:12.149+0000] {processor.py:914} INFO - Processing file /opt/airflow/dags/wordcount_dag.py for tasks to queue
[2025-05-03T00:57:12.150+0000] {logging_mixin.py:190} INFO - [2025-05-03T00:57:12.150+0000] {dagbag.py:588} INFO - Filling up the DagBag from /opt/airflow/dags/wordcount_dag.py
[2025-05-03T00:57:12.318+0000] {processor.py:925} INFO - DAG(s) 'news_dag' retrieved from /opt/airflow/dags/wordcount_dag.py
[2025-05-03T00:57:12.326+0000] {logging_mixin.py:190} INFO - [2025-05-03T00:57:12.326+0000] {dag.py:3239} INFO - Sync 1 DAGs
[2025-05-03T00:57:12.332+0000] {logging_mixin.py:190} INFO - [2025-05-03T00:57:12.332+0000] {dag.py:4180} INFO - Setting next_dagrun for news_dag to None, run_after=None
[2025-05-03T00:57:12.340+0000] {processor.py:208} INFO - Processing /opt/airflow/dags/wordcount_dag.py took 0.195 seconds
[2025-05-03T00:57:42.606+0000] {processor.py:186} INFO - Started process (PID=189) to work on /opt/airflow/dags/wordcount_dag.py
[2025-05-03T00:57:42.606+0000] {processor.py:914} INFO - Processing file /opt/airflow/dags/wordcount_dag.py for tasks to queue
[2025-05-03T00:57:42.607+0000] {logging_mixin.py:190} INFO - [2025-05-03T00:57:42.607+0000] {dagbag.py:588} INFO - Filling up the DagBag from /opt/airflow/dags/wordcount_dag.py
[2025-05-03T00:57:42.745+0000] {processor.py:925} INFO - DAG(s) 'news_dag' retrieved from /opt/airflow/dags/wordcount_dag.py
[2025-05-03T00:57:42.753+0000] {logging_mixin.py:190} INFO - [2025-05-03T00:57:42.753+0000] {dag.py:3239} INFO - Sync 1 DAGs
[2025-05-03T00:57:42.758+0000] {logging_mixin.py:190} INFO - [2025-05-03T00:57:42.758+0000] {dag.py:4180} INFO - Setting next_dagrun for news_dag to None, run_after=None
[2025-05-03T00:57:42.764+0000] {processor.py:208} INFO - Processing /opt/airflow/dags/wordcount_dag.py took 0.161 seconds
[2025-05-03T00:58:13.495+0000] {processor.py:186} INFO - Started process (PID=194) to work on /opt/airflow/dags/wordcount_dag.py
[2025-05-03T00:58:13.495+0000] {processor.py:914} INFO - Processing file /opt/airflow/dags/wordcount_dag.py for tasks to queue
[2025-05-03T00:58:13.496+0000] {logging_mixin.py:190} INFO - [2025-05-03T00:58:13.496+0000] {dagbag.py:588} INFO - Filling up the DagBag from /opt/airflow/dags/wordcount_dag.py
[2025-05-03T00:58:13.626+0000] {processor.py:925} INFO - DAG(s) 'news_dag' retrieved from /opt/airflow/dags/wordcount_dag.py
[2025-05-03T00:58:13.633+0000] {logging_mixin.py:190} INFO - [2025-05-03T00:58:13.633+0000] {dag.py:3239} INFO - Sync 1 DAGs
[2025-05-03T00:58:13.636+0000] {logging_mixin.py:190} INFO - [2025-05-03T00:58:13.636+0000] {dag.py:4180} INFO - Setting next_dagrun for news_dag to None, run_after=None
[2025-05-03T00:58:13.641+0000] {processor.py:208} INFO - Processing /opt/airflow/dags/wordcount_dag.py took 0.149 seconds
[2025-05-03T00:58:44.174+0000] {processor.py:186} INFO - Started process (PID=199) to work on /opt/airflow/dags/wordcount_dag.py
[2025-05-03T00:58:44.174+0000] {processor.py:914} INFO - Processing file /opt/airflow/dags/wordcount_dag.py for tasks to queue
[2025-05-03T00:58:44.175+0000] {logging_mixin.py:190} INFO - [2025-05-03T00:58:44.175+0000] {dagbag.py:588} INFO - Filling up the DagBag from /opt/airflow/dags/wordcount_dag.py
[2025-05-03T00:58:44.306+0000] {processor.py:925} INFO - DAG(s) 'news_dag' retrieved from /opt/airflow/dags/wordcount_dag.py
[2025-05-03T00:58:44.313+0000] {logging_mixin.py:190} INFO - [2025-05-03T00:58:44.313+0000] {dag.py:3239} INFO - Sync 1 DAGs
[2025-05-03T00:58:44.316+0000] {logging_mixin.py:190} INFO - [2025-05-03T00:58:44.316+0000] {dag.py:4180} INFO - Setting next_dagrun for news_dag to None, run_after=None
[2025-05-03T00:58:44.321+0000] {processor.py:208} INFO - Processing /opt/airflow/dags/wordcount_dag.py took 0.150 seconds
[2025-05-03T00:59:14.621+0000] {processor.py:186} INFO - Started process (PID=204) to work on /opt/airflow/dags/wordcount_dag.py
[2025-05-03T00:59:14.621+0000] {processor.py:914} INFO - Processing file /opt/airflow/dags/wordcount_dag.py for tasks to queue
[2025-05-03T00:59:14.622+0000] {logging_mixin.py:190} INFO - [2025-05-03T00:59:14.622+0000] {dagbag.py:588} INFO - Filling up the DagBag from /opt/airflow/dags/wordcount_dag.py
[2025-05-03T00:59:14.765+0000] {processor.py:925} INFO - DAG(s) 'news_dag' retrieved from /opt/airflow/dags/wordcount_dag.py
[2025-05-03T00:59:14.774+0000] {logging_mixin.py:190} INFO - [2025-05-03T00:59:14.774+0000] {dag.py:3239} INFO - Sync 1 DAGs
[2025-05-03T00:59:14.779+0000] {logging_mixin.py:190} INFO - [2025-05-03T00:59:14.779+0000] {dag.py:4180} INFO - Setting next_dagrun for news_dag to None, run_after=None
[2025-05-03T00:59:14.787+0000] {processor.py:208} INFO - Processing /opt/airflow/dags/wordcount_dag.py took 0.169 seconds
[2025-05-03T00:59:45.513+0000] {processor.py:186} INFO - Started process (PID=209) to work on /opt/airflow/dags/wordcount_dag.py
[2025-05-03T00:59:45.513+0000] {processor.py:914} INFO - Processing file /opt/airflow/dags/wordcount_dag.py for tasks to queue
[2025-05-03T00:59:45.514+0000] {logging_mixin.py:190} INFO - [2025-05-03T00:59:45.514+0000] {dagbag.py:588} INFO - Filling up the DagBag from /opt/airflow/dags/wordcount_dag.py
[2025-05-03T00:59:45.650+0000] {processor.py:925} INFO - DAG(s) 'news_dag' retrieved from /opt/airflow/dags/wordcount_dag.py
[2025-05-03T00:59:45.658+0000] {logging_mixin.py:190} INFO - [2025-05-03T00:59:45.658+0000] {dag.py:3239} INFO - Sync 1 DAGs
[2025-05-03T00:59:45.662+0000] {logging_mixin.py:190} INFO - [2025-05-03T00:59:45.662+0000] {dag.py:4180} INFO - Setting next_dagrun for news_dag to None, run_after=None
[2025-05-03T00:59:45.669+0000] {processor.py:208} INFO - Processing /opt/airflow/dags/wordcount_dag.py took 0.158 seconds
[2025-05-03T01:00:16.220+0000] {processor.py:186} INFO - Started process (PID=214) to work on /opt/airflow/dags/wordcount_dag.py
[2025-05-03T01:00:16.221+0000] {processor.py:914} INFO - Processing file /opt/airflow/dags/wordcount_dag.py for tasks to queue
[2025-05-03T01:00:16.221+0000] {logging_mixin.py:190} INFO - [2025-05-03T01:00:16.221+0000] {dagbag.py:588} INFO - Filling up the DagBag from /opt/airflow/dags/wordcount_dag.py
[2025-05-03T01:00:16.364+0000] {processor.py:925} INFO - DAG(s) 'news_dag' retrieved from /opt/airflow/dags/wordcount_dag.py
[2025-05-03T01:00:16.371+0000] {logging_mixin.py:190} INFO - [2025-05-03T01:00:16.371+0000] {dag.py:3239} INFO - Sync 1 DAGs
[2025-05-03T01:00:16.375+0000] {logging_mixin.py:190} INFO - [2025-05-03T01:00:16.375+0000] {dag.py:4180} INFO - Setting next_dagrun for news_dag to None, run_after=None
[2025-05-03T01:00:16.380+0000] {processor.py:208} INFO - Processing /opt/airflow/dags/wordcount_dag.py took 0.162 seconds
[2025-05-03T01:00:46.718+0000] {processor.py:186} INFO - Started process (PID=219) to work on /opt/airflow/dags/wordcount_dag.py
[2025-05-03T01:00:46.719+0000] {processor.py:914} INFO - Processing file /opt/airflow/dags/wordcount_dag.py for tasks to queue
[2025-05-03T01:00:46.719+0000] {logging_mixin.py:190} INFO - [2025-05-03T01:00:46.719+0000] {dagbag.py:588} INFO - Filling up the DagBag from /opt/airflow/dags/wordcount_dag.py
[2025-05-03T01:00:46.858+0000] {processor.py:925} INFO - DAG(s) 'news_dag' retrieved from /opt/airflow/dags/wordcount_dag.py
[2025-05-03T01:00:46.866+0000] {logging_mixin.py:190} INFO - [2025-05-03T01:00:46.866+0000] {dag.py:3239} INFO - Sync 1 DAGs
[2025-05-03T01:00:46.871+0000] {logging_mixin.py:190} INFO - [2025-05-03T01:00:46.871+0000] {dag.py:4180} INFO - Setting next_dagrun for news_dag to None, run_after=None
[2025-05-03T01:00:46.879+0000] {processor.py:208} INFO - Processing /opt/airflow/dags/wordcount_dag.py took 0.164 seconds
[2025-05-03T01:01:17.391+0000] {processor.py:186} INFO - Started process (PID=224) to work on /opt/airflow/dags/wordcount_dag.py
[2025-05-03T01:01:17.391+0000] {processor.py:914} INFO - Processing file /opt/airflow/dags/wordcount_dag.py for tasks to queue
[2025-05-03T01:01:17.392+0000] {logging_mixin.py:190} INFO - [2025-05-03T01:01:17.392+0000] {dagbag.py:588} INFO - Filling up the DagBag from /opt/airflow/dags/wordcount_dag.py
[2025-05-03T01:01:17.560+0000] {processor.py:925} INFO - DAG(s) 'news_dag' retrieved from /opt/airflow/dags/wordcount_dag.py
[2025-05-03T01:01:17.571+0000] {logging_mixin.py:190} INFO - [2025-05-03T01:01:17.571+0000] {dag.py:3239} INFO - Sync 1 DAGs
[2025-05-03T01:01:17.576+0000] {logging_mixin.py:190} INFO - [2025-05-03T01:01:17.576+0000] {dag.py:4180} INFO - Setting next_dagrun for news_dag to None, run_after=None
[2025-05-03T01:01:17.584+0000] {processor.py:208} INFO - Processing /opt/airflow/dags/wordcount_dag.py took 0.196 seconds
[2025-05-03T01:01:47.926+0000] {processor.py:186} INFO - Started process (PID=229) to work on /opt/airflow/dags/wordcount_dag.py
[2025-05-03T01:01:47.927+0000] {processor.py:914} INFO - Processing file /opt/airflow/dags/wordcount_dag.py for tasks to queue
[2025-05-03T01:01:47.927+0000] {logging_mixin.py:190} INFO - [2025-05-03T01:01:47.927+0000] {dagbag.py:588} INFO - Filling up the DagBag from /opt/airflow/dags/wordcount_dag.py
[2025-05-03T01:01:48.071+0000] {processor.py:925} INFO - DAG(s) 'news_dag' retrieved from /opt/airflow/dags/wordcount_dag.py
[2025-05-03T01:01:48.080+0000] {logging_mixin.py:190} INFO - [2025-05-03T01:01:48.080+0000] {dag.py:3239} INFO - Sync 1 DAGs
[2025-05-03T01:01:48.086+0000] {logging_mixin.py:190} INFO - [2025-05-03T01:01:48.086+0000] {dag.py:4180} INFO - Setting next_dagrun for news_dag to None, run_after=None
[2025-05-03T01:01:48.094+0000] {processor.py:208} INFO - Processing /opt/airflow/dags/wordcount_dag.py took 0.171 seconds
[2025-05-03T01:02:18.678+0000] {processor.py:186} INFO - Started process (PID=234) to work on /opt/airflow/dags/wordcount_dag.py
[2025-05-03T01:02:18.678+0000] {processor.py:914} INFO - Processing file /opt/airflow/dags/wordcount_dag.py for tasks to queue
[2025-05-03T01:02:18.679+0000] {logging_mixin.py:190} INFO - [2025-05-03T01:02:18.679+0000] {dagbag.py:588} INFO - Filling up the DagBag from /opt/airflow/dags/wordcount_dag.py
[2025-05-03T01:02:18.814+0000] {processor.py:925} INFO - DAG(s) 'news_dag' retrieved from /opt/airflow/dags/wordcount_dag.py
[2025-05-03T01:02:18.822+0000] {logging_mixin.py:190} INFO - [2025-05-03T01:02:18.822+0000] {dag.py:3239} INFO - Sync 1 DAGs
[2025-05-03T01:02:18.826+0000] {logging_mixin.py:190} INFO - [2025-05-03T01:02:18.826+0000] {dag.py:4180} INFO - Setting next_dagrun for news_dag to None, run_after=None
[2025-05-03T01:02:18.832+0000] {processor.py:208} INFO - Processing /opt/airflow/dags/wordcount_dag.py took 0.157 seconds
[2025-05-03T01:02:49.247+0000] {processor.py:186} INFO - Started process (PID=239) to work on /opt/airflow/dags/wordcount_dag.py
[2025-05-03T01:02:49.248+0000] {processor.py:914} INFO - Processing file /opt/airflow/dags/wordcount_dag.py for tasks to queue
[2025-05-03T01:02:49.248+0000] {logging_mixin.py:190} INFO - [2025-05-03T01:02:49.248+0000] {dagbag.py:588} INFO - Filling up the DagBag from /opt/airflow/dags/wordcount_dag.py
[2025-05-03T01:02:49.380+0000] {processor.py:925} INFO - DAG(s) 'news_dag' retrieved from /opt/airflow/dags/wordcount_dag.py
[2025-05-03T01:02:49.387+0000] {logging_mixin.py:190} INFO - [2025-05-03T01:02:49.386+0000] {dag.py:3239} INFO - Sync 1 DAGs
[2025-05-03T01:02:49.391+0000] {logging_mixin.py:190} INFO - [2025-05-03T01:02:49.390+0000] {dag.py:4180} INFO - Setting next_dagrun for news_dag to None, run_after=None
[2025-05-03T01:02:49.396+0000] {processor.py:208} INFO - Processing /opt/airflow/dags/wordcount_dag.py took 0.151 seconds
[2025-05-03T01:03:19.856+0000] {processor.py:186} INFO - Started process (PID=244) to work on /opt/airflow/dags/wordcount_dag.py
[2025-05-03T01:03:19.856+0000] {processor.py:914} INFO - Processing file /opt/airflow/dags/wordcount_dag.py for tasks to queue
[2025-05-03T01:03:19.857+0000] {logging_mixin.py:190} INFO - [2025-05-03T01:03:19.856+0000] {dagbag.py:588} INFO - Filling up the DagBag from /opt/airflow/dags/wordcount_dag.py
[2025-05-03T01:03:19.985+0000] {processor.py:925} INFO - DAG(s) 'news_dag' retrieved from /opt/airflow/dags/wordcount_dag.py
[2025-05-03T01:03:19.992+0000] {logging_mixin.py:190} INFO - [2025-05-03T01:03:19.991+0000] {dag.py:3239} INFO - Sync 1 DAGs
[2025-05-03T01:03:19.995+0000] {logging_mixin.py:190} INFO - [2025-05-03T01:03:19.995+0000] {dag.py:4180} INFO - Setting next_dagrun for news_dag to None, run_after=None
[2025-05-03T01:03:20.001+0000] {processor.py:208} INFO - Processing /opt/airflow/dags/wordcount_dag.py took 0.148 seconds
[2025-05-03T01:03:50.478+0000] {processor.py:186} INFO - Started process (PID=249) to work on /opt/airflow/dags/wordcount_dag.py
[2025-05-03T01:03:50.479+0000] {processor.py:914} INFO - Processing file /opt/airflow/dags/wordcount_dag.py for tasks to queue
[2025-05-03T01:03:50.480+0000] {logging_mixin.py:190} INFO - [2025-05-03T01:03:50.479+0000] {dagbag.py:588} INFO - Filling up the DagBag from /opt/airflow/dags/wordcount_dag.py
[2025-05-03T01:03:50.609+0000] {processor.py:925} INFO - DAG(s) 'news_dag' retrieved from /opt/airflow/dags/wordcount_dag.py
[2025-05-03T01:03:50.616+0000] {logging_mixin.py:190} INFO - [2025-05-03T01:03:50.616+0000] {dag.py:3239} INFO - Sync 1 DAGs
[2025-05-03T01:03:50.620+0000] {logging_mixin.py:190} INFO - [2025-05-03T01:03:50.620+0000] {dag.py:4180} INFO - Setting next_dagrun for news_dag to None, run_after=None
[2025-05-03T01:03:50.624+0000] {processor.py:208} INFO - Processing /opt/airflow/dags/wordcount_dag.py took 0.149 seconds
[2025-05-03T01:04:21.117+0000] {processor.py:186} INFO - Started process (PID=254) to work on /opt/airflow/dags/wordcount_dag.py
[2025-05-03T01:04:21.118+0000] {processor.py:914} INFO - Processing file /opt/airflow/dags/wordcount_dag.py for tasks to queue
[2025-05-03T01:04:21.118+0000] {logging_mixin.py:190} INFO - [2025-05-03T01:04:21.118+0000] {dagbag.py:588} INFO - Filling up the DagBag from /opt/airflow/dags/wordcount_dag.py
[2025-05-03T01:04:21.251+0000] {processor.py:925} INFO - DAG(s) 'news_dag' retrieved from /opt/airflow/dags/wordcount_dag.py
[2025-05-03T01:04:21.258+0000] {logging_mixin.py:190} INFO - [2025-05-03T01:04:21.258+0000] {dag.py:3239} INFO - Sync 1 DAGs
[2025-05-03T01:04:21.262+0000] {logging_mixin.py:190} INFO - [2025-05-03T01:04:21.262+0000] {dag.py:4180} INFO - Setting next_dagrun for news_dag to None, run_after=None
[2025-05-03T01:04:21.269+0000] {processor.py:208} INFO - Processing /opt/airflow/dags/wordcount_dag.py took 0.155 seconds
[2025-05-03T01:04:51.725+0000] {processor.py:186} INFO - Started process (PID=259) to work on /opt/airflow/dags/wordcount_dag.py
[2025-05-03T01:04:51.725+0000] {processor.py:914} INFO - Processing file /opt/airflow/dags/wordcount_dag.py for tasks to queue
[2025-05-03T01:04:51.726+0000] {logging_mixin.py:190} INFO - [2025-05-03T01:04:51.726+0000] {dagbag.py:588} INFO - Filling up the DagBag from /opt/airflow/dags/wordcount_dag.py
[2025-05-03T01:04:51.856+0000] {processor.py:925} INFO - DAG(s) 'news_dag' retrieved from /opt/airflow/dags/wordcount_dag.py
[2025-05-03T01:04:51.863+0000] {logging_mixin.py:190} INFO - [2025-05-03T01:04:51.863+0000] {dag.py:3239} INFO - Sync 1 DAGs
[2025-05-03T01:04:51.867+0000] {logging_mixin.py:190} INFO - [2025-05-03T01:04:51.867+0000] {dag.py:4180} INFO - Setting next_dagrun for news_dag to None, run_after=None
[2025-05-03T01:04:51.872+0000] {processor.py:208} INFO - Processing /opt/airflow/dags/wordcount_dag.py took 0.150 seconds
[2025-05-03T01:05:22.426+0000] {processor.py:186} INFO - Started process (PID=264) to work on /opt/airflow/dags/wordcount_dag.py
[2025-05-03T01:05:22.426+0000] {processor.py:914} INFO - Processing file /opt/airflow/dags/wordcount_dag.py for tasks to queue
[2025-05-03T01:05:22.427+0000] {logging_mixin.py:190} INFO - [2025-05-03T01:05:22.427+0000] {dagbag.py:588} INFO - Filling up the DagBag from /opt/airflow/dags/wordcount_dag.py
[2025-05-03T01:05:22.563+0000] {processor.py:925} INFO - DAG(s) 'news_dag' retrieved from /opt/airflow/dags/wordcount_dag.py
[2025-05-03T01:05:22.570+0000] {logging_mixin.py:190} INFO - [2025-05-03T01:05:22.570+0000] {dag.py:3239} INFO - Sync 1 DAGs
[2025-05-03T01:05:22.575+0000] {logging_mixin.py:190} INFO - [2025-05-03T01:05:22.575+0000] {dag.py:4180} INFO - Setting next_dagrun for news_dag to None, run_after=None
[2025-05-03T01:05:22.581+0000] {processor.py:208} INFO - Processing /opt/airflow/dags/wordcount_dag.py took 0.157 seconds
[2025-05-03T01:05:52.974+0000] {processor.py:186} INFO - Started process (PID=269) to work on /opt/airflow/dags/wordcount_dag.py
[2025-05-03T01:05:52.975+0000] {processor.py:914} INFO - Processing file /opt/airflow/dags/wordcount_dag.py for tasks to queue
[2025-05-03T01:05:52.975+0000] {logging_mixin.py:190} INFO - [2025-05-03T01:05:52.975+0000] {dagbag.py:588} INFO - Filling up the DagBag from /opt/airflow/dags/wordcount_dag.py
[2025-05-03T01:05:53.113+0000] {processor.py:925} INFO - DAG(s) 'news_dag' retrieved from /opt/airflow/dags/wordcount_dag.py
[2025-05-03T01:05:53.121+0000] {logging_mixin.py:190} INFO - [2025-05-03T01:05:53.121+0000] {dag.py:3239} INFO - Sync 1 DAGs
[2025-05-03T01:05:53.125+0000] {logging_mixin.py:190} INFO - [2025-05-03T01:05:53.125+0000] {dag.py:4180} INFO - Setting next_dagrun for news_dag to None, run_after=None
[2025-05-03T01:05:53.131+0000] {processor.py:208} INFO - Processing /opt/airflow/dags/wordcount_dag.py took 0.160 seconds
[2025-05-03T01:06:23.511+0000] {processor.py:186} INFO - Started process (PID=274) to work on /opt/airflow/dags/wordcount_dag.py
[2025-05-03T01:06:23.512+0000] {processor.py:914} INFO - Processing file /opt/airflow/dags/wordcount_dag.py for tasks to queue
[2025-05-03T01:06:23.512+0000] {logging_mixin.py:190} INFO - [2025-05-03T01:06:23.512+0000] {dagbag.py:588} INFO - Filling up the DagBag from /opt/airflow/dags/wordcount_dag.py
[2025-05-03T01:06:23.651+0000] {processor.py:925} INFO - DAG(s) 'news_dag' retrieved from /opt/airflow/dags/wordcount_dag.py
[2025-05-03T01:06:23.659+0000] {logging_mixin.py:190} INFO - [2025-05-03T01:06:23.658+0000] {dag.py:3239} INFO - Sync 1 DAGs
[2025-05-03T01:06:23.663+0000] {logging_mixin.py:190} INFO - [2025-05-03T01:06:23.663+0000] {dag.py:4180} INFO - Setting next_dagrun for news_dag to None, run_after=None
[2025-05-03T01:06:23.668+0000] {processor.py:208} INFO - Processing /opt/airflow/dags/wordcount_dag.py took 0.159 seconds
[2025-05-03T01:06:54.091+0000] {processor.py:186} INFO - Started process (PID=279) to work on /opt/airflow/dags/wordcount_dag.py
[2025-05-03T01:06:54.092+0000] {processor.py:914} INFO - Processing file /opt/airflow/dags/wordcount_dag.py for tasks to queue
[2025-05-03T01:06:54.092+0000] {logging_mixin.py:190} INFO - [2025-05-03T01:06:54.092+0000] {dagbag.py:588} INFO - Filling up the DagBag from /opt/airflow/dags/wordcount_dag.py
[2025-05-03T01:06:54.233+0000] {processor.py:925} INFO - DAG(s) 'news_dag' retrieved from /opt/airflow/dags/wordcount_dag.py
[2025-05-03T01:06:54.241+0000] {logging_mixin.py:190} INFO - [2025-05-03T01:06:54.241+0000] {dag.py:3239} INFO - Sync 1 DAGs
[2025-05-03T01:06:54.245+0000] {logging_mixin.py:190} INFO - [2025-05-03T01:06:54.245+0000] {dag.py:4180} INFO - Setting next_dagrun for news_dag to None, run_after=None
[2025-05-03T01:06:54.250+0000] {processor.py:208} INFO - Processing /opt/airflow/dags/wordcount_dag.py took 0.162 seconds
[2025-05-03T01:07:24.613+0000] {processor.py:186} INFO - Started process (PID=284) to work on /opt/airflow/dags/wordcount_dag.py
[2025-05-03T01:07:24.614+0000] {processor.py:914} INFO - Processing file /opt/airflow/dags/wordcount_dag.py for tasks to queue
[2025-05-03T01:07:24.615+0000] {logging_mixin.py:190} INFO - [2025-05-03T01:07:24.615+0000] {dagbag.py:588} INFO - Filling up the DagBag from /opt/airflow/dags/wordcount_dag.py
[2025-05-03T01:07:24.773+0000] {processor.py:925} INFO - DAG(s) 'news_dag' retrieved from /opt/airflow/dags/wordcount_dag.py
[2025-05-03T01:07:24.783+0000] {logging_mixin.py:190} INFO - [2025-05-03T01:07:24.783+0000] {dag.py:3239} INFO - Sync 1 DAGs
[2025-05-03T01:07:24.789+0000] {logging_mixin.py:190} INFO - [2025-05-03T01:07:24.789+0000] {dag.py:4180} INFO - Setting next_dagrun for news_dag to None, run_after=None
[2025-05-03T01:07:24.802+0000] {processor.py:208} INFO - Processing /opt/airflow/dags/wordcount_dag.py took 0.191 seconds
[2025-05-03T01:07:55.287+0000] {processor.py:186} INFO - Started process (PID=289) to work on /opt/airflow/dags/wordcount_dag.py
[2025-05-03T01:07:55.288+0000] {processor.py:914} INFO - Processing file /opt/airflow/dags/wordcount_dag.py for tasks to queue
[2025-05-03T01:07:55.288+0000] {logging_mixin.py:190} INFO - [2025-05-03T01:07:55.288+0000] {dagbag.py:588} INFO - Filling up the DagBag from /opt/airflow/dags/wordcount_dag.py
[2025-05-03T01:07:55.423+0000] {processor.py:925} INFO - DAG(s) 'news_dag' retrieved from /opt/airflow/dags/wordcount_dag.py
[2025-05-03T01:07:55.431+0000] {logging_mixin.py:190} INFO - [2025-05-03T01:07:55.430+0000] {dag.py:3239} INFO - Sync 1 DAGs
[2025-05-03T01:07:55.435+0000] {logging_mixin.py:190} INFO - [2025-05-03T01:07:55.435+0000] {dag.py:4180} INFO - Setting next_dagrun for news_dag to None, run_after=None
[2025-05-03T01:07:55.441+0000] {processor.py:208} INFO - Processing /opt/airflow/dags/wordcount_dag.py took 0.157 seconds
[2025-05-03T01:08:25.980+0000] {processor.py:186} INFO - Started process (PID=294) to work on /opt/airflow/dags/wordcount_dag.py
[2025-05-03T01:08:25.981+0000] {processor.py:914} INFO - Processing file /opt/airflow/dags/wordcount_dag.py for tasks to queue
[2025-05-03T01:08:25.981+0000] {logging_mixin.py:190} INFO - [2025-05-03T01:08:25.981+0000] {dagbag.py:588} INFO - Filling up the DagBag from /opt/airflow/dags/wordcount_dag.py
[2025-05-03T01:08:26.113+0000] {processor.py:925} INFO - DAG(s) 'news_dag' retrieved from /opt/airflow/dags/wordcount_dag.py
[2025-05-03T01:08:26.121+0000] {logging_mixin.py:190} INFO - [2025-05-03T01:08:26.121+0000] {dag.py:3239} INFO - Sync 1 DAGs
[2025-05-03T01:08:26.125+0000] {logging_mixin.py:190} INFO - [2025-05-03T01:08:26.125+0000] {dag.py:4180} INFO - Setting next_dagrun for news_dag to None, run_after=None
[2025-05-03T01:08:26.132+0000] {processor.py:208} INFO - Processing /opt/airflow/dags/wordcount_dag.py took 0.155 seconds
[2025-05-03T01:08:56.779+0000] {processor.py:186} INFO - Started process (PID=299) to work on /opt/airflow/dags/wordcount_dag.py
[2025-05-03T01:08:56.780+0000] {processor.py:914} INFO - Processing file /opt/airflow/dags/wordcount_dag.py for tasks to queue
[2025-05-03T01:08:56.780+0000] {logging_mixin.py:190} INFO - [2025-05-03T01:08:56.780+0000] {dagbag.py:588} INFO - Filling up the DagBag from /opt/airflow/dags/wordcount_dag.py
[2025-05-03T01:08:56.918+0000] {processor.py:925} INFO - DAG(s) 'news_dag' retrieved from /opt/airflow/dags/wordcount_dag.py
[2025-05-03T01:08:56.925+0000] {logging_mixin.py:190} INFO - [2025-05-03T01:08:56.925+0000] {dag.py:3239} INFO - Sync 1 DAGs
[2025-05-03T01:08:56.930+0000] {logging_mixin.py:190} INFO - [2025-05-03T01:08:56.930+0000] {dag.py:4180} INFO - Setting next_dagrun for news_dag to None, run_after=None
[2025-05-03T01:08:56.937+0000] {processor.py:208} INFO - Processing /opt/airflow/dags/wordcount_dag.py took 0.160 seconds
[2025-05-03T01:09:27.457+0000] {processor.py:186} INFO - Started process (PID=304) to work on /opt/airflow/dags/wordcount_dag.py
[2025-05-03T01:09:27.457+0000] {processor.py:914} INFO - Processing file /opt/airflow/dags/wordcount_dag.py for tasks to queue
[2025-05-03T01:09:27.458+0000] {logging_mixin.py:190} INFO - [2025-05-03T01:09:27.457+0000] {dagbag.py:588} INFO - Filling up the DagBag from /opt/airflow/dags/wordcount_dag.py
[2025-05-03T01:09:27.628+0000] {processor.py:925} INFO - DAG(s) 'news_dag' retrieved from /opt/airflow/dags/wordcount_dag.py
[2025-05-03T01:09:27.637+0000] {logging_mixin.py:190} INFO - [2025-05-03T01:09:27.637+0000] {dag.py:3239} INFO - Sync 1 DAGs
[2025-05-03T01:09:27.642+0000] {logging_mixin.py:190} INFO - [2025-05-03T01:09:27.642+0000] {dag.py:4180} INFO - Setting next_dagrun for news_dag to None, run_after=None
[2025-05-03T01:09:27.654+0000] {processor.py:208} INFO - Processing /opt/airflow/dags/wordcount_dag.py took 0.201 seconds
[2025-05-03T01:09:58.038+0000] {processor.py:186} INFO - Started process (PID=309) to work on /opt/airflow/dags/wordcount_dag.py
[2025-05-03T01:09:58.038+0000] {processor.py:914} INFO - Processing file /opt/airflow/dags/wordcount_dag.py for tasks to queue
[2025-05-03T01:09:58.039+0000] {logging_mixin.py:190} INFO - [2025-05-03T01:09:58.039+0000] {dagbag.py:588} INFO - Filling up the DagBag from /opt/airflow/dags/wordcount_dag.py
[2025-05-03T01:09:58.163+0000] {processor.py:925} INFO - DAG(s) 'news_dag' retrieved from /opt/airflow/dags/wordcount_dag.py
[2025-05-03T01:09:58.170+0000] {logging_mixin.py:190} INFO - [2025-05-03T01:09:58.170+0000] {dag.py:3239} INFO - Sync 1 DAGs
[2025-05-03T01:09:58.174+0000] {logging_mixin.py:190} INFO - [2025-05-03T01:09:58.174+0000] {dag.py:4180} INFO - Setting next_dagrun for news_dag to None, run_after=None
[2025-05-03T01:09:58.179+0000] {processor.py:208} INFO - Processing /opt/airflow/dags/wordcount_dag.py took 0.145 seconds
[2025-05-03T01:10:28.589+0000] {processor.py:186} INFO - Started process (PID=314) to work on /opt/airflow/dags/wordcount_dag.py
[2025-05-03T01:10:28.589+0000] {processor.py:914} INFO - Processing file /opt/airflow/dags/wordcount_dag.py for tasks to queue
[2025-05-03T01:10:28.590+0000] {logging_mixin.py:190} INFO - [2025-05-03T01:10:28.590+0000] {dagbag.py:588} INFO - Filling up the DagBag from /opt/airflow/dags/wordcount_dag.py
[2025-05-03T01:10:28.722+0000] {processor.py:925} INFO - DAG(s) 'news_dag' retrieved from /opt/airflow/dags/wordcount_dag.py
[2025-05-03T01:10:28.730+0000] {logging_mixin.py:190} INFO - [2025-05-03T01:10:28.730+0000] {dag.py:3239} INFO - Sync 1 DAGs
[2025-05-03T01:10:28.734+0000] {logging_mixin.py:190} INFO - [2025-05-03T01:10:28.734+0000] {dag.py:4180} INFO - Setting next_dagrun for news_dag to None, run_after=None
[2025-05-03T01:10:28.739+0000] {processor.py:208} INFO - Processing /opt/airflow/dags/wordcount_dag.py took 0.153 seconds
[2025-05-03T01:10:59.312+0000] {processor.py:186} INFO - Started process (PID=319) to work on /opt/airflow/dags/wordcount_dag.py
[2025-05-03T01:10:59.313+0000] {processor.py:914} INFO - Processing file /opt/airflow/dags/wordcount_dag.py for tasks to queue
[2025-05-03T01:10:59.313+0000] {logging_mixin.py:190} INFO - [2025-05-03T01:10:59.313+0000] {dagbag.py:588} INFO - Filling up the DagBag from /opt/airflow/dags/wordcount_dag.py
[2025-05-03T01:10:59.448+0000] {processor.py:925} INFO - DAG(s) 'news_dag' retrieved from /opt/airflow/dags/wordcount_dag.py
[2025-05-03T01:10:59.455+0000] {logging_mixin.py:190} INFO - [2025-05-03T01:10:59.455+0000] {dag.py:3239} INFO - Sync 1 DAGs
[2025-05-03T01:10:59.459+0000] {logging_mixin.py:190} INFO - [2025-05-03T01:10:59.459+0000] {dag.py:4180} INFO - Setting next_dagrun for news_dag to None, run_after=None
[2025-05-03T01:10:59.464+0000] {processor.py:208} INFO - Processing /opt/airflow/dags/wordcount_dag.py took 0.154 seconds
[2025-05-03T01:11:29.936+0000] {processor.py:186} INFO - Started process (PID=324) to work on /opt/airflow/dags/wordcount_dag.py
[2025-05-03T01:11:29.937+0000] {processor.py:914} INFO - Processing file /opt/airflow/dags/wordcount_dag.py for tasks to queue
[2025-05-03T01:11:29.937+0000] {logging_mixin.py:190} INFO - [2025-05-03T01:11:29.937+0000] {dagbag.py:588} INFO - Filling up the DagBag from /opt/airflow/dags/wordcount_dag.py
[2025-05-03T01:11:30.072+0000] {processor.py:925} INFO - DAG(s) 'news_dag' retrieved from /opt/airflow/dags/wordcount_dag.py
[2025-05-03T01:11:30.081+0000] {logging_mixin.py:190} INFO - [2025-05-03T01:11:30.081+0000] {dag.py:3239} INFO - Sync 1 DAGs
[2025-05-03T01:11:30.086+0000] {logging_mixin.py:190} INFO - [2025-05-03T01:11:30.086+0000] {dag.py:4180} INFO - Setting next_dagrun for news_dag to None, run_after=None
[2025-05-03T01:11:30.092+0000] {processor.py:208} INFO - Processing /opt/airflow/dags/wordcount_dag.py took 0.158 seconds
[2025-05-03T01:12:00.315+0000] {processor.py:186} INFO - Started process (PID=329) to work on /opt/airflow/dags/wordcount_dag.py
[2025-05-03T01:12:00.315+0000] {processor.py:914} INFO - Processing file /opt/airflow/dags/wordcount_dag.py for tasks to queue
[2025-05-03T01:12:00.316+0000] {logging_mixin.py:190} INFO - [2025-05-03T01:12:00.316+0000] {dagbag.py:588} INFO - Filling up the DagBag from /opt/airflow/dags/wordcount_dag.py
[2025-05-03T01:12:00.450+0000] {processor.py:925} INFO - DAG(s) 'news_dag' retrieved from /opt/airflow/dags/wordcount_dag.py
[2025-05-03T01:12:00.458+0000] {logging_mixin.py:190} INFO - [2025-05-03T01:12:00.458+0000] {dag.py:3239} INFO - Sync 1 DAGs
[2025-05-03T01:12:00.462+0000] {logging_mixin.py:190} INFO - [2025-05-03T01:12:00.462+0000] {dag.py:4180} INFO - Setting next_dagrun for news_dag to None, run_after=None
[2025-05-03T01:12:00.468+0000] {processor.py:208} INFO - Processing /opt/airflow/dags/wordcount_dag.py took 0.156 seconds
[2025-05-03T01:32:16.513+0000] {processor.py:186} INFO - Started process (PID=334) to work on /opt/airflow/dags/wordcount_dag.py
[2025-05-03T01:32:16.514+0000] {processor.py:914} INFO - Processing file /opt/airflow/dags/wordcount_dag.py for tasks to queue
[2025-05-03T01:32:16.514+0000] {logging_mixin.py:190} INFO - [2025-05-03T01:32:16.514+0000] {dagbag.py:588} INFO - Filling up the DagBag from /opt/airflow/dags/wordcount_dag.py
[2025-05-03T01:32:16.661+0000] {processor.py:925} INFO - DAG(s) 'news_dag' retrieved from /opt/airflow/dags/wordcount_dag.py
[2025-05-03T01:32:16.670+0000] {logging_mixin.py:190} INFO - [2025-05-03T01:32:16.670+0000] {dag.py:3239} INFO - Sync 1 DAGs
[2025-05-03T01:32:16.675+0000] {logging_mixin.py:190} INFO - [2025-05-03T01:32:16.675+0000] {dag.py:4180} INFO - Setting next_dagrun for news_dag to None, run_after=None
[2025-05-03T01:32:16.682+0000] {processor.py:208} INFO - Processing /opt/airflow/dags/wordcount_dag.py took 0.172 seconds
[2025-05-03T01:32:47.099+0000] {processor.py:186} INFO - Started process (PID=339) to work on /opt/airflow/dags/wordcount_dag.py
[2025-05-03T01:32:47.099+0000] {processor.py:914} INFO - Processing file /opt/airflow/dags/wordcount_dag.py for tasks to queue
[2025-05-03T01:32:47.100+0000] {logging_mixin.py:190} INFO - [2025-05-03T01:32:47.100+0000] {dagbag.py:588} INFO - Filling up the DagBag from /opt/airflow/dags/wordcount_dag.py
[2025-05-03T01:32:47.231+0000] {processor.py:925} INFO - DAG(s) 'news_dag' retrieved from /opt/airflow/dags/wordcount_dag.py
[2025-05-03T01:32:47.238+0000] {logging_mixin.py:190} INFO - [2025-05-03T01:32:47.238+0000] {dag.py:3239} INFO - Sync 1 DAGs
[2025-05-03T01:32:47.243+0000] {logging_mixin.py:190} INFO - [2025-05-03T01:32:47.243+0000] {dag.py:4180} INFO - Setting next_dagrun for news_dag to None, run_after=None
[2025-05-03T01:32:47.248+0000] {processor.py:208} INFO - Processing /opt/airflow/dags/wordcount_dag.py took 0.151 seconds
[2025-05-03T01:33:17.805+0000] {processor.py:186} INFO - Started process (PID=344) to work on /opt/airflow/dags/wordcount_dag.py
[2025-05-03T01:33:17.805+0000] {processor.py:914} INFO - Processing file /opt/airflow/dags/wordcount_dag.py for tasks to queue
[2025-05-03T01:33:17.805+0000] {logging_mixin.py:190} INFO - [2025-05-03T01:33:17.805+0000] {dagbag.py:588} INFO - Filling up the DagBag from /opt/airflow/dags/wordcount_dag.py
[2025-05-03T01:33:17.971+0000] {processor.py:925} INFO - DAG(s) 'news_dag' retrieved from /opt/airflow/dags/wordcount_dag.py
[2025-05-03T01:33:17.981+0000] {logging_mixin.py:190} INFO - [2025-05-03T01:33:17.980+0000] {dag.py:3239} INFO - Sync 1 DAGs
[2025-05-03T01:33:17.986+0000] {logging_mixin.py:190} INFO - [2025-05-03T01:33:17.986+0000] {dag.py:4180} INFO - Setting next_dagrun for news_dag to None, run_after=None
[2025-05-03T01:33:17.993+0000] {processor.py:208} INFO - Processing /opt/airflow/dags/wordcount_dag.py took 0.191 seconds
[2025-05-03T01:33:48.431+0000] {processor.py:186} INFO - Started process (PID=349) to work on /opt/airflow/dags/wordcount_dag.py
[2025-05-03T01:33:48.431+0000] {processor.py:914} INFO - Processing file /opt/airflow/dags/wordcount_dag.py for tasks to queue
[2025-05-03T01:33:48.432+0000] {logging_mixin.py:190} INFO - [2025-05-03T01:33:48.432+0000] {dagbag.py:588} INFO - Filling up the DagBag from /opt/airflow/dags/wordcount_dag.py
[2025-05-03T01:33:48.565+0000] {processor.py:925} INFO - DAG(s) 'news_dag' retrieved from /opt/airflow/dags/wordcount_dag.py
[2025-05-03T01:33:48.573+0000] {logging_mixin.py:190} INFO - [2025-05-03T01:33:48.572+0000] {dag.py:3239} INFO - Sync 1 DAGs
[2025-05-03T01:33:48.576+0000] {logging_mixin.py:190} INFO - [2025-05-03T01:33:48.576+0000] {dag.py:4180} INFO - Setting next_dagrun for news_dag to None, run_after=None
[2025-05-03T01:33:48.582+0000] {processor.py:208} INFO - Processing /opt/airflow/dags/wordcount_dag.py took 0.154 seconds
[2025-05-03T01:34:19.089+0000] {processor.py:186} INFO - Started process (PID=354) to work on /opt/airflow/dags/wordcount_dag.py
[2025-05-03T01:34:19.089+0000] {processor.py:914} INFO - Processing file /opt/airflow/dags/wordcount_dag.py for tasks to queue
[2025-05-03T01:34:19.089+0000] {logging_mixin.py:190} INFO - [2025-05-03T01:34:19.089+0000] {dagbag.py:588} INFO - Filling up the DagBag from /opt/airflow/dags/wordcount_dag.py
[2025-05-03T01:34:19.222+0000] {processor.py:925} INFO - DAG(s) 'news_dag' retrieved from /opt/airflow/dags/wordcount_dag.py
[2025-05-03T01:34:19.229+0000] {logging_mixin.py:190} INFO - [2025-05-03T01:34:19.229+0000] {dag.py:3239} INFO - Sync 1 DAGs
[2025-05-03T01:34:19.233+0000] {logging_mixin.py:190} INFO - [2025-05-03T01:34:19.233+0000] {dag.py:4180} INFO - Setting next_dagrun for news_dag to None, run_after=None
[2025-05-03T01:34:19.238+0000] {processor.py:208} INFO - Processing /opt/airflow/dags/wordcount_dag.py took 0.152 seconds
[2025-05-03T01:34:49.694+0000] {processor.py:186} INFO - Started process (PID=359) to work on /opt/airflow/dags/wordcount_dag.py
[2025-05-03T01:34:49.694+0000] {processor.py:914} INFO - Processing file /opt/airflow/dags/wordcount_dag.py for tasks to queue
[2025-05-03T01:34:49.695+0000] {logging_mixin.py:190} INFO - [2025-05-03T01:34:49.695+0000] {dagbag.py:588} INFO - Filling up the DagBag from /opt/airflow/dags/wordcount_dag.py
[2025-05-03T01:34:49.842+0000] {processor.py:925} INFO - DAG(s) 'news_dag' retrieved from /opt/airflow/dags/wordcount_dag.py
[2025-05-03T01:34:49.850+0000] {logging_mixin.py:190} INFO - [2025-05-03T01:34:49.850+0000] {dag.py:3239} INFO - Sync 1 DAGs
[2025-05-03T01:34:49.855+0000] {logging_mixin.py:190} INFO - [2025-05-03T01:34:49.855+0000] {dag.py:4180} INFO - Setting next_dagrun for news_dag to None, run_after=None
[2025-05-03T01:34:49.861+0000] {processor.py:208} INFO - Processing /opt/airflow/dags/wordcount_dag.py took 0.170 seconds
[2025-05-03T01:35:20.667+0000] {processor.py:186} INFO - Started process (PID=364) to work on /opt/airflow/dags/wordcount_dag.py
[2025-05-03T01:35:20.667+0000] {processor.py:914} INFO - Processing file /opt/airflow/dags/wordcount_dag.py for tasks to queue
[2025-05-03T01:35:20.668+0000] {logging_mixin.py:190} INFO - [2025-05-03T01:35:20.668+0000] {dagbag.py:588} INFO - Filling up the DagBag from /opt/airflow/dags/wordcount_dag.py
[2025-05-03T01:35:20.818+0000] {processor.py:925} INFO - DAG(s) 'news_dag' retrieved from /opt/airflow/dags/wordcount_dag.py
[2025-05-03T01:35:20.825+0000] {logging_mixin.py:190} INFO - [2025-05-03T01:35:20.824+0000] {dag.py:3239} INFO - Sync 1 DAGs
[2025-05-03T01:35:20.829+0000] {logging_mixin.py:190} INFO - [2025-05-03T01:35:20.829+0000] {dag.py:4180} INFO - Setting next_dagrun for news_dag to None, run_after=None
[2025-05-03T01:35:20.834+0000] {processor.py:208} INFO - Processing /opt/airflow/dags/wordcount_dag.py took 0.170 seconds
[2025-05-03T01:35:51.363+0000] {processor.py:186} INFO - Started process (PID=369) to work on /opt/airflow/dags/wordcount_dag.py
[2025-05-03T01:35:51.364+0000] {processor.py:914} INFO - Processing file /opt/airflow/dags/wordcount_dag.py for tasks to queue
[2025-05-03T01:35:51.364+0000] {logging_mixin.py:190} INFO - [2025-05-03T01:35:51.364+0000] {dagbag.py:588} INFO - Filling up the DagBag from /opt/airflow/dags/wordcount_dag.py
[2025-05-03T01:35:51.492+0000] {processor.py:925} INFO - DAG(s) 'news_dag' retrieved from /opt/airflow/dags/wordcount_dag.py
[2025-05-03T01:35:51.499+0000] {logging_mixin.py:190} INFO - [2025-05-03T01:35:51.499+0000] {dag.py:3239} INFO - Sync 1 DAGs
[2025-05-03T01:35:51.503+0000] {logging_mixin.py:190} INFO - [2025-05-03T01:35:51.503+0000] {dag.py:4180} INFO - Setting next_dagrun for news_dag to None, run_after=None
[2025-05-03T01:35:51.508+0000] {processor.py:208} INFO - Processing /opt/airflow/dags/wordcount_dag.py took 0.148 seconds
[2025-05-03T01:36:22.076+0000] {processor.py:186} INFO - Started process (PID=374) to work on /opt/airflow/dags/wordcount_dag.py
[2025-05-03T01:36:22.077+0000] {processor.py:914} INFO - Processing file /opt/airflow/dags/wordcount_dag.py for tasks to queue
[2025-05-03T01:36:22.078+0000] {logging_mixin.py:190} INFO - [2025-05-03T01:36:22.077+0000] {dagbag.py:588} INFO - Filling up the DagBag from /opt/airflow/dags/wordcount_dag.py
[2025-05-03T01:36:22.206+0000] {processor.py:925} INFO - DAG(s) 'news_dag' retrieved from /opt/airflow/dags/wordcount_dag.py
[2025-05-03T01:36:22.213+0000] {logging_mixin.py:190} INFO - [2025-05-03T01:36:22.213+0000] {dag.py:3239} INFO - Sync 1 DAGs
[2025-05-03T01:36:22.217+0000] {logging_mixin.py:190} INFO - [2025-05-03T01:36:22.217+0000] {dag.py:4180} INFO - Setting next_dagrun for news_dag to None, run_after=None
[2025-05-03T01:36:22.222+0000] {processor.py:208} INFO - Processing /opt/airflow/dags/wordcount_dag.py took 0.148 seconds
[2025-05-03T01:36:52.727+0000] {processor.py:186} INFO - Started process (PID=379) to work on /opt/airflow/dags/wordcount_dag.py
[2025-05-03T01:36:52.728+0000] {processor.py:914} INFO - Processing file /opt/airflow/dags/wordcount_dag.py for tasks to queue
[2025-05-03T01:36:52.728+0000] {logging_mixin.py:190} INFO - [2025-05-03T01:36:52.728+0000] {dagbag.py:588} INFO - Filling up the DagBag from /opt/airflow/dags/wordcount_dag.py
[2025-05-03T01:36:52.874+0000] {processor.py:925} INFO - DAG(s) 'news_dag' retrieved from /opt/airflow/dags/wordcount_dag.py
[2025-05-03T01:36:52.883+0000] {logging_mixin.py:190} INFO - [2025-05-03T01:36:52.883+0000] {dag.py:3239} INFO - Sync 1 DAGs
[2025-05-03T01:36:52.888+0000] {logging_mixin.py:190} INFO - [2025-05-03T01:36:52.888+0000] {dag.py:4180} INFO - Setting next_dagrun for news_dag to None, run_after=None
[2025-05-03T01:36:52.896+0000] {processor.py:208} INFO - Processing /opt/airflow/dags/wordcount_dag.py took 0.172 seconds
[2025-05-03T01:37:23.511+0000] {processor.py:186} INFO - Started process (PID=384) to work on /opt/airflow/dags/wordcount_dag.py
[2025-05-03T01:37:23.511+0000] {processor.py:914} INFO - Processing file /opt/airflow/dags/wordcount_dag.py for tasks to queue
[2025-05-03T01:37:23.512+0000] {logging_mixin.py:190} INFO - [2025-05-03T01:37:23.512+0000] {dagbag.py:588} INFO - Filling up the DagBag from /opt/airflow/dags/wordcount_dag.py
[2025-05-03T01:37:23.667+0000] {processor.py:925} INFO - DAG(s) 'news_dag' retrieved from /opt/airflow/dags/wordcount_dag.py
[2025-05-03T01:37:23.674+0000] {logging_mixin.py:190} INFO - [2025-05-03T01:37:23.674+0000] {dag.py:3239} INFO - Sync 1 DAGs
[2025-05-03T01:37:23.678+0000] {logging_mixin.py:190} INFO - [2025-05-03T01:37:23.678+0000] {dag.py:4180} INFO - Setting next_dagrun for news_dag to None, run_after=None
[2025-05-03T01:37:23.684+0000] {processor.py:208} INFO - Processing /opt/airflow/dags/wordcount_dag.py took 0.177 seconds
[2025-05-03T01:37:53.947+0000] {processor.py:186} INFO - Started process (PID=389) to work on /opt/airflow/dags/wordcount_dag.py
[2025-05-03T01:37:53.949+0000] {processor.py:914} INFO - Processing file /opt/airflow/dags/wordcount_dag.py for tasks to queue
[2025-05-03T01:37:53.949+0000] {logging_mixin.py:190} INFO - [2025-05-03T01:37:53.949+0000] {dagbag.py:588} INFO - Filling up the DagBag from /opt/airflow/dags/wordcount_dag.py
[2025-05-03T01:37:54.122+0000] {processor.py:925} INFO - DAG(s) 'news_dag' retrieved from /opt/airflow/dags/wordcount_dag.py
[2025-05-03T01:37:54.134+0000] {logging_mixin.py:190} INFO - [2025-05-03T01:37:54.133+0000] {dag.py:3239} INFO - Sync 1 DAGs
[2025-05-03T01:37:54.139+0000] {logging_mixin.py:190} INFO - [2025-05-03T01:37:54.139+0000] {dag.py:4180} INFO - Setting next_dagrun for news_dag to None, run_after=None
[2025-05-03T01:37:54.150+0000] {processor.py:208} INFO - Processing /opt/airflow/dags/wordcount_dag.py took 0.208 seconds
[2025-05-03T01:38:24.564+0000] {processor.py:186} INFO - Started process (PID=394) to work on /opt/airflow/dags/wordcount_dag.py
[2025-05-03T01:38:24.565+0000] {processor.py:914} INFO - Processing file /opt/airflow/dags/wordcount_dag.py for tasks to queue
[2025-05-03T01:38:24.565+0000] {logging_mixin.py:190} INFO - [2025-05-03T01:38:24.565+0000] {dagbag.py:588} INFO - Filling up the DagBag from /opt/airflow/dags/wordcount_dag.py
[2025-05-03T01:38:24.701+0000] {processor.py:925} INFO - DAG(s) 'news_dag' retrieved from /opt/airflow/dags/wordcount_dag.py
[2025-05-03T01:38:24.708+0000] {logging_mixin.py:190} INFO - [2025-05-03T01:38:24.708+0000] {dag.py:3239} INFO - Sync 1 DAGs
[2025-05-03T01:38:24.712+0000] {logging_mixin.py:190} INFO - [2025-05-03T01:38:24.712+0000] {dag.py:4180} INFO - Setting next_dagrun for news_dag to None, run_after=None
[2025-05-03T01:38:24.718+0000] {processor.py:208} INFO - Processing /opt/airflow/dags/wordcount_dag.py took 0.158 seconds
[2025-05-03T01:38:55.281+0000] {processor.py:186} INFO - Started process (PID=399) to work on /opt/airflow/dags/wordcount_dag.py
[2025-05-03T01:38:55.282+0000] {processor.py:914} INFO - Processing file /opt/airflow/dags/wordcount_dag.py for tasks to queue
[2025-05-03T01:38:55.283+0000] {logging_mixin.py:190} INFO - [2025-05-03T01:38:55.282+0000] {dagbag.py:588} INFO - Filling up the DagBag from /opt/airflow/dags/wordcount_dag.py
[2025-05-03T01:38:55.452+0000] {processor.py:925} INFO - DAG(s) 'news_dag' retrieved from /opt/airflow/dags/wordcount_dag.py
[2025-05-03T01:38:55.461+0000] {logging_mixin.py:190} INFO - [2025-05-03T01:38:55.461+0000] {dag.py:3239} INFO - Sync 1 DAGs
[2025-05-03T01:38:55.467+0000] {logging_mixin.py:190} INFO - [2025-05-03T01:38:55.467+0000] {dag.py:4180} INFO - Setting next_dagrun for news_dag to None, run_after=None
[2025-05-03T01:38:55.478+0000] {processor.py:208} INFO - Processing /opt/airflow/dags/wordcount_dag.py took 0.201 seconds
[2025-05-03T01:39:25.841+0000] {processor.py:186} INFO - Started process (PID=404) to work on /opt/airflow/dags/wordcount_dag.py
[2025-05-03T01:39:25.841+0000] {processor.py:914} INFO - Processing file /opt/airflow/dags/wordcount_dag.py for tasks to queue
[2025-05-03T01:39:25.841+0000] {logging_mixin.py:190} INFO - [2025-05-03T01:39:25.841+0000] {dagbag.py:588} INFO - Filling up the DagBag from /opt/airflow/dags/wordcount_dag.py
[2025-05-03T01:39:25.977+0000] {processor.py:925} INFO - DAG(s) 'news_dag' retrieved from /opt/airflow/dags/wordcount_dag.py
[2025-05-03T01:39:25.985+0000] {logging_mixin.py:190} INFO - [2025-05-03T01:39:25.984+0000] {dag.py:3239} INFO - Sync 1 DAGs
[2025-05-03T01:39:25.989+0000] {logging_mixin.py:190} INFO - [2025-05-03T01:39:25.989+0000] {dag.py:4180} INFO - Setting next_dagrun for news_dag to None, run_after=None
[2025-05-03T01:39:25.995+0000] {processor.py:208} INFO - Processing /opt/airflow/dags/wordcount_dag.py took 0.157 seconds
[2025-05-03T01:39:56.580+0000] {processor.py:186} INFO - Started process (PID=409) to work on /opt/airflow/dags/wordcount_dag.py
[2025-05-03T01:39:56.581+0000] {processor.py:914} INFO - Processing file /opt/airflow/dags/wordcount_dag.py for tasks to queue
[2025-05-03T01:39:56.581+0000] {logging_mixin.py:190} INFO - [2025-05-03T01:39:56.581+0000] {dagbag.py:588} INFO - Filling up the DagBag from /opt/airflow/dags/wordcount_dag.py
[2025-05-03T01:39:56.739+0000] {processor.py:925} INFO - DAG(s) 'news_dag' retrieved from /opt/airflow/dags/wordcount_dag.py
[2025-05-03T01:39:56.746+0000] {logging_mixin.py:190} INFO - [2025-05-03T01:39:56.746+0000] {dag.py:3239} INFO - Sync 1 DAGs
[2025-05-03T01:39:56.751+0000] {logging_mixin.py:190} INFO - [2025-05-03T01:39:56.751+0000] {dag.py:4180} INFO - Setting next_dagrun for news_dag to None, run_after=None
[2025-05-03T01:39:56.756+0000] {processor.py:208} INFO - Processing /opt/airflow/dags/wordcount_dag.py took 0.179 seconds
[2025-05-03T01:40:27.232+0000] {processor.py:186} INFO - Started process (PID=414) to work on /opt/airflow/dags/wordcount_dag.py
[2025-05-03T01:40:27.232+0000] {processor.py:914} INFO - Processing file /opt/airflow/dags/wordcount_dag.py for tasks to queue
[2025-05-03T01:40:27.233+0000] {logging_mixin.py:190} INFO - [2025-05-03T01:40:27.233+0000] {dagbag.py:588} INFO - Filling up the DagBag from /opt/airflow/dags/wordcount_dag.py
[2025-05-03T01:40:27.365+0000] {processor.py:925} INFO - DAG(s) 'news_dag' retrieved from /opt/airflow/dags/wordcount_dag.py
[2025-05-03T01:40:27.372+0000] {logging_mixin.py:190} INFO - [2025-05-03T01:40:27.371+0000] {dag.py:3239} INFO - Sync 1 DAGs
[2025-05-03T01:40:27.375+0000] {logging_mixin.py:190} INFO - [2025-05-03T01:40:27.375+0000] {dag.py:4180} INFO - Setting next_dagrun for news_dag to None, run_after=None
[2025-05-03T01:40:27.381+0000] {processor.py:208} INFO - Processing /opt/airflow/dags/wordcount_dag.py took 0.151 seconds
[2025-05-03T01:40:57.671+0000] {processor.py:186} INFO - Started process (PID=419) to work on /opt/airflow/dags/wordcount_dag.py
[2025-05-03T01:40:57.672+0000] {processor.py:914} INFO - Processing file /opt/airflow/dags/wordcount_dag.py for tasks to queue
[2025-05-03T01:40:57.672+0000] {logging_mixin.py:190} INFO - [2025-05-03T01:40:57.672+0000] {dagbag.py:588} INFO - Filling up the DagBag from /opt/airflow/dags/wordcount_dag.py
[2025-05-03T01:40:57.814+0000] {processor.py:925} INFO - DAG(s) 'news_dag' retrieved from /opt/airflow/dags/wordcount_dag.py
[2025-05-03T01:40:57.822+0000] {logging_mixin.py:190} INFO - [2025-05-03T01:40:57.822+0000] {dag.py:3239} INFO - Sync 1 DAGs
[2025-05-03T01:40:57.828+0000] {logging_mixin.py:190} INFO - [2025-05-03T01:40:57.828+0000] {dag.py:4180} INFO - Setting next_dagrun for news_dag to None, run_after=None
[2025-05-03T01:40:57.834+0000] {processor.py:208} INFO - Processing /opt/airflow/dags/wordcount_dag.py took 0.166 seconds
[2025-05-03T01:41:28.583+0000] {processor.py:186} INFO - Started process (PID=424) to work on /opt/airflow/dags/wordcount_dag.py
[2025-05-03T01:41:28.583+0000] {processor.py:914} INFO - Processing file /opt/airflow/dags/wordcount_dag.py for tasks to queue
[2025-05-03T01:41:28.584+0000] {logging_mixin.py:190} INFO - [2025-05-03T01:41:28.584+0000] {dagbag.py:588} INFO - Filling up the DagBag from /opt/airflow/dags/wordcount_dag.py
[2025-05-03T01:41:28.736+0000] {processor.py:925} INFO - DAG(s) 'news_dag' retrieved from /opt/airflow/dags/wordcount_dag.py
[2025-05-03T01:41:28.745+0000] {logging_mixin.py:190} INFO - [2025-05-03T01:41:28.745+0000] {dag.py:3239} INFO - Sync 1 DAGs
[2025-05-03T01:41:28.749+0000] {logging_mixin.py:190} INFO - [2025-05-03T01:41:28.749+0000] {dag.py:4180} INFO - Setting next_dagrun for news_dag to None, run_after=None
[2025-05-03T01:41:28.755+0000] {processor.py:208} INFO - Processing /opt/airflow/dags/wordcount_dag.py took 0.176 seconds
[2025-05-03T01:41:59.331+0000] {processor.py:186} INFO - Started process (PID=429) to work on /opt/airflow/dags/wordcount_dag.py
[2025-05-03T01:41:59.332+0000] {processor.py:914} INFO - Processing file /opt/airflow/dags/wordcount_dag.py for tasks to queue
[2025-05-03T01:41:59.332+0000] {logging_mixin.py:190} INFO - [2025-05-03T01:41:59.332+0000] {dagbag.py:588} INFO - Filling up the DagBag from /opt/airflow/dags/wordcount_dag.py
[2025-05-03T01:41:59.467+0000] {processor.py:925} INFO - DAG(s) 'news_dag' retrieved from /opt/airflow/dags/wordcount_dag.py
[2025-05-03T01:41:59.474+0000] {logging_mixin.py:190} INFO - [2025-05-03T01:41:59.473+0000] {dag.py:3239} INFO - Sync 1 DAGs
[2025-05-03T01:41:59.478+0000] {logging_mixin.py:190} INFO - [2025-05-03T01:41:59.478+0000] {dag.py:4180} INFO - Setting next_dagrun for news_dag to None, run_after=None
[2025-05-03T01:41:59.482+0000] {processor.py:208} INFO - Processing /opt/airflow/dags/wordcount_dag.py took 0.154 seconds
[2025-05-03T01:42:30.015+0000] {processor.py:186} INFO - Started process (PID=434) to work on /opt/airflow/dags/wordcount_dag.py
[2025-05-03T01:42:30.015+0000] {processor.py:914} INFO - Processing file /opt/airflow/dags/wordcount_dag.py for tasks to queue
[2025-05-03T01:42:30.016+0000] {logging_mixin.py:190} INFO - [2025-05-03T01:42:30.016+0000] {dagbag.py:588} INFO - Filling up the DagBag from /opt/airflow/dags/wordcount_dag.py
[2025-05-03T01:42:30.182+0000] {processor.py:925} INFO - DAG(s) 'news_dag' retrieved from /opt/airflow/dags/wordcount_dag.py
[2025-05-03T01:42:30.193+0000] {logging_mixin.py:190} INFO - [2025-05-03T01:42:30.192+0000] {dag.py:3239} INFO - Sync 1 DAGs
[2025-05-03T01:42:30.197+0000] {logging_mixin.py:190} INFO - [2025-05-03T01:42:30.197+0000] {dag.py:4180} INFO - Setting next_dagrun for news_dag to None, run_after=None
[2025-05-03T01:42:30.207+0000] {processor.py:208} INFO - Processing /opt/airflow/dags/wordcount_dag.py took 0.195 seconds
[2025-05-03T01:43:00.735+0000] {processor.py:186} INFO - Started process (PID=439) to work on /opt/airflow/dags/wordcount_dag.py
[2025-05-03T01:43:00.735+0000] {processor.py:914} INFO - Processing file /opt/airflow/dags/wordcount_dag.py for tasks to queue
[2025-05-03T01:43:00.736+0000] {logging_mixin.py:190} INFO - [2025-05-03T01:43:00.736+0000] {dagbag.py:588} INFO - Filling up the DagBag from /opt/airflow/dags/wordcount_dag.py
[2025-05-03T01:43:00.883+0000] {processor.py:925} INFO - DAG(s) 'news_dag' retrieved from /opt/airflow/dags/wordcount_dag.py
[2025-05-03T01:43:00.891+0000] {logging_mixin.py:190} INFO - [2025-05-03T01:43:00.891+0000] {dag.py:3239} INFO - Sync 1 DAGs
[2025-05-03T01:43:00.896+0000] {logging_mixin.py:190} INFO - [2025-05-03T01:43:00.896+0000] {dag.py:4180} INFO - Setting next_dagrun for news_dag to None, run_after=None
[2025-05-03T01:43:00.904+0000] {processor.py:208} INFO - Processing /opt/airflow/dags/wordcount_dag.py took 0.172 seconds
[2025-05-03T01:43:31.429+0000] {processor.py:186} INFO - Started process (PID=444) to work on /opt/airflow/dags/wordcount_dag.py
[2025-05-03T01:43:31.430+0000] {processor.py:914} INFO - Processing file /opt/airflow/dags/wordcount_dag.py for tasks to queue
[2025-05-03T01:43:31.430+0000] {logging_mixin.py:190} INFO - [2025-05-03T01:43:31.430+0000] {dagbag.py:588} INFO - Filling up the DagBag from /opt/airflow/dags/wordcount_dag.py
[2025-05-03T01:43:31.559+0000] {processor.py:925} INFO - DAG(s) 'news_dag' retrieved from /opt/airflow/dags/wordcount_dag.py
[2025-05-03T01:43:31.566+0000] {logging_mixin.py:190} INFO - [2025-05-03T01:43:31.566+0000] {dag.py:3239} INFO - Sync 1 DAGs
[2025-05-03T01:43:31.570+0000] {logging_mixin.py:190} INFO - [2025-05-03T01:43:31.569+0000] {dag.py:4180} INFO - Setting next_dagrun for news_dag to None, run_after=None
[2025-05-03T01:43:31.575+0000] {processor.py:208} INFO - Processing /opt/airflow/dags/wordcount_dag.py took 0.148 seconds
[2025-05-03T01:44:02.206+0000] {processor.py:186} INFO - Started process (PID=449) to work on /opt/airflow/dags/wordcount_dag.py
[2025-05-03T01:44:02.207+0000] {processor.py:914} INFO - Processing file /opt/airflow/dags/wordcount_dag.py for tasks to queue
[2025-05-03T01:44:02.207+0000] {logging_mixin.py:190} INFO - [2025-05-03T01:44:02.207+0000] {dagbag.py:588} INFO - Filling up the DagBag from /opt/airflow/dags/wordcount_dag.py
[2025-05-03T01:44:02.337+0000] {processor.py:925} INFO - DAG(s) 'news_dag' retrieved from /opt/airflow/dags/wordcount_dag.py
[2025-05-03T01:44:02.344+0000] {logging_mixin.py:190} INFO - [2025-05-03T01:44:02.343+0000] {dag.py:3239} INFO - Sync 1 DAGs
[2025-05-03T01:44:02.348+0000] {logging_mixin.py:190} INFO - [2025-05-03T01:44:02.348+0000] {dag.py:4180} INFO - Setting next_dagrun for news_dag to None, run_after=None
[2025-05-03T01:44:02.353+0000] {processor.py:208} INFO - Processing /opt/airflow/dags/wordcount_dag.py took 0.149 seconds
[2025-05-03T01:44:32.747+0000] {processor.py:186} INFO - Started process (PID=454) to work on /opt/airflow/dags/wordcount_dag.py
[2025-05-03T01:44:32.747+0000] {processor.py:914} INFO - Processing file /opt/airflow/dags/wordcount_dag.py for tasks to queue
[2025-05-03T01:44:32.748+0000] {logging_mixin.py:190} INFO - [2025-05-03T01:44:32.748+0000] {dagbag.py:588} INFO - Filling up the DagBag from /opt/airflow/dags/wordcount_dag.py
[2025-05-03T01:44:32.883+0000] {processor.py:925} INFO - DAG(s) 'news_dag' retrieved from /opt/airflow/dags/wordcount_dag.py
[2025-05-03T01:44:32.892+0000] {logging_mixin.py:190} INFO - [2025-05-03T01:44:32.892+0000] {dag.py:3239} INFO - Sync 1 DAGs
[2025-05-03T01:44:32.897+0000] {logging_mixin.py:190} INFO - [2025-05-03T01:44:32.897+0000] {dag.py:4180} INFO - Setting next_dagrun for news_dag to None, run_after=None
[2025-05-03T01:44:32.903+0000] {processor.py:208} INFO - Processing /opt/airflow/dags/wordcount_dag.py took 0.159 seconds
[2025-05-03T01:45:03.560+0000] {processor.py:186} INFO - Started process (PID=459) to work on /opt/airflow/dags/wordcount_dag.py
[2025-05-03T01:45:03.561+0000] {processor.py:914} INFO - Processing file /opt/airflow/dags/wordcount_dag.py for tasks to queue
[2025-05-03T01:45:03.562+0000] {logging_mixin.py:190} INFO - [2025-05-03T01:45:03.562+0000] {dagbag.py:588} INFO - Filling up the DagBag from /opt/airflow/dags/wordcount_dag.py
[2025-05-03T01:45:03.716+0000] {processor.py:925} INFO - DAG(s) 'news_dag' retrieved from /opt/airflow/dags/wordcount_dag.py
[2025-05-03T01:45:03.725+0000] {logging_mixin.py:190} INFO - [2025-05-03T01:45:03.725+0000] {dag.py:3239} INFO - Sync 1 DAGs
[2025-05-03T01:45:03.730+0000] {logging_mixin.py:190} INFO - [2025-05-03T01:45:03.730+0000] {dag.py:4180} INFO - Setting next_dagrun for news_dag to None, run_after=None
[2025-05-03T01:45:03.739+0000] {processor.py:208} INFO - Processing /opt/airflow/dags/wordcount_dag.py took 0.181 seconds
[2025-05-03T01:45:34.258+0000] {processor.py:186} INFO - Started process (PID=464) to work on /opt/airflow/dags/wordcount_dag.py
[2025-05-03T01:45:34.259+0000] {processor.py:914} INFO - Processing file /opt/airflow/dags/wordcount_dag.py for tasks to queue
[2025-05-03T01:45:34.259+0000] {logging_mixin.py:190} INFO - [2025-05-03T01:45:34.259+0000] {dagbag.py:588} INFO - Filling up the DagBag from /opt/airflow/dags/wordcount_dag.py
[2025-05-03T01:45:34.417+0000] {processor.py:925} INFO - DAG(s) 'news_dag' retrieved from /opt/airflow/dags/wordcount_dag.py
[2025-05-03T01:45:34.425+0000] {logging_mixin.py:190} INFO - [2025-05-03T01:45:34.425+0000] {dag.py:3239} INFO - Sync 1 DAGs
[2025-05-03T01:45:34.429+0000] {logging_mixin.py:190} INFO - [2025-05-03T01:45:34.429+0000] {dag.py:4180} INFO - Setting next_dagrun for news_dag to None, run_after=None
[2025-05-03T01:45:34.435+0000] {processor.py:208} INFO - Processing /opt/airflow/dags/wordcount_dag.py took 0.180 seconds
[2025-05-03T01:46:04.785+0000] {processor.py:186} INFO - Started process (PID=469) to work on /opt/airflow/dags/wordcount_dag.py
[2025-05-03T01:46:04.786+0000] {processor.py:914} INFO - Processing file /opt/airflow/dags/wordcount_dag.py for tasks to queue
[2025-05-03T01:46:04.787+0000] {logging_mixin.py:190} INFO - [2025-05-03T01:46:04.787+0000] {dagbag.py:588} INFO - Filling up the DagBag from /opt/airflow/dags/wordcount_dag.py
[2025-05-03T01:46:04.943+0000] {processor.py:925} INFO - DAG(s) 'news_dag' retrieved from /opt/airflow/dags/wordcount_dag.py
[2025-05-03T01:46:04.952+0000] {logging_mixin.py:190} INFO - [2025-05-03T01:46:04.952+0000] {dag.py:3239} INFO - Sync 1 DAGs
[2025-05-03T01:46:04.957+0000] {logging_mixin.py:190} INFO - [2025-05-03T01:46:04.957+0000] {dag.py:4180} INFO - Setting next_dagrun for news_dag to None, run_after=None
[2025-05-03T01:46:04.966+0000] {processor.py:208} INFO - Processing /opt/airflow/dags/wordcount_dag.py took 0.184 seconds
[2025-05-03T01:46:35.719+0000] {processor.py:186} INFO - Started process (PID=474) to work on /opt/airflow/dags/wordcount_dag.py
[2025-05-03T01:46:35.720+0000] {processor.py:914} INFO - Processing file /opt/airflow/dags/wordcount_dag.py for tasks to queue
[2025-05-03T01:46:35.720+0000] {logging_mixin.py:190} INFO - [2025-05-03T01:46:35.720+0000] {dagbag.py:588} INFO - Filling up the DagBag from /opt/airflow/dags/wordcount_dag.py
[2025-05-03T01:46:35.885+0000] {processor.py:925} INFO - DAG(s) 'news_dag' retrieved from /opt/airflow/dags/wordcount_dag.py
[2025-05-03T01:46:35.893+0000] {logging_mixin.py:190} INFO - [2025-05-03T01:46:35.893+0000] {dag.py:3239} INFO - Sync 1 DAGs
[2025-05-03T01:46:35.899+0000] {logging_mixin.py:190} INFO - [2025-05-03T01:46:35.899+0000] {dag.py:4180} INFO - Setting next_dagrun for news_dag to None, run_after=None
[2025-05-03T01:46:35.907+0000] {processor.py:208} INFO - Processing /opt/airflow/dags/wordcount_dag.py took 0.191 seconds
[2025-05-03T01:47:06.431+0000] {processor.py:186} INFO - Started process (PID=479) to work on /opt/airflow/dags/wordcount_dag.py
[2025-05-03T01:47:06.431+0000] {processor.py:914} INFO - Processing file /opt/airflow/dags/wordcount_dag.py for tasks to queue
[2025-05-03T01:47:06.431+0000] {logging_mixin.py:190} INFO - [2025-05-03T01:47:06.431+0000] {dagbag.py:588} INFO - Filling up the DagBag from /opt/airflow/dags/wordcount_dag.py
[2025-05-03T01:47:06.562+0000] {processor.py:925} INFO - DAG(s) 'news_dag' retrieved from /opt/airflow/dags/wordcount_dag.py
[2025-05-03T01:47:06.569+0000] {logging_mixin.py:190} INFO - [2025-05-03T01:47:06.569+0000] {dag.py:3239} INFO - Sync 1 DAGs
[2025-05-03T01:47:06.573+0000] {logging_mixin.py:190} INFO - [2025-05-03T01:47:06.573+0000] {dag.py:4180} INFO - Setting next_dagrun for news_dag to None, run_after=None
[2025-05-03T01:47:06.578+0000] {processor.py:208} INFO - Processing /opt/airflow/dags/wordcount_dag.py took 0.150 seconds
[2025-05-03T01:47:37.039+0000] {processor.py:186} INFO - Started process (PID=484) to work on /opt/airflow/dags/wordcount_dag.py
[2025-05-03T01:47:37.039+0000] {processor.py:914} INFO - Processing file /opt/airflow/dags/wordcount_dag.py for tasks to queue
[2025-05-03T01:47:37.040+0000] {logging_mixin.py:190} INFO - [2025-05-03T01:47:37.039+0000] {dagbag.py:588} INFO - Filling up the DagBag from /opt/airflow/dags/wordcount_dag.py
[2025-05-03T01:47:37.197+0000] {processor.py:925} INFO - DAG(s) 'news_dag' retrieved from /opt/airflow/dags/wordcount_dag.py
[2025-05-03T01:47:37.206+0000] {logging_mixin.py:190} INFO - [2025-05-03T01:47:37.205+0000] {dag.py:3239} INFO - Sync 1 DAGs
[2025-05-03T01:47:37.211+0000] {logging_mixin.py:190} INFO - [2025-05-03T01:47:37.210+0000] {dag.py:4180} INFO - Setting next_dagrun for news_dag to None, run_after=None
[2025-05-03T01:47:37.218+0000] {processor.py:208} INFO - Processing /opt/airflow/dags/wordcount_dag.py took 0.183 seconds
[2025-05-03T01:48:07.420+0000] {processor.py:186} INFO - Started process (PID=489) to work on /opt/airflow/dags/wordcount_dag.py
[2025-05-03T01:48:07.420+0000] {processor.py:914} INFO - Processing file /opt/airflow/dags/wordcount_dag.py for tasks to queue
[2025-05-03T01:48:07.421+0000] {logging_mixin.py:190} INFO - [2025-05-03T01:48:07.421+0000] {dagbag.py:588} INFO - Filling up the DagBag from /opt/airflow/dags/wordcount_dag.py
[2025-05-03T01:48:07.558+0000] {processor.py:925} INFO - DAG(s) 'news_dag' retrieved from /opt/airflow/dags/wordcount_dag.py
[2025-05-03T01:48:07.566+0000] {logging_mixin.py:190} INFO - [2025-05-03T01:48:07.566+0000] {dag.py:3239} INFO - Sync 1 DAGs
[2025-05-03T01:48:07.570+0000] {logging_mixin.py:190} INFO - [2025-05-03T01:48:07.570+0000] {dag.py:4180} INFO - Setting next_dagrun for news_dag to None, run_after=None
[2025-05-03T01:48:07.576+0000] {processor.py:208} INFO - Processing /opt/airflow/dags/wordcount_dag.py took 0.159 seconds
[2025-05-03T01:48:38.191+0000] {processor.py:186} INFO - Started process (PID=494) to work on /opt/airflow/dags/wordcount_dag.py
[2025-05-03T01:48:38.191+0000] {processor.py:914} INFO - Processing file /opt/airflow/dags/wordcount_dag.py for tasks to queue
[2025-05-03T01:48:38.192+0000] {logging_mixin.py:190} INFO - [2025-05-03T01:48:38.192+0000] {dagbag.py:588} INFO - Filling up the DagBag from /opt/airflow/dags/wordcount_dag.py
[2025-05-03T01:48:38.330+0000] {processor.py:925} INFO - DAG(s) 'news_dag' retrieved from /opt/airflow/dags/wordcount_dag.py
[2025-05-03T01:48:38.337+0000] {logging_mixin.py:190} INFO - [2025-05-03T01:48:38.337+0000] {dag.py:3239} INFO - Sync 1 DAGs
[2025-05-03T01:48:38.341+0000] {logging_mixin.py:190} INFO - [2025-05-03T01:48:38.341+0000] {dag.py:4180} INFO - Setting next_dagrun for news_dag to None, run_after=None
[2025-05-03T01:48:38.346+0000] {processor.py:208} INFO - Processing /opt/airflow/dags/wordcount_dag.py took 0.158 seconds
[2025-05-03T01:49:08.634+0000] {processor.py:186} INFO - Started process (PID=499) to work on /opt/airflow/dags/wordcount_dag.py
[2025-05-03T01:49:08.634+0000] {processor.py:914} INFO - Processing file /opt/airflow/dags/wordcount_dag.py for tasks to queue
[2025-05-03T01:49:08.635+0000] {logging_mixin.py:190} INFO - [2025-05-03T01:49:08.635+0000] {dagbag.py:588} INFO - Filling up the DagBag from /opt/airflow/dags/wordcount_dag.py
[2025-05-03T01:49:08.775+0000] {processor.py:925} INFO - DAG(s) 'news_dag' retrieved from /opt/airflow/dags/wordcount_dag.py
[2025-05-03T01:49:08.783+0000] {logging_mixin.py:190} INFO - [2025-05-03T01:49:08.783+0000] {dag.py:3239} INFO - Sync 1 DAGs
[2025-05-03T01:49:08.787+0000] {logging_mixin.py:190} INFO - [2025-05-03T01:49:08.787+0000] {dag.py:4180} INFO - Setting next_dagrun for news_dag to None, run_after=None
[2025-05-03T01:49:08.793+0000] {processor.py:208} INFO - Processing /opt/airflow/dags/wordcount_dag.py took 0.163 seconds
[2025-05-03T01:49:39.340+0000] {processor.py:186} INFO - Started process (PID=504) to work on /opt/airflow/dags/wordcount_dag.py
[2025-05-03T01:49:39.341+0000] {processor.py:914} INFO - Processing file /opt/airflow/dags/wordcount_dag.py for tasks to queue
[2025-05-03T01:49:39.341+0000] {logging_mixin.py:190} INFO - [2025-05-03T01:49:39.341+0000] {dagbag.py:588} INFO - Filling up the DagBag from /opt/airflow/dags/wordcount_dag.py
[2025-05-03T01:49:39.488+0000] {processor.py:925} INFO - DAG(s) 'news_dag' retrieved from /opt/airflow/dags/wordcount_dag.py
[2025-05-03T01:49:39.496+0000] {logging_mixin.py:190} INFO - [2025-05-03T01:49:39.495+0000] {dag.py:3239} INFO - Sync 1 DAGs
[2025-05-03T01:49:39.500+0000] {logging_mixin.py:190} INFO - [2025-05-03T01:49:39.500+0000] {dag.py:4180} INFO - Setting next_dagrun for news_dag to None, run_after=None
[2025-05-03T01:49:39.505+0000] {processor.py:208} INFO - Processing /opt/airflow/dags/wordcount_dag.py took 0.168 seconds
[2025-05-03T01:50:10.092+0000] {processor.py:186} INFO - Started process (PID=509) to work on /opt/airflow/dags/wordcount_dag.py
[2025-05-03T01:50:10.092+0000] {processor.py:914} INFO - Processing file /opt/airflow/dags/wordcount_dag.py for tasks to queue
[2025-05-03T01:50:10.093+0000] {logging_mixin.py:190} INFO - [2025-05-03T01:50:10.092+0000] {dagbag.py:588} INFO - Filling up the DagBag from /opt/airflow/dags/wordcount_dag.py
[2025-05-03T01:50:10.246+0000] {processor.py:925} INFO - DAG(s) 'news_dag' retrieved from /opt/airflow/dags/wordcount_dag.py
[2025-05-03T01:50:10.256+0000] {logging_mixin.py:190} INFO - [2025-05-03T01:50:10.255+0000] {dag.py:3239} INFO - Sync 1 DAGs
[2025-05-03T01:50:10.261+0000] {logging_mixin.py:190} INFO - [2025-05-03T01:50:10.261+0000] {dag.py:4180} INFO - Setting next_dagrun for news_dag to None, run_after=None
[2025-05-03T01:50:10.268+0000] {processor.py:208} INFO - Processing /opt/airflow/dags/wordcount_dag.py took 0.180 seconds
[2025-05-03T01:50:40.983+0000] {processor.py:186} INFO - Started process (PID=514) to work on /opt/airflow/dags/wordcount_dag.py
[2025-05-03T01:50:40.984+0000] {processor.py:914} INFO - Processing file /opt/airflow/dags/wordcount_dag.py for tasks to queue
[2025-05-03T01:50:40.985+0000] {logging_mixin.py:190} INFO - [2025-05-03T01:50:40.985+0000] {dagbag.py:588} INFO - Filling up the DagBag from /opt/airflow/dags/wordcount_dag.py
[2025-05-03T01:50:41.119+0000] {processor.py:925} INFO - DAG(s) 'news_dag' retrieved from /opt/airflow/dags/wordcount_dag.py
[2025-05-03T01:50:41.126+0000] {logging_mixin.py:190} INFO - [2025-05-03T01:50:41.126+0000] {dag.py:3239} INFO - Sync 1 DAGs
[2025-05-03T01:50:41.131+0000] {logging_mixin.py:190} INFO - [2025-05-03T01:50:41.130+0000] {dag.py:4180} INFO - Setting next_dagrun for news_dag to None, run_after=None
[2025-05-03T01:50:41.136+0000] {processor.py:208} INFO - Processing /opt/airflow/dags/wordcount_dag.py took 0.155 seconds
[2025-05-03T01:51:11.530+0000] {processor.py:186} INFO - Started process (PID=519) to work on /opt/airflow/dags/wordcount_dag.py
[2025-05-03T01:51:11.531+0000] {processor.py:914} INFO - Processing file /opt/airflow/dags/wordcount_dag.py for tasks to queue
[2025-05-03T01:51:11.531+0000] {logging_mixin.py:190} INFO - [2025-05-03T01:51:11.531+0000] {dagbag.py:588} INFO - Filling up the DagBag from /opt/airflow/dags/wordcount_dag.py
[2025-05-03T01:51:11.669+0000] {processor.py:925} INFO - DAG(s) 'news_dag' retrieved from /opt/airflow/dags/wordcount_dag.py
[2025-05-03T01:51:11.677+0000] {logging_mixin.py:190} INFO - [2025-05-03T01:51:11.676+0000] {dag.py:3239} INFO - Sync 1 DAGs
[2025-05-03T01:51:11.681+0000] {logging_mixin.py:190} INFO - [2025-05-03T01:51:11.681+0000] {dag.py:4180} INFO - Setting next_dagrun for news_dag to None, run_after=None
[2025-05-03T01:51:11.687+0000] {processor.py:208} INFO - Processing /opt/airflow/dags/wordcount_dag.py took 0.159 seconds
[2025-05-03T01:51:42.540+0000] {processor.py:186} INFO - Started process (PID=524) to work on /opt/airflow/dags/wordcount_dag.py
[2025-05-03T01:51:42.541+0000] {processor.py:914} INFO - Processing file /opt/airflow/dags/wordcount_dag.py for tasks to queue
[2025-05-03T01:51:42.542+0000] {logging_mixin.py:190} INFO - [2025-05-03T01:51:42.542+0000] {dagbag.py:588} INFO - Filling up the DagBag from /opt/airflow/dags/wordcount_dag.py
[2025-05-03T01:51:42.682+0000] {processor.py:925} INFO - DAG(s) 'news_dag' retrieved from /opt/airflow/dags/wordcount_dag.py
[2025-05-03T01:51:42.689+0000] {logging_mixin.py:190} INFO - [2025-05-03T01:51:42.689+0000] {dag.py:3239} INFO - Sync 1 DAGs
[2025-05-03T01:51:42.693+0000] {logging_mixin.py:190} INFO - [2025-05-03T01:51:42.693+0000] {dag.py:4180} INFO - Setting next_dagrun for news_dag to None, run_after=None
[2025-05-03T01:51:42.699+0000] {processor.py:208} INFO - Processing /opt/airflow/dags/wordcount_dag.py took 0.162 seconds
[2025-05-03T01:52:13.041+0000] {processor.py:186} INFO - Started process (PID=529) to work on /opt/airflow/dags/wordcount_dag.py
[2025-05-03T01:52:13.041+0000] {processor.py:914} INFO - Processing file /opt/airflow/dags/wordcount_dag.py for tasks to queue
[2025-05-03T01:52:13.042+0000] {logging_mixin.py:190} INFO - [2025-05-03T01:52:13.042+0000] {dagbag.py:588} INFO - Filling up the DagBag from /opt/airflow/dags/wordcount_dag.py
[2025-05-03T01:52:13.182+0000] {processor.py:925} INFO - DAG(s) 'news_dag' retrieved from /opt/airflow/dags/wordcount_dag.py
[2025-05-03T01:52:13.190+0000] {logging_mixin.py:190} INFO - [2025-05-03T01:52:13.190+0000] {dag.py:3239} INFO - Sync 1 DAGs
[2025-05-03T01:52:13.194+0000] {logging_mixin.py:190} INFO - [2025-05-03T01:52:13.194+0000] {dag.py:4180} INFO - Setting next_dagrun for news_dag to None, run_after=None
[2025-05-03T01:52:13.200+0000] {processor.py:208} INFO - Processing /opt/airflow/dags/wordcount_dag.py took 0.161 seconds
[2025-05-03T01:52:43.812+0000] {processor.py:186} INFO - Started process (PID=534) to work on /opt/airflow/dags/wordcount_dag.py
[2025-05-03T01:52:43.812+0000] {processor.py:914} INFO - Processing file /opt/airflow/dags/wordcount_dag.py for tasks to queue
[2025-05-03T01:52:43.813+0000] {logging_mixin.py:190} INFO - [2025-05-03T01:52:43.813+0000] {dagbag.py:588} INFO - Filling up the DagBag from /opt/airflow/dags/wordcount_dag.py
[2025-05-03T01:52:43.979+0000] {processor.py:925} INFO - DAG(s) 'news_dag' retrieved from /opt/airflow/dags/wordcount_dag.py
[2025-05-03T01:52:43.989+0000] {logging_mixin.py:190} INFO - [2025-05-03T01:52:43.988+0000] {dag.py:3239} INFO - Sync 1 DAGs
[2025-05-03T01:52:43.994+0000] {logging_mixin.py:190} INFO - [2025-05-03T01:52:43.994+0000] {dag.py:4180} INFO - Setting next_dagrun for news_dag to None, run_after=None
[2025-05-03T01:52:44.002+0000] {processor.py:208} INFO - Processing /opt/airflow/dags/wordcount_dag.py took 0.193 seconds
[2025-05-03T01:53:14.502+0000] {processor.py:186} INFO - Started process (PID=539) to work on /opt/airflow/dags/wordcount_dag.py
[2025-05-03T01:53:14.502+0000] {processor.py:914} INFO - Processing file /opt/airflow/dags/wordcount_dag.py for tasks to queue
[2025-05-03T01:53:14.503+0000] {logging_mixin.py:190} INFO - [2025-05-03T01:53:14.503+0000] {dagbag.py:588} INFO - Filling up the DagBag from /opt/airflow/dags/wordcount_dag.py
[2025-05-03T01:53:14.656+0000] {processor.py:925} INFO - DAG(s) 'news_dag' retrieved from /opt/airflow/dags/wordcount_dag.py
[2025-05-03T01:53:14.667+0000] {logging_mixin.py:190} INFO - [2025-05-03T01:53:14.667+0000] {dag.py:3239} INFO - Sync 1 DAGs
[2025-05-03T01:53:14.672+0000] {logging_mixin.py:190} INFO - [2025-05-03T01:53:14.672+0000] {dag.py:4180} INFO - Setting next_dagrun for news_dag to None, run_after=None
[2025-05-03T01:53:14.679+0000] {processor.py:208} INFO - Processing /opt/airflow/dags/wordcount_dag.py took 0.180 seconds
[2025-05-03T01:53:45.108+0000] {processor.py:186} INFO - Started process (PID=544) to work on /opt/airflow/dags/wordcount_dag.py
[2025-05-03T01:53:45.109+0000] {processor.py:914} INFO - Processing file /opt/airflow/dags/wordcount_dag.py for tasks to queue
[2025-05-03T01:53:45.109+0000] {logging_mixin.py:190} INFO - [2025-05-03T01:53:45.109+0000] {dagbag.py:588} INFO - Filling up the DagBag from /opt/airflow/dags/wordcount_dag.py
[2025-05-03T01:53:45.246+0000] {processor.py:925} INFO - DAG(s) 'news_dag' retrieved from /opt/airflow/dags/wordcount_dag.py
[2025-05-03T01:53:45.254+0000] {logging_mixin.py:190} INFO - [2025-05-03T01:53:45.254+0000] {dag.py:3239} INFO - Sync 1 DAGs
[2025-05-03T01:53:45.258+0000] {logging_mixin.py:190} INFO - [2025-05-03T01:53:45.258+0000] {dag.py:4180} INFO - Setting next_dagrun for news_dag to None, run_after=None
[2025-05-03T01:53:45.263+0000] {processor.py:208} INFO - Processing /opt/airflow/dags/wordcount_dag.py took 0.158 seconds
[2025-05-03T01:54:15.863+0000] {processor.py:186} INFO - Started process (PID=549) to work on /opt/airflow/dags/wordcount_dag.py
[2025-05-03T01:54:15.864+0000] {processor.py:914} INFO - Processing file /opt/airflow/dags/wordcount_dag.py for tasks to queue
[2025-05-03T01:54:15.864+0000] {logging_mixin.py:190} INFO - [2025-05-03T01:54:15.864+0000] {dagbag.py:588} INFO - Filling up the DagBag from /opt/airflow/dags/wordcount_dag.py
[2025-05-03T01:54:16.004+0000] {processor.py:925} INFO - DAG(s) 'news_dag' retrieved from /opt/airflow/dags/wordcount_dag.py
[2025-05-03T01:54:16.013+0000] {logging_mixin.py:190} INFO - [2025-05-03T01:54:16.013+0000] {dag.py:3239} INFO - Sync 1 DAGs
[2025-05-03T01:54:16.018+0000] {logging_mixin.py:190} INFO - [2025-05-03T01:54:16.018+0000] {dag.py:4180} INFO - Setting next_dagrun for news_dag to None, run_after=None
[2025-05-03T01:54:16.028+0000] {processor.py:208} INFO - Processing /opt/airflow/dags/wordcount_dag.py took 0.167 seconds
[2025-05-03T01:54:46.403+0000] {processor.py:186} INFO - Started process (PID=554) to work on /opt/airflow/dags/wordcount_dag.py
[2025-05-03T01:54:46.403+0000] {processor.py:914} INFO - Processing file /opt/airflow/dags/wordcount_dag.py for tasks to queue
[2025-05-03T01:54:46.404+0000] {logging_mixin.py:190} INFO - [2025-05-03T01:54:46.404+0000] {dagbag.py:588} INFO - Filling up the DagBag from /opt/airflow/dags/wordcount_dag.py
[2025-05-03T01:54:46.543+0000] {processor.py:925} INFO - DAG(s) 'news_dag' retrieved from /opt/airflow/dags/wordcount_dag.py
[2025-05-03T01:54:46.550+0000] {logging_mixin.py:190} INFO - [2025-05-03T01:54:46.550+0000] {dag.py:3239} INFO - Sync 1 DAGs
[2025-05-03T01:54:46.555+0000] {logging_mixin.py:190} INFO - [2025-05-03T01:54:46.555+0000] {dag.py:4180} INFO - Setting next_dagrun for news_dag to None, run_after=None
[2025-05-03T01:54:46.560+0000] {processor.py:208} INFO - Processing /opt/airflow/dags/wordcount_dag.py took 0.160 seconds
[2025-05-03T01:55:17.056+0000] {processor.py:186} INFO - Started process (PID=559) to work on /opt/airflow/dags/wordcount_dag.py
[2025-05-03T01:55:17.057+0000] {processor.py:914} INFO - Processing file /opt/airflow/dags/wordcount_dag.py for tasks to queue
[2025-05-03T01:55:17.057+0000] {logging_mixin.py:190} INFO - [2025-05-03T01:55:17.057+0000] {dagbag.py:588} INFO - Filling up the DagBag from /opt/airflow/dags/wordcount_dag.py
[2025-05-03T01:55:17.194+0000] {processor.py:925} INFO - DAG(s) 'news_dag' retrieved from /opt/airflow/dags/wordcount_dag.py
[2025-05-03T01:55:17.202+0000] {logging_mixin.py:190} INFO - [2025-05-03T01:55:17.202+0000] {dag.py:3239} INFO - Sync 1 DAGs
[2025-05-03T01:55:17.206+0000] {logging_mixin.py:190} INFO - [2025-05-03T01:55:17.206+0000] {dag.py:4180} INFO - Setting next_dagrun for news_dag to None, run_after=None
[2025-05-03T01:55:17.212+0000] {processor.py:208} INFO - Processing /opt/airflow/dags/wordcount_dag.py took 0.159 seconds
[2025-05-03T01:55:47.871+0000] {processor.py:186} INFO - Started process (PID=564) to work on /opt/airflow/dags/wordcount_dag.py
[2025-05-03T01:55:47.872+0000] {processor.py:914} INFO - Processing file /opt/airflow/dags/wordcount_dag.py for tasks to queue
[2025-05-03T01:55:47.872+0000] {logging_mixin.py:190} INFO - [2025-05-03T01:55:47.872+0000] {dagbag.py:588} INFO - Filling up the DagBag from /opt/airflow/dags/wordcount_dag.py
[2025-05-03T01:55:48.005+0000] {processor.py:925} INFO - DAG(s) 'news_dag' retrieved from /opt/airflow/dags/wordcount_dag.py
[2025-05-03T01:55:48.013+0000] {logging_mixin.py:190} INFO - [2025-05-03T01:55:48.012+0000] {dag.py:3239} INFO - Sync 1 DAGs
[2025-05-03T01:55:48.016+0000] {logging_mixin.py:190} INFO - [2025-05-03T01:55:48.016+0000] {dag.py:4180} INFO - Setting next_dagrun for news_dag to None, run_after=None
[2025-05-03T01:55:48.022+0000] {processor.py:208} INFO - Processing /opt/airflow/dags/wordcount_dag.py took 0.154 seconds
[2025-05-03T01:56:18.270+0000] {processor.py:186} INFO - Started process (PID=569) to work on /opt/airflow/dags/wordcount_dag.py
[2025-05-03T01:56:18.270+0000] {processor.py:914} INFO - Processing file /opt/airflow/dags/wordcount_dag.py for tasks to queue
[2025-05-03T01:56:18.271+0000] {logging_mixin.py:190} INFO - [2025-05-03T01:56:18.271+0000] {dagbag.py:588} INFO - Filling up the DagBag from /opt/airflow/dags/wordcount_dag.py
[2025-05-03T01:56:18.418+0000] {processor.py:925} INFO - DAG(s) 'news_dag' retrieved from /opt/airflow/dags/wordcount_dag.py
[2025-05-03T01:56:18.426+0000] {logging_mixin.py:190} INFO - [2025-05-03T01:56:18.425+0000] {dag.py:3239} INFO - Sync 1 DAGs
[2025-05-03T01:56:18.430+0000] {logging_mixin.py:190} INFO - [2025-05-03T01:56:18.430+0000] {dag.py:4180} INFO - Setting next_dagrun for news_dag to None, run_after=None
[2025-05-03T01:56:18.436+0000] {processor.py:208} INFO - Processing /opt/airflow/dags/wordcount_dag.py took 0.170 seconds
[2025-05-03T01:56:48.865+0000] {processor.py:186} INFO - Started process (PID=574) to work on /opt/airflow/dags/wordcount_dag.py
[2025-05-03T01:56:48.865+0000] {processor.py:914} INFO - Processing file /opt/airflow/dags/wordcount_dag.py for tasks to queue
[2025-05-03T01:56:48.866+0000] {logging_mixin.py:190} INFO - [2025-05-03T01:56:48.866+0000] {dagbag.py:588} INFO - Filling up the DagBag from /opt/airflow/dags/wordcount_dag.py
[2025-05-03T01:56:48.999+0000] {processor.py:925} INFO - DAG(s) 'news_dag' retrieved from /opt/airflow/dags/wordcount_dag.py
[2025-05-03T01:56:49.006+0000] {logging_mixin.py:190} INFO - [2025-05-03T01:56:49.006+0000] {dag.py:3239} INFO - Sync 1 DAGs
[2025-05-03T01:56:49.011+0000] {logging_mixin.py:190} INFO - [2025-05-03T01:56:49.011+0000] {dag.py:4180} INFO - Setting next_dagrun for news_dag to None, run_after=None
[2025-05-03T01:56:49.016+0000] {processor.py:208} INFO - Processing /opt/airflow/dags/wordcount_dag.py took 0.155 seconds
[2025-05-03T01:57:19.515+0000] {processor.py:186} INFO - Started process (PID=579) to work on /opt/airflow/dags/wordcount_dag.py
[2025-05-03T01:57:19.516+0000] {processor.py:914} INFO - Processing file /opt/airflow/dags/wordcount_dag.py for tasks to queue
[2025-05-03T01:57:19.516+0000] {logging_mixin.py:190} INFO - [2025-05-03T01:57:19.516+0000] {dagbag.py:588} INFO - Filling up the DagBag from /opt/airflow/dags/wordcount_dag.py
[2025-05-03T01:57:19.659+0000] {processor.py:925} INFO - DAG(s) 'news_dag' retrieved from /opt/airflow/dags/wordcount_dag.py
[2025-05-03T01:57:19.667+0000] {logging_mixin.py:190} INFO - [2025-05-03T01:57:19.667+0000] {dag.py:3239} INFO - Sync 1 DAGs
[2025-05-03T01:57:19.671+0000] {logging_mixin.py:190} INFO - [2025-05-03T01:57:19.671+0000] {dag.py:4180} INFO - Setting next_dagrun for news_dag to None, run_after=None
[2025-05-03T01:57:19.678+0000] {processor.py:208} INFO - Processing /opt/airflow/dags/wordcount_dag.py took 0.166 seconds
[2025-05-03T01:57:50.264+0000] {processor.py:186} INFO - Started process (PID=584) to work on /opt/airflow/dags/wordcount_dag.py
[2025-05-03T01:57:50.265+0000] {processor.py:914} INFO - Processing file /opt/airflow/dags/wordcount_dag.py for tasks to queue
[2025-05-03T01:57:50.265+0000] {logging_mixin.py:190} INFO - [2025-05-03T01:57:50.265+0000] {dagbag.py:588} INFO - Filling up the DagBag from /opt/airflow/dags/wordcount_dag.py
[2025-05-03T01:57:50.399+0000] {processor.py:925} INFO - DAG(s) 'news_dag' retrieved from /opt/airflow/dags/wordcount_dag.py
[2025-05-03T01:57:50.406+0000] {logging_mixin.py:190} INFO - [2025-05-03T01:57:50.406+0000] {dag.py:3239} INFO - Sync 1 DAGs
[2025-05-03T01:57:50.410+0000] {logging_mixin.py:190} INFO - [2025-05-03T01:57:50.410+0000] {dag.py:4180} INFO - Setting next_dagrun for news_dag to None, run_after=None
[2025-05-03T01:57:50.416+0000] {processor.py:208} INFO - Processing /opt/airflow/dags/wordcount_dag.py took 0.155 seconds
[2025-05-03T01:58:20.987+0000] {processor.py:186} INFO - Started process (PID=589) to work on /opt/airflow/dags/wordcount_dag.py
[2025-05-03T01:58:20.987+0000] {processor.py:914} INFO - Processing file /opt/airflow/dags/wordcount_dag.py for tasks to queue
[2025-05-03T01:58:20.988+0000] {logging_mixin.py:190} INFO - [2025-05-03T01:58:20.987+0000] {dagbag.py:588} INFO - Filling up the DagBag from /opt/airflow/dags/wordcount_dag.py
[2025-05-03T01:58:21.126+0000] {processor.py:925} INFO - DAG(s) 'news_dag' retrieved from /opt/airflow/dags/wordcount_dag.py
[2025-05-03T01:58:21.136+0000] {logging_mixin.py:190} INFO - [2025-05-03T01:58:21.135+0000] {dag.py:3239} INFO - Sync 1 DAGs
[2025-05-03T01:58:21.140+0000] {logging_mixin.py:190} INFO - [2025-05-03T01:58:21.140+0000] {dag.py:4180} INFO - Setting next_dagrun for news_dag to None, run_after=None
[2025-05-03T01:58:21.146+0000] {processor.py:208} INFO - Processing /opt/airflow/dags/wordcount_dag.py took 0.162 seconds
[2025-05-03T01:58:51.706+0000] {processor.py:186} INFO - Started process (PID=594) to work on /opt/airflow/dags/wordcount_dag.py
[2025-05-03T01:58:51.707+0000] {processor.py:914} INFO - Processing file /opt/airflow/dags/wordcount_dag.py for tasks to queue
[2025-05-03T01:58:51.707+0000] {logging_mixin.py:190} INFO - [2025-05-03T01:58:51.707+0000] {dagbag.py:588} INFO - Filling up the DagBag from /opt/airflow/dags/wordcount_dag.py
[2025-05-03T01:58:51.848+0000] {processor.py:925} INFO - DAG(s) 'news_dag' retrieved from /opt/airflow/dags/wordcount_dag.py
[2025-05-03T01:58:51.855+0000] {logging_mixin.py:190} INFO - [2025-05-03T01:58:51.855+0000] {dag.py:3239} INFO - Sync 1 DAGs
[2025-05-03T01:58:51.859+0000] {logging_mixin.py:190} INFO - [2025-05-03T01:58:51.859+0000] {dag.py:4180} INFO - Setting next_dagrun for news_dag to None, run_after=None
[2025-05-03T01:58:51.864+0000] {processor.py:208} INFO - Processing /opt/airflow/dags/wordcount_dag.py took 0.161 seconds
[2025-05-03T01:59:22.517+0000] {processor.py:186} INFO - Started process (PID=599) to work on /opt/airflow/dags/wordcount_dag.py
[2025-05-03T01:59:22.517+0000] {processor.py:914} INFO - Processing file /opt/airflow/dags/wordcount_dag.py for tasks to queue
[2025-05-03T01:59:22.518+0000] {logging_mixin.py:190} INFO - [2025-05-03T01:59:22.518+0000] {dagbag.py:588} INFO - Filling up the DagBag from /opt/airflow/dags/wordcount_dag.py
[2025-05-03T01:59:22.662+0000] {processor.py:925} INFO - DAG(s) 'news_dag' retrieved from /opt/airflow/dags/wordcount_dag.py
[2025-05-03T01:59:22.670+0000] {logging_mixin.py:190} INFO - [2025-05-03T01:59:22.670+0000] {dag.py:3239} INFO - Sync 1 DAGs
[2025-05-03T01:59:22.675+0000] {logging_mixin.py:190} INFO - [2025-05-03T01:59:22.674+0000] {dag.py:4180} INFO - Setting next_dagrun for news_dag to None, run_after=None
[2025-05-03T01:59:22.680+0000] {processor.py:208} INFO - Processing /opt/airflow/dags/wordcount_dag.py took 0.166 seconds
[2025-05-03T01:59:53.300+0000] {processor.py:186} INFO - Started process (PID=604) to work on /opt/airflow/dags/wordcount_dag.py
[2025-05-03T01:59:53.301+0000] {processor.py:914} INFO - Processing file /opt/airflow/dags/wordcount_dag.py for tasks to queue
[2025-05-03T01:59:53.302+0000] {logging_mixin.py:190} INFO - [2025-05-03T01:59:53.301+0000] {dagbag.py:588} INFO - Filling up the DagBag from /opt/airflow/dags/wordcount_dag.py
[2025-05-03T01:59:53.440+0000] {processor.py:925} INFO - DAG(s) 'news_dag' retrieved from /opt/airflow/dags/wordcount_dag.py
[2025-05-03T01:59:53.447+0000] {logging_mixin.py:190} INFO - [2025-05-03T01:59:53.447+0000] {dag.py:3239} INFO - Sync 1 DAGs
[2025-05-03T01:59:53.451+0000] {logging_mixin.py:190} INFO - [2025-05-03T01:59:53.451+0000] {dag.py:4180} INFO - Setting next_dagrun for news_dag to None, run_after=None
[2025-05-03T01:59:53.457+0000] {processor.py:208} INFO - Processing /opt/airflow/dags/wordcount_dag.py took 0.159 seconds
[2025-05-03T02:00:23.974+0000] {processor.py:186} INFO - Started process (PID=609) to work on /opt/airflow/dags/wordcount_dag.py
[2025-05-03T02:00:23.974+0000] {processor.py:914} INFO - Processing file /opt/airflow/dags/wordcount_dag.py for tasks to queue
[2025-05-03T02:00:23.975+0000] {logging_mixin.py:190} INFO - [2025-05-03T02:00:23.975+0000] {dagbag.py:588} INFO - Filling up the DagBag from /opt/airflow/dags/wordcount_dag.py
[2025-05-03T02:00:24.119+0000] {processor.py:925} INFO - DAG(s) 'news_dag' retrieved from /opt/airflow/dags/wordcount_dag.py
[2025-05-03T02:00:24.127+0000] {logging_mixin.py:190} INFO - [2025-05-03T02:00:24.126+0000] {dag.py:3239} INFO - Sync 1 DAGs
[2025-05-03T02:00:24.131+0000] {logging_mixin.py:190} INFO - [2025-05-03T02:00:24.131+0000] {dag.py:4180} INFO - Setting next_dagrun for news_dag to None, run_after=None
[2025-05-03T02:00:24.137+0000] {processor.py:208} INFO - Processing /opt/airflow/dags/wordcount_dag.py took 0.166 seconds
[2025-05-03T02:00:54.596+0000] {processor.py:186} INFO - Started process (PID=614) to work on /opt/airflow/dags/wordcount_dag.py
[2025-05-03T02:00:54.597+0000] {processor.py:914} INFO - Processing file /opt/airflow/dags/wordcount_dag.py for tasks to queue
[2025-05-03T02:00:54.598+0000] {logging_mixin.py:190} INFO - [2025-05-03T02:00:54.598+0000] {dagbag.py:588} INFO - Filling up the DagBag from /opt/airflow/dags/wordcount_dag.py
[2025-05-03T02:00:54.763+0000] {processor.py:925} INFO - DAG(s) 'news_dag' retrieved from /opt/airflow/dags/wordcount_dag.py
[2025-05-03T02:00:54.773+0000] {logging_mixin.py:190} INFO - [2025-05-03T02:00:54.773+0000] {dag.py:3239} INFO - Sync 1 DAGs
[2025-05-03T02:00:54.779+0000] {logging_mixin.py:190} INFO - [2025-05-03T02:00:54.779+0000] {dag.py:4180} INFO - Setting next_dagrun for news_dag to None, run_after=None
[2025-05-03T02:00:54.789+0000] {processor.py:208} INFO - Processing /opt/airflow/dags/wordcount_dag.py took 0.196 seconds
[2025-05-03T02:01:25.550+0000] {processor.py:186} INFO - Started process (PID=619) to work on /opt/airflow/dags/wordcount_dag.py
[2025-05-03T02:01:25.550+0000] {processor.py:914} INFO - Processing file /opt/airflow/dags/wordcount_dag.py for tasks to queue
[2025-05-03T02:01:25.551+0000] {logging_mixin.py:190} INFO - [2025-05-03T02:01:25.551+0000] {dagbag.py:588} INFO - Filling up the DagBag from /opt/airflow/dags/wordcount_dag.py
[2025-05-03T02:01:25.689+0000] {processor.py:925} INFO - DAG(s) 'news_dag' retrieved from /opt/airflow/dags/wordcount_dag.py
[2025-05-03T02:01:25.697+0000] {logging_mixin.py:190} INFO - [2025-05-03T02:01:25.697+0000] {dag.py:3239} INFO - Sync 1 DAGs
[2025-05-03T02:01:25.701+0000] {logging_mixin.py:190} INFO - [2025-05-03T02:01:25.701+0000] {dag.py:4180} INFO - Setting next_dagrun for news_dag to None, run_after=None
[2025-05-03T02:01:25.707+0000] {processor.py:208} INFO - Processing /opt/airflow/dags/wordcount_dag.py took 0.160 seconds
[2025-05-03T02:01:56.276+0000] {processor.py:186} INFO - Started process (PID=624) to work on /opt/airflow/dags/wordcount_dag.py
[2025-05-03T02:01:56.277+0000] {processor.py:914} INFO - Processing file /opt/airflow/dags/wordcount_dag.py for tasks to queue
[2025-05-03T02:01:56.277+0000] {logging_mixin.py:190} INFO - [2025-05-03T02:01:56.277+0000] {dagbag.py:588} INFO - Filling up the DagBag from /opt/airflow/dags/wordcount_dag.py
[2025-05-03T02:01:56.409+0000] {processor.py:925} INFO - DAG(s) 'news_dag' retrieved from /opt/airflow/dags/wordcount_dag.py
[2025-05-03T02:01:56.416+0000] {logging_mixin.py:190} INFO - [2025-05-03T02:01:56.416+0000] {dag.py:3239} INFO - Sync 1 DAGs
[2025-05-03T02:01:56.420+0000] {logging_mixin.py:190} INFO - [2025-05-03T02:01:56.420+0000] {dag.py:4180} INFO - Setting next_dagrun for news_dag to None, run_after=None
[2025-05-03T02:01:56.425+0000] {processor.py:208} INFO - Processing /opt/airflow/dags/wordcount_dag.py took 0.151 seconds
[2025-05-03T02:02:26.778+0000] {processor.py:186} INFO - Started process (PID=629) to work on /opt/airflow/dags/wordcount_dag.py
[2025-05-03T02:02:26.778+0000] {processor.py:914} INFO - Processing file /opt/airflow/dags/wordcount_dag.py for tasks to queue
[2025-05-03T02:02:26.779+0000] {logging_mixin.py:190} INFO - [2025-05-03T02:02:26.779+0000] {dagbag.py:588} INFO - Filling up the DagBag from /opt/airflow/dags/wordcount_dag.py
[2025-05-03T02:02:26.919+0000] {processor.py:925} INFO - DAG(s) 'news_dag' retrieved from /opt/airflow/dags/wordcount_dag.py
[2025-05-03T02:02:26.927+0000] {logging_mixin.py:190} INFO - [2025-05-03T02:02:26.927+0000] {dag.py:3239} INFO - Sync 1 DAGs
[2025-05-03T02:02:26.931+0000] {logging_mixin.py:190} INFO - [2025-05-03T02:02:26.931+0000] {dag.py:4180} INFO - Setting next_dagrun for news_dag to None, run_after=None
[2025-05-03T02:02:26.939+0000] {processor.py:208} INFO - Processing /opt/airflow/dags/wordcount_dag.py took 0.165 seconds
[2025-05-03T02:02:57.386+0000] {processor.py:186} INFO - Started process (PID=634) to work on /opt/airflow/dags/wordcount_dag.py
[2025-05-03T02:02:57.386+0000] {processor.py:914} INFO - Processing file /opt/airflow/dags/wordcount_dag.py for tasks to queue
[2025-05-03T02:02:57.387+0000] {logging_mixin.py:190} INFO - [2025-05-03T02:02:57.387+0000] {dagbag.py:588} INFO - Filling up the DagBag from /opt/airflow/dags/wordcount_dag.py
[2025-05-03T02:02:57.533+0000] {processor.py:925} INFO - DAG(s) 'news_dag' retrieved from /opt/airflow/dags/wordcount_dag.py
[2025-05-03T02:02:57.541+0000] {logging_mixin.py:190} INFO - [2025-05-03T02:02:57.541+0000] {dag.py:3239} INFO - Sync 1 DAGs
[2025-05-03T02:02:57.546+0000] {logging_mixin.py:190} INFO - [2025-05-03T02:02:57.546+0000] {dag.py:4180} INFO - Setting next_dagrun for news_dag to None, run_after=None
[2025-05-03T02:02:57.551+0000] {processor.py:208} INFO - Processing /opt/airflow/dags/wordcount_dag.py took 0.169 seconds
[2025-05-03T02:03:28.075+0000] {processor.py:186} INFO - Started process (PID=639) to work on /opt/airflow/dags/wordcount_dag.py
[2025-05-03T02:03:28.076+0000] {processor.py:914} INFO - Processing file /opt/airflow/dags/wordcount_dag.py for tasks to queue
[2025-05-03T02:03:28.076+0000] {logging_mixin.py:190} INFO - [2025-05-03T02:03:28.076+0000] {dagbag.py:588} INFO - Filling up the DagBag from /opt/airflow/dags/wordcount_dag.py
[2025-05-03T02:03:28.216+0000] {processor.py:925} INFO - DAG(s) 'news_dag' retrieved from /opt/airflow/dags/wordcount_dag.py
[2025-05-03T02:03:28.224+0000] {logging_mixin.py:190} INFO - [2025-05-03T02:03:28.224+0000] {dag.py:3239} INFO - Sync 1 DAGs
[2025-05-03T02:03:28.229+0000] {logging_mixin.py:190} INFO - [2025-05-03T02:03:28.228+0000] {dag.py:4180} INFO - Setting next_dagrun for news_dag to None, run_after=None
[2025-05-03T02:03:28.234+0000] {processor.py:208} INFO - Processing /opt/airflow/dags/wordcount_dag.py took 0.163 seconds
[2025-05-03T02:03:59.089+0000] {processor.py:186} INFO - Started process (PID=644) to work on /opt/airflow/dags/wordcount_dag.py
[2025-05-03T02:03:59.090+0000] {processor.py:914} INFO - Processing file /opt/airflow/dags/wordcount_dag.py for tasks to queue
[2025-05-03T02:03:59.090+0000] {logging_mixin.py:190} INFO - [2025-05-03T02:03:59.090+0000] {dagbag.py:588} INFO - Filling up the DagBag from /opt/airflow/dags/wordcount_dag.py
[2025-05-03T02:03:59.224+0000] {processor.py:925} INFO - DAG(s) 'news_dag' retrieved from /opt/airflow/dags/wordcount_dag.py
[2025-05-03T02:03:59.232+0000] {logging_mixin.py:190} INFO - [2025-05-03T02:03:59.231+0000] {dag.py:3239} INFO - Sync 1 DAGs
[2025-05-03T02:03:59.236+0000] {logging_mixin.py:190} INFO - [2025-05-03T02:03:59.236+0000] {dag.py:4180} INFO - Setting next_dagrun for news_dag to None, run_after=None
[2025-05-03T02:03:59.242+0000] {processor.py:208} INFO - Processing /opt/airflow/dags/wordcount_dag.py took 0.155 seconds
[2025-05-03T02:04:29.712+0000] {processor.py:186} INFO - Started process (PID=649) to work on /opt/airflow/dags/wordcount_dag.py
[2025-05-03T02:04:29.712+0000] {processor.py:914} INFO - Processing file /opt/airflow/dags/wordcount_dag.py for tasks to queue
[2025-05-03T02:04:29.713+0000] {logging_mixin.py:190} INFO - [2025-05-03T02:04:29.712+0000] {dagbag.py:588} INFO - Filling up the DagBag from /opt/airflow/dags/wordcount_dag.py
[2025-05-03T02:04:29.849+0000] {processor.py:925} INFO - DAG(s) 'news_dag' retrieved from /opt/airflow/dags/wordcount_dag.py
[2025-05-03T02:04:29.856+0000] {logging_mixin.py:190} INFO - [2025-05-03T02:04:29.855+0000] {dag.py:3239} INFO - Sync 1 DAGs
[2025-05-03T02:04:29.860+0000] {logging_mixin.py:190} INFO - [2025-05-03T02:04:29.860+0000] {dag.py:4180} INFO - Setting next_dagrun for news_dag to None, run_after=None
[2025-05-03T02:04:29.866+0000] {processor.py:208} INFO - Processing /opt/airflow/dags/wordcount_dag.py took 0.157 seconds
[2025-05-03T02:05:00.355+0000] {processor.py:186} INFO - Started process (PID=654) to work on /opt/airflow/dags/wordcount_dag.py
[2025-05-03T02:05:00.356+0000] {processor.py:914} INFO - Processing file /opt/airflow/dags/wordcount_dag.py for tasks to queue
[2025-05-03T02:05:00.357+0000] {logging_mixin.py:190} INFO - [2025-05-03T02:05:00.357+0000] {dagbag.py:588} INFO - Filling up the DagBag from /opt/airflow/dags/wordcount_dag.py
[2025-05-03T02:05:00.528+0000] {processor.py:925} INFO - DAG(s) 'news_dag' retrieved from /opt/airflow/dags/wordcount_dag.py
[2025-05-03T02:05:00.538+0000] {logging_mixin.py:190} INFO - [2025-05-03T02:05:00.538+0000] {dag.py:3239} INFO - Sync 1 DAGs
[2025-05-03T02:05:00.542+0000] {logging_mixin.py:190} INFO - [2025-05-03T02:05:00.542+0000] {dag.py:4180} INFO - Setting next_dagrun for news_dag to None, run_after=None
[2025-05-03T02:05:00.548+0000] {processor.py:208} INFO - Processing /opt/airflow/dags/wordcount_dag.py took 0.196 seconds
[2025-05-03T02:05:30.977+0000] {processor.py:186} INFO - Started process (PID=659) to work on /opt/airflow/dags/wordcount_dag.py
[2025-05-03T02:05:30.977+0000] {processor.py:914} INFO - Processing file /opt/airflow/dags/wordcount_dag.py for tasks to queue
[2025-05-03T02:05:30.978+0000] {logging_mixin.py:190} INFO - [2025-05-03T02:05:30.978+0000] {dagbag.py:588} INFO - Filling up the DagBag from /opt/airflow/dags/wordcount_dag.py
[2025-05-03T02:05:31.109+0000] {processor.py:925} INFO - DAG(s) 'news_dag' retrieved from /opt/airflow/dags/wordcount_dag.py
[2025-05-03T02:05:31.117+0000] {logging_mixin.py:190} INFO - [2025-05-03T02:05:31.117+0000] {dag.py:3239} INFO - Sync 1 DAGs
[2025-05-03T02:05:31.122+0000] {logging_mixin.py:190} INFO - [2025-05-03T02:05:31.121+0000] {dag.py:4180} INFO - Setting next_dagrun for news_dag to None, run_after=None
[2025-05-03T02:05:31.127+0000] {processor.py:208} INFO - Processing /opt/airflow/dags/wordcount_dag.py took 0.152 seconds
[2025-05-03T02:06:01.616+0000] {processor.py:186} INFO - Started process (PID=664) to work on /opt/airflow/dags/wordcount_dag.py
[2025-05-03T02:06:01.617+0000] {processor.py:914} INFO - Processing file /opt/airflow/dags/wordcount_dag.py for tasks to queue
[2025-05-03T02:06:01.617+0000] {logging_mixin.py:190} INFO - [2025-05-03T02:06:01.617+0000] {dagbag.py:588} INFO - Filling up the DagBag from /opt/airflow/dags/wordcount_dag.py
[2025-05-03T02:06:01.758+0000] {processor.py:925} INFO - DAG(s) 'news_dag' retrieved from /opt/airflow/dags/wordcount_dag.py
[2025-05-03T02:06:01.766+0000] {logging_mixin.py:190} INFO - [2025-05-03T02:06:01.765+0000] {dag.py:3239} INFO - Sync 1 DAGs
[2025-05-03T02:06:01.770+0000] {logging_mixin.py:190} INFO - [2025-05-03T02:06:01.770+0000] {dag.py:4180} INFO - Setting next_dagrun for news_dag to None, run_after=None
[2025-05-03T02:06:01.776+0000] {processor.py:208} INFO - Processing /opt/airflow/dags/wordcount_dag.py took 0.163 seconds
[2025-05-03T02:06:32.304+0000] {processor.py:186} INFO - Started process (PID=669) to work on /opt/airflow/dags/wordcount_dag.py
[2025-05-03T02:06:32.305+0000] {processor.py:914} INFO - Processing file /opt/airflow/dags/wordcount_dag.py for tasks to queue
[2025-05-03T02:06:32.305+0000] {logging_mixin.py:190} INFO - [2025-05-03T02:06:32.305+0000] {dagbag.py:588} INFO - Filling up the DagBag from /opt/airflow/dags/wordcount_dag.py
[2025-05-03T02:06:32.447+0000] {processor.py:925} INFO - DAG(s) 'news_dag' retrieved from /opt/airflow/dags/wordcount_dag.py
[2025-05-03T02:06:32.456+0000] {logging_mixin.py:190} INFO - [2025-05-03T02:06:32.456+0000] {dag.py:3239} INFO - Sync 1 DAGs
[2025-05-03T02:06:32.461+0000] {logging_mixin.py:190} INFO - [2025-05-03T02:06:32.461+0000] {dag.py:4180} INFO - Setting next_dagrun for news_dag to None, run_after=None
[2025-05-03T02:06:32.467+0000] {processor.py:208} INFO - Processing /opt/airflow/dags/wordcount_dag.py took 0.166 seconds
[2025-05-03T02:07:03.285+0000] {processor.py:186} INFO - Started process (PID=674) to work on /opt/airflow/dags/wordcount_dag.py
[2025-05-03T02:07:03.286+0000] {processor.py:914} INFO - Processing file /opt/airflow/dags/wordcount_dag.py for tasks to queue
[2025-05-03T02:07:03.286+0000] {logging_mixin.py:190} INFO - [2025-05-03T02:07:03.286+0000] {dagbag.py:588} INFO - Filling up the DagBag from /opt/airflow/dags/wordcount_dag.py
[2025-05-03T02:07:03.453+0000] {processor.py:925} INFO - DAG(s) 'news_dag' retrieved from /opt/airflow/dags/wordcount_dag.py
[2025-05-03T02:07:03.463+0000] {logging_mixin.py:190} INFO - [2025-05-03T02:07:03.462+0000] {dag.py:3239} INFO - Sync 1 DAGs
[2025-05-03T02:07:03.467+0000] {logging_mixin.py:190} INFO - [2025-05-03T02:07:03.467+0000] {dag.py:4180} INFO - Setting next_dagrun for news_dag to None, run_after=None
[2025-05-03T02:07:03.474+0000] {processor.py:208} INFO - Processing /opt/airflow/dags/wordcount_dag.py took 0.192 seconds
[2025-05-03T02:07:33.820+0000] {processor.py:186} INFO - Started process (PID=679) to work on /opt/airflow/dags/wordcount_dag.py
[2025-05-03T02:07:33.821+0000] {processor.py:914} INFO - Processing file /opt/airflow/dags/wordcount_dag.py for tasks to queue
[2025-05-03T02:07:33.821+0000] {logging_mixin.py:190} INFO - [2025-05-03T02:07:33.821+0000] {dagbag.py:588} INFO - Filling up the DagBag from /opt/airflow/dags/wordcount_dag.py
[2025-05-03T02:07:33.962+0000] {processor.py:925} INFO - DAG(s) 'news_dag' retrieved from /opt/airflow/dags/wordcount_dag.py
[2025-05-03T02:07:33.971+0000] {logging_mixin.py:190} INFO - [2025-05-03T02:07:33.970+0000] {dag.py:3239} INFO - Sync 1 DAGs
[2025-05-03T02:07:33.975+0000] {logging_mixin.py:190} INFO - [2025-05-03T02:07:33.975+0000] {dag.py:4180} INFO - Setting next_dagrun for news_dag to None, run_after=None
[2025-05-03T02:07:33.981+0000] {processor.py:208} INFO - Processing /opt/airflow/dags/wordcount_dag.py took 0.163 seconds
[2025-05-03T02:08:04.383+0000] {processor.py:186} INFO - Started process (PID=684) to work on /opt/airflow/dags/wordcount_dag.py
[2025-05-03T02:08:04.384+0000] {processor.py:914} INFO - Processing file /opt/airflow/dags/wordcount_dag.py for tasks to queue
[2025-05-03T02:08:04.384+0000] {logging_mixin.py:190} INFO - [2025-05-03T02:08:04.384+0000] {dagbag.py:588} INFO - Filling up the DagBag from /opt/airflow/dags/wordcount_dag.py
[2025-05-03T02:08:04.529+0000] {processor.py:925} INFO - DAG(s) 'news_dag' retrieved from /opt/airflow/dags/wordcount_dag.py
[2025-05-03T02:08:04.537+0000] {logging_mixin.py:190} INFO - [2025-05-03T02:08:04.537+0000] {dag.py:3239} INFO - Sync 1 DAGs
[2025-05-03T02:08:04.541+0000] {logging_mixin.py:190} INFO - [2025-05-03T02:08:04.541+0000] {dag.py:4180} INFO - Setting next_dagrun for news_dag to None, run_after=None
[2025-05-03T02:08:04.549+0000] {processor.py:208} INFO - Processing /opt/airflow/dags/wordcount_dag.py took 0.169 seconds
[2025-05-03T02:08:35.157+0000] {processor.py:186} INFO - Started process (PID=689) to work on /opt/airflow/dags/wordcount_dag.py
[2025-05-03T02:08:35.158+0000] {processor.py:914} INFO - Processing file /opt/airflow/dags/wordcount_dag.py for tasks to queue
[2025-05-03T02:08:35.158+0000] {logging_mixin.py:190} INFO - [2025-05-03T02:08:35.158+0000] {dagbag.py:588} INFO - Filling up the DagBag from /opt/airflow/dags/wordcount_dag.py
[2025-05-03T02:08:35.311+0000] {processor.py:925} INFO - DAG(s) 'news_dag' retrieved from /opt/airflow/dags/wordcount_dag.py
[2025-05-03T02:08:35.319+0000] {logging_mixin.py:190} INFO - [2025-05-03T02:08:35.319+0000] {dag.py:3239} INFO - Sync 1 DAGs
[2025-05-03T02:08:35.324+0000] {logging_mixin.py:190} INFO - [2025-05-03T02:08:35.324+0000] {dag.py:4180} INFO - Setting next_dagrun for news_dag to None, run_after=None
[2025-05-03T02:08:35.329+0000] {processor.py:208} INFO - Processing /opt/airflow/dags/wordcount_dag.py took 0.175 seconds
[2025-05-03T02:09:05.847+0000] {processor.py:186} INFO - Started process (PID=694) to work on /opt/airflow/dags/wordcount_dag.py
[2025-05-03T02:09:05.848+0000] {processor.py:914} INFO - Processing file /opt/airflow/dags/wordcount_dag.py for tasks to queue
[2025-05-03T02:09:05.849+0000] {logging_mixin.py:190} INFO - [2025-05-03T02:09:05.848+0000] {dagbag.py:588} INFO - Filling up the DagBag from /opt/airflow/dags/wordcount_dag.py
[2025-05-03T02:09:05.988+0000] {processor.py:925} INFO - DAG(s) 'news_dag' retrieved from /opt/airflow/dags/wordcount_dag.py
[2025-05-03T02:09:05.995+0000] {logging_mixin.py:190} INFO - [2025-05-03T02:09:05.995+0000] {dag.py:3239} INFO - Sync 1 DAGs
[2025-05-03T02:09:05.999+0000] {logging_mixin.py:190} INFO - [2025-05-03T02:09:05.999+0000] {dag.py:4180} INFO - Setting next_dagrun for news_dag to None, run_after=None
[2025-05-03T02:09:06.004+0000] {processor.py:208} INFO - Processing /opt/airflow/dags/wordcount_dag.py took 0.160 seconds
[2025-05-03T02:09:36.230+0000] {processor.py:186} INFO - Started process (PID=699) to work on /opt/airflow/dags/wordcount_dag.py
[2025-05-03T02:09:36.231+0000] {processor.py:914} INFO - Processing file /opt/airflow/dags/wordcount_dag.py for tasks to queue
[2025-05-03T02:09:36.232+0000] {logging_mixin.py:190} INFO - [2025-05-03T02:09:36.231+0000] {dagbag.py:588} INFO - Filling up the DagBag from /opt/airflow/dags/wordcount_dag.py
[2025-05-03T02:09:36.406+0000] {processor.py:925} INFO - DAG(s) 'news_dag' retrieved from /opt/airflow/dags/wordcount_dag.py
[2025-05-03T02:09:36.417+0000] {logging_mixin.py:190} INFO - [2025-05-03T02:09:36.417+0000] {dag.py:3239} INFO - Sync 1 DAGs
[2025-05-03T02:09:36.423+0000] {logging_mixin.py:190} INFO - [2025-05-03T02:09:36.423+0000] {dag.py:4180} INFO - Setting next_dagrun for news_dag to None, run_after=None
[2025-05-03T02:09:36.432+0000] {processor.py:208} INFO - Processing /opt/airflow/dags/wordcount_dag.py took 0.205 seconds
[2025-05-03T02:10:07.015+0000] {processor.py:186} INFO - Started process (PID=704) to work on /opt/airflow/dags/wordcount_dag.py
[2025-05-03T02:10:07.015+0000] {processor.py:914} INFO - Processing file /opt/airflow/dags/wordcount_dag.py for tasks to queue
[2025-05-03T02:10:07.016+0000] {logging_mixin.py:190} INFO - [2025-05-03T02:10:07.016+0000] {dagbag.py:588} INFO - Filling up the DagBag from /opt/airflow/dags/wordcount_dag.py
[2025-05-03T02:10:07.179+0000] {processor.py:925} INFO - DAG(s) 'news_dag' retrieved from /opt/airflow/dags/wordcount_dag.py
[2025-05-03T02:10:07.188+0000] {logging_mixin.py:190} INFO - [2025-05-03T02:10:07.188+0000] {dag.py:3239} INFO - Sync 1 DAGs
[2025-05-03T02:10:07.194+0000] {logging_mixin.py:190} INFO - [2025-05-03T02:10:07.194+0000] {dag.py:4180} INFO - Setting next_dagrun for news_dag to None, run_after=None
[2025-05-03T02:10:07.204+0000] {processor.py:208} INFO - Processing /opt/airflow/dags/wordcount_dag.py took 0.194 seconds
[2025-05-03T02:10:37.401+0000] {processor.py:186} INFO - Started process (PID=709) to work on /opt/airflow/dags/wordcount_dag.py
[2025-05-03T02:10:37.402+0000] {processor.py:914} INFO - Processing file /opt/airflow/dags/wordcount_dag.py for tasks to queue
[2025-05-03T02:10:37.402+0000] {logging_mixin.py:190} INFO - [2025-05-03T02:10:37.402+0000] {dagbag.py:588} INFO - Filling up the DagBag from /opt/airflow/dags/wordcount_dag.py
[2025-05-03T02:10:37.561+0000] {processor.py:925} INFO - DAG(s) 'news_dag' retrieved from /opt/airflow/dags/wordcount_dag.py
[2025-05-03T02:10:37.569+0000] {logging_mixin.py:190} INFO - [2025-05-03T02:10:37.569+0000] {dag.py:3239} INFO - Sync 1 DAGs
[2025-05-03T02:10:37.574+0000] {logging_mixin.py:190} INFO - [2025-05-03T02:10:37.574+0000] {dag.py:4180} INFO - Setting next_dagrun for news_dag to None, run_after=None
[2025-05-03T02:10:37.583+0000] {processor.py:208} INFO - Processing /opt/airflow/dags/wordcount_dag.py took 0.184 seconds
[2025-05-03T02:11:07.955+0000] {processor.py:186} INFO - Started process (PID=714) to work on /opt/airflow/dags/wordcount_dag.py
[2025-05-03T02:11:07.956+0000] {processor.py:914} INFO - Processing file /opt/airflow/dags/wordcount_dag.py for tasks to queue
[2025-05-03T02:11:07.957+0000] {logging_mixin.py:190} INFO - [2025-05-03T02:11:07.956+0000] {dagbag.py:588} INFO - Filling up the DagBag from /opt/airflow/dags/wordcount_dag.py
[2025-05-03T02:11:08.133+0000] {processor.py:925} INFO - DAG(s) 'news_dag' retrieved from /opt/airflow/dags/wordcount_dag.py
[2025-05-03T02:11:08.142+0000] {logging_mixin.py:190} INFO - [2025-05-03T02:11:08.141+0000] {dag.py:3239} INFO - Sync 1 DAGs
[2025-05-03T02:11:08.149+0000] {logging_mixin.py:190} INFO - [2025-05-03T02:11:08.149+0000] {dag.py:4180} INFO - Setting next_dagrun for news_dag to None, run_after=None
[2025-05-03T02:11:08.158+0000] {processor.py:208} INFO - Processing /opt/airflow/dags/wordcount_dag.py took 0.206 seconds
[2025-05-03T02:11:38.796+0000] {processor.py:186} INFO - Started process (PID=719) to work on /opt/airflow/dags/wordcount_dag.py
[2025-05-03T02:11:38.797+0000] {processor.py:914} INFO - Processing file /opt/airflow/dags/wordcount_dag.py for tasks to queue
[2025-05-03T02:11:38.798+0000] {logging_mixin.py:190} INFO - [2025-05-03T02:11:38.797+0000] {dagbag.py:588} INFO - Filling up the DagBag from /opt/airflow/dags/wordcount_dag.py
[2025-05-03T02:11:38.959+0000] {processor.py:925} INFO - DAG(s) 'news_dag' retrieved from /opt/airflow/dags/wordcount_dag.py
[2025-05-03T02:11:38.967+0000] {logging_mixin.py:190} INFO - [2025-05-03T02:11:38.967+0000] {dag.py:3239} INFO - Sync 1 DAGs
[2025-05-03T02:11:38.972+0000] {logging_mixin.py:190} INFO - [2025-05-03T02:11:38.972+0000] {dag.py:4180} INFO - Setting next_dagrun for news_dag to None, run_after=None
[2025-05-03T02:11:38.981+0000] {processor.py:208} INFO - Processing /opt/airflow/dags/wordcount_dag.py took 0.187 seconds
[2025-05-03T02:12:09.491+0000] {processor.py:186} INFO - Started process (PID=724) to work on /opt/airflow/dags/wordcount_dag.py
[2025-05-03T02:12:09.492+0000] {processor.py:914} INFO - Processing file /opt/airflow/dags/wordcount_dag.py for tasks to queue
[2025-05-03T02:12:09.493+0000] {logging_mixin.py:190} INFO - [2025-05-03T02:12:09.492+0000] {dagbag.py:588} INFO - Filling up the DagBag from /opt/airflow/dags/wordcount_dag.py
[2025-05-03T02:12:09.664+0000] {processor.py:925} INFO - DAG(s) 'news_dag' retrieved from /opt/airflow/dags/wordcount_dag.py
[2025-05-03T02:12:09.675+0000] {logging_mixin.py:190} INFO - [2025-05-03T02:12:09.673+0000] {dag.py:3239} INFO - Sync 1 DAGs
[2025-05-03T02:12:09.680+0000] {logging_mixin.py:190} INFO - [2025-05-03T02:12:09.680+0000] {dag.py:4180} INFO - Setting next_dagrun for news_dag to None, run_after=None
[2025-05-03T02:12:09.689+0000] {processor.py:208} INFO - Processing /opt/airflow/dags/wordcount_dag.py took 0.201 seconds
[2025-05-03T02:12:40.056+0000] {processor.py:186} INFO - Started process (PID=729) to work on /opt/airflow/dags/wordcount_dag.py
[2025-05-03T02:12:40.057+0000] {processor.py:914} INFO - Processing file /opt/airflow/dags/wordcount_dag.py for tasks to queue
[2025-05-03T02:12:40.057+0000] {logging_mixin.py:190} INFO - [2025-05-03T02:12:40.057+0000] {dagbag.py:588} INFO - Filling up the DagBag from /opt/airflow/dags/wordcount_dag.py
[2025-05-03T02:12:40.195+0000] {processor.py:925} INFO - DAG(s) 'news_dag' retrieved from /opt/airflow/dags/wordcount_dag.py
[2025-05-03T02:12:40.203+0000] {logging_mixin.py:190} INFO - [2025-05-03T02:12:40.202+0000] {dag.py:3239} INFO - Sync 1 DAGs
[2025-05-03T02:12:40.207+0000] {logging_mixin.py:190} INFO - [2025-05-03T02:12:40.207+0000] {dag.py:4180} INFO - Setting next_dagrun for news_dag to None, run_after=None
[2025-05-03T02:12:40.212+0000] {processor.py:208} INFO - Processing /opt/airflow/dags/wordcount_dag.py took 0.159 seconds
[2025-05-03T02:13:10.765+0000] {processor.py:186} INFO - Started process (PID=734) to work on /opt/airflow/dags/wordcount_dag.py
[2025-05-03T02:13:10.766+0000] {processor.py:914} INFO - Processing file /opt/airflow/dags/wordcount_dag.py for tasks to queue
[2025-05-03T02:13:10.767+0000] {logging_mixin.py:190} INFO - [2025-05-03T02:13:10.767+0000] {dagbag.py:588} INFO - Filling up the DagBag from /opt/airflow/dags/wordcount_dag.py
[2025-05-03T02:13:10.913+0000] {processor.py:925} INFO - DAG(s) 'news_dag' retrieved from /opt/airflow/dags/wordcount_dag.py
[2025-05-03T02:13:10.920+0000] {logging_mixin.py:190} INFO - [2025-05-03T02:13:10.920+0000] {dag.py:3239} INFO - Sync 1 DAGs
[2025-05-03T02:13:10.925+0000] {logging_mixin.py:190} INFO - [2025-05-03T02:13:10.925+0000] {dag.py:4180} INFO - Setting next_dagrun for news_dag to None, run_after=None
[2025-05-03T02:13:10.932+0000] {processor.py:208} INFO - Processing /opt/airflow/dags/wordcount_dag.py took 0.169 seconds
[2025-05-03T02:13:41.376+0000] {processor.py:186} INFO - Started process (PID=739) to work on /opt/airflow/dags/wordcount_dag.py
[2025-05-03T02:13:41.376+0000] {processor.py:914} INFO - Processing file /opt/airflow/dags/wordcount_dag.py for tasks to queue
[2025-05-03T02:13:41.377+0000] {logging_mixin.py:190} INFO - [2025-05-03T02:13:41.377+0000] {dagbag.py:588} INFO - Filling up the DagBag from /opt/airflow/dags/wordcount_dag.py
[2025-05-03T02:13:41.518+0000] {processor.py:925} INFO - DAG(s) 'news_dag' retrieved from /opt/airflow/dags/wordcount_dag.py
[2025-05-03T02:13:41.526+0000] {logging_mixin.py:190} INFO - [2025-05-03T02:13:41.526+0000] {dag.py:3239} INFO - Sync 1 DAGs
[2025-05-03T02:13:41.531+0000] {logging_mixin.py:190} INFO - [2025-05-03T02:13:41.530+0000] {dag.py:4180} INFO - Setting next_dagrun for news_dag to None, run_after=None
[2025-05-03T02:13:41.537+0000] {processor.py:208} INFO - Processing /opt/airflow/dags/wordcount_dag.py took 0.164 seconds
[2025-05-03T02:14:12.071+0000] {processor.py:186} INFO - Started process (PID=744) to work on /opt/airflow/dags/wordcount_dag.py
[2025-05-03T02:14:12.071+0000] {processor.py:914} INFO - Processing file /opt/airflow/dags/wordcount_dag.py for tasks to queue
[2025-05-03T02:14:12.072+0000] {logging_mixin.py:190} INFO - [2025-05-03T02:14:12.072+0000] {dagbag.py:588} INFO - Filling up the DagBag from /opt/airflow/dags/wordcount_dag.py
[2025-05-03T02:14:12.218+0000] {processor.py:925} INFO - DAG(s) 'news_dag' retrieved from /opt/airflow/dags/wordcount_dag.py
[2025-05-03T02:14:12.227+0000] {logging_mixin.py:190} INFO - [2025-05-03T02:14:12.226+0000] {dag.py:3239} INFO - Sync 1 DAGs
[2025-05-03T02:14:12.232+0000] {logging_mixin.py:190} INFO - [2025-05-03T02:14:12.232+0000] {dag.py:4180} INFO - Setting next_dagrun for news_dag to None, run_after=None
[2025-05-03T02:14:12.238+0000] {processor.py:208} INFO - Processing /opt/airflow/dags/wordcount_dag.py took 0.170 seconds
[2025-05-03T02:14:42.584+0000] {processor.py:186} INFO - Started process (PID=749) to work on /opt/airflow/dags/wordcount_dag.py
[2025-05-03T02:14:42.585+0000] {processor.py:914} INFO - Processing file /opt/airflow/dags/wordcount_dag.py for tasks to queue
[2025-05-03T02:14:42.585+0000] {logging_mixin.py:190} INFO - [2025-05-03T02:14:42.585+0000] {dagbag.py:588} INFO - Filling up the DagBag from /opt/airflow/dags/wordcount_dag.py
[2025-05-03T02:14:42.729+0000] {processor.py:925} INFO - DAG(s) 'news_dag' retrieved from /opt/airflow/dags/wordcount_dag.py
[2025-05-03T02:14:42.737+0000] {logging_mixin.py:190} INFO - [2025-05-03T02:14:42.737+0000] {dag.py:3239} INFO - Sync 1 DAGs
[2025-05-03T02:14:42.742+0000] {logging_mixin.py:190} INFO - [2025-05-03T02:14:42.742+0000] {dag.py:4180} INFO - Setting next_dagrun for news_dag to None, run_after=None
[2025-05-03T02:14:42.749+0000] {processor.py:208} INFO - Processing /opt/airflow/dags/wordcount_dag.py took 0.167 seconds
[2025-05-03T02:15:13.156+0000] {processor.py:186} INFO - Started process (PID=754) to work on /opt/airflow/dags/wordcount_dag.py
[2025-05-03T02:15:13.156+0000] {processor.py:914} INFO - Processing file /opt/airflow/dags/wordcount_dag.py for tasks to queue
[2025-05-03T02:15:13.157+0000] {logging_mixin.py:190} INFO - [2025-05-03T02:15:13.157+0000] {dagbag.py:588} INFO - Filling up the DagBag from /opt/airflow/dags/wordcount_dag.py
[2025-05-03T02:15:13.295+0000] {processor.py:925} INFO - DAG(s) 'news_dag' retrieved from /opt/airflow/dags/wordcount_dag.py
[2025-05-03T02:15:13.303+0000] {logging_mixin.py:190} INFO - [2025-05-03T02:15:13.303+0000] {dag.py:3239} INFO - Sync 1 DAGs
[2025-05-03T02:15:13.307+0000] {logging_mixin.py:190} INFO - [2025-05-03T02:15:13.307+0000] {dag.py:4180} INFO - Setting next_dagrun for news_dag to None, run_after=None
[2025-05-03T02:15:13.313+0000] {processor.py:208} INFO - Processing /opt/airflow/dags/wordcount_dag.py took 0.161 seconds
[2025-05-03T02:15:43.907+0000] {processor.py:186} INFO - Started process (PID=759) to work on /opt/airflow/dags/wordcount_dag.py
[2025-05-03T02:15:43.907+0000] {processor.py:914} INFO - Processing file /opt/airflow/dags/wordcount_dag.py for tasks to queue
[2025-05-03T02:15:43.908+0000] {logging_mixin.py:190} INFO - [2025-05-03T02:15:43.908+0000] {dagbag.py:588} INFO - Filling up the DagBag from /opt/airflow/dags/wordcount_dag.py
[2025-05-03T02:15:44.072+0000] {processor.py:925} INFO - DAG(s) 'news_dag' retrieved from /opt/airflow/dags/wordcount_dag.py
[2025-05-03T02:15:44.081+0000] {logging_mixin.py:190} INFO - [2025-05-03T02:15:44.081+0000] {dag.py:3239} INFO - Sync 1 DAGs
[2025-05-03T02:15:44.087+0000] {logging_mixin.py:190} INFO - [2025-05-03T02:15:44.087+0000] {dag.py:4180} INFO - Setting next_dagrun for news_dag to None, run_after=None
[2025-05-03T02:15:44.096+0000] {processor.py:208} INFO - Processing /opt/airflow/dags/wordcount_dag.py took 0.192 seconds
[2025-05-03T02:16:14.599+0000] {processor.py:186} INFO - Started process (PID=764) to work on /opt/airflow/dags/wordcount_dag.py
[2025-05-03T02:16:14.600+0000] {processor.py:914} INFO - Processing file /opt/airflow/dags/wordcount_dag.py for tasks to queue
[2025-05-03T02:16:14.601+0000] {logging_mixin.py:190} INFO - [2025-05-03T02:16:14.601+0000] {dagbag.py:588} INFO - Filling up the DagBag from /opt/airflow/dags/wordcount_dag.py
[2025-05-03T02:16:14.750+0000] {processor.py:925} INFO - DAG(s) 'news_dag' retrieved from /opt/airflow/dags/wordcount_dag.py
[2025-05-03T02:16:14.757+0000] {logging_mixin.py:190} INFO - [2025-05-03T02:16:14.757+0000] {dag.py:3239} INFO - Sync 1 DAGs
[2025-05-03T02:16:14.761+0000] {logging_mixin.py:190} INFO - [2025-05-03T02:16:14.761+0000] {dag.py:4180} INFO - Setting next_dagrun for news_dag to None, run_after=None
[2025-05-03T02:16:14.767+0000] {processor.py:208} INFO - Processing /opt/airflow/dags/wordcount_dag.py took 0.170 seconds
[2025-05-03T02:16:45.176+0000] {processor.py:186} INFO - Started process (PID=769) to work on /opt/airflow/dags/wordcount_dag.py
[2025-05-03T02:16:45.177+0000] {processor.py:914} INFO - Processing file /opt/airflow/dags/wordcount_dag.py for tasks to queue
[2025-05-03T02:16:45.177+0000] {logging_mixin.py:190} INFO - [2025-05-03T02:16:45.177+0000] {dagbag.py:588} INFO - Filling up the DagBag from /opt/airflow/dags/wordcount_dag.py
[2025-05-03T02:16:45.323+0000] {processor.py:925} INFO - DAG(s) 'news_dag' retrieved from /opt/airflow/dags/wordcount_dag.py
[2025-05-03T02:16:45.331+0000] {logging_mixin.py:190} INFO - [2025-05-03T02:16:45.331+0000] {dag.py:3239} INFO - Sync 1 DAGs
[2025-05-03T02:16:45.337+0000] {logging_mixin.py:190} INFO - [2025-05-03T02:16:45.336+0000] {dag.py:4180} INFO - Setting next_dagrun for news_dag to None, run_after=None
[2025-05-03T02:16:45.343+0000] {processor.py:208} INFO - Processing /opt/airflow/dags/wordcount_dag.py took 0.169 seconds
[2025-05-03T02:17:15.819+0000] {processor.py:186} INFO - Started process (PID=774) to work on /opt/airflow/dags/wordcount_dag.py
[2025-05-03T02:17:15.820+0000] {processor.py:914} INFO - Processing file /opt/airflow/dags/wordcount_dag.py for tasks to queue
[2025-05-03T02:17:15.820+0000] {logging_mixin.py:190} INFO - [2025-05-03T02:17:15.820+0000] {dagbag.py:588} INFO - Filling up the DagBag from /opt/airflow/dags/wordcount_dag.py
[2025-05-03T02:17:15.954+0000] {processor.py:925} INFO - DAG(s) 'news_dag' retrieved from /opt/airflow/dags/wordcount_dag.py
[2025-05-03T02:17:15.962+0000] {logging_mixin.py:190} INFO - [2025-05-03T02:17:15.961+0000] {dag.py:3239} INFO - Sync 1 DAGs
[2025-05-03T02:17:15.966+0000] {logging_mixin.py:190} INFO - [2025-05-03T02:17:15.966+0000] {dag.py:4180} INFO - Setting next_dagrun for news_dag to None, run_after=None
[2025-05-03T02:17:15.972+0000] {processor.py:208} INFO - Processing /opt/airflow/dags/wordcount_dag.py took 0.155 seconds
[2025-05-03T02:17:46.493+0000] {processor.py:186} INFO - Started process (PID=779) to work on /opt/airflow/dags/wordcount_dag.py
[2025-05-03T02:17:46.493+0000] {processor.py:914} INFO - Processing file /opt/airflow/dags/wordcount_dag.py for tasks to queue
[2025-05-03T02:17:46.494+0000] {logging_mixin.py:190} INFO - [2025-05-03T02:17:46.494+0000] {dagbag.py:588} INFO - Filling up the DagBag from /opt/airflow/dags/wordcount_dag.py
[2025-05-03T02:17:46.633+0000] {processor.py:925} INFO - DAG(s) 'news_dag' retrieved from /opt/airflow/dags/wordcount_dag.py
[2025-05-03T02:17:46.642+0000] {logging_mixin.py:190} INFO - [2025-05-03T02:17:46.641+0000] {dag.py:3239} INFO - Sync 1 DAGs
[2025-05-03T02:17:46.647+0000] {logging_mixin.py:190} INFO - [2025-05-03T02:17:46.647+0000] {dag.py:4180} INFO - Setting next_dagrun for news_dag to None, run_after=None
[2025-05-03T02:17:46.653+0000] {processor.py:208} INFO - Processing /opt/airflow/dags/wordcount_dag.py took 0.163 seconds
[2025-05-03T02:18:17.014+0000] {processor.py:186} INFO - Started process (PID=784) to work on /opt/airflow/dags/wordcount_dag.py
[2025-05-03T02:18:17.015+0000] {processor.py:914} INFO - Processing file /opt/airflow/dags/wordcount_dag.py for tasks to queue
[2025-05-03T02:18:17.016+0000] {logging_mixin.py:190} INFO - [2025-05-03T02:18:17.016+0000] {dagbag.py:588} INFO - Filling up the DagBag from /opt/airflow/dags/wordcount_dag.py
[2025-05-03T02:18:17.168+0000] {processor.py:925} INFO - DAG(s) 'news_dag' retrieved from /opt/airflow/dags/wordcount_dag.py
[2025-05-03T02:18:17.179+0000] {logging_mixin.py:190} INFO - [2025-05-03T02:18:17.179+0000] {dag.py:3239} INFO - Sync 1 DAGs
[2025-05-03T02:18:17.185+0000] {logging_mixin.py:190} INFO - [2025-05-03T02:18:17.185+0000] {dag.py:4180} INFO - Setting next_dagrun for news_dag to None, run_after=None
[2025-05-03T02:18:17.197+0000] {processor.py:208} INFO - Processing /opt/airflow/dags/wordcount_dag.py took 0.186 seconds
[2025-05-03T02:18:47.860+0000] {processor.py:186} INFO - Started process (PID=789) to work on /opt/airflow/dags/wordcount_dag.py
[2025-05-03T02:18:47.860+0000] {processor.py:914} INFO - Processing file /opt/airflow/dags/wordcount_dag.py for tasks to queue
[2025-05-03T02:18:47.861+0000] {logging_mixin.py:190} INFO - [2025-05-03T02:18:47.861+0000] {dagbag.py:588} INFO - Filling up the DagBag from /opt/airflow/dags/wordcount_dag.py
[2025-05-03T02:18:48.002+0000] {processor.py:925} INFO - DAG(s) 'news_dag' retrieved from /opt/airflow/dags/wordcount_dag.py
[2025-05-03T02:18:48.010+0000] {logging_mixin.py:190} INFO - [2025-05-03T02:18:48.010+0000] {dag.py:3239} INFO - Sync 1 DAGs
[2025-05-03T02:18:48.014+0000] {logging_mixin.py:190} INFO - [2025-05-03T02:18:48.014+0000] {dag.py:4180} INFO - Setting next_dagrun for news_dag to None, run_after=None
[2025-05-03T02:18:48.022+0000] {processor.py:208} INFO - Processing /opt/airflow/dags/wordcount_dag.py took 0.165 seconds
[2025-05-03T02:19:18.460+0000] {processor.py:186} INFO - Started process (PID=794) to work on /opt/airflow/dags/wordcount_dag.py
[2025-05-03T02:19:18.461+0000] {processor.py:914} INFO - Processing file /opt/airflow/dags/wordcount_dag.py for tasks to queue
[2025-05-03T02:19:18.462+0000] {logging_mixin.py:190} INFO - [2025-05-03T02:19:18.461+0000] {dagbag.py:588} INFO - Filling up the DagBag from /opt/airflow/dags/wordcount_dag.py
[2025-05-03T02:19:18.619+0000] {processor.py:925} INFO - DAG(s) 'news_dag' retrieved from /opt/airflow/dags/wordcount_dag.py
[2025-05-03T02:19:18.627+0000] {logging_mixin.py:190} INFO - [2025-05-03T02:19:18.627+0000] {dag.py:3239} INFO - Sync 1 DAGs
[2025-05-03T02:19:18.633+0000] {logging_mixin.py:190} INFO - [2025-05-03T02:19:18.633+0000] {dag.py:4180} INFO - Setting next_dagrun for news_dag to None, run_after=None
[2025-05-03T02:19:18.642+0000] {processor.py:208} INFO - Processing /opt/airflow/dags/wordcount_dag.py took 0.184 seconds
[2025-05-03T02:19:48.956+0000] {processor.py:186} INFO - Started process (PID=799) to work on /opt/airflow/dags/wordcount_dag.py
[2025-05-03T02:19:48.957+0000] {processor.py:914} INFO - Processing file /opt/airflow/dags/wordcount_dag.py for tasks to queue
[2025-05-03T02:19:48.957+0000] {logging_mixin.py:190} INFO - [2025-05-03T02:19:48.957+0000] {dagbag.py:588} INFO - Filling up the DagBag from /opt/airflow/dags/wordcount_dag.py
[2025-05-03T02:19:49.123+0000] {processor.py:925} INFO - DAG(s) 'news_dag' retrieved from /opt/airflow/dags/wordcount_dag.py
[2025-05-03T02:19:49.132+0000] {logging_mixin.py:190} INFO - [2025-05-03T02:19:49.132+0000] {dag.py:3239} INFO - Sync 1 DAGs
[2025-05-03T02:19:49.138+0000] {logging_mixin.py:190} INFO - [2025-05-03T02:19:49.138+0000] {dag.py:4180} INFO - Setting next_dagrun for news_dag to None, run_after=None
[2025-05-03T02:19:49.147+0000] {processor.py:208} INFO - Processing /opt/airflow/dags/wordcount_dag.py took 0.194 seconds
[2025-05-03T02:20:19.510+0000] {processor.py:186} INFO - Started process (PID=804) to work on /opt/airflow/dags/wordcount_dag.py
[2025-05-03T02:20:19.510+0000] {processor.py:914} INFO - Processing file /opt/airflow/dags/wordcount_dag.py for tasks to queue
[2025-05-03T02:20:19.511+0000] {logging_mixin.py:190} INFO - [2025-05-03T02:20:19.511+0000] {dagbag.py:588} INFO - Filling up the DagBag from /opt/airflow/dags/wordcount_dag.py
[2025-05-03T02:20:19.669+0000] {processor.py:925} INFO - DAG(s) 'news_dag' retrieved from /opt/airflow/dags/wordcount_dag.py
[2025-05-03T02:20:19.678+0000] {logging_mixin.py:190} INFO - [2025-05-03T02:20:19.678+0000] {dag.py:3239} INFO - Sync 1 DAGs
[2025-05-03T02:20:19.684+0000] {logging_mixin.py:190} INFO - [2025-05-03T02:20:19.684+0000] {dag.py:4180} INFO - Setting next_dagrun for news_dag to None, run_after=None
[2025-05-03T02:20:19.691+0000] {processor.py:208} INFO - Processing /opt/airflow/dags/wordcount_dag.py took 0.184 seconds
[2025-05-03T02:20:50.079+0000] {processor.py:186} INFO - Started process (PID=809) to work on /opt/airflow/dags/wordcount_dag.py
[2025-05-03T02:20:50.080+0000] {processor.py:914} INFO - Processing file /opt/airflow/dags/wordcount_dag.py for tasks to queue
[2025-05-03T02:20:50.080+0000] {logging_mixin.py:190} INFO - [2025-05-03T02:20:50.080+0000] {dagbag.py:588} INFO - Filling up the DagBag from /opt/airflow/dags/wordcount_dag.py
[2025-05-03T02:20:50.235+0000] {processor.py:925} INFO - DAG(s) 'news_dag' retrieved from /opt/airflow/dags/wordcount_dag.py
[2025-05-03T02:20:50.243+0000] {logging_mixin.py:190} INFO - [2025-05-03T02:20:50.243+0000] {dag.py:3239} INFO - Sync 1 DAGs
[2025-05-03T02:20:50.248+0000] {logging_mixin.py:190} INFO - [2025-05-03T02:20:50.248+0000] {dag.py:4180} INFO - Setting next_dagrun for news_dag to None, run_after=None
[2025-05-03T02:20:50.253+0000] {processor.py:208} INFO - Processing /opt/airflow/dags/wordcount_dag.py took 0.176 seconds
[2025-05-03T02:21:20.942+0000] {processor.py:186} INFO - Started process (PID=814) to work on /opt/airflow/dags/wordcount_dag.py
[2025-05-03T02:21:20.943+0000] {processor.py:914} INFO - Processing file /opt/airflow/dags/wordcount_dag.py for tasks to queue
[2025-05-03T02:21:20.943+0000] {logging_mixin.py:190} INFO - [2025-05-03T02:21:20.943+0000] {dagbag.py:588} INFO - Filling up the DagBag from /opt/airflow/dags/wordcount_dag.py
[2025-05-03T02:21:21.075+0000] {processor.py:925} INFO - DAG(s) 'news_dag' retrieved from /opt/airflow/dags/wordcount_dag.py
[2025-05-03T02:21:21.082+0000] {logging_mixin.py:190} INFO - [2025-05-03T02:21:21.082+0000] {dag.py:3239} INFO - Sync 1 DAGs
[2025-05-03T02:21:21.086+0000] {logging_mixin.py:190} INFO - [2025-05-03T02:21:21.086+0000] {dag.py:4180} INFO - Setting next_dagrun for news_dag to None, run_after=None
[2025-05-03T02:21:21.091+0000] {processor.py:208} INFO - Processing /opt/airflow/dags/wordcount_dag.py took 0.151 seconds
[2025-05-03T02:21:51.673+0000] {processor.py:186} INFO - Started process (PID=819) to work on /opt/airflow/dags/wordcount_dag.py
[2025-05-03T02:21:51.673+0000] {processor.py:914} INFO - Processing file /opt/airflow/dags/wordcount_dag.py for tasks to queue
[2025-05-03T02:21:51.674+0000] {logging_mixin.py:190} INFO - [2025-05-03T02:21:51.674+0000] {dagbag.py:588} INFO - Filling up the DagBag from /opt/airflow/dags/wordcount_dag.py
[2025-05-03T02:21:51.842+0000] {processor.py:925} INFO - DAG(s) 'news_dag' retrieved from /opt/airflow/dags/wordcount_dag.py
[2025-05-03T02:21:51.853+0000] {logging_mixin.py:190} INFO - [2025-05-03T02:21:51.853+0000] {dag.py:3239} INFO - Sync 1 DAGs
[2025-05-03T02:21:51.859+0000] {logging_mixin.py:190} INFO - [2025-05-03T02:21:51.859+0000] {dag.py:4180} INFO - Setting next_dagrun for news_dag to None, run_after=None
[2025-05-03T02:21:51.869+0000] {processor.py:208} INFO - Processing /opt/airflow/dags/wordcount_dag.py took 0.199 seconds
[2025-05-03T02:22:22.366+0000] {processor.py:186} INFO - Started process (PID=824) to work on /opt/airflow/dags/wordcount_dag.py
[2025-05-03T02:22:22.366+0000] {processor.py:914} INFO - Processing file /opt/airflow/dags/wordcount_dag.py for tasks to queue
[2025-05-03T02:22:22.367+0000] {logging_mixin.py:190} INFO - [2025-05-03T02:22:22.367+0000] {dagbag.py:588} INFO - Filling up the DagBag from /opt/airflow/dags/wordcount_dag.py
[2025-05-03T02:22:22.529+0000] {processor.py:925} INFO - DAG(s) 'news_dag' retrieved from /opt/airflow/dags/wordcount_dag.py
[2025-05-03T02:22:22.538+0000] {logging_mixin.py:190} INFO - [2025-05-03T02:22:22.538+0000] {dag.py:3239} INFO - Sync 1 DAGs
[2025-05-03T02:22:22.543+0000] {logging_mixin.py:190} INFO - [2025-05-03T02:22:22.543+0000] {dag.py:4180} INFO - Setting next_dagrun for news_dag to None, run_after=None
[2025-05-03T02:22:22.548+0000] {processor.py:208} INFO - Processing /opt/airflow/dags/wordcount_dag.py took 0.186 seconds
[2025-05-03T02:22:52.984+0000] {processor.py:186} INFO - Started process (PID=829) to work on /opt/airflow/dags/wordcount_dag.py
[2025-05-03T02:22:52.985+0000] {processor.py:914} INFO - Processing file /opt/airflow/dags/wordcount_dag.py for tasks to queue
[2025-05-03T02:22:52.985+0000] {logging_mixin.py:190} INFO - [2025-05-03T02:22:52.985+0000] {dagbag.py:588} INFO - Filling up the DagBag from /opt/airflow/dags/wordcount_dag.py
[2025-05-03T02:22:53.147+0000] {processor.py:925} INFO - DAG(s) 'news_dag' retrieved from /opt/airflow/dags/wordcount_dag.py
[2025-05-03T02:22:53.157+0000] {logging_mixin.py:190} INFO - [2025-05-03T02:22:53.156+0000] {dag.py:3239} INFO - Sync 1 DAGs
[2025-05-03T02:22:53.162+0000] {logging_mixin.py:190} INFO - [2025-05-03T02:22:53.162+0000] {dag.py:4180} INFO - Setting next_dagrun for news_dag to None, run_after=None
[2025-05-03T02:22:53.170+0000] {processor.py:208} INFO - Processing /opt/airflow/dags/wordcount_dag.py took 0.189 seconds
[2025-05-03T02:23:23.577+0000] {processor.py:186} INFO - Started process (PID=834) to work on /opt/airflow/dags/wordcount_dag.py
[2025-05-03T02:23:23.578+0000] {processor.py:914} INFO - Processing file /opt/airflow/dags/wordcount_dag.py for tasks to queue
[2025-05-03T02:23:23.579+0000] {logging_mixin.py:190} INFO - [2025-05-03T02:23:23.579+0000] {dagbag.py:588} INFO - Filling up the DagBag from /opt/airflow/dags/wordcount_dag.py
[2025-05-03T02:23:23.723+0000] {processor.py:925} INFO - DAG(s) 'news_dag' retrieved from /opt/airflow/dags/wordcount_dag.py
[2025-05-03T02:23:23.732+0000] {logging_mixin.py:190} INFO - [2025-05-03T02:23:23.732+0000] {dag.py:3239} INFO - Sync 1 DAGs
[2025-05-03T02:23:23.737+0000] {logging_mixin.py:190} INFO - [2025-05-03T02:23:23.736+0000] {dag.py:4180} INFO - Setting next_dagrun for news_dag to None, run_after=None
[2025-05-03T02:23:23.755+0000] {processor.py:208} INFO - Processing /opt/airflow/dags/wordcount_dag.py took 0.181 seconds
[2025-05-03T02:23:54.343+0000] {processor.py:186} INFO - Started process (PID=839) to work on /opt/airflow/dags/wordcount_dag.py
[2025-05-03T02:23:54.343+0000] {processor.py:914} INFO - Processing file /opt/airflow/dags/wordcount_dag.py for tasks to queue
[2025-05-03T02:23:54.344+0000] {logging_mixin.py:190} INFO - [2025-05-03T02:23:54.344+0000] {dagbag.py:588} INFO - Filling up the DagBag from /opt/airflow/dags/wordcount_dag.py
[2025-05-03T02:23:54.499+0000] {processor.py:925} INFO - DAG(s) 'news_dag' retrieved from /opt/airflow/dags/wordcount_dag.py
[2025-05-03T02:23:54.511+0000] {logging_mixin.py:190} INFO - [2025-05-03T02:23:54.511+0000] {dag.py:3239} INFO - Sync 1 DAGs
[2025-05-03T02:23:54.517+0000] {logging_mixin.py:190} INFO - [2025-05-03T02:23:54.517+0000] {dag.py:4180} INFO - Setting next_dagrun for news_dag to None, run_after=None
[2025-05-03T02:23:54.526+0000] {processor.py:208} INFO - Processing /opt/airflow/dags/wordcount_dag.py took 0.186 seconds
[2025-05-03T02:24:24.992+0000] {processor.py:186} INFO - Started process (PID=844) to work on /opt/airflow/dags/wordcount_dag.py
[2025-05-03T02:24:24.993+0000] {processor.py:914} INFO - Processing file /opt/airflow/dags/wordcount_dag.py for tasks to queue
[2025-05-03T02:24:24.993+0000] {logging_mixin.py:190} INFO - [2025-05-03T02:24:24.993+0000] {dagbag.py:588} INFO - Filling up the DagBag from /opt/airflow/dags/wordcount_dag.py
[2025-05-03T02:24:25.122+0000] {processor.py:925} INFO - DAG(s) 'news_dag' retrieved from /opt/airflow/dags/wordcount_dag.py
[2025-05-03T02:24:25.128+0000] {logging_mixin.py:190} INFO - [2025-05-03T02:24:25.128+0000] {dag.py:3239} INFO - Sync 1 DAGs
[2025-05-03T02:24:25.132+0000] {logging_mixin.py:190} INFO - [2025-05-03T02:24:25.132+0000] {dag.py:4180} INFO - Setting next_dagrun for news_dag to None, run_after=None
[2025-05-03T02:24:25.137+0000] {processor.py:208} INFO - Processing /opt/airflow/dags/wordcount_dag.py took 0.147 seconds
[2025-05-03T02:24:55.670+0000] {processor.py:186} INFO - Started process (PID=849) to work on /opt/airflow/dags/wordcount_dag.py
[2025-05-03T02:24:55.671+0000] {processor.py:914} INFO - Processing file /opt/airflow/dags/wordcount_dag.py for tasks to queue
[2025-05-03T02:24:55.671+0000] {logging_mixin.py:190} INFO - [2025-05-03T02:24:55.671+0000] {dagbag.py:588} INFO - Filling up the DagBag from /opt/airflow/dags/wordcount_dag.py
[2025-05-03T02:24:55.796+0000] {processor.py:925} INFO - DAG(s) 'news_dag' retrieved from /opt/airflow/dags/wordcount_dag.py
[2025-05-03T02:24:55.803+0000] {logging_mixin.py:190} INFO - [2025-05-03T02:24:55.803+0000] {dag.py:3239} INFO - Sync 1 DAGs
[2025-05-03T02:24:55.807+0000] {logging_mixin.py:190} INFO - [2025-05-03T02:24:55.807+0000] {dag.py:4180} INFO - Setting next_dagrun for news_dag to None, run_after=None
[2025-05-03T02:24:55.811+0000] {processor.py:208} INFO - Processing /opt/airflow/dags/wordcount_dag.py took 0.144 seconds
[2025-05-03T02:25:26.539+0000] {processor.py:186} INFO - Started process (PID=854) to work on /opt/airflow/dags/wordcount_dag.py
[2025-05-03T02:25:26.540+0000] {processor.py:914} INFO - Processing file /opt/airflow/dags/wordcount_dag.py for tasks to queue
[2025-05-03T02:25:26.540+0000] {logging_mixin.py:190} INFO - [2025-05-03T02:25:26.540+0000] {dagbag.py:588} INFO - Filling up the DagBag from /opt/airflow/dags/wordcount_dag.py
[2025-05-03T02:25:26.687+0000] {processor.py:925} INFO - DAG(s) 'news_dag' retrieved from /opt/airflow/dags/wordcount_dag.py
[2025-05-03T02:25:26.696+0000] {logging_mixin.py:190} INFO - [2025-05-03T02:25:26.695+0000] {dag.py:3239} INFO - Sync 1 DAGs
[2025-05-03T02:25:26.700+0000] {logging_mixin.py:190} INFO - [2025-05-03T02:25:26.700+0000] {dag.py:4180} INFO - Setting next_dagrun for news_dag to None, run_after=None
[2025-05-03T02:25:26.705+0000] {processor.py:208} INFO - Processing /opt/airflow/dags/wordcount_dag.py took 0.169 seconds
