[2025-05-03T00:00:23.250+0000] {processor.py:186} INFO - Started process (PID=205) to work on /opt/airflow/dags/zscore_stats_dag.py
[2025-05-03T00:00:23.251+0000] {processor.py:914} INFO - Processing file /opt/airflow/dags/zscore_stats_dag.py for tasks to queue
[2025-05-03T00:00:23.252+0000] {logging_mixin.py:190} INFO - [2025-05-03T00:00:23.252+0000] {dagbag.py:588} INFO - Filling up the DagBag from /opt/airflow/dags/zscore_stats_dag.py
[2025-05-03T00:00:23.372+0000] {processor.py:925} INFO - DAG(s) 'nba_zscore_dag' retrieved from /opt/airflow/dags/zscore_stats_dag.py
[2025-05-03T00:00:23.380+0000] {logging_mixin.py:190} INFO - [2025-05-03T00:00:23.379+0000] {dag.py:3239} INFO - Sync 1 DAGs
[2025-05-03T00:00:23.384+0000] {logging_mixin.py:190} INFO - [2025-05-03T00:00:23.384+0000] {dag.py:4180} INFO - Setting next_dagrun for nba_zscore_dag to None, run_after=None
[2025-05-03T00:00:23.390+0000] {processor.py:208} INFO - Processing /opt/airflow/dags/zscore_stats_dag.py took 0.150 seconds
[2025-05-03T00:00:53.834+0000] {processor.py:186} INFO - Started process (PID=210) to work on /opt/airflow/dags/zscore_stats_dag.py
[2025-05-03T00:00:53.835+0000] {processor.py:914} INFO - Processing file /opt/airflow/dags/zscore_stats_dag.py for tasks to queue
[2025-05-03T00:00:53.836+0000] {logging_mixin.py:190} INFO - [2025-05-03T00:00:53.836+0000] {dagbag.py:588} INFO - Filling up the DagBag from /opt/airflow/dags/zscore_stats_dag.py
[2025-05-03T00:00:53.879+0000] {processor.py:925} INFO - DAG(s) 'nba_zscore_dag' retrieved from /opt/airflow/dags/zscore_stats_dag.py
[2025-05-03T00:00:53.887+0000] {logging_mixin.py:190} INFO - [2025-05-03T00:00:53.887+0000] {dag.py:3239} INFO - Sync 1 DAGs
[2025-05-03T00:00:53.892+0000] {logging_mixin.py:190} INFO - [2025-05-03T00:00:53.892+0000] {dag.py:4180} INFO - Setting next_dagrun for nba_zscore_dag to None, run_after=None
[2025-05-03T00:00:53.899+0000] {processor.py:208} INFO - Processing /opt/airflow/dags/zscore_stats_dag.py took 0.072 seconds
[2025-05-03T00:01:24.469+0000] {processor.py:186} INFO - Started process (PID=215) to work on /opt/airflow/dags/zscore_stats_dag.py
[2025-05-03T00:01:24.470+0000] {processor.py:914} INFO - Processing file /opt/airflow/dags/zscore_stats_dag.py for tasks to queue
[2025-05-03T00:01:24.472+0000] {logging_mixin.py:190} INFO - [2025-05-03T00:01:24.471+0000] {dagbag.py:588} INFO - Filling up the DagBag from /opt/airflow/dags/zscore_stats_dag.py
[2025-05-03T00:01:24.515+0000] {processor.py:925} INFO - DAG(s) 'nba_zscore_dag' retrieved from /opt/airflow/dags/zscore_stats_dag.py
[2025-05-03T00:01:24.525+0000] {logging_mixin.py:190} INFO - [2025-05-03T00:01:24.525+0000] {dag.py:3239} INFO - Sync 1 DAGs
[2025-05-03T00:01:24.592+0000] {logging_mixin.py:190} INFO - [2025-05-03T00:01:24.592+0000] {dag.py:4180} INFO - Setting next_dagrun for nba_zscore_dag to None, run_after=None
[2025-05-03T00:01:24.598+0000] {processor.py:208} INFO - Processing /opt/airflow/dags/zscore_stats_dag.py took 0.137 seconds
[2025-05-03T00:01:55.055+0000] {processor.py:186} INFO - Started process (PID=220) to work on /opt/airflow/dags/zscore_stats_dag.py
[2025-05-03T00:01:55.056+0000] {processor.py:914} INFO - Processing file /opt/airflow/dags/zscore_stats_dag.py for tasks to queue
[2025-05-03T00:01:55.057+0000] {logging_mixin.py:190} INFO - [2025-05-03T00:01:55.056+0000] {dagbag.py:588} INFO - Filling up the DagBag from /opt/airflow/dags/zscore_stats_dag.py
[2025-05-03T00:01:55.098+0000] {processor.py:925} INFO - DAG(s) 'nba_zscore_dag' retrieved from /opt/airflow/dags/zscore_stats_dag.py
[2025-05-03T00:01:55.170+0000] {logging_mixin.py:190} INFO - [2025-05-03T00:01:55.170+0000] {dag.py:3239} INFO - Sync 1 DAGs
[2025-05-03T00:01:55.174+0000] {logging_mixin.py:190} INFO - [2025-05-03T00:01:55.174+0000] {dag.py:4180} INFO - Setting next_dagrun for nba_zscore_dag to None, run_after=None
[2025-05-03T00:01:55.179+0000] {processor.py:208} INFO - Processing /opt/airflow/dags/zscore_stats_dag.py took 0.134 seconds
[2025-05-03T00:02:25.668+0000] {processor.py:186} INFO - Started process (PID=225) to work on /opt/airflow/dags/zscore_stats_dag.py
[2025-05-03T00:02:25.669+0000] {processor.py:914} INFO - Processing file /opt/airflow/dags/zscore_stats_dag.py for tasks to queue
[2025-05-03T00:02:25.669+0000] {logging_mixin.py:190} INFO - [2025-05-03T00:02:25.669+0000] {dagbag.py:588} INFO - Filling up the DagBag from /opt/airflow/dags/zscore_stats_dag.py
[2025-05-03T00:02:25.770+0000] {processor.py:925} INFO - DAG(s) 'nba_zscore_dag' retrieved from /opt/airflow/dags/zscore_stats_dag.py
[2025-05-03T00:02:25.778+0000] {logging_mixin.py:190} INFO - [2025-05-03T00:02:25.778+0000] {dag.py:3239} INFO - Sync 1 DAGs
[2025-05-03T00:02:25.782+0000] {logging_mixin.py:190} INFO - [2025-05-03T00:02:25.782+0000] {dag.py:4180} INFO - Setting next_dagrun for nba_zscore_dag to None, run_after=None
[2025-05-03T00:02:25.789+0000] {processor.py:208} INFO - Processing /opt/airflow/dags/zscore_stats_dag.py took 0.123 seconds
[2025-05-03T00:02:56.201+0000] {processor.py:186} INFO - Started process (PID=230) to work on /opt/airflow/dags/zscore_stats_dag.py
[2025-05-03T00:02:56.202+0000] {processor.py:914} INFO - Processing file /opt/airflow/dags/zscore_stats_dag.py for tasks to queue
[2025-05-03T00:02:56.204+0000] {logging_mixin.py:190} INFO - [2025-05-03T00:02:56.203+0000] {dagbag.py:588} INFO - Filling up the DagBag from /opt/airflow/dags/zscore_stats_dag.py
[2025-05-03T00:02:56.322+0000] {processor.py:925} INFO - DAG(s) 'nba_zscore_dag' retrieved from /opt/airflow/dags/zscore_stats_dag.py
[2025-05-03T00:02:56.329+0000] {logging_mixin.py:190} INFO - [2025-05-03T00:02:56.329+0000] {dag.py:3239} INFO - Sync 1 DAGs
[2025-05-03T00:02:56.333+0000] {logging_mixin.py:190} INFO - [2025-05-03T00:02:56.333+0000] {dag.py:4180} INFO - Setting next_dagrun for nba_zscore_dag to None, run_after=None
[2025-05-03T00:02:56.341+0000] {processor.py:208} INFO - Processing /opt/airflow/dags/zscore_stats_dag.py took 0.147 seconds
[2025-05-03T00:03:26.866+0000] {processor.py:186} INFO - Started process (PID=235) to work on /opt/airflow/dags/zscore_stats_dag.py
[2025-05-03T00:03:26.868+0000] {processor.py:914} INFO - Processing file /opt/airflow/dags/zscore_stats_dag.py for tasks to queue
[2025-05-03T00:03:26.869+0000] {logging_mixin.py:190} INFO - [2025-05-03T00:03:26.868+0000] {dagbag.py:588} INFO - Filling up the DagBag from /opt/airflow/dags/zscore_stats_dag.py
[2025-05-03T00:03:26.913+0000] {processor.py:925} INFO - DAG(s) 'nba_zscore_dag' retrieved from /opt/airflow/dags/zscore_stats_dag.py
[2025-05-03T00:03:26.923+0000] {logging_mixin.py:190} INFO - [2025-05-03T00:03:26.922+0000] {dag.py:3239} INFO - Sync 1 DAGs
[2025-05-03T00:03:26.928+0000] {logging_mixin.py:190} INFO - [2025-05-03T00:03:26.928+0000] {dag.py:4180} INFO - Setting next_dagrun for nba_zscore_dag to None, run_after=None
[2025-05-03T00:03:26.934+0000] {processor.py:208} INFO - Processing /opt/airflow/dags/zscore_stats_dag.py took 0.076 seconds
[2025-05-03T00:03:57.445+0000] {processor.py:186} INFO - Started process (PID=240) to work on /opt/airflow/dags/zscore_stats_dag.py
[2025-05-03T00:03:57.446+0000] {processor.py:914} INFO - Processing file /opt/airflow/dags/zscore_stats_dag.py for tasks to queue
[2025-05-03T00:03:57.447+0000] {logging_mixin.py:190} INFO - [2025-05-03T00:03:57.447+0000] {dagbag.py:588} INFO - Filling up the DagBag from /opt/airflow/dags/zscore_stats_dag.py
[2025-05-03T00:03:57.481+0000] {processor.py:925} INFO - DAG(s) 'nba_zscore_dag' retrieved from /opt/airflow/dags/zscore_stats_dag.py
[2025-05-03T00:03:57.490+0000] {logging_mixin.py:190} INFO - [2025-05-03T00:03:57.490+0000] {dag.py:3239} INFO - Sync 1 DAGs
[2025-05-03T00:03:57.563+0000] {logging_mixin.py:190} INFO - [2025-05-03T00:03:57.562+0000] {dag.py:4180} INFO - Setting next_dagrun for nba_zscore_dag to None, run_after=None
[2025-05-03T00:03:57.569+0000] {processor.py:208} INFO - Processing /opt/airflow/dags/zscore_stats_dag.py took 0.129 seconds
[2025-05-03T00:04:27.966+0000] {processor.py:186} INFO - Started process (PID=245) to work on /opt/airflow/dags/zscore_stats_dag.py
[2025-05-03T00:04:27.966+0000] {processor.py:914} INFO - Processing file /opt/airflow/dags/zscore_stats_dag.py for tasks to queue
[2025-05-03T00:04:27.967+0000] {logging_mixin.py:190} INFO - [2025-05-03T00:04:27.967+0000] {dagbag.py:588} INFO - Filling up the DagBag from /opt/airflow/dags/zscore_stats_dag.py
[2025-05-03T00:04:27.993+0000] {processor.py:925} INFO - DAG(s) 'nba_zscore_dag' retrieved from /opt/airflow/dags/zscore_stats_dag.py
[2025-05-03T00:04:28.002+0000] {logging_mixin.py:190} INFO - [2025-05-03T00:04:28.002+0000] {dag.py:3239} INFO - Sync 1 DAGs
[2025-05-03T00:04:28.067+0000] {logging_mixin.py:190} INFO - [2025-05-03T00:04:28.067+0000] {dag.py:4180} INFO - Setting next_dagrun for nba_zscore_dag to None, run_after=None
[2025-05-03T00:04:28.072+0000] {processor.py:208} INFO - Processing /opt/airflow/dags/zscore_stats_dag.py took 0.109 seconds
[2025-05-03T00:04:58.504+0000] {processor.py:186} INFO - Started process (PID=250) to work on /opt/airflow/dags/zscore_stats_dag.py
[2025-05-03T00:04:58.505+0000] {processor.py:914} INFO - Processing file /opt/airflow/dags/zscore_stats_dag.py for tasks to queue
[2025-05-03T00:04:58.507+0000] {logging_mixin.py:190} INFO - [2025-05-03T00:04:58.506+0000] {dagbag.py:588} INFO - Filling up the DagBag from /opt/airflow/dags/zscore_stats_dag.py
[2025-05-03T00:04:58.627+0000] {processor.py:925} INFO - DAG(s) 'nba_zscore_dag' retrieved from /opt/airflow/dags/zscore_stats_dag.py
[2025-05-03T00:04:58.634+0000] {logging_mixin.py:190} INFO - [2025-05-03T00:04:58.634+0000] {dag.py:3239} INFO - Sync 1 DAGs
[2025-05-03T00:04:58.638+0000] {logging_mixin.py:190} INFO - [2025-05-03T00:04:58.638+0000] {dag.py:4180} INFO - Setting next_dagrun for nba_zscore_dag to None, run_after=None
[2025-05-03T00:04:58.644+0000] {processor.py:208} INFO - Processing /opt/airflow/dags/zscore_stats_dag.py took 0.147 seconds
[2025-05-03T00:05:29.076+0000] {processor.py:186} INFO - Started process (PID=255) to work on /opt/airflow/dags/zscore_stats_dag.py
[2025-05-03T00:05:29.077+0000] {processor.py:914} INFO - Processing file /opt/airflow/dags/zscore_stats_dag.py for tasks to queue
[2025-05-03T00:05:29.078+0000] {logging_mixin.py:190} INFO - [2025-05-03T00:05:29.078+0000] {dagbag.py:588} INFO - Filling up the DagBag from /opt/airflow/dags/zscore_stats_dag.py
[2025-05-03T00:05:29.192+0000] {processor.py:925} INFO - DAG(s) 'nba_zscore_dag' retrieved from /opt/airflow/dags/zscore_stats_dag.py
[2025-05-03T00:05:29.199+0000] {logging_mixin.py:190} INFO - [2025-05-03T00:05:29.198+0000] {dag.py:3239} INFO - Sync 1 DAGs
[2025-05-03T00:05:29.203+0000] {logging_mixin.py:190} INFO - [2025-05-03T00:05:29.203+0000] {dag.py:4180} INFO - Setting next_dagrun for nba_zscore_dag to None, run_after=None
[2025-05-03T00:05:29.208+0000] {processor.py:208} INFO - Processing /opt/airflow/dags/zscore_stats_dag.py took 0.140 seconds
[2025-05-03T00:05:59.611+0000] {processor.py:186} INFO - Started process (PID=260) to work on /opt/airflow/dags/zscore_stats_dag.py
[2025-05-03T00:05:59.612+0000] {processor.py:914} INFO - Processing file /opt/airflow/dags/zscore_stats_dag.py for tasks to queue
[2025-05-03T00:05:59.613+0000] {logging_mixin.py:190} INFO - [2025-05-03T00:05:59.612+0000] {dagbag.py:588} INFO - Filling up the DagBag from /opt/airflow/dags/zscore_stats_dag.py
[2025-05-03T00:05:59.718+0000] {processor.py:925} INFO - DAG(s) 'nba_zscore_dag' retrieved from /opt/airflow/dags/zscore_stats_dag.py
[2025-05-03T00:05:59.724+0000] {logging_mixin.py:190} INFO - [2025-05-03T00:05:59.724+0000] {dag.py:3239} INFO - Sync 1 DAGs
[2025-05-03T00:05:59.728+0000] {logging_mixin.py:190} INFO - [2025-05-03T00:05:59.728+0000] {dag.py:4180} INFO - Setting next_dagrun for nba_zscore_dag to None, run_after=None
[2025-05-03T00:05:59.733+0000] {processor.py:208} INFO - Processing /opt/airflow/dags/zscore_stats_dag.py took 0.127 seconds
[2025-05-03T00:06:30.119+0000] {processor.py:186} INFO - Started process (PID=265) to work on /opt/airflow/dags/zscore_stats_dag.py
[2025-05-03T00:06:30.120+0000] {processor.py:914} INFO - Processing file /opt/airflow/dags/zscore_stats_dag.py for tasks to queue
[2025-05-03T00:06:30.121+0000] {logging_mixin.py:190} INFO - [2025-05-03T00:06:30.120+0000] {dagbag.py:588} INFO - Filling up the DagBag from /opt/airflow/dags/zscore_stats_dag.py
[2025-05-03T00:06:30.157+0000] {processor.py:925} INFO - DAG(s) 'nba_zscore_dag' retrieved from /opt/airflow/dags/zscore_stats_dag.py
[2025-05-03T00:06:30.166+0000] {logging_mixin.py:190} INFO - [2025-05-03T00:06:30.166+0000] {dag.py:3239} INFO - Sync 1 DAGs
[2025-05-03T00:06:30.172+0000] {logging_mixin.py:190} INFO - [2025-05-03T00:06:30.172+0000] {dag.py:4180} INFO - Setting next_dagrun for nba_zscore_dag to None, run_after=None
[2025-05-03T00:06:30.241+0000] {processor.py:208} INFO - Processing /opt/airflow/dags/zscore_stats_dag.py took 0.125 seconds
[2025-05-03T00:07:00.588+0000] {processor.py:186} INFO - Started process (PID=270) to work on /opt/airflow/dags/zscore_stats_dag.py
[2025-05-03T00:07:00.588+0000] {processor.py:914} INFO - Processing file /opt/airflow/dags/zscore_stats_dag.py for tasks to queue
[2025-05-03T00:07:00.589+0000] {logging_mixin.py:190} INFO - [2025-05-03T00:07:00.589+0000] {dagbag.py:588} INFO - Filling up the DagBag from /opt/airflow/dags/zscore_stats_dag.py
[2025-05-03T00:07:00.621+0000] {processor.py:925} INFO - DAG(s) 'nba_zscore_dag' retrieved from /opt/airflow/dags/zscore_stats_dag.py
[2025-05-03T00:07:00.629+0000] {logging_mixin.py:190} INFO - [2025-05-03T00:07:00.629+0000] {dag.py:3239} INFO - Sync 1 DAGs
[2025-05-03T00:07:00.696+0000] {logging_mixin.py:190} INFO - [2025-05-03T00:07:00.695+0000] {dag.py:4180} INFO - Setting next_dagrun for nba_zscore_dag to None, run_after=None
[2025-05-03T00:07:00.701+0000] {processor.py:208} INFO - Processing /opt/airflow/dags/zscore_stats_dag.py took 0.116 seconds
[2025-05-03T00:07:31.196+0000] {processor.py:186} INFO - Started process (PID=275) to work on /opt/airflow/dags/zscore_stats_dag.py
[2025-05-03T00:07:31.199+0000] {processor.py:914} INFO - Processing file /opt/airflow/dags/zscore_stats_dag.py for tasks to queue
[2025-05-03T00:07:31.200+0000] {logging_mixin.py:190} INFO - [2025-05-03T00:07:31.200+0000] {dagbag.py:588} INFO - Filling up the DagBag from /opt/airflow/dags/zscore_stats_dag.py
[2025-05-03T00:07:31.249+0000] {processor.py:925} INFO - DAG(s) 'nba_zscore_dag' retrieved from /opt/airflow/dags/zscore_stats_dag.py
[2025-05-03T00:07:31.354+0000] {logging_mixin.py:190} INFO - [2025-05-03T00:07:31.354+0000] {dag.py:3239} INFO - Sync 1 DAGs
[2025-05-03T00:07:31.358+0000] {logging_mixin.py:190} INFO - [2025-05-03T00:07:31.358+0000] {dag.py:4180} INFO - Setting next_dagrun for nba_zscore_dag to None, run_after=None
[2025-05-03T00:07:31.370+0000] {processor.py:208} INFO - Processing /opt/airflow/dags/zscore_stats_dag.py took 0.180 seconds
[2025-05-03T00:08:01.941+0000] {processor.py:186} INFO - Started process (PID=280) to work on /opt/airflow/dags/zscore_stats_dag.py
[2025-05-03T00:08:01.941+0000] {processor.py:914} INFO - Processing file /opt/airflow/dags/zscore_stats_dag.py for tasks to queue
[2025-05-03T00:08:01.942+0000] {logging_mixin.py:190} INFO - [2025-05-03T00:08:01.942+0000] {dagbag.py:588} INFO - Filling up the DagBag from /opt/airflow/dags/zscore_stats_dag.py
[2025-05-03T00:08:02.058+0000] {processor.py:925} INFO - DAG(s) 'nba_zscore_dag' retrieved from /opt/airflow/dags/zscore_stats_dag.py
[2025-05-03T00:08:02.064+0000] {logging_mixin.py:190} INFO - [2025-05-03T00:08:02.064+0000] {dag.py:3239} INFO - Sync 1 DAGs
[2025-05-03T00:08:02.069+0000] {logging_mixin.py:190} INFO - [2025-05-03T00:08:02.069+0000] {dag.py:4180} INFO - Setting next_dagrun for nba_zscore_dag to None, run_after=None
[2025-05-03T00:08:02.075+0000] {processor.py:208} INFO - Processing /opt/airflow/dags/zscore_stats_dag.py took 0.140 seconds
[2025-05-03T00:08:32.489+0000] {processor.py:186} INFO - Started process (PID=285) to work on /opt/airflow/dags/zscore_stats_dag.py
[2025-05-03T00:08:32.491+0000] {processor.py:914} INFO - Processing file /opt/airflow/dags/zscore_stats_dag.py for tasks to queue
[2025-05-03T00:08:32.492+0000] {logging_mixin.py:190} INFO - [2025-05-03T00:08:32.491+0000] {dagbag.py:588} INFO - Filling up the DagBag from /opt/airflow/dags/zscore_stats_dag.py
[2025-05-03T00:08:32.592+0000] {processor.py:925} INFO - DAG(s) 'nba_zscore_dag' retrieved from /opt/airflow/dags/zscore_stats_dag.py
[2025-05-03T00:08:32.599+0000] {logging_mixin.py:190} INFO - [2025-05-03T00:08:32.599+0000] {dag.py:3239} INFO - Sync 1 DAGs
[2025-05-03T00:08:32.602+0000] {logging_mixin.py:190} INFO - [2025-05-03T00:08:32.602+0000] {dag.py:4180} INFO - Setting next_dagrun for nba_zscore_dag to None, run_after=None
[2025-05-03T00:08:32.608+0000] {processor.py:208} INFO - Processing /opt/airflow/dags/zscore_stats_dag.py took 0.124 seconds
[2025-05-03T00:09:44.661+0000] {processor.py:186} INFO - Started process (PID=35) to work on /opt/airflow/dags/zscore_stats_dag.py
[2025-05-03T00:09:44.662+0000] {processor.py:914} INFO - Processing file /opt/airflow/dags/zscore_stats_dag.py for tasks to queue
[2025-05-03T00:09:44.662+0000] {logging_mixin.py:190} INFO - [2025-05-03T00:09:44.662+0000] {dagbag.py:588} INFO - Filling up the DagBag from /opt/airflow/dags/zscore_stats_dag.py
[2025-05-03T00:09:44.709+0000] {processor.py:925} INFO - DAG(s) 'nba_zscore_dag' retrieved from /opt/airflow/dags/zscore_stats_dag.py
[2025-05-03T00:09:44.729+0000] {logging_mixin.py:190} INFO - [2025-05-03T00:09:44.729+0000] {dag.py:3239} INFO - Sync 1 DAGs
[2025-05-03T00:09:44.743+0000] {logging_mixin.py:190} INFO - [2025-05-03T00:09:44.742+0000] {dag.py:4180} INFO - Setting next_dagrun for nba_zscore_dag to None, run_after=None
[2025-05-03T00:09:44.754+0000] {processor.py:208} INFO - Processing /opt/airflow/dags/zscore_stats_dag.py took 0.097 seconds
[2025-05-03T00:10:15.378+0000] {processor.py:186} INFO - Started process (PID=40) to work on /opt/airflow/dags/zscore_stats_dag.py
[2025-05-03T00:10:15.379+0000] {processor.py:914} INFO - Processing file /opt/airflow/dags/zscore_stats_dag.py for tasks to queue
[2025-05-03T00:10:15.380+0000] {logging_mixin.py:190} INFO - [2025-05-03T00:10:15.380+0000] {dagbag.py:588} INFO - Filling up the DagBag from /opt/airflow/dags/zscore_stats_dag.py
[2025-05-03T00:10:15.419+0000] {processor.py:925} INFO - DAG(s) 'nba_zscore_dag' retrieved from /opt/airflow/dags/zscore_stats_dag.py
[2025-05-03T00:10:15.429+0000] {logging_mixin.py:190} INFO - [2025-05-03T00:10:15.429+0000] {dag.py:3239} INFO - Sync 1 DAGs
[2025-05-03T00:10:15.435+0000] {logging_mixin.py:190} INFO - [2025-05-03T00:10:15.435+0000] {dag.py:4180} INFO - Setting next_dagrun for nba_zscore_dag to None, run_after=None
[2025-05-03T00:10:15.442+0000] {processor.py:208} INFO - Processing /opt/airflow/dags/zscore_stats_dag.py took 0.068 seconds
[2025-05-03T00:10:45.954+0000] {processor.py:186} INFO - Started process (PID=45) to work on /opt/airflow/dags/zscore_stats_dag.py
[2025-05-03T00:10:45.954+0000] {processor.py:914} INFO - Processing file /opt/airflow/dags/zscore_stats_dag.py for tasks to queue
[2025-05-03T00:10:45.956+0000] {logging_mixin.py:190} INFO - [2025-05-03T00:10:45.955+0000] {dagbag.py:588} INFO - Filling up the DagBag from /opt/airflow/dags/zscore_stats_dag.py
[2025-05-03T00:10:45.994+0000] {processor.py:925} INFO - DAG(s) 'nba_zscore_dag' retrieved from /opt/airflow/dags/zscore_stats_dag.py
[2025-05-03T00:10:46.004+0000] {logging_mixin.py:190} INFO - [2025-05-03T00:10:46.004+0000] {dag.py:3239} INFO - Sync 1 DAGs
[2025-05-03T00:10:46.010+0000] {logging_mixin.py:190} INFO - [2025-05-03T00:10:46.010+0000] {dag.py:4180} INFO - Setting next_dagrun for nba_zscore_dag to None, run_after=None
[2025-05-03T00:10:46.087+0000] {processor.py:208} INFO - Processing /opt/airflow/dags/zscore_stats_dag.py took 0.138 seconds
[2025-05-03T00:11:16.615+0000] {processor.py:186} INFO - Started process (PID=50) to work on /opt/airflow/dags/zscore_stats_dag.py
[2025-05-03T00:11:16.616+0000] {processor.py:914} INFO - Processing file /opt/airflow/dags/zscore_stats_dag.py for tasks to queue
[2025-05-03T00:11:16.617+0000] {logging_mixin.py:190} INFO - [2025-05-03T00:11:16.617+0000] {dagbag.py:588} INFO - Filling up the DagBag from /opt/airflow/dags/zscore_stats_dag.py
[2025-05-03T00:11:16.648+0000] {processor.py:925} INFO - DAG(s) 'nba_zscore_dag' retrieved from /opt/airflow/dags/zscore_stats_dag.py
[2025-05-03T00:11:16.657+0000] {logging_mixin.py:190} INFO - [2025-05-03T00:11:16.657+0000] {dag.py:3239} INFO - Sync 1 DAGs
[2025-05-03T00:11:16.737+0000] {logging_mixin.py:190} INFO - [2025-05-03T00:11:16.737+0000] {dag.py:4180} INFO - Setting next_dagrun for nba_zscore_dag to None, run_after=None
[2025-05-03T00:11:16.744+0000] {processor.py:208} INFO - Processing /opt/airflow/dags/zscore_stats_dag.py took 0.133 seconds
[2025-05-03T00:11:47.235+0000] {processor.py:186} INFO - Started process (PID=55) to work on /opt/airflow/dags/zscore_stats_dag.py
[2025-05-03T00:11:47.236+0000] {processor.py:914} INFO - Processing file /opt/airflow/dags/zscore_stats_dag.py for tasks to queue
[2025-05-03T00:11:47.236+0000] {logging_mixin.py:190} INFO - [2025-05-03T00:11:47.236+0000] {dagbag.py:588} INFO - Filling up the DagBag from /opt/airflow/dags/zscore_stats_dag.py
[2025-05-03T00:11:47.268+0000] {processor.py:925} INFO - DAG(s) 'nba_zscore_dag' retrieved from /opt/airflow/dags/zscore_stats_dag.py
[2025-05-03T00:11:47.279+0000] {logging_mixin.py:190} INFO - [2025-05-03T00:11:47.279+0000] {dag.py:3239} INFO - Sync 1 DAGs
[2025-05-03T00:11:47.364+0000] {logging_mixin.py:190} INFO - [2025-05-03T00:11:47.364+0000] {dag.py:4180} INFO - Setting next_dagrun for nba_zscore_dag to None, run_after=None
[2025-05-03T00:11:47.371+0000] {processor.py:208} INFO - Processing /opt/airflow/dags/zscore_stats_dag.py took 0.139 seconds
[2025-05-03T00:12:39.074+0000] {processor.py:186} INFO - Started process (PID=36) to work on /opt/airflow/dags/zscore_stats_dag.py
[2025-05-03T00:12:39.074+0000] {processor.py:914} INFO - Processing file /opt/airflow/dags/zscore_stats_dag.py for tasks to queue
[2025-05-03T00:12:39.075+0000] {logging_mixin.py:190} INFO - [2025-05-03T00:12:39.075+0000] {dagbag.py:588} INFO - Filling up the DagBag from /opt/airflow/dags/zscore_stats_dag.py
[2025-05-03T00:12:39.118+0000] {processor.py:925} INFO - DAG(s) 'nba_zscore_dag' retrieved from /opt/airflow/dags/zscore_stats_dag.py
[2025-05-03T00:12:39.139+0000] {logging_mixin.py:190} INFO - [2025-05-03T00:12:39.139+0000] {dag.py:3239} INFO - Sync 1 DAGs
[2025-05-03T00:12:39.145+0000] {logging_mixin.py:190} INFO - [2025-05-03T00:12:39.145+0000] {dag.py:4180} INFO - Setting next_dagrun for nba_zscore_dag to None, run_after=None
[2025-05-03T00:12:39.154+0000] {processor.py:208} INFO - Processing /opt/airflow/dags/zscore_stats_dag.py took 0.083 seconds
[2025-05-03T00:13:09.784+0000] {processor.py:186} INFO - Started process (PID=41) to work on /opt/airflow/dags/zscore_stats_dag.py
[2025-05-03T00:13:09.786+0000] {processor.py:914} INFO - Processing file /opt/airflow/dags/zscore_stats_dag.py for tasks to queue
[2025-05-03T00:13:09.787+0000] {logging_mixin.py:190} INFO - [2025-05-03T00:13:09.787+0000] {dagbag.py:588} INFO - Filling up the DagBag from /opt/airflow/dags/zscore_stats_dag.py
[2025-05-03T00:13:09.834+0000] {processor.py:925} INFO - DAG(s) 'nba_zscore_dag' retrieved from /opt/airflow/dags/zscore_stats_dag.py
[2025-05-03T00:13:09.846+0000] {logging_mixin.py:190} INFO - [2025-05-03T00:13:09.845+0000] {dag.py:3239} INFO - Sync 1 DAGs
[2025-05-03T00:13:09.852+0000] {logging_mixin.py:190} INFO - [2025-05-03T00:13:09.852+0000] {dag.py:4180} INFO - Setting next_dagrun for nba_zscore_dag to None, run_after=None
[2025-05-03T00:13:09.861+0000] {processor.py:208} INFO - Processing /opt/airflow/dags/zscore_stats_dag.py took 0.085 seconds
[2025-05-03T00:15:02.425+0000] {processor.py:186} INFO - Started process (PID=35) to work on /opt/airflow/dags/zscore_stats_dag.py
[2025-05-03T00:15:02.426+0000] {processor.py:914} INFO - Processing file /opt/airflow/dags/zscore_stats_dag.py for tasks to queue
[2025-05-03T00:15:02.426+0000] {logging_mixin.py:190} INFO - [2025-05-03T00:15:02.426+0000] {dagbag.py:588} INFO - Filling up the DagBag from /opt/airflow/dags/zscore_stats_dag.py
[2025-05-03T00:15:02.470+0000] {processor.py:925} INFO - DAG(s) 'nba_zscore_dag' retrieved from /opt/airflow/dags/zscore_stats_dag.py
[2025-05-03T00:15:02.492+0000] {logging_mixin.py:190} INFO - [2025-05-03T00:15:02.492+0000] {dag.py:3239} INFO - Sync 1 DAGs
[2025-05-03T00:15:02.503+0000] {logging_mixin.py:190} INFO - [2025-05-03T00:15:02.503+0000] {dag.py:4180} INFO - Setting next_dagrun for nba_zscore_dag to None, run_after=None
[2025-05-03T00:15:02.511+0000] {processor.py:208} INFO - Processing /opt/airflow/dags/zscore_stats_dag.py took 0.090 seconds
[2025-05-03T00:15:32.911+0000] {processor.py:186} INFO - Started process (PID=40) to work on /opt/airflow/dags/zscore_stats_dag.py
[2025-05-03T00:15:32.912+0000] {processor.py:914} INFO - Processing file /opt/airflow/dags/zscore_stats_dag.py for tasks to queue
[2025-05-03T00:15:32.913+0000] {logging_mixin.py:190} INFO - [2025-05-03T00:15:32.913+0000] {dagbag.py:588} INFO - Filling up the DagBag from /opt/airflow/dags/zscore_stats_dag.py
[2025-05-03T00:15:32.956+0000] {processor.py:925} INFO - DAG(s) 'nba_zscore_dag' retrieved from /opt/airflow/dags/zscore_stats_dag.py
[2025-05-03T00:15:32.967+0000] {logging_mixin.py:190} INFO - [2025-05-03T00:15:32.967+0000] {dag.py:3239} INFO - Sync 1 DAGs
[2025-05-03T00:15:32.973+0000] {logging_mixin.py:190} INFO - [2025-05-03T00:15:32.973+0000] {dag.py:4180} INFO - Setting next_dagrun for nba_zscore_dag to None, run_after=None
[2025-05-03T00:15:32.981+0000] {processor.py:208} INFO - Processing /opt/airflow/dags/zscore_stats_dag.py took 0.075 seconds
[2025-05-03T00:16:03.559+0000] {processor.py:186} INFO - Started process (PID=45) to work on /opt/airflow/dags/zscore_stats_dag.py
[2025-05-03T00:16:03.559+0000] {processor.py:914} INFO - Processing file /opt/airflow/dags/zscore_stats_dag.py for tasks to queue
[2025-05-03T00:16:03.560+0000] {logging_mixin.py:190} INFO - [2025-05-03T00:16:03.560+0000] {dagbag.py:588} INFO - Filling up the DagBag from /opt/airflow/dags/zscore_stats_dag.py
[2025-05-03T00:16:03.601+0000] {processor.py:925} INFO - DAG(s) 'nba_zscore_dag' retrieved from /opt/airflow/dags/zscore_stats_dag.py
[2025-05-03T00:16:03.611+0000] {logging_mixin.py:190} INFO - [2025-05-03T00:16:03.611+0000] {dag.py:3239} INFO - Sync 1 DAGs
[2025-05-03T00:16:03.618+0000] {logging_mixin.py:190} INFO - [2025-05-03T00:16:03.617+0000] {dag.py:4180} INFO - Setting next_dagrun for nba_zscore_dag to None, run_after=None
[2025-05-03T00:16:03.625+0000] {processor.py:208} INFO - Processing /opt/airflow/dags/zscore_stats_dag.py took 0.071 seconds
[2025-05-03T00:16:34.092+0000] {processor.py:186} INFO - Started process (PID=50) to work on /opt/airflow/dags/zscore_stats_dag.py
[2025-05-03T00:16:34.093+0000] {processor.py:914} INFO - Processing file /opt/airflow/dags/zscore_stats_dag.py for tasks to queue
[2025-05-03T00:16:34.094+0000] {logging_mixin.py:190} INFO - [2025-05-03T00:16:34.093+0000] {dagbag.py:588} INFO - Filling up the DagBag from /opt/airflow/dags/zscore_stats_dag.py
[2025-05-03T00:16:34.129+0000] {processor.py:925} INFO - DAG(s) 'nba_zscore_dag' retrieved from /opt/airflow/dags/zscore_stats_dag.py
[2025-05-03T00:16:34.141+0000] {logging_mixin.py:190} INFO - [2025-05-03T00:16:34.141+0000] {dag.py:3239} INFO - Sync 1 DAGs
[2025-05-03T00:16:34.148+0000] {logging_mixin.py:190} INFO - [2025-05-03T00:16:34.148+0000] {dag.py:4180} INFO - Setting next_dagrun for nba_zscore_dag to None, run_after=None
[2025-05-03T00:16:34.154+0000] {processor.py:208} INFO - Processing /opt/airflow/dags/zscore_stats_dag.py took 0.065 seconds
[2025-05-03T00:17:04.613+0000] {processor.py:186} INFO - Started process (PID=55) to work on /opt/airflow/dags/zscore_stats_dag.py
[2025-05-03T00:17:04.614+0000] {processor.py:914} INFO - Processing file /opt/airflow/dags/zscore_stats_dag.py for tasks to queue
[2025-05-03T00:17:04.615+0000] {logging_mixin.py:190} INFO - [2025-05-03T00:17:04.614+0000] {dagbag.py:588} INFO - Filling up the DagBag from /opt/airflow/dags/zscore_stats_dag.py
[2025-05-03T00:17:04.655+0000] {processor.py:925} INFO - DAG(s) 'nba_zscore_dag' retrieved from /opt/airflow/dags/zscore_stats_dag.py
[2025-05-03T00:17:04.665+0000] {logging_mixin.py:190} INFO - [2025-05-03T00:17:04.665+0000] {dag.py:3239} INFO - Sync 1 DAGs
[2025-05-03T00:17:04.671+0000] {logging_mixin.py:190} INFO - [2025-05-03T00:17:04.671+0000] {dag.py:4180} INFO - Setting next_dagrun for nba_zscore_dag to None, run_after=None
[2025-05-03T00:17:04.678+0000] {processor.py:208} INFO - Processing /opt/airflow/dags/zscore_stats_dag.py took 0.070 seconds
[2025-05-03T00:17:35.258+0000] {processor.py:186} INFO - Started process (PID=60) to work on /opt/airflow/dags/zscore_stats_dag.py
[2025-05-03T00:17:35.260+0000] {processor.py:914} INFO - Processing file /opt/airflow/dags/zscore_stats_dag.py for tasks to queue
[2025-05-03T00:17:35.261+0000] {logging_mixin.py:190} INFO - [2025-05-03T00:17:35.261+0000] {dagbag.py:588} INFO - Filling up the DagBag from /opt/airflow/dags/zscore_stats_dag.py
[2025-05-03T00:17:35.300+0000] {processor.py:925} INFO - DAG(s) 'nba_zscore_dag' retrieved from /opt/airflow/dags/zscore_stats_dag.py
[2025-05-03T00:17:35.309+0000] {logging_mixin.py:190} INFO - [2025-05-03T00:17:35.309+0000] {dag.py:3239} INFO - Sync 1 DAGs
[2025-05-03T00:17:35.315+0000] {logging_mixin.py:190} INFO - [2025-05-03T00:17:35.315+0000] {dag.py:4180} INFO - Setting next_dagrun for nba_zscore_dag to None, run_after=None
[2025-05-03T00:17:35.322+0000] {processor.py:208} INFO - Processing /opt/airflow/dags/zscore_stats_dag.py took 0.070 seconds
[2025-05-03T00:18:05.859+0000] {processor.py:186} INFO - Started process (PID=65) to work on /opt/airflow/dags/zscore_stats_dag.py
[2025-05-03T00:18:05.859+0000] {processor.py:914} INFO - Processing file /opt/airflow/dags/zscore_stats_dag.py for tasks to queue
[2025-05-03T00:18:05.860+0000] {logging_mixin.py:190} INFO - [2025-05-03T00:18:05.860+0000] {dagbag.py:588} INFO - Filling up the DagBag from /opt/airflow/dags/zscore_stats_dag.py
[2025-05-03T00:18:05.910+0000] {processor.py:925} INFO - DAG(s) 'nba_zscore_dag' retrieved from /opt/airflow/dags/zscore_stats_dag.py
[2025-05-03T00:18:05.920+0000] {logging_mixin.py:190} INFO - [2025-05-03T00:18:05.919+0000] {dag.py:3239} INFO - Sync 1 DAGs
[2025-05-03T00:18:05.925+0000] {logging_mixin.py:190} INFO - [2025-05-03T00:18:05.925+0000] {dag.py:4180} INFO - Setting next_dagrun for nba_zscore_dag to None, run_after=None
[2025-05-03T00:18:05.932+0000] {processor.py:208} INFO - Processing /opt/airflow/dags/zscore_stats_dag.py took 0.082 seconds
[2025-05-03T00:18:36.458+0000] {processor.py:186} INFO - Started process (PID=70) to work on /opt/airflow/dags/zscore_stats_dag.py
[2025-05-03T00:18:36.459+0000] {processor.py:914} INFO - Processing file /opt/airflow/dags/zscore_stats_dag.py for tasks to queue
[2025-05-03T00:18:36.460+0000] {logging_mixin.py:190} INFO - [2025-05-03T00:18:36.460+0000] {dagbag.py:588} INFO - Filling up the DagBag from /opt/airflow/dags/zscore_stats_dag.py
[2025-05-03T00:18:36.499+0000] {processor.py:925} INFO - DAG(s) 'nba_zscore_dag' retrieved from /opt/airflow/dags/zscore_stats_dag.py
[2025-05-03T00:18:36.509+0000] {logging_mixin.py:190} INFO - [2025-05-03T00:18:36.508+0000] {dag.py:3239} INFO - Sync 1 DAGs
[2025-05-03T00:18:36.515+0000] {logging_mixin.py:190} INFO - [2025-05-03T00:18:36.515+0000] {dag.py:4180} INFO - Setting next_dagrun for nba_zscore_dag to None, run_after=None
[2025-05-03T00:18:36.624+0000] {processor.py:208} INFO - Processing /opt/airflow/dags/zscore_stats_dag.py took 0.172 seconds
[2025-05-03T00:19:07.309+0000] {processor.py:186} INFO - Started process (PID=75) to work on /opt/airflow/dags/zscore_stats_dag.py
[2025-05-03T00:19:07.309+0000] {processor.py:914} INFO - Processing file /opt/airflow/dags/zscore_stats_dag.py for tasks to queue
[2025-05-03T00:19:07.312+0000] {logging_mixin.py:190} INFO - [2025-05-03T00:19:07.310+0000] {dagbag.py:588} INFO - Filling up the DagBag from /opt/airflow/dags/zscore_stats_dag.py
[2025-05-03T00:19:07.355+0000] {processor.py:925} INFO - DAG(s) 'nba_zscore_dag' retrieved from /opt/airflow/dags/zscore_stats_dag.py
[2025-05-03T00:19:07.368+0000] {logging_mixin.py:190} INFO - [2025-05-03T00:19:07.368+0000] {dag.py:3239} INFO - Sync 1 DAGs
[2025-05-03T00:19:07.467+0000] {logging_mixin.py:190} INFO - [2025-05-03T00:19:07.467+0000] {dag.py:4180} INFO - Setting next_dagrun for nba_zscore_dag to None, run_after=None
[2025-05-03T00:19:07.474+0000] {processor.py:208} INFO - Processing /opt/airflow/dags/zscore_stats_dag.py took 0.175 seconds
[2025-05-03T00:19:38.053+0000] {processor.py:186} INFO - Started process (PID=80) to work on /opt/airflow/dags/zscore_stats_dag.py
[2025-05-03T00:19:38.054+0000] {processor.py:914} INFO - Processing file /opt/airflow/dags/zscore_stats_dag.py for tasks to queue
[2025-05-03T00:19:38.056+0000] {logging_mixin.py:190} INFO - [2025-05-03T00:19:38.056+0000] {dagbag.py:588} INFO - Filling up the DagBag from /opt/airflow/dags/zscore_stats_dag.py
[2025-05-03T00:19:38.102+0000] {processor.py:925} INFO - DAG(s) 'nba_zscore_dag' retrieved from /opt/airflow/dags/zscore_stats_dag.py
[2025-05-03T00:19:38.192+0000] {logging_mixin.py:190} INFO - [2025-05-03T00:19:38.192+0000] {dag.py:3239} INFO - Sync 1 DAGs
[2025-05-03T00:19:38.197+0000] {logging_mixin.py:190} INFO - [2025-05-03T00:19:38.197+0000] {dag.py:4180} INFO - Setting next_dagrun for nba_zscore_dag to None, run_after=None
[2025-05-03T00:19:38.204+0000] {processor.py:208} INFO - Processing /opt/airflow/dags/zscore_stats_dag.py took 0.159 seconds
[2025-05-03T00:20:08.818+0000] {processor.py:186} INFO - Started process (PID=85) to work on /opt/airflow/dags/zscore_stats_dag.py
[2025-05-03T00:20:08.819+0000] {processor.py:914} INFO - Processing file /opt/airflow/dags/zscore_stats_dag.py for tasks to queue
[2025-05-03T00:20:08.820+0000] {logging_mixin.py:190} INFO - [2025-05-03T00:20:08.820+0000] {dagbag.py:588} INFO - Filling up the DagBag from /opt/airflow/dags/zscore_stats_dag.py
[2025-05-03T00:20:08.945+0000] {processor.py:925} INFO - DAG(s) 'nba_zscore_dag' retrieved from /opt/airflow/dags/zscore_stats_dag.py
[2025-05-03T00:20:08.953+0000] {logging_mixin.py:190} INFO - [2025-05-03T00:20:08.953+0000] {dag.py:3239} INFO - Sync 1 DAGs
[2025-05-03T00:20:08.958+0000] {logging_mixin.py:190} INFO - [2025-05-03T00:20:08.958+0000] {dag.py:4180} INFO - Setting next_dagrun for nba_zscore_dag to None, run_after=None
[2025-05-03T00:20:08.965+0000] {processor.py:208} INFO - Processing /opt/airflow/dags/zscore_stats_dag.py took 0.152 seconds
[2025-05-03T00:20:39.511+0000] {processor.py:186} INFO - Started process (PID=90) to work on /opt/airflow/dags/zscore_stats_dag.py
[2025-05-03T00:20:39.512+0000] {processor.py:914} INFO - Processing file /opt/airflow/dags/zscore_stats_dag.py for tasks to queue
[2025-05-03T00:20:39.514+0000] {logging_mixin.py:190} INFO - [2025-05-03T00:20:39.513+0000] {dagbag.py:588} INFO - Filling up the DagBag from /opt/airflow/dags/zscore_stats_dag.py
[2025-05-03T00:20:39.636+0000] {processor.py:925} INFO - DAG(s) 'nba_zscore_dag' retrieved from /opt/airflow/dags/zscore_stats_dag.py
[2025-05-03T00:20:39.645+0000] {logging_mixin.py:190} INFO - [2025-05-03T00:20:39.645+0000] {dag.py:3239} INFO - Sync 1 DAGs
[2025-05-03T00:20:39.651+0000] {logging_mixin.py:190} INFO - [2025-05-03T00:20:39.651+0000] {dag.py:4180} INFO - Setting next_dagrun for nba_zscore_dag to None, run_after=None
[2025-05-03T00:20:39.660+0000] {processor.py:208} INFO - Processing /opt/airflow/dags/zscore_stats_dag.py took 0.155 seconds
[2025-05-03T00:21:10.109+0000] {processor.py:186} INFO - Started process (PID=95) to work on /opt/airflow/dags/zscore_stats_dag.py
[2025-05-03T00:21:10.109+0000] {processor.py:914} INFO - Processing file /opt/airflow/dags/zscore_stats_dag.py for tasks to queue
[2025-05-03T00:21:10.110+0000] {logging_mixin.py:190} INFO - [2025-05-03T00:21:10.110+0000] {dagbag.py:588} INFO - Filling up the DagBag from /opt/airflow/dags/zscore_stats_dag.py
[2025-05-03T00:21:10.233+0000] {processor.py:925} INFO - DAG(s) 'nba_zscore_dag' retrieved from /opt/airflow/dags/zscore_stats_dag.py
[2025-05-03T00:21:10.241+0000] {logging_mixin.py:190} INFO - [2025-05-03T00:21:10.241+0000] {dag.py:3239} INFO - Sync 1 DAGs
[2025-05-03T00:21:10.246+0000] {logging_mixin.py:190} INFO - [2025-05-03T00:21:10.246+0000] {dag.py:4180} INFO - Setting next_dagrun for nba_zscore_dag to None, run_after=None
[2025-05-03T00:21:10.256+0000] {processor.py:208} INFO - Processing /opt/airflow/dags/zscore_stats_dag.py took 0.151 seconds
[2025-05-03T00:21:40.723+0000] {processor.py:186} INFO - Started process (PID=100) to work on /opt/airflow/dags/zscore_stats_dag.py
[2025-05-03T00:21:40.724+0000] {processor.py:914} INFO - Processing file /opt/airflow/dags/zscore_stats_dag.py for tasks to queue
[2025-05-03T00:21:40.725+0000] {logging_mixin.py:190} INFO - [2025-05-03T00:21:40.725+0000] {dagbag.py:588} INFO - Filling up the DagBag from /opt/airflow/dags/zscore_stats_dag.py
[2025-05-03T00:21:40.838+0000] {processor.py:925} INFO - DAG(s) 'nba_zscore_dag' retrieved from /opt/airflow/dags/zscore_stats_dag.py
[2025-05-03T00:21:40.845+0000] {logging_mixin.py:190} INFO - [2025-05-03T00:21:40.845+0000] {dag.py:3239} INFO - Sync 1 DAGs
[2025-05-03T00:21:40.850+0000] {logging_mixin.py:190} INFO - [2025-05-03T00:21:40.850+0000] {dag.py:4180} INFO - Setting next_dagrun for nba_zscore_dag to None, run_after=None
[2025-05-03T00:21:40.856+0000] {processor.py:208} INFO - Processing /opt/airflow/dags/zscore_stats_dag.py took 0.136 seconds
[2025-05-03T00:22:11.385+0000] {processor.py:186} INFO - Started process (PID=105) to work on /opt/airflow/dags/zscore_stats_dag.py
[2025-05-03T00:22:11.385+0000] {processor.py:914} INFO - Processing file /opt/airflow/dags/zscore_stats_dag.py for tasks to queue
[2025-05-03T00:22:11.386+0000] {logging_mixin.py:190} INFO - [2025-05-03T00:22:11.386+0000] {dagbag.py:588} INFO - Filling up the DagBag from /opt/airflow/dags/zscore_stats_dag.py
[2025-05-03T00:22:11.504+0000] {processor.py:925} INFO - DAG(s) 'nba_zscore_dag' retrieved from /opt/airflow/dags/zscore_stats_dag.py
[2025-05-03T00:22:11.512+0000] {logging_mixin.py:190} INFO - [2025-05-03T00:22:11.512+0000] {dag.py:3239} INFO - Sync 1 DAGs
[2025-05-03T00:22:11.517+0000] {logging_mixin.py:190} INFO - [2025-05-03T00:22:11.517+0000] {dag.py:4180} INFO - Setting next_dagrun for nba_zscore_dag to None, run_after=None
[2025-05-03T00:22:11.523+0000] {processor.py:208} INFO - Processing /opt/airflow/dags/zscore_stats_dag.py took 0.143 seconds
[2025-05-03T00:22:42.028+0000] {processor.py:186} INFO - Started process (PID=110) to work on /opt/airflow/dags/zscore_stats_dag.py
[2025-05-03T00:22:42.028+0000] {processor.py:914} INFO - Processing file /opt/airflow/dags/zscore_stats_dag.py for tasks to queue
[2025-05-03T00:22:42.029+0000] {logging_mixin.py:190} INFO - [2025-05-03T00:22:42.029+0000] {dagbag.py:588} INFO - Filling up the DagBag from /opt/airflow/dags/zscore_stats_dag.py
[2025-05-03T00:22:42.066+0000] {processor.py:925} INFO - DAG(s) 'nba_zscore_dag' retrieved from /opt/airflow/dags/zscore_stats_dag.py
[2025-05-03T00:22:42.149+0000] {logging_mixin.py:190} INFO - [2025-05-03T00:22:42.149+0000] {dag.py:3239} INFO - Sync 1 DAGs
[2025-05-03T00:22:42.154+0000] {logging_mixin.py:190} INFO - [2025-05-03T00:22:42.154+0000] {dag.py:4180} INFO - Setting next_dagrun for nba_zscore_dag to None, run_after=None
[2025-05-03T00:22:42.160+0000] {processor.py:208} INFO - Processing /opt/airflow/dags/zscore_stats_dag.py took 0.136 seconds
[2025-05-03T00:23:50.769+0000] {processor.py:186} INFO - Started process (PID=35) to work on /opt/airflow/dags/zscore_stats_dag.py
[2025-05-03T00:23:50.770+0000] {processor.py:914} INFO - Processing file /opt/airflow/dags/zscore_stats_dag.py for tasks to queue
[2025-05-03T00:23:50.770+0000] {logging_mixin.py:190} INFO - [2025-05-03T00:23:50.770+0000] {dagbag.py:588} INFO - Filling up the DagBag from /opt/airflow/dags/zscore_stats_dag.py
[2025-05-03T00:23:50.818+0000] {processor.py:925} INFO - DAG(s) 'nba_zscore_dag' retrieved from /opt/airflow/dags/zscore_stats_dag.py
[2025-05-03T00:23:50.842+0000] {logging_mixin.py:190} INFO - [2025-05-03T00:23:50.842+0000] {dag.py:3239} INFO - Sync 1 DAGs
[2025-05-03T00:23:50.851+0000] {logging_mixin.py:190} INFO - [2025-05-03T00:23:50.850+0000] {dag.py:4180} INFO - Setting next_dagrun for nba_zscore_dag to None, run_after=None
[2025-05-03T00:23:50.860+0000] {processor.py:208} INFO - Processing /opt/airflow/dags/zscore_stats_dag.py took 0.096 seconds
[2025-05-03T00:24:21.506+0000] {processor.py:186} INFO - Started process (PID=40) to work on /opt/airflow/dags/zscore_stats_dag.py
[2025-05-03T00:24:21.507+0000] {processor.py:914} INFO - Processing file /opt/airflow/dags/zscore_stats_dag.py for tasks to queue
[2025-05-03T00:24:21.507+0000] {logging_mixin.py:190} INFO - [2025-05-03T00:24:21.507+0000] {dagbag.py:588} INFO - Filling up the DagBag from /opt/airflow/dags/zscore_stats_dag.py
[2025-05-03T00:24:21.562+0000] {processor.py:925} INFO - DAG(s) 'nba_zscore_dag' retrieved from /opt/airflow/dags/zscore_stats_dag.py
[2025-05-03T00:24:21.572+0000] {logging_mixin.py:190} INFO - [2025-05-03T00:24:21.572+0000] {dag.py:3239} INFO - Sync 1 DAGs
[2025-05-03T00:24:21.578+0000] {logging_mixin.py:190} INFO - [2025-05-03T00:24:21.578+0000] {dag.py:4180} INFO - Setting next_dagrun for nba_zscore_dag to None, run_after=None
[2025-05-03T00:24:21.585+0000] {processor.py:208} INFO - Processing /opt/airflow/dags/zscore_stats_dag.py took 0.085 seconds
[2025-05-03T00:24:51.998+0000] {processor.py:186} INFO - Started process (PID=45) to work on /opt/airflow/dags/zscore_stats_dag.py
[2025-05-03T00:24:51.999+0000] {processor.py:914} INFO - Processing file /opt/airflow/dags/zscore_stats_dag.py for tasks to queue
[2025-05-03T00:24:51.999+0000] {logging_mixin.py:190} INFO - [2025-05-03T00:24:51.999+0000] {dagbag.py:588} INFO - Filling up the DagBag from /opt/airflow/dags/zscore_stats_dag.py
[2025-05-03T00:24:52.048+0000] {processor.py:925} INFO - DAG(s) 'nba_zscore_dag' retrieved from /opt/airflow/dags/zscore_stats_dag.py
[2025-05-03T00:24:52.058+0000] {logging_mixin.py:190} INFO - [2025-05-03T00:24:52.058+0000] {dag.py:3239} INFO - Sync 1 DAGs
[2025-05-03T00:24:52.065+0000] {logging_mixin.py:190} INFO - [2025-05-03T00:24:52.065+0000] {dag.py:4180} INFO - Setting next_dagrun for nba_zscore_dag to None, run_after=None
[2025-05-03T00:24:52.072+0000] {processor.py:208} INFO - Processing /opt/airflow/dags/zscore_stats_dag.py took 0.079 seconds
[2025-05-03T00:25:22.536+0000] {processor.py:186} INFO - Started process (PID=50) to work on /opt/airflow/dags/zscore_stats_dag.py
[2025-05-03T00:25:22.537+0000] {processor.py:914} INFO - Processing file /opt/airflow/dags/zscore_stats_dag.py for tasks to queue
[2025-05-03T00:25:22.538+0000] {logging_mixin.py:190} INFO - [2025-05-03T00:25:22.538+0000] {dagbag.py:588} INFO - Filling up the DagBag from /opt/airflow/dags/zscore_stats_dag.py
[2025-05-03T00:25:22.580+0000] {processor.py:925} INFO - DAG(s) 'nba_zscore_dag' retrieved from /opt/airflow/dags/zscore_stats_dag.py
[2025-05-03T00:25:22.590+0000] {logging_mixin.py:190} INFO - [2025-05-03T00:25:22.590+0000] {dag.py:3239} INFO - Sync 1 DAGs
[2025-05-03T00:25:22.596+0000] {logging_mixin.py:190} INFO - [2025-05-03T00:25:22.596+0000] {dag.py:4180} INFO - Setting next_dagrun for nba_zscore_dag to None, run_after=None
[2025-05-03T00:25:22.603+0000] {processor.py:208} INFO - Processing /opt/airflow/dags/zscore_stats_dag.py took 0.071 seconds
[2025-05-03T00:25:53.046+0000] {processor.py:186} INFO - Started process (PID=55) to work on /opt/airflow/dags/zscore_stats_dag.py
[2025-05-03T00:25:53.046+0000] {processor.py:914} INFO - Processing file /opt/airflow/dags/zscore_stats_dag.py for tasks to queue
[2025-05-03T00:25:53.047+0000] {logging_mixin.py:190} INFO - [2025-05-03T00:25:53.047+0000] {dagbag.py:588} INFO - Filling up the DagBag from /opt/airflow/dags/zscore_stats_dag.py
[2025-05-03T00:25:53.084+0000] {processor.py:925} INFO - DAG(s) 'nba_zscore_dag' retrieved from /opt/airflow/dags/zscore_stats_dag.py
[2025-05-03T00:25:53.094+0000] {logging_mixin.py:190} INFO - [2025-05-03T00:25:53.094+0000] {dag.py:3239} INFO - Sync 1 DAGs
[2025-05-03T00:25:53.100+0000] {logging_mixin.py:190} INFO - [2025-05-03T00:25:53.100+0000] {dag.py:4180} INFO - Setting next_dagrun for nba_zscore_dag to None, run_after=None
[2025-05-03T00:25:53.108+0000] {processor.py:208} INFO - Processing /opt/airflow/dags/zscore_stats_dag.py took 0.066 seconds
[2025-05-03T00:26:23.642+0000] {processor.py:186} INFO - Started process (PID=60) to work on /opt/airflow/dags/zscore_stats_dag.py
[2025-05-03T00:26:23.643+0000] {processor.py:914} INFO - Processing file /opt/airflow/dags/zscore_stats_dag.py for tasks to queue
[2025-05-03T00:26:23.644+0000] {logging_mixin.py:190} INFO - [2025-05-03T00:26:23.644+0000] {dagbag.py:588} INFO - Filling up the DagBag from /opt/airflow/dags/zscore_stats_dag.py
[2025-05-03T00:26:23.689+0000] {processor.py:925} INFO - DAG(s) 'nba_zscore_dag' retrieved from /opt/airflow/dags/zscore_stats_dag.py
[2025-05-03T00:26:23.699+0000] {logging_mixin.py:190} INFO - [2025-05-03T00:26:23.699+0000] {dag.py:3239} INFO - Sync 1 DAGs
[2025-05-03T00:26:23.705+0000] {logging_mixin.py:190} INFO - [2025-05-03T00:26:23.705+0000] {dag.py:4180} INFO - Setting next_dagrun for nba_zscore_dag to None, run_after=None
[2025-05-03T00:26:23.714+0000] {processor.py:208} INFO - Processing /opt/airflow/dags/zscore_stats_dag.py took 0.080 seconds
[2025-05-03T00:26:54.232+0000] {processor.py:186} INFO - Started process (PID=65) to work on /opt/airflow/dags/zscore_stats_dag.py
[2025-05-03T00:26:54.233+0000] {processor.py:914} INFO - Processing file /opt/airflow/dags/zscore_stats_dag.py for tasks to queue
[2025-05-03T00:26:54.234+0000] {logging_mixin.py:190} INFO - [2025-05-03T00:26:54.233+0000] {dagbag.py:588} INFO - Filling up the DagBag from /opt/airflow/dags/zscore_stats_dag.py
[2025-05-03T00:26:54.278+0000] {processor.py:925} INFO - DAG(s) 'nba_zscore_dag' retrieved from /opt/airflow/dags/zscore_stats_dag.py
[2025-05-03T00:26:54.289+0000] {logging_mixin.py:190} INFO - [2025-05-03T00:26:54.289+0000] {dag.py:3239} INFO - Sync 1 DAGs
[2025-05-03T00:26:54.296+0000] {logging_mixin.py:190} INFO - [2025-05-03T00:26:54.296+0000] {dag.py:4180} INFO - Setting next_dagrun for nba_zscore_dag to None, run_after=None
[2025-05-03T00:26:54.305+0000] {processor.py:208} INFO - Processing /opt/airflow/dags/zscore_stats_dag.py took 0.078 seconds
[2025-05-03T00:27:24.968+0000] {processor.py:186} INFO - Started process (PID=70) to work on /opt/airflow/dags/zscore_stats_dag.py
[2025-05-03T00:27:24.973+0000] {processor.py:914} INFO - Processing file /opt/airflow/dags/zscore_stats_dag.py for tasks to queue
[2025-05-03T00:27:24.975+0000] {logging_mixin.py:190} INFO - [2025-05-03T00:27:24.974+0000] {dagbag.py:588} INFO - Filling up the DagBag from /opt/airflow/dags/zscore_stats_dag.py
[2025-05-03T00:27:25.017+0000] {processor.py:925} INFO - DAG(s) 'nba_zscore_dag' retrieved from /opt/airflow/dags/zscore_stats_dag.py
[2025-05-03T00:27:25.029+0000] {logging_mixin.py:190} INFO - [2025-05-03T00:27:25.028+0000] {dag.py:3239} INFO - Sync 1 DAGs
[2025-05-03T00:27:25.036+0000] {logging_mixin.py:190} INFO - [2025-05-03T00:27:25.036+0000] {dag.py:4180} INFO - Setting next_dagrun for nba_zscore_dag to None, run_after=None
[2025-05-03T00:27:25.124+0000] {processor.py:208} INFO - Processing /opt/airflow/dags/zscore_stats_dag.py took 0.164 seconds
[2025-05-03T00:27:55.687+0000] {processor.py:186} INFO - Started process (PID=75) to work on /opt/airflow/dags/zscore_stats_dag.py
[2025-05-03T00:27:55.687+0000] {processor.py:914} INFO - Processing file /opt/airflow/dags/zscore_stats_dag.py for tasks to queue
[2025-05-03T00:27:55.688+0000] {logging_mixin.py:190} INFO - [2025-05-03T00:27:55.688+0000] {dagbag.py:588} INFO - Filling up the DagBag from /opt/airflow/dags/zscore_stats_dag.py
[2025-05-03T00:27:55.726+0000] {processor.py:925} INFO - DAG(s) 'nba_zscore_dag' retrieved from /opt/airflow/dags/zscore_stats_dag.py
[2025-05-03T00:27:55.740+0000] {logging_mixin.py:190} INFO - [2025-05-03T00:27:55.740+0000] {dag.py:3239} INFO - Sync 1 DAGs
[2025-05-03T00:27:55.838+0000] {logging_mixin.py:190} INFO - [2025-05-03T00:27:55.838+0000] {dag.py:4180} INFO - Setting next_dagrun for nba_zscore_dag to None, run_after=None
[2025-05-03T00:27:55.846+0000] {processor.py:208} INFO - Processing /opt/airflow/dags/zscore_stats_dag.py took 0.162 seconds
[2025-05-03T00:28:26.461+0000] {processor.py:186} INFO - Started process (PID=80) to work on /opt/airflow/dags/zscore_stats_dag.py
[2025-05-03T00:28:26.462+0000] {processor.py:914} INFO - Processing file /opt/airflow/dags/zscore_stats_dag.py for tasks to queue
[2025-05-03T00:28:26.462+0000] {logging_mixin.py:190} INFO - [2025-05-03T00:28:26.462+0000] {dagbag.py:588} INFO - Filling up the DagBag from /opt/airflow/dags/zscore_stats_dag.py
[2025-05-03T00:28:26.501+0000] {processor.py:925} INFO - DAG(s) 'nba_zscore_dag' retrieved from /opt/airflow/dags/zscore_stats_dag.py
[2025-05-03T00:28:26.589+0000] {logging_mixin.py:190} INFO - [2025-05-03T00:28:26.589+0000] {dag.py:3239} INFO - Sync 1 DAGs
[2025-05-03T00:28:26.593+0000] {logging_mixin.py:190} INFO - [2025-05-03T00:28:26.593+0000] {dag.py:4180} INFO - Setting next_dagrun for nba_zscore_dag to None, run_after=None
[2025-05-03T00:28:26.600+0000] {processor.py:208} INFO - Processing /opt/airflow/dags/zscore_stats_dag.py took 0.144 seconds
[2025-05-03T00:29:27.793+0000] {processor.py:186} INFO - Started process (PID=35) to work on /opt/airflow/dags/zscore_stats_dag.py
[2025-05-03T00:29:27.794+0000] {processor.py:914} INFO - Processing file /opt/airflow/dags/zscore_stats_dag.py for tasks to queue
[2025-05-03T00:29:27.794+0000] {logging_mixin.py:190} INFO - [2025-05-03T00:29:27.794+0000] {dagbag.py:588} INFO - Filling up the DagBag from /opt/airflow/dags/zscore_stats_dag.py
[2025-05-03T00:29:27.836+0000] {processor.py:925} INFO - DAG(s) 'nba_zscore_dag' retrieved from /opt/airflow/dags/zscore_stats_dag.py
[2025-05-03T00:29:27.858+0000] {logging_mixin.py:190} INFO - [2025-05-03T00:29:27.857+0000] {dag.py:3239} INFO - Sync 1 DAGs
[2025-05-03T00:29:27.865+0000] {logging_mixin.py:190} INFO - [2025-05-03T00:29:27.865+0000] {dag.py:4180} INFO - Setting next_dagrun for nba_zscore_dag to None, run_after=None
[2025-05-03T00:29:27.873+0000] {processor.py:208} INFO - Processing /opt/airflow/dags/zscore_stats_dag.py took 0.083 seconds
[2025-05-03T00:29:58.483+0000] {processor.py:186} INFO - Started process (PID=40) to work on /opt/airflow/dags/zscore_stats_dag.py
[2025-05-03T00:29:58.484+0000] {processor.py:914} INFO - Processing file /opt/airflow/dags/zscore_stats_dag.py for tasks to queue
[2025-05-03T00:29:58.484+0000] {logging_mixin.py:190} INFO - [2025-05-03T00:29:58.484+0000] {dagbag.py:588} INFO - Filling up the DagBag from /opt/airflow/dags/zscore_stats_dag.py
[2025-05-03T00:29:58.533+0000] {processor.py:925} INFO - DAG(s) 'nba_zscore_dag' retrieved from /opt/airflow/dags/zscore_stats_dag.py
[2025-05-03T00:29:58.544+0000] {logging_mixin.py:190} INFO - [2025-05-03T00:29:58.544+0000] {dag.py:3239} INFO - Sync 1 DAGs
[2025-05-03T00:29:58.549+0000] {logging_mixin.py:190} INFO - [2025-05-03T00:29:58.549+0000] {dag.py:4180} INFO - Setting next_dagrun for nba_zscore_dag to None, run_after=None
[2025-05-03T00:29:58.558+0000] {processor.py:208} INFO - Processing /opt/airflow/dags/zscore_stats_dag.py took 0.080 seconds
[2025-05-03T00:30:29.108+0000] {processor.py:186} INFO - Started process (PID=45) to work on /opt/airflow/dags/zscore_stats_dag.py
[2025-05-03T00:30:29.109+0000] {processor.py:914} INFO - Processing file /opt/airflow/dags/zscore_stats_dag.py for tasks to queue
[2025-05-03T00:30:29.109+0000] {logging_mixin.py:190} INFO - [2025-05-03T00:30:29.109+0000] {dagbag.py:588} INFO - Filling up the DagBag from /opt/airflow/dags/zscore_stats_dag.py
[2025-05-03T00:30:29.150+0000] {processor.py:925} INFO - DAG(s) 'nba_zscore_dag' retrieved from /opt/airflow/dags/zscore_stats_dag.py
[2025-05-03T00:30:29.160+0000] {logging_mixin.py:190} INFO - [2025-05-03T00:30:29.160+0000] {dag.py:3239} INFO - Sync 1 DAGs
[2025-05-03T00:30:29.166+0000] {logging_mixin.py:190} INFO - [2025-05-03T00:30:29.166+0000] {dag.py:4180} INFO - Setting next_dagrun for nba_zscore_dag to None, run_after=None
[2025-05-03T00:30:29.173+0000] {processor.py:208} INFO - Processing /opt/airflow/dags/zscore_stats_dag.py took 0.071 seconds
[2025-05-03T00:30:59.772+0000] {processor.py:186} INFO - Started process (PID=50) to work on /opt/airflow/dags/zscore_stats_dag.py
[2025-05-03T00:30:59.773+0000] {processor.py:914} INFO - Processing file /opt/airflow/dags/zscore_stats_dag.py for tasks to queue
[2025-05-03T00:30:59.775+0000] {logging_mixin.py:190} INFO - [2025-05-03T00:30:59.775+0000] {dagbag.py:588} INFO - Filling up the DagBag from /opt/airflow/dags/zscore_stats_dag.py
[2025-05-03T00:30:59.810+0000] {processor.py:925} INFO - DAG(s) 'nba_zscore_dag' retrieved from /opt/airflow/dags/zscore_stats_dag.py
[2025-05-03T00:30:59.821+0000] {logging_mixin.py:190} INFO - [2025-05-03T00:30:59.821+0000] {dag.py:3239} INFO - Sync 1 DAGs
[2025-05-03T00:30:59.827+0000] {logging_mixin.py:190} INFO - [2025-05-03T00:30:59.827+0000] {dag.py:4180} INFO - Setting next_dagrun for nba_zscore_dag to None, run_after=None
[2025-05-03T00:30:59.834+0000] {processor.py:208} INFO - Processing /opt/airflow/dags/zscore_stats_dag.py took 0.068 seconds
[2025-05-03T00:31:30.438+0000] {processor.py:186} INFO - Started process (PID=55) to work on /opt/airflow/dags/zscore_stats_dag.py
[2025-05-03T00:31:30.439+0000] {processor.py:914} INFO - Processing file /opt/airflow/dags/zscore_stats_dag.py for tasks to queue
[2025-05-03T00:31:30.440+0000] {logging_mixin.py:190} INFO - [2025-05-03T00:31:30.440+0000] {dagbag.py:588} INFO - Filling up the DagBag from /opt/airflow/dags/zscore_stats_dag.py
[2025-05-03T00:31:30.486+0000] {processor.py:925} INFO - DAG(s) 'nba_zscore_dag' retrieved from /opt/airflow/dags/zscore_stats_dag.py
[2025-05-03T00:31:30.496+0000] {logging_mixin.py:190} INFO - [2025-05-03T00:31:30.496+0000] {dag.py:3239} INFO - Sync 1 DAGs
[2025-05-03T00:31:30.502+0000] {logging_mixin.py:190} INFO - [2025-05-03T00:31:30.502+0000] {dag.py:4180} INFO - Setting next_dagrun for nba_zscore_dag to None, run_after=None
[2025-05-03T00:31:30.510+0000] {processor.py:208} INFO - Processing /opt/airflow/dags/zscore_stats_dag.py took 0.080 seconds
[2025-05-03T00:32:00.987+0000] {processor.py:186} INFO - Started process (PID=60) to work on /opt/airflow/dags/zscore_stats_dag.py
[2025-05-03T00:32:00.988+0000] {processor.py:914} INFO - Processing file /opt/airflow/dags/zscore_stats_dag.py for tasks to queue
[2025-05-03T00:32:00.989+0000] {logging_mixin.py:190} INFO - [2025-05-03T00:32:00.989+0000] {dagbag.py:588} INFO - Filling up the DagBag from /opt/airflow/dags/zscore_stats_dag.py
[2025-05-03T00:32:01.023+0000] {processor.py:925} INFO - DAG(s) 'nba_zscore_dag' retrieved from /opt/airflow/dags/zscore_stats_dag.py
[2025-05-03T00:32:01.035+0000] {logging_mixin.py:190} INFO - [2025-05-03T00:32:01.035+0000] {dag.py:3239} INFO - Sync 1 DAGs
[2025-05-03T00:32:01.040+0000] {logging_mixin.py:190} INFO - [2025-05-03T00:32:01.040+0000] {dag.py:4180} INFO - Setting next_dagrun for nba_zscore_dag to None, run_after=None
[2025-05-03T00:32:01.047+0000] {processor.py:208} INFO - Processing /opt/airflow/dags/zscore_stats_dag.py took 0.066 seconds
[2025-05-03T00:32:31.652+0000] {processor.py:186} INFO - Started process (PID=65) to work on /opt/airflow/dags/zscore_stats_dag.py
[2025-05-03T00:32:31.652+0000] {processor.py:914} INFO - Processing file /opt/airflow/dags/zscore_stats_dag.py for tasks to queue
[2025-05-03T00:32:31.654+0000] {logging_mixin.py:190} INFO - [2025-05-03T00:32:31.653+0000] {dagbag.py:588} INFO - Filling up the DagBag from /opt/airflow/dags/zscore_stats_dag.py
[2025-05-03T00:32:31.699+0000] {processor.py:925} INFO - DAG(s) 'nba_zscore_dag' retrieved from /opt/airflow/dags/zscore_stats_dag.py
[2025-05-03T00:32:31.709+0000] {logging_mixin.py:190} INFO - [2025-05-03T00:32:31.708+0000] {dag.py:3239} INFO - Sync 1 DAGs
[2025-05-03T00:32:31.714+0000] {logging_mixin.py:190} INFO - [2025-05-03T00:32:31.714+0000] {dag.py:4180} INFO - Setting next_dagrun for nba_zscore_dag to None, run_after=None
[2025-05-03T00:32:31.721+0000] {processor.py:208} INFO - Processing /opt/airflow/dags/zscore_stats_dag.py took 0.078 seconds
[2025-05-03T00:33:02.300+0000] {processor.py:186} INFO - Started process (PID=70) to work on /opt/airflow/dags/zscore_stats_dag.py
[2025-05-03T00:33:02.301+0000] {processor.py:914} INFO - Processing file /opt/airflow/dags/zscore_stats_dag.py for tasks to queue
[2025-05-03T00:33:02.302+0000] {logging_mixin.py:190} INFO - [2025-05-03T00:33:02.302+0000] {dagbag.py:588} INFO - Filling up the DagBag from /opt/airflow/dags/zscore_stats_dag.py
[2025-05-03T00:33:02.346+0000] {processor.py:925} INFO - DAG(s) 'nba_zscore_dag' retrieved from /opt/airflow/dags/zscore_stats_dag.py
[2025-05-03T00:33:02.356+0000] {logging_mixin.py:190} INFO - [2025-05-03T00:33:02.355+0000] {dag.py:3239} INFO - Sync 1 DAGs
[2025-05-03T00:33:02.362+0000] {logging_mixin.py:190} INFO - [2025-05-03T00:33:02.362+0000] {dag.py:4180} INFO - Setting next_dagrun for nba_zscore_dag to None, run_after=None
[2025-05-03T00:33:02.445+0000] {processor.py:208} INFO - Processing /opt/airflow/dags/zscore_stats_dag.py took 0.152 seconds
[2025-05-03T00:33:33.063+0000] {processor.py:186} INFO - Started process (PID=75) to work on /opt/airflow/dags/zscore_stats_dag.py
[2025-05-03T00:33:33.064+0000] {processor.py:914} INFO - Processing file /opt/airflow/dags/zscore_stats_dag.py for tasks to queue
[2025-05-03T00:33:33.065+0000] {logging_mixin.py:190} INFO - [2025-05-03T00:33:33.065+0000] {dagbag.py:588} INFO - Filling up the DagBag from /opt/airflow/dags/zscore_stats_dag.py
[2025-05-03T00:33:33.108+0000] {processor.py:925} INFO - DAG(s) 'nba_zscore_dag' retrieved from /opt/airflow/dags/zscore_stats_dag.py
[2025-05-03T00:33:33.118+0000] {logging_mixin.py:190} INFO - [2025-05-03T00:33:33.118+0000] {dag.py:3239} INFO - Sync 1 DAGs
[2025-05-03T00:33:33.196+0000] {logging_mixin.py:190} INFO - [2025-05-03T00:33:33.196+0000] {dag.py:4180} INFO - Setting next_dagrun for nba_zscore_dag to None, run_after=None
[2025-05-03T00:33:33.203+0000] {processor.py:208} INFO - Processing /opt/airflow/dags/zscore_stats_dag.py took 0.148 seconds
[2025-05-03T00:34:03.722+0000] {processor.py:186} INFO - Started process (PID=80) to work on /opt/airflow/dags/zscore_stats_dag.py
[2025-05-03T00:34:03.723+0000] {processor.py:914} INFO - Processing file /opt/airflow/dags/zscore_stats_dag.py for tasks to queue
[2025-05-03T00:34:03.724+0000] {logging_mixin.py:190} INFO - [2025-05-03T00:34:03.724+0000] {dagbag.py:588} INFO - Filling up the DagBag from /opt/airflow/dags/zscore_stats_dag.py
[2025-05-03T00:34:03.762+0000] {processor.py:925} INFO - DAG(s) 'nba_zscore_dag' retrieved from /opt/airflow/dags/zscore_stats_dag.py
[2025-05-03T00:34:03.843+0000] {logging_mixin.py:190} INFO - [2025-05-03T00:34:03.843+0000] {dag.py:3239} INFO - Sync 1 DAGs
[2025-05-03T00:34:03.847+0000] {logging_mixin.py:190} INFO - [2025-05-03T00:34:03.847+0000] {dag.py:4180} INFO - Setting next_dagrun for nba_zscore_dag to None, run_after=None
[2025-05-03T00:34:03.854+0000] {processor.py:208} INFO - Processing /opt/airflow/dags/zscore_stats_dag.py took 0.137 seconds
[2025-05-03T00:35:03.869+0000] {processor.py:186} INFO - Started process (PID=35) to work on /opt/airflow/dags/zscore_stats_dag.py
[2025-05-03T00:35:03.869+0000] {processor.py:914} INFO - Processing file /opt/airflow/dags/zscore_stats_dag.py for tasks to queue
[2025-05-03T00:35:03.870+0000] {logging_mixin.py:190} INFO - [2025-05-03T00:35:03.870+0000] {dagbag.py:588} INFO - Filling up the DagBag from /opt/airflow/dags/zscore_stats_dag.py
[2025-05-03T00:35:03.911+0000] {processor.py:925} INFO - DAG(s) 'nba_zscore_dag' retrieved from /opt/airflow/dags/zscore_stats_dag.py
[2025-05-03T00:35:03.932+0000] {logging_mixin.py:190} INFO - [2025-05-03T00:35:03.932+0000] {dag.py:3239} INFO - Sync 1 DAGs
[2025-05-03T00:35:03.940+0000] {logging_mixin.py:190} INFO - [2025-05-03T00:35:03.940+0000] {dag.py:4180} INFO - Setting next_dagrun for nba_zscore_dag to None, run_after=None
[2025-05-03T00:35:03.947+0000] {processor.py:208} INFO - Processing /opt/airflow/dags/zscore_stats_dag.py took 0.082 seconds
[2025-05-03T00:35:34.592+0000] {processor.py:186} INFO - Started process (PID=40) to work on /opt/airflow/dags/zscore_stats_dag.py
[2025-05-03T00:35:34.593+0000] {processor.py:914} INFO - Processing file /opt/airflow/dags/zscore_stats_dag.py for tasks to queue
[2025-05-03T00:35:34.594+0000] {logging_mixin.py:190} INFO - [2025-05-03T00:35:34.594+0000] {dagbag.py:588} INFO - Filling up the DagBag from /opt/airflow/dags/zscore_stats_dag.py
[2025-05-03T00:35:34.629+0000] {processor.py:925} INFO - DAG(s) 'nba_zscore_dag' retrieved from /opt/airflow/dags/zscore_stats_dag.py
[2025-05-03T00:35:34.640+0000] {logging_mixin.py:190} INFO - [2025-05-03T00:35:34.639+0000] {dag.py:3239} INFO - Sync 1 DAGs
[2025-05-03T00:35:34.645+0000] {logging_mixin.py:190} INFO - [2025-05-03T00:35:34.645+0000] {dag.py:4180} INFO - Setting next_dagrun for nba_zscore_dag to None, run_after=None
[2025-05-03T00:35:34.653+0000] {processor.py:208} INFO - Processing /opt/airflow/dags/zscore_stats_dag.py took 0.067 seconds
[2025-05-03T00:36:05.206+0000] {processor.py:186} INFO - Started process (PID=45) to work on /opt/airflow/dags/zscore_stats_dag.py
[2025-05-03T00:36:05.207+0000] {processor.py:914} INFO - Processing file /opt/airflow/dags/zscore_stats_dag.py for tasks to queue
[2025-05-03T00:36:05.208+0000] {logging_mixin.py:190} INFO - [2025-05-03T00:36:05.207+0000] {dagbag.py:588} INFO - Filling up the DagBag from /opt/airflow/dags/zscore_stats_dag.py
[2025-05-03T00:36:05.241+0000] {processor.py:925} INFO - DAG(s) 'nba_zscore_dag' retrieved from /opt/airflow/dags/zscore_stats_dag.py
[2025-05-03T00:36:05.250+0000] {logging_mixin.py:190} INFO - [2025-05-03T00:36:05.250+0000] {dag.py:3239} INFO - Sync 1 DAGs
[2025-05-03T00:36:05.257+0000] {logging_mixin.py:190} INFO - [2025-05-03T00:36:05.257+0000] {dag.py:4180} INFO - Setting next_dagrun for nba_zscore_dag to None, run_after=None
[2025-05-03T00:36:05.264+0000] {processor.py:208} INFO - Processing /opt/airflow/dags/zscore_stats_dag.py took 0.061 seconds
[2025-05-03T00:36:35.740+0000] {processor.py:186} INFO - Started process (PID=50) to work on /opt/airflow/dags/zscore_stats_dag.py
[2025-05-03T00:36:35.741+0000] {processor.py:914} INFO - Processing file /opt/airflow/dags/zscore_stats_dag.py for tasks to queue
[2025-05-03T00:36:35.742+0000] {logging_mixin.py:190} INFO - [2025-05-03T00:36:35.742+0000] {dagbag.py:588} INFO - Filling up the DagBag from /opt/airflow/dags/zscore_stats_dag.py
[2025-05-03T00:36:35.777+0000] {processor.py:925} INFO - DAG(s) 'nba_zscore_dag' retrieved from /opt/airflow/dags/zscore_stats_dag.py
[2025-05-03T00:36:35.787+0000] {logging_mixin.py:190} INFO - [2025-05-03T00:36:35.787+0000] {dag.py:3239} INFO - Sync 1 DAGs
[2025-05-03T00:36:35.793+0000] {logging_mixin.py:190} INFO - [2025-05-03T00:36:35.793+0000] {dag.py:4180} INFO - Setting next_dagrun for nba_zscore_dag to None, run_after=None
[2025-05-03T00:36:35.800+0000] {processor.py:208} INFO - Processing /opt/airflow/dags/zscore_stats_dag.py took 0.063 seconds
[2025-05-03T00:37:06.331+0000] {processor.py:186} INFO - Started process (PID=55) to work on /opt/airflow/dags/zscore_stats_dag.py
[2025-05-03T00:37:06.331+0000] {processor.py:914} INFO - Processing file /opt/airflow/dags/zscore_stats_dag.py for tasks to queue
[2025-05-03T00:37:06.332+0000] {logging_mixin.py:190} INFO - [2025-05-03T00:37:06.331+0000] {dagbag.py:588} INFO - Filling up the DagBag from /opt/airflow/dags/zscore_stats_dag.py
[2025-05-03T00:37:06.367+0000] {processor.py:925} INFO - DAG(s) 'nba_zscore_dag' retrieved from /opt/airflow/dags/zscore_stats_dag.py
[2025-05-03T00:37:06.377+0000] {logging_mixin.py:190} INFO - [2025-05-03T00:37:06.376+0000] {dag.py:3239} INFO - Sync 1 DAGs
[2025-05-03T00:37:06.382+0000] {logging_mixin.py:190} INFO - [2025-05-03T00:37:06.382+0000] {dag.py:4180} INFO - Setting next_dagrun for nba_zscore_dag to None, run_after=None
[2025-05-03T00:37:06.389+0000] {processor.py:208} INFO - Processing /opt/airflow/dags/zscore_stats_dag.py took 0.062 seconds
[2025-05-03T00:37:36.939+0000] {processor.py:186} INFO - Started process (PID=60) to work on /opt/airflow/dags/zscore_stats_dag.py
[2025-05-03T00:37:36.940+0000] {processor.py:914} INFO - Processing file /opt/airflow/dags/zscore_stats_dag.py for tasks to queue
[2025-05-03T00:37:36.940+0000] {logging_mixin.py:190} INFO - [2025-05-03T00:37:36.940+0000] {dagbag.py:588} INFO - Filling up the DagBag from /opt/airflow/dags/zscore_stats_dag.py
[2025-05-03T00:37:36.979+0000] {processor.py:925} INFO - DAG(s) 'nba_zscore_dag' retrieved from /opt/airflow/dags/zscore_stats_dag.py
[2025-05-03T00:37:36.989+0000] {logging_mixin.py:190} INFO - [2025-05-03T00:37:36.989+0000] {dag.py:3239} INFO - Sync 1 DAGs
[2025-05-03T00:37:36.995+0000] {logging_mixin.py:190} INFO - [2025-05-03T00:37:36.994+0000] {dag.py:4180} INFO - Setting next_dagrun for nba_zscore_dag to None, run_after=None
[2025-05-03T00:37:37.001+0000] {processor.py:208} INFO - Processing /opt/airflow/dags/zscore_stats_dag.py took 0.067 seconds
[2025-05-03T00:38:07.584+0000] {processor.py:186} INFO - Started process (PID=65) to work on /opt/airflow/dags/zscore_stats_dag.py
[2025-05-03T00:38:07.584+0000] {processor.py:914} INFO - Processing file /opt/airflow/dags/zscore_stats_dag.py for tasks to queue
[2025-05-03T00:38:07.585+0000] {logging_mixin.py:190} INFO - [2025-05-03T00:38:07.585+0000] {dagbag.py:588} INFO - Filling up the DagBag from /opt/airflow/dags/zscore_stats_dag.py
[2025-05-03T00:38:07.632+0000] {processor.py:925} INFO - DAG(s) 'nba_zscore_dag' retrieved from /opt/airflow/dags/zscore_stats_dag.py
[2025-05-03T00:38:07.642+0000] {logging_mixin.py:190} INFO - [2025-05-03T00:38:07.642+0000] {dag.py:3239} INFO - Sync 1 DAGs
[2025-05-03T00:38:07.648+0000] {logging_mixin.py:190} INFO - [2025-05-03T00:38:07.648+0000] {dag.py:4180} INFO - Setting next_dagrun for nba_zscore_dag to None, run_after=None
[2025-05-03T00:38:07.655+0000] {processor.py:208} INFO - Processing /opt/airflow/dags/zscore_stats_dag.py took 0.079 seconds
[2025-05-03T00:42:21.644+0000] {processor.py:186} INFO - Started process (PID=35) to work on /opt/airflow/dags/zscore_stats_dag.py
[2025-05-03T00:42:21.644+0000] {processor.py:914} INFO - Processing file /opt/airflow/dags/zscore_stats_dag.py for tasks to queue
[2025-05-03T00:42:21.645+0000] {logging_mixin.py:190} INFO - [2025-05-03T00:42:21.645+0000] {dagbag.py:588} INFO - Filling up the DagBag from /opt/airflow/dags/zscore_stats_dag.py
[2025-05-03T00:42:21.690+0000] {processor.py:925} INFO - DAG(s) 'nba_zscore_dag' retrieved from /opt/airflow/dags/zscore_stats_dag.py
[2025-05-03T00:42:21.713+0000] {logging_mixin.py:190} INFO - [2025-05-03T00:42:21.713+0000] {dag.py:3239} INFO - Sync 1 DAGs
[2025-05-03T00:42:21.720+0000] {logging_mixin.py:190} INFO - [2025-05-03T00:42:21.720+0000] {dag.py:4180} INFO - Setting next_dagrun for nba_zscore_dag to None, run_after=None
[2025-05-03T00:42:21.729+0000] {processor.py:208} INFO - Processing /opt/airflow/dags/zscore_stats_dag.py took 0.089 seconds
[2025-05-03T00:42:52.348+0000] {processor.py:186} INFO - Started process (PID=40) to work on /opt/airflow/dags/zscore_stats_dag.py
[2025-05-03T00:42:52.349+0000] {processor.py:914} INFO - Processing file /opt/airflow/dags/zscore_stats_dag.py for tasks to queue
[2025-05-03T00:42:52.350+0000] {logging_mixin.py:190} INFO - [2025-05-03T00:42:52.349+0000] {dagbag.py:588} INFO - Filling up the DagBag from /opt/airflow/dags/zscore_stats_dag.py
[2025-05-03T00:42:52.391+0000] {processor.py:925} INFO - DAG(s) 'nba_zscore_dag' retrieved from /opt/airflow/dags/zscore_stats_dag.py
[2025-05-03T00:42:52.404+0000] {logging_mixin.py:190} INFO - [2025-05-03T00:42:52.404+0000] {dag.py:3239} INFO - Sync 1 DAGs
[2025-05-03T00:42:52.411+0000] {logging_mixin.py:190} INFO - [2025-05-03T00:42:52.411+0000] {dag.py:4180} INFO - Setting next_dagrun for nba_zscore_dag to None, run_after=None
[2025-05-03T00:42:52.424+0000] {processor.py:208} INFO - Processing /opt/airflow/dags/zscore_stats_dag.py took 0.079 seconds
[2025-05-03T00:43:22.921+0000] {processor.py:186} INFO - Started process (PID=45) to work on /opt/airflow/dags/zscore_stats_dag.py
[2025-05-03T00:43:22.922+0000] {processor.py:914} INFO - Processing file /opt/airflow/dags/zscore_stats_dag.py for tasks to queue
[2025-05-03T00:43:22.922+0000] {logging_mixin.py:190} INFO - [2025-05-03T00:43:22.922+0000] {dagbag.py:588} INFO - Filling up the DagBag from /opt/airflow/dags/zscore_stats_dag.py
[2025-05-03T00:43:22.963+0000] {processor.py:925} INFO - DAG(s) 'nba_zscore_dag' retrieved from /opt/airflow/dags/zscore_stats_dag.py
[2025-05-03T00:43:22.972+0000] {logging_mixin.py:190} INFO - [2025-05-03T00:43:22.972+0000] {dag.py:3239} INFO - Sync 1 DAGs
[2025-05-03T00:43:22.979+0000] {logging_mixin.py:190} INFO - [2025-05-03T00:43:22.978+0000] {dag.py:4180} INFO - Setting next_dagrun for nba_zscore_dag to None, run_after=None
[2025-05-03T00:43:22.986+0000] {processor.py:208} INFO - Processing /opt/airflow/dags/zscore_stats_dag.py took 0.071 seconds
[2025-05-03T00:43:53.415+0000] {processor.py:186} INFO - Started process (PID=50) to work on /opt/airflow/dags/zscore_stats_dag.py
[2025-05-03T00:43:53.416+0000] {processor.py:914} INFO - Processing file /opt/airflow/dags/zscore_stats_dag.py for tasks to queue
[2025-05-03T00:43:53.417+0000] {logging_mixin.py:190} INFO - [2025-05-03T00:43:53.417+0000] {dagbag.py:588} INFO - Filling up the DagBag from /opt/airflow/dags/zscore_stats_dag.py
[2025-05-03T00:43:53.456+0000] {processor.py:925} INFO - DAG(s) 'nba_zscore_dag' retrieved from /opt/airflow/dags/zscore_stats_dag.py
[2025-05-03T00:43:53.466+0000] {logging_mixin.py:190} INFO - [2025-05-03T00:43:53.466+0000] {dag.py:3239} INFO - Sync 1 DAGs
[2025-05-03T00:43:53.472+0000] {logging_mixin.py:190} INFO - [2025-05-03T00:43:53.472+0000] {dag.py:4180} INFO - Setting next_dagrun for nba_zscore_dag to None, run_after=None
[2025-05-03T00:43:53.478+0000] {processor.py:208} INFO - Processing /opt/airflow/dags/zscore_stats_dag.py took 0.069 seconds
[2025-05-03T00:44:24.055+0000] {processor.py:186} INFO - Started process (PID=55) to work on /opt/airflow/dags/zscore_stats_dag.py
[2025-05-03T00:44:24.055+0000] {processor.py:914} INFO - Processing file /opt/airflow/dags/zscore_stats_dag.py for tasks to queue
[2025-05-03T00:44:24.056+0000] {logging_mixin.py:190} INFO - [2025-05-03T00:44:24.056+0000] {dagbag.py:588} INFO - Filling up the DagBag from /opt/airflow/dags/zscore_stats_dag.py
[2025-05-03T00:44:24.096+0000] {processor.py:925} INFO - DAG(s) 'nba_zscore_dag' retrieved from /opt/airflow/dags/zscore_stats_dag.py
[2025-05-03T00:44:24.105+0000] {logging_mixin.py:190} INFO - [2025-05-03T00:44:24.105+0000] {dag.py:3239} INFO - Sync 1 DAGs
[2025-05-03T00:44:24.111+0000] {logging_mixin.py:190} INFO - [2025-05-03T00:44:24.111+0000] {dag.py:4180} INFO - Setting next_dagrun for nba_zscore_dag to None, run_after=None
[2025-05-03T00:44:24.118+0000] {processor.py:208} INFO - Processing /opt/airflow/dags/zscore_stats_dag.py took 0.070 seconds
[2025-05-03T00:44:54.665+0000] {processor.py:186} INFO - Started process (PID=60) to work on /opt/airflow/dags/zscore_stats_dag.py
[2025-05-03T00:44:54.666+0000] {processor.py:914} INFO - Processing file /opt/airflow/dags/zscore_stats_dag.py for tasks to queue
[2025-05-03T00:44:54.668+0000] {logging_mixin.py:190} INFO - [2025-05-03T00:44:54.667+0000] {dagbag.py:588} INFO - Filling up the DagBag from /opt/airflow/dags/zscore_stats_dag.py
[2025-05-03T00:44:54.720+0000] {processor.py:925} INFO - DAG(s) 'nba_zscore_dag' retrieved from /opt/airflow/dags/zscore_stats_dag.py
[2025-05-03T00:44:54.731+0000] {logging_mixin.py:190} INFO - [2025-05-03T00:44:54.731+0000] {dag.py:3239} INFO - Sync 1 DAGs
[2025-05-03T00:44:54.738+0000] {logging_mixin.py:190} INFO - [2025-05-03T00:44:54.737+0000] {dag.py:4180} INFO - Setting next_dagrun for nba_zscore_dag to None, run_after=None
[2025-05-03T00:44:54.745+0000] {processor.py:208} INFO - Processing /opt/airflow/dags/zscore_stats_dag.py took 0.087 seconds
[2025-05-03T00:45:25.403+0000] {processor.py:186} INFO - Started process (PID=65) to work on /opt/airflow/dags/zscore_stats_dag.py
[2025-05-03T00:45:25.405+0000] {processor.py:914} INFO - Processing file /opt/airflow/dags/zscore_stats_dag.py for tasks to queue
[2025-05-03T00:45:25.406+0000] {logging_mixin.py:190} INFO - [2025-05-03T00:45:25.406+0000] {dagbag.py:588} INFO - Filling up the DagBag from /opt/airflow/dags/zscore_stats_dag.py
[2025-05-03T00:45:25.456+0000] {processor.py:925} INFO - DAG(s) 'nba_zscore_dag' retrieved from /opt/airflow/dags/zscore_stats_dag.py
[2025-05-03T00:45:25.467+0000] {logging_mixin.py:190} INFO - [2025-05-03T00:45:25.467+0000] {dag.py:3239} INFO - Sync 1 DAGs
[2025-05-03T00:45:25.474+0000] {logging_mixin.py:190} INFO - [2025-05-03T00:45:25.474+0000] {dag.py:4180} INFO - Setting next_dagrun for nba_zscore_dag to None, run_after=None
[2025-05-03T00:45:25.481+0000] {processor.py:208} INFO - Processing /opt/airflow/dags/zscore_stats_dag.py took 0.088 seconds
[2025-05-03T00:45:56.137+0000] {processor.py:186} INFO - Started process (PID=70) to work on /opt/airflow/dags/zscore_stats_dag.py
[2025-05-03T00:45:56.139+0000] {processor.py:914} INFO - Processing file /opt/airflow/dags/zscore_stats_dag.py for tasks to queue
[2025-05-03T00:45:56.140+0000] {logging_mixin.py:190} INFO - [2025-05-03T00:45:56.140+0000] {dagbag.py:588} INFO - Filling up the DagBag from /opt/airflow/dags/zscore_stats_dag.py
[2025-05-03T00:45:56.186+0000] {processor.py:925} INFO - DAG(s) 'nba_zscore_dag' retrieved from /opt/airflow/dags/zscore_stats_dag.py
[2025-05-03T00:45:56.196+0000] {logging_mixin.py:190} INFO - [2025-05-03T00:45:56.195+0000] {dag.py:3239} INFO - Sync 1 DAGs
[2025-05-03T00:45:56.202+0000] {logging_mixin.py:190} INFO - [2025-05-03T00:45:56.202+0000] {dag.py:4180} INFO - Setting next_dagrun for nba_zscore_dag to None, run_after=None
[2025-05-03T00:45:56.283+0000] {processor.py:208} INFO - Processing /opt/airflow/dags/zscore_stats_dag.py took 0.155 seconds
[2025-05-03T00:46:26.927+0000] {processor.py:186} INFO - Started process (PID=75) to work on /opt/airflow/dags/zscore_stats_dag.py
[2025-05-03T00:46:26.928+0000] {processor.py:914} INFO - Processing file /opt/airflow/dags/zscore_stats_dag.py for tasks to queue
[2025-05-03T00:46:26.929+0000] {logging_mixin.py:190} INFO - [2025-05-03T00:46:26.928+0000] {dagbag.py:588} INFO - Filling up the DagBag from /opt/airflow/dags/zscore_stats_dag.py
[2025-05-03T00:46:26.974+0000] {processor.py:925} INFO - DAG(s) 'nba_zscore_dag' retrieved from /opt/airflow/dags/zscore_stats_dag.py
[2025-05-03T00:46:26.984+0000] {logging_mixin.py:190} INFO - [2025-05-03T00:46:26.984+0000] {dag.py:3239} INFO - Sync 1 DAGs
[2025-05-03T00:46:27.062+0000] {logging_mixin.py:190} INFO - [2025-05-03T00:46:27.062+0000] {dag.py:4180} INFO - Setting next_dagrun for nba_zscore_dag to None, run_after=None
[2025-05-03T00:46:27.069+0000] {processor.py:208} INFO - Processing /opt/airflow/dags/zscore_stats_dag.py took 0.150 seconds
[2025-05-03T00:46:57.727+0000] {processor.py:186} INFO - Started process (PID=80) to work on /opt/airflow/dags/zscore_stats_dag.py
[2025-05-03T00:46:57.729+0000] {processor.py:914} INFO - Processing file /opt/airflow/dags/zscore_stats_dag.py for tasks to queue
[2025-05-03T00:46:57.730+0000] {logging_mixin.py:190} INFO - [2025-05-03T00:46:57.730+0000] {dagbag.py:588} INFO - Filling up the DagBag from /opt/airflow/dags/zscore_stats_dag.py
[2025-05-03T00:46:57.773+0000] {processor.py:925} INFO - DAG(s) 'nba_zscore_dag' retrieved from /opt/airflow/dags/zscore_stats_dag.py
[2025-05-03T00:46:57.855+0000] {logging_mixin.py:190} INFO - [2025-05-03T00:46:57.855+0000] {dag.py:3239} INFO - Sync 1 DAGs
[2025-05-03T00:46:57.859+0000] {logging_mixin.py:190} INFO - [2025-05-03T00:46:57.859+0000] {dag.py:4180} INFO - Setting next_dagrun for nba_zscore_dag to None, run_after=None
[2025-05-03T00:46:57.865+0000] {processor.py:208} INFO - Processing /opt/airflow/dags/zscore_stats_dag.py took 0.146 seconds
[2025-05-03T00:47:28.465+0000] {processor.py:186} INFO - Started process (PID=85) to work on /opt/airflow/dags/zscore_stats_dag.py
[2025-05-03T00:47:28.466+0000] {processor.py:914} INFO - Processing file /opt/airflow/dags/zscore_stats_dag.py for tasks to queue
[2025-05-03T00:47:28.467+0000] {logging_mixin.py:190} INFO - [2025-05-03T00:47:28.466+0000] {dagbag.py:588} INFO - Filling up the DagBag from /opt/airflow/dags/zscore_stats_dag.py
[2025-05-03T00:47:28.580+0000] {processor.py:925} INFO - DAG(s) 'nba_zscore_dag' retrieved from /opt/airflow/dags/zscore_stats_dag.py
[2025-05-03T00:47:28.588+0000] {logging_mixin.py:190} INFO - [2025-05-03T00:47:28.588+0000] {dag.py:3239} INFO - Sync 1 DAGs
[2025-05-03T00:47:28.593+0000] {logging_mixin.py:190} INFO - [2025-05-03T00:47:28.593+0000] {dag.py:4180} INFO - Setting next_dagrun for nba_zscore_dag to None, run_after=None
[2025-05-03T00:47:28.600+0000] {processor.py:208} INFO - Processing /opt/airflow/dags/zscore_stats_dag.py took 0.142 seconds
[2025-05-03T00:47:59.139+0000] {processor.py:186} INFO - Started process (PID=90) to work on /opt/airflow/dags/zscore_stats_dag.py
[2025-05-03T00:47:59.140+0000] {processor.py:914} INFO - Processing file /opt/airflow/dags/zscore_stats_dag.py for tasks to queue
[2025-05-03T00:47:59.141+0000] {logging_mixin.py:190} INFO - [2025-05-03T00:47:59.141+0000] {dagbag.py:588} INFO - Filling up the DagBag from /opt/airflow/dags/zscore_stats_dag.py
[2025-05-03T00:47:59.254+0000] {processor.py:925} INFO - DAG(s) 'nba_zscore_dag' retrieved from /opt/airflow/dags/zscore_stats_dag.py
[2025-05-03T00:47:59.261+0000] {logging_mixin.py:190} INFO - [2025-05-03T00:47:59.261+0000] {dag.py:3239} INFO - Sync 1 DAGs
[2025-05-03T00:47:59.266+0000] {logging_mixin.py:190} INFO - [2025-05-03T00:47:59.266+0000] {dag.py:4180} INFO - Setting next_dagrun for nba_zscore_dag to None, run_after=None
[2025-05-03T00:47:59.272+0000] {processor.py:208} INFO - Processing /opt/airflow/dags/zscore_stats_dag.py took 0.139 seconds
[2025-05-03T00:48:29.869+0000] {processor.py:186} INFO - Started process (PID=95) to work on /opt/airflow/dags/zscore_stats_dag.py
[2025-05-03T00:48:29.870+0000] {processor.py:914} INFO - Processing file /opt/airflow/dags/zscore_stats_dag.py for tasks to queue
[2025-05-03T00:48:29.870+0000] {logging_mixin.py:190} INFO - [2025-05-03T00:48:29.870+0000] {dagbag.py:588} INFO - Filling up the DagBag from /opt/airflow/dags/zscore_stats_dag.py
[2025-05-03T00:48:29.984+0000] {processor.py:925} INFO - DAG(s) 'nba_zscore_dag' retrieved from /opt/airflow/dags/zscore_stats_dag.py
[2025-05-03T00:48:29.992+0000] {logging_mixin.py:190} INFO - [2025-05-03T00:48:29.992+0000] {dag.py:3239} INFO - Sync 1 DAGs
[2025-05-03T00:48:29.996+0000] {logging_mixin.py:190} INFO - [2025-05-03T00:48:29.996+0000] {dag.py:4180} INFO - Setting next_dagrun for nba_zscore_dag to None, run_after=None
[2025-05-03T00:48:30.002+0000] {processor.py:208} INFO - Processing /opt/airflow/dags/zscore_stats_dag.py took 0.139 seconds
[2025-05-03T00:49:00.601+0000] {processor.py:186} INFO - Started process (PID=100) to work on /opt/airflow/dags/zscore_stats_dag.py
[2025-05-03T00:49:00.602+0000] {processor.py:914} INFO - Processing file /opt/airflow/dags/zscore_stats_dag.py for tasks to queue
[2025-05-03T00:49:00.603+0000] {logging_mixin.py:190} INFO - [2025-05-03T00:49:00.603+0000] {dagbag.py:588} INFO - Filling up the DagBag from /opt/airflow/dags/zscore_stats_dag.py
[2025-05-03T00:49:00.715+0000] {processor.py:925} INFO - DAG(s) 'nba_zscore_dag' retrieved from /opt/airflow/dags/zscore_stats_dag.py
[2025-05-03T00:49:00.723+0000] {logging_mixin.py:190} INFO - [2025-05-03T00:49:00.723+0000] {dag.py:3239} INFO - Sync 1 DAGs
[2025-05-03T00:49:00.728+0000] {logging_mixin.py:190} INFO - [2025-05-03T00:49:00.728+0000] {dag.py:4180} INFO - Setting next_dagrun for nba_zscore_dag to None, run_after=None
[2025-05-03T00:49:00.735+0000] {processor.py:208} INFO - Processing /opt/airflow/dags/zscore_stats_dag.py took 0.140 seconds
[2025-05-03T00:49:31.247+0000] {processor.py:186} INFO - Started process (PID=105) to work on /opt/airflow/dags/zscore_stats_dag.py
[2025-05-03T00:49:31.248+0000] {processor.py:914} INFO - Processing file /opt/airflow/dags/zscore_stats_dag.py for tasks to queue
[2025-05-03T00:49:31.249+0000] {logging_mixin.py:190} INFO - [2025-05-03T00:49:31.248+0000] {dagbag.py:588} INFO - Filling up the DagBag from /opt/airflow/dags/zscore_stats_dag.py
[2025-05-03T00:49:31.360+0000] {processor.py:925} INFO - DAG(s) 'nba_zscore_dag' retrieved from /opt/airflow/dags/zscore_stats_dag.py
[2025-05-03T00:49:31.368+0000] {logging_mixin.py:190} INFO - [2025-05-03T00:49:31.368+0000] {dag.py:3239} INFO - Sync 1 DAGs
[2025-05-03T00:49:31.373+0000] {logging_mixin.py:190} INFO - [2025-05-03T00:49:31.373+0000] {dag.py:4180} INFO - Setting next_dagrun for nba_zscore_dag to None, run_after=None
[2025-05-03T00:49:31.380+0000] {processor.py:208} INFO - Processing /opt/airflow/dags/zscore_stats_dag.py took 0.139 seconds
[2025-05-03T00:50:02.008+0000] {processor.py:186} INFO - Started process (PID=110) to work on /opt/airflow/dags/zscore_stats_dag.py
[2025-05-03T00:50:02.009+0000] {processor.py:914} INFO - Processing file /opt/airflow/dags/zscore_stats_dag.py for tasks to queue
[2025-05-03T00:50:02.009+0000] {logging_mixin.py:190} INFO - [2025-05-03T00:50:02.009+0000] {dagbag.py:588} INFO - Filling up the DagBag from /opt/airflow/dags/zscore_stats_dag.py
[2025-05-03T00:50:02.050+0000] {processor.py:925} INFO - DAG(s) 'nba_zscore_dag' retrieved from /opt/airflow/dags/zscore_stats_dag.py
[2025-05-03T00:50:02.130+0000] {logging_mixin.py:190} INFO - [2025-05-03T00:50:02.130+0000] {dag.py:3239} INFO - Sync 1 DAGs
[2025-05-03T00:50:02.134+0000] {logging_mixin.py:190} INFO - [2025-05-03T00:50:02.134+0000] {dag.py:4180} INFO - Setting next_dagrun for nba_zscore_dag to None, run_after=None
[2025-05-03T00:50:02.141+0000] {processor.py:208} INFO - Processing /opt/airflow/dags/zscore_stats_dag.py took 0.139 seconds
[2025-05-03T00:50:32.696+0000] {processor.py:186} INFO - Started process (PID=115) to work on /opt/airflow/dags/zscore_stats_dag.py
[2025-05-03T00:50:32.696+0000] {processor.py:914} INFO - Processing file /opt/airflow/dags/zscore_stats_dag.py for tasks to queue
[2025-05-03T00:50:32.697+0000] {logging_mixin.py:190} INFO - [2025-05-03T00:50:32.697+0000] {dagbag.py:588} INFO - Filling up the DagBag from /opt/airflow/dags/zscore_stats_dag.py
[2025-05-03T00:50:32.809+0000] {processor.py:925} INFO - DAG(s) 'nba_zscore_dag' retrieved from /opt/airflow/dags/zscore_stats_dag.py
[2025-05-03T00:50:32.817+0000] {logging_mixin.py:190} INFO - [2025-05-03T00:50:32.817+0000] {dag.py:3239} INFO - Sync 1 DAGs
[2025-05-03T00:50:32.821+0000] {logging_mixin.py:190} INFO - [2025-05-03T00:50:32.821+0000] {dag.py:4180} INFO - Setting next_dagrun for nba_zscore_dag to None, run_after=None
[2025-05-03T00:50:32.827+0000] {processor.py:208} INFO - Processing /opt/airflow/dags/zscore_stats_dag.py took 0.137 seconds
[2025-05-03T00:51:03.533+0000] {processor.py:186} INFO - Started process (PID=120) to work on /opt/airflow/dags/zscore_stats_dag.py
[2025-05-03T00:51:03.534+0000] {processor.py:914} INFO - Processing file /opt/airflow/dags/zscore_stats_dag.py for tasks to queue
[2025-05-03T00:51:03.535+0000] {logging_mixin.py:190} INFO - [2025-05-03T00:51:03.535+0000] {dagbag.py:588} INFO - Filling up the DagBag from /opt/airflow/dags/zscore_stats_dag.py
[2025-05-03T00:51:03.651+0000] {processor.py:925} INFO - DAG(s) 'nba_zscore_dag' retrieved from /opt/airflow/dags/zscore_stats_dag.py
[2025-05-03T00:51:03.660+0000] {logging_mixin.py:190} INFO - [2025-05-03T00:51:03.659+0000] {dag.py:3239} INFO - Sync 1 DAGs
[2025-05-03T00:51:03.664+0000] {logging_mixin.py:190} INFO - [2025-05-03T00:51:03.664+0000] {dag.py:4180} INFO - Setting next_dagrun for nba_zscore_dag to None, run_after=None
[2025-05-03T00:51:03.671+0000] {processor.py:208} INFO - Processing /opt/airflow/dags/zscore_stats_dag.py took 0.145 seconds
[2025-05-03T00:51:34.203+0000] {processor.py:186} INFO - Started process (PID=125) to work on /opt/airflow/dags/zscore_stats_dag.py
[2025-05-03T00:51:34.203+0000] {processor.py:914} INFO - Processing file /opt/airflow/dags/zscore_stats_dag.py for tasks to queue
[2025-05-03T00:51:34.204+0000] {logging_mixin.py:190} INFO - [2025-05-03T00:51:34.204+0000] {dagbag.py:588} INFO - Filling up the DagBag from /opt/airflow/dags/zscore_stats_dag.py
[2025-05-03T00:51:34.329+0000] {processor.py:925} INFO - DAG(s) 'nba_zscore_dag' retrieved from /opt/airflow/dags/zscore_stats_dag.py
[2025-05-03T00:51:34.337+0000] {logging_mixin.py:190} INFO - [2025-05-03T00:51:34.337+0000] {dag.py:3239} INFO - Sync 1 DAGs
[2025-05-03T00:51:34.342+0000] {logging_mixin.py:190} INFO - [2025-05-03T00:51:34.341+0000] {dag.py:4180} INFO - Setting next_dagrun for nba_zscore_dag to None, run_after=None
[2025-05-03T00:51:34.348+0000] {processor.py:208} INFO - Processing /opt/airflow/dags/zscore_stats_dag.py took 0.153 seconds
[2025-05-03T00:52:04.959+0000] {processor.py:186} INFO - Started process (PID=130) to work on /opt/airflow/dags/zscore_stats_dag.py
[2025-05-03T00:52:04.960+0000] {processor.py:914} INFO - Processing file /opt/airflow/dags/zscore_stats_dag.py for tasks to queue
[2025-05-03T00:52:04.961+0000] {logging_mixin.py:190} INFO - [2025-05-03T00:52:04.961+0000] {dagbag.py:588} INFO - Filling up the DagBag from /opt/airflow/dags/zscore_stats_dag.py
[2025-05-03T00:52:05.073+0000] {processor.py:925} INFO - DAG(s) 'nba_zscore_dag' retrieved from /opt/airflow/dags/zscore_stats_dag.py
[2025-05-03T00:52:05.081+0000] {logging_mixin.py:190} INFO - [2025-05-03T00:52:05.081+0000] {dag.py:3239} INFO - Sync 1 DAGs
[2025-05-03T00:52:05.085+0000] {logging_mixin.py:190} INFO - [2025-05-03T00:52:05.085+0000] {dag.py:4180} INFO - Setting next_dagrun for nba_zscore_dag to None, run_after=None
[2025-05-03T00:52:05.092+0000] {processor.py:208} INFO - Processing /opt/airflow/dags/zscore_stats_dag.py took 0.140 seconds
[2025-05-03T00:52:35.666+0000] {processor.py:186} INFO - Started process (PID=135) to work on /opt/airflow/dags/zscore_stats_dag.py
[2025-05-03T00:52:35.667+0000] {processor.py:914} INFO - Processing file /opt/airflow/dags/zscore_stats_dag.py for tasks to queue
[2025-05-03T00:52:35.668+0000] {logging_mixin.py:190} INFO - [2025-05-03T00:52:35.668+0000] {dagbag.py:588} INFO - Filling up the DagBag from /opt/airflow/dags/zscore_stats_dag.py
[2025-05-03T00:52:35.777+0000] {processor.py:925} INFO - DAG(s) 'nba_zscore_dag' retrieved from /opt/airflow/dags/zscore_stats_dag.py
[2025-05-03T00:52:35.786+0000] {logging_mixin.py:190} INFO - [2025-05-03T00:52:35.786+0000] {dag.py:3239} INFO - Sync 1 DAGs
[2025-05-03T00:52:35.791+0000] {logging_mixin.py:190} INFO - [2025-05-03T00:52:35.791+0000] {dag.py:4180} INFO - Setting next_dagrun for nba_zscore_dag to None, run_after=None
[2025-05-03T00:52:35.797+0000] {processor.py:208} INFO - Processing /opt/airflow/dags/zscore_stats_dag.py took 0.138 seconds
[2025-05-03T00:53:06.418+0000] {processor.py:186} INFO - Started process (PID=140) to work on /opt/airflow/dags/zscore_stats_dag.py
[2025-05-03T00:53:06.420+0000] {processor.py:914} INFO - Processing file /opt/airflow/dags/zscore_stats_dag.py for tasks to queue
[2025-05-03T00:53:06.421+0000] {logging_mixin.py:190} INFO - [2025-05-03T00:53:06.421+0000] {dagbag.py:588} INFO - Filling up the DagBag from /opt/airflow/dags/zscore_stats_dag.py
[2025-05-03T00:53:06.542+0000] {processor.py:925} INFO - DAG(s) 'nba_zscore_dag' retrieved from /opt/airflow/dags/zscore_stats_dag.py
[2025-05-03T00:53:06.549+0000] {logging_mixin.py:190} INFO - [2025-05-03T00:53:06.549+0000] {dag.py:3239} INFO - Sync 1 DAGs
[2025-05-03T00:53:06.554+0000] {logging_mixin.py:190} INFO - [2025-05-03T00:53:06.554+0000] {dag.py:4180} INFO - Setting next_dagrun for nba_zscore_dag to None, run_after=None
[2025-05-03T00:53:06.561+0000] {processor.py:208} INFO - Processing /opt/airflow/dags/zscore_stats_dag.py took 0.151 seconds
[2025-05-03T00:53:37.129+0000] {processor.py:186} INFO - Started process (PID=145) to work on /opt/airflow/dags/zscore_stats_dag.py
[2025-05-03T00:53:37.129+0000] {processor.py:914} INFO - Processing file /opt/airflow/dags/zscore_stats_dag.py for tasks to queue
[2025-05-03T00:53:37.130+0000] {logging_mixin.py:190} INFO - [2025-05-03T00:53:37.130+0000] {dagbag.py:588} INFO - Filling up the DagBag from /opt/airflow/dags/zscore_stats_dag.py
[2025-05-03T00:53:37.241+0000] {processor.py:925} INFO - DAG(s) 'nba_zscore_dag' retrieved from /opt/airflow/dags/zscore_stats_dag.py
[2025-05-03T00:53:37.248+0000] {logging_mixin.py:190} INFO - [2025-05-03T00:53:37.248+0000] {dag.py:3239} INFO - Sync 1 DAGs
[2025-05-03T00:53:37.253+0000] {logging_mixin.py:190} INFO - [2025-05-03T00:53:37.253+0000] {dag.py:4180} INFO - Setting next_dagrun for nba_zscore_dag to None, run_after=None
[2025-05-03T00:53:37.260+0000] {processor.py:208} INFO - Processing /opt/airflow/dags/zscore_stats_dag.py took 0.137 seconds
[2025-05-03T00:54:07.888+0000] {processor.py:186} INFO - Started process (PID=150) to work on /opt/airflow/dags/zscore_stats_dag.py
[2025-05-03T00:54:07.891+0000] {processor.py:914} INFO - Processing file /opt/airflow/dags/zscore_stats_dag.py for tasks to queue
[2025-05-03T00:54:07.892+0000] {logging_mixin.py:190} INFO - [2025-05-03T00:54:07.892+0000] {dagbag.py:588} INFO - Filling up the DagBag from /opt/airflow/dags/zscore_stats_dag.py
[2025-05-03T00:54:08.011+0000] {processor.py:925} INFO - DAG(s) 'nba_zscore_dag' retrieved from /opt/airflow/dags/zscore_stats_dag.py
[2025-05-03T00:54:08.018+0000] {logging_mixin.py:190} INFO - [2025-05-03T00:54:08.018+0000] {dag.py:3239} INFO - Sync 1 DAGs
[2025-05-03T00:54:08.023+0000] {logging_mixin.py:190} INFO - [2025-05-03T00:54:08.023+0000] {dag.py:4180} INFO - Setting next_dagrun for nba_zscore_dag to None, run_after=None
[2025-05-03T00:54:08.030+0000] {processor.py:208} INFO - Processing /opt/airflow/dags/zscore_stats_dag.py took 0.151 seconds
[2025-05-03T00:54:38.622+0000] {processor.py:186} INFO - Started process (PID=155) to work on /opt/airflow/dags/zscore_stats_dag.py
[2025-05-03T00:54:38.622+0000] {processor.py:914} INFO - Processing file /opt/airflow/dags/zscore_stats_dag.py for tasks to queue
[2025-05-03T00:54:38.623+0000] {logging_mixin.py:190} INFO - [2025-05-03T00:54:38.623+0000] {dagbag.py:588} INFO - Filling up the DagBag from /opt/airflow/dags/zscore_stats_dag.py
[2025-05-03T00:54:38.743+0000] {processor.py:925} INFO - DAG(s) 'nba_zscore_dag' retrieved from /opt/airflow/dags/zscore_stats_dag.py
[2025-05-03T00:54:38.752+0000] {logging_mixin.py:190} INFO - [2025-05-03T00:54:38.752+0000] {dag.py:3239} INFO - Sync 1 DAGs
[2025-05-03T00:54:38.757+0000] {logging_mixin.py:190} INFO - [2025-05-03T00:54:38.757+0000] {dag.py:4180} INFO - Setting next_dagrun for nba_zscore_dag to None, run_after=None
[2025-05-03T00:54:38.766+0000] {processor.py:208} INFO - Processing /opt/airflow/dags/zscore_stats_dag.py took 0.148 seconds
[2025-05-03T00:55:09.179+0000] {processor.py:186} INFO - Started process (PID=160) to work on /opt/airflow/dags/zscore_stats_dag.py
[2025-05-03T00:55:09.179+0000] {processor.py:914} INFO - Processing file /opt/airflow/dags/zscore_stats_dag.py for tasks to queue
[2025-05-03T00:55:09.180+0000] {logging_mixin.py:190} INFO - [2025-05-03T00:55:09.180+0000] {dagbag.py:588} INFO - Filling up the DagBag from /opt/airflow/dags/zscore_stats_dag.py
[2025-05-03T00:55:09.305+0000] {processor.py:925} INFO - DAG(s) 'nba_zscore_dag' retrieved from /opt/airflow/dags/zscore_stats_dag.py
[2025-05-03T00:55:09.313+0000] {logging_mixin.py:190} INFO - [2025-05-03T00:55:09.313+0000] {dag.py:3239} INFO - Sync 1 DAGs
[2025-05-03T00:55:09.318+0000] {logging_mixin.py:190} INFO - [2025-05-03T00:55:09.318+0000] {dag.py:4180} INFO - Setting next_dagrun for nba_zscore_dag to None, run_after=None
[2025-05-03T00:55:09.325+0000] {processor.py:208} INFO - Processing /opt/airflow/dags/zscore_stats_dag.py took 0.150 seconds
[2025-05-03T00:55:39.743+0000] {processor.py:186} INFO - Started process (PID=165) to work on /opt/airflow/dags/zscore_stats_dag.py
[2025-05-03T00:55:39.743+0000] {processor.py:914} INFO - Processing file /opt/airflow/dags/zscore_stats_dag.py for tasks to queue
[2025-05-03T00:55:39.744+0000] {logging_mixin.py:190} INFO - [2025-05-03T00:55:39.744+0000] {dagbag.py:588} INFO - Filling up the DagBag from /opt/airflow/dags/zscore_stats_dag.py
[2025-05-03T00:55:39.783+0000] {processor.py:925} INFO - DAG(s) 'nba_zscore_dag' retrieved from /opt/airflow/dags/zscore_stats_dag.py
[2025-05-03T00:55:39.870+0000] {logging_mixin.py:190} INFO - [2025-05-03T00:55:39.870+0000] {dag.py:3239} INFO - Sync 1 DAGs
[2025-05-03T00:55:39.874+0000] {logging_mixin.py:190} INFO - [2025-05-03T00:55:39.874+0000] {dag.py:4180} INFO - Setting next_dagrun for nba_zscore_dag to None, run_after=None
[2025-05-03T00:55:39.880+0000] {processor.py:208} INFO - Processing /opt/airflow/dags/zscore_stats_dag.py took 0.143 seconds
[2025-05-03T00:56:10.302+0000] {processor.py:186} INFO - Started process (PID=170) to work on /opt/airflow/dags/zscore_stats_dag.py
[2025-05-03T00:56:10.303+0000] {processor.py:914} INFO - Processing file /opt/airflow/dags/zscore_stats_dag.py for tasks to queue
[2025-05-03T00:56:10.303+0000] {logging_mixin.py:190} INFO - [2025-05-03T00:56:10.303+0000] {dagbag.py:588} INFO - Filling up the DagBag from /opt/airflow/dags/zscore_stats_dag.py
[2025-05-03T00:56:10.414+0000] {processor.py:925} INFO - DAG(s) 'nba_zscore_dag' retrieved from /opt/airflow/dags/zscore_stats_dag.py
[2025-05-03T00:56:10.422+0000] {logging_mixin.py:190} INFO - [2025-05-03T00:56:10.422+0000] {dag.py:3239} INFO - Sync 1 DAGs
[2025-05-03T00:56:10.427+0000] {logging_mixin.py:190} INFO - [2025-05-03T00:56:10.427+0000] {dag.py:4180} INFO - Setting next_dagrun for nba_zscore_dag to None, run_after=None
[2025-05-03T00:56:10.434+0000] {processor.py:208} INFO - Processing /opt/airflow/dags/zscore_stats_dag.py took 0.135 seconds
[2025-05-03T00:56:41.024+0000] {processor.py:186} INFO - Started process (PID=175) to work on /opt/airflow/dags/zscore_stats_dag.py
[2025-05-03T00:56:41.025+0000] {processor.py:914} INFO - Processing file /opt/airflow/dags/zscore_stats_dag.py for tasks to queue
[2025-05-03T00:56:41.026+0000] {logging_mixin.py:190} INFO - [2025-05-03T00:56:41.026+0000] {dagbag.py:588} INFO - Filling up the DagBag from /opt/airflow/dags/zscore_stats_dag.py
[2025-05-03T00:56:41.150+0000] {processor.py:925} INFO - DAG(s) 'nba_zscore_dag' retrieved from /opt/airflow/dags/zscore_stats_dag.py
[2025-05-03T00:56:41.158+0000] {logging_mixin.py:190} INFO - [2025-05-03T00:56:41.158+0000] {dag.py:3239} INFO - Sync 1 DAGs
[2025-05-03T00:56:41.163+0000] {logging_mixin.py:190} INFO - [2025-05-03T00:56:41.163+0000] {dag.py:4180} INFO - Setting next_dagrun for nba_zscore_dag to None, run_after=None
[2025-05-03T00:56:41.170+0000] {processor.py:208} INFO - Processing /opt/airflow/dags/zscore_stats_dag.py took 0.154 seconds
[2025-05-03T00:57:11.705+0000] {processor.py:186} INFO - Started process (PID=180) to work on /opt/airflow/dags/zscore_stats_dag.py
[2025-05-03T00:57:11.706+0000] {processor.py:914} INFO - Processing file /opt/airflow/dags/zscore_stats_dag.py for tasks to queue
[2025-05-03T00:57:11.706+0000] {logging_mixin.py:190} INFO - [2025-05-03T00:57:11.706+0000] {dagbag.py:588} INFO - Filling up the DagBag from /opt/airflow/dags/zscore_stats_dag.py
[2025-05-03T00:57:11.840+0000] {processor.py:925} INFO - DAG(s) 'nba_zscore_dag' retrieved from /opt/airflow/dags/zscore_stats_dag.py
[2025-05-03T00:57:11.850+0000] {logging_mixin.py:190} INFO - [2025-05-03T00:57:11.850+0000] {dag.py:3239} INFO - Sync 1 DAGs
[2025-05-03T00:57:11.854+0000] {logging_mixin.py:190} INFO - [2025-05-03T00:57:11.854+0000] {dag.py:4180} INFO - Setting next_dagrun for nba_zscore_dag to None, run_after=None
[2025-05-03T00:57:11.861+0000] {processor.py:208} INFO - Processing /opt/airflow/dags/zscore_stats_dag.py took 0.160 seconds
[2025-05-03T00:57:42.403+0000] {processor.py:186} INFO - Started process (PID=185) to work on /opt/airflow/dags/zscore_stats_dag.py
[2025-05-03T00:57:42.404+0000] {processor.py:914} INFO - Processing file /opt/airflow/dags/zscore_stats_dag.py for tasks to queue
[2025-05-03T00:57:42.405+0000] {logging_mixin.py:190} INFO - [2025-05-03T00:57:42.405+0000] {dagbag.py:588} INFO - Filling up the DagBag from /opt/airflow/dags/zscore_stats_dag.py
[2025-05-03T00:57:42.526+0000] {processor.py:925} INFO - DAG(s) 'nba_zscore_dag' retrieved from /opt/airflow/dags/zscore_stats_dag.py
[2025-05-03T00:57:42.535+0000] {logging_mixin.py:190} INFO - [2025-05-03T00:57:42.534+0000] {dag.py:3239} INFO - Sync 1 DAGs
[2025-05-03T00:57:42.539+0000] {logging_mixin.py:190} INFO - [2025-05-03T00:57:42.539+0000] {dag.py:4180} INFO - Setting next_dagrun for nba_zscore_dag to None, run_after=None
[2025-05-03T00:57:42.546+0000] {processor.py:208} INFO - Processing /opt/airflow/dags/zscore_stats_dag.py took 0.152 seconds
[2025-05-03T00:58:13.104+0000] {processor.py:186} INFO - Started process (PID=190) to work on /opt/airflow/dags/zscore_stats_dag.py
[2025-05-03T00:58:13.107+0000] {processor.py:914} INFO - Processing file /opt/airflow/dags/zscore_stats_dag.py for tasks to queue
[2025-05-03T00:58:13.109+0000] {logging_mixin.py:190} INFO - [2025-05-03T00:58:13.108+0000] {dagbag.py:588} INFO - Filling up the DagBag from /opt/airflow/dags/zscore_stats_dag.py
[2025-05-03T00:58:13.231+0000] {processor.py:925} INFO - DAG(s) 'nba_zscore_dag' retrieved from /opt/airflow/dags/zscore_stats_dag.py
[2025-05-03T00:58:13.240+0000] {logging_mixin.py:190} INFO - [2025-05-03T00:58:13.240+0000] {dag.py:3239} INFO - Sync 1 DAGs
[2025-05-03T00:58:13.244+0000] {logging_mixin.py:190} INFO - [2025-05-03T00:58:13.244+0000] {dag.py:4180} INFO - Setting next_dagrun for nba_zscore_dag to None, run_after=None
[2025-05-03T00:58:13.251+0000] {processor.py:208} INFO - Processing /opt/airflow/dags/zscore_stats_dag.py took 0.152 seconds
[2025-05-03T00:58:43.803+0000] {processor.py:186} INFO - Started process (PID=195) to work on /opt/airflow/dags/zscore_stats_dag.py
[2025-05-03T00:58:43.804+0000] {processor.py:914} INFO - Processing file /opt/airflow/dags/zscore_stats_dag.py for tasks to queue
[2025-05-03T00:58:43.805+0000] {logging_mixin.py:190} INFO - [2025-05-03T00:58:43.804+0000] {dagbag.py:588} INFO - Filling up the DagBag from /opt/airflow/dags/zscore_stats_dag.py
[2025-05-03T00:58:43.912+0000] {processor.py:925} INFO - DAG(s) 'nba_zscore_dag' retrieved from /opt/airflow/dags/zscore_stats_dag.py
[2025-05-03T00:58:43.920+0000] {logging_mixin.py:190} INFO - [2025-05-03T00:58:43.920+0000] {dag.py:3239} INFO - Sync 1 DAGs
[2025-05-03T00:58:43.924+0000] {logging_mixin.py:190} INFO - [2025-05-03T00:58:43.924+0000] {dag.py:4180} INFO - Setting next_dagrun for nba_zscore_dag to None, run_after=None
[2025-05-03T00:58:43.930+0000] {processor.py:208} INFO - Processing /opt/airflow/dags/zscore_stats_dag.py took 0.132 seconds
[2025-05-03T00:59:14.421+0000] {processor.py:186} INFO - Started process (PID=200) to work on /opt/airflow/dags/zscore_stats_dag.py
[2025-05-03T00:59:14.423+0000] {processor.py:914} INFO - Processing file /opt/airflow/dags/zscore_stats_dag.py for tasks to queue
[2025-05-03T00:59:14.424+0000] {logging_mixin.py:190} INFO - [2025-05-03T00:59:14.424+0000] {dagbag.py:588} INFO - Filling up the DagBag from /opt/airflow/dags/zscore_stats_dag.py
[2025-05-03T00:59:14.541+0000] {processor.py:925} INFO - DAG(s) 'nba_zscore_dag' retrieved from /opt/airflow/dags/zscore_stats_dag.py
[2025-05-03T00:59:14.549+0000] {logging_mixin.py:190} INFO - [2025-05-03T00:59:14.549+0000] {dag.py:3239} INFO - Sync 1 DAGs
[2025-05-03T00:59:14.554+0000] {logging_mixin.py:190} INFO - [2025-05-03T00:59:14.553+0000] {dag.py:4180} INFO - Setting next_dagrun for nba_zscore_dag to None, run_after=None
[2025-05-03T00:59:14.561+0000] {processor.py:208} INFO - Processing /opt/airflow/dags/zscore_stats_dag.py took 0.147 seconds
[2025-05-03T00:59:45.134+0000] {processor.py:186} INFO - Started process (PID=205) to work on /opt/airflow/dags/zscore_stats_dag.py
[2025-05-03T00:59:45.135+0000] {processor.py:914} INFO - Processing file /opt/airflow/dags/zscore_stats_dag.py for tasks to queue
[2025-05-03T00:59:45.136+0000] {logging_mixin.py:190} INFO - [2025-05-03T00:59:45.136+0000] {dagbag.py:588} INFO - Filling up the DagBag from /opt/airflow/dags/zscore_stats_dag.py
[2025-05-03T00:59:45.256+0000] {processor.py:925} INFO - DAG(s) 'nba_zscore_dag' retrieved from /opt/airflow/dags/zscore_stats_dag.py
[2025-05-03T00:59:45.264+0000] {logging_mixin.py:190} INFO - [2025-05-03T00:59:45.264+0000] {dag.py:3239} INFO - Sync 1 DAGs
[2025-05-03T00:59:45.269+0000] {logging_mixin.py:190} INFO - [2025-05-03T00:59:45.269+0000] {dag.py:4180} INFO - Setting next_dagrun for nba_zscore_dag to None, run_after=None
[2025-05-03T00:59:45.275+0000] {processor.py:208} INFO - Processing /opt/airflow/dags/zscore_stats_dag.py took 0.150 seconds
[2025-05-03T01:00:15.762+0000] {processor.py:186} INFO - Started process (PID=210) to work on /opt/airflow/dags/zscore_stats_dag.py
[2025-05-03T01:00:15.763+0000] {processor.py:914} INFO - Processing file /opt/airflow/dags/zscore_stats_dag.py for tasks to queue
[2025-05-03T01:00:15.763+0000] {logging_mixin.py:190} INFO - [2025-05-03T01:00:15.763+0000] {dagbag.py:588} INFO - Filling up the DagBag from /opt/airflow/dags/zscore_stats_dag.py
[2025-05-03T01:00:15.895+0000] {processor.py:925} INFO - DAG(s) 'nba_zscore_dag' retrieved from /opt/airflow/dags/zscore_stats_dag.py
[2025-05-03T01:00:15.904+0000] {logging_mixin.py:190} INFO - [2025-05-03T01:00:15.904+0000] {dag.py:3239} INFO - Sync 1 DAGs
[2025-05-03T01:00:15.910+0000] {logging_mixin.py:190} INFO - [2025-05-03T01:00:15.910+0000] {dag.py:4180} INFO - Setting next_dagrun for nba_zscore_dag to None, run_after=None
[2025-05-03T01:00:15.919+0000] {processor.py:208} INFO - Processing /opt/airflow/dags/zscore_stats_dag.py took 0.162 seconds
[2025-05-03T01:00:46.522+0000] {processor.py:186} INFO - Started process (PID=215) to work on /opt/airflow/dags/zscore_stats_dag.py
[2025-05-03T01:00:46.523+0000] {processor.py:914} INFO - Processing file /opt/airflow/dags/zscore_stats_dag.py for tasks to queue
[2025-05-03T01:00:46.523+0000] {logging_mixin.py:190} INFO - [2025-05-03T01:00:46.523+0000] {dagbag.py:588} INFO - Filling up the DagBag from /opt/airflow/dags/zscore_stats_dag.py
[2025-05-03T01:00:46.639+0000] {processor.py:925} INFO - DAG(s) 'nba_zscore_dag' retrieved from /opt/airflow/dags/zscore_stats_dag.py
[2025-05-03T01:00:46.647+0000] {logging_mixin.py:190} INFO - [2025-05-03T01:00:46.647+0000] {dag.py:3239} INFO - Sync 1 DAGs
[2025-05-03T01:00:46.651+0000] {logging_mixin.py:190} INFO - [2025-05-03T01:00:46.651+0000] {dag.py:4180} INFO - Setting next_dagrun for nba_zscore_dag to None, run_after=None
[2025-05-03T01:00:46.658+0000] {processor.py:208} INFO - Processing /opt/airflow/dags/zscore_stats_dag.py took 0.142 seconds
[2025-05-03T01:01:17.182+0000] {processor.py:186} INFO - Started process (PID=220) to work on /opt/airflow/dags/zscore_stats_dag.py
[2025-05-03T01:01:17.183+0000] {processor.py:914} INFO - Processing file /opt/airflow/dags/zscore_stats_dag.py for tasks to queue
[2025-05-03T01:01:17.184+0000] {logging_mixin.py:190} INFO - [2025-05-03T01:01:17.184+0000] {dagbag.py:588} INFO - Filling up the DagBag from /opt/airflow/dags/zscore_stats_dag.py
[2025-05-03T01:01:17.227+0000] {processor.py:925} INFO - DAG(s) 'nba_zscore_dag' retrieved from /opt/airflow/dags/zscore_stats_dag.py
[2025-05-03T01:01:17.311+0000] {logging_mixin.py:190} INFO - [2025-05-03T01:01:17.311+0000] {dag.py:3239} INFO - Sync 1 DAGs
[2025-05-03T01:01:17.315+0000] {logging_mixin.py:190} INFO - [2025-05-03T01:01:17.315+0000] {dag.py:4180} INFO - Setting next_dagrun for nba_zscore_dag to None, run_after=None
[2025-05-03T01:01:17.322+0000] {processor.py:208} INFO - Processing /opt/airflow/dags/zscore_stats_dag.py took 0.146 seconds
[2025-05-03T01:01:47.730+0000] {processor.py:186} INFO - Started process (PID=225) to work on /opt/airflow/dags/zscore_stats_dag.py
[2025-05-03T01:01:47.731+0000] {processor.py:914} INFO - Processing file /opt/airflow/dags/zscore_stats_dag.py for tasks to queue
[2025-05-03T01:01:47.732+0000] {logging_mixin.py:190} INFO - [2025-05-03T01:01:47.732+0000] {dagbag.py:588} INFO - Filling up the DagBag from /opt/airflow/dags/zscore_stats_dag.py
[2025-05-03T01:01:47.847+0000] {processor.py:925} INFO - DAG(s) 'nba_zscore_dag' retrieved from /opt/airflow/dags/zscore_stats_dag.py
[2025-05-03T01:01:47.855+0000] {logging_mixin.py:190} INFO - [2025-05-03T01:01:47.855+0000] {dag.py:3239} INFO - Sync 1 DAGs
[2025-05-03T01:01:47.860+0000] {logging_mixin.py:190} INFO - [2025-05-03T01:01:47.860+0000] {dag.py:4180} INFO - Setting next_dagrun for nba_zscore_dag to None, run_after=None
[2025-05-03T01:01:47.867+0000] {processor.py:208} INFO - Processing /opt/airflow/dags/zscore_stats_dag.py took 0.141 seconds
[2025-05-03T01:02:18.252+0000] {processor.py:186} INFO - Started process (PID=230) to work on /opt/airflow/dags/zscore_stats_dag.py
[2025-05-03T01:02:18.255+0000] {processor.py:914} INFO - Processing file /opt/airflow/dags/zscore_stats_dag.py for tasks to queue
[2025-05-03T01:02:18.255+0000] {logging_mixin.py:190} INFO - [2025-05-03T01:02:18.255+0000] {dagbag.py:588} INFO - Filling up the DagBag from /opt/airflow/dags/zscore_stats_dag.py
[2025-05-03T01:02:18.381+0000] {processor.py:925} INFO - DAG(s) 'nba_zscore_dag' retrieved from /opt/airflow/dags/zscore_stats_dag.py
[2025-05-03T01:02:18.389+0000] {logging_mixin.py:190} INFO - [2025-05-03T01:02:18.389+0000] {dag.py:3239} INFO - Sync 1 DAGs
[2025-05-03T01:02:18.394+0000] {logging_mixin.py:190} INFO - [2025-05-03T01:02:18.394+0000] {dag.py:4180} INFO - Setting next_dagrun for nba_zscore_dag to None, run_after=None
[2025-05-03T01:02:18.403+0000] {processor.py:208} INFO - Processing /opt/airflow/dags/zscore_stats_dag.py took 0.153 seconds
[2025-05-03T01:02:48.855+0000] {processor.py:186} INFO - Started process (PID=235) to work on /opt/airflow/dags/zscore_stats_dag.py
[2025-05-03T01:02:48.855+0000] {processor.py:914} INFO - Processing file /opt/airflow/dags/zscore_stats_dag.py for tasks to queue
[2025-05-03T01:02:48.856+0000] {logging_mixin.py:190} INFO - [2025-05-03T01:02:48.856+0000] {dagbag.py:588} INFO - Filling up the DagBag from /opt/airflow/dags/zscore_stats_dag.py
[2025-05-03T01:02:48.984+0000] {processor.py:925} INFO - DAG(s) 'nba_zscore_dag' retrieved from /opt/airflow/dags/zscore_stats_dag.py
[2025-05-03T01:02:48.992+0000] {logging_mixin.py:190} INFO - [2025-05-03T01:02:48.992+0000] {dag.py:3239} INFO - Sync 1 DAGs
[2025-05-03T01:02:48.997+0000] {logging_mixin.py:190} INFO - [2025-05-03T01:02:48.997+0000] {dag.py:4180} INFO - Setting next_dagrun for nba_zscore_dag to None, run_after=None
[2025-05-03T01:02:49.005+0000] {processor.py:208} INFO - Processing /opt/airflow/dags/zscore_stats_dag.py took 0.153 seconds
[2025-05-03T01:03:19.421+0000] {processor.py:186} INFO - Started process (PID=240) to work on /opt/airflow/dags/zscore_stats_dag.py
[2025-05-03T01:03:19.422+0000] {processor.py:914} INFO - Processing file /opt/airflow/dags/zscore_stats_dag.py for tasks to queue
[2025-05-03T01:03:19.423+0000] {logging_mixin.py:190} INFO - [2025-05-03T01:03:19.423+0000] {dagbag.py:588} INFO - Filling up the DagBag from /opt/airflow/dags/zscore_stats_dag.py
[2025-05-03T01:03:19.544+0000] {processor.py:925} INFO - DAG(s) 'nba_zscore_dag' retrieved from /opt/airflow/dags/zscore_stats_dag.py
[2025-05-03T01:03:19.554+0000] {logging_mixin.py:190} INFO - [2025-05-03T01:03:19.554+0000] {dag.py:3239} INFO - Sync 1 DAGs
[2025-05-03T01:03:19.560+0000] {logging_mixin.py:190} INFO - [2025-05-03T01:03:19.560+0000] {dag.py:4180} INFO - Setting next_dagrun for nba_zscore_dag to None, run_after=None
[2025-05-03T01:03:19.569+0000] {processor.py:208} INFO - Processing /opt/airflow/dags/zscore_stats_dag.py took 0.152 seconds
[2025-05-03T01:03:50.098+0000] {processor.py:186} INFO - Started process (PID=245) to work on /opt/airflow/dags/zscore_stats_dag.py
[2025-05-03T01:03:50.098+0000] {processor.py:914} INFO - Processing file /opt/airflow/dags/zscore_stats_dag.py for tasks to queue
[2025-05-03T01:03:50.099+0000] {logging_mixin.py:190} INFO - [2025-05-03T01:03:50.099+0000] {dagbag.py:588} INFO - Filling up the DagBag from /opt/airflow/dags/zscore_stats_dag.py
[2025-05-03T01:03:50.138+0000] {processor.py:925} INFO - DAG(s) 'nba_zscore_dag' retrieved from /opt/airflow/dags/zscore_stats_dag.py
[2025-05-03T01:03:50.225+0000] {logging_mixin.py:190} INFO - [2025-05-03T01:03:50.225+0000] {dag.py:3239} INFO - Sync 1 DAGs
[2025-05-03T01:03:50.229+0000] {logging_mixin.py:190} INFO - [2025-05-03T01:03:50.229+0000] {dag.py:4180} INFO - Setting next_dagrun for nba_zscore_dag to None, run_after=None
[2025-05-03T01:03:50.237+0000] {processor.py:208} INFO - Processing /opt/airflow/dags/zscore_stats_dag.py took 0.144 seconds
[2025-05-03T01:04:20.669+0000] {processor.py:186} INFO - Started process (PID=250) to work on /opt/airflow/dags/zscore_stats_dag.py
[2025-05-03T01:04:20.670+0000] {processor.py:914} INFO - Processing file /opt/airflow/dags/zscore_stats_dag.py for tasks to queue
[2025-05-03T01:04:20.670+0000] {logging_mixin.py:190} INFO - [2025-05-03T01:04:20.670+0000] {dagbag.py:588} INFO - Filling up the DagBag from /opt/airflow/dags/zscore_stats_dag.py
[2025-05-03T01:04:20.781+0000] {processor.py:925} INFO - DAG(s) 'nba_zscore_dag' retrieved from /opt/airflow/dags/zscore_stats_dag.py
[2025-05-03T01:04:20.790+0000] {logging_mixin.py:190} INFO - [2025-05-03T01:04:20.790+0000] {dag.py:3239} INFO - Sync 1 DAGs
[2025-05-03T01:04:20.795+0000] {logging_mixin.py:190} INFO - [2025-05-03T01:04:20.795+0000] {dag.py:4180} INFO - Setting next_dagrun for nba_zscore_dag to None, run_after=None
[2025-05-03T01:04:20.803+0000] {processor.py:208} INFO - Processing /opt/airflow/dags/zscore_stats_dag.py took 0.137 seconds
[2025-05-03T01:04:51.305+0000] {processor.py:186} INFO - Started process (PID=255) to work on /opt/airflow/dags/zscore_stats_dag.py
[2025-05-03T01:04:51.306+0000] {processor.py:914} INFO - Processing file /opt/airflow/dags/zscore_stats_dag.py for tasks to queue
[2025-05-03T01:04:51.306+0000] {logging_mixin.py:190} INFO - [2025-05-03T01:04:51.306+0000] {dagbag.py:588} INFO - Filling up the DagBag from /opt/airflow/dags/zscore_stats_dag.py
[2025-05-03T01:04:51.429+0000] {processor.py:925} INFO - DAG(s) 'nba_zscore_dag' retrieved from /opt/airflow/dags/zscore_stats_dag.py
[2025-05-03T01:04:51.439+0000] {logging_mixin.py:190} INFO - [2025-05-03T01:04:51.438+0000] {dag.py:3239} INFO - Sync 1 DAGs
[2025-05-03T01:04:51.444+0000] {logging_mixin.py:190} INFO - [2025-05-03T01:04:51.444+0000] {dag.py:4180} INFO - Setting next_dagrun for nba_zscore_dag to None, run_after=None
[2025-05-03T01:04:51.451+0000] {processor.py:208} INFO - Processing /opt/airflow/dags/zscore_stats_dag.py took 0.149 seconds
[2025-05-03T01:05:22.038+0000] {processor.py:186} INFO - Started process (PID=260) to work on /opt/airflow/dags/zscore_stats_dag.py
[2025-05-03T01:05:22.039+0000] {processor.py:914} INFO - Processing file /opt/airflow/dags/zscore_stats_dag.py for tasks to queue
[2025-05-03T01:05:22.041+0000] {logging_mixin.py:190} INFO - [2025-05-03T01:05:22.040+0000] {dagbag.py:588} INFO - Filling up the DagBag from /opt/airflow/dags/zscore_stats_dag.py
[2025-05-03T01:05:22.164+0000] {processor.py:925} INFO - DAG(s) 'nba_zscore_dag' retrieved from /opt/airflow/dags/zscore_stats_dag.py
[2025-05-03T01:05:22.172+0000] {logging_mixin.py:190} INFO - [2025-05-03T01:05:22.172+0000] {dag.py:3239} INFO - Sync 1 DAGs
[2025-05-03T01:05:22.177+0000] {logging_mixin.py:190} INFO - [2025-05-03T01:05:22.177+0000] {dag.py:4180} INFO - Setting next_dagrun for nba_zscore_dag to None, run_after=None
[2025-05-03T01:05:22.183+0000] {processor.py:208} INFO - Processing /opt/airflow/dags/zscore_stats_dag.py took 0.155 seconds
[2025-05-03T01:05:52.775+0000] {processor.py:186} INFO - Started process (PID=265) to work on /opt/airflow/dags/zscore_stats_dag.py
[2025-05-03T01:05:52.776+0000] {processor.py:914} INFO - Processing file /opt/airflow/dags/zscore_stats_dag.py for tasks to queue
[2025-05-03T01:05:52.778+0000] {logging_mixin.py:190} INFO - [2025-05-03T01:05:52.777+0000] {dagbag.py:588} INFO - Filling up the DagBag from /opt/airflow/dags/zscore_stats_dag.py
[2025-05-03T01:05:52.895+0000] {processor.py:925} INFO - DAG(s) 'nba_zscore_dag' retrieved from /opt/airflow/dags/zscore_stats_dag.py
[2025-05-03T01:05:52.903+0000] {logging_mixin.py:190} INFO - [2025-05-03T01:05:52.903+0000] {dag.py:3239} INFO - Sync 1 DAGs
[2025-05-03T01:05:52.909+0000] {logging_mixin.py:190} INFO - [2025-05-03T01:05:52.908+0000] {dag.py:4180} INFO - Setting next_dagrun for nba_zscore_dag to None, run_after=None
[2025-05-03T01:05:52.915+0000] {processor.py:208} INFO - Processing /opt/airflow/dags/zscore_stats_dag.py took 0.148 seconds
[2025-05-03T01:06:23.324+0000] {processor.py:186} INFO - Started process (PID=270) to work on /opt/airflow/dags/zscore_stats_dag.py
[2025-05-03T01:06:23.325+0000] {processor.py:914} INFO - Processing file /opt/airflow/dags/zscore_stats_dag.py for tasks to queue
[2025-05-03T01:06:23.325+0000] {logging_mixin.py:190} INFO - [2025-05-03T01:06:23.325+0000] {dagbag.py:588} INFO - Filling up the DagBag from /opt/airflow/dags/zscore_stats_dag.py
[2025-05-03T01:06:23.432+0000] {processor.py:925} INFO - DAG(s) 'nba_zscore_dag' retrieved from /opt/airflow/dags/zscore_stats_dag.py
[2025-05-03T01:06:23.440+0000] {logging_mixin.py:190} INFO - [2025-05-03T01:06:23.440+0000] {dag.py:3239} INFO - Sync 1 DAGs
[2025-05-03T01:06:23.445+0000] {logging_mixin.py:190} INFO - [2025-05-03T01:06:23.445+0000] {dag.py:4180} INFO - Setting next_dagrun for nba_zscore_dag to None, run_after=None
[2025-05-03T01:06:23.451+0000] {processor.py:208} INFO - Processing /opt/airflow/dags/zscore_stats_dag.py took 0.130 seconds
[2025-05-03T01:06:53.880+0000] {processor.py:186} INFO - Started process (PID=275) to work on /opt/airflow/dags/zscore_stats_dag.py
[2025-05-03T01:06:53.880+0000] {processor.py:914} INFO - Processing file /opt/airflow/dags/zscore_stats_dag.py for tasks to queue
[2025-05-03T01:06:53.881+0000] {logging_mixin.py:190} INFO - [2025-05-03T01:06:53.881+0000] {dagbag.py:588} INFO - Filling up the DagBag from /opt/airflow/dags/zscore_stats_dag.py
[2025-05-03T01:06:54.007+0000] {processor.py:925} INFO - DAG(s) 'nba_zscore_dag' retrieved from /opt/airflow/dags/zscore_stats_dag.py
[2025-05-03T01:06:54.015+0000] {logging_mixin.py:190} INFO - [2025-05-03T01:06:54.015+0000] {dag.py:3239} INFO - Sync 1 DAGs
[2025-05-03T01:06:54.020+0000] {logging_mixin.py:190} INFO - [2025-05-03T01:06:54.020+0000] {dag.py:4180} INFO - Setting next_dagrun for nba_zscore_dag to None, run_after=None
[2025-05-03T01:06:54.029+0000] {processor.py:208} INFO - Processing /opt/airflow/dags/zscore_stats_dag.py took 0.153 seconds
[2025-05-03T01:07:24.416+0000] {processor.py:186} INFO - Started process (PID=280) to work on /opt/airflow/dags/zscore_stats_dag.py
[2025-05-03T01:07:24.417+0000] {processor.py:914} INFO - Processing file /opt/airflow/dags/zscore_stats_dag.py for tasks to queue
[2025-05-03T01:07:24.418+0000] {logging_mixin.py:190} INFO - [2025-05-03T01:07:24.417+0000] {dagbag.py:588} INFO - Filling up the DagBag from /opt/airflow/dags/zscore_stats_dag.py
[2025-05-03T01:07:24.532+0000] {processor.py:925} INFO - DAG(s) 'nba_zscore_dag' retrieved from /opt/airflow/dags/zscore_stats_dag.py
[2025-05-03T01:07:24.541+0000] {logging_mixin.py:190} INFO - [2025-05-03T01:07:24.541+0000] {dag.py:3239} INFO - Sync 1 DAGs
[2025-05-03T01:07:24.546+0000] {logging_mixin.py:190} INFO - [2025-05-03T01:07:24.546+0000] {dag.py:4180} INFO - Setting next_dagrun for nba_zscore_dag to None, run_after=None
[2025-05-03T01:07:24.553+0000] {processor.py:208} INFO - Processing /opt/airflow/dags/zscore_stats_dag.py took 0.140 seconds
[2025-05-03T01:07:55.082+0000] {processor.py:186} INFO - Started process (PID=285) to work on /opt/airflow/dags/zscore_stats_dag.py
[2025-05-03T01:07:55.082+0000] {processor.py:914} INFO - Processing file /opt/airflow/dags/zscore_stats_dag.py for tasks to queue
[2025-05-03T01:07:55.084+0000] {logging_mixin.py:190} INFO - [2025-05-03T01:07:55.083+0000] {dagbag.py:588} INFO - Filling up the DagBag from /opt/airflow/dags/zscore_stats_dag.py
[2025-05-03T01:07:55.208+0000] {processor.py:925} INFO - DAG(s) 'nba_zscore_dag' retrieved from /opt/airflow/dags/zscore_stats_dag.py
[2025-05-03T01:07:55.216+0000] {logging_mixin.py:190} INFO - [2025-05-03T01:07:55.216+0000] {dag.py:3239} INFO - Sync 1 DAGs
[2025-05-03T01:07:55.220+0000] {logging_mixin.py:190} INFO - [2025-05-03T01:07:55.220+0000] {dag.py:4180} INFO - Setting next_dagrun for nba_zscore_dag to None, run_after=None
[2025-05-03T01:07:55.228+0000] {processor.py:208} INFO - Processing /opt/airflow/dags/zscore_stats_dag.py took 0.154 seconds
[2025-05-03T01:08:25.769+0000] {processor.py:186} INFO - Started process (PID=290) to work on /opt/airflow/dags/zscore_stats_dag.py
[2025-05-03T01:08:25.770+0000] {processor.py:914} INFO - Processing file /opt/airflow/dags/zscore_stats_dag.py for tasks to queue
[2025-05-03T01:08:25.771+0000] {logging_mixin.py:190} INFO - [2025-05-03T01:08:25.771+0000] {dagbag.py:588} INFO - Filling up the DagBag from /opt/airflow/dags/zscore_stats_dag.py
[2025-05-03T01:08:25.900+0000] {processor.py:925} INFO - DAG(s) 'nba_zscore_dag' retrieved from /opt/airflow/dags/zscore_stats_dag.py
[2025-05-03T01:08:25.907+0000] {logging_mixin.py:190} INFO - [2025-05-03T01:08:25.907+0000] {dag.py:3239} INFO - Sync 1 DAGs
[2025-05-03T01:08:25.912+0000] {logging_mixin.py:190} INFO - [2025-05-03T01:08:25.912+0000] {dag.py:4180} INFO - Setting next_dagrun for nba_zscore_dag to None, run_after=None
[2025-05-03T01:08:25.918+0000] {processor.py:208} INFO - Processing /opt/airflow/dags/zscore_stats_dag.py took 0.155 seconds
[2025-05-03T01:08:56.311+0000] {processor.py:186} INFO - Started process (PID=295) to work on /opt/airflow/dags/zscore_stats_dag.py
[2025-05-03T01:08:56.312+0000] {processor.py:914} INFO - Processing file /opt/airflow/dags/zscore_stats_dag.py for tasks to queue
[2025-05-03T01:08:56.312+0000] {logging_mixin.py:190} INFO - [2025-05-03T01:08:56.312+0000] {dagbag.py:588} INFO - Filling up the DagBag from /opt/airflow/dags/zscore_stats_dag.py
[2025-05-03T01:08:56.444+0000] {processor.py:925} INFO - DAG(s) 'nba_zscore_dag' retrieved from /opt/airflow/dags/zscore_stats_dag.py
[2025-05-03T01:08:56.454+0000] {logging_mixin.py:190} INFO - [2025-05-03T01:08:56.454+0000] {dag.py:3239} INFO - Sync 1 DAGs
[2025-05-03T01:08:56.459+0000] {logging_mixin.py:190} INFO - [2025-05-03T01:08:56.459+0000] {dag.py:4180} INFO - Setting next_dagrun for nba_zscore_dag to None, run_after=None
[2025-05-03T01:08:56.467+0000] {processor.py:208} INFO - Processing /opt/airflow/dags/zscore_stats_dag.py took 0.160 seconds
[2025-05-03T01:09:26.989+0000] {processor.py:186} INFO - Started process (PID=300) to work on /opt/airflow/dags/zscore_stats_dag.py
[2025-05-03T01:09:26.992+0000] {processor.py:914} INFO - Processing file /opt/airflow/dags/zscore_stats_dag.py for tasks to queue
[2025-05-03T01:09:26.993+0000] {logging_mixin.py:190} INFO - [2025-05-03T01:09:26.992+0000] {dagbag.py:588} INFO - Filling up the DagBag from /opt/airflow/dags/zscore_stats_dag.py
[2025-05-03T01:09:27.124+0000] {processor.py:925} INFO - DAG(s) 'nba_zscore_dag' retrieved from /opt/airflow/dags/zscore_stats_dag.py
[2025-05-03T01:09:27.133+0000] {logging_mixin.py:190} INFO - [2025-05-03T01:09:27.133+0000] {dag.py:3239} INFO - Sync 1 DAGs
[2025-05-03T01:09:27.138+0000] {logging_mixin.py:190} INFO - [2025-05-03T01:09:27.138+0000] {dag.py:4180} INFO - Setting next_dagrun for nba_zscore_dag to None, run_after=None
[2025-05-03T01:09:27.147+0000] {processor.py:208} INFO - Processing /opt/airflow/dags/zscore_stats_dag.py took 0.162 seconds
[2025-05-03T01:09:57.624+0000] {processor.py:186} INFO - Started process (PID=305) to work on /opt/airflow/dags/zscore_stats_dag.py
[2025-05-03T01:09:57.624+0000] {processor.py:914} INFO - Processing file /opt/airflow/dags/zscore_stats_dag.py for tasks to queue
[2025-05-03T01:09:57.625+0000] {logging_mixin.py:190} INFO - [2025-05-03T01:09:57.625+0000] {dagbag.py:588} INFO - Filling up the DagBag from /opt/airflow/dags/zscore_stats_dag.py
[2025-05-03T01:09:57.745+0000] {processor.py:925} INFO - DAG(s) 'nba_zscore_dag' retrieved from /opt/airflow/dags/zscore_stats_dag.py
[2025-05-03T01:09:57.752+0000] {logging_mixin.py:190} INFO - [2025-05-03T01:09:57.752+0000] {dag.py:3239} INFO - Sync 1 DAGs
[2025-05-03T01:09:57.757+0000] {logging_mixin.py:190} INFO - [2025-05-03T01:09:57.757+0000] {dag.py:4180} INFO - Setting next_dagrun for nba_zscore_dag to None, run_after=None
[2025-05-03T01:09:57.764+0000] {processor.py:208} INFO - Processing /opt/airflow/dags/zscore_stats_dag.py took 0.143 seconds
[2025-05-03T01:10:28.193+0000] {processor.py:186} INFO - Started process (PID=310) to work on /opt/airflow/dags/zscore_stats_dag.py
[2025-05-03T01:10:28.194+0000] {processor.py:914} INFO - Processing file /opt/airflow/dags/zscore_stats_dag.py for tasks to queue
[2025-05-03T01:10:28.194+0000] {logging_mixin.py:190} INFO - [2025-05-03T01:10:28.194+0000] {dagbag.py:588} INFO - Filling up the DagBag from /opt/airflow/dags/zscore_stats_dag.py
[2025-05-03T01:10:28.325+0000] {processor.py:925} INFO - DAG(s) 'nba_zscore_dag' retrieved from /opt/airflow/dags/zscore_stats_dag.py
[2025-05-03T01:10:28.333+0000] {logging_mixin.py:190} INFO - [2025-05-03T01:10:28.333+0000] {dag.py:3239} INFO - Sync 1 DAGs
[2025-05-03T01:10:28.340+0000] {logging_mixin.py:190} INFO - [2025-05-03T01:10:28.340+0000] {dag.py:4180} INFO - Setting next_dagrun for nba_zscore_dag to None, run_after=None
[2025-05-03T01:10:28.347+0000] {processor.py:208} INFO - Processing /opt/airflow/dags/zscore_stats_dag.py took 0.157 seconds
[2025-05-03T01:10:58.882+0000] {processor.py:186} INFO - Started process (PID=315) to work on /opt/airflow/dags/zscore_stats_dag.py
[2025-05-03T01:10:58.882+0000] {processor.py:914} INFO - Processing file /opt/airflow/dags/zscore_stats_dag.py for tasks to queue
[2025-05-03T01:10:58.883+0000] {logging_mixin.py:190} INFO - [2025-05-03T01:10:58.882+0000] {dagbag.py:588} INFO - Filling up the DagBag from /opt/airflow/dags/zscore_stats_dag.py
[2025-05-03T01:10:59.013+0000] {processor.py:925} INFO - DAG(s) 'nba_zscore_dag' retrieved from /opt/airflow/dags/zscore_stats_dag.py
[2025-05-03T01:10:59.020+0000] {logging_mixin.py:190} INFO - [2025-05-03T01:10:59.020+0000] {dag.py:3239} INFO - Sync 1 DAGs
[2025-05-03T01:10:59.026+0000] {logging_mixin.py:190} INFO - [2025-05-03T01:10:59.026+0000] {dag.py:4180} INFO - Setting next_dagrun for nba_zscore_dag to None, run_after=None
[2025-05-03T01:10:59.033+0000] {processor.py:208} INFO - Processing /opt/airflow/dags/zscore_stats_dag.py took 0.155 seconds
[2025-05-03T01:11:29.513+0000] {processor.py:186} INFO - Started process (PID=320) to work on /opt/airflow/dags/zscore_stats_dag.py
[2025-05-03T01:11:29.514+0000] {processor.py:914} INFO - Processing file /opt/airflow/dags/zscore_stats_dag.py for tasks to queue
[2025-05-03T01:11:29.515+0000] {logging_mixin.py:190} INFO - [2025-05-03T01:11:29.515+0000] {dagbag.py:588} INFO - Filling up the DagBag from /opt/airflow/dags/zscore_stats_dag.py
[2025-05-03T01:11:29.640+0000] {processor.py:925} INFO - DAG(s) 'nba_zscore_dag' retrieved from /opt/airflow/dags/zscore_stats_dag.py
[2025-05-03T01:11:29.649+0000] {logging_mixin.py:190} INFO - [2025-05-03T01:11:29.648+0000] {dag.py:3239} INFO - Sync 1 DAGs
[2025-05-03T01:11:29.654+0000] {logging_mixin.py:190} INFO - [2025-05-03T01:11:29.654+0000] {dag.py:4180} INFO - Setting next_dagrun for nba_zscore_dag to None, run_after=None
[2025-05-03T01:11:29.662+0000] {processor.py:208} INFO - Processing /opt/airflow/dags/zscore_stats_dag.py took 0.155 seconds
[2025-05-03T01:12:00.129+0000] {processor.py:186} INFO - Started process (PID=325) to work on /opt/airflow/dags/zscore_stats_dag.py
[2025-05-03T01:12:00.129+0000] {processor.py:914} INFO - Processing file /opt/airflow/dags/zscore_stats_dag.py for tasks to queue
[2025-05-03T01:12:00.130+0000] {logging_mixin.py:190} INFO - [2025-05-03T01:12:00.130+0000] {dagbag.py:588} INFO - Filling up the DagBag from /opt/airflow/dags/zscore_stats_dag.py
[2025-05-03T01:12:00.238+0000] {processor.py:925} INFO - DAG(s) 'nba_zscore_dag' retrieved from /opt/airflow/dags/zscore_stats_dag.py
[2025-05-03T01:12:00.247+0000] {logging_mixin.py:190} INFO - [2025-05-03T01:12:00.247+0000] {dag.py:3239} INFO - Sync 1 DAGs
[2025-05-03T01:12:00.251+0000] {logging_mixin.py:190} INFO - [2025-05-03T01:12:00.251+0000] {dag.py:4180} INFO - Setting next_dagrun for nba_zscore_dag to None, run_after=None
[2025-05-03T01:12:00.257+0000] {processor.py:208} INFO - Processing /opt/airflow/dags/zscore_stats_dag.py took 0.132 seconds
[2025-05-03T01:32:16.063+0000] {processor.py:186} INFO - Started process (PID=330) to work on /opt/airflow/dags/zscore_stats_dag.py
[2025-05-03T01:32:16.064+0000] {processor.py:914} INFO - Processing file /opt/airflow/dags/zscore_stats_dag.py for tasks to queue
[2025-05-03T01:32:16.064+0000] {logging_mixin.py:190} INFO - [2025-05-03T01:32:16.064+0000] {dagbag.py:588} INFO - Filling up the DagBag from /opt/airflow/dags/zscore_stats_dag.py
[2025-05-03T01:32:16.175+0000] {processor.py:925} INFO - DAG(s) 'nba_zscore_dag' retrieved from /opt/airflow/dags/zscore_stats_dag.py
[2025-05-03T01:32:16.183+0000] {logging_mixin.py:190} INFO - [2025-05-03T01:32:16.183+0000] {dag.py:3239} INFO - Sync 1 DAGs
[2025-05-03T01:32:16.188+0000] {logging_mixin.py:190} INFO - [2025-05-03T01:32:16.188+0000] {dag.py:4180} INFO - Setting next_dagrun for nba_zscore_dag to None, run_after=None
[2025-05-03T01:32:16.195+0000] {processor.py:208} INFO - Processing /opt/airflow/dags/zscore_stats_dag.py took 0.135 seconds
[2025-05-03T01:32:46.718+0000] {processor.py:186} INFO - Started process (PID=335) to work on /opt/airflow/dags/zscore_stats_dag.py
[2025-05-03T01:32:46.719+0000] {processor.py:914} INFO - Processing file /opt/airflow/dags/zscore_stats_dag.py for tasks to queue
[2025-05-03T01:32:46.720+0000] {logging_mixin.py:190} INFO - [2025-05-03T01:32:46.720+0000] {dagbag.py:588} INFO - Filling up the DagBag from /opt/airflow/dags/zscore_stats_dag.py
[2025-05-03T01:32:46.833+0000] {processor.py:925} INFO - DAG(s) 'nba_zscore_dag' retrieved from /opt/airflow/dags/zscore_stats_dag.py
[2025-05-03T01:32:46.841+0000] {logging_mixin.py:190} INFO - [2025-05-03T01:32:46.840+0000] {dag.py:3239} INFO - Sync 1 DAGs
[2025-05-03T01:32:46.846+0000] {logging_mixin.py:190} INFO - [2025-05-03T01:32:46.846+0000] {dag.py:4180} INFO - Setting next_dagrun for nba_zscore_dag to None, run_after=None
[2025-05-03T01:32:46.854+0000] {processor.py:208} INFO - Processing /opt/airflow/dags/zscore_stats_dag.py took 0.141 seconds
[2025-05-03T01:33:17.353+0000] {processor.py:186} INFO - Started process (PID=340) to work on /opt/airflow/dags/zscore_stats_dag.py
[2025-05-03T01:33:17.354+0000] {processor.py:914} INFO - Processing file /opt/airflow/dags/zscore_stats_dag.py for tasks to queue
[2025-05-03T01:33:17.354+0000] {logging_mixin.py:190} INFO - [2025-05-03T01:33:17.354+0000] {dagbag.py:588} INFO - Filling up the DagBag from /opt/airflow/dags/zscore_stats_dag.py
[2025-05-03T01:33:17.477+0000] {processor.py:925} INFO - DAG(s) 'nba_zscore_dag' retrieved from /opt/airflow/dags/zscore_stats_dag.py
[2025-05-03T01:33:17.486+0000] {logging_mixin.py:190} INFO - [2025-05-03T01:33:17.486+0000] {dag.py:3239} INFO - Sync 1 DAGs
[2025-05-03T01:33:17.491+0000] {logging_mixin.py:190} INFO - [2025-05-03T01:33:17.491+0000] {dag.py:4180} INFO - Setting next_dagrun for nba_zscore_dag to None, run_after=None
[2025-05-03T01:33:17.500+0000] {processor.py:208} INFO - Processing /opt/airflow/dags/zscore_stats_dag.py took 0.150 seconds
[2025-05-03T01:33:48.002+0000] {processor.py:186} INFO - Started process (PID=345) to work on /opt/airflow/dags/zscore_stats_dag.py
[2025-05-03T01:33:48.003+0000] {processor.py:914} INFO - Processing file /opt/airflow/dags/zscore_stats_dag.py for tasks to queue
[2025-05-03T01:33:48.003+0000] {logging_mixin.py:190} INFO - [2025-05-03T01:33:48.003+0000] {dagbag.py:588} INFO - Filling up the DagBag from /opt/airflow/dags/zscore_stats_dag.py
[2025-05-03T01:33:48.117+0000] {processor.py:925} INFO - DAG(s) 'nba_zscore_dag' retrieved from /opt/airflow/dags/zscore_stats_dag.py
[2025-05-03T01:33:48.126+0000] {logging_mixin.py:190} INFO - [2025-05-03T01:33:48.126+0000] {dag.py:3239} INFO - Sync 1 DAGs
[2025-05-03T01:33:48.132+0000] {logging_mixin.py:190} INFO - [2025-05-03T01:33:48.131+0000] {dag.py:4180} INFO - Setting next_dagrun for nba_zscore_dag to None, run_after=None
[2025-05-03T01:33:48.138+0000] {processor.py:208} INFO - Processing /opt/airflow/dags/zscore_stats_dag.py took 0.139 seconds
[2025-05-03T01:34:18.685+0000] {processor.py:186} INFO - Started process (PID=350) to work on /opt/airflow/dags/zscore_stats_dag.py
[2025-05-03T01:34:18.690+0000] {processor.py:914} INFO - Processing file /opt/airflow/dags/zscore_stats_dag.py for tasks to queue
[2025-05-03T01:34:18.693+0000] {logging_mixin.py:190} INFO - [2025-05-03T01:34:18.692+0000] {dagbag.py:588} INFO - Filling up the DagBag from /opt/airflow/dags/zscore_stats_dag.py
[2025-05-03T01:34:18.818+0000] {processor.py:925} INFO - DAG(s) 'nba_zscore_dag' retrieved from /opt/airflow/dags/zscore_stats_dag.py
[2025-05-03T01:34:18.827+0000] {logging_mixin.py:190} INFO - [2025-05-03T01:34:18.827+0000] {dag.py:3239} INFO - Sync 1 DAGs
[2025-05-03T01:34:18.832+0000] {logging_mixin.py:190} INFO - [2025-05-03T01:34:18.832+0000] {dag.py:4180} INFO - Setting next_dagrun for nba_zscore_dag to None, run_after=None
[2025-05-03T01:34:18.838+0000] {processor.py:208} INFO - Processing /opt/airflow/dags/zscore_stats_dag.py took 0.163 seconds
[2025-05-03T01:34:49.480+0000] {processor.py:186} INFO - Started process (PID=355) to work on /opt/airflow/dags/zscore_stats_dag.py
[2025-05-03T01:34:49.482+0000] {processor.py:914} INFO - Processing file /opt/airflow/dags/zscore_stats_dag.py for tasks to queue
[2025-05-03T01:34:49.483+0000] {logging_mixin.py:190} INFO - [2025-05-03T01:34:49.482+0000] {dagbag.py:588} INFO - Filling up the DagBag from /opt/airflow/dags/zscore_stats_dag.py
[2025-05-03T01:34:49.609+0000] {processor.py:925} INFO - DAG(s) 'nba_zscore_dag' retrieved from /opt/airflow/dags/zscore_stats_dag.py
[2025-05-03T01:34:49.618+0000] {logging_mixin.py:190} INFO - [2025-05-03T01:34:49.617+0000] {dag.py:3239} INFO - Sync 1 DAGs
[2025-05-03T01:34:49.622+0000] {logging_mixin.py:190} INFO - [2025-05-03T01:34:49.622+0000] {dag.py:4180} INFO - Setting next_dagrun for nba_zscore_dag to None, run_after=None
[2025-05-03T01:34:49.628+0000] {processor.py:208} INFO - Processing /opt/airflow/dags/zscore_stats_dag.py took 0.155 seconds
[2025-05-03T01:35:20.245+0000] {processor.py:186} INFO - Started process (PID=360) to work on /opt/airflow/dags/zscore_stats_dag.py
[2025-05-03T01:35:20.247+0000] {processor.py:914} INFO - Processing file /opt/airflow/dags/zscore_stats_dag.py for tasks to queue
[2025-05-03T01:35:20.249+0000] {logging_mixin.py:190} INFO - [2025-05-03T01:35:20.248+0000] {dagbag.py:588} INFO - Filling up the DagBag from /opt/airflow/dags/zscore_stats_dag.py
[2025-05-03T01:35:20.378+0000] {processor.py:925} INFO - DAG(s) 'nba_zscore_dag' retrieved from /opt/airflow/dags/zscore_stats_dag.py
[2025-05-03T01:35:20.387+0000] {logging_mixin.py:190} INFO - [2025-05-03T01:35:20.387+0000] {dag.py:3239} INFO - Sync 1 DAGs
[2025-05-03T01:35:20.391+0000] {logging_mixin.py:190} INFO - [2025-05-03T01:35:20.391+0000] {dag.py:4180} INFO - Setting next_dagrun for nba_zscore_dag to None, run_after=None
[2025-05-03T01:35:20.399+0000] {processor.py:208} INFO - Processing /opt/airflow/dags/zscore_stats_dag.py took 0.162 seconds
[2025-05-03T01:35:50.912+0000] {processor.py:186} INFO - Started process (PID=365) to work on /opt/airflow/dags/zscore_stats_dag.py
[2025-05-03T01:35:50.913+0000] {processor.py:914} INFO - Processing file /opt/airflow/dags/zscore_stats_dag.py for tasks to queue
[2025-05-03T01:35:50.914+0000] {logging_mixin.py:190} INFO - [2025-05-03T01:35:50.914+0000] {dagbag.py:588} INFO - Filling up the DagBag from /opt/airflow/dags/zscore_stats_dag.py
[2025-05-03T01:35:51.033+0000] {processor.py:925} INFO - DAG(s) 'nba_zscore_dag' retrieved from /opt/airflow/dags/zscore_stats_dag.py
[2025-05-03T01:35:51.042+0000] {logging_mixin.py:190} INFO - [2025-05-03T01:35:51.041+0000] {dag.py:3239} INFO - Sync 1 DAGs
[2025-05-03T01:35:51.046+0000] {logging_mixin.py:190} INFO - [2025-05-03T01:35:51.046+0000] {dag.py:4180} INFO - Setting next_dagrun for nba_zscore_dag to None, run_after=None
[2025-05-03T01:35:51.054+0000] {processor.py:208} INFO - Processing /opt/airflow/dags/zscore_stats_dag.py took 0.146 seconds
[2025-05-03T01:36:21.682+0000] {processor.py:186} INFO - Started process (PID=370) to work on /opt/airflow/dags/zscore_stats_dag.py
[2025-05-03T01:36:21.683+0000] {processor.py:914} INFO - Processing file /opt/airflow/dags/zscore_stats_dag.py for tasks to queue
[2025-05-03T01:36:21.684+0000] {logging_mixin.py:190} INFO - [2025-05-03T01:36:21.684+0000] {dagbag.py:588} INFO - Filling up the DagBag from /opt/airflow/dags/zscore_stats_dag.py
[2025-05-03T01:36:21.806+0000] {processor.py:925} INFO - DAG(s) 'nba_zscore_dag' retrieved from /opt/airflow/dags/zscore_stats_dag.py
[2025-05-03T01:36:21.815+0000] {logging_mixin.py:190} INFO - [2025-05-03T01:36:21.814+0000] {dag.py:3239} INFO - Sync 1 DAGs
[2025-05-03T01:36:21.819+0000] {logging_mixin.py:190} INFO - [2025-05-03T01:36:21.819+0000] {dag.py:4180} INFO - Setting next_dagrun for nba_zscore_dag to None, run_after=None
[2025-05-03T01:36:21.827+0000] {processor.py:208} INFO - Processing /opt/airflow/dags/zscore_stats_dag.py took 0.152 seconds
[2025-05-03T01:36:52.310+0000] {processor.py:186} INFO - Started process (PID=375) to work on /opt/airflow/dags/zscore_stats_dag.py
[2025-05-03T01:36:52.311+0000] {processor.py:914} INFO - Processing file /opt/airflow/dags/zscore_stats_dag.py for tasks to queue
[2025-05-03T01:36:52.311+0000] {logging_mixin.py:190} INFO - [2025-05-03T01:36:52.311+0000] {dagbag.py:588} INFO - Filling up the DagBag from /opt/airflow/dags/zscore_stats_dag.py
[2025-05-03T01:36:52.453+0000] {processor.py:925} INFO - DAG(s) 'nba_zscore_dag' retrieved from /opt/airflow/dags/zscore_stats_dag.py
[2025-05-03T01:36:52.466+0000] {logging_mixin.py:190} INFO - [2025-05-03T01:36:52.466+0000] {dag.py:3239} INFO - Sync 1 DAGs
[2025-05-03T01:36:52.473+0000] {logging_mixin.py:190} INFO - [2025-05-03T01:36:52.473+0000] {dag.py:4180} INFO - Setting next_dagrun for nba_zscore_dag to None, run_after=None
[2025-05-03T01:36:52.481+0000] {processor.py:208} INFO - Processing /opt/airflow/dags/zscore_stats_dag.py took 0.175 seconds
[2025-05-03T01:37:23.013+0000] {processor.py:186} INFO - Started process (PID=380) to work on /opt/airflow/dags/zscore_stats_dag.py
[2025-05-03T01:37:23.014+0000] {processor.py:914} INFO - Processing file /opt/airflow/dags/zscore_stats_dag.py for tasks to queue
[2025-05-03T01:37:23.015+0000] {logging_mixin.py:190} INFO - [2025-05-03T01:37:23.014+0000] {dagbag.py:588} INFO - Filling up the DagBag from /opt/airflow/dags/zscore_stats_dag.py
[2025-05-03T01:37:23.147+0000] {processor.py:925} INFO - DAG(s) 'nba_zscore_dag' retrieved from /opt/airflow/dags/zscore_stats_dag.py
[2025-05-03T01:37:23.159+0000] {logging_mixin.py:190} INFO - [2025-05-03T01:37:23.159+0000] {dag.py:3239} INFO - Sync 1 DAGs
[2025-05-03T01:37:23.164+0000] {logging_mixin.py:190} INFO - [2025-05-03T01:37:23.164+0000] {dag.py:4180} INFO - Setting next_dagrun for nba_zscore_dag to None, run_after=None
[2025-05-03T01:37:23.175+0000] {processor.py:208} INFO - Processing /opt/airflow/dags/zscore_stats_dag.py took 0.167 seconds
[2025-05-03T01:37:53.694+0000] {processor.py:186} INFO - Started process (PID=385) to work on /opt/airflow/dags/zscore_stats_dag.py
[2025-05-03T01:37:53.694+0000] {processor.py:914} INFO - Processing file /opt/airflow/dags/zscore_stats_dag.py for tasks to queue
[2025-05-03T01:37:53.695+0000] {logging_mixin.py:190} INFO - [2025-05-03T01:37:53.695+0000] {dagbag.py:588} INFO - Filling up the DagBag from /opt/airflow/dags/zscore_stats_dag.py
[2025-05-03T01:37:53.845+0000] {processor.py:925} INFO - DAG(s) 'nba_zscore_dag' retrieved from /opt/airflow/dags/zscore_stats_dag.py
[2025-05-03T01:37:53.855+0000] {logging_mixin.py:190} INFO - [2025-05-03T01:37:53.855+0000] {dag.py:3239} INFO - Sync 1 DAGs
[2025-05-03T01:37:53.861+0000] {logging_mixin.py:190} INFO - [2025-05-03T01:37:53.861+0000] {dag.py:4180} INFO - Setting next_dagrun for nba_zscore_dag to None, run_after=None
[2025-05-03T01:37:53.872+0000] {processor.py:208} INFO - Processing /opt/airflow/dags/zscore_stats_dag.py took 0.182 seconds
[2025-05-03T01:38:24.362+0000] {processor.py:186} INFO - Started process (PID=390) to work on /opt/airflow/dags/zscore_stats_dag.py
[2025-05-03T01:38:24.363+0000] {processor.py:914} INFO - Processing file /opt/airflow/dags/zscore_stats_dag.py for tasks to queue
[2025-05-03T01:38:24.364+0000] {logging_mixin.py:190} INFO - [2025-05-03T01:38:24.364+0000] {dagbag.py:588} INFO - Filling up the DagBag from /opt/airflow/dags/zscore_stats_dag.py
[2025-05-03T01:38:24.480+0000] {processor.py:925} INFO - DAG(s) 'nba_zscore_dag' retrieved from /opt/airflow/dags/zscore_stats_dag.py
[2025-05-03T01:38:24.488+0000] {logging_mixin.py:190} INFO - [2025-05-03T01:38:24.488+0000] {dag.py:3239} INFO - Sync 1 DAGs
[2025-05-03T01:38:24.493+0000] {logging_mixin.py:190} INFO - [2025-05-03T01:38:24.493+0000] {dag.py:4180} INFO - Setting next_dagrun for nba_zscore_dag to None, run_after=None
[2025-05-03T01:38:24.499+0000] {processor.py:208} INFO - Processing /opt/airflow/dags/zscore_stats_dag.py took 0.144 seconds
[2025-05-03T01:38:55.046+0000] {processor.py:186} INFO - Started process (PID=395) to work on /opt/airflow/dags/zscore_stats_dag.py
[2025-05-03T01:38:55.046+0000] {processor.py:914} INFO - Processing file /opt/airflow/dags/zscore_stats_dag.py for tasks to queue
[2025-05-03T01:38:55.047+0000] {logging_mixin.py:190} INFO - [2025-05-03T01:38:55.047+0000] {dagbag.py:588} INFO - Filling up the DagBag from /opt/airflow/dags/zscore_stats_dag.py
[2025-05-03T01:38:55.180+0000] {processor.py:925} INFO - DAG(s) 'nba_zscore_dag' retrieved from /opt/airflow/dags/zscore_stats_dag.py
[2025-05-03T01:38:55.189+0000] {logging_mixin.py:190} INFO - [2025-05-03T01:38:55.189+0000] {dag.py:3239} INFO - Sync 1 DAGs
[2025-05-03T01:38:55.194+0000] {logging_mixin.py:190} INFO - [2025-05-03T01:38:55.194+0000] {dag.py:4180} INFO - Setting next_dagrun for nba_zscore_dag to None, run_after=None
[2025-05-03T01:38:55.205+0000] {processor.py:208} INFO - Processing /opt/airflow/dags/zscore_stats_dag.py took 0.162 seconds
[2025-05-03T01:39:25.646+0000] {processor.py:186} INFO - Started process (PID=400) to work on /opt/airflow/dags/zscore_stats_dag.py
[2025-05-03T01:39:25.647+0000] {processor.py:914} INFO - Processing file /opt/airflow/dags/zscore_stats_dag.py for tasks to queue
[2025-05-03T01:39:25.647+0000] {logging_mixin.py:190} INFO - [2025-05-03T01:39:25.647+0000] {dagbag.py:588} INFO - Filling up the DagBag from /opt/airflow/dags/zscore_stats_dag.py
[2025-05-03T01:39:25.759+0000] {processor.py:925} INFO - DAG(s) 'nba_zscore_dag' retrieved from /opt/airflow/dags/zscore_stats_dag.py
[2025-05-03T01:39:25.767+0000] {logging_mixin.py:190} INFO - [2025-05-03T01:39:25.767+0000] {dag.py:3239} INFO - Sync 1 DAGs
[2025-05-03T01:39:25.772+0000] {logging_mixin.py:190} INFO - [2025-05-03T01:39:25.772+0000] {dag.py:4180} INFO - Setting next_dagrun for nba_zscore_dag to None, run_after=None
[2025-05-03T01:39:25.778+0000] {processor.py:208} INFO - Processing /opt/airflow/dags/zscore_stats_dag.py took 0.136 seconds
[2025-05-03T01:39:56.138+0000] {processor.py:186} INFO - Started process (PID=405) to work on /opt/airflow/dags/zscore_stats_dag.py
[2025-05-03T01:39:56.138+0000] {processor.py:914} INFO - Processing file /opt/airflow/dags/zscore_stats_dag.py for tasks to queue
[2025-05-03T01:39:56.139+0000] {logging_mixin.py:190} INFO - [2025-05-03T01:39:56.139+0000] {dagbag.py:588} INFO - Filling up the DagBag from /opt/airflow/dags/zscore_stats_dag.py
[2025-05-03T01:39:56.251+0000] {processor.py:925} INFO - DAG(s) 'nba_zscore_dag' retrieved from /opt/airflow/dags/zscore_stats_dag.py
[2025-05-03T01:39:56.260+0000] {logging_mixin.py:190} INFO - [2025-05-03T01:39:56.260+0000] {dag.py:3239} INFO - Sync 1 DAGs
[2025-05-03T01:39:56.265+0000] {logging_mixin.py:190} INFO - [2025-05-03T01:39:56.264+0000] {dag.py:4180} INFO - Setting next_dagrun for nba_zscore_dag to None, run_after=None
[2025-05-03T01:39:56.271+0000] {processor.py:208} INFO - Processing /opt/airflow/dags/zscore_stats_dag.py took 0.138 seconds
[2025-05-03T01:40:26.819+0000] {processor.py:186} INFO - Started process (PID=410) to work on /opt/airflow/dags/zscore_stats_dag.py
[2025-05-03T01:40:26.820+0000] {processor.py:914} INFO - Processing file /opt/airflow/dags/zscore_stats_dag.py for tasks to queue
[2025-05-03T01:40:26.820+0000] {logging_mixin.py:190} INFO - [2025-05-03T01:40:26.820+0000] {dagbag.py:588} INFO - Filling up the DagBag from /opt/airflow/dags/zscore_stats_dag.py
[2025-05-03T01:40:26.960+0000] {processor.py:925} INFO - DAG(s) 'nba_zscore_dag' retrieved from /opt/airflow/dags/zscore_stats_dag.py
[2025-05-03T01:40:26.971+0000] {logging_mixin.py:190} INFO - [2025-05-03T01:40:26.971+0000] {dag.py:3239} INFO - Sync 1 DAGs
[2025-05-03T01:40:26.976+0000] {logging_mixin.py:190} INFO - [2025-05-03T01:40:26.976+0000] {dag.py:4180} INFO - Setting next_dagrun for nba_zscore_dag to None, run_after=None
[2025-05-03T01:40:26.984+0000] {processor.py:208} INFO - Processing /opt/airflow/dags/zscore_stats_dag.py took 0.169 seconds
[2025-05-03T01:40:57.461+0000] {processor.py:186} INFO - Started process (PID=415) to work on /opt/airflow/dags/zscore_stats_dag.py
[2025-05-03T01:40:57.462+0000] {processor.py:914} INFO - Processing file /opt/airflow/dags/zscore_stats_dag.py for tasks to queue
[2025-05-03T01:40:57.464+0000] {logging_mixin.py:190} INFO - [2025-05-03T01:40:57.463+0000] {dagbag.py:588} INFO - Filling up the DagBag from /opt/airflow/dags/zscore_stats_dag.py
[2025-05-03T01:40:57.588+0000] {processor.py:925} INFO - DAG(s) 'nba_zscore_dag' retrieved from /opt/airflow/dags/zscore_stats_dag.py
[2025-05-03T01:40:57.596+0000] {logging_mixin.py:190} INFO - [2025-05-03T01:40:57.596+0000] {dag.py:3239} INFO - Sync 1 DAGs
[2025-05-03T01:40:57.601+0000] {logging_mixin.py:190} INFO - [2025-05-03T01:40:57.601+0000] {dag.py:4180} INFO - Setting next_dagrun for nba_zscore_dag to None, run_after=None
[2025-05-03T01:40:57.607+0000] {processor.py:208} INFO - Processing /opt/airflow/dags/zscore_stats_dag.py took 0.152 seconds
[2025-05-03T01:41:28.155+0000] {processor.py:186} INFO - Started process (PID=420) to work on /opt/airflow/dags/zscore_stats_dag.py
[2025-05-03T01:41:28.157+0000] {processor.py:914} INFO - Processing file /opt/airflow/dags/zscore_stats_dag.py for tasks to queue
[2025-05-03T01:41:28.159+0000] {logging_mixin.py:190} INFO - [2025-05-03T01:41:28.158+0000] {dagbag.py:588} INFO - Filling up the DagBag from /opt/airflow/dags/zscore_stats_dag.py
[2025-05-03T01:41:28.283+0000] {processor.py:925} INFO - DAG(s) 'nba_zscore_dag' retrieved from /opt/airflow/dags/zscore_stats_dag.py
[2025-05-03T01:41:28.291+0000] {logging_mixin.py:190} INFO - [2025-05-03T01:41:28.291+0000] {dag.py:3239} INFO - Sync 1 DAGs
[2025-05-03T01:41:28.296+0000] {logging_mixin.py:190} INFO - [2025-05-03T01:41:28.296+0000] {dag.py:4180} INFO - Setting next_dagrun for nba_zscore_dag to None, run_after=None
[2025-05-03T01:41:28.303+0000] {processor.py:208} INFO - Processing /opt/airflow/dags/zscore_stats_dag.py took 0.155 seconds
[2025-05-03T01:41:58.953+0000] {processor.py:186} INFO - Started process (PID=425) to work on /opt/airflow/dags/zscore_stats_dag.py
[2025-05-03T01:41:58.953+0000] {processor.py:914} INFO - Processing file /opt/airflow/dags/zscore_stats_dag.py for tasks to queue
[2025-05-03T01:41:58.954+0000] {logging_mixin.py:190} INFO - [2025-05-03T01:41:58.954+0000] {dagbag.py:588} INFO - Filling up the DagBag from /opt/airflow/dags/zscore_stats_dag.py
[2025-05-03T01:41:59.067+0000] {processor.py:925} INFO - DAG(s) 'nba_zscore_dag' retrieved from /opt/airflow/dags/zscore_stats_dag.py
[2025-05-03T01:41:59.074+0000] {logging_mixin.py:190} INFO - [2025-05-03T01:41:59.074+0000] {dag.py:3239} INFO - Sync 1 DAGs
[2025-05-03T01:41:59.079+0000] {logging_mixin.py:190} INFO - [2025-05-03T01:41:59.079+0000] {dag.py:4180} INFO - Setting next_dagrun for nba_zscore_dag to None, run_after=None
[2025-05-03T01:41:59.086+0000] {processor.py:208} INFO - Processing /opt/airflow/dags/zscore_stats_dag.py took 0.140 seconds
[2025-05-03T01:42:29.630+0000] {processor.py:186} INFO - Started process (PID=430) to work on /opt/airflow/dags/zscore_stats_dag.py
[2025-05-03T01:42:29.632+0000] {processor.py:914} INFO - Processing file /opt/airflow/dags/zscore_stats_dag.py for tasks to queue
[2025-05-03T01:42:29.632+0000] {logging_mixin.py:190} INFO - [2025-05-03T01:42:29.632+0000] {dagbag.py:588} INFO - Filling up the DagBag from /opt/airflow/dags/zscore_stats_dag.py
[2025-05-03T01:42:29.749+0000] {processor.py:925} INFO - DAG(s) 'nba_zscore_dag' retrieved from /opt/airflow/dags/zscore_stats_dag.py
[2025-05-03T01:42:29.757+0000] {logging_mixin.py:190} INFO - [2025-05-03T01:42:29.757+0000] {dag.py:3239} INFO - Sync 1 DAGs
[2025-05-03T01:42:29.762+0000] {logging_mixin.py:190} INFO - [2025-05-03T01:42:29.762+0000] {dag.py:4180} INFO - Setting next_dagrun for nba_zscore_dag to None, run_after=None
[2025-05-03T01:42:29.769+0000] {processor.py:208} INFO - Processing /opt/airflow/dags/zscore_stats_dag.py took 0.142 seconds
[2025-05-03T01:43:00.219+0000] {processor.py:186} INFO - Started process (PID=435) to work on /opt/airflow/dags/zscore_stats_dag.py
[2025-05-03T01:43:00.219+0000] {processor.py:914} INFO - Processing file /opt/airflow/dags/zscore_stats_dag.py for tasks to queue
[2025-05-03T01:43:00.220+0000] {logging_mixin.py:190} INFO - [2025-05-03T01:43:00.220+0000] {dagbag.py:588} INFO - Filling up the DagBag from /opt/airflow/dags/zscore_stats_dag.py
[2025-05-03T01:43:00.339+0000] {processor.py:925} INFO - DAG(s) 'nba_zscore_dag' retrieved from /opt/airflow/dags/zscore_stats_dag.py
[2025-05-03T01:43:00.348+0000] {logging_mixin.py:190} INFO - [2025-05-03T01:43:00.348+0000] {dag.py:3239} INFO - Sync 1 DAGs
[2025-05-03T01:43:00.353+0000] {logging_mixin.py:190} INFO - [2025-05-03T01:43:00.353+0000] {dag.py:4180} INFO - Setting next_dagrun for nba_zscore_dag to None, run_after=None
[2025-05-03T01:43:00.362+0000] {processor.py:208} INFO - Processing /opt/airflow/dags/zscore_stats_dag.py took 0.146 seconds
[2025-05-03T01:43:31.048+0000] {processor.py:186} INFO - Started process (PID=440) to work on /opt/airflow/dags/zscore_stats_dag.py
[2025-05-03T01:43:31.051+0000] {processor.py:914} INFO - Processing file /opt/airflow/dags/zscore_stats_dag.py for tasks to queue
[2025-05-03T01:43:31.052+0000] {logging_mixin.py:190} INFO - [2025-05-03T01:43:31.051+0000] {dagbag.py:588} INFO - Filling up the DagBag from /opt/airflow/dags/zscore_stats_dag.py
[2025-05-03T01:43:31.171+0000] {processor.py:925} INFO - DAG(s) 'nba_zscore_dag' retrieved from /opt/airflow/dags/zscore_stats_dag.py
[2025-05-03T01:43:31.179+0000] {logging_mixin.py:190} INFO - [2025-05-03T01:43:31.179+0000] {dag.py:3239} INFO - Sync 1 DAGs
[2025-05-03T01:43:31.183+0000] {logging_mixin.py:190} INFO - [2025-05-03T01:43:31.183+0000] {dag.py:4180} INFO - Setting next_dagrun for nba_zscore_dag to None, run_after=None
[2025-05-03T01:43:31.190+0000] {processor.py:208} INFO - Processing /opt/airflow/dags/zscore_stats_dag.py took 0.151 seconds
[2025-05-03T01:44:01.807+0000] {processor.py:186} INFO - Started process (PID=445) to work on /opt/airflow/dags/zscore_stats_dag.py
[2025-05-03T01:44:01.808+0000] {processor.py:914} INFO - Processing file /opt/airflow/dags/zscore_stats_dag.py for tasks to queue
[2025-05-03T01:44:01.809+0000] {logging_mixin.py:190} INFO - [2025-05-03T01:44:01.808+0000] {dagbag.py:588} INFO - Filling up the DagBag from /opt/airflow/dags/zscore_stats_dag.py
[2025-05-03T01:44:01.936+0000] {processor.py:925} INFO - DAG(s) 'nba_zscore_dag' retrieved from /opt/airflow/dags/zscore_stats_dag.py
[2025-05-03T01:44:01.943+0000] {logging_mixin.py:190} INFO - [2025-05-03T01:44:01.943+0000] {dag.py:3239} INFO - Sync 1 DAGs
[2025-05-03T01:44:01.948+0000] {logging_mixin.py:190} INFO - [2025-05-03T01:44:01.948+0000] {dag.py:4180} INFO - Setting next_dagrun for nba_zscore_dag to None, run_after=None
[2025-05-03T01:44:01.954+0000] {processor.py:208} INFO - Processing /opt/airflow/dags/zscore_stats_dag.py took 0.154 seconds
[2025-05-03T01:44:32.544+0000] {processor.py:186} INFO - Started process (PID=450) to work on /opt/airflow/dags/zscore_stats_dag.py
[2025-05-03T01:44:32.545+0000] {processor.py:914} INFO - Processing file /opt/airflow/dags/zscore_stats_dag.py for tasks to queue
[2025-05-03T01:44:32.546+0000] {logging_mixin.py:190} INFO - [2025-05-03T01:44:32.546+0000] {dagbag.py:588} INFO - Filling up the DagBag from /opt/airflow/dags/zscore_stats_dag.py
[2025-05-03T01:44:32.662+0000] {processor.py:925} INFO - DAG(s) 'nba_zscore_dag' retrieved from /opt/airflow/dags/zscore_stats_dag.py
[2025-05-03T01:44:32.670+0000] {logging_mixin.py:190} INFO - [2025-05-03T01:44:32.670+0000] {dag.py:3239} INFO - Sync 1 DAGs
[2025-05-03T01:44:32.675+0000] {logging_mixin.py:190} INFO - [2025-05-03T01:44:32.675+0000] {dag.py:4180} INFO - Setting next_dagrun for nba_zscore_dag to None, run_after=None
[2025-05-03T01:44:32.682+0000] {processor.py:208} INFO - Processing /opt/airflow/dags/zscore_stats_dag.py took 0.144 seconds
[2025-05-03T01:45:03.174+0000] {processor.py:186} INFO - Started process (PID=455) to work on /opt/airflow/dags/zscore_stats_dag.py
[2025-05-03T01:45:03.174+0000] {processor.py:914} INFO - Processing file /opt/airflow/dags/zscore_stats_dag.py for tasks to queue
[2025-05-03T01:45:03.176+0000] {logging_mixin.py:190} INFO - [2025-05-03T01:45:03.176+0000] {dagbag.py:588} INFO - Filling up the DagBag from /opt/airflow/dags/zscore_stats_dag.py
[2025-05-03T01:45:03.295+0000] {processor.py:925} INFO - DAG(s) 'nba_zscore_dag' retrieved from /opt/airflow/dags/zscore_stats_dag.py
[2025-05-03T01:45:03.303+0000] {logging_mixin.py:190} INFO - [2025-05-03T01:45:03.303+0000] {dag.py:3239} INFO - Sync 1 DAGs
[2025-05-03T01:45:03.308+0000] {logging_mixin.py:190} INFO - [2025-05-03T01:45:03.308+0000] {dag.py:4180} INFO - Setting next_dagrun for nba_zscore_dag to None, run_after=None
[2025-05-03T01:45:03.315+0000] {processor.py:208} INFO - Processing /opt/airflow/dags/zscore_stats_dag.py took 0.147 seconds
[2025-05-03T01:45:33.741+0000] {processor.py:186} INFO - Started process (PID=460) to work on /opt/airflow/dags/zscore_stats_dag.py
[2025-05-03T01:45:33.742+0000] {processor.py:914} INFO - Processing file /opt/airflow/dags/zscore_stats_dag.py for tasks to queue
[2025-05-03T01:45:33.742+0000] {logging_mixin.py:190} INFO - [2025-05-03T01:45:33.742+0000] {dagbag.py:588} INFO - Filling up the DagBag from /opt/airflow/dags/zscore_stats_dag.py
[2025-05-03T01:45:33.871+0000] {processor.py:925} INFO - DAG(s) 'nba_zscore_dag' retrieved from /opt/airflow/dags/zscore_stats_dag.py
[2025-05-03T01:45:33.880+0000] {logging_mixin.py:190} INFO - [2025-05-03T01:45:33.880+0000] {dag.py:3239} INFO - Sync 1 DAGs
[2025-05-03T01:45:33.886+0000] {logging_mixin.py:190} INFO - [2025-05-03T01:45:33.886+0000] {dag.py:4180} INFO - Setting next_dagrun for nba_zscore_dag to None, run_after=None
[2025-05-03T01:45:33.895+0000] {processor.py:208} INFO - Processing /opt/airflow/dags/zscore_stats_dag.py took 0.157 seconds
[2025-05-03T01:46:04.565+0000] {processor.py:186} INFO - Started process (PID=465) to work on /opt/airflow/dags/zscore_stats_dag.py
[2025-05-03T01:46:04.567+0000] {processor.py:914} INFO - Processing file /opt/airflow/dags/zscore_stats_dag.py for tasks to queue
[2025-05-03T01:46:04.568+0000] {logging_mixin.py:190} INFO - [2025-05-03T01:46:04.567+0000] {dagbag.py:588} INFO - Filling up the DagBag from /opt/airflow/dags/zscore_stats_dag.py
[2025-05-03T01:46:04.690+0000] {processor.py:925} INFO - DAG(s) 'nba_zscore_dag' retrieved from /opt/airflow/dags/zscore_stats_dag.py
[2025-05-03T01:46:04.699+0000] {logging_mixin.py:190} INFO - [2025-05-03T01:46:04.698+0000] {dag.py:3239} INFO - Sync 1 DAGs
[2025-05-03T01:46:04.704+0000] {logging_mixin.py:190} INFO - [2025-05-03T01:46:04.704+0000] {dag.py:4180} INFO - Setting next_dagrun for nba_zscore_dag to None, run_after=None
[2025-05-03T01:46:04.712+0000] {processor.py:208} INFO - Processing /opt/airflow/dags/zscore_stats_dag.py took 0.153 seconds
[2025-05-03T01:46:35.250+0000] {processor.py:186} INFO - Started process (PID=470) to work on /opt/airflow/dags/zscore_stats_dag.py
[2025-05-03T01:46:35.251+0000] {processor.py:914} INFO - Processing file /opt/airflow/dags/zscore_stats_dag.py for tasks to queue
[2025-05-03T01:46:35.251+0000] {logging_mixin.py:190} INFO - [2025-05-03T01:46:35.251+0000] {dagbag.py:588} INFO - Filling up the DagBag from /opt/airflow/dags/zscore_stats_dag.py
[2025-05-03T01:46:35.380+0000] {processor.py:925} INFO - DAG(s) 'nba_zscore_dag' retrieved from /opt/airflow/dags/zscore_stats_dag.py
[2025-05-03T01:46:35.390+0000] {logging_mixin.py:190} INFO - [2025-05-03T01:46:35.390+0000] {dag.py:3239} INFO - Sync 1 DAGs
[2025-05-03T01:46:35.395+0000] {logging_mixin.py:190} INFO - [2025-05-03T01:46:35.395+0000] {dag.py:4180} INFO - Setting next_dagrun for nba_zscore_dag to None, run_after=None
[2025-05-03T01:46:35.402+0000] {processor.py:208} INFO - Processing /opt/airflow/dags/zscore_stats_dag.py took 0.156 seconds
[2025-05-03T01:47:06.051+0000] {processor.py:186} INFO - Started process (PID=475) to work on /opt/airflow/dags/zscore_stats_dag.py
[2025-05-03T01:47:06.052+0000] {processor.py:914} INFO - Processing file /opt/airflow/dags/zscore_stats_dag.py for tasks to queue
[2025-05-03T01:47:06.052+0000] {logging_mixin.py:190} INFO - [2025-05-03T01:47:06.052+0000] {dagbag.py:588} INFO - Filling up the DagBag from /opt/airflow/dags/zscore_stats_dag.py
[2025-05-03T01:47:06.166+0000] {processor.py:925} INFO - DAG(s) 'nba_zscore_dag' retrieved from /opt/airflow/dags/zscore_stats_dag.py
[2025-05-03T01:47:06.174+0000] {logging_mixin.py:190} INFO - [2025-05-03T01:47:06.174+0000] {dag.py:3239} INFO - Sync 1 DAGs
[2025-05-03T01:47:06.179+0000] {logging_mixin.py:190} INFO - [2025-05-03T01:47:06.179+0000] {dag.py:4180} INFO - Setting next_dagrun for nba_zscore_dag to None, run_after=None
[2025-05-03T01:47:06.185+0000] {processor.py:208} INFO - Processing /opt/airflow/dags/zscore_stats_dag.py took 0.138 seconds
[2025-05-03T01:47:36.593+0000] {processor.py:186} INFO - Started process (PID=480) to work on /opt/airflow/dags/zscore_stats_dag.py
[2025-05-03T01:47:36.594+0000] {processor.py:914} INFO - Processing file /opt/airflow/dags/zscore_stats_dag.py for tasks to queue
[2025-05-03T01:47:36.594+0000] {logging_mixin.py:190} INFO - [2025-05-03T01:47:36.594+0000] {dagbag.py:588} INFO - Filling up the DagBag from /opt/airflow/dags/zscore_stats_dag.py
[2025-05-03T01:47:36.723+0000] {processor.py:925} INFO - DAG(s) 'nba_zscore_dag' retrieved from /opt/airflow/dags/zscore_stats_dag.py
[2025-05-03T01:47:36.734+0000] {logging_mixin.py:190} INFO - [2025-05-03T01:47:36.733+0000] {dag.py:3239} INFO - Sync 1 DAGs
[2025-05-03T01:47:36.740+0000] {logging_mixin.py:190} INFO - [2025-05-03T01:47:36.740+0000] {dag.py:4180} INFO - Setting next_dagrun for nba_zscore_dag to None, run_after=None
[2025-05-03T01:47:36.748+0000] {processor.py:208} INFO - Processing /opt/airflow/dags/zscore_stats_dag.py took 0.159 seconds
[2025-05-03T01:48:07.227+0000] {processor.py:186} INFO - Started process (PID=485) to work on /opt/airflow/dags/zscore_stats_dag.py
[2025-05-03T01:48:07.228+0000] {processor.py:914} INFO - Processing file /opt/airflow/dags/zscore_stats_dag.py for tasks to queue
[2025-05-03T01:48:07.228+0000] {logging_mixin.py:190} INFO - [2025-05-03T01:48:07.228+0000] {dagbag.py:588} INFO - Filling up the DagBag from /opt/airflow/dags/zscore_stats_dag.py
[2025-05-03T01:48:07.341+0000] {processor.py:925} INFO - DAG(s) 'nba_zscore_dag' retrieved from /opt/airflow/dags/zscore_stats_dag.py
[2025-05-03T01:48:07.349+0000] {logging_mixin.py:190} INFO - [2025-05-03T01:48:07.349+0000] {dag.py:3239} INFO - Sync 1 DAGs
[2025-05-03T01:48:07.354+0000] {logging_mixin.py:190} INFO - [2025-05-03T01:48:07.354+0000] {dag.py:4180} INFO - Setting next_dagrun for nba_zscore_dag to None, run_after=None
[2025-05-03T01:48:07.360+0000] {processor.py:208} INFO - Processing /opt/airflow/dags/zscore_stats_dag.py took 0.137 seconds
[2025-05-03T01:48:37.765+0000] {processor.py:186} INFO - Started process (PID=490) to work on /opt/airflow/dags/zscore_stats_dag.py
[2025-05-03T01:48:37.766+0000] {processor.py:914} INFO - Processing file /opt/airflow/dags/zscore_stats_dag.py for tasks to queue
[2025-05-03T01:48:37.767+0000] {logging_mixin.py:190} INFO - [2025-05-03T01:48:37.767+0000] {dagbag.py:588} INFO - Filling up the DagBag from /opt/airflow/dags/zscore_stats_dag.py
[2025-05-03T01:48:37.909+0000] {processor.py:925} INFO - DAG(s) 'nba_zscore_dag' retrieved from /opt/airflow/dags/zscore_stats_dag.py
[2025-05-03T01:48:37.918+0000] {logging_mixin.py:190} INFO - [2025-05-03T01:48:37.918+0000] {dag.py:3239} INFO - Sync 1 DAGs
[2025-05-03T01:48:37.923+0000] {logging_mixin.py:190} INFO - [2025-05-03T01:48:37.923+0000] {dag.py:4180} INFO - Setting next_dagrun for nba_zscore_dag to None, run_after=None
[2025-05-03T01:48:37.929+0000] {processor.py:208} INFO - Processing /opt/airflow/dags/zscore_stats_dag.py took 0.172 seconds
[2025-05-03T01:49:08.437+0000] {processor.py:186} INFO - Started process (PID=495) to work on /opt/airflow/dags/zscore_stats_dag.py
[2025-05-03T01:49:08.438+0000] {processor.py:914} INFO - Processing file /opt/airflow/dags/zscore_stats_dag.py for tasks to queue
[2025-05-03T01:49:08.439+0000] {logging_mixin.py:190} INFO - [2025-05-03T01:49:08.439+0000] {dagbag.py:588} INFO - Filling up the DagBag from /opt/airflow/dags/zscore_stats_dag.py
[2025-05-03T01:49:08.554+0000] {processor.py:925} INFO - DAG(s) 'nba_zscore_dag' retrieved from /opt/airflow/dags/zscore_stats_dag.py
[2025-05-03T01:49:08.562+0000] {logging_mixin.py:190} INFO - [2025-05-03T01:49:08.562+0000] {dag.py:3239} INFO - Sync 1 DAGs
[2025-05-03T01:49:08.566+0000] {logging_mixin.py:190} INFO - [2025-05-03T01:49:08.566+0000] {dag.py:4180} INFO - Setting next_dagrun for nba_zscore_dag to None, run_after=None
[2025-05-03T01:49:08.573+0000] {processor.py:208} INFO - Processing /opt/airflow/dags/zscore_stats_dag.py took 0.141 seconds
[2025-05-03T01:49:39.140+0000] {processor.py:186} INFO - Started process (PID=500) to work on /opt/airflow/dags/zscore_stats_dag.py
[2025-05-03T01:49:39.141+0000] {processor.py:914} INFO - Processing file /opt/airflow/dags/zscore_stats_dag.py for tasks to queue
[2025-05-03T01:49:39.142+0000] {logging_mixin.py:190} INFO - [2025-05-03T01:49:39.142+0000] {dagbag.py:588} INFO - Filling up the DagBag from /opt/airflow/dags/zscore_stats_dag.py
[2025-05-03T01:49:39.257+0000] {processor.py:925} INFO - DAG(s) 'nba_zscore_dag' retrieved from /opt/airflow/dags/zscore_stats_dag.py
[2025-05-03T01:49:39.265+0000] {logging_mixin.py:190} INFO - [2025-05-03T01:49:39.264+0000] {dag.py:3239} INFO - Sync 1 DAGs
[2025-05-03T01:49:39.269+0000] {logging_mixin.py:190} INFO - [2025-05-03T01:49:39.269+0000] {dag.py:4180} INFO - Setting next_dagrun for nba_zscore_dag to None, run_after=None
[2025-05-03T01:49:39.275+0000] {processor.py:208} INFO - Processing /opt/airflow/dags/zscore_stats_dag.py took 0.142 seconds
[2025-05-03T01:50:09.854+0000] {processor.py:186} INFO - Started process (PID=505) to work on /opt/airflow/dags/zscore_stats_dag.py
[2025-05-03T01:50:09.856+0000] {processor.py:914} INFO - Processing file /opt/airflow/dags/zscore_stats_dag.py for tasks to queue
[2025-05-03T01:50:09.857+0000] {logging_mixin.py:190} INFO - [2025-05-03T01:50:09.857+0000] {dagbag.py:588} INFO - Filling up the DagBag from /opt/airflow/dags/zscore_stats_dag.py
[2025-05-03T01:50:09.997+0000] {processor.py:925} INFO - DAG(s) 'nba_zscore_dag' retrieved from /opt/airflow/dags/zscore_stats_dag.py
[2025-05-03T01:50:10.006+0000] {logging_mixin.py:190} INFO - [2025-05-03T01:50:10.006+0000] {dag.py:3239} INFO - Sync 1 DAGs
[2025-05-03T01:50:10.011+0000] {logging_mixin.py:190} INFO - [2025-05-03T01:50:10.011+0000] {dag.py:4180} INFO - Setting next_dagrun for nba_zscore_dag to None, run_after=None
[2025-05-03T01:50:10.018+0000] {processor.py:208} INFO - Processing /opt/airflow/dags/zscore_stats_dag.py took 0.174 seconds
[2025-05-03T01:50:40.593+0000] {processor.py:186} INFO - Started process (PID=510) to work on /opt/airflow/dags/zscore_stats_dag.py
[2025-05-03T01:50:40.594+0000] {processor.py:914} INFO - Processing file /opt/airflow/dags/zscore_stats_dag.py for tasks to queue
[2025-05-03T01:50:40.596+0000] {logging_mixin.py:190} INFO - [2025-05-03T01:50:40.595+0000] {dagbag.py:588} INFO - Filling up the DagBag from /opt/airflow/dags/zscore_stats_dag.py
[2025-05-03T01:50:40.716+0000] {processor.py:925} INFO - DAG(s) 'nba_zscore_dag' retrieved from /opt/airflow/dags/zscore_stats_dag.py
[2025-05-03T01:50:40.724+0000] {logging_mixin.py:190} INFO - [2025-05-03T01:50:40.724+0000] {dag.py:3239} INFO - Sync 1 DAGs
[2025-05-03T01:50:40.730+0000] {logging_mixin.py:190} INFO - [2025-05-03T01:50:40.729+0000] {dag.py:4180} INFO - Setting next_dagrun for nba_zscore_dag to None, run_after=None
[2025-05-03T01:50:40.736+0000] {processor.py:208} INFO - Processing /opt/airflow/dags/zscore_stats_dag.py took 0.151 seconds
[2025-05-03T01:51:11.329+0000] {processor.py:186} INFO - Started process (PID=515) to work on /opt/airflow/dags/zscore_stats_dag.py
[2025-05-03T01:51:11.330+0000] {processor.py:914} INFO - Processing file /opt/airflow/dags/zscore_stats_dag.py for tasks to queue
[2025-05-03T01:51:11.332+0000] {logging_mixin.py:190} INFO - [2025-05-03T01:51:11.331+0000] {dagbag.py:588} INFO - Filling up the DagBag from /opt/airflow/dags/zscore_stats_dag.py
[2025-05-03T01:51:11.448+0000] {processor.py:925} INFO - DAG(s) 'nba_zscore_dag' retrieved from /opt/airflow/dags/zscore_stats_dag.py
[2025-05-03T01:51:11.457+0000] {logging_mixin.py:190} INFO - [2025-05-03T01:51:11.457+0000] {dag.py:3239} INFO - Sync 1 DAGs
[2025-05-03T01:51:11.461+0000] {logging_mixin.py:190} INFO - [2025-05-03T01:51:11.461+0000] {dag.py:4180} INFO - Setting next_dagrun for nba_zscore_dag to None, run_after=None
[2025-05-03T01:51:11.468+0000] {processor.py:208} INFO - Processing /opt/airflow/dags/zscore_stats_dag.py took 0.148 seconds
[2025-05-03T01:51:42.031+0000] {processor.py:186} INFO - Started process (PID=520) to work on /opt/airflow/dags/zscore_stats_dag.py
[2025-05-03T01:51:42.031+0000] {processor.py:914} INFO - Processing file /opt/airflow/dags/zscore_stats_dag.py for tasks to queue
[2025-05-03T01:51:42.032+0000] {logging_mixin.py:190} INFO - [2025-05-03T01:51:42.032+0000] {dagbag.py:588} INFO - Filling up the DagBag from /opt/airflow/dags/zscore_stats_dag.py
[2025-05-03T01:51:42.170+0000] {processor.py:925} INFO - DAG(s) 'nba_zscore_dag' retrieved from /opt/airflow/dags/zscore_stats_dag.py
[2025-05-03T01:51:42.180+0000] {logging_mixin.py:190} INFO - [2025-05-03T01:51:42.180+0000] {dag.py:3239} INFO - Sync 1 DAGs
[2025-05-03T01:51:42.187+0000] {logging_mixin.py:190} INFO - [2025-05-03T01:51:42.186+0000] {dag.py:4180} INFO - Setting next_dagrun for nba_zscore_dag to None, run_after=None
[2025-05-03T01:51:42.197+0000] {processor.py:208} INFO - Processing /opt/airflow/dags/zscore_stats_dag.py took 0.170 seconds
[2025-05-03T01:52:12.776+0000] {processor.py:186} INFO - Started process (PID=525) to work on /opt/airflow/dags/zscore_stats_dag.py
[2025-05-03T01:52:12.777+0000] {processor.py:914} INFO - Processing file /opt/airflow/dags/zscore_stats_dag.py for tasks to queue
[2025-05-03T01:52:12.778+0000] {logging_mixin.py:190} INFO - [2025-05-03T01:52:12.778+0000] {dagbag.py:588} INFO - Filling up the DagBag from /opt/airflow/dags/zscore_stats_dag.py
[2025-05-03T01:52:12.890+0000] {processor.py:925} INFO - DAG(s) 'nba_zscore_dag' retrieved from /opt/airflow/dags/zscore_stats_dag.py
[2025-05-03T01:52:12.898+0000] {logging_mixin.py:190} INFO - [2025-05-03T01:52:12.898+0000] {dag.py:3239} INFO - Sync 1 DAGs
[2025-05-03T01:52:12.902+0000] {logging_mixin.py:190} INFO - [2025-05-03T01:52:12.902+0000] {dag.py:4180} INFO - Setting next_dagrun for nba_zscore_dag to None, run_after=None
[2025-05-03T01:52:12.908+0000] {processor.py:208} INFO - Processing /opt/airflow/dags/zscore_stats_dag.py took 0.137 seconds
[2025-05-03T01:52:43.364+0000] {processor.py:186} INFO - Started process (PID=530) to work on /opt/airflow/dags/zscore_stats_dag.py
[2025-05-03T01:52:43.364+0000] {processor.py:914} INFO - Processing file /opt/airflow/dags/zscore_stats_dag.py for tasks to queue
[2025-05-03T01:52:43.365+0000] {logging_mixin.py:190} INFO - [2025-05-03T01:52:43.365+0000] {dagbag.py:588} INFO - Filling up the DagBag from /opt/airflow/dags/zscore_stats_dag.py
[2025-05-03T01:52:43.495+0000] {processor.py:925} INFO - DAG(s) 'nba_zscore_dag' retrieved from /opt/airflow/dags/zscore_stats_dag.py
[2025-05-03T01:52:43.505+0000] {logging_mixin.py:190} INFO - [2025-05-03T01:52:43.505+0000] {dag.py:3239} INFO - Sync 1 DAGs
[2025-05-03T01:52:43.511+0000] {logging_mixin.py:190} INFO - [2025-05-03T01:52:43.511+0000] {dag.py:4180} INFO - Setting next_dagrun for nba_zscore_dag to None, run_after=None
[2025-05-03T01:52:43.521+0000] {processor.py:208} INFO - Processing /opt/airflow/dags/zscore_stats_dag.py took 0.161 seconds
[2025-05-03T01:53:14.037+0000] {processor.py:186} INFO - Started process (PID=535) to work on /opt/airflow/dags/zscore_stats_dag.py
[2025-05-03T01:53:14.039+0000] {processor.py:914} INFO - Processing file /opt/airflow/dags/zscore_stats_dag.py for tasks to queue
[2025-05-03T01:53:14.040+0000] {logging_mixin.py:190} INFO - [2025-05-03T01:53:14.040+0000] {dagbag.py:588} INFO - Filling up the DagBag from /opt/airflow/dags/zscore_stats_dag.py
[2025-05-03T01:53:14.165+0000] {processor.py:925} INFO - DAG(s) 'nba_zscore_dag' retrieved from /opt/airflow/dags/zscore_stats_dag.py
[2025-05-03T01:53:14.174+0000] {logging_mixin.py:190} INFO - [2025-05-03T01:53:14.174+0000] {dag.py:3239} INFO - Sync 1 DAGs
[2025-05-03T01:53:14.179+0000] {logging_mixin.py:190} INFO - [2025-05-03T01:53:14.179+0000] {dag.py:4180} INFO - Setting next_dagrun for nba_zscore_dag to None, run_after=None
[2025-05-03T01:53:14.187+0000] {processor.py:208} INFO - Processing /opt/airflow/dags/zscore_stats_dag.py took 0.153 seconds
[2025-05-03T01:53:44.714+0000] {processor.py:186} INFO - Started process (PID=540) to work on /opt/airflow/dags/zscore_stats_dag.py
[2025-05-03T01:53:44.715+0000] {processor.py:914} INFO - Processing file /opt/airflow/dags/zscore_stats_dag.py for tasks to queue
[2025-05-03T01:53:44.717+0000] {logging_mixin.py:190} INFO - [2025-05-03T01:53:44.716+0000] {dagbag.py:588} INFO - Filling up the DagBag from /opt/airflow/dags/zscore_stats_dag.py
[2025-05-03T01:53:44.828+0000] {processor.py:925} INFO - DAG(s) 'nba_zscore_dag' retrieved from /opt/airflow/dags/zscore_stats_dag.py
[2025-05-03T01:53:44.837+0000] {logging_mixin.py:190} INFO - [2025-05-03T01:53:44.837+0000] {dag.py:3239} INFO - Sync 1 DAGs
[2025-05-03T01:53:44.842+0000] {logging_mixin.py:190} INFO - [2025-05-03T01:53:44.842+0000] {dag.py:4180} INFO - Setting next_dagrun for nba_zscore_dag to None, run_after=None
[2025-05-03T01:53:44.848+0000] {processor.py:208} INFO - Processing /opt/airflow/dags/zscore_stats_dag.py took 0.140 seconds
[2025-05-03T01:54:15.472+0000] {processor.py:186} INFO - Started process (PID=545) to work on /opt/airflow/dags/zscore_stats_dag.py
[2025-05-03T01:54:15.473+0000] {processor.py:914} INFO - Processing file /opt/airflow/dags/zscore_stats_dag.py for tasks to queue
[2025-05-03T01:54:15.475+0000] {logging_mixin.py:190} INFO - [2025-05-03T01:54:15.474+0000] {dagbag.py:588} INFO - Filling up the DagBag from /opt/airflow/dags/zscore_stats_dag.py
[2025-05-03T01:54:15.597+0000] {processor.py:925} INFO - DAG(s) 'nba_zscore_dag' retrieved from /opt/airflow/dags/zscore_stats_dag.py
[2025-05-03T01:54:15.605+0000] {logging_mixin.py:190} INFO - [2025-05-03T01:54:15.604+0000] {dag.py:3239} INFO - Sync 1 DAGs
[2025-05-03T01:54:15.609+0000] {logging_mixin.py:190} INFO - [2025-05-03T01:54:15.609+0000] {dag.py:4180} INFO - Setting next_dagrun for nba_zscore_dag to None, run_after=None
[2025-05-03T01:54:15.615+0000] {processor.py:208} INFO - Processing /opt/airflow/dags/zscore_stats_dag.py took 0.152 seconds
[2025-05-03T01:54:46.134+0000] {processor.py:186} INFO - Started process (PID=550) to work on /opt/airflow/dags/zscore_stats_dag.py
[2025-05-03T01:54:46.135+0000] {processor.py:914} INFO - Processing file /opt/airflow/dags/zscore_stats_dag.py for tasks to queue
[2025-05-03T01:54:46.136+0000] {logging_mixin.py:190} INFO - [2025-05-03T01:54:46.135+0000] {dagbag.py:588} INFO - Filling up the DagBag from /opt/airflow/dags/zscore_stats_dag.py
[2025-05-03T01:54:46.247+0000] {processor.py:925} INFO - DAG(s) 'nba_zscore_dag' retrieved from /opt/airflow/dags/zscore_stats_dag.py
[2025-05-03T01:54:46.254+0000] {logging_mixin.py:190} INFO - [2025-05-03T01:54:46.254+0000] {dag.py:3239} INFO - Sync 1 DAGs
[2025-05-03T01:54:46.259+0000] {logging_mixin.py:190} INFO - [2025-05-03T01:54:46.259+0000] {dag.py:4180} INFO - Setting next_dagrun for nba_zscore_dag to None, run_after=None
[2025-05-03T01:54:46.265+0000] {processor.py:208} INFO - Processing /opt/airflow/dags/zscore_stats_dag.py took 0.137 seconds
[2025-05-03T01:55:16.847+0000] {processor.py:186} INFO - Started process (PID=555) to work on /opt/airflow/dags/zscore_stats_dag.py
[2025-05-03T01:55:16.849+0000] {processor.py:914} INFO - Processing file /opt/airflow/dags/zscore_stats_dag.py for tasks to queue
[2025-05-03T01:55:16.850+0000] {logging_mixin.py:190} INFO - [2025-05-03T01:55:16.850+0000] {dagbag.py:588} INFO - Filling up the DagBag from /opt/airflow/dags/zscore_stats_dag.py
[2025-05-03T01:55:16.974+0000] {processor.py:925} INFO - DAG(s) 'nba_zscore_dag' retrieved from /opt/airflow/dags/zscore_stats_dag.py
[2025-05-03T01:55:16.982+0000] {logging_mixin.py:190} INFO - [2025-05-03T01:55:16.982+0000] {dag.py:3239} INFO - Sync 1 DAGs
[2025-05-03T01:55:16.986+0000] {logging_mixin.py:190} INFO - [2025-05-03T01:55:16.986+0000] {dag.py:4180} INFO - Setting next_dagrun for nba_zscore_dag to None, run_after=None
[2025-05-03T01:55:16.992+0000] {processor.py:208} INFO - Processing /opt/airflow/dags/zscore_stats_dag.py took 0.154 seconds
[2025-05-03T01:55:47.490+0000] {processor.py:186} INFO - Started process (PID=560) to work on /opt/airflow/dags/zscore_stats_dag.py
[2025-05-03T01:55:47.490+0000] {processor.py:914} INFO - Processing file /opt/airflow/dags/zscore_stats_dag.py for tasks to queue
[2025-05-03T01:55:47.491+0000] {logging_mixin.py:190} INFO - [2025-05-03T01:55:47.491+0000] {dagbag.py:588} INFO - Filling up the DagBag from /opt/airflow/dags/zscore_stats_dag.py
[2025-05-03T01:55:47.608+0000] {processor.py:925} INFO - DAG(s) 'nba_zscore_dag' retrieved from /opt/airflow/dags/zscore_stats_dag.py
[2025-05-03T01:55:47.616+0000] {logging_mixin.py:190} INFO - [2025-05-03T01:55:47.615+0000] {dag.py:3239} INFO - Sync 1 DAGs
[2025-05-03T01:55:47.621+0000] {logging_mixin.py:190} INFO - [2025-05-03T01:55:47.620+0000] {dag.py:4180} INFO - Setting next_dagrun for nba_zscore_dag to None, run_after=None
[2025-05-03T01:55:47.627+0000] {processor.py:208} INFO - Processing /opt/airflow/dags/zscore_stats_dag.py took 0.142 seconds
[2025-05-03T01:56:18.035+0000] {processor.py:186} INFO - Started process (PID=565) to work on /opt/airflow/dags/zscore_stats_dag.py
[2025-05-03T01:56:18.036+0000] {processor.py:914} INFO - Processing file /opt/airflow/dags/zscore_stats_dag.py for tasks to queue
[2025-05-03T01:56:18.037+0000] {logging_mixin.py:190} INFO - [2025-05-03T01:56:18.037+0000] {dagbag.py:588} INFO - Filling up the DagBag from /opt/airflow/dags/zscore_stats_dag.py
[2025-05-03T01:56:18.172+0000] {processor.py:925} INFO - DAG(s) 'nba_zscore_dag' retrieved from /opt/airflow/dags/zscore_stats_dag.py
[2025-05-03T01:56:18.181+0000] {logging_mixin.py:190} INFO - [2025-05-03T01:56:18.181+0000] {dag.py:3239} INFO - Sync 1 DAGs
[2025-05-03T01:56:18.187+0000] {logging_mixin.py:190} INFO - [2025-05-03T01:56:18.187+0000] {dag.py:4180} INFO - Setting next_dagrun for nba_zscore_dag to None, run_after=None
[2025-05-03T01:56:18.195+0000] {processor.py:208} INFO - Processing /opt/airflow/dags/zscore_stats_dag.py took 0.163 seconds
[2025-05-03T01:56:48.675+0000] {processor.py:186} INFO - Started process (PID=570) to work on /opt/airflow/dags/zscore_stats_dag.py
[2025-05-03T01:56:48.676+0000] {processor.py:914} INFO - Processing file /opt/airflow/dags/zscore_stats_dag.py for tasks to queue
[2025-05-03T01:56:48.676+0000] {logging_mixin.py:190} INFO - [2025-05-03T01:56:48.676+0000] {dagbag.py:588} INFO - Filling up the DagBag from /opt/airflow/dags/zscore_stats_dag.py
[2025-05-03T01:56:48.784+0000] {processor.py:925} INFO - DAG(s) 'nba_zscore_dag' retrieved from /opt/airflow/dags/zscore_stats_dag.py
[2025-05-03T01:56:48.792+0000] {logging_mixin.py:190} INFO - [2025-05-03T01:56:48.792+0000] {dag.py:3239} INFO - Sync 1 DAGs
[2025-05-03T01:56:48.796+0000] {logging_mixin.py:190} INFO - [2025-05-03T01:56:48.796+0000] {dag.py:4180} INFO - Setting next_dagrun for nba_zscore_dag to None, run_after=None
[2025-05-03T01:56:48.803+0000] {processor.py:208} INFO - Processing /opt/airflow/dags/zscore_stats_dag.py took 0.131 seconds
[2025-05-03T01:57:19.304+0000] {processor.py:186} INFO - Started process (PID=575) to work on /opt/airflow/dags/zscore_stats_dag.py
[2025-05-03T01:57:19.305+0000] {processor.py:914} INFO - Processing file /opt/airflow/dags/zscore_stats_dag.py for tasks to queue
[2025-05-03T01:57:19.306+0000] {logging_mixin.py:190} INFO - [2025-05-03T01:57:19.305+0000] {dagbag.py:588} INFO - Filling up the DagBag from /opt/airflow/dags/zscore_stats_dag.py
[2025-05-03T01:57:19.430+0000] {processor.py:925} INFO - DAG(s) 'nba_zscore_dag' retrieved from /opt/airflow/dags/zscore_stats_dag.py
[2025-05-03T01:57:19.438+0000] {logging_mixin.py:190} INFO - [2025-05-03T01:57:19.438+0000] {dag.py:3239} INFO - Sync 1 DAGs
[2025-05-03T01:57:19.443+0000] {logging_mixin.py:190} INFO - [2025-05-03T01:57:19.443+0000] {dag.py:4180} INFO - Setting next_dagrun for nba_zscore_dag to None, run_after=None
[2025-05-03T01:57:19.450+0000] {processor.py:208} INFO - Processing /opt/airflow/dags/zscore_stats_dag.py took 0.152 seconds
[2025-05-03T01:57:49.892+0000] {processor.py:186} INFO - Started process (PID=580) to work on /opt/airflow/dags/zscore_stats_dag.py
[2025-05-03T01:57:49.893+0000] {processor.py:914} INFO - Processing file /opt/airflow/dags/zscore_stats_dag.py for tasks to queue
[2025-05-03T01:57:49.893+0000] {logging_mixin.py:190} INFO - [2025-05-03T01:57:49.893+0000] {dagbag.py:588} INFO - Filling up the DagBag from /opt/airflow/dags/zscore_stats_dag.py
[2025-05-03T01:57:50.003+0000] {processor.py:925} INFO - DAG(s) 'nba_zscore_dag' retrieved from /opt/airflow/dags/zscore_stats_dag.py
[2025-05-03T01:57:50.012+0000] {logging_mixin.py:190} INFO - [2025-05-03T01:57:50.012+0000] {dag.py:3239} INFO - Sync 1 DAGs
[2025-05-03T01:57:50.016+0000] {logging_mixin.py:190} INFO - [2025-05-03T01:57:50.016+0000] {dag.py:4180} INFO - Setting next_dagrun for nba_zscore_dag to None, run_after=None
[2025-05-03T01:57:50.022+0000] {processor.py:208} INFO - Processing /opt/airflow/dags/zscore_stats_dag.py took 0.136 seconds
[2025-05-03T01:58:20.587+0000] {processor.py:186} INFO - Started process (PID=585) to work on /opt/airflow/dags/zscore_stats_dag.py
[2025-05-03T01:58:20.588+0000] {processor.py:914} INFO - Processing file /opt/airflow/dags/zscore_stats_dag.py for tasks to queue
[2025-05-03T01:58:20.589+0000] {logging_mixin.py:190} INFO - [2025-05-03T01:58:20.589+0000] {dagbag.py:588} INFO - Filling up the DagBag from /opt/airflow/dags/zscore_stats_dag.py
[2025-05-03T01:58:20.706+0000] {processor.py:925} INFO - DAG(s) 'nba_zscore_dag' retrieved from /opt/airflow/dags/zscore_stats_dag.py
[2025-05-03T01:58:20.715+0000] {logging_mixin.py:190} INFO - [2025-05-03T01:58:20.715+0000] {dag.py:3239} INFO - Sync 1 DAGs
[2025-05-03T01:58:20.720+0000] {logging_mixin.py:190} INFO - [2025-05-03T01:58:20.720+0000] {dag.py:4180} INFO - Setting next_dagrun for nba_zscore_dag to None, run_after=None
[2025-05-03T01:58:20.728+0000] {processor.py:208} INFO - Processing /opt/airflow/dags/zscore_stats_dag.py took 0.147 seconds
[2025-05-03T01:58:51.316+0000] {processor.py:186} INFO - Started process (PID=590) to work on /opt/airflow/dags/zscore_stats_dag.py
[2025-05-03T01:58:51.317+0000] {processor.py:914} INFO - Processing file /opt/airflow/dags/zscore_stats_dag.py for tasks to queue
[2025-05-03T01:58:51.319+0000] {logging_mixin.py:190} INFO - [2025-05-03T01:58:51.318+0000] {dagbag.py:588} INFO - Filling up the DagBag from /opt/airflow/dags/zscore_stats_dag.py
[2025-05-03T01:58:51.438+0000] {processor.py:925} INFO - DAG(s) 'nba_zscore_dag' retrieved from /opt/airflow/dags/zscore_stats_dag.py
[2025-05-03T01:58:51.446+0000] {logging_mixin.py:190} INFO - [2025-05-03T01:58:51.446+0000] {dag.py:3239} INFO - Sync 1 DAGs
[2025-05-03T01:58:51.451+0000] {logging_mixin.py:190} INFO - [2025-05-03T01:58:51.451+0000] {dag.py:4180} INFO - Setting next_dagrun for nba_zscore_dag to None, run_after=None
[2025-05-03T01:58:51.458+0000] {processor.py:208} INFO - Processing /opt/airflow/dags/zscore_stats_dag.py took 0.150 seconds
[2025-05-03T01:59:22.115+0000] {processor.py:186} INFO - Started process (PID=595) to work on /opt/airflow/dags/zscore_stats_dag.py
[2025-05-03T01:59:22.116+0000] {processor.py:914} INFO - Processing file /opt/airflow/dags/zscore_stats_dag.py for tasks to queue
[2025-05-03T01:59:22.117+0000] {logging_mixin.py:190} INFO - [2025-05-03T01:59:22.117+0000] {dagbag.py:588} INFO - Filling up the DagBag from /opt/airflow/dags/zscore_stats_dag.py
[2025-05-03T01:59:22.242+0000] {processor.py:925} INFO - DAG(s) 'nba_zscore_dag' retrieved from /opt/airflow/dags/zscore_stats_dag.py
[2025-05-03T01:59:22.251+0000] {logging_mixin.py:190} INFO - [2025-05-03T01:59:22.251+0000] {dag.py:3239} INFO - Sync 1 DAGs
[2025-05-03T01:59:22.255+0000] {logging_mixin.py:190} INFO - [2025-05-03T01:59:22.255+0000] {dag.py:4180} INFO - Setting next_dagrun for nba_zscore_dag to None, run_after=None
[2025-05-03T01:59:22.262+0000] {processor.py:208} INFO - Processing /opt/airflow/dags/zscore_stats_dag.py took 0.155 seconds
[2025-05-03T01:59:52.896+0000] {processor.py:186} INFO - Started process (PID=600) to work on /opt/airflow/dags/zscore_stats_dag.py
[2025-05-03T01:59:52.896+0000] {processor.py:914} INFO - Processing file /opt/airflow/dags/zscore_stats_dag.py for tasks to queue
[2025-05-03T01:59:52.898+0000] {logging_mixin.py:190} INFO - [2025-05-03T01:59:52.897+0000] {dagbag.py:588} INFO - Filling up the DagBag from /opt/airflow/dags/zscore_stats_dag.py
[2025-05-03T01:59:53.029+0000] {processor.py:925} INFO - DAG(s) 'nba_zscore_dag' retrieved from /opt/airflow/dags/zscore_stats_dag.py
[2025-05-03T01:59:53.037+0000] {logging_mixin.py:190} INFO - [2025-05-03T01:59:53.037+0000] {dag.py:3239} INFO - Sync 1 DAGs
[2025-05-03T01:59:53.041+0000] {logging_mixin.py:190} INFO - [2025-05-03T01:59:53.041+0000] {dag.py:4180} INFO - Setting next_dagrun for nba_zscore_dag to None, run_after=None
[2025-05-03T01:59:53.048+0000] {processor.py:208} INFO - Processing /opt/airflow/dags/zscore_stats_dag.py took 0.161 seconds
[2025-05-03T02:00:23.575+0000] {processor.py:186} INFO - Started process (PID=605) to work on /opt/airflow/dags/zscore_stats_dag.py
[2025-05-03T02:00:23.576+0000] {processor.py:914} INFO - Processing file /opt/airflow/dags/zscore_stats_dag.py for tasks to queue
[2025-05-03T02:00:23.578+0000] {logging_mixin.py:190} INFO - [2025-05-03T02:00:23.578+0000] {dagbag.py:588} INFO - Filling up the DagBag from /opt/airflow/dags/zscore_stats_dag.py
[2025-05-03T02:00:23.699+0000] {processor.py:925} INFO - DAG(s) 'nba_zscore_dag' retrieved from /opt/airflow/dags/zscore_stats_dag.py
[2025-05-03T02:00:23.707+0000] {logging_mixin.py:190} INFO - [2025-05-03T02:00:23.707+0000] {dag.py:3239} INFO - Sync 1 DAGs
[2025-05-03T02:00:23.711+0000] {logging_mixin.py:190} INFO - [2025-05-03T02:00:23.711+0000] {dag.py:4180} INFO - Setting next_dagrun for nba_zscore_dag to None, run_after=None
[2025-05-03T02:00:23.718+0000] {processor.py:208} INFO - Processing /opt/airflow/dags/zscore_stats_dag.py took 0.152 seconds
[2025-05-03T02:00:54.361+0000] {processor.py:186} INFO - Started process (PID=610) to work on /opt/airflow/dags/zscore_stats_dag.py
[2025-05-03T02:00:54.363+0000] {processor.py:914} INFO - Processing file /opt/airflow/dags/zscore_stats_dag.py for tasks to queue
[2025-05-03T02:00:54.364+0000] {logging_mixin.py:190} INFO - [2025-05-03T02:00:54.363+0000] {dagbag.py:588} INFO - Filling up the DagBag from /opt/airflow/dags/zscore_stats_dag.py
[2025-05-03T02:00:54.497+0000] {processor.py:925} INFO - DAG(s) 'nba_zscore_dag' retrieved from /opt/airflow/dags/zscore_stats_dag.py
[2025-05-03T02:00:54.508+0000] {logging_mixin.py:190} INFO - [2025-05-03T02:00:54.507+0000] {dag.py:3239} INFO - Sync 1 DAGs
[2025-05-03T02:00:54.513+0000] {logging_mixin.py:190} INFO - [2025-05-03T02:00:54.513+0000] {dag.py:4180} INFO - Setting next_dagrun for nba_zscore_dag to None, run_after=None
[2025-05-03T02:00:54.522+0000] {processor.py:208} INFO - Processing /opt/airflow/dags/zscore_stats_dag.py took 0.169 seconds
[2025-05-03T02:01:25.113+0000] {processor.py:186} INFO - Started process (PID=615) to work on /opt/airflow/dags/zscore_stats_dag.py
[2025-05-03T02:01:25.114+0000] {processor.py:914} INFO - Processing file /opt/airflow/dags/zscore_stats_dag.py for tasks to queue
[2025-05-03T02:01:25.116+0000] {logging_mixin.py:190} INFO - [2025-05-03T02:01:25.115+0000] {dagbag.py:588} INFO - Filling up the DagBag from /opt/airflow/dags/zscore_stats_dag.py
[2025-05-03T02:01:25.243+0000] {processor.py:925} INFO - DAG(s) 'nba_zscore_dag' retrieved from /opt/airflow/dags/zscore_stats_dag.py
[2025-05-03T02:01:25.252+0000] {logging_mixin.py:190} INFO - [2025-05-03T02:01:25.252+0000] {dag.py:3239} INFO - Sync 1 DAGs
[2025-05-03T02:01:25.259+0000] {logging_mixin.py:190} INFO - [2025-05-03T02:01:25.258+0000] {dag.py:4180} INFO - Setting next_dagrun for nba_zscore_dag to None, run_after=None
[2025-05-03T02:01:25.267+0000] {processor.py:208} INFO - Processing /opt/airflow/dags/zscore_stats_dag.py took 0.161 seconds
[2025-05-03T02:01:55.836+0000] {processor.py:186} INFO - Started process (PID=620) to work on /opt/airflow/dags/zscore_stats_dag.py
[2025-05-03T02:01:55.837+0000] {processor.py:914} INFO - Processing file /opt/airflow/dags/zscore_stats_dag.py for tasks to queue
[2025-05-03T02:01:55.837+0000] {logging_mixin.py:190} INFO - [2025-05-03T02:01:55.837+0000] {dagbag.py:588} INFO - Filling up the DagBag from /opt/airflow/dags/zscore_stats_dag.py
[2025-05-03T02:01:55.973+0000] {processor.py:925} INFO - DAG(s) 'nba_zscore_dag' retrieved from /opt/airflow/dags/zscore_stats_dag.py
[2025-05-03T02:01:55.984+0000] {logging_mixin.py:190} INFO - [2025-05-03T02:01:55.984+0000] {dag.py:3239} INFO - Sync 1 DAGs
[2025-05-03T02:01:55.989+0000] {logging_mixin.py:190} INFO - [2025-05-03T02:01:55.989+0000] {dag.py:4180} INFO - Setting next_dagrun for nba_zscore_dag to None, run_after=None
[2025-05-03T02:01:55.998+0000] {processor.py:208} INFO - Processing /opt/airflow/dags/zscore_stats_dag.py took 0.166 seconds
[2025-05-03T02:02:26.575+0000] {processor.py:186} INFO - Started process (PID=625) to work on /opt/airflow/dags/zscore_stats_dag.py
[2025-05-03T02:02:26.576+0000] {processor.py:914} INFO - Processing file /opt/airflow/dags/zscore_stats_dag.py for tasks to queue
[2025-05-03T02:02:26.577+0000] {logging_mixin.py:190} INFO - [2025-05-03T02:02:26.576+0000] {dagbag.py:588} INFO - Filling up the DagBag from /opt/airflow/dags/zscore_stats_dag.py
[2025-05-03T02:02:26.699+0000] {processor.py:925} INFO - DAG(s) 'nba_zscore_dag' retrieved from /opt/airflow/dags/zscore_stats_dag.py
[2025-05-03T02:02:26.707+0000] {logging_mixin.py:190} INFO - [2025-05-03T02:02:26.707+0000] {dag.py:3239} INFO - Sync 1 DAGs
[2025-05-03T02:02:26.712+0000] {logging_mixin.py:190} INFO - [2025-05-03T02:02:26.712+0000] {dag.py:4180} INFO - Setting next_dagrun for nba_zscore_dag to None, run_after=None
[2025-05-03T02:02:26.720+0000] {processor.py:208} INFO - Processing /opt/airflow/dags/zscore_stats_dag.py took 0.149 seconds
[2025-05-03T02:02:57.104+0000] {processor.py:186} INFO - Started process (PID=630) to work on /opt/airflow/dags/zscore_stats_dag.py
[2025-05-03T02:02:57.105+0000] {processor.py:914} INFO - Processing file /opt/airflow/dags/zscore_stats_dag.py for tasks to queue
[2025-05-03T02:02:57.105+0000] {logging_mixin.py:190} INFO - [2025-05-03T02:02:57.105+0000] {dagbag.py:588} INFO - Filling up the DagBag from /opt/airflow/dags/zscore_stats_dag.py
[2025-05-03T02:02:57.222+0000] {processor.py:925} INFO - DAG(s) 'nba_zscore_dag' retrieved from /opt/airflow/dags/zscore_stats_dag.py
[2025-05-03T02:02:57.230+0000] {logging_mixin.py:190} INFO - [2025-05-03T02:02:57.230+0000] {dag.py:3239} INFO - Sync 1 DAGs
[2025-05-03T02:02:57.234+0000] {logging_mixin.py:190} INFO - [2025-05-03T02:02:57.234+0000] {dag.py:4180} INFO - Setting next_dagrun for nba_zscore_dag to None, run_after=None
[2025-05-03T02:02:57.240+0000] {processor.py:208} INFO - Processing /opt/airflow/dags/zscore_stats_dag.py took 0.142 seconds
[2025-05-03T02:03:27.863+0000] {processor.py:186} INFO - Started process (PID=635) to work on /opt/airflow/dags/zscore_stats_dag.py
[2025-05-03T02:03:27.865+0000] {processor.py:914} INFO - Processing file /opt/airflow/dags/zscore_stats_dag.py for tasks to queue
[2025-05-03T02:03:27.866+0000] {logging_mixin.py:190} INFO - [2025-05-03T02:03:27.866+0000] {dagbag.py:588} INFO - Filling up the DagBag from /opt/airflow/dags/zscore_stats_dag.py
[2025-05-03T02:03:27.991+0000] {processor.py:925} INFO - DAG(s) 'nba_zscore_dag' retrieved from /opt/airflow/dags/zscore_stats_dag.py
[2025-05-03T02:03:27.999+0000] {logging_mixin.py:190} INFO - [2025-05-03T02:03:27.999+0000] {dag.py:3239} INFO - Sync 1 DAGs
[2025-05-03T02:03:28.003+0000] {logging_mixin.py:190} INFO - [2025-05-03T02:03:28.003+0000] {dag.py:4180} INFO - Setting next_dagrun for nba_zscore_dag to None, run_after=None
[2025-05-03T02:03:28.010+0000] {processor.py:208} INFO - Processing /opt/airflow/dags/zscore_stats_dag.py took 0.156 seconds
[2025-05-03T02:03:58.594+0000] {processor.py:186} INFO - Started process (PID=640) to work on /opt/airflow/dags/zscore_stats_dag.py
[2025-05-03T02:03:58.594+0000] {processor.py:914} INFO - Processing file /opt/airflow/dags/zscore_stats_dag.py for tasks to queue
[2025-05-03T02:03:58.595+0000] {logging_mixin.py:190} INFO - [2025-05-03T02:03:58.595+0000] {dagbag.py:588} INFO - Filling up the DagBag from /opt/airflow/dags/zscore_stats_dag.py
[2025-05-03T02:03:58.740+0000] {processor.py:925} INFO - DAG(s) 'nba_zscore_dag' retrieved from /opt/airflow/dags/zscore_stats_dag.py
[2025-05-03T02:03:58.750+0000] {logging_mixin.py:190} INFO - [2025-05-03T02:03:58.750+0000] {dag.py:3239} INFO - Sync 1 DAGs
[2025-05-03T02:03:58.756+0000] {logging_mixin.py:190} INFO - [2025-05-03T02:03:58.756+0000] {dag.py:4180} INFO - Setting next_dagrun for nba_zscore_dag to None, run_after=None
[2025-05-03T02:03:58.764+0000] {processor.py:208} INFO - Processing /opt/airflow/dags/zscore_stats_dag.py took 0.174 seconds
[2025-05-03T02:04:29.324+0000] {processor.py:186} INFO - Started process (PID=645) to work on /opt/airflow/dags/zscore_stats_dag.py
[2025-05-03T02:04:29.325+0000] {processor.py:914} INFO - Processing file /opt/airflow/dags/zscore_stats_dag.py for tasks to queue
[2025-05-03T02:04:29.326+0000] {logging_mixin.py:190} INFO - [2025-05-03T02:04:29.326+0000] {dagbag.py:588} INFO - Filling up the DagBag from /opt/airflow/dags/zscore_stats_dag.py
[2025-05-03T02:04:29.441+0000] {processor.py:925} INFO - DAG(s) 'nba_zscore_dag' retrieved from /opt/airflow/dags/zscore_stats_dag.py
[2025-05-03T02:04:29.449+0000] {logging_mixin.py:190} INFO - [2025-05-03T02:04:29.449+0000] {dag.py:3239} INFO - Sync 1 DAGs
[2025-05-03T02:04:29.454+0000] {logging_mixin.py:190} INFO - [2025-05-03T02:04:29.454+0000] {dag.py:4180} INFO - Setting next_dagrun for nba_zscore_dag to None, run_after=None
[2025-05-03T02:04:29.460+0000] {processor.py:208} INFO - Processing /opt/airflow/dags/zscore_stats_dag.py took 0.139 seconds
[2025-05-03T02:04:59.951+0000] {processor.py:186} INFO - Started process (PID=650) to work on /opt/airflow/dags/zscore_stats_dag.py
[2025-05-03T02:04:59.952+0000] {processor.py:914} INFO - Processing file /opt/airflow/dags/zscore_stats_dag.py for tasks to queue
[2025-05-03T02:04:59.953+0000] {logging_mixin.py:190} INFO - [2025-05-03T02:04:59.953+0000] {dagbag.py:588} INFO - Filling up the DagBag from /opt/airflow/dags/zscore_stats_dag.py
[2025-05-03T02:05:00.084+0000] {processor.py:925} INFO - DAG(s) 'nba_zscore_dag' retrieved from /opt/airflow/dags/zscore_stats_dag.py
[2025-05-03T02:05:00.092+0000] {logging_mixin.py:190} INFO - [2025-05-03T02:05:00.092+0000] {dag.py:3239} INFO - Sync 1 DAGs
[2025-05-03T02:05:00.097+0000] {logging_mixin.py:190} INFO - [2025-05-03T02:05:00.097+0000] {dag.py:4180} INFO - Setting next_dagrun for nba_zscore_dag to None, run_after=None
[2025-05-03T02:05:00.105+0000] {processor.py:208} INFO - Processing /opt/airflow/dags/zscore_stats_dag.py took 0.159 seconds
[2025-05-03T02:05:30.579+0000] {processor.py:186} INFO - Started process (PID=655) to work on /opt/airflow/dags/zscore_stats_dag.py
[2025-05-03T02:05:30.580+0000] {processor.py:914} INFO - Processing file /opt/airflow/dags/zscore_stats_dag.py for tasks to queue
[2025-05-03T02:05:30.581+0000] {logging_mixin.py:190} INFO - [2025-05-03T02:05:30.581+0000] {dagbag.py:588} INFO - Filling up the DagBag from /opt/airflow/dags/zscore_stats_dag.py
[2025-05-03T02:05:30.701+0000] {processor.py:925} INFO - DAG(s) 'nba_zscore_dag' retrieved from /opt/airflow/dags/zscore_stats_dag.py
[2025-05-03T02:05:30.710+0000] {logging_mixin.py:190} INFO - [2025-05-03T02:05:30.710+0000] {dag.py:3239} INFO - Sync 1 DAGs
[2025-05-03T02:05:30.716+0000] {logging_mixin.py:190} INFO - [2025-05-03T02:05:30.716+0000] {dag.py:4180} INFO - Setting next_dagrun for nba_zscore_dag to None, run_after=None
[2025-05-03T02:05:30.724+0000] {processor.py:208} INFO - Processing /opt/airflow/dags/zscore_stats_dag.py took 0.150 seconds
[2025-05-03T02:06:01.342+0000] {processor.py:186} INFO - Started process (PID=660) to work on /opt/airflow/dags/zscore_stats_dag.py
[2025-05-03T02:06:01.343+0000] {processor.py:914} INFO - Processing file /opt/airflow/dags/zscore_stats_dag.py for tasks to queue
[2025-05-03T02:06:01.344+0000] {logging_mixin.py:190} INFO - [2025-05-03T02:06:01.343+0000] {dagbag.py:588} INFO - Filling up the DagBag from /opt/airflow/dags/zscore_stats_dag.py
[2025-05-03T02:06:01.459+0000] {processor.py:925} INFO - DAG(s) 'nba_zscore_dag' retrieved from /opt/airflow/dags/zscore_stats_dag.py
[2025-05-03T02:06:01.467+0000] {logging_mixin.py:190} INFO - [2025-05-03T02:06:01.467+0000] {dag.py:3239} INFO - Sync 1 DAGs
[2025-05-03T02:06:01.471+0000] {logging_mixin.py:190} INFO - [2025-05-03T02:06:01.471+0000] {dag.py:4180} INFO - Setting next_dagrun for nba_zscore_dag to None, run_after=None
[2025-05-03T02:06:01.478+0000] {processor.py:208} INFO - Processing /opt/airflow/dags/zscore_stats_dag.py took 0.142 seconds
[2025-05-03T02:06:32.099+0000] {processor.py:186} INFO - Started process (PID=665) to work on /opt/airflow/dags/zscore_stats_dag.py
[2025-05-03T02:06:32.100+0000] {processor.py:914} INFO - Processing file /opt/airflow/dags/zscore_stats_dag.py for tasks to queue
[2025-05-03T02:06:32.101+0000] {logging_mixin.py:190} INFO - [2025-05-03T02:06:32.101+0000] {dagbag.py:588} INFO - Filling up the DagBag from /opt/airflow/dags/zscore_stats_dag.py
[2025-05-03T02:06:32.215+0000] {processor.py:925} INFO - DAG(s) 'nba_zscore_dag' retrieved from /opt/airflow/dags/zscore_stats_dag.py
[2025-05-03T02:06:32.224+0000] {logging_mixin.py:190} INFO - [2025-05-03T02:06:32.223+0000] {dag.py:3239} INFO - Sync 1 DAGs
[2025-05-03T02:06:32.228+0000] {logging_mixin.py:190} INFO - [2025-05-03T02:06:32.228+0000] {dag.py:4180} INFO - Setting next_dagrun for nba_zscore_dag to None, run_after=None
[2025-05-03T02:06:32.236+0000] {processor.py:208} INFO - Processing /opt/airflow/dags/zscore_stats_dag.py took 0.144 seconds
[2025-05-03T02:07:02.828+0000] {processor.py:186} INFO - Started process (PID=670) to work on /opt/airflow/dags/zscore_stats_dag.py
[2025-05-03T02:07:02.829+0000] {processor.py:914} INFO - Processing file /opt/airflow/dags/zscore_stats_dag.py for tasks to queue
[2025-05-03T02:07:02.830+0000] {logging_mixin.py:190} INFO - [2025-05-03T02:07:02.830+0000] {dagbag.py:588} INFO - Filling up the DagBag from /opt/airflow/dags/zscore_stats_dag.py
[2025-05-03T02:07:02.963+0000] {processor.py:925} INFO - DAG(s) 'nba_zscore_dag' retrieved from /opt/airflow/dags/zscore_stats_dag.py
[2025-05-03T02:07:02.972+0000] {logging_mixin.py:190} INFO - [2025-05-03T02:07:02.972+0000] {dag.py:3239} INFO - Sync 1 DAGs
[2025-05-03T02:07:02.978+0000] {logging_mixin.py:190} INFO - [2025-05-03T02:07:02.978+0000] {dag.py:4180} INFO - Setting next_dagrun for nba_zscore_dag to None, run_after=None
[2025-05-03T02:07:02.986+0000] {processor.py:208} INFO - Processing /opt/airflow/dags/zscore_stats_dag.py took 0.165 seconds
[2025-05-03T02:07:33.604+0000] {processor.py:186} INFO - Started process (PID=675) to work on /opt/airflow/dags/zscore_stats_dag.py
[2025-05-03T02:07:33.606+0000] {processor.py:914} INFO - Processing file /opt/airflow/dags/zscore_stats_dag.py for tasks to queue
[2025-05-03T02:07:33.608+0000] {logging_mixin.py:190} INFO - [2025-05-03T02:07:33.607+0000] {dagbag.py:588} INFO - Filling up the DagBag from /opt/airflow/dags/zscore_stats_dag.py
[2025-05-03T02:07:33.735+0000] {processor.py:925} INFO - DAG(s) 'nba_zscore_dag' retrieved from /opt/airflow/dags/zscore_stats_dag.py
[2025-05-03T02:07:33.744+0000] {logging_mixin.py:190} INFO - [2025-05-03T02:07:33.744+0000] {dag.py:3239} INFO - Sync 1 DAGs
[2025-05-03T02:07:33.749+0000] {logging_mixin.py:190} INFO - [2025-05-03T02:07:33.749+0000] {dag.py:4180} INFO - Setting next_dagrun for nba_zscore_dag to None, run_after=None
[2025-05-03T02:07:33.757+0000] {processor.py:208} INFO - Processing /opt/airflow/dags/zscore_stats_dag.py took 0.160 seconds
[2025-05-03T02:08:04.184+0000] {processor.py:186} INFO - Started process (PID=680) to work on /opt/airflow/dags/zscore_stats_dag.py
[2025-05-03T02:08:04.184+0000] {processor.py:914} INFO - Processing file /opt/airflow/dags/zscore_stats_dag.py for tasks to queue
[2025-05-03T02:08:04.185+0000] {logging_mixin.py:190} INFO - [2025-05-03T02:08:04.185+0000] {dagbag.py:588} INFO - Filling up the DagBag from /opt/airflow/dags/zscore_stats_dag.py
[2025-05-03T02:08:04.300+0000] {processor.py:925} INFO - DAG(s) 'nba_zscore_dag' retrieved from /opt/airflow/dags/zscore_stats_dag.py
[2025-05-03T02:08:04.308+0000] {logging_mixin.py:190} INFO - [2025-05-03T02:08:04.308+0000] {dag.py:3239} INFO - Sync 1 DAGs
[2025-05-03T02:08:04.313+0000] {logging_mixin.py:190} INFO - [2025-05-03T02:08:04.313+0000] {dag.py:4180} INFO - Setting next_dagrun for nba_zscore_dag to None, run_after=None
[2025-05-03T02:08:04.320+0000] {processor.py:208} INFO - Processing /opt/airflow/dags/zscore_stats_dag.py took 0.140 seconds
[2025-05-03T02:08:34.714+0000] {processor.py:186} INFO - Started process (PID=685) to work on /opt/airflow/dags/zscore_stats_dag.py
[2025-05-03T02:08:34.715+0000] {processor.py:914} INFO - Processing file /opt/airflow/dags/zscore_stats_dag.py for tasks to queue
[2025-05-03T02:08:34.716+0000] {logging_mixin.py:190} INFO - [2025-05-03T02:08:34.716+0000] {dagbag.py:588} INFO - Filling up the DagBag from /opt/airflow/dags/zscore_stats_dag.py
[2025-05-03T02:08:34.848+0000] {processor.py:925} INFO - DAG(s) 'nba_zscore_dag' retrieved from /opt/airflow/dags/zscore_stats_dag.py
[2025-05-03T02:08:34.858+0000] {logging_mixin.py:190} INFO - [2025-05-03T02:08:34.857+0000] {dag.py:3239} INFO - Sync 1 DAGs
[2025-05-03T02:08:34.863+0000] {logging_mixin.py:190} INFO - [2025-05-03T02:08:34.863+0000] {dag.py:4180} INFO - Setting next_dagrun for nba_zscore_dag to None, run_after=None
[2025-05-03T02:08:34.871+0000] {processor.py:208} INFO - Processing /opt/airflow/dags/zscore_stats_dag.py took 0.160 seconds
[2025-05-03T02:09:05.426+0000] {processor.py:186} INFO - Started process (PID=690) to work on /opt/airflow/dags/zscore_stats_dag.py
[2025-05-03T02:09:05.427+0000] {processor.py:914} INFO - Processing file /opt/airflow/dags/zscore_stats_dag.py for tasks to queue
[2025-05-03T02:09:05.427+0000] {logging_mixin.py:190} INFO - [2025-05-03T02:09:05.427+0000] {dagbag.py:588} INFO - Filling up the DagBag from /opt/airflow/dags/zscore_stats_dag.py
[2025-05-03T02:09:05.559+0000] {processor.py:925} INFO - DAG(s) 'nba_zscore_dag' retrieved from /opt/airflow/dags/zscore_stats_dag.py
[2025-05-03T02:09:05.569+0000] {logging_mixin.py:190} INFO - [2025-05-03T02:09:05.568+0000] {dag.py:3239} INFO - Sync 1 DAGs
[2025-05-03T02:09:05.574+0000] {logging_mixin.py:190} INFO - [2025-05-03T02:09:05.574+0000] {dag.py:4180} INFO - Setting next_dagrun for nba_zscore_dag to None, run_after=None
[2025-05-03T02:09:05.582+0000] {processor.py:208} INFO - Processing /opt/airflow/dags/zscore_stats_dag.py took 0.159 seconds
[2025-05-03T02:09:36.029+0000] {processor.py:186} INFO - Started process (PID=695) to work on /opt/airflow/dags/zscore_stats_dag.py
[2025-05-03T02:09:36.030+0000] {processor.py:914} INFO - Processing file /opt/airflow/dags/zscore_stats_dag.py for tasks to queue
[2025-05-03T02:09:36.031+0000] {logging_mixin.py:190} INFO - [2025-05-03T02:09:36.030+0000] {dagbag.py:588} INFO - Filling up the DagBag from /opt/airflow/dags/zscore_stats_dag.py
[2025-05-03T02:09:36.152+0000] {processor.py:925} INFO - DAG(s) 'nba_zscore_dag' retrieved from /opt/airflow/dags/zscore_stats_dag.py
[2025-05-03T02:09:36.160+0000] {logging_mixin.py:190} INFO - [2025-05-03T02:09:36.159+0000] {dag.py:3239} INFO - Sync 1 DAGs
[2025-05-03T02:09:36.165+0000] {logging_mixin.py:190} INFO - [2025-05-03T02:09:36.164+0000] {dag.py:4180} INFO - Setting next_dagrun for nba_zscore_dag to None, run_after=None
[2025-05-03T02:09:36.171+0000] {processor.py:208} INFO - Processing /opt/airflow/dags/zscore_stats_dag.py took 0.149 seconds
[2025-05-03T02:10:06.598+0000] {processor.py:186} INFO - Started process (PID=700) to work on /opt/airflow/dags/zscore_stats_dag.py
[2025-05-03T02:10:06.599+0000] {processor.py:914} INFO - Processing file /opt/airflow/dags/zscore_stats_dag.py for tasks to queue
[2025-05-03T02:10:06.599+0000] {logging_mixin.py:190} INFO - [2025-05-03T02:10:06.599+0000] {dagbag.py:588} INFO - Filling up the DagBag from /opt/airflow/dags/zscore_stats_dag.py
[2025-05-03T02:10:06.711+0000] {processor.py:925} INFO - DAG(s) 'nba_zscore_dag' retrieved from /opt/airflow/dags/zscore_stats_dag.py
[2025-05-03T02:10:06.719+0000] {logging_mixin.py:190} INFO - [2025-05-03T02:10:06.719+0000] {dag.py:3239} INFO - Sync 1 DAGs
[2025-05-03T02:10:06.723+0000] {logging_mixin.py:190} INFO - [2025-05-03T02:10:06.723+0000] {dag.py:4180} INFO - Setting next_dagrun for nba_zscore_dag to None, run_after=None
[2025-05-03T02:10:06.730+0000] {processor.py:208} INFO - Processing /opt/airflow/dags/zscore_stats_dag.py took 0.135 seconds
[2025-05-03T02:10:37.205+0000] {processor.py:186} INFO - Started process (PID=705) to work on /opt/airflow/dags/zscore_stats_dag.py
[2025-05-03T02:10:37.206+0000] {processor.py:914} INFO - Processing file /opt/airflow/dags/zscore_stats_dag.py for tasks to queue
[2025-05-03T02:10:37.206+0000] {logging_mixin.py:190} INFO - [2025-05-03T02:10:37.206+0000] {dagbag.py:588} INFO - Filling up the DagBag from /opt/airflow/dags/zscore_stats_dag.py
[2025-05-03T02:10:37.326+0000] {processor.py:925} INFO - DAG(s) 'nba_zscore_dag' retrieved from /opt/airflow/dags/zscore_stats_dag.py
[2025-05-03T02:10:37.335+0000] {logging_mixin.py:190} INFO - [2025-05-03T02:10:37.335+0000] {dag.py:3239} INFO - Sync 1 DAGs
[2025-05-03T02:10:37.340+0000] {logging_mixin.py:190} INFO - [2025-05-03T02:10:37.340+0000] {dag.py:4180} INFO - Setting next_dagrun for nba_zscore_dag to None, run_after=None
[2025-05-03T02:10:37.346+0000] {processor.py:208} INFO - Processing /opt/airflow/dags/zscore_stats_dag.py took 0.144 seconds
[2025-05-03T02:11:07.736+0000] {processor.py:186} INFO - Started process (PID=710) to work on /opt/airflow/dags/zscore_stats_dag.py
[2025-05-03T02:11:07.736+0000] {processor.py:914} INFO - Processing file /opt/airflow/dags/zscore_stats_dag.py for tasks to queue
[2025-05-03T02:11:07.737+0000] {logging_mixin.py:190} INFO - [2025-05-03T02:11:07.737+0000] {dagbag.py:588} INFO - Filling up the DagBag from /opt/airflow/dags/zscore_stats_dag.py
[2025-05-03T02:11:07.868+0000] {processor.py:925} INFO - DAG(s) 'nba_zscore_dag' retrieved from /opt/airflow/dags/zscore_stats_dag.py
[2025-05-03T02:11:07.876+0000] {logging_mixin.py:190} INFO - [2025-05-03T02:11:07.876+0000] {dag.py:3239} INFO - Sync 1 DAGs
[2025-05-03T02:11:07.881+0000] {logging_mixin.py:190} INFO - [2025-05-03T02:11:07.881+0000] {dag.py:4180} INFO - Setting next_dagrun for nba_zscore_dag to None, run_after=None
[2025-05-03T02:11:07.888+0000] {processor.py:208} INFO - Processing /opt/airflow/dags/zscore_stats_dag.py took 0.156 seconds
[2025-05-03T02:11:38.339+0000] {processor.py:186} INFO - Started process (PID=715) to work on /opt/airflow/dags/zscore_stats_dag.py
[2025-05-03T02:11:38.340+0000] {processor.py:914} INFO - Processing file /opt/airflow/dags/zscore_stats_dag.py for tasks to queue
[2025-05-03T02:11:38.341+0000] {logging_mixin.py:190} INFO - [2025-05-03T02:11:38.341+0000] {dagbag.py:588} INFO - Filling up the DagBag from /opt/airflow/dags/zscore_stats_dag.py
[2025-05-03T02:11:38.467+0000] {processor.py:925} INFO - DAG(s) 'nba_zscore_dag' retrieved from /opt/airflow/dags/zscore_stats_dag.py
[2025-05-03T02:11:38.479+0000] {logging_mixin.py:190} INFO - [2025-05-03T02:11:38.479+0000] {dag.py:3239} INFO - Sync 1 DAGs
[2025-05-03T02:11:38.484+0000] {logging_mixin.py:190} INFO - [2025-05-03T02:11:38.484+0000] {dag.py:4180} INFO - Setting next_dagrun for nba_zscore_dag to None, run_after=None
[2025-05-03T02:11:38.492+0000] {processor.py:208} INFO - Processing /opt/airflow/dags/zscore_stats_dag.py took 0.160 seconds
[2025-05-03T02:12:09.075+0000] {processor.py:186} INFO - Started process (PID=720) to work on /opt/airflow/dags/zscore_stats_dag.py
[2025-05-03T02:12:09.075+0000] {processor.py:914} INFO - Processing file /opt/airflow/dags/zscore_stats_dag.py for tasks to queue
[2025-05-03T02:12:09.076+0000] {logging_mixin.py:190} INFO - [2025-05-03T02:12:09.076+0000] {dagbag.py:588} INFO - Filling up the DagBag from /opt/airflow/dags/zscore_stats_dag.py
[2025-05-03T02:12:09.190+0000] {processor.py:925} INFO - DAG(s) 'nba_zscore_dag' retrieved from /opt/airflow/dags/zscore_stats_dag.py
[2025-05-03T02:12:09.198+0000] {logging_mixin.py:190} INFO - [2025-05-03T02:12:09.198+0000] {dag.py:3239} INFO - Sync 1 DAGs
[2025-05-03T02:12:09.203+0000] {logging_mixin.py:190} INFO - [2025-05-03T02:12:09.203+0000] {dag.py:4180} INFO - Setting next_dagrun for nba_zscore_dag to None, run_after=None
[2025-05-03T02:12:09.210+0000] {processor.py:208} INFO - Processing /opt/airflow/dags/zscore_stats_dag.py took 0.140 seconds
[2025-05-03T02:12:39.845+0000] {processor.py:186} INFO - Started process (PID=725) to work on /opt/airflow/dags/zscore_stats_dag.py
[2025-05-03T02:12:39.847+0000] {processor.py:914} INFO - Processing file /opt/airflow/dags/zscore_stats_dag.py for tasks to queue
[2025-05-03T02:12:39.849+0000] {logging_mixin.py:190} INFO - [2025-05-03T02:12:39.848+0000] {dagbag.py:588} INFO - Filling up the DagBag from /opt/airflow/dags/zscore_stats_dag.py
[2025-05-03T02:12:39.975+0000] {processor.py:925} INFO - DAG(s) 'nba_zscore_dag' retrieved from /opt/airflow/dags/zscore_stats_dag.py
[2025-05-03T02:12:39.983+0000] {logging_mixin.py:190} INFO - [2025-05-03T02:12:39.983+0000] {dag.py:3239} INFO - Sync 1 DAGs
[2025-05-03T02:12:39.988+0000] {logging_mixin.py:190} INFO - [2025-05-03T02:12:39.988+0000] {dag.py:4180} INFO - Setting next_dagrun for nba_zscore_dag to None, run_after=None
[2025-05-03T02:12:39.995+0000] {processor.py:208} INFO - Processing /opt/airflow/dags/zscore_stats_dag.py took 0.157 seconds
[2025-05-03T02:13:10.548+0000] {processor.py:186} INFO - Started process (PID=730) to work on /opt/airflow/dags/zscore_stats_dag.py
[2025-05-03T02:13:10.549+0000] {processor.py:914} INFO - Processing file /opt/airflow/dags/zscore_stats_dag.py for tasks to queue
[2025-05-03T02:13:10.550+0000] {logging_mixin.py:190} INFO - [2025-05-03T02:13:10.550+0000] {dagbag.py:588} INFO - Filling up the DagBag from /opt/airflow/dags/zscore_stats_dag.py
[2025-05-03T02:13:10.672+0000] {processor.py:925} INFO - DAG(s) 'nba_zscore_dag' retrieved from /opt/airflow/dags/zscore_stats_dag.py
[2025-05-03T02:13:10.682+0000] {logging_mixin.py:190} INFO - [2025-05-03T02:13:10.682+0000] {dag.py:3239} INFO - Sync 1 DAGs
[2025-05-03T02:13:10.687+0000] {logging_mixin.py:190} INFO - [2025-05-03T02:13:10.686+0000] {dag.py:4180} INFO - Setting next_dagrun for nba_zscore_dag to None, run_after=None
[2025-05-03T02:13:10.694+0000] {processor.py:208} INFO - Processing /opt/airflow/dags/zscore_stats_dag.py took 0.152 seconds
[2025-05-03T02:13:41.183+0000] {processor.py:186} INFO - Started process (PID=735) to work on /opt/airflow/dags/zscore_stats_dag.py
[2025-05-03T02:13:41.184+0000] {processor.py:914} INFO - Processing file /opt/airflow/dags/zscore_stats_dag.py for tasks to queue
[2025-05-03T02:13:41.184+0000] {logging_mixin.py:190} INFO - [2025-05-03T02:13:41.184+0000] {dagbag.py:588} INFO - Filling up the DagBag from /opt/airflow/dags/zscore_stats_dag.py
[2025-05-03T02:13:41.295+0000] {processor.py:925} INFO - DAG(s) 'nba_zscore_dag' retrieved from /opt/airflow/dags/zscore_stats_dag.py
[2025-05-03T02:13:41.303+0000] {logging_mixin.py:190} INFO - [2025-05-03T02:13:41.303+0000] {dag.py:3239} INFO - Sync 1 DAGs
[2025-05-03T02:13:41.307+0000] {logging_mixin.py:190} INFO - [2025-05-03T02:13:41.307+0000] {dag.py:4180} INFO - Setting next_dagrun for nba_zscore_dag to None, run_after=None
[2025-05-03T02:13:41.315+0000] {processor.py:208} INFO - Processing /opt/airflow/dags/zscore_stats_dag.py took 0.135 seconds
[2025-05-03T02:14:11.707+0000] {processor.py:186} INFO - Started process (PID=740) to work on /opt/airflow/dags/zscore_stats_dag.py
[2025-05-03T02:14:11.708+0000] {processor.py:914} INFO - Processing file /opt/airflow/dags/zscore_stats_dag.py for tasks to queue
[2025-05-03T02:14:11.708+0000] {logging_mixin.py:190} INFO - [2025-05-03T02:14:11.708+0000] {dagbag.py:588} INFO - Filling up the DagBag from /opt/airflow/dags/zscore_stats_dag.py
[2025-05-03T02:14:11.820+0000] {processor.py:925} INFO - DAG(s) 'nba_zscore_dag' retrieved from /opt/airflow/dags/zscore_stats_dag.py
[2025-05-03T02:14:11.827+0000] {logging_mixin.py:190} INFO - [2025-05-03T02:14:11.827+0000] {dag.py:3239} INFO - Sync 1 DAGs
[2025-05-03T02:14:11.832+0000] {logging_mixin.py:190} INFO - [2025-05-03T02:14:11.832+0000] {dag.py:4180} INFO - Setting next_dagrun for nba_zscore_dag to None, run_after=None
[2025-05-03T02:14:11.837+0000] {processor.py:208} INFO - Processing /opt/airflow/dags/zscore_stats_dag.py took 0.137 seconds
[2025-05-03T02:14:42.389+0000] {processor.py:186} INFO - Started process (PID=745) to work on /opt/airflow/dags/zscore_stats_dag.py
[2025-05-03T02:14:42.390+0000] {processor.py:914} INFO - Processing file /opt/airflow/dags/zscore_stats_dag.py for tasks to queue
[2025-05-03T02:14:42.390+0000] {logging_mixin.py:190} INFO - [2025-05-03T02:14:42.390+0000] {dagbag.py:588} INFO - Filling up the DagBag from /opt/airflow/dags/zscore_stats_dag.py
[2025-05-03T02:14:42.502+0000] {processor.py:925} INFO - DAG(s) 'nba_zscore_dag' retrieved from /opt/airflow/dags/zscore_stats_dag.py
[2025-05-03T02:14:42.510+0000] {logging_mixin.py:190} INFO - [2025-05-03T02:14:42.510+0000] {dag.py:3239} INFO - Sync 1 DAGs
[2025-05-03T02:14:42.514+0000] {logging_mixin.py:190} INFO - [2025-05-03T02:14:42.514+0000] {dag.py:4180} INFO - Setting next_dagrun for nba_zscore_dag to None, run_after=None
[2025-05-03T02:14:42.521+0000] {processor.py:208} INFO - Processing /opt/airflow/dags/zscore_stats_dag.py took 0.138 seconds
[2025-05-03T02:15:12.967+0000] {processor.py:186} INFO - Started process (PID=750) to work on /opt/airflow/dags/zscore_stats_dag.py
[2025-05-03T02:15:12.968+0000] {processor.py:914} INFO - Processing file /opt/airflow/dags/zscore_stats_dag.py for tasks to queue
[2025-05-03T02:15:12.968+0000] {logging_mixin.py:190} INFO - [2025-05-03T02:15:12.968+0000] {dagbag.py:588} INFO - Filling up the DagBag from /opt/airflow/dags/zscore_stats_dag.py
[2025-05-03T02:15:13.077+0000] {processor.py:925} INFO - DAG(s) 'nba_zscore_dag' retrieved from /opt/airflow/dags/zscore_stats_dag.py
[2025-05-03T02:15:13.085+0000] {logging_mixin.py:190} INFO - [2025-05-03T02:15:13.085+0000] {dag.py:3239} INFO - Sync 1 DAGs
[2025-05-03T02:15:13.090+0000] {logging_mixin.py:190} INFO - [2025-05-03T02:15:13.090+0000] {dag.py:4180} INFO - Setting next_dagrun for nba_zscore_dag to None, run_after=None
[2025-05-03T02:15:13.096+0000] {processor.py:208} INFO - Processing /opt/airflow/dags/zscore_stats_dag.py took 0.134 seconds
[2025-05-03T02:15:43.508+0000] {processor.py:186} INFO - Started process (PID=755) to work on /opt/airflow/dags/zscore_stats_dag.py
[2025-05-03T02:15:43.509+0000] {processor.py:914} INFO - Processing file /opt/airflow/dags/zscore_stats_dag.py for tasks to queue
[2025-05-03T02:15:43.510+0000] {logging_mixin.py:190} INFO - [2025-05-03T02:15:43.509+0000] {dagbag.py:588} INFO - Filling up the DagBag from /opt/airflow/dags/zscore_stats_dag.py
[2025-05-03T02:15:43.632+0000] {processor.py:925} INFO - DAG(s) 'nba_zscore_dag' retrieved from /opt/airflow/dags/zscore_stats_dag.py
[2025-05-03T02:15:43.641+0000] {logging_mixin.py:190} INFO - [2025-05-03T02:15:43.641+0000] {dag.py:3239} INFO - Sync 1 DAGs
[2025-05-03T02:15:43.646+0000] {logging_mixin.py:190} INFO - [2025-05-03T02:15:43.646+0000] {dag.py:4180} INFO - Setting next_dagrun for nba_zscore_dag to None, run_after=None
[2025-05-03T02:15:43.652+0000] {processor.py:208} INFO - Processing /opt/airflow/dags/zscore_stats_dag.py took 0.149 seconds
[2025-05-03T02:16:14.126+0000] {processor.py:186} INFO - Started process (PID=760) to work on /opt/airflow/dags/zscore_stats_dag.py
[2025-05-03T02:16:14.127+0000] {processor.py:914} INFO - Processing file /opt/airflow/dags/zscore_stats_dag.py for tasks to queue
[2025-05-03T02:16:14.128+0000] {logging_mixin.py:190} INFO - [2025-05-03T02:16:14.128+0000] {dagbag.py:588} INFO - Filling up the DagBag from /opt/airflow/dags/zscore_stats_dag.py
[2025-05-03T02:16:14.252+0000] {processor.py:925} INFO - DAG(s) 'nba_zscore_dag' retrieved from /opt/airflow/dags/zscore_stats_dag.py
[2025-05-03T02:16:14.260+0000] {logging_mixin.py:190} INFO - [2025-05-03T02:16:14.260+0000] {dag.py:3239} INFO - Sync 1 DAGs
[2025-05-03T02:16:14.268+0000] {logging_mixin.py:190} INFO - [2025-05-03T02:16:14.268+0000] {dag.py:4180} INFO - Setting next_dagrun for nba_zscore_dag to None, run_after=None
[2025-05-03T02:16:14.275+0000] {processor.py:208} INFO - Processing /opt/airflow/dags/zscore_stats_dag.py took 0.154 seconds
[2025-05-03T02:16:44.785+0000] {processor.py:186} INFO - Started process (PID=765) to work on /opt/airflow/dags/zscore_stats_dag.py
[2025-05-03T02:16:44.786+0000] {processor.py:914} INFO - Processing file /opt/airflow/dags/zscore_stats_dag.py for tasks to queue
[2025-05-03T02:16:44.787+0000] {logging_mixin.py:190} INFO - [2025-05-03T02:16:44.786+0000] {dagbag.py:588} INFO - Filling up the DagBag from /opt/airflow/dags/zscore_stats_dag.py
[2025-05-03T02:16:44.898+0000] {processor.py:925} INFO - DAG(s) 'nba_zscore_dag' retrieved from /opt/airflow/dags/zscore_stats_dag.py
[2025-05-03T02:16:44.906+0000] {logging_mixin.py:190} INFO - [2025-05-03T02:16:44.906+0000] {dag.py:3239} INFO - Sync 1 DAGs
[2025-05-03T02:16:44.910+0000] {logging_mixin.py:190} INFO - [2025-05-03T02:16:44.910+0000] {dag.py:4180} INFO - Setting next_dagrun for nba_zscore_dag to None, run_after=None
[2025-05-03T02:16:44.917+0000] {processor.py:208} INFO - Processing /opt/airflow/dags/zscore_stats_dag.py took 0.136 seconds
[2025-05-03T02:17:15.454+0000] {processor.py:186} INFO - Started process (PID=770) to work on /opt/airflow/dags/zscore_stats_dag.py
[2025-05-03T02:17:15.455+0000] {processor.py:914} INFO - Processing file /opt/airflow/dags/zscore_stats_dag.py for tasks to queue
[2025-05-03T02:17:15.455+0000] {logging_mixin.py:190} INFO - [2025-05-03T02:17:15.455+0000] {dagbag.py:588} INFO - Filling up the DagBag from /opt/airflow/dags/zscore_stats_dag.py
[2025-05-03T02:17:15.562+0000] {processor.py:925} INFO - DAG(s) 'nba_zscore_dag' retrieved from /opt/airflow/dags/zscore_stats_dag.py
[2025-05-03T02:17:15.570+0000] {logging_mixin.py:190} INFO - [2025-05-03T02:17:15.570+0000] {dag.py:3239} INFO - Sync 1 DAGs
[2025-05-03T02:17:15.575+0000] {logging_mixin.py:190} INFO - [2025-05-03T02:17:15.575+0000] {dag.py:4180} INFO - Setting next_dagrun for nba_zscore_dag to None, run_after=None
[2025-05-03T02:17:15.581+0000] {processor.py:208} INFO - Processing /opt/airflow/dags/zscore_stats_dag.py took 0.131 seconds
[2025-05-03T02:17:46.272+0000] {processor.py:186} INFO - Started process (PID=775) to work on /opt/airflow/dags/zscore_stats_dag.py
[2025-05-03T02:17:46.273+0000] {processor.py:914} INFO - Processing file /opt/airflow/dags/zscore_stats_dag.py for tasks to queue
[2025-05-03T02:17:46.275+0000] {logging_mixin.py:190} INFO - [2025-05-03T02:17:46.274+0000] {dagbag.py:588} INFO - Filling up the DagBag from /opt/airflow/dags/zscore_stats_dag.py
[2025-05-03T02:17:46.401+0000] {processor.py:925} INFO - DAG(s) 'nba_zscore_dag' retrieved from /opt/airflow/dags/zscore_stats_dag.py
[2025-05-03T02:17:46.411+0000] {logging_mixin.py:190} INFO - [2025-05-03T02:17:46.410+0000] {dag.py:3239} INFO - Sync 1 DAGs
[2025-05-03T02:17:46.417+0000] {logging_mixin.py:190} INFO - [2025-05-03T02:17:46.417+0000] {dag.py:4180} INFO - Setting next_dagrun for nba_zscore_dag to None, run_after=None
[2025-05-03T02:17:46.424+0000] {processor.py:208} INFO - Processing /opt/airflow/dags/zscore_stats_dag.py took 0.161 seconds
[2025-05-03T02:18:16.825+0000] {processor.py:186} INFO - Started process (PID=780) to work on /opt/airflow/dags/zscore_stats_dag.py
[2025-05-03T02:18:16.826+0000] {processor.py:914} INFO - Processing file /opt/airflow/dags/zscore_stats_dag.py for tasks to queue
[2025-05-03T02:18:16.827+0000] {logging_mixin.py:190} INFO - [2025-05-03T02:18:16.827+0000] {dagbag.py:588} INFO - Filling up the DagBag from /opt/airflow/dags/zscore_stats_dag.py
[2025-05-03T02:18:16.938+0000] {processor.py:925} INFO - DAG(s) 'nba_zscore_dag' retrieved from /opt/airflow/dags/zscore_stats_dag.py
[2025-05-03T02:18:16.947+0000] {logging_mixin.py:190} INFO - [2025-05-03T02:18:16.947+0000] {dag.py:3239} INFO - Sync 1 DAGs
[2025-05-03T02:18:16.952+0000] {logging_mixin.py:190} INFO - [2025-05-03T02:18:16.952+0000] {dag.py:4180} INFO - Setting next_dagrun for nba_zscore_dag to None, run_after=None
[2025-05-03T02:18:16.958+0000] {processor.py:208} INFO - Processing /opt/airflow/dags/zscore_stats_dag.py took 0.138 seconds
[2025-05-03T02:18:47.420+0000] {processor.py:186} INFO - Started process (PID=785) to work on /opt/airflow/dags/zscore_stats_dag.py
[2025-05-03T02:18:47.421+0000] {processor.py:914} INFO - Processing file /opt/airflow/dags/zscore_stats_dag.py for tasks to queue
[2025-05-03T02:18:47.422+0000] {logging_mixin.py:190} INFO - [2025-05-03T02:18:47.422+0000] {dagbag.py:588} INFO - Filling up the DagBag from /opt/airflow/dags/zscore_stats_dag.py
[2025-05-03T02:18:47.567+0000] {processor.py:925} INFO - DAG(s) 'nba_zscore_dag' retrieved from /opt/airflow/dags/zscore_stats_dag.py
[2025-05-03T02:18:47.577+0000] {logging_mixin.py:190} INFO - [2025-05-03T02:18:47.577+0000] {dag.py:3239} INFO - Sync 1 DAGs
[2025-05-03T02:18:47.582+0000] {logging_mixin.py:190} INFO - [2025-05-03T02:18:47.582+0000] {dag.py:4180} INFO - Setting next_dagrun for nba_zscore_dag to None, run_after=None
[2025-05-03T02:18:47.589+0000] {processor.py:208} INFO - Processing /opt/airflow/dags/zscore_stats_dag.py took 0.172 seconds
[2025-05-03T02:19:18.090+0000] {processor.py:186} INFO - Started process (PID=790) to work on /opt/airflow/dags/zscore_stats_dag.py
[2025-05-03T02:19:18.091+0000] {processor.py:914} INFO - Processing file /opt/airflow/dags/zscore_stats_dag.py for tasks to queue
[2025-05-03T02:19:18.091+0000] {logging_mixin.py:190} INFO - [2025-05-03T02:19:18.091+0000] {dagbag.py:588} INFO - Filling up the DagBag from /opt/airflow/dags/zscore_stats_dag.py
[2025-05-03T02:19:18.203+0000] {processor.py:925} INFO - DAG(s) 'nba_zscore_dag' retrieved from /opt/airflow/dags/zscore_stats_dag.py
[2025-05-03T02:19:18.211+0000] {logging_mixin.py:190} INFO - [2025-05-03T02:19:18.211+0000] {dag.py:3239} INFO - Sync 1 DAGs
[2025-05-03T02:19:18.216+0000] {logging_mixin.py:190} INFO - [2025-05-03T02:19:18.216+0000] {dag.py:4180} INFO - Setting next_dagrun for nba_zscore_dag to None, run_after=None
[2025-05-03T02:19:18.223+0000] {processor.py:208} INFO - Processing /opt/airflow/dags/zscore_stats_dag.py took 0.137 seconds
[2025-05-03T02:19:48.652+0000] {processor.py:186} INFO - Started process (PID=795) to work on /opt/airflow/dags/zscore_stats_dag.py
[2025-05-03T02:19:48.653+0000] {processor.py:914} INFO - Processing file /opt/airflow/dags/zscore_stats_dag.py for tasks to queue
[2025-05-03T02:19:48.654+0000] {logging_mixin.py:190} INFO - [2025-05-03T02:19:48.654+0000] {dagbag.py:588} INFO - Filling up the DagBag from /opt/airflow/dags/zscore_stats_dag.py
[2025-05-03T02:19:48.770+0000] {processor.py:925} INFO - DAG(s) 'nba_zscore_dag' retrieved from /opt/airflow/dags/zscore_stats_dag.py
[2025-05-03T02:19:48.778+0000] {logging_mixin.py:190} INFO - [2025-05-03T02:19:48.778+0000] {dag.py:3239} INFO - Sync 1 DAGs
[2025-05-03T02:19:48.783+0000] {logging_mixin.py:190} INFO - [2025-05-03T02:19:48.783+0000] {dag.py:4180} INFO - Setting next_dagrun for nba_zscore_dag to None, run_after=None
[2025-05-03T02:19:48.790+0000] {processor.py:208} INFO - Processing /opt/airflow/dags/zscore_stats_dag.py took 0.141 seconds
[2025-05-03T02:20:19.312+0000] {processor.py:186} INFO - Started process (PID=800) to work on /opt/airflow/dags/zscore_stats_dag.py
[2025-05-03T02:20:19.312+0000] {processor.py:914} INFO - Processing file /opt/airflow/dags/zscore_stats_dag.py for tasks to queue
[2025-05-03T02:20:19.313+0000] {logging_mixin.py:190} INFO - [2025-05-03T02:20:19.313+0000] {dagbag.py:588} INFO - Filling up the DagBag from /opt/airflow/dags/zscore_stats_dag.py
[2025-05-03T02:20:19.432+0000] {processor.py:925} INFO - DAG(s) 'nba_zscore_dag' retrieved from /opt/airflow/dags/zscore_stats_dag.py
[2025-05-03T02:20:19.440+0000] {logging_mixin.py:190} INFO - [2025-05-03T02:20:19.440+0000] {dag.py:3239} INFO - Sync 1 DAGs
[2025-05-03T02:20:19.445+0000] {logging_mixin.py:190} INFO - [2025-05-03T02:20:19.445+0000] {dag.py:4180} INFO - Setting next_dagrun for nba_zscore_dag to None, run_after=None
[2025-05-03T02:20:19.452+0000] {processor.py:208} INFO - Processing /opt/airflow/dags/zscore_stats_dag.py took 0.144 seconds
[2025-05-03T02:20:49.875+0000] {processor.py:186} INFO - Started process (PID=805) to work on /opt/airflow/dags/zscore_stats_dag.py
[2025-05-03T02:20:49.879+0000] {processor.py:914} INFO - Processing file /opt/airflow/dags/zscore_stats_dag.py for tasks to queue
[2025-05-03T02:20:49.880+0000] {logging_mixin.py:190} INFO - [2025-05-03T02:20:49.879+0000] {dagbag.py:588} INFO - Filling up the DagBag from /opt/airflow/dags/zscore_stats_dag.py
[2025-05-03T02:20:50.004+0000] {processor.py:925} INFO - DAG(s) 'nba_zscore_dag' retrieved from /opt/airflow/dags/zscore_stats_dag.py
[2025-05-03T02:20:50.011+0000] {logging_mixin.py:190} INFO - [2025-05-03T02:20:50.011+0000] {dag.py:3239} INFO - Sync 1 DAGs
[2025-05-03T02:20:50.017+0000] {logging_mixin.py:190} INFO - [2025-05-03T02:20:50.017+0000] {dag.py:4180} INFO - Setting next_dagrun for nba_zscore_dag to None, run_after=None
[2025-05-03T02:20:50.023+0000] {processor.py:208} INFO - Processing /opt/airflow/dags/zscore_stats_dag.py took 0.157 seconds
[2025-05-03T02:21:20.557+0000] {processor.py:186} INFO - Started process (PID=810) to work on /opt/airflow/dags/zscore_stats_dag.py
[2025-05-03T02:21:20.558+0000] {processor.py:914} INFO - Processing file /opt/airflow/dags/zscore_stats_dag.py for tasks to queue
[2025-05-03T02:21:20.559+0000] {logging_mixin.py:190} INFO - [2025-05-03T02:21:20.559+0000] {dagbag.py:588} INFO - Filling up the DagBag from /opt/airflow/dags/zscore_stats_dag.py
[2025-05-03T02:21:20.681+0000] {processor.py:925} INFO - DAG(s) 'nba_zscore_dag' retrieved from /opt/airflow/dags/zscore_stats_dag.py
[2025-05-03T02:21:20.689+0000] {logging_mixin.py:190} INFO - [2025-05-03T02:21:20.689+0000] {dag.py:3239} INFO - Sync 1 DAGs
[2025-05-03T02:21:20.693+0000] {logging_mixin.py:190} INFO - [2025-05-03T02:21:20.693+0000] {dag.py:4180} INFO - Setting next_dagrun for nba_zscore_dag to None, run_after=None
[2025-05-03T02:21:20.700+0000] {processor.py:208} INFO - Processing /opt/airflow/dags/zscore_stats_dag.py took 0.151 seconds
[2025-05-03T02:21:51.276+0000] {processor.py:186} INFO - Started process (PID=815) to work on /opt/airflow/dags/zscore_stats_dag.py
[2025-05-03T02:21:51.278+0000] {processor.py:914} INFO - Processing file /opt/airflow/dags/zscore_stats_dag.py for tasks to queue
[2025-05-03T02:21:51.279+0000] {logging_mixin.py:190} INFO - [2025-05-03T02:21:51.279+0000] {dagbag.py:588} INFO - Filling up the DagBag from /opt/airflow/dags/zscore_stats_dag.py
[2025-05-03T02:21:51.395+0000] {processor.py:925} INFO - DAG(s) 'nba_zscore_dag' retrieved from /opt/airflow/dags/zscore_stats_dag.py
[2025-05-03T02:21:51.403+0000] {logging_mixin.py:190} INFO - [2025-05-03T02:21:51.403+0000] {dag.py:3239} INFO - Sync 1 DAGs
[2025-05-03T02:21:51.408+0000] {logging_mixin.py:190} INFO - [2025-05-03T02:21:51.407+0000] {dag.py:4180} INFO - Setting next_dagrun for nba_zscore_dag to None, run_after=None
[2025-05-03T02:21:51.414+0000] {processor.py:208} INFO - Processing /opt/airflow/dags/zscore_stats_dag.py took 0.146 seconds
[2025-05-03T02:22:21.874+0000] {processor.py:186} INFO - Started process (PID=820) to work on /opt/airflow/dags/zscore_stats_dag.py
[2025-05-03T02:22:21.874+0000] {processor.py:914} INFO - Processing file /opt/airflow/dags/zscore_stats_dag.py for tasks to queue
[2025-05-03T02:22:21.875+0000] {logging_mixin.py:190} INFO - [2025-05-03T02:22:21.875+0000] {dagbag.py:588} INFO - Filling up the DagBag from /opt/airflow/dags/zscore_stats_dag.py
[2025-05-03T02:22:21.976+0000] {processor.py:925} INFO - DAG(s) 'nba_zscore_dag' retrieved from /opt/airflow/dags/zscore_stats_dag.py
[2025-05-03T02:22:21.984+0000] {logging_mixin.py:190} INFO - [2025-05-03T02:22:21.984+0000] {dag.py:3239} INFO - Sync 1 DAGs
[2025-05-03T02:22:21.989+0000] {logging_mixin.py:190} INFO - [2025-05-03T02:22:21.989+0000] {dag.py:4180} INFO - Setting next_dagrun for nba_zscore_dag to None, run_after=None
[2025-05-03T02:22:21.996+0000] {processor.py:208} INFO - Processing /opt/airflow/dags/zscore_stats_dag.py took 0.125 seconds
[2025-05-03T02:22:52.666+0000] {processor.py:186} INFO - Started process (PID=825) to work on /opt/airflow/dags/zscore_stats_dag.py
[2025-05-03T02:22:52.667+0000] {processor.py:914} INFO - Processing file /opt/airflow/dags/zscore_stats_dag.py for tasks to queue
[2025-05-03T02:22:52.668+0000] {logging_mixin.py:190} INFO - [2025-05-03T02:22:52.668+0000] {dagbag.py:588} INFO - Filling up the DagBag from /opt/airflow/dags/zscore_stats_dag.py
[2025-05-03T02:22:52.800+0000] {processor.py:925} INFO - DAG(s) 'nba_zscore_dag' retrieved from /opt/airflow/dags/zscore_stats_dag.py
[2025-05-03T02:22:52.809+0000] {logging_mixin.py:190} INFO - [2025-05-03T02:22:52.809+0000] {dag.py:3239} INFO - Sync 1 DAGs
[2025-05-03T02:22:52.815+0000] {logging_mixin.py:190} INFO - [2025-05-03T02:22:52.815+0000] {dag.py:4180} INFO - Setting next_dagrun for nba_zscore_dag to None, run_after=None
[2025-05-03T02:22:52.831+0000] {processor.py:208} INFO - Processing /opt/airflow/dags/zscore_stats_dag.py took 0.171 seconds
[2025-05-03T02:23:23.361+0000] {processor.py:186} INFO - Started process (PID=830) to work on /opt/airflow/dags/zscore_stats_dag.py
[2025-05-03T02:23:23.362+0000] {processor.py:914} INFO - Processing file /opt/airflow/dags/zscore_stats_dag.py for tasks to queue
[2025-05-03T02:23:23.363+0000] {logging_mixin.py:190} INFO - [2025-05-03T02:23:23.362+0000] {dagbag.py:588} INFO - Filling up the DagBag from /opt/airflow/dags/zscore_stats_dag.py
[2025-05-03T02:23:23.478+0000] {processor.py:925} INFO - DAG(s) 'nba_zscore_dag' retrieved from /opt/airflow/dags/zscore_stats_dag.py
[2025-05-03T02:23:23.489+0000] {logging_mixin.py:190} INFO - [2025-05-03T02:23:23.489+0000] {dag.py:3239} INFO - Sync 1 DAGs
[2025-05-03T02:23:23.495+0000] {logging_mixin.py:190} INFO - [2025-05-03T02:23:23.495+0000] {dag.py:4180} INFO - Setting next_dagrun for nba_zscore_dag to None, run_after=None
[2025-05-03T02:23:23.513+0000] {processor.py:208} INFO - Processing /opt/airflow/dags/zscore_stats_dag.py took 0.157 seconds
[2025-05-03T02:23:53.984+0000] {processor.py:186} INFO - Started process (PID=835) to work on /opt/airflow/dags/zscore_stats_dag.py
[2025-05-03T02:23:53.984+0000] {processor.py:914} INFO - Processing file /opt/airflow/dags/zscore_stats_dag.py for tasks to queue
[2025-05-03T02:23:53.985+0000] {logging_mixin.py:190} INFO - [2025-05-03T02:23:53.985+0000] {dagbag.py:588} INFO - Filling up the DagBag from /opt/airflow/dags/zscore_stats_dag.py
[2025-05-03T02:23:54.089+0000] {processor.py:925} INFO - DAG(s) 'nba_zscore_dag' retrieved from /opt/airflow/dags/zscore_stats_dag.py
[2025-05-03T02:23:54.097+0000] {logging_mixin.py:190} INFO - [2025-05-03T02:23:54.097+0000] {dag.py:3239} INFO - Sync 1 DAGs
[2025-05-03T02:23:54.101+0000] {logging_mixin.py:190} INFO - [2025-05-03T02:23:54.101+0000] {dag.py:4180} INFO - Setting next_dagrun for nba_zscore_dag to None, run_after=None
[2025-05-03T02:23:54.107+0000] {processor.py:208} INFO - Processing /opt/airflow/dags/zscore_stats_dag.py took 0.127 seconds
[2025-05-03T02:24:24.624+0000] {processor.py:186} INFO - Started process (PID=840) to work on /opt/airflow/dags/zscore_stats_dag.py
[2025-05-03T02:24:24.625+0000] {processor.py:914} INFO - Processing file /opt/airflow/dags/zscore_stats_dag.py for tasks to queue
[2025-05-03T02:24:24.625+0000] {logging_mixin.py:190} INFO - [2025-05-03T02:24:24.625+0000] {dagbag.py:588} INFO - Filling up the DagBag from /opt/airflow/dags/zscore_stats_dag.py
[2025-05-03T02:24:24.740+0000] {processor.py:925} INFO - DAG(s) 'nba_zscore_dag' retrieved from /opt/airflow/dags/zscore_stats_dag.py
[2025-05-03T02:24:24.747+0000] {logging_mixin.py:190} INFO - [2025-05-03T02:24:24.747+0000] {dag.py:3239} INFO - Sync 1 DAGs
[2025-05-03T02:24:24.751+0000] {logging_mixin.py:190} INFO - [2025-05-03T02:24:24.751+0000] {dag.py:4180} INFO - Setting next_dagrun for nba_zscore_dag to None, run_after=None
[2025-05-03T02:24:24.758+0000] {processor.py:208} INFO - Processing /opt/airflow/dags/zscore_stats_dag.py took 0.139 seconds
[2025-05-03T02:24:55.307+0000] {processor.py:186} INFO - Started process (PID=845) to work on /opt/airflow/dags/zscore_stats_dag.py
[2025-05-03T02:24:55.308+0000] {processor.py:914} INFO - Processing file /opt/airflow/dags/zscore_stats_dag.py for tasks to queue
[2025-05-03T02:24:55.310+0000] {logging_mixin.py:190} INFO - [2025-05-03T02:24:55.310+0000] {dagbag.py:588} INFO - Filling up the DagBag from /opt/airflow/dags/zscore_stats_dag.py
[2025-05-03T02:24:55.421+0000] {processor.py:925} INFO - DAG(s) 'nba_zscore_dag' retrieved from /opt/airflow/dags/zscore_stats_dag.py
[2025-05-03T02:24:55.429+0000] {logging_mixin.py:190} INFO - [2025-05-03T02:24:55.429+0000] {dag.py:3239} INFO - Sync 1 DAGs
[2025-05-03T02:24:55.433+0000] {logging_mixin.py:190} INFO - [2025-05-03T02:24:55.433+0000] {dag.py:4180} INFO - Setting next_dagrun for nba_zscore_dag to None, run_after=None
[2025-05-03T02:24:55.440+0000] {processor.py:208} INFO - Processing /opt/airflow/dags/zscore_stats_dag.py took 0.141 seconds
[2025-05-03T02:25:26.132+0000] {processor.py:186} INFO - Started process (PID=850) to work on /opt/airflow/dags/zscore_stats_dag.py
[2025-05-03T02:25:26.133+0000] {processor.py:914} INFO - Processing file /opt/airflow/dags/zscore_stats_dag.py for tasks to queue
[2025-05-03T02:25:26.134+0000] {logging_mixin.py:190} INFO - [2025-05-03T02:25:26.133+0000] {dagbag.py:588} INFO - Filling up the DagBag from /opt/airflow/dags/zscore_stats_dag.py
[2025-05-03T02:25:26.256+0000] {processor.py:925} INFO - DAG(s) 'nba_zscore_dag' retrieved from /opt/airflow/dags/zscore_stats_dag.py
[2025-05-03T02:25:26.266+0000] {logging_mixin.py:190} INFO - [2025-05-03T02:25:26.266+0000] {dag.py:3239} INFO - Sync 1 DAGs
[2025-05-03T02:25:26.271+0000] {logging_mixin.py:190} INFO - [2025-05-03T02:25:26.271+0000] {dag.py:4180} INFO - Setting next_dagrun for nba_zscore_dag to None, run_after=None
[2025-05-03T02:25:26.280+0000] {processor.py:208} INFO - Processing /opt/airflow/dags/zscore_stats_dag.py took 0.155 seconds
[2025-05-03T02:25:56.901+0000] {processor.py:186} INFO - Started process (PID=855) to work on /opt/airflow/dags/zscore_stats_dag.py
[2025-05-03T02:25:56.902+0000] {processor.py:914} INFO - Processing file /opt/airflow/dags/zscore_stats_dag.py for tasks to queue
[2025-05-03T02:25:56.903+0000] {logging_mixin.py:190} INFO - [2025-05-03T02:25:56.903+0000] {dagbag.py:588} INFO - Filling up the DagBag from /opt/airflow/dags/zscore_stats_dag.py
[2025-05-03T02:25:57.016+0000] {processor.py:925} INFO - DAG(s) 'nba_zscore_dag' retrieved from /opt/airflow/dags/zscore_stats_dag.py
[2025-05-03T02:25:57.024+0000] {logging_mixin.py:190} INFO - [2025-05-03T02:25:57.024+0000] {dag.py:3239} INFO - Sync 1 DAGs
[2025-05-03T02:25:57.029+0000] {logging_mixin.py:190} INFO - [2025-05-03T02:25:57.029+0000] {dag.py:4180} INFO - Setting next_dagrun for nba_zscore_dag to None, run_after=None
[2025-05-03T02:25:57.035+0000] {processor.py:208} INFO - Processing /opt/airflow/dags/zscore_stats_dag.py took 0.138 seconds
[2025-05-03T02:26:27.528+0000] {processor.py:186} INFO - Started process (PID=860) to work on /opt/airflow/dags/zscore_stats_dag.py
[2025-05-03T02:26:27.529+0000] {processor.py:914} INFO - Processing file /opt/airflow/dags/zscore_stats_dag.py for tasks to queue
[2025-05-03T02:26:27.530+0000] {logging_mixin.py:190} INFO - [2025-05-03T02:26:27.529+0000] {dagbag.py:588} INFO - Filling up the DagBag from /opt/airflow/dags/zscore_stats_dag.py
[2025-05-03T02:26:27.646+0000] {processor.py:925} INFO - DAG(s) 'nba_zscore_dag' retrieved from /opt/airflow/dags/zscore_stats_dag.py
[2025-05-03T02:26:27.655+0000] {logging_mixin.py:190} INFO - [2025-05-03T02:26:27.655+0000] {dag.py:3239} INFO - Sync 1 DAGs
[2025-05-03T02:26:27.660+0000] {logging_mixin.py:190} INFO - [2025-05-03T02:26:27.660+0000] {dag.py:4180} INFO - Setting next_dagrun for nba_zscore_dag to None, run_after=None
[2025-05-03T02:26:27.667+0000] {processor.py:208} INFO - Processing /opt/airflow/dags/zscore_stats_dag.py took 0.144 seconds
[2025-05-03T02:26:58.293+0000] {processor.py:186} INFO - Started process (PID=865) to work on /opt/airflow/dags/zscore_stats_dag.py
[2025-05-03T02:26:58.293+0000] {processor.py:914} INFO - Processing file /opt/airflow/dags/zscore_stats_dag.py for tasks to queue
[2025-05-03T02:26:58.295+0000] {logging_mixin.py:190} INFO - [2025-05-03T02:26:58.294+0000] {dagbag.py:588} INFO - Filling up the DagBag from /opt/airflow/dags/zscore_stats_dag.py
[2025-05-03T02:26:58.410+0000] {processor.py:925} INFO - DAG(s) 'nba_zscore_dag' retrieved from /opt/airflow/dags/zscore_stats_dag.py
[2025-05-03T02:26:58.418+0000] {logging_mixin.py:190} INFO - [2025-05-03T02:26:58.418+0000] {dag.py:3239} INFO - Sync 1 DAGs
[2025-05-03T02:26:58.423+0000] {logging_mixin.py:190} INFO - [2025-05-03T02:26:58.423+0000] {dag.py:4180} INFO - Setting next_dagrun for nba_zscore_dag to None, run_after=None
[2025-05-03T02:26:58.429+0000] {processor.py:208} INFO - Processing /opt/airflow/dags/zscore_stats_dag.py took 0.144 seconds
[2025-05-03T02:27:29.030+0000] {processor.py:186} INFO - Started process (PID=870) to work on /opt/airflow/dags/zscore_stats_dag.py
[2025-05-03T02:27:29.031+0000] {processor.py:914} INFO - Processing file /opt/airflow/dags/zscore_stats_dag.py for tasks to queue
[2025-05-03T02:27:29.031+0000] {logging_mixin.py:190} INFO - [2025-05-03T02:27:29.031+0000] {dagbag.py:588} INFO - Filling up the DagBag from /opt/airflow/dags/zscore_stats_dag.py
[2025-05-03T02:27:29.148+0000] {processor.py:925} INFO - DAG(s) 'nba_zscore_dag' retrieved from /opt/airflow/dags/zscore_stats_dag.py
[2025-05-03T02:27:29.157+0000] {logging_mixin.py:190} INFO - [2025-05-03T02:27:29.157+0000] {dag.py:3239} INFO - Sync 1 DAGs
[2025-05-03T02:27:29.161+0000] {logging_mixin.py:190} INFO - [2025-05-03T02:27:29.161+0000] {dag.py:4180} INFO - Setting next_dagrun for nba_zscore_dag to None, run_after=None
[2025-05-03T02:27:29.168+0000] {processor.py:208} INFO - Processing /opt/airflow/dags/zscore_stats_dag.py took 0.141 seconds
[2025-05-03T02:27:59.692+0000] {processor.py:186} INFO - Started process (PID=875) to work on /opt/airflow/dags/zscore_stats_dag.py
[2025-05-03T02:27:59.693+0000] {processor.py:914} INFO - Processing file /opt/airflow/dags/zscore_stats_dag.py for tasks to queue
[2025-05-03T02:27:59.694+0000] {logging_mixin.py:190} INFO - [2025-05-03T02:27:59.694+0000] {dagbag.py:588} INFO - Filling up the DagBag from /opt/airflow/dags/zscore_stats_dag.py
[2025-05-03T02:27:59.799+0000] {processor.py:925} INFO - DAG(s) 'nba_zscore_dag' retrieved from /opt/airflow/dags/zscore_stats_dag.py
[2025-05-03T02:27:59.807+0000] {logging_mixin.py:190} INFO - [2025-05-03T02:27:59.807+0000] {dag.py:3239} INFO - Sync 1 DAGs
[2025-05-03T02:27:59.811+0000] {logging_mixin.py:190} INFO - [2025-05-03T02:27:59.811+0000] {dag.py:4180} INFO - Setting next_dagrun for nba_zscore_dag to None, run_after=None
[2025-05-03T02:27:59.817+0000] {processor.py:208} INFO - Processing /opt/airflow/dags/zscore_stats_dag.py took 0.130 seconds
[2025-05-03T02:28:30.462+0000] {processor.py:186} INFO - Started process (PID=880) to work on /opt/airflow/dags/zscore_stats_dag.py
[2025-05-03T02:28:30.463+0000] {processor.py:914} INFO - Processing file /opt/airflow/dags/zscore_stats_dag.py for tasks to queue
[2025-05-03T02:28:30.464+0000] {logging_mixin.py:190} INFO - [2025-05-03T02:28:30.463+0000] {dagbag.py:588} INFO - Filling up the DagBag from /opt/airflow/dags/zscore_stats_dag.py
[2025-05-03T02:28:30.569+0000] {processor.py:925} INFO - DAG(s) 'nba_zscore_dag' retrieved from /opt/airflow/dags/zscore_stats_dag.py
[2025-05-03T02:28:30.577+0000] {logging_mixin.py:190} INFO - [2025-05-03T02:28:30.576+0000] {dag.py:3239} INFO - Sync 1 DAGs
[2025-05-03T02:28:30.582+0000] {logging_mixin.py:190} INFO - [2025-05-03T02:28:30.582+0000] {dag.py:4180} INFO - Setting next_dagrun for nba_zscore_dag to None, run_after=None
[2025-05-03T02:28:30.588+0000] {processor.py:208} INFO - Processing /opt/airflow/dags/zscore_stats_dag.py took 0.129 seconds
[2025-05-03T02:29:01.121+0000] {processor.py:186} INFO - Started process (PID=885) to work on /opt/airflow/dags/zscore_stats_dag.py
[2025-05-03T02:29:01.122+0000] {processor.py:914} INFO - Processing file /opt/airflow/dags/zscore_stats_dag.py for tasks to queue
[2025-05-03T02:29:01.123+0000] {logging_mixin.py:190} INFO - [2025-05-03T02:29:01.122+0000] {dagbag.py:588} INFO - Filling up the DagBag from /opt/airflow/dags/zscore_stats_dag.py
[2025-05-03T02:29:01.248+0000] {processor.py:925} INFO - DAG(s) 'nba_zscore_dag' retrieved from /opt/airflow/dags/zscore_stats_dag.py
[2025-05-03T02:29:01.256+0000] {logging_mixin.py:190} INFO - [2025-05-03T02:29:01.256+0000] {dag.py:3239} INFO - Sync 1 DAGs
[2025-05-03T02:29:01.261+0000] {logging_mixin.py:190} INFO - [2025-05-03T02:29:01.261+0000] {dag.py:4180} INFO - Setting next_dagrun for nba_zscore_dag to None, run_after=None
[2025-05-03T02:29:01.268+0000] {processor.py:208} INFO - Processing /opt/airflow/dags/zscore_stats_dag.py took 0.154 seconds
[2025-05-03T02:29:31.879+0000] {processor.py:186} INFO - Started process (PID=890) to work on /opt/airflow/dags/zscore_stats_dag.py
[2025-05-03T02:29:31.880+0000] {processor.py:914} INFO - Processing file /opt/airflow/dags/zscore_stats_dag.py for tasks to queue
[2025-05-03T02:29:31.881+0000] {logging_mixin.py:190} INFO - [2025-05-03T02:29:31.881+0000] {dagbag.py:588} INFO - Filling up the DagBag from /opt/airflow/dags/zscore_stats_dag.py
[2025-05-03T02:29:31.996+0000] {processor.py:925} INFO - DAG(s) 'nba_zscore_dag' retrieved from /opt/airflow/dags/zscore_stats_dag.py
[2025-05-03T02:29:32.004+0000] {logging_mixin.py:190} INFO - [2025-05-03T02:29:32.004+0000] {dag.py:3239} INFO - Sync 1 DAGs
[2025-05-03T02:29:32.009+0000] {logging_mixin.py:190} INFO - [2025-05-03T02:29:32.009+0000] {dag.py:4180} INFO - Setting next_dagrun for nba_zscore_dag to None, run_after=None
[2025-05-03T02:29:32.015+0000] {processor.py:208} INFO - Processing /opt/airflow/dags/zscore_stats_dag.py took 0.146 seconds
[2025-05-03T02:30:02.622+0000] {processor.py:186} INFO - Started process (PID=895) to work on /opt/airflow/dags/zscore_stats_dag.py
[2025-05-03T02:30:02.623+0000] {processor.py:914} INFO - Processing file /opt/airflow/dags/zscore_stats_dag.py for tasks to queue
[2025-05-03T02:30:02.624+0000] {logging_mixin.py:190} INFO - [2025-05-03T02:30:02.624+0000] {dagbag.py:588} INFO - Filling up the DagBag from /opt/airflow/dags/zscore_stats_dag.py
[2025-05-03T02:30:02.750+0000] {processor.py:925} INFO - DAG(s) 'nba_zscore_dag' retrieved from /opt/airflow/dags/zscore_stats_dag.py
[2025-05-03T02:30:02.759+0000] {logging_mixin.py:190} INFO - [2025-05-03T02:30:02.759+0000] {dag.py:3239} INFO - Sync 1 DAGs
[2025-05-03T02:30:02.764+0000] {logging_mixin.py:190} INFO - [2025-05-03T02:30:02.764+0000] {dag.py:4180} INFO - Setting next_dagrun for nba_zscore_dag to None, run_after=None
[2025-05-03T02:30:02.771+0000] {processor.py:208} INFO - Processing /opt/airflow/dags/zscore_stats_dag.py took 0.155 seconds
[2025-05-03T02:30:33.417+0000] {processor.py:186} INFO - Started process (PID=900) to work on /opt/airflow/dags/zscore_stats_dag.py
[2025-05-03T02:30:33.417+0000] {processor.py:914} INFO - Processing file /opt/airflow/dags/zscore_stats_dag.py for tasks to queue
[2025-05-03T02:30:33.418+0000] {logging_mixin.py:190} INFO - [2025-05-03T02:30:33.418+0000] {dagbag.py:588} INFO - Filling up the DagBag from /opt/airflow/dags/zscore_stats_dag.py
[2025-05-03T02:30:33.551+0000] {processor.py:925} INFO - DAG(s) 'nba_zscore_dag' retrieved from /opt/airflow/dags/zscore_stats_dag.py
[2025-05-03T02:30:33.563+0000] {logging_mixin.py:190} INFO - [2025-05-03T02:30:33.563+0000] {dag.py:3239} INFO - Sync 1 DAGs
[2025-05-03T02:30:33.568+0000] {logging_mixin.py:190} INFO - [2025-05-03T02:30:33.568+0000] {dag.py:4180} INFO - Setting next_dagrun for nba_zscore_dag to None, run_after=None
[2025-05-03T02:30:33.576+0000] {processor.py:208} INFO - Processing /opt/airflow/dags/zscore_stats_dag.py took 0.162 seconds
[2025-05-03T02:31:04.294+0000] {processor.py:186} INFO - Started process (PID=905) to work on /opt/airflow/dags/zscore_stats_dag.py
[2025-05-03T02:31:04.295+0000] {processor.py:914} INFO - Processing file /opt/airflow/dags/zscore_stats_dag.py for tasks to queue
[2025-05-03T02:31:04.297+0000] {logging_mixin.py:190} INFO - [2025-05-03T02:31:04.296+0000] {dagbag.py:588} INFO - Filling up the DagBag from /opt/airflow/dags/zscore_stats_dag.py
[2025-05-03T02:31:04.414+0000] {processor.py:925} INFO - DAG(s) 'nba_zscore_dag' retrieved from /opt/airflow/dags/zscore_stats_dag.py
[2025-05-03T02:31:04.423+0000] {logging_mixin.py:190} INFO - [2025-05-03T02:31:04.423+0000] {dag.py:3239} INFO - Sync 1 DAGs
[2025-05-03T02:31:04.428+0000] {logging_mixin.py:190} INFO - [2025-05-03T02:31:04.428+0000] {dag.py:4180} INFO - Setting next_dagrun for nba_zscore_dag to None, run_after=None
[2025-05-03T02:31:04.434+0000] {processor.py:208} INFO - Processing /opt/airflow/dags/zscore_stats_dag.py took 0.150 seconds
[2025-05-03T02:31:35.093+0000] {processor.py:186} INFO - Started process (PID=910) to work on /opt/airflow/dags/zscore_stats_dag.py
[2025-05-03T02:31:35.094+0000] {processor.py:914} INFO - Processing file /opt/airflow/dags/zscore_stats_dag.py for tasks to queue
[2025-05-03T02:31:35.097+0000] {logging_mixin.py:190} INFO - [2025-05-03T02:31:35.096+0000] {dagbag.py:588} INFO - Filling up the DagBag from /opt/airflow/dags/zscore_stats_dag.py
[2025-05-03T02:31:35.217+0000] {processor.py:925} INFO - DAG(s) 'nba_zscore_dag' retrieved from /opt/airflow/dags/zscore_stats_dag.py
[2025-05-03T02:31:35.226+0000] {logging_mixin.py:190} INFO - [2025-05-03T02:31:35.226+0000] {dag.py:3239} INFO - Sync 1 DAGs
[2025-05-03T02:31:35.231+0000] {logging_mixin.py:190} INFO - [2025-05-03T02:31:35.231+0000] {dag.py:4180} INFO - Setting next_dagrun for nba_zscore_dag to None, run_after=None
[2025-05-03T02:31:35.237+0000] {processor.py:208} INFO - Processing /opt/airflow/dags/zscore_stats_dag.py took 0.154 seconds
[2025-05-03T02:32:05.699+0000] {processor.py:186} INFO - Started process (PID=915) to work on /opt/airflow/dags/zscore_stats_dag.py
[2025-05-03T02:32:05.700+0000] {processor.py:914} INFO - Processing file /opt/airflow/dags/zscore_stats_dag.py for tasks to queue
[2025-05-03T02:32:05.701+0000] {logging_mixin.py:190} INFO - [2025-05-03T02:32:05.701+0000] {dagbag.py:588} INFO - Filling up the DagBag from /opt/airflow/dags/zscore_stats_dag.py
[2025-05-03T02:32:05.825+0000] {processor.py:925} INFO - DAG(s) 'nba_zscore_dag' retrieved from /opt/airflow/dags/zscore_stats_dag.py
[2025-05-03T02:32:05.835+0000] {logging_mixin.py:190} INFO - [2025-05-03T02:32:05.835+0000] {dag.py:3239} INFO - Sync 1 DAGs
[2025-05-03T02:32:05.840+0000] {logging_mixin.py:190} INFO - [2025-05-03T02:32:05.840+0000] {dag.py:4180} INFO - Setting next_dagrun for nba_zscore_dag to None, run_after=None
[2025-05-03T02:32:05.849+0000] {processor.py:208} INFO - Processing /opt/airflow/dags/zscore_stats_dag.py took 0.155 seconds
[2025-05-03T02:32:36.475+0000] {processor.py:186} INFO - Started process (PID=920) to work on /opt/airflow/dags/zscore_stats_dag.py
[2025-05-03T02:32:36.476+0000] {processor.py:914} INFO - Processing file /opt/airflow/dags/zscore_stats_dag.py for tasks to queue
[2025-05-03T02:32:36.478+0000] {logging_mixin.py:190} INFO - [2025-05-03T02:32:36.477+0000] {dagbag.py:588} INFO - Filling up the DagBag from /opt/airflow/dags/zscore_stats_dag.py
[2025-05-03T02:32:36.610+0000] {processor.py:925} INFO - DAG(s) 'nba_zscore_dag' retrieved from /opt/airflow/dags/zscore_stats_dag.py
[2025-05-03T02:32:36.620+0000] {logging_mixin.py:190} INFO - [2025-05-03T02:32:36.620+0000] {dag.py:3239} INFO - Sync 1 DAGs
[2025-05-03T02:32:36.625+0000] {logging_mixin.py:190} INFO - [2025-05-03T02:32:36.625+0000] {dag.py:4180} INFO - Setting next_dagrun for nba_zscore_dag to None, run_after=None
[2025-05-03T02:32:36.632+0000] {processor.py:208} INFO - Processing /opt/airflow/dags/zscore_stats_dag.py took 0.166 seconds
[2025-05-03T02:33:07.158+0000] {processor.py:186} INFO - Started process (PID=925) to work on /opt/airflow/dags/zscore_stats_dag.py
[2025-05-03T02:33:07.159+0000] {processor.py:914} INFO - Processing file /opt/airflow/dags/zscore_stats_dag.py for tasks to queue
[2025-05-03T02:33:07.160+0000] {logging_mixin.py:190} INFO - [2025-05-03T02:33:07.159+0000] {dagbag.py:588} INFO - Filling up the DagBag from /opt/airflow/dags/zscore_stats_dag.py
[2025-05-03T02:33:07.282+0000] {processor.py:925} INFO - DAG(s) 'nba_zscore_dag' retrieved from /opt/airflow/dags/zscore_stats_dag.py
[2025-05-03T02:33:07.291+0000] {logging_mixin.py:190} INFO - [2025-05-03T02:33:07.291+0000] {dag.py:3239} INFO - Sync 1 DAGs
[2025-05-03T02:33:07.296+0000] {logging_mixin.py:190} INFO - [2025-05-03T02:33:07.296+0000] {dag.py:4180} INFO - Setting next_dagrun for nba_zscore_dag to None, run_after=None
[2025-05-03T02:33:07.303+0000] {processor.py:208} INFO - Processing /opt/airflow/dags/zscore_stats_dag.py took 0.150 seconds
