[2025-05-02T21:16:52.483+0000] {processor.py:186} INFO - Started process (PID=341) to work on /opt/airflow/dags/pergame_stats_dag.py
[2025-05-02T21:16:52.483+0000] {processor.py:914} INFO - Processing file /opt/airflow/dags/pergame_stats_dag.py for tasks to queue
[2025-05-02T21:16:52.484+0000] {logging_mixin.py:190} INFO - [2025-05-02T21:16:52.484+0000] {dagbag.py:588} INFO - Filling up the DagBag from /opt/airflow/dags/pergame_stats_dag.py
[2025-05-02T21:16:52.587+0000] {logging_mixin.py:190} INFO - [2025-05-02T21:16:52.585+0000] {dagbag.py:387} ERROR - Failed to import: /opt/airflow/dags/pergame_stats_dag.py
Traceback (most recent call last):
  File "/home/airflow/.local/lib/python3.12/site-packages/airflow/models/dagbag.py", line 383, in parse
    loader.exec_module(new_module)
  File "<frozen importlib._bootstrap_external>", line 999, in exec_module
  File "<frozen importlib._bootstrap>", line 488, in _call_with_frames_removed
  File "/opt/airflow/dags/pergame_stats_dag.py", line 12, in <module>
    from your_spark_module import pergame_stats
ModuleNotFoundError: No module named 'your_spark_module'
[2025-05-02T21:16:52.587+0000] {processor.py:927} WARNING - No viable dags retrieved from /opt/airflow/dags/pergame_stats_dag.py
[2025-05-02T21:16:52.593+0000] {processor.py:208} INFO - Processing /opt/airflow/dags/pergame_stats_dag.py took 0.116 seconds
[2025-05-02T21:17:22.908+0000] {processor.py:186} INFO - Started process (PID=345) to work on /opt/airflow/dags/pergame_stats_dag.py
[2025-05-02T21:17:22.909+0000] {processor.py:914} INFO - Processing file /opt/airflow/dags/pergame_stats_dag.py for tasks to queue
[2025-05-02T21:17:22.910+0000] {logging_mixin.py:190} INFO - [2025-05-02T21:17:22.909+0000] {dagbag.py:588} INFO - Filling up the DagBag from /opt/airflow/dags/pergame_stats_dag.py
[2025-05-02T21:17:23.018+0000] {logging_mixin.py:190} INFO - [2025-05-02T21:17:23.018+0000] {dagbag.py:387} ERROR - Failed to import: /opt/airflow/dags/pergame_stats_dag.py
Traceback (most recent call last):
  File "/home/airflow/.local/lib/python3.12/site-packages/airflow/models/dagbag.py", line 383, in parse
    loader.exec_module(new_module)
  File "<frozen importlib._bootstrap_external>", line 999, in exec_module
  File "<frozen importlib._bootstrap>", line 488, in _call_with_frames_removed
  File "/opt/airflow/dags/pergame_stats_dag.py", line 12, in <module>
    from your_spark_module import pergame_stats
ModuleNotFoundError: No module named 'your_spark_module'
[2025-05-02T21:17:23.019+0000] {processor.py:927} WARNING - No viable dags retrieved from /opt/airflow/dags/pergame_stats_dag.py
[2025-05-02T21:17:23.025+0000] {processor.py:208} INFO - Processing /opt/airflow/dags/pergame_stats_dag.py took 0.122 seconds
[2025-05-02T21:17:53.375+0000] {processor.py:186} INFO - Started process (PID=349) to work on /opt/airflow/dags/pergame_stats_dag.py
[2025-05-02T21:17:53.375+0000] {processor.py:914} INFO - Processing file /opt/airflow/dags/pergame_stats_dag.py for tasks to queue
[2025-05-02T21:17:53.376+0000] {logging_mixin.py:190} INFO - [2025-05-02T21:17:53.376+0000] {dagbag.py:588} INFO - Filling up the DagBag from /opt/airflow/dags/pergame_stats_dag.py
[2025-05-02T21:17:53.460+0000] {logging_mixin.py:190} INFO - [2025-05-02T21:17:53.459+0000] {dagbag.py:387} ERROR - Failed to import: /opt/airflow/dags/pergame_stats_dag.py
Traceback (most recent call last):
  File "/home/airflow/.local/lib/python3.12/site-packages/airflow/models/dagbag.py", line 383, in parse
    loader.exec_module(new_module)
  File "<frozen importlib._bootstrap_external>", line 999, in exec_module
  File "<frozen importlib._bootstrap>", line 488, in _call_with_frames_removed
  File "/opt/airflow/dags/pergame_stats_dag.py", line 12, in <module>
    from your_spark_module import pergame_stats
ModuleNotFoundError: No module named 'your_spark_module'
[2025-05-02T21:17:53.460+0000] {processor.py:927} WARNING - No viable dags retrieved from /opt/airflow/dags/pergame_stats_dag.py
[2025-05-02T21:17:53.465+0000] {processor.py:208} INFO - Processing /opt/airflow/dags/pergame_stats_dag.py took 0.093 seconds
[2025-05-02T21:18:05.468+0000] {processor.py:186} INFO - Started process (PID=350) to work on /opt/airflow/dags/pergame_stats_dag.py
[2025-05-02T21:18:05.469+0000] {processor.py:914} INFO - Processing file /opt/airflow/dags/pergame_stats_dag.py for tasks to queue
[2025-05-02T21:18:05.469+0000] {logging_mixin.py:190} INFO - [2025-05-02T21:18:05.469+0000] {dagbag.py:588} INFO - Filling up the DagBag from /opt/airflow/dags/pergame_stats_dag.py
[2025-05-02T21:18:05.578+0000] {processor.py:925} INFO - DAG(s) 'nba_stats_dag' retrieved from /opt/airflow/dags/pergame_stats_dag.py
[2025-05-02T21:18:05.692+0000] {logging_mixin.py:190} INFO - [2025-05-02T21:18:05.692+0000] {override.py:1912} INFO - Created Permission View: can delete on DAG:nba_stats_dag
[2025-05-02T21:18:05.695+0000] {logging_mixin.py:190} INFO - [2025-05-02T21:18:05.695+0000] {override.py:1912} INFO - Created Permission View: can read on DAG:nba_stats_dag
[2025-05-02T21:18:05.698+0000] {logging_mixin.py:190} INFO - [2025-05-02T21:18:05.698+0000] {override.py:1912} INFO - Created Permission View: can edit on DAG:nba_stats_dag
[2025-05-02T21:18:05.701+0000] {logging_mixin.py:190} INFO - [2025-05-02T21:18:05.701+0000] {override.py:1912} INFO - Created Permission View: can delete on DAG Run:nba_stats_dag
[2025-05-02T21:18:05.704+0000] {logging_mixin.py:190} INFO - [2025-05-02T21:18:05.704+0000] {override.py:1912} INFO - Created Permission View: menu access on DAG Run:nba_stats_dag
[2025-05-02T21:18:05.708+0000] {logging_mixin.py:190} INFO - [2025-05-02T21:18:05.708+0000] {override.py:1912} INFO - Created Permission View: can create on DAG Run:nba_stats_dag
[2025-05-02T21:18:05.711+0000] {logging_mixin.py:190} INFO - [2025-05-02T21:18:05.711+0000] {override.py:1912} INFO - Created Permission View: can read on DAG Run:nba_stats_dag
[2025-05-02T21:18:05.711+0000] {logging_mixin.py:190} INFO - [2025-05-02T21:18:05.711+0000] {dag.py:3239} INFO - Sync 1 DAGs
[2025-05-02T21:18:05.716+0000] {logging_mixin.py:190} INFO - [2025-05-02T21:18:05.716+0000] {dag.py:3262} INFO - Creating ORM DAG for nba_stats_dag
[2025-05-02T21:18:05.716+0000] {logging_mixin.py:190} INFO - [2025-05-02T21:18:05.716+0000] {dag.py:4180} INFO - Setting next_dagrun for nba_stats_dag to None, run_after=None
[2025-05-02T21:18:05.724+0000] {processor.py:208} INFO - Processing /opt/airflow/dags/pergame_stats_dag.py took 0.260 seconds
[2025-05-02T21:18:36.058+0000] {processor.py:186} INFO - Started process (PID=354) to work on /opt/airflow/dags/pergame_stats_dag.py
[2025-05-02T21:18:36.059+0000] {processor.py:914} INFO - Processing file /opt/airflow/dags/pergame_stats_dag.py for tasks to queue
[2025-05-02T21:18:36.059+0000] {logging_mixin.py:190} INFO - [2025-05-02T21:18:36.059+0000] {dagbag.py:588} INFO - Filling up the DagBag from /opt/airflow/dags/pergame_stats_dag.py
[2025-05-02T21:18:36.167+0000] {processor.py:925} INFO - DAG(s) 'nba_stats_dag' retrieved from /opt/airflow/dags/pergame_stats_dag.py
[2025-05-02T21:18:36.174+0000] {logging_mixin.py:190} INFO - [2025-05-02T21:18:36.174+0000] {dag.py:3239} INFO - Sync 1 DAGs
[2025-05-02T21:18:36.178+0000] {logging_mixin.py:190} INFO - [2025-05-02T21:18:36.178+0000] {dag.py:4180} INFO - Setting next_dagrun for nba_stats_dag to None, run_after=None
[2025-05-02T21:18:36.183+0000] {processor.py:208} INFO - Processing /opt/airflow/dags/pergame_stats_dag.py took 0.131 seconds
[2025-05-02T21:19:06.488+0000] {processor.py:186} INFO - Started process (PID=358) to work on /opt/airflow/dags/pergame_stats_dag.py
[2025-05-02T21:19:06.488+0000] {processor.py:914} INFO - Processing file /opt/airflow/dags/pergame_stats_dag.py for tasks to queue
[2025-05-02T21:19:06.489+0000] {logging_mixin.py:190} INFO - [2025-05-02T21:19:06.489+0000] {dagbag.py:588} INFO - Filling up the DagBag from /opt/airflow/dags/pergame_stats_dag.py
[2025-05-02T21:19:06.624+0000] {processor.py:925} INFO - DAG(s) 'nba_stats_dag' retrieved from /opt/airflow/dags/pergame_stats_dag.py
[2025-05-02T21:19:06.635+0000] {logging_mixin.py:190} INFO - [2025-05-02T21:19:06.635+0000] {dag.py:3239} INFO - Sync 1 DAGs
[2025-05-02T21:19:06.641+0000] {logging_mixin.py:190} INFO - [2025-05-02T21:19:06.641+0000] {dag.py:4180} INFO - Setting next_dagrun for nba_stats_dag to None, run_after=None
[2025-05-02T21:19:06.651+0000] {processor.py:208} INFO - Processing /opt/airflow/dags/pergame_stats_dag.py took 0.166 seconds
[2025-05-02T21:19:33.976+0000] {processor.py:186} INFO - Started process (PID=362) to work on /opt/airflow/dags/pergame_stats_dag.py
[2025-05-02T21:19:33.977+0000] {processor.py:914} INFO - Processing file /opt/airflow/dags/pergame_stats_dag.py for tasks to queue
[2025-05-02T21:19:33.977+0000] {logging_mixin.py:190} INFO - [2025-05-02T21:19:33.977+0000] {dagbag.py:588} INFO - Filling up the DagBag from /opt/airflow/dags/pergame_stats_dag.py
[2025-05-02T21:19:34.077+0000] {logging_mixin.py:190} INFO - [2025-05-02T21:19:34.075+0000] {dagbag.py:387} ERROR - Failed to import: /opt/airflow/dags/pergame_stats_dag.py
Traceback (most recent call last):
  File "/home/airflow/.local/lib/python3.12/site-packages/airflow/models/dagbag.py", line 383, in parse
    loader.exec_module(new_module)
  File "<frozen importlib._bootstrap_external>", line 999, in exec_module
  File "<frozen importlib._bootstrap>", line 488, in _call_with_frames_removed
  File "/opt/airflow/dags/pergame_stats_dag.py", line 47, in <module>
    create_table >> run_spark_job
                    ^^^^^^^^^^^^^
NameError: name 'run_spark_job' is not defined
[2025-05-02T21:19:34.078+0000] {processor.py:927} WARNING - No viable dags retrieved from /opt/airflow/dags/pergame_stats_dag.py
[2025-05-02T21:19:34.084+0000] {processor.py:208} INFO - Processing /opt/airflow/dags/pergame_stats_dag.py took 0.110 seconds
[2025-05-02T21:19:35.014+0000] {processor.py:186} INFO - Started process (PID=363) to work on /opt/airflow/dags/pergame_stats_dag.py
[2025-05-02T21:19:35.015+0000] {processor.py:914} INFO - Processing file /opt/airflow/dags/pergame_stats_dag.py for tasks to queue
[2025-05-02T21:19:35.016+0000] {logging_mixin.py:190} INFO - [2025-05-02T21:19:35.016+0000] {dagbag.py:588} INFO - Filling up the DagBag from /opt/airflow/dags/pergame_stats_dag.py
[2025-05-02T21:19:35.129+0000] {logging_mixin.py:190} INFO - [2025-05-02T21:19:35.128+0000] {dagbag.py:387} ERROR - Failed to import: /opt/airflow/dags/pergame_stats_dag.py
Traceback (most recent call last):
  File "/home/airflow/.local/lib/python3.12/site-packages/airflow/models/dagbag.py", line 383, in parse
    loader.exec_module(new_module)
  File "<frozen importlib._bootstrap_external>", line 999, in exec_module
  File "<frozen importlib._bootstrap>", line 488, in _call_with_frames_removed
  File "/opt/airflow/dags/pergame_stats_dag.py", line 47, in <module>
    create_table >> run_spark_job
                    ^^^^^^^^^^^^^
NameError: name 'run_spark_job' is not defined
[2025-05-02T21:19:35.131+0000] {processor.py:927} WARNING - No viable dags retrieved from /opt/airflow/dags/pergame_stats_dag.py
[2025-05-02T21:19:35.137+0000] {processor.py:208} INFO - Processing /opt/airflow/dags/pergame_stats_dag.py took 0.129 seconds
[2025-05-02T21:20:05.701+0000] {processor.py:186} INFO - Started process (PID=367) to work on /opt/airflow/dags/pergame_stats_dag.py
[2025-05-02T21:20:05.702+0000] {processor.py:914} INFO - Processing file /opt/airflow/dags/pergame_stats_dag.py for tasks to queue
[2025-05-02T21:20:05.703+0000] {logging_mixin.py:190} INFO - [2025-05-02T21:20:05.702+0000] {dagbag.py:588} INFO - Filling up the DagBag from /opt/airflow/dags/pergame_stats_dag.py
[2025-05-02T21:20:05.825+0000] {logging_mixin.py:190} INFO - [2025-05-02T21:20:05.823+0000] {dagbag.py:387} ERROR - Failed to import: /opt/airflow/dags/pergame_stats_dag.py
Traceback (most recent call last):
  File "/home/airflow/.local/lib/python3.12/site-packages/airflow/models/dagbag.py", line 383, in parse
    loader.exec_module(new_module)
  File "<frozen importlib._bootstrap_external>", line 999, in exec_module
  File "<frozen importlib._bootstrap>", line 488, in _call_with_frames_removed
  File "/opt/airflow/dags/pergame_stats_dag.py", line 47, in <module>
    create_table >> run_spark_job
                    ^^^^^^^^^^^^^
NameError: name 'run_spark_job' is not defined
[2025-05-02T21:20:05.826+0000] {processor.py:927} WARNING - No viable dags retrieved from /opt/airflow/dags/pergame_stats_dag.py
[2025-05-02T21:20:05.832+0000] {processor.py:208} INFO - Processing /opt/airflow/dags/pergame_stats_dag.py took 0.139 seconds
[2025-05-02T21:20:36.298+0000] {processor.py:186} INFO - Started process (PID=371) to work on /opt/airflow/dags/pergame_stats_dag.py
[2025-05-02T21:20:36.298+0000] {processor.py:914} INFO - Processing file /opt/airflow/dags/pergame_stats_dag.py for tasks to queue
[2025-05-02T21:20:36.299+0000] {logging_mixin.py:190} INFO - [2025-05-02T21:20:36.299+0000] {dagbag.py:588} INFO - Filling up the DagBag from /opt/airflow/dags/pergame_stats_dag.py
[2025-05-02T21:20:36.414+0000] {logging_mixin.py:190} INFO - [2025-05-02T21:20:36.412+0000] {dagbag.py:387} ERROR - Failed to import: /opt/airflow/dags/pergame_stats_dag.py
Traceback (most recent call last):
  File "/home/airflow/.local/lib/python3.12/site-packages/airflow/models/dagbag.py", line 383, in parse
    loader.exec_module(new_module)
  File "<frozen importlib._bootstrap_external>", line 999, in exec_module
  File "<frozen importlib._bootstrap>", line 488, in _call_with_frames_removed
  File "/opt/airflow/dags/pergame_stats_dag.py", line 47, in <module>
    create_table >> run_spark_job
                    ^^^^^^^^^^^^^
NameError: name 'run_spark_job' is not defined
[2025-05-02T21:20:36.415+0000] {processor.py:927} WARNING - No viable dags retrieved from /opt/airflow/dags/pergame_stats_dag.py
[2025-05-02T21:20:36.422+0000] {processor.py:208} INFO - Processing /opt/airflow/dags/pergame_stats_dag.py took 0.130 seconds
[2025-05-02T21:21:06.947+0000] {processor.py:186} INFO - Started process (PID=375) to work on /opt/airflow/dags/pergame_stats_dag.py
[2025-05-02T21:21:06.948+0000] {processor.py:914} INFO - Processing file /opt/airflow/dags/pergame_stats_dag.py for tasks to queue
[2025-05-02T21:21:06.949+0000] {logging_mixin.py:190} INFO - [2025-05-02T21:21:06.949+0000] {dagbag.py:588} INFO - Filling up the DagBag from /opt/airflow/dags/pergame_stats_dag.py
[2025-05-02T21:21:07.066+0000] {logging_mixin.py:190} INFO - [2025-05-02T21:21:07.064+0000] {dagbag.py:387} ERROR - Failed to import: /opt/airflow/dags/pergame_stats_dag.py
Traceback (most recent call last):
  File "/home/airflow/.local/lib/python3.12/site-packages/airflow/models/dagbag.py", line 383, in parse
    loader.exec_module(new_module)
  File "<frozen importlib._bootstrap_external>", line 999, in exec_module
  File "<frozen importlib._bootstrap>", line 488, in _call_with_frames_removed
  File "/opt/airflow/dags/pergame_stats_dag.py", line 47, in <module>
    create_table >> run_spark_job
                    ^^^^^^^^^^^^^
NameError: name 'run_spark_job' is not defined
[2025-05-02T21:21:07.068+0000] {processor.py:927} WARNING - No viable dags retrieved from /opt/airflow/dags/pergame_stats_dag.py
[2025-05-02T21:21:07.075+0000] {processor.py:208} INFO - Processing /opt/airflow/dags/pergame_stats_dag.py took 0.137 seconds
[2025-05-02T21:21:37.550+0000] {processor.py:186} INFO - Started process (PID=379) to work on /opt/airflow/dags/pergame_stats_dag.py
[2025-05-02T21:21:37.551+0000] {processor.py:914} INFO - Processing file /opt/airflow/dags/pergame_stats_dag.py for tasks to queue
[2025-05-02T21:21:37.552+0000] {logging_mixin.py:190} INFO - [2025-05-02T21:21:37.552+0000] {dagbag.py:588} INFO - Filling up the DagBag from /opt/airflow/dags/pergame_stats_dag.py
[2025-05-02T21:21:37.655+0000] {logging_mixin.py:190} INFO - [2025-05-02T21:21:37.653+0000] {dagbag.py:387} ERROR - Failed to import: /opt/airflow/dags/pergame_stats_dag.py
Traceback (most recent call last):
  File "/home/airflow/.local/lib/python3.12/site-packages/airflow/models/dagbag.py", line 383, in parse
    loader.exec_module(new_module)
  File "<frozen importlib._bootstrap_external>", line 999, in exec_module
  File "<frozen importlib._bootstrap>", line 488, in _call_with_frames_removed
  File "/opt/airflow/dags/pergame_stats_dag.py", line 47, in <module>
    create_table >> run_spark_job
                    ^^^^^^^^^^^^^
NameError: name 'run_spark_job' is not defined
[2025-05-02T21:21:37.656+0000] {processor.py:927} WARNING - No viable dags retrieved from /opt/airflow/dags/pergame_stats_dag.py
[2025-05-02T21:21:37.662+0000] {processor.py:208} INFO - Processing /opt/airflow/dags/pergame_stats_dag.py took 0.118 seconds
[2025-05-02T21:22:07.982+0000] {processor.py:186} INFO - Started process (PID=383) to work on /opt/airflow/dags/pergame_stats_dag.py
[2025-05-02T21:22:07.983+0000] {processor.py:914} INFO - Processing file /opt/airflow/dags/pergame_stats_dag.py for tasks to queue
[2025-05-02T21:22:07.984+0000] {logging_mixin.py:190} INFO - [2025-05-02T21:22:07.983+0000] {dagbag.py:588} INFO - Filling up the DagBag from /opt/airflow/dags/pergame_stats_dag.py
[2025-05-02T21:22:08.113+0000] {logging_mixin.py:190} INFO - [2025-05-02T21:22:08.111+0000] {dagbag.py:387} ERROR - Failed to import: /opt/airflow/dags/pergame_stats_dag.py
Traceback (most recent call last):
  File "/home/airflow/.local/lib/python3.12/site-packages/airflow/models/dagbag.py", line 383, in parse
    loader.exec_module(new_module)
  File "<frozen importlib._bootstrap_external>", line 999, in exec_module
  File "<frozen importlib._bootstrap>", line 488, in _call_with_frames_removed
  File "/opt/airflow/dags/pergame_stats_dag.py", line 47, in <module>
    create_table >> run_spark_job
                    ^^^^^^^^^^^^^
NameError: name 'run_spark_job' is not defined
[2025-05-02T21:22:08.114+0000] {processor.py:927} WARNING - No viable dags retrieved from /opt/airflow/dags/pergame_stats_dag.py
[2025-05-02T21:22:08.123+0000] {processor.py:208} INFO - Processing /opt/airflow/dags/pergame_stats_dag.py took 0.145 seconds
[2025-05-02T21:22:38.402+0000] {processor.py:186} INFO - Started process (PID=387) to work on /opt/airflow/dags/pergame_stats_dag.py
[2025-05-02T21:22:38.403+0000] {processor.py:914} INFO - Processing file /opt/airflow/dags/pergame_stats_dag.py for tasks to queue
[2025-05-02T21:22:38.403+0000] {logging_mixin.py:190} INFO - [2025-05-02T21:22:38.403+0000] {dagbag.py:588} INFO - Filling up the DagBag from /opt/airflow/dags/pergame_stats_dag.py
[2025-05-02T21:22:38.510+0000] {logging_mixin.py:190} INFO - [2025-05-02T21:22:38.508+0000] {dagbag.py:387} ERROR - Failed to import: /opt/airflow/dags/pergame_stats_dag.py
Traceback (most recent call last):
  File "/home/airflow/.local/lib/python3.12/site-packages/airflow/models/dagbag.py", line 383, in parse
    loader.exec_module(new_module)
  File "<frozen importlib._bootstrap_external>", line 999, in exec_module
  File "<frozen importlib._bootstrap>", line 488, in _call_with_frames_removed
  File "/opt/airflow/dags/pergame_stats_dag.py", line 47, in <module>
    create_table >> run_spark_job
                    ^^^^^^^^^^^^^
NameError: name 'run_spark_job' is not defined
[2025-05-02T21:22:38.511+0000] {processor.py:927} WARNING - No viable dags retrieved from /opt/airflow/dags/pergame_stats_dag.py
[2025-05-02T21:22:38.518+0000] {processor.py:208} INFO - Processing /opt/airflow/dags/pergame_stats_dag.py took 0.122 seconds
[2025-05-02T21:22:43.667+0000] {processor.py:186} INFO - Started process (PID=391) to work on /opt/airflow/dags/pergame_stats_dag.py
[2025-05-02T21:22:43.667+0000] {processor.py:914} INFO - Processing file /opt/airflow/dags/pergame_stats_dag.py for tasks to queue
[2025-05-02T21:22:43.668+0000] {logging_mixin.py:190} INFO - [2025-05-02T21:22:43.667+0000] {dagbag.py:588} INFO - Filling up the DagBag from /opt/airflow/dags/pergame_stats_dag.py
[2025-05-02T21:22:43.771+0000] {processor.py:925} INFO - DAG(s) 'nba_stats_dag' retrieved from /opt/airflow/dags/pergame_stats_dag.py
[2025-05-02T21:22:43.821+0000] {logging_mixin.py:190} INFO - [2025-05-02T21:22:43.821+0000] {dag.py:3239} INFO - Sync 1 DAGs
[2025-05-02T21:22:43.824+0000] {logging_mixin.py:190} INFO - [2025-05-02T21:22:43.824+0000] {dag.py:4180} INFO - Setting next_dagrun for nba_stats_dag to None, run_after=None
[2025-05-02T21:22:43.830+0000] {processor.py:208} INFO - Processing /opt/airflow/dags/pergame_stats_dag.py took 0.167 seconds
[2025-05-02T21:23:14.169+0000] {processor.py:186} INFO - Started process (PID=395) to work on /opt/airflow/dags/pergame_stats_dag.py
[2025-05-02T21:23:14.174+0000] {processor.py:914} INFO - Processing file /opt/airflow/dags/pergame_stats_dag.py for tasks to queue
[2025-05-02T21:23:14.176+0000] {logging_mixin.py:190} INFO - [2025-05-02T21:23:14.174+0000] {dagbag.py:588} INFO - Filling up the DagBag from /opt/airflow/dags/pergame_stats_dag.py
[2025-05-02T21:23:14.352+0000] {processor.py:925} INFO - DAG(s) 'nba_stats_dag' retrieved from /opt/airflow/dags/pergame_stats_dag.py
[2025-05-02T21:23:14.360+0000] {logging_mixin.py:190} INFO - [2025-05-02T21:23:14.360+0000] {dag.py:3239} INFO - Sync 1 DAGs
[2025-05-02T21:23:14.364+0000] {logging_mixin.py:190} INFO - [2025-05-02T21:23:14.364+0000] {dag.py:4180} INFO - Setting next_dagrun for nba_stats_dag to None, run_after=None
[2025-05-02T21:23:14.370+0000] {processor.py:208} INFO - Processing /opt/airflow/dags/pergame_stats_dag.py took 0.207 seconds
[2025-05-02T21:23:44.555+0000] {processor.py:186} INFO - Started process (PID=399) to work on /opt/airflow/dags/pergame_stats_dag.py
[2025-05-02T21:23:44.556+0000] {processor.py:914} INFO - Processing file /opt/airflow/dags/pergame_stats_dag.py for tasks to queue
[2025-05-02T21:23:44.557+0000] {logging_mixin.py:190} INFO - [2025-05-02T21:23:44.557+0000] {dagbag.py:588} INFO - Filling up the DagBag from /opt/airflow/dags/pergame_stats_dag.py
[2025-05-02T21:23:44.648+0000] {processor.py:925} INFO - DAG(s) 'nba_stats_dag' retrieved from /opt/airflow/dags/pergame_stats_dag.py
[2025-05-02T21:23:44.654+0000] {logging_mixin.py:190} INFO - [2025-05-02T21:23:44.654+0000] {dag.py:3239} INFO - Sync 1 DAGs
[2025-05-02T21:23:44.657+0000] {logging_mixin.py:190} INFO - [2025-05-02T21:23:44.657+0000] {dag.py:4180} INFO - Setting next_dagrun for nba_stats_dag to None, run_after=None
[2025-05-02T21:23:44.662+0000] {processor.py:208} INFO - Processing /opt/airflow/dags/pergame_stats_dag.py took 0.109 seconds
[2025-05-02T21:24:15.040+0000] {processor.py:186} INFO - Started process (PID=403) to work on /opt/airflow/dags/pergame_stats_dag.py
[2025-05-02T21:24:15.040+0000] {processor.py:914} INFO - Processing file /opt/airflow/dags/pergame_stats_dag.py for tasks to queue
[2025-05-02T21:24:15.041+0000] {logging_mixin.py:190} INFO - [2025-05-02T21:24:15.041+0000] {dagbag.py:588} INFO - Filling up the DagBag from /opt/airflow/dags/pergame_stats_dag.py
[2025-05-02T21:24:15.135+0000] {processor.py:925} INFO - DAG(s) 'nba_stats_dag' retrieved from /opt/airflow/dags/pergame_stats_dag.py
[2025-05-02T21:24:15.141+0000] {logging_mixin.py:190} INFO - [2025-05-02T21:24:15.141+0000] {dag.py:3239} INFO - Sync 1 DAGs
[2025-05-02T21:24:15.145+0000] {logging_mixin.py:190} INFO - [2025-05-02T21:24:15.145+0000] {dag.py:4180} INFO - Setting next_dagrun for nba_stats_dag to None, run_after=None
[2025-05-02T21:24:15.151+0000] {processor.py:208} INFO - Processing /opt/airflow/dags/pergame_stats_dag.py took 0.114 seconds
[2025-05-02T21:24:24.210+0000] {processor.py:186} INFO - Started process (PID=404) to work on /opt/airflow/dags/pergame_stats_dag.py
[2025-05-02T21:24:24.211+0000] {processor.py:914} INFO - Processing file /opt/airflow/dags/pergame_stats_dag.py for tasks to queue
[2025-05-02T21:24:24.211+0000] {logging_mixin.py:190} INFO - [2025-05-02T21:24:24.211+0000] {dagbag.py:588} INFO - Filling up the DagBag from /opt/airflow/dags/pergame_stats_dag.py
[2025-05-02T21:24:24.307+0000] {processor.py:925} INFO - DAG(s) 'nba_stats_dag' retrieved from /opt/airflow/dags/pergame_stats_dag.py
[2025-05-02T21:24:24.340+0000] {logging_mixin.py:190} INFO - [2025-05-02T21:24:24.339+0000] {dag.py:3239} INFO - Sync 1 DAGs
[2025-05-02T21:24:24.343+0000] {logging_mixin.py:190} INFO - [2025-05-02T21:24:24.343+0000] {dag.py:4180} INFO - Setting next_dagrun for nba_stats_dag to None, run_after=None
[2025-05-02T21:24:24.348+0000] {processor.py:208} INFO - Processing /opt/airflow/dags/pergame_stats_dag.py took 0.140 seconds
[2025-05-02T21:24:54.586+0000] {processor.py:186} INFO - Started process (PID=408) to work on /opt/airflow/dags/pergame_stats_dag.py
[2025-05-02T21:24:54.587+0000] {processor.py:914} INFO - Processing file /opt/airflow/dags/pergame_stats_dag.py for tasks to queue
[2025-05-02T21:24:54.587+0000] {logging_mixin.py:190} INFO - [2025-05-02T21:24:54.587+0000] {dagbag.py:588} INFO - Filling up the DagBag from /opt/airflow/dags/pergame_stats_dag.py
[2025-05-02T21:24:54.705+0000] {processor.py:925} INFO - DAG(s) 'nba_stats_dag' retrieved from /opt/airflow/dags/pergame_stats_dag.py
[2025-05-02T21:24:54.713+0000] {logging_mixin.py:190} INFO - [2025-05-02T21:24:54.713+0000] {dag.py:3239} INFO - Sync 1 DAGs
[2025-05-02T21:24:54.718+0000] {logging_mixin.py:190} INFO - [2025-05-02T21:24:54.718+0000] {dag.py:4180} INFO - Setting next_dagrun for nba_stats_dag to None, run_after=None
[2025-05-02T21:24:54.729+0000] {processor.py:208} INFO - Processing /opt/airflow/dags/pergame_stats_dag.py took 0.146 seconds
[2025-05-02T21:25:25.014+0000] {processor.py:186} INFO - Started process (PID=412) to work on /opt/airflow/dags/pergame_stats_dag.py
[2025-05-02T21:25:25.015+0000] {processor.py:914} INFO - Processing file /opt/airflow/dags/pergame_stats_dag.py for tasks to queue
[2025-05-02T21:25:25.016+0000] {logging_mixin.py:190} INFO - [2025-05-02T21:25:25.015+0000] {dagbag.py:588} INFO - Filling up the DagBag from /opt/airflow/dags/pergame_stats_dag.py
[2025-05-02T21:25:25.136+0000] {processor.py:925} INFO - DAG(s) 'nba_stats_dag' retrieved from /opt/airflow/dags/pergame_stats_dag.py
[2025-05-02T21:25:25.147+0000] {logging_mixin.py:190} INFO - [2025-05-02T21:25:25.147+0000] {dag.py:3239} INFO - Sync 1 DAGs
[2025-05-02T21:25:25.153+0000] {logging_mixin.py:190} INFO - [2025-05-02T21:25:25.153+0000] {dag.py:4180} INFO - Setting next_dagrun for nba_stats_dag to None, run_after=None
[2025-05-02T21:25:25.162+0000] {processor.py:208} INFO - Processing /opt/airflow/dags/pergame_stats_dag.py took 0.151 seconds
[2025-05-02T21:25:55.405+0000] {processor.py:186} INFO - Started process (PID=416) to work on /opt/airflow/dags/pergame_stats_dag.py
[2025-05-02T21:25:55.407+0000] {processor.py:914} INFO - Processing file /opt/airflow/dags/pergame_stats_dag.py for tasks to queue
[2025-05-02T21:25:55.407+0000] {logging_mixin.py:190} INFO - [2025-05-02T21:25:55.407+0000] {dagbag.py:588} INFO - Filling up the DagBag from /opt/airflow/dags/pergame_stats_dag.py
[2025-05-02T21:25:55.534+0000] {processor.py:925} INFO - DAG(s) 'nba_stats_dag' retrieved from /opt/airflow/dags/pergame_stats_dag.py
[2025-05-02T21:25:55.543+0000] {logging_mixin.py:190} INFO - [2025-05-02T21:25:55.543+0000] {dag.py:3239} INFO - Sync 1 DAGs
[2025-05-02T21:25:55.548+0000] {logging_mixin.py:190} INFO - [2025-05-02T21:25:55.548+0000] {dag.py:4180} INFO - Setting next_dagrun for nba_stats_dag to None, run_after=None
[2025-05-02T21:25:55.558+0000] {processor.py:208} INFO - Processing /opt/airflow/dags/pergame_stats_dag.py took 0.156 seconds
[2025-05-02T21:26:25.929+0000] {processor.py:186} INFO - Started process (PID=420) to work on /opt/airflow/dags/pergame_stats_dag.py
[2025-05-02T21:26:25.929+0000] {processor.py:914} INFO - Processing file /opt/airflow/dags/pergame_stats_dag.py for tasks to queue
[2025-05-02T21:26:25.930+0000] {logging_mixin.py:190} INFO - [2025-05-02T21:26:25.930+0000] {dagbag.py:588} INFO - Filling up the DagBag from /opt/airflow/dags/pergame_stats_dag.py
[2025-05-02T21:26:26.054+0000] {processor.py:925} INFO - DAG(s) 'nba_stats_dag' retrieved from /opt/airflow/dags/pergame_stats_dag.py
[2025-05-02T21:26:26.063+0000] {logging_mixin.py:190} INFO - [2025-05-02T21:26:26.063+0000] {dag.py:3239} INFO - Sync 1 DAGs
[2025-05-02T21:26:26.068+0000] {logging_mixin.py:190} INFO - [2025-05-02T21:26:26.068+0000] {dag.py:4180} INFO - Setting next_dagrun for nba_stats_dag to None, run_after=None
[2025-05-02T21:26:26.075+0000] {processor.py:208} INFO - Processing /opt/airflow/dags/pergame_stats_dag.py took 0.152 seconds
[2025-05-02T21:26:56.298+0000] {processor.py:186} INFO - Started process (PID=424) to work on /opt/airflow/dags/pergame_stats_dag.py
[2025-05-02T21:26:56.299+0000] {processor.py:914} INFO - Processing file /opt/airflow/dags/pergame_stats_dag.py for tasks to queue
[2025-05-02T21:26:56.300+0000] {logging_mixin.py:190} INFO - [2025-05-02T21:26:56.299+0000] {dagbag.py:588} INFO - Filling up the DagBag from /opt/airflow/dags/pergame_stats_dag.py
[2025-05-02T21:26:56.410+0000] {processor.py:925} INFO - DAG(s) 'nba_stats_dag' retrieved from /opt/airflow/dags/pergame_stats_dag.py
[2025-05-02T21:26:56.417+0000] {logging_mixin.py:190} INFO - [2025-05-02T21:26:56.417+0000] {dag.py:3239} INFO - Sync 1 DAGs
[2025-05-02T21:26:56.422+0000] {logging_mixin.py:190} INFO - [2025-05-02T21:26:56.422+0000] {dag.py:4180} INFO - Setting next_dagrun for nba_stats_dag to None, run_after=None
[2025-05-02T21:26:56.428+0000] {processor.py:208} INFO - Processing /opt/airflow/dags/pergame_stats_dag.py took 0.133 seconds
[2025-05-02T21:27:26.679+0000] {processor.py:186} INFO - Started process (PID=428) to work on /opt/airflow/dags/pergame_stats_dag.py
[2025-05-02T21:27:26.679+0000] {processor.py:914} INFO - Processing file /opt/airflow/dags/pergame_stats_dag.py for tasks to queue
[2025-05-02T21:27:26.680+0000] {logging_mixin.py:190} INFO - [2025-05-02T21:27:26.680+0000] {dagbag.py:588} INFO - Filling up the DagBag from /opt/airflow/dags/pergame_stats_dag.py
[2025-05-02T21:27:26.801+0000] {processor.py:925} INFO - DAG(s) 'nba_stats_dag' retrieved from /opt/airflow/dags/pergame_stats_dag.py
[2025-05-02T21:27:26.809+0000] {logging_mixin.py:190} INFO - [2025-05-02T21:27:26.809+0000] {dag.py:3239} INFO - Sync 1 DAGs
[2025-05-02T21:27:26.815+0000] {logging_mixin.py:190} INFO - [2025-05-02T21:27:26.815+0000] {dag.py:4180} INFO - Setting next_dagrun for nba_stats_dag to None, run_after=None
[2025-05-02T21:27:26.825+0000] {processor.py:208} INFO - Processing /opt/airflow/dags/pergame_stats_dag.py took 0.149 seconds
[2025-05-02T21:27:57.063+0000] {processor.py:186} INFO - Started process (PID=432) to work on /opt/airflow/dags/pergame_stats_dag.py
[2025-05-02T21:27:57.064+0000] {processor.py:914} INFO - Processing file /opt/airflow/dags/pergame_stats_dag.py for tasks to queue
[2025-05-02T21:27:57.064+0000] {logging_mixin.py:190} INFO - [2025-05-02T21:27:57.064+0000] {dagbag.py:588} INFO - Filling up the DagBag from /opt/airflow/dags/pergame_stats_dag.py
[2025-05-02T21:27:57.173+0000] {processor.py:925} INFO - DAG(s) 'nba_stats_dag' retrieved from /opt/airflow/dags/pergame_stats_dag.py
[2025-05-02T21:27:57.180+0000] {logging_mixin.py:190} INFO - [2025-05-02T21:27:57.180+0000] {dag.py:3239} INFO - Sync 1 DAGs
[2025-05-02T21:27:57.185+0000] {logging_mixin.py:190} INFO - [2025-05-02T21:27:57.185+0000] {dag.py:4180} INFO - Setting next_dagrun for nba_stats_dag to None, run_after=None
[2025-05-02T21:27:57.191+0000] {processor.py:208} INFO - Processing /opt/airflow/dags/pergame_stats_dag.py took 0.131 seconds
[2025-05-02T21:28:27.442+0000] {processor.py:186} INFO - Started process (PID=436) to work on /opt/airflow/dags/pergame_stats_dag.py
[2025-05-02T21:28:27.443+0000] {processor.py:914} INFO - Processing file /opt/airflow/dags/pergame_stats_dag.py for tasks to queue
[2025-05-02T21:28:27.444+0000] {logging_mixin.py:190} INFO - [2025-05-02T21:28:27.443+0000] {dagbag.py:588} INFO - Filling up the DagBag from /opt/airflow/dags/pergame_stats_dag.py
[2025-05-02T21:28:27.543+0000] {processor.py:925} INFO - DAG(s) 'nba_stats_dag' retrieved from /opt/airflow/dags/pergame_stats_dag.py
[2025-05-02T21:28:27.550+0000] {logging_mixin.py:190} INFO - [2025-05-02T21:28:27.550+0000] {dag.py:3239} INFO - Sync 1 DAGs
[2025-05-02T21:28:27.554+0000] {logging_mixin.py:190} INFO - [2025-05-02T21:28:27.554+0000] {dag.py:4180} INFO - Setting next_dagrun for nba_stats_dag to None, run_after=None
[2025-05-02T21:28:27.561+0000] {processor.py:208} INFO - Processing /opt/airflow/dags/pergame_stats_dag.py took 0.121 seconds
[2025-05-02T21:28:57.895+0000] {processor.py:186} INFO - Started process (PID=440) to work on /opt/airflow/dags/pergame_stats_dag.py
[2025-05-02T21:28:57.895+0000] {processor.py:914} INFO - Processing file /opt/airflow/dags/pergame_stats_dag.py for tasks to queue
[2025-05-02T21:28:57.896+0000] {logging_mixin.py:190} INFO - [2025-05-02T21:28:57.896+0000] {dagbag.py:588} INFO - Filling up the DagBag from /opt/airflow/dags/pergame_stats_dag.py
[2025-05-02T21:28:58.000+0000] {processor.py:925} INFO - DAG(s) 'nba_stats_dag' retrieved from /opt/airflow/dags/pergame_stats_dag.py
[2025-05-02T21:28:58.006+0000] {logging_mixin.py:190} INFO - [2025-05-02T21:28:58.006+0000] {dag.py:3239} INFO - Sync 1 DAGs
[2025-05-02T21:28:58.010+0000] {logging_mixin.py:190} INFO - [2025-05-02T21:28:58.010+0000] {dag.py:4180} INFO - Setting next_dagrun for nba_stats_dag to None, run_after=None
[2025-05-02T21:28:58.015+0000] {processor.py:208} INFO - Processing /opt/airflow/dags/pergame_stats_dag.py took 0.125 seconds
[2025-05-02T21:29:28.438+0000] {processor.py:186} INFO - Started process (PID=444) to work on /opt/airflow/dags/pergame_stats_dag.py
[2025-05-02T21:29:28.439+0000] {processor.py:914} INFO - Processing file /opt/airflow/dags/pergame_stats_dag.py for tasks to queue
[2025-05-02T21:29:28.440+0000] {logging_mixin.py:190} INFO - [2025-05-02T21:29:28.440+0000] {dagbag.py:588} INFO - Filling up the DagBag from /opt/airflow/dags/pergame_stats_dag.py
[2025-05-02T21:29:28.551+0000] {processor.py:925} INFO - DAG(s) 'nba_stats_dag' retrieved from /opt/airflow/dags/pergame_stats_dag.py
[2025-05-02T21:29:28.557+0000] {logging_mixin.py:190} INFO - [2025-05-02T21:29:28.557+0000] {dag.py:3239} INFO - Sync 1 DAGs
[2025-05-02T21:29:28.560+0000] {logging_mixin.py:190} INFO - [2025-05-02T21:29:28.560+0000] {dag.py:4180} INFO - Setting next_dagrun for nba_stats_dag to None, run_after=None
[2025-05-02T21:29:28.565+0000] {processor.py:208} INFO - Processing /opt/airflow/dags/pergame_stats_dag.py took 0.134 seconds
[2025-05-02T21:29:59.014+0000] {processor.py:186} INFO - Started process (PID=448) to work on /opt/airflow/dags/pergame_stats_dag.py
[2025-05-02T21:29:59.015+0000] {processor.py:914} INFO - Processing file /opt/airflow/dags/pergame_stats_dag.py for tasks to queue
[2025-05-02T21:29:59.016+0000] {logging_mixin.py:190} INFO - [2025-05-02T21:29:59.015+0000] {dagbag.py:588} INFO - Filling up the DagBag from /opt/airflow/dags/pergame_stats_dag.py
[2025-05-02T21:29:59.125+0000] {processor.py:925} INFO - DAG(s) 'nba_stats_dag' retrieved from /opt/airflow/dags/pergame_stats_dag.py
[2025-05-02T21:29:59.131+0000] {logging_mixin.py:190} INFO - [2025-05-02T21:29:59.131+0000] {dag.py:3239} INFO - Sync 1 DAGs
[2025-05-02T21:29:59.135+0000] {logging_mixin.py:190} INFO - [2025-05-02T21:29:59.135+0000] {dag.py:4180} INFO - Setting next_dagrun for nba_stats_dag to None, run_after=None
[2025-05-02T21:29:59.141+0000] {processor.py:208} INFO - Processing /opt/airflow/dags/pergame_stats_dag.py took 0.137 seconds
[2025-05-02T21:30:29.592+0000] {processor.py:186} INFO - Started process (PID=452) to work on /opt/airflow/dags/pergame_stats_dag.py
[2025-05-02T21:30:29.593+0000] {processor.py:914} INFO - Processing file /opt/airflow/dags/pergame_stats_dag.py for tasks to queue
[2025-05-02T21:30:29.594+0000] {logging_mixin.py:190} INFO - [2025-05-02T21:30:29.594+0000] {dagbag.py:588} INFO - Filling up the DagBag from /opt/airflow/dags/pergame_stats_dag.py
[2025-05-02T21:30:29.692+0000] {processor.py:925} INFO - DAG(s) 'nba_stats_dag' retrieved from /opt/airflow/dags/pergame_stats_dag.py
[2025-05-02T21:30:29.699+0000] {logging_mixin.py:190} INFO - [2025-05-02T21:30:29.699+0000] {dag.py:3239} INFO - Sync 1 DAGs
[2025-05-02T21:30:29.703+0000] {logging_mixin.py:190} INFO - [2025-05-02T21:30:29.703+0000] {dag.py:4180} INFO - Setting next_dagrun for nba_stats_dag to None, run_after=None
[2025-05-02T21:30:29.709+0000] {processor.py:208} INFO - Processing /opt/airflow/dags/pergame_stats_dag.py took 0.121 seconds
[2025-05-02T21:30:54.962+0000] {processor.py:186} INFO - Started process (PID=456) to work on /opt/airflow/dags/pergame_stats_dag.py
[2025-05-02T21:30:54.963+0000] {processor.py:914} INFO - Processing file /opt/airflow/dags/pergame_stats_dag.py for tasks to queue
[2025-05-02T21:30:54.963+0000] {logging_mixin.py:190} INFO - [2025-05-02T21:30:54.963+0000] {dagbag.py:588} INFO - Filling up the DagBag from /opt/airflow/dags/pergame_stats_dag.py
[2025-05-02T21:30:55.070+0000] {processor.py:925} INFO - DAG(s) 'nba_stats_dag' retrieved from /opt/airflow/dags/pergame_stats_dag.py
[2025-05-02T21:30:55.127+0000] {logging_mixin.py:190} INFO - [2025-05-02T21:30:55.127+0000] {dag.py:3239} INFO - Sync 1 DAGs
[2025-05-02T21:30:55.131+0000] {logging_mixin.py:190} INFO - [2025-05-02T21:30:55.131+0000] {dag.py:4180} INFO - Setting next_dagrun for nba_stats_dag to None, run_after=None
[2025-05-02T21:30:55.137+0000] {processor.py:208} INFO - Processing /opt/airflow/dags/pergame_stats_dag.py took 0.178 seconds
[2025-05-02T21:31:25.537+0000] {processor.py:186} INFO - Started process (PID=460) to work on /opt/airflow/dags/pergame_stats_dag.py
[2025-05-02T21:31:25.538+0000] {processor.py:914} INFO - Processing file /opt/airflow/dags/pergame_stats_dag.py for tasks to queue
[2025-05-02T21:31:25.539+0000] {logging_mixin.py:190} INFO - [2025-05-02T21:31:25.539+0000] {dagbag.py:588} INFO - Filling up the DagBag from /opt/airflow/dags/pergame_stats_dag.py
[2025-05-02T21:31:25.646+0000] {processor.py:925} INFO - DAG(s) 'nba_stats_dag' retrieved from /opt/airflow/dags/pergame_stats_dag.py
[2025-05-02T21:31:25.652+0000] {logging_mixin.py:190} INFO - [2025-05-02T21:31:25.652+0000] {dag.py:3239} INFO - Sync 1 DAGs
[2025-05-02T21:31:25.656+0000] {logging_mixin.py:190} INFO - [2025-05-02T21:31:25.656+0000] {dag.py:4180} INFO - Setting next_dagrun for nba_stats_dag to None, run_after=None
[2025-05-02T21:31:25.660+0000] {processor.py:208} INFO - Processing /opt/airflow/dags/pergame_stats_dag.py took 0.133 seconds
[2025-05-02T21:31:56.221+0000] {processor.py:186} INFO - Started process (PID=464) to work on /opt/airflow/dags/pergame_stats_dag.py
[2025-05-02T21:31:56.222+0000] {processor.py:914} INFO - Processing file /opt/airflow/dags/pergame_stats_dag.py for tasks to queue
[2025-05-02T21:31:56.223+0000] {logging_mixin.py:190} INFO - [2025-05-02T21:31:56.223+0000] {dagbag.py:588} INFO - Filling up the DagBag from /opt/airflow/dags/pergame_stats_dag.py
[2025-05-02T21:31:56.340+0000] {processor.py:925} INFO - DAG(s) 'nba_stats_dag' retrieved from /opt/airflow/dags/pergame_stats_dag.py
[2025-05-02T21:31:56.347+0000] {logging_mixin.py:190} INFO - [2025-05-02T21:31:56.347+0000] {dag.py:3239} INFO - Sync 1 DAGs
[2025-05-02T21:31:56.350+0000] {logging_mixin.py:190} INFO - [2025-05-02T21:31:56.350+0000] {dag.py:4180} INFO - Setting next_dagrun for nba_stats_dag to None, run_after=None
[2025-05-02T21:31:56.355+0000] {processor.py:208} INFO - Processing /opt/airflow/dags/pergame_stats_dag.py took 0.140 seconds
[2025-05-02T21:32:26.818+0000] {processor.py:186} INFO - Started process (PID=468) to work on /opt/airflow/dags/pergame_stats_dag.py
[2025-05-02T21:32:26.819+0000] {processor.py:914} INFO - Processing file /opt/airflow/dags/pergame_stats_dag.py for tasks to queue
[2025-05-02T21:32:26.821+0000] {logging_mixin.py:190} INFO - [2025-05-02T21:32:26.820+0000] {dagbag.py:588} INFO - Filling up the DagBag from /opt/airflow/dags/pergame_stats_dag.py
[2025-05-02T21:32:26.931+0000] {processor.py:925} INFO - DAG(s) 'nba_stats_dag' retrieved from /opt/airflow/dags/pergame_stats_dag.py
[2025-05-02T21:32:26.938+0000] {logging_mixin.py:190} INFO - [2025-05-02T21:32:26.938+0000] {dag.py:3239} INFO - Sync 1 DAGs
[2025-05-02T21:32:26.942+0000] {logging_mixin.py:190} INFO - [2025-05-02T21:32:26.942+0000] {dag.py:4180} INFO - Setting next_dagrun for nba_stats_dag to None, run_after=None
[2025-05-02T21:32:26.947+0000] {processor.py:208} INFO - Processing /opt/airflow/dags/pergame_stats_dag.py took 0.138 seconds
[2025-05-02T21:32:57.422+0000] {processor.py:186} INFO - Started process (PID=472) to work on /opt/airflow/dags/pergame_stats_dag.py
[2025-05-02T21:32:57.422+0000] {processor.py:914} INFO - Processing file /opt/airflow/dags/pergame_stats_dag.py for tasks to queue
[2025-05-02T21:32:57.423+0000] {logging_mixin.py:190} INFO - [2025-05-02T21:32:57.423+0000] {dagbag.py:588} INFO - Filling up the DagBag from /opt/airflow/dags/pergame_stats_dag.py
[2025-05-02T21:32:57.535+0000] {processor.py:925} INFO - DAG(s) 'nba_stats_dag' retrieved from /opt/airflow/dags/pergame_stats_dag.py
[2025-05-02T21:32:57.544+0000] {logging_mixin.py:190} INFO - [2025-05-02T21:32:57.544+0000] {dag.py:3239} INFO - Sync 1 DAGs
[2025-05-02T21:32:57.549+0000] {logging_mixin.py:190} INFO - [2025-05-02T21:32:57.549+0000] {dag.py:4180} INFO - Setting next_dagrun for nba_stats_dag to None, run_after=None
[2025-05-02T21:32:57.554+0000] {processor.py:208} INFO - Processing /opt/airflow/dags/pergame_stats_dag.py took 0.137 seconds
[2025-05-02T21:33:27.922+0000] {processor.py:186} INFO - Started process (PID=476) to work on /opt/airflow/dags/pergame_stats_dag.py
[2025-05-02T21:33:27.922+0000] {processor.py:914} INFO - Processing file /opt/airflow/dags/pergame_stats_dag.py for tasks to queue
[2025-05-02T21:33:27.923+0000] {logging_mixin.py:190} INFO - [2025-05-02T21:33:27.923+0000] {dagbag.py:588} INFO - Filling up the DagBag from /opt/airflow/dags/pergame_stats_dag.py
[2025-05-02T21:33:28.018+0000] {processor.py:925} INFO - DAG(s) 'nba_stats_dag' retrieved from /opt/airflow/dags/pergame_stats_dag.py
[2025-05-02T21:33:28.025+0000] {logging_mixin.py:190} INFO - [2025-05-02T21:33:28.025+0000] {dag.py:3239} INFO - Sync 1 DAGs
[2025-05-02T21:33:28.029+0000] {logging_mixin.py:190} INFO - [2025-05-02T21:33:28.029+0000] {dag.py:4180} INFO - Setting next_dagrun for nba_stats_dag to None, run_after=None
[2025-05-02T21:33:28.034+0000] {processor.py:208} INFO - Processing /opt/airflow/dags/pergame_stats_dag.py took 0.115 seconds
[2025-05-02T21:33:58.378+0000] {processor.py:186} INFO - Started process (PID=480) to work on /opt/airflow/dags/pergame_stats_dag.py
[2025-05-02T21:33:58.378+0000] {processor.py:914} INFO - Processing file /opt/airflow/dags/pergame_stats_dag.py for tasks to queue
[2025-05-02T21:33:58.379+0000] {logging_mixin.py:190} INFO - [2025-05-02T21:33:58.379+0000] {dagbag.py:588} INFO - Filling up the DagBag from /opt/airflow/dags/pergame_stats_dag.py
[2025-05-02T21:33:58.516+0000] {processor.py:925} INFO - DAG(s) 'nba_stats_dag' retrieved from /opt/airflow/dags/pergame_stats_dag.py
[2025-05-02T21:33:58.525+0000] {logging_mixin.py:190} INFO - [2025-05-02T21:33:58.525+0000] {dag.py:3239} INFO - Sync 1 DAGs
[2025-05-02T21:33:58.529+0000] {logging_mixin.py:190} INFO - [2025-05-02T21:33:58.529+0000] {dag.py:4180} INFO - Setting next_dagrun for nba_stats_dag to None, run_after=None
[2025-05-02T21:33:58.536+0000] {processor.py:208} INFO - Processing /opt/airflow/dags/pergame_stats_dag.py took 0.162 seconds
[2025-05-02T21:34:28.790+0000] {processor.py:186} INFO - Started process (PID=484) to work on /opt/airflow/dags/pergame_stats_dag.py
[2025-05-02T21:34:28.791+0000] {processor.py:914} INFO - Processing file /opt/airflow/dags/pergame_stats_dag.py for tasks to queue
[2025-05-02T21:34:28.791+0000] {logging_mixin.py:190} INFO - [2025-05-02T21:34:28.791+0000] {dagbag.py:588} INFO - Filling up the DagBag from /opt/airflow/dags/pergame_stats_dag.py
[2025-05-02T21:34:28.910+0000] {processor.py:925} INFO - DAG(s) 'nba_stats_dag' retrieved from /opt/airflow/dags/pergame_stats_dag.py
[2025-05-02T21:34:28.921+0000] {logging_mixin.py:190} INFO - [2025-05-02T21:34:28.921+0000] {dag.py:3239} INFO - Sync 1 DAGs
[2025-05-02T21:34:28.927+0000] {logging_mixin.py:190} INFO - [2025-05-02T21:34:28.927+0000] {dag.py:4180} INFO - Setting next_dagrun for nba_stats_dag to None, run_after=None
[2025-05-02T21:34:28.933+0000] {processor.py:208} INFO - Processing /opt/airflow/dags/pergame_stats_dag.py took 0.146 seconds
[2025-05-02T21:34:59.316+0000] {processor.py:186} INFO - Started process (PID=488) to work on /opt/airflow/dags/pergame_stats_dag.py
[2025-05-02T21:34:59.317+0000] {processor.py:914} INFO - Processing file /opt/airflow/dags/pergame_stats_dag.py for tasks to queue
[2025-05-02T21:34:59.317+0000] {logging_mixin.py:190} INFO - [2025-05-02T21:34:59.317+0000] {dagbag.py:588} INFO - Filling up the DagBag from /opt/airflow/dags/pergame_stats_dag.py
[2025-05-02T21:34:59.412+0000] {processor.py:925} INFO - DAG(s) 'nba_stats_dag' retrieved from /opt/airflow/dags/pergame_stats_dag.py
[2025-05-02T21:34:59.418+0000] {logging_mixin.py:190} INFO - [2025-05-02T21:34:59.417+0000] {dag.py:3239} INFO - Sync 1 DAGs
[2025-05-02T21:34:59.422+0000] {logging_mixin.py:190} INFO - [2025-05-02T21:34:59.422+0000] {dag.py:4180} INFO - Setting next_dagrun for nba_stats_dag to None, run_after=None
[2025-05-02T21:34:59.426+0000] {processor.py:208} INFO - Processing /opt/airflow/dags/pergame_stats_dag.py took 0.113 seconds
[2025-05-02T21:35:29.742+0000] {processor.py:186} INFO - Started process (PID=492) to work on /opt/airflow/dags/pergame_stats_dag.py
[2025-05-02T21:35:29.743+0000] {processor.py:914} INFO - Processing file /opt/airflow/dags/pergame_stats_dag.py for tasks to queue
[2025-05-02T21:35:29.744+0000] {logging_mixin.py:190} INFO - [2025-05-02T21:35:29.744+0000] {dagbag.py:588} INFO - Filling up the DagBag from /opt/airflow/dags/pergame_stats_dag.py
[2025-05-02T21:35:29.849+0000] {processor.py:925} INFO - DAG(s) 'nba_stats_dag' retrieved from /opt/airflow/dags/pergame_stats_dag.py
[2025-05-02T21:35:29.858+0000] {logging_mixin.py:190} INFO - [2025-05-02T21:35:29.858+0000] {dag.py:3239} INFO - Sync 1 DAGs
[2025-05-02T21:35:29.863+0000] {logging_mixin.py:190} INFO - [2025-05-02T21:35:29.863+0000] {dag.py:4180} INFO - Setting next_dagrun for nba_stats_dag to None, run_after=None
[2025-05-02T21:35:29.870+0000] {processor.py:208} INFO - Processing /opt/airflow/dags/pergame_stats_dag.py took 0.130 seconds
[2025-05-02T21:36:00.110+0000] {processor.py:186} INFO - Started process (PID=496) to work on /opt/airflow/dags/pergame_stats_dag.py
[2025-05-02T21:36:00.111+0000] {processor.py:914} INFO - Processing file /opt/airflow/dags/pergame_stats_dag.py for tasks to queue
[2025-05-02T21:36:00.111+0000] {logging_mixin.py:190} INFO - [2025-05-02T21:36:00.111+0000] {dagbag.py:588} INFO - Filling up the DagBag from /opt/airflow/dags/pergame_stats_dag.py
[2025-05-02T21:36:00.219+0000] {processor.py:925} INFO - DAG(s) 'nba_stats_dag' retrieved from /opt/airflow/dags/pergame_stats_dag.py
[2025-05-02T21:36:00.227+0000] {logging_mixin.py:190} INFO - [2025-05-02T21:36:00.227+0000] {dag.py:3239} INFO - Sync 1 DAGs
[2025-05-02T21:36:00.232+0000] {logging_mixin.py:190} INFO - [2025-05-02T21:36:00.232+0000] {dag.py:4180} INFO - Setting next_dagrun for nba_stats_dag to None, run_after=None
[2025-05-02T21:36:00.239+0000] {processor.py:208} INFO - Processing /opt/airflow/dags/pergame_stats_dag.py took 0.132 seconds
[2025-05-02T21:36:30.510+0000] {processor.py:186} INFO - Started process (PID=500) to work on /opt/airflow/dags/pergame_stats_dag.py
[2025-05-02T21:36:30.510+0000] {processor.py:914} INFO - Processing file /opt/airflow/dags/pergame_stats_dag.py for tasks to queue
[2025-05-02T21:36:30.511+0000] {logging_mixin.py:190} INFO - [2025-05-02T21:36:30.511+0000] {dagbag.py:588} INFO - Filling up the DagBag from /opt/airflow/dags/pergame_stats_dag.py
[2025-05-02T21:36:30.620+0000] {processor.py:925} INFO - DAG(s) 'nba_stats_dag' retrieved from /opt/airflow/dags/pergame_stats_dag.py
[2025-05-02T21:36:30.630+0000] {logging_mixin.py:190} INFO - [2025-05-02T21:36:30.630+0000] {dag.py:3239} INFO - Sync 1 DAGs
[2025-05-02T21:36:30.634+0000] {logging_mixin.py:190} INFO - [2025-05-02T21:36:30.634+0000] {dag.py:4180} INFO - Setting next_dagrun for nba_stats_dag to None, run_after=None
[2025-05-02T21:36:30.641+0000] {processor.py:208} INFO - Processing /opt/airflow/dags/pergame_stats_dag.py took 0.135 seconds
[2025-05-02T21:37:00.969+0000] {processor.py:186} INFO - Started process (PID=504) to work on /opt/airflow/dags/pergame_stats_dag.py
[2025-05-02T21:37:00.969+0000] {processor.py:914} INFO - Processing file /opt/airflow/dags/pergame_stats_dag.py for tasks to queue
[2025-05-02T21:37:00.970+0000] {logging_mixin.py:190} INFO - [2025-05-02T21:37:00.970+0000] {dagbag.py:588} INFO - Filling up the DagBag from /opt/airflow/dags/pergame_stats_dag.py
[2025-05-02T21:37:01.101+0000] {processor.py:925} INFO - DAG(s) 'nba_stats_dag' retrieved from /opt/airflow/dags/pergame_stats_dag.py
[2025-05-02T21:37:01.111+0000] {logging_mixin.py:190} INFO - [2025-05-02T21:37:01.111+0000] {dag.py:3239} INFO - Sync 1 DAGs
[2025-05-02T21:37:01.117+0000] {logging_mixin.py:190} INFO - [2025-05-02T21:37:01.117+0000] {dag.py:4180} INFO - Setting next_dagrun for nba_stats_dag to None, run_after=None
[2025-05-02T21:37:01.126+0000] {processor.py:208} INFO - Processing /opt/airflow/dags/pergame_stats_dag.py took 0.160 seconds
[2025-05-02T21:37:31.578+0000] {processor.py:186} INFO - Started process (PID=508) to work on /opt/airflow/dags/pergame_stats_dag.py
[2025-05-02T21:37:31.578+0000] {processor.py:914} INFO - Processing file /opt/airflow/dags/pergame_stats_dag.py for tasks to queue
[2025-05-02T21:37:31.579+0000] {logging_mixin.py:190} INFO - [2025-05-02T21:37:31.579+0000] {dagbag.py:588} INFO - Filling up the DagBag from /opt/airflow/dags/pergame_stats_dag.py
[2025-05-02T21:37:31.696+0000] {processor.py:925} INFO - DAG(s) 'nba_stats_dag' retrieved from /opt/airflow/dags/pergame_stats_dag.py
[2025-05-02T21:37:31.705+0000] {logging_mixin.py:190} INFO - [2025-05-02T21:37:31.705+0000] {dag.py:3239} INFO - Sync 1 DAGs
[2025-05-02T21:37:31.710+0000] {logging_mixin.py:190} INFO - [2025-05-02T21:37:31.710+0000] {dag.py:4180} INFO - Setting next_dagrun for nba_stats_dag to None, run_after=None
[2025-05-02T21:37:31.719+0000] {processor.py:208} INFO - Processing /opt/airflow/dags/pergame_stats_dag.py took 0.144 seconds
[2025-05-02T21:38:01.986+0000] {processor.py:186} INFO - Started process (PID=512) to work on /opt/airflow/dags/pergame_stats_dag.py
[2025-05-02T21:38:01.987+0000] {processor.py:914} INFO - Processing file /opt/airflow/dags/pergame_stats_dag.py for tasks to queue
[2025-05-02T21:38:01.987+0000] {logging_mixin.py:190} INFO - [2025-05-02T21:38:01.987+0000] {dagbag.py:588} INFO - Filling up the DagBag from /opt/airflow/dags/pergame_stats_dag.py
[2025-05-02T21:38:02.089+0000] {processor.py:925} INFO - DAG(s) 'nba_stats_dag' retrieved from /opt/airflow/dags/pergame_stats_dag.py
[2025-05-02T21:38:02.098+0000] {logging_mixin.py:190} INFO - [2025-05-02T21:38:02.098+0000] {dag.py:3239} INFO - Sync 1 DAGs
[2025-05-02T21:38:02.102+0000] {logging_mixin.py:190} INFO - [2025-05-02T21:38:02.102+0000] {dag.py:4180} INFO - Setting next_dagrun for nba_stats_dag to None, run_after=None
[2025-05-02T21:38:02.110+0000] {processor.py:208} INFO - Processing /opt/airflow/dags/pergame_stats_dag.py took 0.129 seconds
[2025-05-02T21:38:32.402+0000] {processor.py:186} INFO - Started process (PID=516) to work on /opt/airflow/dags/pergame_stats_dag.py
[2025-05-02T21:38:32.403+0000] {processor.py:914} INFO - Processing file /opt/airflow/dags/pergame_stats_dag.py for tasks to queue
[2025-05-02T21:38:32.403+0000] {logging_mixin.py:190} INFO - [2025-05-02T21:38:32.403+0000] {dagbag.py:588} INFO - Filling up the DagBag from /opt/airflow/dags/pergame_stats_dag.py
[2025-05-02T21:38:32.505+0000] {processor.py:925} INFO - DAG(s) 'nba_stats_dag' retrieved from /opt/airflow/dags/pergame_stats_dag.py
[2025-05-02T21:38:32.512+0000] {logging_mixin.py:190} INFO - [2025-05-02T21:38:32.512+0000] {dag.py:3239} INFO - Sync 1 DAGs
[2025-05-02T21:38:32.517+0000] {logging_mixin.py:190} INFO - [2025-05-02T21:38:32.517+0000] {dag.py:4180} INFO - Setting next_dagrun for nba_stats_dag to None, run_after=None
[2025-05-02T21:38:32.523+0000] {processor.py:208} INFO - Processing /opt/airflow/dags/pergame_stats_dag.py took 0.124 seconds
[2025-05-02T21:39:02.955+0000] {processor.py:186} INFO - Started process (PID=520) to work on /opt/airflow/dags/pergame_stats_dag.py
[2025-05-02T21:39:02.955+0000] {processor.py:914} INFO - Processing file /opt/airflow/dags/pergame_stats_dag.py for tasks to queue
[2025-05-02T21:39:02.956+0000] {logging_mixin.py:190} INFO - [2025-05-02T21:39:02.956+0000] {dagbag.py:588} INFO - Filling up the DagBag from /opt/airflow/dags/pergame_stats_dag.py
[2025-05-02T21:39:03.058+0000] {processor.py:925} INFO - DAG(s) 'nba_stats_dag' retrieved from /opt/airflow/dags/pergame_stats_dag.py
[2025-05-02T21:39:03.065+0000] {logging_mixin.py:190} INFO - [2025-05-02T21:39:03.065+0000] {dag.py:3239} INFO - Sync 1 DAGs
[2025-05-02T21:39:03.069+0000] {logging_mixin.py:190} INFO - [2025-05-02T21:39:03.069+0000] {dag.py:4180} INFO - Setting next_dagrun for nba_stats_dag to None, run_after=None
[2025-05-02T21:39:03.074+0000] {processor.py:208} INFO - Processing /opt/airflow/dags/pergame_stats_dag.py took 0.122 seconds
[2025-05-02T21:39:33.488+0000] {processor.py:186} INFO - Started process (PID=524) to work on /opt/airflow/dags/pergame_stats_dag.py
[2025-05-02T21:39:33.489+0000] {processor.py:914} INFO - Processing file /opt/airflow/dags/pergame_stats_dag.py for tasks to queue
[2025-05-02T21:39:33.489+0000] {logging_mixin.py:190} INFO - [2025-05-02T21:39:33.489+0000] {dagbag.py:588} INFO - Filling up the DagBag from /opt/airflow/dags/pergame_stats_dag.py
[2025-05-02T21:39:33.593+0000] {processor.py:925} INFO - DAG(s) 'nba_stats_dag' retrieved from /opt/airflow/dags/pergame_stats_dag.py
[2025-05-02T21:39:33.599+0000] {logging_mixin.py:190} INFO - [2025-05-02T21:39:33.599+0000] {dag.py:3239} INFO - Sync 1 DAGs
[2025-05-02T21:39:33.604+0000] {logging_mixin.py:190} INFO - [2025-05-02T21:39:33.604+0000] {dag.py:4180} INFO - Setting next_dagrun for nba_stats_dag to None, run_after=None
[2025-05-02T21:39:33.609+0000] {processor.py:208} INFO - Processing /opt/airflow/dags/pergame_stats_dag.py took 0.124 seconds
[2025-05-02T21:40:03.976+0000] {processor.py:186} INFO - Started process (PID=528) to work on /opt/airflow/dags/pergame_stats_dag.py
[2025-05-02T21:40:03.976+0000] {processor.py:914} INFO - Processing file /opt/airflow/dags/pergame_stats_dag.py for tasks to queue
[2025-05-02T21:40:03.978+0000] {logging_mixin.py:190} INFO - [2025-05-02T21:40:03.977+0000] {dagbag.py:588} INFO - Filling up the DagBag from /opt/airflow/dags/pergame_stats_dag.py
[2025-05-02T21:40:04.083+0000] {processor.py:925} INFO - DAG(s) 'nba_stats_dag' retrieved from /opt/airflow/dags/pergame_stats_dag.py
[2025-05-02T21:40:04.090+0000] {logging_mixin.py:190} INFO - [2025-05-02T21:40:04.090+0000] {dag.py:3239} INFO - Sync 1 DAGs
[2025-05-02T21:40:04.094+0000] {logging_mixin.py:190} INFO - [2025-05-02T21:40:04.094+0000] {dag.py:4180} INFO - Setting next_dagrun for nba_stats_dag to None, run_after=None
[2025-05-02T21:40:04.100+0000] {processor.py:208} INFO - Processing /opt/airflow/dags/pergame_stats_dag.py took 0.127 seconds
[2025-05-02T21:40:34.522+0000] {processor.py:186} INFO - Started process (PID=532) to work on /opt/airflow/dags/pergame_stats_dag.py
[2025-05-02T21:40:34.522+0000] {processor.py:914} INFO - Processing file /opt/airflow/dags/pergame_stats_dag.py for tasks to queue
[2025-05-02T21:40:34.523+0000] {logging_mixin.py:190} INFO - [2025-05-02T21:40:34.523+0000] {dagbag.py:588} INFO - Filling up the DagBag from /opt/airflow/dags/pergame_stats_dag.py
[2025-05-02T21:40:34.631+0000] {processor.py:925} INFO - DAG(s) 'nba_stats_dag' retrieved from /opt/airflow/dags/pergame_stats_dag.py
[2025-05-02T21:40:34.638+0000] {logging_mixin.py:190} INFO - [2025-05-02T21:40:34.638+0000] {dag.py:3239} INFO - Sync 1 DAGs
[2025-05-02T21:40:34.642+0000] {logging_mixin.py:190} INFO - [2025-05-02T21:40:34.642+0000] {dag.py:4180} INFO - Setting next_dagrun for nba_stats_dag to None, run_after=None
[2025-05-02T21:40:34.647+0000] {processor.py:208} INFO - Processing /opt/airflow/dags/pergame_stats_dag.py took 0.129 seconds
[2025-05-02T21:41:05.047+0000] {processor.py:186} INFO - Started process (PID=536) to work on /opt/airflow/dags/pergame_stats_dag.py
[2025-05-02T21:41:05.049+0000] {processor.py:914} INFO - Processing file /opt/airflow/dags/pergame_stats_dag.py for tasks to queue
[2025-05-02T21:41:05.050+0000] {logging_mixin.py:190} INFO - [2025-05-02T21:41:05.050+0000] {dagbag.py:588} INFO - Filling up the DagBag from /opt/airflow/dags/pergame_stats_dag.py
[2025-05-02T21:41:05.163+0000] {processor.py:925} INFO - DAG(s) 'nba_stats_dag' retrieved from /opt/airflow/dags/pergame_stats_dag.py
[2025-05-02T21:41:05.170+0000] {logging_mixin.py:190} INFO - [2025-05-02T21:41:05.169+0000] {dag.py:3239} INFO - Sync 1 DAGs
[2025-05-02T21:41:05.174+0000] {logging_mixin.py:190} INFO - [2025-05-02T21:41:05.174+0000] {dag.py:4180} INFO - Setting next_dagrun for nba_stats_dag to None, run_after=None
[2025-05-02T21:41:05.179+0000] {processor.py:208} INFO - Processing /opt/airflow/dags/pergame_stats_dag.py took 0.140 seconds
[2025-05-02T21:41:35.659+0000] {processor.py:186} INFO - Started process (PID=540) to work on /opt/airflow/dags/pergame_stats_dag.py
[2025-05-02T21:41:35.660+0000] {processor.py:914} INFO - Processing file /opt/airflow/dags/pergame_stats_dag.py for tasks to queue
[2025-05-02T21:41:35.661+0000] {logging_mixin.py:190} INFO - [2025-05-02T21:41:35.661+0000] {dagbag.py:588} INFO - Filling up the DagBag from /opt/airflow/dags/pergame_stats_dag.py
[2025-05-02T21:41:35.772+0000] {processor.py:925} INFO - DAG(s) 'nba_stats_dag' retrieved from /opt/airflow/dags/pergame_stats_dag.py
[2025-05-02T21:41:35.780+0000] {logging_mixin.py:190} INFO - [2025-05-02T21:41:35.780+0000] {dag.py:3239} INFO - Sync 1 DAGs
[2025-05-02T21:41:35.784+0000] {logging_mixin.py:190} INFO - [2025-05-02T21:41:35.784+0000] {dag.py:4180} INFO - Setting next_dagrun for nba_stats_dag to None, run_after=None
[2025-05-02T21:41:35.789+0000] {processor.py:208} INFO - Processing /opt/airflow/dags/pergame_stats_dag.py took 0.139 seconds
[2025-05-02T21:42:06.132+0000] {processor.py:186} INFO - Started process (PID=544) to work on /opt/airflow/dags/pergame_stats_dag.py
[2025-05-02T21:42:06.132+0000] {processor.py:914} INFO - Processing file /opt/airflow/dags/pergame_stats_dag.py for tasks to queue
[2025-05-02T21:42:06.133+0000] {logging_mixin.py:190} INFO - [2025-05-02T21:42:06.133+0000] {dagbag.py:588} INFO - Filling up the DagBag from /opt/airflow/dags/pergame_stats_dag.py
[2025-05-02T21:42:06.255+0000] {processor.py:925} INFO - DAG(s) 'nba_stats_dag' retrieved from /opt/airflow/dags/pergame_stats_dag.py
[2025-05-02T21:42:06.263+0000] {logging_mixin.py:190} INFO - [2025-05-02T21:42:06.263+0000] {dag.py:3239} INFO - Sync 1 DAGs
[2025-05-02T21:42:06.268+0000] {logging_mixin.py:190} INFO - [2025-05-02T21:42:06.268+0000] {dag.py:4180} INFO - Setting next_dagrun for nba_stats_dag to None, run_after=None
[2025-05-02T21:42:06.275+0000] {processor.py:208} INFO - Processing /opt/airflow/dags/pergame_stats_dag.py took 0.146 seconds
[2025-05-02T21:42:36.671+0000] {processor.py:186} INFO - Started process (PID=548) to work on /opt/airflow/dags/pergame_stats_dag.py
[2025-05-02T21:42:36.672+0000] {processor.py:914} INFO - Processing file /opt/airflow/dags/pergame_stats_dag.py for tasks to queue
[2025-05-02T21:42:36.674+0000] {logging_mixin.py:190} INFO - [2025-05-02T21:42:36.673+0000] {dagbag.py:588} INFO - Filling up the DagBag from /opt/airflow/dags/pergame_stats_dag.py
[2025-05-02T21:42:36.783+0000] {processor.py:925} INFO - DAG(s) 'nba_stats_dag' retrieved from /opt/airflow/dags/pergame_stats_dag.py
[2025-05-02T21:42:36.789+0000] {logging_mixin.py:190} INFO - [2025-05-02T21:42:36.789+0000] {dag.py:3239} INFO - Sync 1 DAGs
[2025-05-02T21:42:36.792+0000] {logging_mixin.py:190} INFO - [2025-05-02T21:42:36.792+0000] {dag.py:4180} INFO - Setting next_dagrun for nba_stats_dag to None, run_after=None
[2025-05-02T21:42:36.797+0000] {processor.py:208} INFO - Processing /opt/airflow/dags/pergame_stats_dag.py took 0.133 seconds
[2025-05-02T21:43:07.352+0000] {processor.py:186} INFO - Started process (PID=552) to work on /opt/airflow/dags/pergame_stats_dag.py
[2025-05-02T21:43:07.353+0000] {processor.py:914} INFO - Processing file /opt/airflow/dags/pergame_stats_dag.py for tasks to queue
[2025-05-02T21:43:07.354+0000] {logging_mixin.py:190} INFO - [2025-05-02T21:43:07.353+0000] {dagbag.py:588} INFO - Filling up the DagBag from /opt/airflow/dags/pergame_stats_dag.py
[2025-05-02T21:43:07.464+0000] {processor.py:925} INFO - DAG(s) 'nba_stats_dag' retrieved from /opt/airflow/dags/pergame_stats_dag.py
[2025-05-02T21:43:07.471+0000] {logging_mixin.py:190} INFO - [2025-05-02T21:43:07.470+0000] {dag.py:3239} INFO - Sync 1 DAGs
[2025-05-02T21:43:07.474+0000] {logging_mixin.py:190} INFO - [2025-05-02T21:43:07.474+0000] {dag.py:4180} INFO - Setting next_dagrun for nba_stats_dag to None, run_after=None
[2025-05-02T21:43:07.480+0000] {processor.py:208} INFO - Processing /opt/airflow/dags/pergame_stats_dag.py took 0.135 seconds
[2025-05-02T21:43:38.046+0000] {processor.py:186} INFO - Started process (PID=556) to work on /opt/airflow/dags/pergame_stats_dag.py
[2025-05-02T21:43:38.048+0000] {processor.py:914} INFO - Processing file /opt/airflow/dags/pergame_stats_dag.py for tasks to queue
[2025-05-02T21:43:38.049+0000] {logging_mixin.py:190} INFO - [2025-05-02T21:43:38.049+0000] {dagbag.py:588} INFO - Filling up the DagBag from /opt/airflow/dags/pergame_stats_dag.py
[2025-05-02T21:43:38.164+0000] {processor.py:925} INFO - DAG(s) 'nba_stats_dag' retrieved from /opt/airflow/dags/pergame_stats_dag.py
[2025-05-02T21:43:38.170+0000] {logging_mixin.py:190} INFO - [2025-05-02T21:43:38.169+0000] {dag.py:3239} INFO - Sync 1 DAGs
[2025-05-02T21:43:38.173+0000] {logging_mixin.py:190} INFO - [2025-05-02T21:43:38.173+0000] {dag.py:4180} INFO - Setting next_dagrun for nba_stats_dag to None, run_after=None
[2025-05-02T21:43:38.179+0000] {processor.py:208} INFO - Processing /opt/airflow/dags/pergame_stats_dag.py took 0.140 seconds
[2025-05-02T21:44:08.705+0000] {processor.py:186} INFO - Started process (PID=560) to work on /opt/airflow/dags/pergame_stats_dag.py
[2025-05-02T21:44:08.706+0000] {processor.py:914} INFO - Processing file /opt/airflow/dags/pergame_stats_dag.py for tasks to queue
[2025-05-02T21:44:08.707+0000] {logging_mixin.py:190} INFO - [2025-05-02T21:44:08.707+0000] {dagbag.py:588} INFO - Filling up the DagBag from /opt/airflow/dags/pergame_stats_dag.py
[2025-05-02T21:44:08.818+0000] {processor.py:925} INFO - DAG(s) 'nba_stats_dag' retrieved from /opt/airflow/dags/pergame_stats_dag.py
[2025-05-02T21:44:08.825+0000] {logging_mixin.py:190} INFO - [2025-05-02T21:44:08.824+0000] {dag.py:3239} INFO - Sync 1 DAGs
[2025-05-02T21:44:08.829+0000] {logging_mixin.py:190} INFO - [2025-05-02T21:44:08.829+0000] {dag.py:4180} INFO - Setting next_dagrun for nba_stats_dag to None, run_after=None
[2025-05-02T21:44:08.834+0000] {processor.py:208} INFO - Processing /opt/airflow/dags/pergame_stats_dag.py took 0.136 seconds
[2025-05-02T21:44:39.343+0000] {processor.py:186} INFO - Started process (PID=564) to work on /opt/airflow/dags/pergame_stats_dag.py
[2025-05-02T21:44:39.344+0000] {processor.py:914} INFO - Processing file /opt/airflow/dags/pergame_stats_dag.py for tasks to queue
[2025-05-02T21:44:39.346+0000] {logging_mixin.py:190} INFO - [2025-05-02T21:44:39.346+0000] {dagbag.py:588} INFO - Filling up the DagBag from /opt/airflow/dags/pergame_stats_dag.py
[2025-05-02T21:44:39.463+0000] {processor.py:925} INFO - DAG(s) 'nba_stats_dag' retrieved from /opt/airflow/dags/pergame_stats_dag.py
[2025-05-02T21:44:39.470+0000] {logging_mixin.py:190} INFO - [2025-05-02T21:44:39.470+0000] {dag.py:3239} INFO - Sync 1 DAGs
[2025-05-02T21:44:39.474+0000] {logging_mixin.py:190} INFO - [2025-05-02T21:44:39.474+0000] {dag.py:4180} INFO - Setting next_dagrun for nba_stats_dag to None, run_after=None
[2025-05-02T21:44:39.480+0000] {processor.py:208} INFO - Processing /opt/airflow/dags/pergame_stats_dag.py took 0.145 seconds
[2025-05-02T21:45:09.958+0000] {processor.py:186} INFO - Started process (PID=568) to work on /opt/airflow/dags/pergame_stats_dag.py
[2025-05-02T21:45:09.959+0000] {processor.py:914} INFO - Processing file /opt/airflow/dags/pergame_stats_dag.py for tasks to queue
[2025-05-02T21:45:09.960+0000] {logging_mixin.py:190} INFO - [2025-05-02T21:45:09.959+0000] {dagbag.py:588} INFO - Filling up the DagBag from /opt/airflow/dags/pergame_stats_dag.py
[2025-05-02T21:45:10.070+0000] {processor.py:925} INFO - DAG(s) 'nba_stats_dag' retrieved from /opt/airflow/dags/pergame_stats_dag.py
[2025-05-02T21:45:10.076+0000] {logging_mixin.py:190} INFO - [2025-05-02T21:45:10.076+0000] {dag.py:3239} INFO - Sync 1 DAGs
[2025-05-02T21:45:10.080+0000] {logging_mixin.py:190} INFO - [2025-05-02T21:45:10.080+0000] {dag.py:4180} INFO - Setting next_dagrun for nba_stats_dag to None, run_after=None
[2025-05-02T21:45:10.085+0000] {processor.py:208} INFO - Processing /opt/airflow/dags/pergame_stats_dag.py took 0.132 seconds
[2025-05-02T21:45:40.594+0000] {processor.py:186} INFO - Started process (PID=572) to work on /opt/airflow/dags/pergame_stats_dag.py
[2025-05-02T21:45:40.597+0000] {processor.py:914} INFO - Processing file /opt/airflow/dags/pergame_stats_dag.py for tasks to queue
[2025-05-02T21:45:40.598+0000] {logging_mixin.py:190} INFO - [2025-05-02T21:45:40.597+0000] {dagbag.py:588} INFO - Filling up the DagBag from /opt/airflow/dags/pergame_stats_dag.py
[2025-05-02T21:45:40.716+0000] {processor.py:925} INFO - DAG(s) 'nba_stats_dag' retrieved from /opt/airflow/dags/pergame_stats_dag.py
[2025-05-02T21:45:40.722+0000] {logging_mixin.py:190} INFO - [2025-05-02T21:45:40.722+0000] {dag.py:3239} INFO - Sync 1 DAGs
[2025-05-02T21:45:40.725+0000] {logging_mixin.py:190} INFO - [2025-05-02T21:45:40.725+0000] {dag.py:4180} INFO - Setting next_dagrun for nba_stats_dag to None, run_after=None
[2025-05-02T21:45:40.730+0000] {processor.py:208} INFO - Processing /opt/airflow/dags/pergame_stats_dag.py took 0.143 seconds
[2025-05-02T21:46:11.284+0000] {processor.py:186} INFO - Started process (PID=576) to work on /opt/airflow/dags/pergame_stats_dag.py
[2025-05-02T21:46:11.285+0000] {processor.py:914} INFO - Processing file /opt/airflow/dags/pergame_stats_dag.py for tasks to queue
[2025-05-02T21:46:11.286+0000] {logging_mixin.py:190} INFO - [2025-05-02T21:46:11.286+0000] {dagbag.py:588} INFO - Filling up the DagBag from /opt/airflow/dags/pergame_stats_dag.py
[2025-05-02T21:46:11.408+0000] {processor.py:925} INFO - DAG(s) 'nba_stats_dag' retrieved from /opt/airflow/dags/pergame_stats_dag.py
[2025-05-02T21:46:11.414+0000] {logging_mixin.py:190} INFO - [2025-05-02T21:46:11.414+0000] {dag.py:3239} INFO - Sync 1 DAGs
[2025-05-02T21:46:11.418+0000] {logging_mixin.py:190} INFO - [2025-05-02T21:46:11.417+0000] {dag.py:4180} INFO - Setting next_dagrun for nba_stats_dag to None, run_after=None
[2025-05-02T21:46:11.423+0000] {processor.py:208} INFO - Processing /opt/airflow/dags/pergame_stats_dag.py took 0.146 seconds
[2025-05-02T21:46:41.943+0000] {processor.py:186} INFO - Started process (PID=580) to work on /opt/airflow/dags/pergame_stats_dag.py
[2025-05-02T21:46:41.944+0000] {processor.py:914} INFO - Processing file /opt/airflow/dags/pergame_stats_dag.py for tasks to queue
[2025-05-02T21:46:41.945+0000] {logging_mixin.py:190} INFO - [2025-05-02T21:46:41.945+0000] {dagbag.py:588} INFO - Filling up the DagBag from /opt/airflow/dags/pergame_stats_dag.py
[2025-05-02T21:46:42.054+0000] {processor.py:925} INFO - DAG(s) 'nba_stats_dag' retrieved from /opt/airflow/dags/pergame_stats_dag.py
[2025-05-02T21:46:42.060+0000] {logging_mixin.py:190} INFO - [2025-05-02T21:46:42.060+0000] {dag.py:3239} INFO - Sync 1 DAGs
[2025-05-02T21:46:42.064+0000] {logging_mixin.py:190} INFO - [2025-05-02T21:46:42.064+0000] {dag.py:4180} INFO - Setting next_dagrun for nba_stats_dag to None, run_after=None
[2025-05-02T21:46:42.069+0000] {processor.py:208} INFO - Processing /opt/airflow/dags/pergame_stats_dag.py took 0.134 seconds
[2025-05-02T21:47:12.597+0000] {processor.py:186} INFO - Started process (PID=584) to work on /opt/airflow/dags/pergame_stats_dag.py
[2025-05-02T21:47:12.597+0000] {processor.py:914} INFO - Processing file /opt/airflow/dags/pergame_stats_dag.py for tasks to queue
[2025-05-02T21:47:12.599+0000] {logging_mixin.py:190} INFO - [2025-05-02T21:47:12.598+0000] {dagbag.py:588} INFO - Filling up the DagBag from /opt/airflow/dags/pergame_stats_dag.py
[2025-05-02T21:47:12.707+0000] {processor.py:925} INFO - DAG(s) 'nba_stats_dag' retrieved from /opt/airflow/dags/pergame_stats_dag.py
[2025-05-02T21:47:12.714+0000] {logging_mixin.py:190} INFO - [2025-05-02T21:47:12.714+0000] {dag.py:3239} INFO - Sync 1 DAGs
[2025-05-02T21:47:12.718+0000] {logging_mixin.py:190} INFO - [2025-05-02T21:47:12.717+0000] {dag.py:4180} INFO - Setting next_dagrun for nba_stats_dag to None, run_after=None
[2025-05-02T21:47:12.722+0000] {processor.py:208} INFO - Processing /opt/airflow/dags/pergame_stats_dag.py took 0.134 seconds
[2025-05-02T21:47:43.250+0000] {processor.py:186} INFO - Started process (PID=588) to work on /opt/airflow/dags/pergame_stats_dag.py
[2025-05-02T21:47:43.252+0000] {processor.py:914} INFO - Processing file /opt/airflow/dags/pergame_stats_dag.py for tasks to queue
[2025-05-02T21:47:43.253+0000] {logging_mixin.py:190} INFO - [2025-05-02T21:47:43.253+0000] {dagbag.py:588} INFO - Filling up the DagBag from /opt/airflow/dags/pergame_stats_dag.py
[2025-05-02T21:47:43.367+0000] {processor.py:925} INFO - DAG(s) 'nba_stats_dag' retrieved from /opt/airflow/dags/pergame_stats_dag.py
[2025-05-02T21:47:43.373+0000] {logging_mixin.py:190} INFO - [2025-05-02T21:47:43.373+0000] {dag.py:3239} INFO - Sync 1 DAGs
[2025-05-02T21:47:43.376+0000] {logging_mixin.py:190} INFO - [2025-05-02T21:47:43.376+0000] {dag.py:4180} INFO - Setting next_dagrun for nba_stats_dag to None, run_after=None
[2025-05-02T21:47:43.380+0000] {processor.py:208} INFO - Processing /opt/airflow/dags/pergame_stats_dag.py took 0.138 seconds
[2025-05-02T21:48:13.892+0000] {processor.py:186} INFO - Started process (PID=592) to work on /opt/airflow/dags/pergame_stats_dag.py
[2025-05-02T21:48:13.893+0000] {processor.py:914} INFO - Processing file /opt/airflow/dags/pergame_stats_dag.py for tasks to queue
[2025-05-02T21:48:13.893+0000] {logging_mixin.py:190} INFO - [2025-05-02T21:48:13.893+0000] {dagbag.py:588} INFO - Filling up the DagBag from /opt/airflow/dags/pergame_stats_dag.py
[2025-05-02T21:48:13.988+0000] {processor.py:925} INFO - DAG(s) 'nba_stats_dag' retrieved from /opt/airflow/dags/pergame_stats_dag.py
[2025-05-02T21:48:13.994+0000] {logging_mixin.py:190} INFO - [2025-05-02T21:48:13.994+0000] {dag.py:3239} INFO - Sync 1 DAGs
[2025-05-02T21:48:13.998+0000] {logging_mixin.py:190} INFO - [2025-05-02T21:48:13.998+0000] {dag.py:4180} INFO - Setting next_dagrun for nba_stats_dag to None, run_after=None
[2025-05-02T21:48:14.002+0000] {processor.py:208} INFO - Processing /opt/airflow/dags/pergame_stats_dag.py took 0.115 seconds
[2025-05-02T21:48:44.613+0000] {processor.py:186} INFO - Started process (PID=596) to work on /opt/airflow/dags/pergame_stats_dag.py
[2025-05-02T21:48:44.615+0000] {processor.py:914} INFO - Processing file /opt/airflow/dags/pergame_stats_dag.py for tasks to queue
[2025-05-02T21:48:44.616+0000] {logging_mixin.py:190} INFO - [2025-05-02T21:48:44.615+0000] {dagbag.py:588} INFO - Filling up the DagBag from /opt/airflow/dags/pergame_stats_dag.py
[2025-05-02T21:48:44.738+0000] {processor.py:925} INFO - DAG(s) 'nba_stats_dag' retrieved from /opt/airflow/dags/pergame_stats_dag.py
[2025-05-02T21:48:44.744+0000] {logging_mixin.py:190} INFO - [2025-05-02T21:48:44.744+0000] {dag.py:3239} INFO - Sync 1 DAGs
[2025-05-02T21:48:44.748+0000] {logging_mixin.py:190} INFO - [2025-05-02T21:48:44.748+0000] {dag.py:4180} INFO - Setting next_dagrun for nba_stats_dag to None, run_after=None
[2025-05-02T21:48:44.754+0000] {processor.py:208} INFO - Processing /opt/airflow/dags/pergame_stats_dag.py took 0.149 seconds
[2025-05-02T21:49:15.477+0000] {processor.py:186} INFO - Started process (PID=600) to work on /opt/airflow/dags/pergame_stats_dag.py
[2025-05-02T21:49:15.478+0000] {processor.py:914} INFO - Processing file /opt/airflow/dags/pergame_stats_dag.py for tasks to queue
[2025-05-02T21:49:15.479+0000] {logging_mixin.py:190} INFO - [2025-05-02T21:49:15.478+0000] {dagbag.py:588} INFO - Filling up the DagBag from /opt/airflow/dags/pergame_stats_dag.py
[2025-05-02T21:49:15.591+0000] {processor.py:925} INFO - DAG(s) 'nba_stats_dag' retrieved from /opt/airflow/dags/pergame_stats_dag.py
[2025-05-02T21:49:15.597+0000] {logging_mixin.py:190} INFO - [2025-05-02T21:49:15.597+0000] {dag.py:3239} INFO - Sync 1 DAGs
[2025-05-02T21:49:15.602+0000] {logging_mixin.py:190} INFO - [2025-05-02T21:49:15.601+0000] {dag.py:4180} INFO - Setting next_dagrun for nba_stats_dag to None, run_after=None
[2025-05-02T21:49:15.607+0000] {processor.py:208} INFO - Processing /opt/airflow/dags/pergame_stats_dag.py took 0.139 seconds
[2025-05-02T21:49:46.152+0000] {processor.py:186} INFO - Started process (PID=604) to work on /opt/airflow/dags/pergame_stats_dag.py
[2025-05-02T21:49:46.153+0000] {processor.py:914} INFO - Processing file /opt/airflow/dags/pergame_stats_dag.py for tasks to queue
[2025-05-02T21:49:46.154+0000] {logging_mixin.py:190} INFO - [2025-05-02T21:49:46.154+0000] {dagbag.py:588} INFO - Filling up the DagBag from /opt/airflow/dags/pergame_stats_dag.py
[2025-05-02T21:49:46.265+0000] {processor.py:925} INFO - DAG(s) 'nba_stats_dag' retrieved from /opt/airflow/dags/pergame_stats_dag.py
[2025-05-02T21:49:46.271+0000] {logging_mixin.py:190} INFO - [2025-05-02T21:49:46.271+0000] {dag.py:3239} INFO - Sync 1 DAGs
[2025-05-02T21:49:46.275+0000] {logging_mixin.py:190} INFO - [2025-05-02T21:49:46.275+0000] {dag.py:4180} INFO - Setting next_dagrun for nba_stats_dag to None, run_after=None
[2025-05-02T21:49:46.280+0000] {processor.py:208} INFO - Processing /opt/airflow/dags/pergame_stats_dag.py took 0.136 seconds
[2025-05-02T21:50:16.683+0000] {processor.py:186} INFO - Started process (PID=608) to work on /opt/airflow/dags/pergame_stats_dag.py
[2025-05-02T21:50:16.684+0000] {processor.py:914} INFO - Processing file /opt/airflow/dags/pergame_stats_dag.py for tasks to queue
[2025-05-02T21:50:16.684+0000] {logging_mixin.py:190} INFO - [2025-05-02T21:50:16.684+0000] {dagbag.py:588} INFO - Filling up the DagBag from /opt/airflow/dags/pergame_stats_dag.py
[2025-05-02T21:50:16.780+0000] {processor.py:925} INFO - DAG(s) 'nba_stats_dag' retrieved from /opt/airflow/dags/pergame_stats_dag.py
[2025-05-02T21:50:16.788+0000] {logging_mixin.py:190} INFO - [2025-05-02T21:50:16.788+0000] {dag.py:3239} INFO - Sync 1 DAGs
[2025-05-02T21:50:16.793+0000] {logging_mixin.py:190} INFO - [2025-05-02T21:50:16.793+0000] {dag.py:4180} INFO - Setting next_dagrun for nba_stats_dag to None, run_after=None
[2025-05-02T21:50:16.799+0000] {processor.py:208} INFO - Processing /opt/airflow/dags/pergame_stats_dag.py took 0.119 seconds
[2025-05-02T21:50:47.265+0000] {processor.py:186} INFO - Started process (PID=612) to work on /opt/airflow/dags/pergame_stats_dag.py
[2025-05-02T21:50:47.267+0000] {processor.py:914} INFO - Processing file /opt/airflow/dags/pergame_stats_dag.py for tasks to queue
[2025-05-02T21:50:47.268+0000] {logging_mixin.py:190} INFO - [2025-05-02T21:50:47.267+0000] {dagbag.py:588} INFO - Filling up the DagBag from /opt/airflow/dags/pergame_stats_dag.py
[2025-05-02T21:50:47.376+0000] {processor.py:925} INFO - DAG(s) 'nba_stats_dag' retrieved from /opt/airflow/dags/pergame_stats_dag.py
[2025-05-02T21:50:47.383+0000] {logging_mixin.py:190} INFO - [2025-05-02T21:50:47.383+0000] {dag.py:3239} INFO - Sync 1 DAGs
[2025-05-02T21:50:47.387+0000] {logging_mixin.py:190} INFO - [2025-05-02T21:50:47.387+0000] {dag.py:4180} INFO - Setting next_dagrun for nba_stats_dag to None, run_after=None
[2025-05-02T21:50:47.391+0000] {processor.py:208} INFO - Processing /opt/airflow/dags/pergame_stats_dag.py took 0.135 seconds
[2025-05-02T21:51:17.882+0000] {processor.py:186} INFO - Started process (PID=616) to work on /opt/airflow/dags/pergame_stats_dag.py
[2025-05-02T21:51:17.883+0000] {processor.py:914} INFO - Processing file /opt/airflow/dags/pergame_stats_dag.py for tasks to queue
[2025-05-02T21:51:17.884+0000] {logging_mixin.py:190} INFO - [2025-05-02T21:51:17.884+0000] {dagbag.py:588} INFO - Filling up the DagBag from /opt/airflow/dags/pergame_stats_dag.py
[2025-05-02T21:51:18.006+0000] {processor.py:925} INFO - DAG(s) 'nba_stats_dag' retrieved from /opt/airflow/dags/pergame_stats_dag.py
[2025-05-02T21:51:18.012+0000] {logging_mixin.py:190} INFO - [2025-05-02T21:51:18.012+0000] {dag.py:3239} INFO - Sync 1 DAGs
[2025-05-02T21:51:18.016+0000] {logging_mixin.py:190} INFO - [2025-05-02T21:51:18.016+0000] {dag.py:4180} INFO - Setting next_dagrun for nba_stats_dag to None, run_after=None
[2025-05-02T21:51:18.021+0000] {processor.py:208} INFO - Processing /opt/airflow/dags/pergame_stats_dag.py took 0.147 seconds
[2025-05-02T21:51:48.531+0000] {processor.py:186} INFO - Started process (PID=620) to work on /opt/airflow/dags/pergame_stats_dag.py
[2025-05-02T21:51:48.532+0000] {processor.py:914} INFO - Processing file /opt/airflow/dags/pergame_stats_dag.py for tasks to queue
[2025-05-02T21:51:48.533+0000] {logging_mixin.py:190} INFO - [2025-05-02T21:51:48.533+0000] {dagbag.py:588} INFO - Filling up the DagBag from /opt/airflow/dags/pergame_stats_dag.py
[2025-05-02T21:51:48.645+0000] {processor.py:925} INFO - DAG(s) 'nba_stats_dag' retrieved from /opt/airflow/dags/pergame_stats_dag.py
[2025-05-02T21:51:48.654+0000] {logging_mixin.py:190} INFO - [2025-05-02T21:51:48.654+0000] {dag.py:3239} INFO - Sync 1 DAGs
[2025-05-02T21:51:48.658+0000] {logging_mixin.py:190} INFO - [2025-05-02T21:51:48.658+0000] {dag.py:4180} INFO - Setting next_dagrun for nba_stats_dag to None, run_after=None
[2025-05-02T21:51:48.663+0000] {processor.py:208} INFO - Processing /opt/airflow/dags/pergame_stats_dag.py took 0.138 seconds
[2025-05-02T21:52:19.172+0000] {processor.py:186} INFO - Started process (PID=624) to work on /opt/airflow/dags/pergame_stats_dag.py
[2025-05-02T21:52:19.173+0000] {processor.py:914} INFO - Processing file /opt/airflow/dags/pergame_stats_dag.py for tasks to queue
[2025-05-02T21:52:19.174+0000] {logging_mixin.py:190} INFO - [2025-05-02T21:52:19.174+0000] {dagbag.py:588} INFO - Filling up the DagBag from /opt/airflow/dags/pergame_stats_dag.py
[2025-05-02T21:52:19.284+0000] {processor.py:925} INFO - DAG(s) 'nba_stats_dag' retrieved from /opt/airflow/dags/pergame_stats_dag.py
[2025-05-02T21:52:19.290+0000] {logging_mixin.py:190} INFO - [2025-05-02T21:52:19.290+0000] {dag.py:3239} INFO - Sync 1 DAGs
[2025-05-02T21:52:19.294+0000] {logging_mixin.py:190} INFO - [2025-05-02T21:52:19.294+0000] {dag.py:4180} INFO - Setting next_dagrun for nba_stats_dag to None, run_after=None
[2025-05-02T21:52:19.299+0000] {processor.py:208} INFO - Processing /opt/airflow/dags/pergame_stats_dag.py took 0.135 seconds
[2025-05-02T21:52:49.791+0000] {processor.py:186} INFO - Started process (PID=628) to work on /opt/airflow/dags/pergame_stats_dag.py
[2025-05-02T21:52:49.793+0000] {processor.py:914} INFO - Processing file /opt/airflow/dags/pergame_stats_dag.py for tasks to queue
[2025-05-02T21:52:49.794+0000] {logging_mixin.py:190} INFO - [2025-05-02T21:52:49.794+0000] {dagbag.py:588} INFO - Filling up the DagBag from /opt/airflow/dags/pergame_stats_dag.py
[2025-05-02T21:52:49.903+0000] {processor.py:925} INFO - DAG(s) 'nba_stats_dag' retrieved from /opt/airflow/dags/pergame_stats_dag.py
[2025-05-02T21:52:49.910+0000] {logging_mixin.py:190} INFO - [2025-05-02T21:52:49.910+0000] {dag.py:3239} INFO - Sync 1 DAGs
[2025-05-02T21:52:49.914+0000] {logging_mixin.py:190} INFO - [2025-05-02T21:52:49.914+0000] {dag.py:4180} INFO - Setting next_dagrun for nba_stats_dag to None, run_after=None
[2025-05-02T21:52:49.918+0000] {processor.py:208} INFO - Processing /opt/airflow/dags/pergame_stats_dag.py took 0.135 seconds
[2025-05-02T21:53:20.374+0000] {processor.py:186} INFO - Started process (PID=632) to work on /opt/airflow/dags/pergame_stats_dag.py
[2025-05-02T21:53:20.375+0000] {processor.py:914} INFO - Processing file /opt/airflow/dags/pergame_stats_dag.py for tasks to queue
[2025-05-02T21:53:20.376+0000] {logging_mixin.py:190} INFO - [2025-05-02T21:53:20.376+0000] {dagbag.py:588} INFO - Filling up the DagBag from /opt/airflow/dags/pergame_stats_dag.py
[2025-05-02T21:53:20.490+0000] {processor.py:925} INFO - DAG(s) 'nba_stats_dag' retrieved from /opt/airflow/dags/pergame_stats_dag.py
[2025-05-02T21:53:20.496+0000] {logging_mixin.py:190} INFO - [2025-05-02T21:53:20.496+0000] {dag.py:3239} INFO - Sync 1 DAGs
[2025-05-02T21:53:20.500+0000] {logging_mixin.py:190} INFO - [2025-05-02T21:53:20.500+0000] {dag.py:4180} INFO - Setting next_dagrun for nba_stats_dag to None, run_after=None
[2025-05-02T21:53:20.505+0000] {processor.py:208} INFO - Processing /opt/airflow/dags/pergame_stats_dag.py took 0.136 seconds
[2025-05-02T21:53:51.054+0000] {processor.py:186} INFO - Started process (PID=636) to work on /opt/airflow/dags/pergame_stats_dag.py
[2025-05-02T21:53:51.056+0000] {processor.py:914} INFO - Processing file /opt/airflow/dags/pergame_stats_dag.py for tasks to queue
[2025-05-02T21:53:51.057+0000] {logging_mixin.py:190} INFO - [2025-05-02T21:53:51.057+0000] {dagbag.py:588} INFO - Filling up the DagBag from /opt/airflow/dags/pergame_stats_dag.py
[2025-05-02T21:53:51.176+0000] {processor.py:925} INFO - DAG(s) 'nba_stats_dag' retrieved from /opt/airflow/dags/pergame_stats_dag.py
[2025-05-02T21:53:51.183+0000] {logging_mixin.py:190} INFO - [2025-05-02T21:53:51.183+0000] {dag.py:3239} INFO - Sync 1 DAGs
[2025-05-02T21:53:51.187+0000] {logging_mixin.py:190} INFO - [2025-05-02T21:53:51.187+0000] {dag.py:4180} INFO - Setting next_dagrun for nba_stats_dag to None, run_after=None
[2025-05-02T21:53:51.192+0000] {processor.py:208} INFO - Processing /opt/airflow/dags/pergame_stats_dag.py took 0.145 seconds
[2025-05-02T21:54:21.754+0000] {processor.py:186} INFO - Started process (PID=640) to work on /opt/airflow/dags/pergame_stats_dag.py
[2025-05-02T21:54:21.755+0000] {processor.py:914} INFO - Processing file /opt/airflow/dags/pergame_stats_dag.py for tasks to queue
[2025-05-02T21:54:21.756+0000] {logging_mixin.py:190} INFO - [2025-05-02T21:54:21.755+0000] {dagbag.py:588} INFO - Filling up the DagBag from /opt/airflow/dags/pergame_stats_dag.py
[2025-05-02T21:54:21.871+0000] {processor.py:925} INFO - DAG(s) 'nba_stats_dag' retrieved from /opt/airflow/dags/pergame_stats_dag.py
[2025-05-02T21:54:21.878+0000] {logging_mixin.py:190} INFO - [2025-05-02T21:54:21.877+0000] {dag.py:3239} INFO - Sync 1 DAGs
[2025-05-02T21:54:21.882+0000] {logging_mixin.py:190} INFO - [2025-05-02T21:54:21.882+0000] {dag.py:4180} INFO - Setting next_dagrun for nba_stats_dag to None, run_after=None
[2025-05-02T21:54:21.886+0000] {processor.py:208} INFO - Processing /opt/airflow/dags/pergame_stats_dag.py took 0.141 seconds
[2025-05-02T21:54:52.416+0000] {processor.py:186} INFO - Started process (PID=644) to work on /opt/airflow/dags/pergame_stats_dag.py
[2025-05-02T21:54:52.418+0000] {processor.py:914} INFO - Processing file /opt/airflow/dags/pergame_stats_dag.py for tasks to queue
[2025-05-02T21:54:52.419+0000] {logging_mixin.py:190} INFO - [2025-05-02T21:54:52.418+0000] {dagbag.py:588} INFO - Filling up the DagBag from /opt/airflow/dags/pergame_stats_dag.py
[2025-05-02T21:54:52.542+0000] {processor.py:925} INFO - DAG(s) 'nba_stats_dag' retrieved from /opt/airflow/dags/pergame_stats_dag.py
[2025-05-02T21:54:52.550+0000] {logging_mixin.py:190} INFO - [2025-05-02T21:54:52.550+0000] {dag.py:3239} INFO - Sync 1 DAGs
[2025-05-02T21:54:52.556+0000] {logging_mixin.py:190} INFO - [2025-05-02T21:54:52.556+0000] {dag.py:4180} INFO - Setting next_dagrun for nba_stats_dag to None, run_after=None
[2025-05-02T21:54:52.562+0000] {processor.py:208} INFO - Processing /opt/airflow/dags/pergame_stats_dag.py took 0.152 seconds
[2025-05-02T21:55:22.991+0000] {processor.py:186} INFO - Started process (PID=648) to work on /opt/airflow/dags/pergame_stats_dag.py
[2025-05-02T21:55:22.991+0000] {processor.py:914} INFO - Processing file /opt/airflow/dags/pergame_stats_dag.py for tasks to queue
[2025-05-02T21:55:22.992+0000] {logging_mixin.py:190} INFO - [2025-05-02T21:55:22.992+0000] {dagbag.py:588} INFO - Filling up the DagBag from /opt/airflow/dags/pergame_stats_dag.py
[2025-05-02T21:55:23.088+0000] {processor.py:925} INFO - DAG(s) 'nba_stats_dag' retrieved from /opt/airflow/dags/pergame_stats_dag.py
[2025-05-02T21:55:23.095+0000] {logging_mixin.py:190} INFO - [2025-05-02T21:55:23.095+0000] {dag.py:3239} INFO - Sync 1 DAGs
[2025-05-02T21:55:23.098+0000] {logging_mixin.py:190} INFO - [2025-05-02T21:55:23.098+0000] {dag.py:4180} INFO - Setting next_dagrun for nba_stats_dag to None, run_after=None
[2025-05-02T21:55:23.104+0000] {processor.py:208} INFO - Processing /opt/airflow/dags/pergame_stats_dag.py took 0.116 seconds
[2025-05-02T21:55:53.539+0000] {processor.py:186} INFO - Started process (PID=652) to work on /opt/airflow/dags/pergame_stats_dag.py
[2025-05-02T21:55:53.540+0000] {processor.py:914} INFO - Processing file /opt/airflow/dags/pergame_stats_dag.py for tasks to queue
[2025-05-02T21:55:53.541+0000] {logging_mixin.py:190} INFO - [2025-05-02T21:55:53.541+0000] {dagbag.py:588} INFO - Filling up the DagBag from /opt/airflow/dags/pergame_stats_dag.py
[2025-05-02T21:55:53.651+0000] {processor.py:925} INFO - DAG(s) 'nba_stats_dag' retrieved from /opt/airflow/dags/pergame_stats_dag.py
[2025-05-02T21:55:53.657+0000] {logging_mixin.py:190} INFO - [2025-05-02T21:55:53.657+0000] {dag.py:3239} INFO - Sync 1 DAGs
[2025-05-02T21:55:53.661+0000] {logging_mixin.py:190} INFO - [2025-05-02T21:55:53.661+0000] {dag.py:4180} INFO - Setting next_dagrun for nba_stats_dag to None, run_after=None
[2025-05-02T21:55:53.666+0000] {processor.py:208} INFO - Processing /opt/airflow/dags/pergame_stats_dag.py took 0.135 seconds
[2025-05-02T21:56:24.200+0000] {processor.py:186} INFO - Started process (PID=656) to work on /opt/airflow/dags/pergame_stats_dag.py
[2025-05-02T21:56:24.201+0000] {processor.py:914} INFO - Processing file /opt/airflow/dags/pergame_stats_dag.py for tasks to queue
[2025-05-02T21:56:24.202+0000] {logging_mixin.py:190} INFO - [2025-05-02T21:56:24.202+0000] {dagbag.py:588} INFO - Filling up the DagBag from /opt/airflow/dags/pergame_stats_dag.py
[2025-05-02T21:56:24.308+0000] {processor.py:925} INFO - DAG(s) 'nba_stats_dag' retrieved from /opt/airflow/dags/pergame_stats_dag.py
[2025-05-02T21:56:24.316+0000] {logging_mixin.py:190} INFO - [2025-05-02T21:56:24.316+0000] {dag.py:3239} INFO - Sync 1 DAGs
[2025-05-02T21:56:24.320+0000] {logging_mixin.py:190} INFO - [2025-05-02T21:56:24.320+0000] {dag.py:4180} INFO - Setting next_dagrun for nba_stats_dag to None, run_after=None
[2025-05-02T21:56:24.325+0000] {processor.py:208} INFO - Processing /opt/airflow/dags/pergame_stats_dag.py took 0.131 seconds
[2025-05-02T21:56:54.827+0000] {processor.py:186} INFO - Started process (PID=660) to work on /opt/airflow/dags/pergame_stats_dag.py
[2025-05-02T21:56:54.828+0000] {processor.py:914} INFO - Processing file /opt/airflow/dags/pergame_stats_dag.py for tasks to queue
[2025-05-02T21:56:54.829+0000] {logging_mixin.py:190} INFO - [2025-05-02T21:56:54.828+0000] {dagbag.py:588} INFO - Filling up the DagBag from /opt/airflow/dags/pergame_stats_dag.py
[2025-05-02T21:56:54.927+0000] {processor.py:925} INFO - DAG(s) 'nba_stats_dag' retrieved from /opt/airflow/dags/pergame_stats_dag.py
[2025-05-02T21:56:54.933+0000] {logging_mixin.py:190} INFO - [2025-05-02T21:56:54.933+0000] {dag.py:3239} INFO - Sync 1 DAGs
[2025-05-02T21:56:54.937+0000] {logging_mixin.py:190} INFO - [2025-05-02T21:56:54.937+0000] {dag.py:4180} INFO - Setting next_dagrun for nba_stats_dag to None, run_after=None
[2025-05-02T21:56:54.942+0000] {processor.py:208} INFO - Processing /opt/airflow/dags/pergame_stats_dag.py took 0.120 seconds
[2025-05-02T21:57:25.408+0000] {processor.py:186} INFO - Started process (PID=664) to work on /opt/airflow/dags/pergame_stats_dag.py
[2025-05-02T21:57:25.409+0000] {processor.py:914} INFO - Processing file /opt/airflow/dags/pergame_stats_dag.py for tasks to queue
[2025-05-02T21:57:25.411+0000] {logging_mixin.py:190} INFO - [2025-05-02T21:57:25.410+0000] {dagbag.py:588} INFO - Filling up the DagBag from /opt/airflow/dags/pergame_stats_dag.py
[2025-05-02T21:57:25.530+0000] {processor.py:925} INFO - DAG(s) 'nba_stats_dag' retrieved from /opt/airflow/dags/pergame_stats_dag.py
[2025-05-02T21:57:25.536+0000] {logging_mixin.py:190} INFO - [2025-05-02T21:57:25.536+0000] {dag.py:3239} INFO - Sync 1 DAGs
[2025-05-02T21:57:25.541+0000] {logging_mixin.py:190} INFO - [2025-05-02T21:57:25.540+0000] {dag.py:4180} INFO - Setting next_dagrun for nba_stats_dag to None, run_after=None
[2025-05-02T21:57:25.545+0000] {processor.py:208} INFO - Processing /opt/airflow/dags/pergame_stats_dag.py took 0.146 seconds
[2025-05-02T21:57:56.073+0000] {processor.py:186} INFO - Started process (PID=668) to work on /opt/airflow/dags/pergame_stats_dag.py
[2025-05-02T21:57:56.074+0000] {processor.py:914} INFO - Processing file /opt/airflow/dags/pergame_stats_dag.py for tasks to queue
[2025-05-02T21:57:56.075+0000] {logging_mixin.py:190} INFO - [2025-05-02T21:57:56.075+0000] {dagbag.py:588} INFO - Filling up the DagBag from /opt/airflow/dags/pergame_stats_dag.py
[2025-05-02T21:57:56.184+0000] {processor.py:925} INFO - DAG(s) 'nba_stats_dag' retrieved from /opt/airflow/dags/pergame_stats_dag.py
[2025-05-02T21:57:56.191+0000] {logging_mixin.py:190} INFO - [2025-05-02T21:57:56.191+0000] {dag.py:3239} INFO - Sync 1 DAGs
[2025-05-02T21:57:56.195+0000] {logging_mixin.py:190} INFO - [2025-05-02T21:57:56.195+0000] {dag.py:4180} INFO - Setting next_dagrun for nba_stats_dag to None, run_after=None
[2025-05-02T21:57:56.201+0000] {processor.py:208} INFO - Processing /opt/airflow/dags/pergame_stats_dag.py took 0.135 seconds
[2025-05-02T21:58:26.582+0000] {processor.py:186} INFO - Started process (PID=672) to work on /opt/airflow/dags/pergame_stats_dag.py
[2025-05-02T21:58:26.582+0000] {processor.py:914} INFO - Processing file /opt/airflow/dags/pergame_stats_dag.py for tasks to queue
[2025-05-02T21:58:26.583+0000] {logging_mixin.py:190} INFO - [2025-05-02T21:58:26.583+0000] {dagbag.py:588} INFO - Filling up the DagBag from /opt/airflow/dags/pergame_stats_dag.py
[2025-05-02T21:58:26.699+0000] {processor.py:925} INFO - DAG(s) 'nba_stats_dag' retrieved from /opt/airflow/dags/pergame_stats_dag.py
[2025-05-02T21:58:26.707+0000] {logging_mixin.py:190} INFO - [2025-05-02T21:58:26.707+0000] {dag.py:3239} INFO - Sync 1 DAGs
[2025-05-02T21:58:26.712+0000] {logging_mixin.py:190} INFO - [2025-05-02T21:58:26.711+0000] {dag.py:4180} INFO - Setting next_dagrun for nba_stats_dag to None, run_after=None
[2025-05-02T21:58:26.718+0000] {processor.py:208} INFO - Processing /opt/airflow/dags/pergame_stats_dag.py took 0.140 seconds
[2025-05-02T21:58:57.211+0000] {processor.py:186} INFO - Started process (PID=676) to work on /opt/airflow/dags/pergame_stats_dag.py
[2025-05-02T21:58:57.213+0000] {processor.py:914} INFO - Processing file /opt/airflow/dags/pergame_stats_dag.py for tasks to queue
[2025-05-02T21:58:57.214+0000] {logging_mixin.py:190} INFO - [2025-05-02T21:58:57.214+0000] {dagbag.py:588} INFO - Filling up the DagBag from /opt/airflow/dags/pergame_stats_dag.py
[2025-05-02T21:58:57.322+0000] {processor.py:925} INFO - DAG(s) 'nba_stats_dag' retrieved from /opt/airflow/dags/pergame_stats_dag.py
[2025-05-02T21:58:57.328+0000] {logging_mixin.py:190} INFO - [2025-05-02T21:58:57.328+0000] {dag.py:3239} INFO - Sync 1 DAGs
[2025-05-02T21:58:57.331+0000] {logging_mixin.py:190} INFO - [2025-05-02T21:58:57.331+0000] {dag.py:4180} INFO - Setting next_dagrun for nba_stats_dag to None, run_after=None
[2025-05-02T21:58:57.337+0000] {processor.py:208} INFO - Processing /opt/airflow/dags/pergame_stats_dag.py took 0.134 seconds
[2025-05-02T21:59:27.866+0000] {processor.py:186} INFO - Started process (PID=680) to work on /opt/airflow/dags/pergame_stats_dag.py
[2025-05-02T21:59:27.867+0000] {processor.py:914} INFO - Processing file /opt/airflow/dags/pergame_stats_dag.py for tasks to queue
[2025-05-02T21:59:27.868+0000] {logging_mixin.py:190} INFO - [2025-05-02T21:59:27.868+0000] {dagbag.py:588} INFO - Filling up the DagBag from /opt/airflow/dags/pergame_stats_dag.py
[2025-05-02T21:59:27.973+0000] {processor.py:925} INFO - DAG(s) 'nba_stats_dag' retrieved from /opt/airflow/dags/pergame_stats_dag.py
[2025-05-02T21:59:27.979+0000] {logging_mixin.py:190} INFO - [2025-05-02T21:59:27.979+0000] {dag.py:3239} INFO - Sync 1 DAGs
[2025-05-02T21:59:27.983+0000] {logging_mixin.py:190} INFO - [2025-05-02T21:59:27.983+0000] {dag.py:4180} INFO - Setting next_dagrun for nba_stats_dag to None, run_after=None
[2025-05-02T21:59:27.988+0000] {processor.py:208} INFO - Processing /opt/airflow/dags/pergame_stats_dag.py took 0.130 seconds
[2025-05-02T21:59:58.506+0000] {processor.py:186} INFO - Started process (PID=684) to work on /opt/airflow/dags/pergame_stats_dag.py
[2025-05-02T21:59:58.508+0000] {processor.py:914} INFO - Processing file /opt/airflow/dags/pergame_stats_dag.py for tasks to queue
[2025-05-02T21:59:58.509+0000] {logging_mixin.py:190} INFO - [2025-05-02T21:59:58.509+0000] {dagbag.py:588} INFO - Filling up the DagBag from /opt/airflow/dags/pergame_stats_dag.py
[2025-05-02T21:59:58.628+0000] {processor.py:925} INFO - DAG(s) 'nba_stats_dag' retrieved from /opt/airflow/dags/pergame_stats_dag.py
[2025-05-02T21:59:58.634+0000] {logging_mixin.py:190} INFO - [2025-05-02T21:59:58.634+0000] {dag.py:3239} INFO - Sync 1 DAGs
[2025-05-02T21:59:58.638+0000] {logging_mixin.py:190} INFO - [2025-05-02T21:59:58.638+0000] {dag.py:4180} INFO - Setting next_dagrun for nba_stats_dag to None, run_after=None
[2025-05-02T21:59:58.642+0000] {processor.py:208} INFO - Processing /opt/airflow/dags/pergame_stats_dag.py took 0.144 seconds
[2025-05-02T22:00:29.150+0000] {processor.py:186} INFO - Started process (PID=688) to work on /opt/airflow/dags/pergame_stats_dag.py
[2025-05-02T22:00:29.151+0000] {processor.py:914} INFO - Processing file /opt/airflow/dags/pergame_stats_dag.py for tasks to queue
[2025-05-02T22:00:29.152+0000] {logging_mixin.py:190} INFO - [2025-05-02T22:00:29.152+0000] {dagbag.py:588} INFO - Filling up the DagBag from /opt/airflow/dags/pergame_stats_dag.py
[2025-05-02T22:00:29.259+0000] {processor.py:925} INFO - DAG(s) 'nba_stats_dag' retrieved from /opt/airflow/dags/pergame_stats_dag.py
[2025-05-02T22:00:29.265+0000] {logging_mixin.py:190} INFO - [2025-05-02T22:00:29.265+0000] {dag.py:3239} INFO - Sync 1 DAGs
[2025-05-02T22:00:29.269+0000] {logging_mixin.py:190} INFO - [2025-05-02T22:00:29.269+0000] {dag.py:4180} INFO - Setting next_dagrun for nba_stats_dag to None, run_after=None
[2025-05-02T22:00:29.275+0000] {processor.py:208} INFO - Processing /opt/airflow/dags/pergame_stats_dag.py took 0.132 seconds
[2025-05-02T22:00:59.781+0000] {processor.py:186} INFO - Started process (PID=692) to work on /opt/airflow/dags/pergame_stats_dag.py
[2025-05-02T22:00:59.782+0000] {processor.py:914} INFO - Processing file /opt/airflow/dags/pergame_stats_dag.py for tasks to queue
[2025-05-02T22:00:59.784+0000] {logging_mixin.py:190} INFO - [2025-05-02T22:00:59.784+0000] {dagbag.py:588} INFO - Filling up the DagBag from /opt/airflow/dags/pergame_stats_dag.py
[2025-05-02T22:00:59.894+0000] {processor.py:925} INFO - DAG(s) 'nba_stats_dag' retrieved from /opt/airflow/dags/pergame_stats_dag.py
[2025-05-02T22:00:59.902+0000] {logging_mixin.py:190} INFO - [2025-05-02T22:00:59.901+0000] {dag.py:3239} INFO - Sync 1 DAGs
[2025-05-02T22:00:59.906+0000] {logging_mixin.py:190} INFO - [2025-05-02T22:00:59.906+0000] {dag.py:4180} INFO - Setting next_dagrun for nba_stats_dag to None, run_after=None
[2025-05-02T22:00:59.911+0000] {processor.py:208} INFO - Processing /opt/airflow/dags/pergame_stats_dag.py took 0.138 seconds
[2025-05-02T22:01:30.414+0000] {processor.py:186} INFO - Started process (PID=696) to work on /opt/airflow/dags/pergame_stats_dag.py
[2025-05-02T22:01:30.414+0000] {processor.py:914} INFO - Processing file /opt/airflow/dags/pergame_stats_dag.py for tasks to queue
[2025-05-02T22:01:30.415+0000] {logging_mixin.py:190} INFO - [2025-05-02T22:01:30.415+0000] {dagbag.py:588} INFO - Filling up the DagBag from /opt/airflow/dags/pergame_stats_dag.py
[2025-05-02T22:01:30.523+0000] {processor.py:925} INFO - DAG(s) 'nba_stats_dag' retrieved from /opt/airflow/dags/pergame_stats_dag.py
[2025-05-02T22:01:30.529+0000] {logging_mixin.py:190} INFO - [2025-05-02T22:01:30.529+0000] {dag.py:3239} INFO - Sync 1 DAGs
[2025-05-02T22:01:30.533+0000] {logging_mixin.py:190} INFO - [2025-05-02T22:01:30.533+0000] {dag.py:4180} INFO - Setting next_dagrun for nba_stats_dag to None, run_after=None
[2025-05-02T22:01:30.539+0000] {processor.py:208} INFO - Processing /opt/airflow/dags/pergame_stats_dag.py took 0.132 seconds
[2025-05-02T22:02:01.060+0000] {processor.py:186} INFO - Started process (PID=700) to work on /opt/airflow/dags/pergame_stats_dag.py
[2025-05-02T22:02:01.062+0000] {processor.py:914} INFO - Processing file /opt/airflow/dags/pergame_stats_dag.py for tasks to queue
[2025-05-02T22:02:01.063+0000] {logging_mixin.py:190} INFO - [2025-05-02T22:02:01.063+0000] {dagbag.py:588} INFO - Filling up the DagBag from /opt/airflow/dags/pergame_stats_dag.py
[2025-05-02T22:02:01.172+0000] {processor.py:925} INFO - DAG(s) 'nba_stats_dag' retrieved from /opt/airflow/dags/pergame_stats_dag.py
[2025-05-02T22:02:01.180+0000] {logging_mixin.py:190} INFO - [2025-05-02T22:02:01.180+0000] {dag.py:3239} INFO - Sync 1 DAGs
[2025-05-02T22:02:01.184+0000] {logging_mixin.py:190} INFO - [2025-05-02T22:02:01.184+0000] {dag.py:4180} INFO - Setting next_dagrun for nba_stats_dag to None, run_after=None
[2025-05-02T22:02:01.189+0000] {processor.py:208} INFO - Processing /opt/airflow/dags/pergame_stats_dag.py took 0.141 seconds
[2025-05-02T22:02:31.716+0000] {processor.py:186} INFO - Started process (PID=704) to work on /opt/airflow/dags/pergame_stats_dag.py
[2025-05-02T22:02:31.716+0000] {processor.py:914} INFO - Processing file /opt/airflow/dags/pergame_stats_dag.py for tasks to queue
[2025-05-02T22:02:31.717+0000] {logging_mixin.py:190} INFO - [2025-05-02T22:02:31.717+0000] {dagbag.py:588} INFO - Filling up the DagBag from /opt/airflow/dags/pergame_stats_dag.py
[2025-05-02T22:02:31.833+0000] {processor.py:925} INFO - DAG(s) 'nba_stats_dag' retrieved from /opt/airflow/dags/pergame_stats_dag.py
[2025-05-02T22:02:31.839+0000] {logging_mixin.py:190} INFO - [2025-05-02T22:02:31.839+0000] {dag.py:3239} INFO - Sync 1 DAGs
[2025-05-02T22:02:31.842+0000] {logging_mixin.py:190} INFO - [2025-05-02T22:02:31.842+0000] {dag.py:4180} INFO - Setting next_dagrun for nba_stats_dag to None, run_after=None
[2025-05-02T22:02:31.847+0000] {processor.py:208} INFO - Processing /opt/airflow/dags/pergame_stats_dag.py took 0.141 seconds
[2025-05-02T22:03:02.349+0000] {processor.py:186} INFO - Started process (PID=708) to work on /opt/airflow/dags/pergame_stats_dag.py
[2025-05-02T22:03:02.351+0000] {processor.py:914} INFO - Processing file /opt/airflow/dags/pergame_stats_dag.py for tasks to queue
[2025-05-02T22:03:02.352+0000] {logging_mixin.py:190} INFO - [2025-05-02T22:03:02.352+0000] {dagbag.py:588} INFO - Filling up the DagBag from /opt/airflow/dags/pergame_stats_dag.py
[2025-05-02T22:03:02.464+0000] {processor.py:925} INFO - DAG(s) 'nba_stats_dag' retrieved from /opt/airflow/dags/pergame_stats_dag.py
[2025-05-02T22:03:02.472+0000] {logging_mixin.py:190} INFO - [2025-05-02T22:03:02.471+0000] {dag.py:3239} INFO - Sync 1 DAGs
[2025-05-02T22:03:02.476+0000] {logging_mixin.py:190} INFO - [2025-05-02T22:03:02.476+0000] {dag.py:4180} INFO - Setting next_dagrun for nba_stats_dag to None, run_after=None
[2025-05-02T22:03:02.480+0000] {processor.py:208} INFO - Processing /opt/airflow/dags/pergame_stats_dag.py took 0.139 seconds
[2025-05-02T22:03:32.874+0000] {processor.py:186} INFO - Started process (PID=712) to work on /opt/airflow/dags/pergame_stats_dag.py
[2025-05-02T22:03:32.875+0000] {processor.py:914} INFO - Processing file /opt/airflow/dags/pergame_stats_dag.py for tasks to queue
[2025-05-02T22:03:32.876+0000] {logging_mixin.py:190} INFO - [2025-05-02T22:03:32.876+0000] {dagbag.py:588} INFO - Filling up the DagBag from /opt/airflow/dags/pergame_stats_dag.py
[2025-05-02T22:03:32.919+0000] {processor.py:925} INFO - DAG(s) 'nba_stats_dag' retrieved from /opt/airflow/dags/pergame_stats_dag.py
[2025-05-02T22:03:32.927+0000] {logging_mixin.py:190} INFO - [2025-05-02T22:03:32.927+0000] {dag.py:3239} INFO - Sync 1 DAGs
[2025-05-02T22:03:32.932+0000] {logging_mixin.py:190} INFO - [2025-05-02T22:03:32.932+0000] {dag.py:4180} INFO - Setting next_dagrun for nba_stats_dag to None, run_after=None
[2025-05-02T22:03:32.937+0000] {processor.py:208} INFO - Processing /opt/airflow/dags/pergame_stats_dag.py took 0.067 seconds
[2025-05-02T22:04:28.852+0000] {processor.py:186} INFO - Started process (PID=716) to work on /opt/airflow/dags/pergame_stats_dag.py
[2025-05-02T22:04:28.854+0000] {processor.py:914} INFO - Processing file /opt/airflow/dags/pergame_stats_dag.py for tasks to queue
[2025-05-02T22:04:28.856+0000] {logging_mixin.py:190} INFO - [2025-05-02T22:04:28.855+0000] {dagbag.py:588} INFO - Filling up the DagBag from /opt/airflow/dags/pergame_stats_dag.py
[2025-05-02T22:04:28.899+0000] {processor.py:925} INFO - DAG(s) 'nba_stats_dag' retrieved from /opt/airflow/dags/pergame_stats_dag.py
[2025-05-02T22:04:28.908+0000] {logging_mixin.py:190} INFO - [2025-05-02T22:04:28.908+0000] {dag.py:3239} INFO - Sync 1 DAGs
[2025-05-02T22:04:28.913+0000] {logging_mixin.py:190} INFO - [2025-05-02T22:04:28.913+0000] {dag.py:4180} INFO - Setting next_dagrun for nba_stats_dag to None, run_after=None
[2025-05-02T22:04:28.919+0000] {processor.py:208} INFO - Processing /opt/airflow/dags/pergame_stats_dag.py took 0.075 seconds
[2025-05-02T22:04:59.385+0000] {processor.py:186} INFO - Started process (PID=720) to work on /opt/airflow/dags/pergame_stats_dag.py
[2025-05-02T22:04:59.386+0000] {processor.py:914} INFO - Processing file /opt/airflow/dags/pergame_stats_dag.py for tasks to queue
[2025-05-02T22:04:59.387+0000] {logging_mixin.py:190} INFO - [2025-05-02T22:04:59.387+0000] {dagbag.py:588} INFO - Filling up the DagBag from /opt/airflow/dags/pergame_stats_dag.py
[2025-05-02T22:04:59.432+0000] {processor.py:925} INFO - DAG(s) 'nba_stats_dag' retrieved from /opt/airflow/dags/pergame_stats_dag.py
[2025-05-02T22:04:59.441+0000] {logging_mixin.py:190} INFO - [2025-05-02T22:04:59.441+0000] {dag.py:3239} INFO - Sync 1 DAGs
[2025-05-02T22:04:59.447+0000] {logging_mixin.py:190} INFO - [2025-05-02T22:04:59.447+0000] {dag.py:4180} INFO - Setting next_dagrun for nba_stats_dag to None, run_after=None
[2025-05-02T22:04:59.456+0000] {processor.py:208} INFO - Processing /opt/airflow/dags/pergame_stats_dag.py took 0.080 seconds
[2025-05-02T22:05:29.875+0000] {processor.py:186} INFO - Started process (PID=724) to work on /opt/airflow/dags/pergame_stats_dag.py
[2025-05-02T22:05:29.876+0000] {processor.py:914} INFO - Processing file /opt/airflow/dags/pergame_stats_dag.py for tasks to queue
[2025-05-02T22:05:29.877+0000] {logging_mixin.py:190} INFO - [2025-05-02T22:05:29.877+0000] {dagbag.py:588} INFO - Filling up the DagBag from /opt/airflow/dags/pergame_stats_dag.py
[2025-05-02T22:05:29.912+0000] {processor.py:925} INFO - DAG(s) 'nba_stats_dag' retrieved from /opt/airflow/dags/pergame_stats_dag.py
[2025-05-02T22:05:29.920+0000] {logging_mixin.py:190} INFO - [2025-05-02T22:05:29.920+0000] {dag.py:3239} INFO - Sync 1 DAGs
[2025-05-02T22:05:29.926+0000] {logging_mixin.py:190} INFO - [2025-05-02T22:05:29.926+0000] {dag.py:4180} INFO - Setting next_dagrun for nba_stats_dag to None, run_after=None
[2025-05-02T22:05:29.933+0000] {processor.py:208} INFO - Processing /opt/airflow/dags/pergame_stats_dag.py took 0.061 seconds
[2025-05-02T22:06:00.359+0000] {processor.py:186} INFO - Started process (PID=728) to work on /opt/airflow/dags/pergame_stats_dag.py
[2025-05-02T22:06:00.361+0000] {processor.py:914} INFO - Processing file /opt/airflow/dags/pergame_stats_dag.py for tasks to queue
[2025-05-02T22:06:00.362+0000] {logging_mixin.py:190} INFO - [2025-05-02T22:06:00.362+0000] {dagbag.py:588} INFO - Filling up the DagBag from /opt/airflow/dags/pergame_stats_dag.py
[2025-05-02T22:06:00.410+0000] {processor.py:925} INFO - DAG(s) 'nba_stats_dag' retrieved from /opt/airflow/dags/pergame_stats_dag.py
[2025-05-02T22:06:00.419+0000] {logging_mixin.py:190} INFO - [2025-05-02T22:06:00.419+0000] {dag.py:3239} INFO - Sync 1 DAGs
[2025-05-02T22:06:00.426+0000] {logging_mixin.py:190} INFO - [2025-05-02T22:06:00.426+0000] {dag.py:4180} INFO - Setting next_dagrun for nba_stats_dag to None, run_after=None
[2025-05-02T22:06:00.433+0000] {processor.py:208} INFO - Processing /opt/airflow/dags/pergame_stats_dag.py took 0.081 seconds
[2025-05-02T22:06:30.915+0000] {processor.py:186} INFO - Started process (PID=732) to work on /opt/airflow/dags/pergame_stats_dag.py
[2025-05-02T22:06:30.916+0000] {processor.py:914} INFO - Processing file /opt/airflow/dags/pergame_stats_dag.py for tasks to queue
[2025-05-02T22:06:30.918+0000] {logging_mixin.py:190} INFO - [2025-05-02T22:06:30.917+0000] {dagbag.py:588} INFO - Filling up the DagBag from /opt/airflow/dags/pergame_stats_dag.py
[2025-05-02T22:06:30.961+0000] {processor.py:925} INFO - DAG(s) 'nba_stats_dag' retrieved from /opt/airflow/dags/pergame_stats_dag.py
[2025-05-02T22:06:30.971+0000] {logging_mixin.py:190} INFO - [2025-05-02T22:06:30.971+0000] {dag.py:3239} INFO - Sync 1 DAGs
[2025-05-02T22:06:30.976+0000] {logging_mixin.py:190} INFO - [2025-05-02T22:06:30.976+0000] {dag.py:4180} INFO - Setting next_dagrun for nba_stats_dag to None, run_after=None
[2025-05-02T22:06:30.982+0000] {processor.py:208} INFO - Processing /opt/airflow/dags/pergame_stats_dag.py took 0.075 seconds
[2025-05-02T22:07:01.512+0000] {processor.py:186} INFO - Started process (PID=736) to work on /opt/airflow/dags/pergame_stats_dag.py
[2025-05-02T22:07:01.514+0000] {processor.py:914} INFO - Processing file /opt/airflow/dags/pergame_stats_dag.py for tasks to queue
[2025-05-02T22:07:01.515+0000] {logging_mixin.py:190} INFO - [2025-05-02T22:07:01.515+0000] {dagbag.py:588} INFO - Filling up the DagBag from /opt/airflow/dags/pergame_stats_dag.py
[2025-05-02T22:07:01.560+0000] {processor.py:925} INFO - DAG(s) 'nba_stats_dag' retrieved from /opt/airflow/dags/pergame_stats_dag.py
[2025-05-02T22:07:01.569+0000] {logging_mixin.py:190} INFO - [2025-05-02T22:07:01.569+0000] {dag.py:3239} INFO - Sync 1 DAGs
[2025-05-02T22:07:01.574+0000] {logging_mixin.py:190} INFO - [2025-05-02T22:07:01.574+0000] {dag.py:4180} INFO - Setting next_dagrun for nba_stats_dag to None, run_after=None
[2025-05-02T22:07:01.580+0000] {processor.py:208} INFO - Processing /opt/airflow/dags/pergame_stats_dag.py took 0.078 seconds
[2025-05-02T22:07:32.116+0000] {processor.py:186} INFO - Started process (PID=740) to work on /opt/airflow/dags/pergame_stats_dag.py
[2025-05-02T22:07:32.118+0000] {processor.py:914} INFO - Processing file /opt/airflow/dags/pergame_stats_dag.py for tasks to queue
[2025-05-02T22:07:32.119+0000] {logging_mixin.py:190} INFO - [2025-05-02T22:07:32.119+0000] {dagbag.py:588} INFO - Filling up the DagBag from /opt/airflow/dags/pergame_stats_dag.py
[2025-05-02T22:07:32.163+0000] {processor.py:925} INFO - DAG(s) 'nba_stats_dag' retrieved from /opt/airflow/dags/pergame_stats_dag.py
[2025-05-02T22:07:32.173+0000] {logging_mixin.py:190} INFO - [2025-05-02T22:07:32.173+0000] {dag.py:3239} INFO - Sync 1 DAGs
[2025-05-02T22:07:32.178+0000] {logging_mixin.py:190} INFO - [2025-05-02T22:07:32.178+0000] {dag.py:4180} INFO - Setting next_dagrun for nba_stats_dag to None, run_after=None
[2025-05-02T22:07:32.184+0000] {processor.py:208} INFO - Processing /opt/airflow/dags/pergame_stats_dag.py took 0.077 seconds
[2025-05-02T22:08:02.609+0000] {processor.py:186} INFO - Started process (PID=744) to work on /opt/airflow/dags/pergame_stats_dag.py
[2025-05-02T22:08:02.611+0000] {processor.py:914} INFO - Processing file /opt/airflow/dags/pergame_stats_dag.py for tasks to queue
[2025-05-02T22:08:02.613+0000] {logging_mixin.py:190} INFO - [2025-05-02T22:08:02.612+0000] {dagbag.py:588} INFO - Filling up the DagBag from /opt/airflow/dags/pergame_stats_dag.py
[2025-05-02T22:08:02.662+0000] {processor.py:925} INFO - DAG(s) 'nba_stats_dag' retrieved from /opt/airflow/dags/pergame_stats_dag.py
[2025-05-02T22:08:02.671+0000] {logging_mixin.py:190} INFO - [2025-05-02T22:08:02.671+0000] {dag.py:3239} INFO - Sync 1 DAGs
[2025-05-02T22:08:02.677+0000] {logging_mixin.py:190} INFO - [2025-05-02T22:08:02.677+0000] {dag.py:4180} INFO - Setting next_dagrun for nba_stats_dag to None, run_after=None
[2025-05-02T22:08:02.683+0000] {processor.py:208} INFO - Processing /opt/airflow/dags/pergame_stats_dag.py took 0.082 seconds
[2025-05-02T22:08:33.178+0000] {processor.py:186} INFO - Started process (PID=748) to work on /opt/airflow/dags/pergame_stats_dag.py
[2025-05-02T22:08:33.180+0000] {processor.py:914} INFO - Processing file /opt/airflow/dags/pergame_stats_dag.py for tasks to queue
[2025-05-02T22:08:33.181+0000] {logging_mixin.py:190} INFO - [2025-05-02T22:08:33.180+0000] {dagbag.py:588} INFO - Filling up the DagBag from /opt/airflow/dags/pergame_stats_dag.py
[2025-05-02T22:08:33.228+0000] {processor.py:925} INFO - DAG(s) 'nba_stats_dag' retrieved from /opt/airflow/dags/pergame_stats_dag.py
[2025-05-02T22:08:33.238+0000] {logging_mixin.py:190} INFO - [2025-05-02T22:08:33.238+0000] {dag.py:3239} INFO - Sync 1 DAGs
[2025-05-02T22:08:33.244+0000] {logging_mixin.py:190} INFO - [2025-05-02T22:08:33.244+0000] {dag.py:4180} INFO - Setting next_dagrun for nba_stats_dag to None, run_after=None
[2025-05-02T22:08:33.249+0000] {processor.py:208} INFO - Processing /opt/airflow/dags/pergame_stats_dag.py took 0.079 seconds
[2025-05-02T22:09:03.702+0000] {processor.py:186} INFO - Started process (PID=752) to work on /opt/airflow/dags/pergame_stats_dag.py
[2025-05-02T22:09:03.703+0000] {processor.py:914} INFO - Processing file /opt/airflow/dags/pergame_stats_dag.py for tasks to queue
[2025-05-02T22:09:03.704+0000] {logging_mixin.py:190} INFO - [2025-05-02T22:09:03.704+0000] {dagbag.py:588} INFO - Filling up the DagBag from /opt/airflow/dags/pergame_stats_dag.py
[2025-05-02T22:09:03.753+0000] {processor.py:925} INFO - DAG(s) 'nba_stats_dag' retrieved from /opt/airflow/dags/pergame_stats_dag.py
[2025-05-02T22:09:03.769+0000] {logging_mixin.py:190} INFO - [2025-05-02T22:09:03.769+0000] {dag.py:3239} INFO - Sync 1 DAGs
[2025-05-02T22:09:03.777+0000] {logging_mixin.py:190} INFO - [2025-05-02T22:09:03.776+0000] {dag.py:4180} INFO - Setting next_dagrun for nba_stats_dag to None, run_after=None
[2025-05-02T22:09:03.788+0000] {processor.py:208} INFO - Processing /opt/airflow/dags/pergame_stats_dag.py took 0.092 seconds
[2025-05-02T22:09:34.171+0000] {processor.py:186} INFO - Started process (PID=756) to work on /opt/airflow/dags/pergame_stats_dag.py
[2025-05-02T22:09:34.172+0000] {processor.py:914} INFO - Processing file /opt/airflow/dags/pergame_stats_dag.py for tasks to queue
[2025-05-02T22:09:34.173+0000] {logging_mixin.py:190} INFO - [2025-05-02T22:09:34.173+0000] {dagbag.py:588} INFO - Filling up the DagBag from /opt/airflow/dags/pergame_stats_dag.py
[2025-05-02T22:09:34.215+0000] {processor.py:925} INFO - DAG(s) 'nba_stats_dag' retrieved from /opt/airflow/dags/pergame_stats_dag.py
[2025-05-02T22:09:34.224+0000] {logging_mixin.py:190} INFO - [2025-05-02T22:09:34.224+0000] {dag.py:3239} INFO - Sync 1 DAGs
[2025-05-02T22:09:34.229+0000] {logging_mixin.py:190} INFO - [2025-05-02T22:09:34.229+0000] {dag.py:4180} INFO - Setting next_dagrun for nba_stats_dag to None, run_after=None
[2025-05-02T22:09:34.235+0000] {processor.py:208} INFO - Processing /opt/airflow/dags/pergame_stats_dag.py took 0.069 seconds
[2025-05-02T22:10:04.578+0000] {processor.py:186} INFO - Started process (PID=760) to work on /opt/airflow/dags/pergame_stats_dag.py
[2025-05-02T22:10:04.581+0000] {processor.py:914} INFO - Processing file /opt/airflow/dags/pergame_stats_dag.py for tasks to queue
[2025-05-02T22:10:04.582+0000] {logging_mixin.py:190} INFO - [2025-05-02T22:10:04.582+0000] {dagbag.py:588} INFO - Filling up the DagBag from /opt/airflow/dags/pergame_stats_dag.py
[2025-05-02T22:10:04.614+0000] {processor.py:925} INFO - DAG(s) 'nba_stats_dag' retrieved from /opt/airflow/dags/pergame_stats_dag.py
[2025-05-02T22:10:04.622+0000] {logging_mixin.py:190} INFO - [2025-05-02T22:10:04.622+0000] {dag.py:3239} INFO - Sync 1 DAGs
[2025-05-02T22:10:04.629+0000] {logging_mixin.py:190} INFO - [2025-05-02T22:10:04.628+0000] {dag.py:4180} INFO - Setting next_dagrun for nba_stats_dag to None, run_after=None
[2025-05-02T22:10:04.636+0000] {processor.py:208} INFO - Processing /opt/airflow/dags/pergame_stats_dag.py took 0.064 seconds
[2025-05-02T22:10:34.991+0000] {processor.py:186} INFO - Started process (PID=764) to work on /opt/airflow/dags/pergame_stats_dag.py
[2025-05-02T22:10:34.992+0000] {processor.py:914} INFO - Processing file /opt/airflow/dags/pergame_stats_dag.py for tasks to queue
[2025-05-02T22:10:34.993+0000] {logging_mixin.py:190} INFO - [2025-05-02T22:10:34.992+0000] {dagbag.py:588} INFO - Filling up the DagBag from /opt/airflow/dags/pergame_stats_dag.py
[2025-05-02T22:10:35.035+0000] {processor.py:925} INFO - DAG(s) 'nba_stats_dag' retrieved from /opt/airflow/dags/pergame_stats_dag.py
[2025-05-02T22:10:35.043+0000] {logging_mixin.py:190} INFO - [2025-05-02T22:10:35.043+0000] {dag.py:3239} INFO - Sync 1 DAGs
[2025-05-02T22:10:35.049+0000] {logging_mixin.py:190} INFO - [2025-05-02T22:10:35.049+0000] {dag.py:4180} INFO - Setting next_dagrun for nba_stats_dag to None, run_after=None
[2025-05-02T22:10:35.057+0000] {processor.py:208} INFO - Processing /opt/airflow/dags/pergame_stats_dag.py took 0.071 seconds
[2025-05-02T22:11:05.362+0000] {processor.py:186} INFO - Started process (PID=768) to work on /opt/airflow/dags/pergame_stats_dag.py
[2025-05-02T22:11:05.363+0000] {processor.py:914} INFO - Processing file /opt/airflow/dags/pergame_stats_dag.py for tasks to queue
[2025-05-02T22:11:05.364+0000] {logging_mixin.py:190} INFO - [2025-05-02T22:11:05.364+0000] {dagbag.py:588} INFO - Filling up the DagBag from /opt/airflow/dags/pergame_stats_dag.py
[2025-05-02T22:11:05.402+0000] {processor.py:925} INFO - DAG(s) 'nba_stats_dag' retrieved from /opt/airflow/dags/pergame_stats_dag.py
[2025-05-02T22:11:05.414+0000] {logging_mixin.py:190} INFO - [2025-05-02T22:11:05.414+0000] {dag.py:3239} INFO - Sync 1 DAGs
[2025-05-02T22:11:05.421+0000] {logging_mixin.py:190} INFO - [2025-05-02T22:11:05.421+0000] {dag.py:4180} INFO - Setting next_dagrun for nba_stats_dag to None, run_after=None
[2025-05-02T22:11:05.430+0000] {processor.py:208} INFO - Processing /opt/airflow/dags/pergame_stats_dag.py took 0.071 seconds
[2025-05-02T22:11:35.759+0000] {processor.py:186} INFO - Started process (PID=772) to work on /opt/airflow/dags/pergame_stats_dag.py
[2025-05-02T22:11:35.760+0000] {processor.py:914} INFO - Processing file /opt/airflow/dags/pergame_stats_dag.py for tasks to queue
[2025-05-02T22:11:35.761+0000] {logging_mixin.py:190} INFO - [2025-05-02T22:11:35.760+0000] {dagbag.py:588} INFO - Filling up the DagBag from /opt/airflow/dags/pergame_stats_dag.py
[2025-05-02T22:11:35.800+0000] {processor.py:925} INFO - DAG(s) 'nba_stats_dag' retrieved from /opt/airflow/dags/pergame_stats_dag.py
[2025-05-02T22:11:35.809+0000] {logging_mixin.py:190} INFO - [2025-05-02T22:11:35.809+0000] {dag.py:3239} INFO - Sync 1 DAGs
[2025-05-02T22:11:35.815+0000] {logging_mixin.py:190} INFO - [2025-05-02T22:11:35.814+0000] {dag.py:4180} INFO - Setting next_dagrun for nba_stats_dag to None, run_after=None
[2025-05-02T22:11:35.821+0000] {processor.py:208} INFO - Processing /opt/airflow/dags/pergame_stats_dag.py took 0.067 seconds
[2025-05-02T22:12:06.157+0000] {processor.py:186} INFO - Started process (PID=776) to work on /opt/airflow/dags/pergame_stats_dag.py
[2025-05-02T22:12:06.158+0000] {processor.py:914} INFO - Processing file /opt/airflow/dags/pergame_stats_dag.py for tasks to queue
[2025-05-02T22:12:06.159+0000] {logging_mixin.py:190} INFO - [2025-05-02T22:12:06.158+0000] {dagbag.py:588} INFO - Filling up the DagBag from /opt/airflow/dags/pergame_stats_dag.py
[2025-05-02T22:12:06.199+0000] {processor.py:925} INFO - DAG(s) 'nba_stats_dag' retrieved from /opt/airflow/dags/pergame_stats_dag.py
[2025-05-02T22:12:06.209+0000] {logging_mixin.py:190} INFO - [2025-05-02T22:12:06.209+0000] {dag.py:3239} INFO - Sync 1 DAGs
[2025-05-02T22:12:06.214+0000] {logging_mixin.py:190} INFO - [2025-05-02T22:12:06.214+0000] {dag.py:4180} INFO - Setting next_dagrun for nba_stats_dag to None, run_after=None
[2025-05-02T22:12:06.221+0000] {processor.py:208} INFO - Processing /opt/airflow/dags/pergame_stats_dag.py took 0.070 seconds
[2025-05-02T22:12:36.637+0000] {processor.py:186} INFO - Started process (PID=780) to work on /opt/airflow/dags/pergame_stats_dag.py
[2025-05-02T22:12:36.638+0000] {processor.py:914} INFO - Processing file /opt/airflow/dags/pergame_stats_dag.py for tasks to queue
[2025-05-02T22:12:36.639+0000] {logging_mixin.py:190} INFO - [2025-05-02T22:12:36.639+0000] {dagbag.py:588} INFO - Filling up the DagBag from /opt/airflow/dags/pergame_stats_dag.py
[2025-05-02T22:12:36.684+0000] {processor.py:925} INFO - DAG(s) 'nba_stats_dag' retrieved from /opt/airflow/dags/pergame_stats_dag.py
[2025-05-02T22:12:36.693+0000] {logging_mixin.py:190} INFO - [2025-05-02T22:12:36.693+0000] {dag.py:3239} INFO - Sync 1 DAGs
[2025-05-02T22:12:36.700+0000] {logging_mixin.py:190} INFO - [2025-05-02T22:12:36.700+0000] {dag.py:4180} INFO - Setting next_dagrun for nba_stats_dag to None, run_after=None
[2025-05-02T22:12:36.706+0000] {processor.py:208} INFO - Processing /opt/airflow/dags/pergame_stats_dag.py took 0.078 seconds
[2025-05-02T22:13:07.184+0000] {processor.py:186} INFO - Started process (PID=784) to work on /opt/airflow/dags/pergame_stats_dag.py
[2025-05-02T22:13:07.185+0000] {processor.py:914} INFO - Processing file /opt/airflow/dags/pergame_stats_dag.py for tasks to queue
[2025-05-02T22:13:07.187+0000] {logging_mixin.py:190} INFO - [2025-05-02T22:13:07.186+0000] {dagbag.py:588} INFO - Filling up the DagBag from /opt/airflow/dags/pergame_stats_dag.py
[2025-05-02T22:13:07.231+0000] {processor.py:925} INFO - DAG(s) 'nba_stats_dag' retrieved from /opt/airflow/dags/pergame_stats_dag.py
[2025-05-02T22:13:07.240+0000] {logging_mixin.py:190} INFO - [2025-05-02T22:13:07.240+0000] {dag.py:3239} INFO - Sync 1 DAGs
[2025-05-02T22:13:07.246+0000] {logging_mixin.py:190} INFO - [2025-05-02T22:13:07.246+0000] {dag.py:4180} INFO - Setting next_dagrun for nba_stats_dag to None, run_after=None
[2025-05-02T22:13:07.253+0000] {processor.py:208} INFO - Processing /opt/airflow/dags/pergame_stats_dag.py took 0.081 seconds
[2025-05-02T22:13:37.767+0000] {processor.py:186} INFO - Started process (PID=788) to work on /opt/airflow/dags/pergame_stats_dag.py
[2025-05-02T22:13:37.768+0000] {processor.py:914} INFO - Processing file /opt/airflow/dags/pergame_stats_dag.py for tasks to queue
[2025-05-02T22:13:37.769+0000] {logging_mixin.py:190} INFO - [2025-05-02T22:13:37.769+0000] {dagbag.py:588} INFO - Filling up the DagBag from /opt/airflow/dags/pergame_stats_dag.py
[2025-05-02T22:13:37.814+0000] {processor.py:925} INFO - DAG(s) 'nba_stats_dag' retrieved from /opt/airflow/dags/pergame_stats_dag.py
[2025-05-02T22:13:37.822+0000] {logging_mixin.py:190} INFO - [2025-05-02T22:13:37.822+0000] {dag.py:3239} INFO - Sync 1 DAGs
[2025-05-02T22:13:37.828+0000] {logging_mixin.py:190} INFO - [2025-05-02T22:13:37.828+0000] {dag.py:4180} INFO - Setting next_dagrun for nba_stats_dag to None, run_after=None
[2025-05-02T22:13:37.834+0000] {processor.py:208} INFO - Processing /opt/airflow/dags/pergame_stats_dag.py took 0.077 seconds
[2025-05-02T22:14:08.322+0000] {processor.py:186} INFO - Started process (PID=792) to work on /opt/airflow/dags/pergame_stats_dag.py
[2025-05-02T22:14:08.324+0000] {processor.py:914} INFO - Processing file /opt/airflow/dags/pergame_stats_dag.py for tasks to queue
[2025-05-02T22:14:08.325+0000] {logging_mixin.py:190} INFO - [2025-05-02T22:14:08.325+0000] {dagbag.py:588} INFO - Filling up the DagBag from /opt/airflow/dags/pergame_stats_dag.py
[2025-05-02T22:14:08.369+0000] {processor.py:925} INFO - DAG(s) 'nba_stats_dag' retrieved from /opt/airflow/dags/pergame_stats_dag.py
[2025-05-02T22:14:08.378+0000] {logging_mixin.py:190} INFO - [2025-05-02T22:14:08.377+0000] {dag.py:3239} INFO - Sync 1 DAGs
[2025-05-02T22:14:08.383+0000] {logging_mixin.py:190} INFO - [2025-05-02T22:14:08.383+0000] {dag.py:4180} INFO - Setting next_dagrun for nba_stats_dag to None, run_after=None
[2025-05-02T22:14:08.389+0000] {processor.py:208} INFO - Processing /opt/airflow/dags/pergame_stats_dag.py took 0.076 seconds
[2025-05-02T22:14:38.851+0000] {processor.py:186} INFO - Started process (PID=796) to work on /opt/airflow/dags/pergame_stats_dag.py
[2025-05-02T22:14:38.852+0000] {processor.py:914} INFO - Processing file /opt/airflow/dags/pergame_stats_dag.py for tasks to queue
[2025-05-02T22:14:38.854+0000] {logging_mixin.py:190} INFO - [2025-05-02T22:14:38.854+0000] {dagbag.py:588} INFO - Filling up the DagBag from /opt/airflow/dags/pergame_stats_dag.py
[2025-05-02T22:14:38.900+0000] {processor.py:925} INFO - DAG(s) 'nba_stats_dag' retrieved from /opt/airflow/dags/pergame_stats_dag.py
[2025-05-02T22:14:38.909+0000] {logging_mixin.py:190} INFO - [2025-05-02T22:14:38.909+0000] {dag.py:3239} INFO - Sync 1 DAGs
[2025-05-02T22:14:38.915+0000] {logging_mixin.py:190} INFO - [2025-05-02T22:14:38.915+0000] {dag.py:4180} INFO - Setting next_dagrun for nba_stats_dag to None, run_after=None
[2025-05-02T22:14:38.922+0000] {processor.py:208} INFO - Processing /opt/airflow/dags/pergame_stats_dag.py took 0.080 seconds
[2025-05-02T22:15:09.229+0000] {processor.py:186} INFO - Started process (PID=800) to work on /opt/airflow/dags/pergame_stats_dag.py
[2025-05-02T22:15:09.230+0000] {processor.py:914} INFO - Processing file /opt/airflow/dags/pergame_stats_dag.py for tasks to queue
[2025-05-02T22:15:09.230+0000] {logging_mixin.py:190} INFO - [2025-05-02T22:15:09.230+0000] {dagbag.py:588} INFO - Filling up the DagBag from /opt/airflow/dags/pergame_stats_dag.py
[2025-05-02T22:15:09.262+0000] {processor.py:925} INFO - DAG(s) 'nba_stats_dag' retrieved from /opt/airflow/dags/pergame_stats_dag.py
[2025-05-02T22:15:09.271+0000] {logging_mixin.py:190} INFO - [2025-05-02T22:15:09.271+0000] {dag.py:3239} INFO - Sync 1 DAGs
[2025-05-02T22:15:09.276+0000] {logging_mixin.py:190} INFO - [2025-05-02T22:15:09.276+0000] {dag.py:4180} INFO - Setting next_dagrun for nba_stats_dag to None, run_after=None
[2025-05-02T22:15:09.282+0000] {processor.py:208} INFO - Processing /opt/airflow/dags/pergame_stats_dag.py took 0.056 seconds
[2025-05-02T22:15:39.769+0000] {processor.py:186} INFO - Started process (PID=804) to work on /opt/airflow/dags/pergame_stats_dag.py
[2025-05-02T22:15:39.770+0000] {processor.py:914} INFO - Processing file /opt/airflow/dags/pergame_stats_dag.py for tasks to queue
[2025-05-02T22:15:39.771+0000] {logging_mixin.py:190} INFO - [2025-05-02T22:15:39.771+0000] {dagbag.py:588} INFO - Filling up the DagBag from /opt/airflow/dags/pergame_stats_dag.py
[2025-05-02T22:15:39.816+0000] {processor.py:925} INFO - DAG(s) 'nba_stats_dag' retrieved from /opt/airflow/dags/pergame_stats_dag.py
[2025-05-02T22:15:39.826+0000] {logging_mixin.py:190} INFO - [2025-05-02T22:15:39.825+0000] {dag.py:3239} INFO - Sync 1 DAGs
[2025-05-02T22:15:39.831+0000] {logging_mixin.py:190} INFO - [2025-05-02T22:15:39.831+0000] {dag.py:4180} INFO - Setting next_dagrun for nba_stats_dag to None, run_after=None
[2025-05-02T22:15:39.838+0000] {processor.py:208} INFO - Processing /opt/airflow/dags/pergame_stats_dag.py took 0.077 seconds
[2025-05-02T22:16:10.345+0000] {processor.py:186} INFO - Started process (PID=808) to work on /opt/airflow/dags/pergame_stats_dag.py
[2025-05-02T22:16:10.347+0000] {processor.py:914} INFO - Processing file /opt/airflow/dags/pergame_stats_dag.py for tasks to queue
[2025-05-02T22:16:10.349+0000] {logging_mixin.py:190} INFO - [2025-05-02T22:16:10.348+0000] {dagbag.py:588} INFO - Filling up the DagBag from /opt/airflow/dags/pergame_stats_dag.py
[2025-05-02T22:16:10.393+0000] {processor.py:925} INFO - DAG(s) 'nba_stats_dag' retrieved from /opt/airflow/dags/pergame_stats_dag.py
[2025-05-02T22:16:10.402+0000] {logging_mixin.py:190} INFO - [2025-05-02T22:16:10.402+0000] {dag.py:3239} INFO - Sync 1 DAGs
[2025-05-02T22:16:10.407+0000] {logging_mixin.py:190} INFO - [2025-05-02T22:16:10.407+0000] {dag.py:4180} INFO - Setting next_dagrun for nba_stats_dag to None, run_after=None
[2025-05-02T22:16:10.414+0000] {processor.py:208} INFO - Processing /opt/airflow/dags/pergame_stats_dag.py took 0.078 seconds
[2025-05-02T22:16:40.859+0000] {processor.py:186} INFO - Started process (PID=812) to work on /opt/airflow/dags/pergame_stats_dag.py
[2025-05-02T22:16:40.860+0000] {processor.py:914} INFO - Processing file /opt/airflow/dags/pergame_stats_dag.py for tasks to queue
[2025-05-02T22:16:40.861+0000] {logging_mixin.py:190} INFO - [2025-05-02T22:16:40.860+0000] {dagbag.py:588} INFO - Filling up the DagBag from /opt/airflow/dags/pergame_stats_dag.py
[2025-05-02T22:16:40.906+0000] {processor.py:925} INFO - DAG(s) 'nba_stats_dag' retrieved from /opt/airflow/dags/pergame_stats_dag.py
[2025-05-02T22:16:40.915+0000] {logging_mixin.py:190} INFO - [2025-05-02T22:16:40.915+0000] {dag.py:3239} INFO - Sync 1 DAGs
[2025-05-02T22:16:40.920+0000] {logging_mixin.py:190} INFO - [2025-05-02T22:16:40.920+0000] {dag.py:4180} INFO - Setting next_dagrun for nba_stats_dag to None, run_after=None
[2025-05-02T22:16:40.929+0000] {processor.py:208} INFO - Processing /opt/airflow/dags/pergame_stats_dag.py took 0.076 seconds
[2025-05-02T22:17:11.324+0000] {processor.py:186} INFO - Started process (PID=816) to work on /opt/airflow/dags/pergame_stats_dag.py
[2025-05-02T22:17:11.326+0000] {processor.py:914} INFO - Processing file /opt/airflow/dags/pergame_stats_dag.py for tasks to queue
[2025-05-02T22:17:11.329+0000] {logging_mixin.py:190} INFO - [2025-05-02T22:17:11.327+0000] {dagbag.py:588} INFO - Filling up the DagBag from /opt/airflow/dags/pergame_stats_dag.py
[2025-05-02T22:17:11.377+0000] {processor.py:925} INFO - DAG(s) 'nba_stats_dag' retrieved from /opt/airflow/dags/pergame_stats_dag.py
[2025-05-02T22:17:11.385+0000] {logging_mixin.py:190} INFO - [2025-05-02T22:17:11.385+0000] {dag.py:3239} INFO - Sync 1 DAGs
[2025-05-02T22:17:11.392+0000] {logging_mixin.py:190} INFO - [2025-05-02T22:17:11.391+0000] {dag.py:4180} INFO - Setting next_dagrun for nba_stats_dag to None, run_after=None
[2025-05-02T22:17:11.398+0000] {processor.py:208} INFO - Processing /opt/airflow/dags/pergame_stats_dag.py took 0.083 seconds
[2025-05-02T22:17:41.892+0000] {processor.py:186} INFO - Started process (PID=820) to work on /opt/airflow/dags/pergame_stats_dag.py
[2025-05-02T22:17:41.893+0000] {processor.py:914} INFO - Processing file /opt/airflow/dags/pergame_stats_dag.py for tasks to queue
[2025-05-02T22:17:41.895+0000] {logging_mixin.py:190} INFO - [2025-05-02T22:17:41.894+0000] {dagbag.py:588} INFO - Filling up the DagBag from /opt/airflow/dags/pergame_stats_dag.py
[2025-05-02T22:17:41.941+0000] {processor.py:925} INFO - DAG(s) 'nba_stats_dag' retrieved from /opt/airflow/dags/pergame_stats_dag.py
[2025-05-02T22:17:41.951+0000] {logging_mixin.py:190} INFO - [2025-05-02T22:17:41.950+0000] {dag.py:3239} INFO - Sync 1 DAGs
[2025-05-02T22:17:41.957+0000] {logging_mixin.py:190} INFO - [2025-05-02T22:17:41.956+0000] {dag.py:4180} INFO - Setting next_dagrun for nba_stats_dag to None, run_after=None
[2025-05-02T22:17:41.963+0000] {processor.py:208} INFO - Processing /opt/airflow/dags/pergame_stats_dag.py took 0.082 seconds
[2025-05-02T22:18:12.420+0000] {processor.py:186} INFO - Started process (PID=824) to work on /opt/airflow/dags/pergame_stats_dag.py
[2025-05-02T22:18:12.422+0000] {processor.py:914} INFO - Processing file /opt/airflow/dags/pergame_stats_dag.py for tasks to queue
[2025-05-02T22:18:12.423+0000] {logging_mixin.py:190} INFO - [2025-05-02T22:18:12.423+0000] {dagbag.py:588} INFO - Filling up the DagBag from /opt/airflow/dags/pergame_stats_dag.py
[2025-05-02T22:18:12.465+0000] {processor.py:925} INFO - DAG(s) 'nba_stats_dag' retrieved from /opt/airflow/dags/pergame_stats_dag.py
[2025-05-02T22:18:12.475+0000] {logging_mixin.py:190} INFO - [2025-05-02T22:18:12.475+0000] {dag.py:3239} INFO - Sync 1 DAGs
[2025-05-02T22:18:12.481+0000] {logging_mixin.py:190} INFO - [2025-05-02T22:18:12.481+0000] {dag.py:4180} INFO - Setting next_dagrun for nba_stats_dag to None, run_after=None
[2025-05-02T22:18:12.488+0000] {processor.py:208} INFO - Processing /opt/airflow/dags/pergame_stats_dag.py took 0.074 seconds
[2025-05-02T22:18:42.988+0000] {processor.py:186} INFO - Started process (PID=828) to work on /opt/airflow/dags/pergame_stats_dag.py
[2025-05-02T22:18:42.988+0000] {processor.py:914} INFO - Processing file /opt/airflow/dags/pergame_stats_dag.py for tasks to queue
[2025-05-02T22:18:42.990+0000] {logging_mixin.py:190} INFO - [2025-05-02T22:18:42.989+0000] {dagbag.py:588} INFO - Filling up the DagBag from /opt/airflow/dags/pergame_stats_dag.py
[2025-05-02T22:18:43.034+0000] {processor.py:925} INFO - DAG(s) 'nba_stats_dag' retrieved from /opt/airflow/dags/pergame_stats_dag.py
[2025-05-02T22:18:43.043+0000] {logging_mixin.py:190} INFO - [2025-05-02T22:18:43.043+0000] {dag.py:3239} INFO - Sync 1 DAGs
[2025-05-02T22:18:43.048+0000] {logging_mixin.py:190} INFO - [2025-05-02T22:18:43.048+0000] {dag.py:4180} INFO - Setting next_dagrun for nba_stats_dag to None, run_after=None
[2025-05-02T22:18:43.055+0000] {processor.py:208} INFO - Processing /opt/airflow/dags/pergame_stats_dag.py took 0.075 seconds
[2025-05-02T22:19:13.556+0000] {processor.py:186} INFO - Started process (PID=832) to work on /opt/airflow/dags/pergame_stats_dag.py
[2025-05-02T22:19:13.558+0000] {processor.py:914} INFO - Processing file /opt/airflow/dags/pergame_stats_dag.py for tasks to queue
[2025-05-02T22:19:13.560+0000] {logging_mixin.py:190} INFO - [2025-05-02T22:19:13.559+0000] {dagbag.py:588} INFO - Filling up the DagBag from /opt/airflow/dags/pergame_stats_dag.py
[2025-05-02T22:19:13.606+0000] {processor.py:925} INFO - DAG(s) 'nba_stats_dag' retrieved from /opt/airflow/dags/pergame_stats_dag.py
[2025-05-02T22:19:13.615+0000] {logging_mixin.py:190} INFO - [2025-05-02T22:19:13.615+0000] {dag.py:3239} INFO - Sync 1 DAGs
[2025-05-02T22:19:13.621+0000] {logging_mixin.py:190} INFO - [2025-05-02T22:19:13.621+0000] {dag.py:4180} INFO - Setting next_dagrun for nba_stats_dag to None, run_after=None
[2025-05-02T22:19:13.627+0000] {processor.py:208} INFO - Processing /opt/airflow/dags/pergame_stats_dag.py took 0.080 seconds
[2025-05-02T22:19:44.129+0000] {processor.py:186} INFO - Started process (PID=836) to work on /opt/airflow/dags/pergame_stats_dag.py
[2025-05-02T22:19:44.130+0000] {processor.py:914} INFO - Processing file /opt/airflow/dags/pergame_stats_dag.py for tasks to queue
[2025-05-02T22:19:44.132+0000] {logging_mixin.py:190} INFO - [2025-05-02T22:19:44.132+0000] {dagbag.py:588} INFO - Filling up the DagBag from /opt/airflow/dags/pergame_stats_dag.py
[2025-05-02T22:19:44.177+0000] {processor.py:925} INFO - DAG(s) 'nba_stats_dag' retrieved from /opt/airflow/dags/pergame_stats_dag.py
[2025-05-02T22:19:44.187+0000] {logging_mixin.py:190} INFO - [2025-05-02T22:19:44.187+0000] {dag.py:3239} INFO - Sync 1 DAGs
[2025-05-02T22:19:44.194+0000] {logging_mixin.py:190} INFO - [2025-05-02T22:19:44.193+0000] {dag.py:4180} INFO - Setting next_dagrun for nba_stats_dag to None, run_after=None
[2025-05-02T22:19:44.200+0000] {processor.py:208} INFO - Processing /opt/airflow/dags/pergame_stats_dag.py took 0.079 seconds
[2025-05-02T22:20:14.708+0000] {processor.py:186} INFO - Started process (PID=840) to work on /opt/airflow/dags/pergame_stats_dag.py
[2025-05-02T22:20:14.709+0000] {processor.py:914} INFO - Processing file /opt/airflow/dags/pergame_stats_dag.py for tasks to queue
[2025-05-02T22:20:14.710+0000] {logging_mixin.py:190} INFO - [2025-05-02T22:20:14.710+0000] {dagbag.py:588} INFO - Filling up the DagBag from /opt/airflow/dags/pergame_stats_dag.py
[2025-05-02T22:20:14.756+0000] {processor.py:925} INFO - DAG(s) 'nba_stats_dag' retrieved from /opt/airflow/dags/pergame_stats_dag.py
[2025-05-02T22:20:14.765+0000] {logging_mixin.py:190} INFO - [2025-05-02T22:20:14.764+0000] {dag.py:3239} INFO - Sync 1 DAGs
[2025-05-02T22:20:14.771+0000] {logging_mixin.py:190} INFO - [2025-05-02T22:20:14.770+0000] {dag.py:4180} INFO - Setting next_dagrun for nba_stats_dag to None, run_after=None
[2025-05-02T22:20:14.776+0000] {processor.py:208} INFO - Processing /opt/airflow/dags/pergame_stats_dag.py took 0.078 seconds
[2025-05-02T22:20:45.264+0000] {processor.py:186} INFO - Started process (PID=844) to work on /opt/airflow/dags/pergame_stats_dag.py
[2025-05-02T22:20:45.265+0000] {processor.py:914} INFO - Processing file /opt/airflow/dags/pergame_stats_dag.py for tasks to queue
[2025-05-02T22:20:45.266+0000] {logging_mixin.py:190} INFO - [2025-05-02T22:20:45.266+0000] {dagbag.py:588} INFO - Filling up the DagBag from /opt/airflow/dags/pergame_stats_dag.py
[2025-05-02T22:20:45.310+0000] {processor.py:925} INFO - DAG(s) 'nba_stats_dag' retrieved from /opt/airflow/dags/pergame_stats_dag.py
[2025-05-02T22:20:45.319+0000] {logging_mixin.py:190} INFO - [2025-05-02T22:20:45.319+0000] {dag.py:3239} INFO - Sync 1 DAGs
[2025-05-02T22:20:45.325+0000] {logging_mixin.py:190} INFO - [2025-05-02T22:20:45.325+0000] {dag.py:4180} INFO - Setting next_dagrun for nba_stats_dag to None, run_after=None
[2025-05-02T22:20:45.331+0000] {processor.py:208} INFO - Processing /opt/airflow/dags/pergame_stats_dag.py took 0.076 seconds
[2025-05-02T22:21:15.819+0000] {processor.py:186} INFO - Started process (PID=848) to work on /opt/airflow/dags/pergame_stats_dag.py
[2025-05-02T22:21:15.821+0000] {processor.py:914} INFO - Processing file /opt/airflow/dags/pergame_stats_dag.py for tasks to queue
[2025-05-02T22:21:15.823+0000] {logging_mixin.py:190} INFO - [2025-05-02T22:21:15.822+0000] {dagbag.py:588} INFO - Filling up the DagBag from /opt/airflow/dags/pergame_stats_dag.py
[2025-05-02T22:21:15.869+0000] {processor.py:925} INFO - DAG(s) 'nba_stats_dag' retrieved from /opt/airflow/dags/pergame_stats_dag.py
[2025-05-02T22:21:15.878+0000] {logging_mixin.py:190} INFO - [2025-05-02T22:21:15.878+0000] {dag.py:3239} INFO - Sync 1 DAGs
[2025-05-02T22:21:15.884+0000] {logging_mixin.py:190} INFO - [2025-05-02T22:21:15.884+0000] {dag.py:4180} INFO - Setting next_dagrun for nba_stats_dag to None, run_after=None
[2025-05-02T22:21:15.889+0000] {processor.py:208} INFO - Processing /opt/airflow/dags/pergame_stats_dag.py took 0.079 seconds
[2025-05-02T22:21:46.383+0000] {processor.py:186} INFO - Started process (PID=852) to work on /opt/airflow/dags/pergame_stats_dag.py
[2025-05-02T22:21:46.384+0000] {processor.py:914} INFO - Processing file /opt/airflow/dags/pergame_stats_dag.py for tasks to queue
[2025-05-02T22:21:46.385+0000] {logging_mixin.py:190} INFO - [2025-05-02T22:21:46.385+0000] {dagbag.py:588} INFO - Filling up the DagBag from /opt/airflow/dags/pergame_stats_dag.py
[2025-05-02T22:21:46.429+0000] {processor.py:925} INFO - DAG(s) 'nba_stats_dag' retrieved from /opt/airflow/dags/pergame_stats_dag.py
[2025-05-02T22:21:46.439+0000] {logging_mixin.py:190} INFO - [2025-05-02T22:21:46.439+0000] {dag.py:3239} INFO - Sync 1 DAGs
[2025-05-02T22:21:46.444+0000] {logging_mixin.py:190} INFO - [2025-05-02T22:21:46.444+0000] {dag.py:4180} INFO - Setting next_dagrun for nba_stats_dag to None, run_after=None
[2025-05-02T22:21:46.450+0000] {processor.py:208} INFO - Processing /opt/airflow/dags/pergame_stats_dag.py took 0.075 seconds
[2025-05-02T22:22:16.937+0000] {processor.py:186} INFO - Started process (PID=856) to work on /opt/airflow/dags/pergame_stats_dag.py
[2025-05-02T22:22:16.939+0000] {processor.py:914} INFO - Processing file /opt/airflow/dags/pergame_stats_dag.py for tasks to queue
[2025-05-02T22:22:16.940+0000] {logging_mixin.py:190} INFO - [2025-05-02T22:22:16.940+0000] {dagbag.py:588} INFO - Filling up the DagBag from /opt/airflow/dags/pergame_stats_dag.py
[2025-05-02T22:22:16.986+0000] {processor.py:925} INFO - DAG(s) 'nba_stats_dag' retrieved from /opt/airflow/dags/pergame_stats_dag.py
[2025-05-02T22:22:16.995+0000] {logging_mixin.py:190} INFO - [2025-05-02T22:22:16.995+0000] {dag.py:3239} INFO - Sync 1 DAGs
[2025-05-02T22:22:17.000+0000] {logging_mixin.py:190} INFO - [2025-05-02T22:22:17.000+0000] {dag.py:4180} INFO - Setting next_dagrun for nba_stats_dag to None, run_after=None
[2025-05-02T22:22:17.007+0000] {processor.py:208} INFO - Processing /opt/airflow/dags/pergame_stats_dag.py took 0.081 seconds
[2025-05-02T22:22:47.516+0000] {processor.py:186} INFO - Started process (PID=860) to work on /opt/airflow/dags/pergame_stats_dag.py
[2025-05-02T22:22:47.517+0000] {processor.py:914} INFO - Processing file /opt/airflow/dags/pergame_stats_dag.py for tasks to queue
[2025-05-02T22:22:47.518+0000] {logging_mixin.py:190} INFO - [2025-05-02T22:22:47.518+0000] {dagbag.py:588} INFO - Filling up the DagBag from /opt/airflow/dags/pergame_stats_dag.py
[2025-05-02T22:22:47.566+0000] {processor.py:925} INFO - DAG(s) 'nba_stats_dag' retrieved from /opt/airflow/dags/pergame_stats_dag.py
[2025-05-02T22:22:47.576+0000] {logging_mixin.py:190} INFO - [2025-05-02T22:22:47.576+0000] {dag.py:3239} INFO - Sync 1 DAGs
[2025-05-02T22:22:47.582+0000] {logging_mixin.py:190} INFO - [2025-05-02T22:22:47.582+0000] {dag.py:4180} INFO - Setting next_dagrun for nba_stats_dag to None, run_after=None
[2025-05-02T22:22:47.588+0000] {processor.py:208} INFO - Processing /opt/airflow/dags/pergame_stats_dag.py took 0.082 seconds
[2025-05-02T22:23:18.095+0000] {processor.py:186} INFO - Started process (PID=864) to work on /opt/airflow/dags/pergame_stats_dag.py
[2025-05-02T22:23:18.097+0000] {processor.py:914} INFO - Processing file /opt/airflow/dags/pergame_stats_dag.py for tasks to queue
[2025-05-02T22:23:18.098+0000] {logging_mixin.py:190} INFO - [2025-05-02T22:23:18.097+0000] {dagbag.py:588} INFO - Filling up the DagBag from /opt/airflow/dags/pergame_stats_dag.py
[2025-05-02T22:23:18.143+0000] {processor.py:925} INFO - DAG(s) 'nba_stats_dag' retrieved from /opt/airflow/dags/pergame_stats_dag.py
[2025-05-02T22:23:18.152+0000] {logging_mixin.py:190} INFO - [2025-05-02T22:23:18.152+0000] {dag.py:3239} INFO - Sync 1 DAGs
[2025-05-02T22:23:18.158+0000] {logging_mixin.py:190} INFO - [2025-05-02T22:23:18.158+0000] {dag.py:4180} INFO - Setting next_dagrun for nba_stats_dag to None, run_after=None
[2025-05-02T22:23:18.163+0000] {processor.py:208} INFO - Processing /opt/airflow/dags/pergame_stats_dag.py took 0.077 seconds
[2025-05-02T22:23:48.658+0000] {processor.py:186} INFO - Started process (PID=868) to work on /opt/airflow/dags/pergame_stats_dag.py
[2025-05-02T22:23:48.659+0000] {processor.py:914} INFO - Processing file /opt/airflow/dags/pergame_stats_dag.py for tasks to queue
[2025-05-02T22:23:48.662+0000] {logging_mixin.py:190} INFO - [2025-05-02T22:23:48.661+0000] {dagbag.py:588} INFO - Filling up the DagBag from /opt/airflow/dags/pergame_stats_dag.py
[2025-05-02T22:23:48.706+0000] {processor.py:925} INFO - DAG(s) 'nba_stats_dag' retrieved from /opt/airflow/dags/pergame_stats_dag.py
[2025-05-02T22:23:48.715+0000] {logging_mixin.py:190} INFO - [2025-05-02T22:23:48.715+0000] {dag.py:3239} INFO - Sync 1 DAGs
[2025-05-02T22:23:48.720+0000] {logging_mixin.py:190} INFO - [2025-05-02T22:23:48.720+0000] {dag.py:4180} INFO - Setting next_dagrun for nba_stats_dag to None, run_after=None
[2025-05-02T22:23:48.726+0000] {processor.py:208} INFO - Processing /opt/airflow/dags/pergame_stats_dag.py took 0.078 seconds
[2025-05-02T22:24:19.134+0000] {processor.py:186} INFO - Started process (PID=872) to work on /opt/airflow/dags/pergame_stats_dag.py
[2025-05-02T22:24:19.135+0000] {processor.py:914} INFO - Processing file /opt/airflow/dags/pergame_stats_dag.py for tasks to queue
[2025-05-02T22:24:19.136+0000] {logging_mixin.py:190} INFO - [2025-05-02T22:24:19.136+0000] {dagbag.py:588} INFO - Filling up the DagBag from /opt/airflow/dags/pergame_stats_dag.py
[2025-05-02T22:24:19.175+0000] {processor.py:925} INFO - DAG(s) 'nba_stats_dag' retrieved from /opt/airflow/dags/pergame_stats_dag.py
[2025-05-02T22:24:19.184+0000] {logging_mixin.py:190} INFO - [2025-05-02T22:24:19.183+0000] {dag.py:3239} INFO - Sync 1 DAGs
[2025-05-02T22:24:19.189+0000] {logging_mixin.py:190} INFO - [2025-05-02T22:24:19.189+0000] {dag.py:4180} INFO - Setting next_dagrun for nba_stats_dag to None, run_after=None
[2025-05-02T22:24:19.195+0000] {processor.py:208} INFO - Processing /opt/airflow/dags/pergame_stats_dag.py took 0.068 seconds
[2025-05-02T22:24:49.634+0000] {processor.py:186} INFO - Started process (PID=876) to work on /opt/airflow/dags/pergame_stats_dag.py
[2025-05-02T22:24:49.635+0000] {processor.py:914} INFO - Processing file /opt/airflow/dags/pergame_stats_dag.py for tasks to queue
[2025-05-02T22:24:49.636+0000] {logging_mixin.py:190} INFO - [2025-05-02T22:24:49.636+0000] {dagbag.py:588} INFO - Filling up the DagBag from /opt/airflow/dags/pergame_stats_dag.py
[2025-05-02T22:24:49.682+0000] {processor.py:925} INFO - DAG(s) 'nba_stats_dag' retrieved from /opt/airflow/dags/pergame_stats_dag.py
[2025-05-02T22:24:49.692+0000] {logging_mixin.py:190} INFO - [2025-05-02T22:24:49.691+0000] {dag.py:3239} INFO - Sync 1 DAGs
[2025-05-02T22:24:49.698+0000] {logging_mixin.py:190} INFO - [2025-05-02T22:24:49.697+0000] {dag.py:4180} INFO - Setting next_dagrun for nba_stats_dag to None, run_after=None
[2025-05-02T22:24:49.705+0000] {processor.py:208} INFO - Processing /opt/airflow/dags/pergame_stats_dag.py took 0.078 seconds
[2025-05-02T22:25:20.197+0000] {processor.py:186} INFO - Started process (PID=880) to work on /opt/airflow/dags/pergame_stats_dag.py
[2025-05-02T22:25:20.199+0000] {processor.py:914} INFO - Processing file /opt/airflow/dags/pergame_stats_dag.py for tasks to queue
[2025-05-02T22:25:20.200+0000] {logging_mixin.py:190} INFO - [2025-05-02T22:25:20.200+0000] {dagbag.py:588} INFO - Filling up the DagBag from /opt/airflow/dags/pergame_stats_dag.py
[2025-05-02T22:25:20.246+0000] {processor.py:925} INFO - DAG(s) 'nba_stats_dag' retrieved from /opt/airflow/dags/pergame_stats_dag.py
[2025-05-02T22:25:20.254+0000] {logging_mixin.py:190} INFO - [2025-05-02T22:25:20.254+0000] {dag.py:3239} INFO - Sync 1 DAGs
[2025-05-02T22:25:20.260+0000] {logging_mixin.py:190} INFO - [2025-05-02T22:25:20.260+0000] {dag.py:4180} INFO - Setting next_dagrun for nba_stats_dag to None, run_after=None
[2025-05-02T22:25:20.266+0000] {processor.py:208} INFO - Processing /opt/airflow/dags/pergame_stats_dag.py took 0.077 seconds
[2025-05-02T22:25:50.740+0000] {processor.py:186} INFO - Started process (PID=884) to work on /opt/airflow/dags/pergame_stats_dag.py
[2025-05-02T22:25:50.741+0000] {processor.py:914} INFO - Processing file /opt/airflow/dags/pergame_stats_dag.py for tasks to queue
[2025-05-02T22:25:50.743+0000] {logging_mixin.py:190} INFO - [2025-05-02T22:25:50.742+0000] {dagbag.py:588} INFO - Filling up the DagBag from /opt/airflow/dags/pergame_stats_dag.py
[2025-05-02T22:25:50.788+0000] {processor.py:925} INFO - DAG(s) 'nba_stats_dag' retrieved from /opt/airflow/dags/pergame_stats_dag.py
[2025-05-02T22:25:50.797+0000] {logging_mixin.py:190} INFO - [2025-05-02T22:25:50.797+0000] {dag.py:3239} INFO - Sync 1 DAGs
[2025-05-02T22:25:50.804+0000] {logging_mixin.py:190} INFO - [2025-05-02T22:25:50.803+0000] {dag.py:4180} INFO - Setting next_dagrun for nba_stats_dag to None, run_after=None
[2025-05-02T22:25:50.810+0000] {processor.py:208} INFO - Processing /opt/airflow/dags/pergame_stats_dag.py took 0.081 seconds
[2025-05-02T22:26:21.278+0000] {processor.py:186} INFO - Started process (PID=888) to work on /opt/airflow/dags/pergame_stats_dag.py
[2025-05-02T22:26:21.280+0000] {processor.py:914} INFO - Processing file /opt/airflow/dags/pergame_stats_dag.py for tasks to queue
[2025-05-02T22:26:21.282+0000] {logging_mixin.py:190} INFO - [2025-05-02T22:26:21.281+0000] {dagbag.py:588} INFO - Filling up the DagBag from /opt/airflow/dags/pergame_stats_dag.py
[2025-05-02T22:26:21.317+0000] {processor.py:925} INFO - DAG(s) 'nba_stats_dag' retrieved from /opt/airflow/dags/pergame_stats_dag.py
[2025-05-02T22:26:21.326+0000] {logging_mixin.py:190} INFO - [2025-05-02T22:26:21.325+0000] {dag.py:3239} INFO - Sync 1 DAGs
[2025-05-02T22:26:21.331+0000] {logging_mixin.py:190} INFO - [2025-05-02T22:26:21.331+0000] {dag.py:4180} INFO - Setting next_dagrun for nba_stats_dag to None, run_after=None
[2025-05-02T22:26:21.338+0000] {processor.py:208} INFO - Processing /opt/airflow/dags/pergame_stats_dag.py took 0.066 seconds
[2025-05-02T22:26:51.841+0000] {processor.py:186} INFO - Started process (PID=892) to work on /opt/airflow/dags/pergame_stats_dag.py
[2025-05-02T22:26:51.842+0000] {processor.py:914} INFO - Processing file /opt/airflow/dags/pergame_stats_dag.py for tasks to queue
[2025-05-02T22:26:51.844+0000] {logging_mixin.py:190} INFO - [2025-05-02T22:26:51.843+0000] {dagbag.py:588} INFO - Filling up the DagBag from /opt/airflow/dags/pergame_stats_dag.py
[2025-05-02T22:26:51.888+0000] {processor.py:925} INFO - DAG(s) 'nba_stats_dag' retrieved from /opt/airflow/dags/pergame_stats_dag.py
[2025-05-02T22:26:51.897+0000] {logging_mixin.py:190} INFO - [2025-05-02T22:26:51.897+0000] {dag.py:3239} INFO - Sync 1 DAGs
[2025-05-02T22:26:51.902+0000] {logging_mixin.py:190} INFO - [2025-05-02T22:26:51.902+0000] {dag.py:4180} INFO - Setting next_dagrun for nba_stats_dag to None, run_after=None
[2025-05-02T22:26:51.909+0000] {processor.py:208} INFO - Processing /opt/airflow/dags/pergame_stats_dag.py took 0.078 seconds
[2025-05-02T22:27:22.422+0000] {processor.py:186} INFO - Started process (PID=896) to work on /opt/airflow/dags/pergame_stats_dag.py
[2025-05-02T22:27:22.425+0000] {processor.py:914} INFO - Processing file /opt/airflow/dags/pergame_stats_dag.py for tasks to queue
[2025-05-02T22:27:22.428+0000] {logging_mixin.py:190} INFO - [2025-05-02T22:27:22.427+0000] {dagbag.py:588} INFO - Filling up the DagBag from /opt/airflow/dags/pergame_stats_dag.py
[2025-05-02T22:27:22.478+0000] {processor.py:925} INFO - DAG(s) 'nba_stats_dag' retrieved from /opt/airflow/dags/pergame_stats_dag.py
[2025-05-02T22:27:22.488+0000] {logging_mixin.py:190} INFO - [2025-05-02T22:27:22.487+0000] {dag.py:3239} INFO - Sync 1 DAGs
[2025-05-02T22:27:22.494+0000] {logging_mixin.py:190} INFO - [2025-05-02T22:27:22.494+0000] {dag.py:4180} INFO - Setting next_dagrun for nba_stats_dag to None, run_after=None
[2025-05-02T22:27:22.500+0000] {processor.py:208} INFO - Processing /opt/airflow/dags/pergame_stats_dag.py took 0.084 seconds
[2025-05-02T22:27:53.012+0000] {processor.py:186} INFO - Started process (PID=900) to work on /opt/airflow/dags/pergame_stats_dag.py
[2025-05-02T22:27:53.014+0000] {processor.py:914} INFO - Processing file /opt/airflow/dags/pergame_stats_dag.py for tasks to queue
[2025-05-02T22:27:53.015+0000] {logging_mixin.py:190} INFO - [2025-05-02T22:27:53.015+0000] {dagbag.py:588} INFO - Filling up the DagBag from /opt/airflow/dags/pergame_stats_dag.py
[2025-05-02T22:27:53.064+0000] {processor.py:925} INFO - DAG(s) 'nba_stats_dag' retrieved from /opt/airflow/dags/pergame_stats_dag.py
[2025-05-02T22:27:53.073+0000] {logging_mixin.py:190} INFO - [2025-05-02T22:27:53.073+0000] {dag.py:3239} INFO - Sync 1 DAGs
[2025-05-02T22:27:53.080+0000] {logging_mixin.py:190} INFO - [2025-05-02T22:27:53.080+0000] {dag.py:4180} INFO - Setting next_dagrun for nba_stats_dag to None, run_after=None
[2025-05-02T22:27:53.086+0000] {processor.py:208} INFO - Processing /opt/airflow/dags/pergame_stats_dag.py took 0.083 seconds
[2025-05-02T22:28:23.478+0000] {processor.py:186} INFO - Started process (PID=904) to work on /opt/airflow/dags/pergame_stats_dag.py
[2025-05-02T22:28:23.479+0000] {processor.py:914} INFO - Processing file /opt/airflow/dags/pergame_stats_dag.py for tasks to queue
[2025-05-02T22:28:23.480+0000] {logging_mixin.py:190} INFO - [2025-05-02T22:28:23.480+0000] {dagbag.py:588} INFO - Filling up the DagBag from /opt/airflow/dags/pergame_stats_dag.py
[2025-05-02T22:28:23.519+0000] {processor.py:925} INFO - DAG(s) 'nba_stats_dag' retrieved from /opt/airflow/dags/pergame_stats_dag.py
[2025-05-02T22:28:23.528+0000] {logging_mixin.py:190} INFO - [2025-05-02T22:28:23.528+0000] {dag.py:3239} INFO - Sync 1 DAGs
[2025-05-02T22:28:23.534+0000] {logging_mixin.py:190} INFO - [2025-05-02T22:28:23.534+0000] {dag.py:4180} INFO - Setting next_dagrun for nba_stats_dag to None, run_after=None
[2025-05-02T22:28:23.540+0000] {processor.py:208} INFO - Processing /opt/airflow/dags/pergame_stats_dag.py took 0.066 seconds
[2025-05-02T22:28:53.976+0000] {processor.py:186} INFO - Started process (PID=908) to work on /opt/airflow/dags/pergame_stats_dag.py
[2025-05-02T22:28:53.977+0000] {processor.py:914} INFO - Processing file /opt/airflow/dags/pergame_stats_dag.py for tasks to queue
[2025-05-02T22:28:53.978+0000] {logging_mixin.py:190} INFO - [2025-05-02T22:28:53.977+0000] {dagbag.py:588} INFO - Filling up the DagBag from /opt/airflow/dags/pergame_stats_dag.py
[2025-05-02T22:28:54.028+0000] {processor.py:925} INFO - DAG(s) 'nba_stats_dag' retrieved from /opt/airflow/dags/pergame_stats_dag.py
[2025-05-02T22:28:54.040+0000] {logging_mixin.py:190} INFO - [2025-05-02T22:28:54.039+0000] {dag.py:3239} INFO - Sync 1 DAGs
[2025-05-02T22:28:54.046+0000] {logging_mixin.py:190} INFO - [2025-05-02T22:28:54.046+0000] {dag.py:4180} INFO - Setting next_dagrun for nba_stats_dag to None, run_after=None
[2025-05-02T22:28:54.052+0000] {processor.py:208} INFO - Processing /opt/airflow/dags/pergame_stats_dag.py took 0.085 seconds
[2025-05-02T22:29:24.558+0000] {processor.py:186} INFO - Started process (PID=912) to work on /opt/airflow/dags/pergame_stats_dag.py
[2025-05-02T22:29:24.560+0000] {processor.py:914} INFO - Processing file /opt/airflow/dags/pergame_stats_dag.py for tasks to queue
[2025-05-02T22:29:24.561+0000] {logging_mixin.py:190} INFO - [2025-05-02T22:29:24.561+0000] {dagbag.py:588} INFO - Filling up the DagBag from /opt/airflow/dags/pergame_stats_dag.py
[2025-05-02T22:29:24.603+0000] {processor.py:925} INFO - DAG(s) 'nba_stats_dag' retrieved from /opt/airflow/dags/pergame_stats_dag.py
[2025-05-02T22:29:24.612+0000] {logging_mixin.py:190} INFO - [2025-05-02T22:29:24.612+0000] {dag.py:3239} INFO - Sync 1 DAGs
[2025-05-02T22:29:24.617+0000] {logging_mixin.py:190} INFO - [2025-05-02T22:29:24.617+0000] {dag.py:4180} INFO - Setting next_dagrun for nba_stats_dag to None, run_after=None
[2025-05-02T22:29:24.623+0000] {processor.py:208} INFO - Processing /opt/airflow/dags/pergame_stats_dag.py took 0.074 seconds
[2025-05-02T22:29:55.089+0000] {processor.py:186} INFO - Started process (PID=916) to work on /opt/airflow/dags/pergame_stats_dag.py
[2025-05-02T22:29:55.090+0000] {processor.py:914} INFO - Processing file /opt/airflow/dags/pergame_stats_dag.py for tasks to queue
[2025-05-02T22:29:55.092+0000] {logging_mixin.py:190} INFO - [2025-05-02T22:29:55.091+0000] {dagbag.py:588} INFO - Filling up the DagBag from /opt/airflow/dags/pergame_stats_dag.py
[2025-05-02T22:29:55.137+0000] {processor.py:925} INFO - DAG(s) 'nba_stats_dag' retrieved from /opt/airflow/dags/pergame_stats_dag.py
[2025-05-02T22:29:55.147+0000] {logging_mixin.py:190} INFO - [2025-05-02T22:29:55.147+0000] {dag.py:3239} INFO - Sync 1 DAGs
[2025-05-02T22:29:55.153+0000] {logging_mixin.py:190} INFO - [2025-05-02T22:29:55.153+0000] {dag.py:4180} INFO - Setting next_dagrun for nba_stats_dag to None, run_after=None
[2025-05-02T22:29:55.160+0000] {processor.py:208} INFO - Processing /opt/airflow/dags/pergame_stats_dag.py took 0.079 seconds
[2025-05-02T22:30:25.662+0000] {processor.py:186} INFO - Started process (PID=920) to work on /opt/airflow/dags/pergame_stats_dag.py
[2025-05-02T22:30:25.664+0000] {processor.py:914} INFO - Processing file /opt/airflow/dags/pergame_stats_dag.py for tasks to queue
[2025-05-02T22:30:25.666+0000] {logging_mixin.py:190} INFO - [2025-05-02T22:30:25.665+0000] {dagbag.py:588} INFO - Filling up the DagBag from /opt/airflow/dags/pergame_stats_dag.py
[2025-05-02T22:30:25.710+0000] {processor.py:925} INFO - DAG(s) 'nba_stats_dag' retrieved from /opt/airflow/dags/pergame_stats_dag.py
[2025-05-02T22:30:25.719+0000] {logging_mixin.py:190} INFO - [2025-05-02T22:30:25.719+0000] {dag.py:3239} INFO - Sync 1 DAGs
[2025-05-02T22:30:25.724+0000] {logging_mixin.py:190} INFO - [2025-05-02T22:30:25.724+0000] {dag.py:4180} INFO - Setting next_dagrun for nba_stats_dag to None, run_after=None
[2025-05-02T22:30:25.731+0000] {processor.py:208} INFO - Processing /opt/airflow/dags/pergame_stats_dag.py took 0.077 seconds
[2025-05-02T22:30:56.200+0000] {processor.py:186} INFO - Started process (PID=924) to work on /opt/airflow/dags/pergame_stats_dag.py
[2025-05-02T22:30:56.202+0000] {processor.py:914} INFO - Processing file /opt/airflow/dags/pergame_stats_dag.py for tasks to queue
[2025-05-02T22:30:56.203+0000] {logging_mixin.py:190} INFO - [2025-05-02T22:30:56.203+0000] {dagbag.py:588} INFO - Filling up the DagBag from /opt/airflow/dags/pergame_stats_dag.py
[2025-05-02T22:30:56.247+0000] {processor.py:925} INFO - DAG(s) 'nba_stats_dag' retrieved from /opt/airflow/dags/pergame_stats_dag.py
[2025-05-02T22:30:56.255+0000] {logging_mixin.py:190} INFO - [2025-05-02T22:30:56.255+0000] {dag.py:3239} INFO - Sync 1 DAGs
[2025-05-02T22:30:56.261+0000] {logging_mixin.py:190} INFO - [2025-05-02T22:30:56.261+0000] {dag.py:4180} INFO - Setting next_dagrun for nba_stats_dag to None, run_after=None
[2025-05-02T22:30:56.267+0000] {processor.py:208} INFO - Processing /opt/airflow/dags/pergame_stats_dag.py took 0.076 seconds
[2025-05-02T22:31:26.805+0000] {processor.py:186} INFO - Started process (PID=928) to work on /opt/airflow/dags/pergame_stats_dag.py
[2025-05-02T22:31:26.806+0000] {processor.py:914} INFO - Processing file /opt/airflow/dags/pergame_stats_dag.py for tasks to queue
[2025-05-02T22:31:26.807+0000] {logging_mixin.py:190} INFO - [2025-05-02T22:31:26.807+0000] {dagbag.py:588} INFO - Filling up the DagBag from /opt/airflow/dags/pergame_stats_dag.py
[2025-05-02T22:31:26.851+0000] {processor.py:925} INFO - DAG(s) 'nba_stats_dag' retrieved from /opt/airflow/dags/pergame_stats_dag.py
[2025-05-02T22:31:26.860+0000] {logging_mixin.py:190} INFO - [2025-05-02T22:31:26.860+0000] {dag.py:3239} INFO - Sync 1 DAGs
[2025-05-02T22:31:26.866+0000] {logging_mixin.py:190} INFO - [2025-05-02T22:31:26.866+0000] {dag.py:4180} INFO - Setting next_dagrun for nba_stats_dag to None, run_after=None
[2025-05-02T22:31:26.872+0000] {processor.py:208} INFO - Processing /opt/airflow/dags/pergame_stats_dag.py took 0.077 seconds
[2025-05-02T22:31:57.352+0000] {processor.py:186} INFO - Started process (PID=932) to work on /opt/airflow/dags/pergame_stats_dag.py
[2025-05-02T22:31:57.353+0000] {processor.py:914} INFO - Processing file /opt/airflow/dags/pergame_stats_dag.py for tasks to queue
[2025-05-02T22:31:57.354+0000] {logging_mixin.py:190} INFO - [2025-05-02T22:31:57.354+0000] {dagbag.py:588} INFO - Filling up the DagBag from /opt/airflow/dags/pergame_stats_dag.py
[2025-05-02T22:31:57.397+0000] {processor.py:925} INFO - DAG(s) 'nba_stats_dag' retrieved from /opt/airflow/dags/pergame_stats_dag.py
[2025-05-02T22:31:57.406+0000] {logging_mixin.py:190} INFO - [2025-05-02T22:31:57.406+0000] {dag.py:3239} INFO - Sync 1 DAGs
[2025-05-02T22:31:57.411+0000] {logging_mixin.py:190} INFO - [2025-05-02T22:31:57.411+0000] {dag.py:4180} INFO - Setting next_dagrun for nba_stats_dag to None, run_after=None
[2025-05-02T22:31:57.416+0000] {processor.py:208} INFO - Processing /opt/airflow/dags/pergame_stats_dag.py took 0.071 seconds
[2025-05-02T22:32:27.919+0000] {processor.py:186} INFO - Started process (PID=936) to work on /opt/airflow/dags/pergame_stats_dag.py
[2025-05-02T22:32:27.920+0000] {processor.py:914} INFO - Processing file /opt/airflow/dags/pergame_stats_dag.py for tasks to queue
[2025-05-02T22:32:27.922+0000] {logging_mixin.py:190} INFO - [2025-05-02T22:32:27.922+0000] {dagbag.py:588} INFO - Filling up the DagBag from /opt/airflow/dags/pergame_stats_dag.py
[2025-05-02T22:32:27.965+0000] {processor.py:925} INFO - DAG(s) 'nba_stats_dag' retrieved from /opt/airflow/dags/pergame_stats_dag.py
[2025-05-02T22:32:27.974+0000] {logging_mixin.py:190} INFO - [2025-05-02T22:32:27.974+0000] {dag.py:3239} INFO - Sync 1 DAGs
[2025-05-02T22:32:27.979+0000] {logging_mixin.py:190} INFO - [2025-05-02T22:32:27.979+0000] {dag.py:4180} INFO - Setting next_dagrun for nba_stats_dag to None, run_after=None
[2025-05-02T22:32:27.985+0000] {processor.py:208} INFO - Processing /opt/airflow/dags/pergame_stats_dag.py took 0.075 seconds
[2025-05-02T22:32:58.500+0000] {processor.py:186} INFO - Started process (PID=940) to work on /opt/airflow/dags/pergame_stats_dag.py
[2025-05-02T22:32:58.501+0000] {processor.py:914} INFO - Processing file /opt/airflow/dags/pergame_stats_dag.py for tasks to queue
[2025-05-02T22:32:58.502+0000] {logging_mixin.py:190} INFO - [2025-05-02T22:32:58.502+0000] {dagbag.py:588} INFO - Filling up the DagBag from /opt/airflow/dags/pergame_stats_dag.py
[2025-05-02T22:32:58.547+0000] {processor.py:925} INFO - DAG(s) 'nba_stats_dag' retrieved from /opt/airflow/dags/pergame_stats_dag.py
[2025-05-02T22:32:58.556+0000] {logging_mixin.py:190} INFO - [2025-05-02T22:32:58.556+0000] {dag.py:3239} INFO - Sync 1 DAGs
[2025-05-02T22:32:58.561+0000] {logging_mixin.py:190} INFO - [2025-05-02T22:32:58.561+0000] {dag.py:4180} INFO - Setting next_dagrun for nba_stats_dag to None, run_after=None
[2025-05-02T22:32:58.567+0000] {processor.py:208} INFO - Processing /opt/airflow/dags/pergame_stats_dag.py took 0.078 seconds
[2025-05-02T22:33:29.092+0000] {processor.py:186} INFO - Started process (PID=944) to work on /opt/airflow/dags/pergame_stats_dag.py
[2025-05-02T22:33:29.093+0000] {processor.py:914} INFO - Processing file /opt/airflow/dags/pergame_stats_dag.py for tasks to queue
[2025-05-02T22:33:29.094+0000] {logging_mixin.py:190} INFO - [2025-05-02T22:33:29.094+0000] {dagbag.py:588} INFO - Filling up the DagBag from /opt/airflow/dags/pergame_stats_dag.py
[2025-05-02T22:33:29.139+0000] {processor.py:925} INFO - DAG(s) 'nba_stats_dag' retrieved from /opt/airflow/dags/pergame_stats_dag.py
[2025-05-02T22:33:29.148+0000] {logging_mixin.py:190} INFO - [2025-05-02T22:33:29.148+0000] {dag.py:3239} INFO - Sync 1 DAGs
[2025-05-02T22:33:29.153+0000] {logging_mixin.py:190} INFO - [2025-05-02T22:33:29.153+0000] {dag.py:4180} INFO - Setting next_dagrun for nba_stats_dag to None, run_after=None
[2025-05-02T22:33:29.159+0000] {processor.py:208} INFO - Processing /opt/airflow/dags/pergame_stats_dag.py took 0.074 seconds
[2025-05-02T22:33:59.612+0000] {processor.py:186} INFO - Started process (PID=948) to work on /opt/airflow/dags/pergame_stats_dag.py
[2025-05-02T22:33:59.613+0000] {processor.py:914} INFO - Processing file /opt/airflow/dags/pergame_stats_dag.py for tasks to queue
[2025-05-02T22:33:59.613+0000] {logging_mixin.py:190} INFO - [2025-05-02T22:33:59.613+0000] {dagbag.py:588} INFO - Filling up the DagBag from /opt/airflow/dags/pergame_stats_dag.py
[2025-05-02T22:33:59.646+0000] {processor.py:925} INFO - DAG(s) 'nba_stats_dag' retrieved from /opt/airflow/dags/pergame_stats_dag.py
[2025-05-02T22:33:59.656+0000] {logging_mixin.py:190} INFO - [2025-05-02T22:33:59.655+0000] {dag.py:3239} INFO - Sync 1 DAGs
[2025-05-02T22:33:59.662+0000] {logging_mixin.py:190} INFO - [2025-05-02T22:33:59.662+0000] {dag.py:4180} INFO - Setting next_dagrun for nba_stats_dag to None, run_after=None
[2025-05-02T22:33:59.668+0000] {processor.py:208} INFO - Processing /opt/airflow/dags/pergame_stats_dag.py took 0.061 seconds
[2025-05-02T22:34:30.162+0000] {processor.py:186} INFO - Started process (PID=952) to work on /opt/airflow/dags/pergame_stats_dag.py
[2025-05-02T22:34:30.164+0000] {processor.py:914} INFO - Processing file /opt/airflow/dags/pergame_stats_dag.py for tasks to queue
[2025-05-02T22:34:30.166+0000] {logging_mixin.py:190} INFO - [2025-05-02T22:34:30.166+0000] {dagbag.py:588} INFO - Filling up the DagBag from /opt/airflow/dags/pergame_stats_dag.py
[2025-05-02T22:34:30.212+0000] {processor.py:925} INFO - DAG(s) 'nba_stats_dag' retrieved from /opt/airflow/dags/pergame_stats_dag.py
[2025-05-02T22:34:30.222+0000] {logging_mixin.py:190} INFO - [2025-05-02T22:34:30.222+0000] {dag.py:3239} INFO - Sync 1 DAGs
[2025-05-02T22:34:30.227+0000] {logging_mixin.py:190} INFO - [2025-05-02T22:34:30.227+0000] {dag.py:4180} INFO - Setting next_dagrun for nba_stats_dag to None, run_after=None
[2025-05-02T22:34:30.233+0000] {processor.py:208} INFO - Processing /opt/airflow/dags/pergame_stats_dag.py took 0.080 seconds
[2025-05-02T22:35:00.588+0000] {processor.py:186} INFO - Started process (PID=956) to work on /opt/airflow/dags/pergame_stats_dag.py
[2025-05-02T22:35:00.589+0000] {processor.py:914} INFO - Processing file /opt/airflow/dags/pergame_stats_dag.py for tasks to queue
[2025-05-02T22:35:00.591+0000] {logging_mixin.py:190} INFO - [2025-05-02T22:35:00.591+0000] {dagbag.py:588} INFO - Filling up the DagBag from /opt/airflow/dags/pergame_stats_dag.py
[2025-05-02T22:35:00.638+0000] {processor.py:925} INFO - DAG(s) 'nba_stats_dag' retrieved from /opt/airflow/dags/pergame_stats_dag.py
[2025-05-02T22:35:00.648+0000] {logging_mixin.py:190} INFO - [2025-05-02T22:35:00.647+0000] {dag.py:3239} INFO - Sync 1 DAGs
[2025-05-02T22:35:00.653+0000] {logging_mixin.py:190} INFO - [2025-05-02T22:35:00.653+0000] {dag.py:4180} INFO - Setting next_dagrun for nba_stats_dag to None, run_after=None
[2025-05-02T22:35:00.659+0000] {processor.py:208} INFO - Processing /opt/airflow/dags/pergame_stats_dag.py took 0.079 seconds
[2025-05-02T22:35:31.024+0000] {processor.py:186} INFO - Started process (PID=960) to work on /opt/airflow/dags/pergame_stats_dag.py
[2025-05-02T22:35:31.025+0000] {processor.py:914} INFO - Processing file /opt/airflow/dags/pergame_stats_dag.py for tasks to queue
[2025-05-02T22:35:31.027+0000] {logging_mixin.py:190} INFO - [2025-05-02T22:35:31.027+0000] {dagbag.py:588} INFO - Filling up the DagBag from /opt/airflow/dags/pergame_stats_dag.py
[2025-05-02T22:35:31.074+0000] {processor.py:925} INFO - DAG(s) 'nba_stats_dag' retrieved from /opt/airflow/dags/pergame_stats_dag.py
[2025-05-02T22:35:31.084+0000] {logging_mixin.py:190} INFO - [2025-05-02T22:35:31.084+0000] {dag.py:3239} INFO - Sync 1 DAGs
[2025-05-02T22:35:31.089+0000] {logging_mixin.py:190} INFO - [2025-05-02T22:35:31.089+0000] {dag.py:4180} INFO - Setting next_dagrun for nba_stats_dag to None, run_after=None
[2025-05-02T22:35:31.095+0000] {processor.py:208} INFO - Processing /opt/airflow/dags/pergame_stats_dag.py took 0.081 seconds
[2025-05-02T22:36:01.516+0000] {processor.py:186} INFO - Started process (PID=964) to work on /opt/airflow/dags/pergame_stats_dag.py
[2025-05-02T22:36:01.516+0000] {processor.py:914} INFO - Processing file /opt/airflow/dags/pergame_stats_dag.py for tasks to queue
[2025-05-02T22:36:01.517+0000] {logging_mixin.py:190} INFO - [2025-05-02T22:36:01.517+0000] {dagbag.py:588} INFO - Filling up the DagBag from /opt/airflow/dags/pergame_stats_dag.py
[2025-05-02T22:36:01.558+0000] {processor.py:925} INFO - DAG(s) 'nba_stats_dag' retrieved from /opt/airflow/dags/pergame_stats_dag.py
[2025-05-02T22:36:01.567+0000] {logging_mixin.py:190} INFO - [2025-05-02T22:36:01.567+0000] {dag.py:3239} INFO - Sync 1 DAGs
[2025-05-02T22:36:01.572+0000] {logging_mixin.py:190} INFO - [2025-05-02T22:36:01.572+0000] {dag.py:4180} INFO - Setting next_dagrun for nba_stats_dag to None, run_after=None
[2025-05-02T22:36:01.579+0000] {processor.py:208} INFO - Processing /opt/airflow/dags/pergame_stats_dag.py took 0.070 seconds
[2025-05-02T22:36:31.936+0000] {processor.py:186} INFO - Started process (PID=968) to work on /opt/airflow/dags/pergame_stats_dag.py
[2025-05-02T22:36:31.937+0000] {processor.py:914} INFO - Processing file /opt/airflow/dags/pergame_stats_dag.py for tasks to queue
[2025-05-02T22:36:31.938+0000] {logging_mixin.py:190} INFO - [2025-05-02T22:36:31.938+0000] {dagbag.py:588} INFO - Filling up the DagBag from /opt/airflow/dags/pergame_stats_dag.py
[2025-05-02T22:36:31.984+0000] {logging_mixin.py:190} INFO - [2025-05-02T22:36:31.982+0000] {dagbag.py:387} ERROR - Failed to import: /opt/airflow/dags/pergame_stats_dag.py
Traceback (most recent call last):
  File "/home/airflow/.local/lib/python3.12/site-packages/airflow/models/dagbag.py", line 383, in parse
    loader.exec_module(new_module)
  File "<frozen importlib._bootstrap_external>", line 999, in exec_module
  File "<frozen importlib._bootstrap>", line 488, in _call_with_frames_removed
  File "/opt/airflow/dags/pergame_stats_dag.py", line 9, in <module>
    from spark.pergame_stats_spark import pergame_stats
ImportError: cannot import name 'pergame_stats' from 'spark.pergame_stats_spark' (/opt/airflow/scripts/python/spark/pergame_stats_spark.py)
[2025-05-02T22:36:31.985+0000] {processor.py:927} WARNING - No viable dags retrieved from /opt/airflow/dags/pergame_stats_dag.py
[2025-05-02T22:36:31.994+0000] {processor.py:208} INFO - Processing /opt/airflow/dags/pergame_stats_dag.py took 0.066 seconds
[2025-05-02T22:37:02.515+0000] {processor.py:186} INFO - Started process (PID=972) to work on /opt/airflow/dags/pergame_stats_dag.py
[2025-05-02T22:37:02.516+0000] {processor.py:914} INFO - Processing file /opt/airflow/dags/pergame_stats_dag.py for tasks to queue
[2025-05-02T22:37:02.518+0000] {logging_mixin.py:190} INFO - [2025-05-02T22:37:02.517+0000] {dagbag.py:588} INFO - Filling up the DagBag from /opt/airflow/dags/pergame_stats_dag.py
[2025-05-02T22:37:02.560+0000] {logging_mixin.py:190} INFO - [2025-05-02T22:37:02.560+0000] {dagbag.py:387} ERROR - Failed to import: /opt/airflow/dags/pergame_stats_dag.py
Traceback (most recent call last):
  File "/home/airflow/.local/lib/python3.12/site-packages/airflow/models/dagbag.py", line 383, in parse
    loader.exec_module(new_module)
  File "<frozen importlib._bootstrap_external>", line 999, in exec_module
  File "<frozen importlib._bootstrap>", line 488, in _call_with_frames_removed
  File "/opt/airflow/dags/pergame_stats_dag.py", line 9, in <module>
    from spark.pergame_stats_spark import pergame_stats
ImportError: cannot import name 'pergame_stats' from 'spark.pergame_stats_spark' (/opt/airflow/scripts/python/spark/pergame_stats_spark.py)
[2025-05-02T22:37:02.560+0000] {processor.py:927} WARNING - No viable dags retrieved from /opt/airflow/dags/pergame_stats_dag.py
[2025-05-02T22:37:02.569+0000] {processor.py:208} INFO - Processing /opt/airflow/dags/pergame_stats_dag.py took 0.061 seconds
[2025-05-02T22:37:33.089+0000] {processor.py:186} INFO - Started process (PID=976) to work on /opt/airflow/dags/pergame_stats_dag.py
[2025-05-02T22:37:33.090+0000] {processor.py:914} INFO - Processing file /opt/airflow/dags/pergame_stats_dag.py for tasks to queue
[2025-05-02T22:37:33.091+0000] {logging_mixin.py:190} INFO - [2025-05-02T22:37:33.091+0000] {dagbag.py:588} INFO - Filling up the DagBag from /opt/airflow/dags/pergame_stats_dag.py
[2025-05-02T22:37:33.134+0000] {logging_mixin.py:190} INFO - [2025-05-02T22:37:33.134+0000] {dagbag.py:387} ERROR - Failed to import: /opt/airflow/dags/pergame_stats_dag.py
Traceback (most recent call last):
  File "/home/airflow/.local/lib/python3.12/site-packages/airflow/models/dagbag.py", line 383, in parse
    loader.exec_module(new_module)
  File "<frozen importlib._bootstrap_external>", line 999, in exec_module
  File "<frozen importlib._bootstrap>", line 488, in _call_with_frames_removed
  File "/opt/airflow/dags/pergame_stats_dag.py", line 9, in <module>
    from spark.pergame_stats_spark import pergame_stats
ImportError: cannot import name 'pergame_stats' from 'spark.pergame_stats_spark' (/opt/airflow/scripts/python/spark/pergame_stats_spark.py)
[2025-05-02T22:37:33.134+0000] {processor.py:927} WARNING - No viable dags retrieved from /opt/airflow/dags/pergame_stats_dag.py
[2025-05-02T22:37:33.143+0000] {processor.py:208} INFO - Processing /opt/airflow/dags/pergame_stats_dag.py took 0.065 seconds
[2025-05-02T22:38:03.657+0000] {processor.py:186} INFO - Started process (PID=980) to work on /opt/airflow/dags/pergame_stats_dag.py
[2025-05-02T22:38:03.658+0000] {processor.py:914} INFO - Processing file /opt/airflow/dags/pergame_stats_dag.py for tasks to queue
[2025-05-02T22:38:03.659+0000] {logging_mixin.py:190} INFO - [2025-05-02T22:38:03.659+0000] {dagbag.py:588} INFO - Filling up the DagBag from /opt/airflow/dags/pergame_stats_dag.py
[2025-05-02T22:38:03.702+0000] {logging_mixin.py:190} INFO - [2025-05-02T22:38:03.702+0000] {dagbag.py:387} ERROR - Failed to import: /opt/airflow/dags/pergame_stats_dag.py
Traceback (most recent call last):
  File "/home/airflow/.local/lib/python3.12/site-packages/airflow/models/dagbag.py", line 383, in parse
    loader.exec_module(new_module)
  File "<frozen importlib._bootstrap_external>", line 999, in exec_module
  File "<frozen importlib._bootstrap>", line 488, in _call_with_frames_removed
  File "/opt/airflow/dags/pergame_stats_dag.py", line 9, in <module>
    from spark.pergame_stats_spark import pergame_stats
ImportError: cannot import name 'pergame_stats' from 'spark.pergame_stats_spark' (/opt/airflow/scripts/python/spark/pergame_stats_spark.py)
[2025-05-02T22:38:03.702+0000] {processor.py:927} WARNING - No viable dags retrieved from /opt/airflow/dags/pergame_stats_dag.py
[2025-05-02T22:38:03.710+0000] {processor.py:208} INFO - Processing /opt/airflow/dags/pergame_stats_dag.py took 0.062 seconds
[2025-05-02T22:38:34.230+0000] {processor.py:186} INFO - Started process (PID=984) to work on /opt/airflow/dags/pergame_stats_dag.py
[2025-05-02T22:38:34.231+0000] {processor.py:914} INFO - Processing file /opt/airflow/dags/pergame_stats_dag.py for tasks to queue
[2025-05-02T22:38:34.231+0000] {logging_mixin.py:190} INFO - [2025-05-02T22:38:34.231+0000] {dagbag.py:588} INFO - Filling up the DagBag from /opt/airflow/dags/pergame_stats_dag.py
[2025-05-02T22:38:34.267+0000] {logging_mixin.py:190} INFO - [2025-05-02T22:38:34.267+0000] {dagbag.py:387} ERROR - Failed to import: /opt/airflow/dags/pergame_stats_dag.py
Traceback (most recent call last):
  File "/home/airflow/.local/lib/python3.12/site-packages/airflow/models/dagbag.py", line 383, in parse
    loader.exec_module(new_module)
  File "<frozen importlib._bootstrap_external>", line 999, in exec_module
  File "<frozen importlib._bootstrap>", line 488, in _call_with_frames_removed
  File "/opt/airflow/dags/pergame_stats_dag.py", line 9, in <module>
    from spark.pergame_stats_spark import pergame_stats
ImportError: cannot import name 'pergame_stats' from 'spark.pergame_stats_spark' (/opt/airflow/scripts/python/spark/pergame_stats_spark.py)
[2025-05-02T22:38:34.267+0000] {processor.py:927} WARNING - No viable dags retrieved from /opt/airflow/dags/pergame_stats_dag.py
[2025-05-02T22:38:34.276+0000] {processor.py:208} INFO - Processing /opt/airflow/dags/pergame_stats_dag.py took 0.051 seconds
[2025-05-02T22:39:04.800+0000] {processor.py:186} INFO - Started process (PID=988) to work on /opt/airflow/dags/pergame_stats_dag.py
[2025-05-02T22:39:04.801+0000] {processor.py:914} INFO - Processing file /opt/airflow/dags/pergame_stats_dag.py for tasks to queue
[2025-05-02T22:39:04.802+0000] {logging_mixin.py:190} INFO - [2025-05-02T22:39:04.802+0000] {dagbag.py:588} INFO - Filling up the DagBag from /opt/airflow/dags/pergame_stats_dag.py
[2025-05-02T22:39:04.839+0000] {logging_mixin.py:190} INFO - [2025-05-02T22:39:04.838+0000] {dagbag.py:387} ERROR - Failed to import: /opt/airflow/dags/pergame_stats_dag.py
Traceback (most recent call last):
  File "/home/airflow/.local/lib/python3.12/site-packages/airflow/models/dagbag.py", line 383, in parse
    loader.exec_module(new_module)
  File "<frozen importlib._bootstrap_external>", line 999, in exec_module
  File "<frozen importlib._bootstrap>", line 488, in _call_with_frames_removed
  File "/opt/airflow/dags/pergame_stats_dag.py", line 9, in <module>
    from spark.pergame_stats_spark import pergame_stats
ImportError: cannot import name 'pergame_stats' from 'spark.pergame_stats_spark' (/opt/airflow/scripts/python/spark/pergame_stats_spark.py)
[2025-05-02T22:39:04.839+0000] {processor.py:927} WARNING - No viable dags retrieved from /opt/airflow/dags/pergame_stats_dag.py
[2025-05-02T22:39:04.847+0000] {processor.py:208} INFO - Processing /opt/airflow/dags/pergame_stats_dag.py took 0.053 seconds
[2025-05-02T22:39:35.302+0000] {processor.py:186} INFO - Started process (PID=992) to work on /opt/airflow/dags/pergame_stats_dag.py
[2025-05-02T22:39:35.303+0000] {processor.py:914} INFO - Processing file /opt/airflow/dags/pergame_stats_dag.py for tasks to queue
[2025-05-02T22:39:35.303+0000] {logging_mixin.py:190} INFO - [2025-05-02T22:39:35.303+0000] {dagbag.py:588} INFO - Filling up the DagBag from /opt/airflow/dags/pergame_stats_dag.py
[2025-05-02T22:39:35.338+0000] {logging_mixin.py:190} INFO - [2025-05-02T22:39:35.338+0000] {dagbag.py:387} ERROR - Failed to import: /opt/airflow/dags/pergame_stats_dag.py
Traceback (most recent call last):
  File "/home/airflow/.local/lib/python3.12/site-packages/airflow/models/dagbag.py", line 383, in parse
    loader.exec_module(new_module)
  File "<frozen importlib._bootstrap_external>", line 999, in exec_module
  File "<frozen importlib._bootstrap>", line 488, in _call_with_frames_removed
  File "/opt/airflow/dags/pergame_stats_dag.py", line 9, in <module>
    from spark.pergame_stats_spark import pergame_stats
ImportError: cannot import name 'pergame_stats' from 'spark.pergame_stats_spark' (/opt/airflow/scripts/python/spark/pergame_stats_spark.py)
[2025-05-02T22:39:35.338+0000] {processor.py:927} WARNING - No viable dags retrieved from /opt/airflow/dags/pergame_stats_dag.py
[2025-05-02T22:39:35.346+0000] {processor.py:208} INFO - Processing /opt/airflow/dags/pergame_stats_dag.py took 0.050 seconds
[2025-05-02T22:40:05.761+0000] {processor.py:186} INFO - Started process (PID=996) to work on /opt/airflow/dags/pergame_stats_dag.py
[2025-05-02T22:40:05.762+0000] {processor.py:914} INFO - Processing file /opt/airflow/dags/pergame_stats_dag.py for tasks to queue
[2025-05-02T22:40:05.763+0000] {logging_mixin.py:190} INFO - [2025-05-02T22:40:05.763+0000] {dagbag.py:588} INFO - Filling up the DagBag from /opt/airflow/dags/pergame_stats_dag.py
[2025-05-02T22:40:05.799+0000] {logging_mixin.py:190} INFO - [2025-05-02T22:40:05.798+0000] {dagbag.py:387} ERROR - Failed to import: /opt/airflow/dags/pergame_stats_dag.py
Traceback (most recent call last):
  File "/home/airflow/.local/lib/python3.12/site-packages/airflow/models/dagbag.py", line 383, in parse
    loader.exec_module(new_module)
  File "<frozen importlib._bootstrap_external>", line 999, in exec_module
  File "<frozen importlib._bootstrap>", line 488, in _call_with_frames_removed
  File "/opt/airflow/dags/pergame_stats_dag.py", line 9, in <module>
    from spark.pergame_stats_spark import pergame_stats
ImportError: cannot import name 'pergame_stats' from 'spark.pergame_stats_spark' (/opt/airflow/scripts/python/spark/pergame_stats_spark.py)
[2025-05-02T22:40:05.799+0000] {processor.py:927} WARNING - No viable dags retrieved from /opt/airflow/dags/pergame_stats_dag.py
[2025-05-02T22:40:05.807+0000] {processor.py:208} INFO - Processing /opt/airflow/dags/pergame_stats_dag.py took 0.051 seconds
[2025-05-02T22:40:36.247+0000] {processor.py:186} INFO - Started process (PID=1000) to work on /opt/airflow/dags/pergame_stats_dag.py
[2025-05-02T22:40:36.248+0000] {processor.py:914} INFO - Processing file /opt/airflow/dags/pergame_stats_dag.py for tasks to queue
[2025-05-02T22:40:36.249+0000] {logging_mixin.py:190} INFO - [2025-05-02T22:40:36.249+0000] {dagbag.py:588} INFO - Filling up the DagBag from /opt/airflow/dags/pergame_stats_dag.py
[2025-05-02T22:40:36.287+0000] {logging_mixin.py:190} INFO - [2025-05-02T22:40:36.286+0000] {dagbag.py:387} ERROR - Failed to import: /opt/airflow/dags/pergame_stats_dag.py
Traceback (most recent call last):
  File "/home/airflow/.local/lib/python3.12/site-packages/airflow/models/dagbag.py", line 383, in parse
    loader.exec_module(new_module)
  File "<frozen importlib._bootstrap_external>", line 999, in exec_module
  File "<frozen importlib._bootstrap>", line 488, in _call_with_frames_removed
  File "/opt/airflow/dags/pergame_stats_dag.py", line 9, in <module>
    from spark.pergame_stats_spark import pergame_stats
ImportError: cannot import name 'pergame_stats' from 'spark.pergame_stats_spark' (/opt/airflow/scripts/python/spark/pergame_stats_spark.py)
[2025-05-02T22:40:36.287+0000] {processor.py:927} WARNING - No viable dags retrieved from /opt/airflow/dags/pergame_stats_dag.py
[2025-05-02T22:40:36.296+0000] {processor.py:208} INFO - Processing /opt/airflow/dags/pergame_stats_dag.py took 0.056 seconds
[2025-05-02T22:41:06.781+0000] {processor.py:186} INFO - Started process (PID=1004) to work on /opt/airflow/dags/pergame_stats_dag.py
[2025-05-02T22:41:06.781+0000] {processor.py:914} INFO - Processing file /opt/airflow/dags/pergame_stats_dag.py for tasks to queue
[2025-05-02T22:41:06.782+0000] {logging_mixin.py:190} INFO - [2025-05-02T22:41:06.782+0000] {dagbag.py:588} INFO - Filling up the DagBag from /opt/airflow/dags/pergame_stats_dag.py
[2025-05-02T22:41:06.820+0000] {logging_mixin.py:190} INFO - [2025-05-02T22:41:06.819+0000] {dagbag.py:387} ERROR - Failed to import: /opt/airflow/dags/pergame_stats_dag.py
Traceback (most recent call last):
  File "/home/airflow/.local/lib/python3.12/site-packages/airflow/models/dagbag.py", line 383, in parse
    loader.exec_module(new_module)
  File "<frozen importlib._bootstrap_external>", line 999, in exec_module
  File "<frozen importlib._bootstrap>", line 488, in _call_with_frames_removed
  File "/opt/airflow/dags/pergame_stats_dag.py", line 9, in <module>
    from spark.pergame_stats_spark import pergame_stats
ImportError: cannot import name 'pergame_stats' from 'spark.pergame_stats_spark' (/opt/airflow/scripts/python/spark/pergame_stats_spark.py)
[2025-05-02T22:41:06.820+0000] {processor.py:927} WARNING - No viable dags retrieved from /opt/airflow/dags/pergame_stats_dag.py
[2025-05-02T22:41:06.829+0000] {processor.py:208} INFO - Processing /opt/airflow/dags/pergame_stats_dag.py took 0.054 seconds
[2025-05-02T22:41:37.277+0000] {processor.py:186} INFO - Started process (PID=1008) to work on /opt/airflow/dags/pergame_stats_dag.py
[2025-05-02T22:41:37.279+0000] {processor.py:914} INFO - Processing file /opt/airflow/dags/pergame_stats_dag.py for tasks to queue
[2025-05-02T22:41:37.279+0000] {logging_mixin.py:190} INFO - [2025-05-02T22:41:37.279+0000] {dagbag.py:588} INFO - Filling up the DagBag from /opt/airflow/dags/pergame_stats_dag.py
[2025-05-02T22:41:37.315+0000] {logging_mixin.py:190} INFO - [2025-05-02T22:41:37.314+0000] {dagbag.py:387} ERROR - Failed to import: /opt/airflow/dags/pergame_stats_dag.py
Traceback (most recent call last):
  File "/home/airflow/.local/lib/python3.12/site-packages/airflow/models/dagbag.py", line 383, in parse
    loader.exec_module(new_module)
  File "<frozen importlib._bootstrap_external>", line 999, in exec_module
  File "<frozen importlib._bootstrap>", line 488, in _call_with_frames_removed
  File "/opt/airflow/dags/pergame_stats_dag.py", line 9, in <module>
    from spark.pergame_stats_spark import pergame_stats
ImportError: cannot import name 'pergame_stats' from 'spark.pergame_stats_spark' (/opt/airflow/scripts/python/spark/pergame_stats_spark.py)
[2025-05-02T22:41:37.315+0000] {processor.py:927} WARNING - No viable dags retrieved from /opt/airflow/dags/pergame_stats_dag.py
[2025-05-02T22:41:37.323+0000] {processor.py:208} INFO - Processing /opt/airflow/dags/pergame_stats_dag.py took 0.050 seconds
[2025-05-02T22:42:07.800+0000] {processor.py:186} INFO - Started process (PID=1012) to work on /opt/airflow/dags/pergame_stats_dag.py
[2025-05-02T22:42:07.801+0000] {processor.py:914} INFO - Processing file /opt/airflow/dags/pergame_stats_dag.py for tasks to queue
[2025-05-02T22:42:07.802+0000] {logging_mixin.py:190} INFO - [2025-05-02T22:42:07.801+0000] {dagbag.py:588} INFO - Filling up the DagBag from /opt/airflow/dags/pergame_stats_dag.py
[2025-05-02T22:42:07.839+0000] {logging_mixin.py:190} INFO - [2025-05-02T22:42:07.839+0000] {dagbag.py:387} ERROR - Failed to import: /opt/airflow/dags/pergame_stats_dag.py
Traceback (most recent call last):
  File "/home/airflow/.local/lib/python3.12/site-packages/airflow/models/dagbag.py", line 383, in parse
    loader.exec_module(new_module)
  File "<frozen importlib._bootstrap_external>", line 999, in exec_module
  File "<frozen importlib._bootstrap>", line 488, in _call_with_frames_removed
  File "/opt/airflow/dags/pergame_stats_dag.py", line 9, in <module>
    from spark.pergame_stats_spark import pergame_stats
ImportError: cannot import name 'pergame_stats' from 'spark.pergame_stats_spark' (/opt/airflow/scripts/python/spark/pergame_stats_spark.py)
[2025-05-02T22:42:07.840+0000] {processor.py:927} WARNING - No viable dags retrieved from /opt/airflow/dags/pergame_stats_dag.py
[2025-05-02T22:42:07.848+0000] {processor.py:208} INFO - Processing /opt/airflow/dags/pergame_stats_dag.py took 0.054 seconds
[2025-05-02T22:42:38.284+0000] {processor.py:186} INFO - Started process (PID=1016) to work on /opt/airflow/dags/pergame_stats_dag.py
[2025-05-02T22:42:38.285+0000] {processor.py:914} INFO - Processing file /opt/airflow/dags/pergame_stats_dag.py for tasks to queue
[2025-05-02T22:42:38.286+0000] {logging_mixin.py:190} INFO - [2025-05-02T22:42:38.286+0000] {dagbag.py:588} INFO - Filling up the DagBag from /opt/airflow/dags/pergame_stats_dag.py
[2025-05-02T22:42:38.324+0000] {logging_mixin.py:190} INFO - [2025-05-02T22:42:38.323+0000] {dagbag.py:387} ERROR - Failed to import: /opt/airflow/dags/pergame_stats_dag.py
Traceback (most recent call last):
  File "/home/airflow/.local/lib/python3.12/site-packages/airflow/models/dagbag.py", line 383, in parse
    loader.exec_module(new_module)
  File "<frozen importlib._bootstrap_external>", line 999, in exec_module
  File "<frozen importlib._bootstrap>", line 488, in _call_with_frames_removed
  File "/opt/airflow/dags/pergame_stats_dag.py", line 9, in <module>
    from spark.pergame_stats_spark import pergame_stats
ImportError: cannot import name 'pergame_stats' from 'spark.pergame_stats_spark' (/opt/airflow/scripts/python/spark/pergame_stats_spark.py)
[2025-05-02T22:42:38.324+0000] {processor.py:927} WARNING - No viable dags retrieved from /opt/airflow/dags/pergame_stats_dag.py
[2025-05-02T22:42:38.333+0000] {processor.py:208} INFO - Processing /opt/airflow/dags/pergame_stats_dag.py took 0.055 seconds
[2025-05-02T22:43:08.795+0000] {processor.py:186} INFO - Started process (PID=1020) to work on /opt/airflow/dags/pergame_stats_dag.py
[2025-05-02T22:43:08.796+0000] {processor.py:914} INFO - Processing file /opt/airflow/dags/pergame_stats_dag.py for tasks to queue
[2025-05-02T22:43:08.797+0000] {logging_mixin.py:190} INFO - [2025-05-02T22:43:08.797+0000] {dagbag.py:588} INFO - Filling up the DagBag from /opt/airflow/dags/pergame_stats_dag.py
[2025-05-02T22:43:08.835+0000] {logging_mixin.py:190} INFO - [2025-05-02T22:43:08.835+0000] {dagbag.py:387} ERROR - Failed to import: /opt/airflow/dags/pergame_stats_dag.py
Traceback (most recent call last):
  File "/home/airflow/.local/lib/python3.12/site-packages/airflow/models/dagbag.py", line 383, in parse
    loader.exec_module(new_module)
  File "<frozen importlib._bootstrap_external>", line 999, in exec_module
  File "<frozen importlib._bootstrap>", line 488, in _call_with_frames_removed
  File "/opt/airflow/dags/pergame_stats_dag.py", line 9, in <module>
    from spark.pergame_stats_spark import pergame_stats
ImportError: cannot import name 'pergame_stats' from 'spark.pergame_stats_spark' (/opt/airflow/scripts/python/spark/pergame_stats_spark.py)
[2025-05-02T22:43:08.836+0000] {processor.py:927} WARNING - No viable dags retrieved from /opt/airflow/dags/pergame_stats_dag.py
[2025-05-02T22:43:08.845+0000] {processor.py:208} INFO - Processing /opt/airflow/dags/pergame_stats_dag.py took 0.055 seconds
[2025-05-02T22:43:39.225+0000] {processor.py:186} INFO - Started process (PID=1024) to work on /opt/airflow/dags/pergame_stats_dag.py
[2025-05-02T22:43:39.226+0000] {processor.py:914} INFO - Processing file /opt/airflow/dags/pergame_stats_dag.py for tasks to queue
[2025-05-02T22:43:39.227+0000] {logging_mixin.py:190} INFO - [2025-05-02T22:43:39.227+0000] {dagbag.py:588} INFO - Filling up the DagBag from /opt/airflow/dags/pergame_stats_dag.py
[2025-05-02T22:43:39.263+0000] {logging_mixin.py:190} INFO - [2025-05-02T22:43:39.263+0000] {dagbag.py:387} ERROR - Failed to import: /opt/airflow/dags/pergame_stats_dag.py
Traceback (most recent call last):
  File "/home/airflow/.local/lib/python3.12/site-packages/airflow/models/dagbag.py", line 383, in parse
    loader.exec_module(new_module)
  File "<frozen importlib._bootstrap_external>", line 999, in exec_module
  File "<frozen importlib._bootstrap>", line 488, in _call_with_frames_removed
  File "/opt/airflow/dags/pergame_stats_dag.py", line 9, in <module>
    from spark.pergame_stats_spark import pergame_stats
ImportError: cannot import name 'pergame_stats' from 'spark.pergame_stats_spark' (/opt/airflow/scripts/python/spark/pergame_stats_spark.py)
[2025-05-02T22:43:39.263+0000] {processor.py:927} WARNING - No viable dags retrieved from /opt/airflow/dags/pergame_stats_dag.py
[2025-05-02T22:43:39.272+0000] {processor.py:208} INFO - Processing /opt/airflow/dags/pergame_stats_dag.py took 0.052 seconds
[2025-05-02T22:44:09.700+0000] {processor.py:186} INFO - Started process (PID=1028) to work on /opt/airflow/dags/pergame_stats_dag.py
[2025-05-02T22:44:09.700+0000] {processor.py:914} INFO - Processing file /opt/airflow/dags/pergame_stats_dag.py for tasks to queue
[2025-05-02T22:44:09.702+0000] {logging_mixin.py:190} INFO - [2025-05-02T22:44:09.701+0000] {dagbag.py:588} INFO - Filling up the DagBag from /opt/airflow/dags/pergame_stats_dag.py
[2025-05-02T22:44:09.740+0000] {logging_mixin.py:190} INFO - [2025-05-02T22:44:09.739+0000] {dagbag.py:387} ERROR - Failed to import: /opt/airflow/dags/pergame_stats_dag.py
Traceback (most recent call last):
  File "/home/airflow/.local/lib/python3.12/site-packages/airflow/models/dagbag.py", line 383, in parse
    loader.exec_module(new_module)
  File "<frozen importlib._bootstrap_external>", line 999, in exec_module
  File "<frozen importlib._bootstrap>", line 488, in _call_with_frames_removed
  File "/opt/airflow/dags/pergame_stats_dag.py", line 9, in <module>
    from spark.pergame_stats_spark import pergame_stats
ImportError: cannot import name 'pergame_stats' from 'spark.pergame_stats_spark' (/opt/airflow/scripts/python/spark/pergame_stats_spark.py)
[2025-05-02T22:44:09.740+0000] {processor.py:927} WARNING - No viable dags retrieved from /opt/airflow/dags/pergame_stats_dag.py
[2025-05-02T22:44:09.749+0000] {processor.py:208} INFO - Processing /opt/airflow/dags/pergame_stats_dag.py took 0.056 seconds
[2025-05-02T22:44:40.172+0000] {processor.py:186} INFO - Started process (PID=1032) to work on /opt/airflow/dags/pergame_stats_dag.py
[2025-05-02T22:44:40.173+0000] {processor.py:914} INFO - Processing file /opt/airflow/dags/pergame_stats_dag.py for tasks to queue
[2025-05-02T22:44:40.174+0000] {logging_mixin.py:190} INFO - [2025-05-02T22:44:40.174+0000] {dagbag.py:588} INFO - Filling up the DagBag from /opt/airflow/dags/pergame_stats_dag.py
[2025-05-02T22:44:40.213+0000] {logging_mixin.py:190} INFO - [2025-05-02T22:44:40.212+0000] {dagbag.py:387} ERROR - Failed to import: /opt/airflow/dags/pergame_stats_dag.py
Traceback (most recent call last):
  File "/home/airflow/.local/lib/python3.12/site-packages/airflow/models/dagbag.py", line 383, in parse
    loader.exec_module(new_module)
  File "<frozen importlib._bootstrap_external>", line 999, in exec_module
  File "<frozen importlib._bootstrap>", line 488, in _call_with_frames_removed
  File "/opt/airflow/dags/pergame_stats_dag.py", line 9, in <module>
    from spark.pergame_stats_spark import pergame_stats
ImportError: cannot import name 'pergame_stats' from 'spark.pergame_stats_spark' (/opt/airflow/scripts/python/spark/pergame_stats_spark.py)
[2025-05-02T22:44:40.213+0000] {processor.py:927} WARNING - No viable dags retrieved from /opt/airflow/dags/pergame_stats_dag.py
[2025-05-02T22:44:40.221+0000] {processor.py:208} INFO - Processing /opt/airflow/dags/pergame_stats_dag.py took 0.055 seconds
[2025-05-02T22:45:10.676+0000] {processor.py:186} INFO - Started process (PID=1036) to work on /opt/airflow/dags/pergame_stats_dag.py
[2025-05-02T22:45:10.677+0000] {processor.py:914} INFO - Processing file /opt/airflow/dags/pergame_stats_dag.py for tasks to queue
[2025-05-02T22:45:10.678+0000] {logging_mixin.py:190} INFO - [2025-05-02T22:45:10.677+0000] {dagbag.py:588} INFO - Filling up the DagBag from /opt/airflow/dags/pergame_stats_dag.py
[2025-05-02T22:45:10.715+0000] {logging_mixin.py:190} INFO - [2025-05-02T22:45:10.715+0000] {dagbag.py:387} ERROR - Failed to import: /opt/airflow/dags/pergame_stats_dag.py
Traceback (most recent call last):
  File "/home/airflow/.local/lib/python3.12/site-packages/airflow/models/dagbag.py", line 383, in parse
    loader.exec_module(new_module)
  File "<frozen importlib._bootstrap_external>", line 999, in exec_module
  File "<frozen importlib._bootstrap>", line 488, in _call_with_frames_removed
  File "/opt/airflow/dags/pergame_stats_dag.py", line 9, in <module>
    from spark.pergame_stats_spark import pergame_stats
ImportError: cannot import name 'pergame_stats' from 'spark.pergame_stats_spark' (/opt/airflow/scripts/python/spark/pergame_stats_spark.py)
[2025-05-02T22:45:10.715+0000] {processor.py:927} WARNING - No viable dags retrieved from /opt/airflow/dags/pergame_stats_dag.py
[2025-05-02T22:45:10.723+0000] {processor.py:208} INFO - Processing /opt/airflow/dags/pergame_stats_dag.py took 0.053 seconds
[2025-05-02T22:45:41.130+0000] {processor.py:186} INFO - Started process (PID=1040) to work on /opt/airflow/dags/pergame_stats_dag.py
[2025-05-02T22:45:41.131+0000] {processor.py:914} INFO - Processing file /opt/airflow/dags/pergame_stats_dag.py for tasks to queue
[2025-05-02T22:45:41.132+0000] {logging_mixin.py:190} INFO - [2025-05-02T22:45:41.132+0000] {dagbag.py:588} INFO - Filling up the DagBag from /opt/airflow/dags/pergame_stats_dag.py
[2025-05-02T22:45:41.169+0000] {logging_mixin.py:190} INFO - [2025-05-02T22:45:41.168+0000] {dagbag.py:387} ERROR - Failed to import: /opt/airflow/dags/pergame_stats_dag.py
Traceback (most recent call last):
  File "/home/airflow/.local/lib/python3.12/site-packages/airflow/models/dagbag.py", line 383, in parse
    loader.exec_module(new_module)
  File "<frozen importlib._bootstrap_external>", line 999, in exec_module
  File "<frozen importlib._bootstrap>", line 488, in _call_with_frames_removed
  File "/opt/airflow/dags/pergame_stats_dag.py", line 9, in <module>
    from spark.pergame_stats_spark import pergame_stats
ImportError: cannot import name 'pergame_stats' from 'spark.pergame_stats_spark' (/opt/airflow/scripts/python/spark/pergame_stats_spark.py)
[2025-05-02T22:45:41.169+0000] {processor.py:927} WARNING - No viable dags retrieved from /opt/airflow/dags/pergame_stats_dag.py
[2025-05-02T22:45:41.177+0000] {processor.py:208} INFO - Processing /opt/airflow/dags/pergame_stats_dag.py took 0.051 seconds
[2025-05-02T22:46:11.623+0000] {processor.py:186} INFO - Started process (PID=1044) to work on /opt/airflow/dags/pergame_stats_dag.py
[2025-05-02T22:46:11.624+0000] {processor.py:914} INFO - Processing file /opt/airflow/dags/pergame_stats_dag.py for tasks to queue
[2025-05-02T22:46:11.625+0000] {logging_mixin.py:190} INFO - [2025-05-02T22:46:11.625+0000] {dagbag.py:588} INFO - Filling up the DagBag from /opt/airflow/dags/pergame_stats_dag.py
[2025-05-02T22:46:11.662+0000] {logging_mixin.py:190} INFO - [2025-05-02T22:46:11.662+0000] {dagbag.py:387} ERROR - Failed to import: /opt/airflow/dags/pergame_stats_dag.py
Traceback (most recent call last):
  File "/home/airflow/.local/lib/python3.12/site-packages/airflow/models/dagbag.py", line 383, in parse
    loader.exec_module(new_module)
  File "<frozen importlib._bootstrap_external>", line 999, in exec_module
  File "<frozen importlib._bootstrap>", line 488, in _call_with_frames_removed
  File "/opt/airflow/dags/pergame_stats_dag.py", line 9, in <module>
    from spark.pergame_stats_spark import pergame_stats
ImportError: cannot import name 'pergame_stats' from 'spark.pergame_stats_spark' (/opt/airflow/scripts/python/spark/pergame_stats_spark.py)
[2025-05-02T22:46:11.663+0000] {processor.py:927} WARNING - No viable dags retrieved from /opt/airflow/dags/pergame_stats_dag.py
[2025-05-02T22:46:11.671+0000] {processor.py:208} INFO - Processing /opt/airflow/dags/pergame_stats_dag.py took 0.054 seconds
[2025-05-02T22:46:42.125+0000] {processor.py:186} INFO - Started process (PID=1048) to work on /opt/airflow/dags/pergame_stats_dag.py
[2025-05-02T22:46:42.127+0000] {processor.py:914} INFO - Processing file /opt/airflow/dags/pergame_stats_dag.py for tasks to queue
[2025-05-02T22:46:42.128+0000] {logging_mixin.py:190} INFO - [2025-05-02T22:46:42.127+0000] {dagbag.py:588} INFO - Filling up the DagBag from /opt/airflow/dags/pergame_stats_dag.py
[2025-05-02T22:46:42.166+0000] {logging_mixin.py:190} INFO - [2025-05-02T22:46:42.165+0000] {dagbag.py:387} ERROR - Failed to import: /opt/airflow/dags/pergame_stats_dag.py
Traceback (most recent call last):
  File "/home/airflow/.local/lib/python3.12/site-packages/airflow/models/dagbag.py", line 383, in parse
    loader.exec_module(new_module)
  File "<frozen importlib._bootstrap_external>", line 999, in exec_module
  File "<frozen importlib._bootstrap>", line 488, in _call_with_frames_removed
  File "/opt/airflow/dags/pergame_stats_dag.py", line 9, in <module>
    from spark.pergame_stats_spark import pergame_stats
ImportError: cannot import name 'pergame_stats' from 'spark.pergame_stats_spark' (/opt/airflow/scripts/python/spark/pergame_stats_spark.py)
[2025-05-02T22:46:42.166+0000] {processor.py:927} WARNING - No viable dags retrieved from /opt/airflow/dags/pergame_stats_dag.py
[2025-05-02T22:46:42.174+0000] {processor.py:208} INFO - Processing /opt/airflow/dags/pergame_stats_dag.py took 0.054 seconds
[2025-05-02T22:47:12.634+0000] {processor.py:186} INFO - Started process (PID=1052) to work on /opt/airflow/dags/pergame_stats_dag.py
[2025-05-02T22:47:12.635+0000] {processor.py:914} INFO - Processing file /opt/airflow/dags/pergame_stats_dag.py for tasks to queue
[2025-05-02T22:47:12.636+0000] {logging_mixin.py:190} INFO - [2025-05-02T22:47:12.636+0000] {dagbag.py:588} INFO - Filling up the DagBag from /opt/airflow/dags/pergame_stats_dag.py
[2025-05-02T22:47:12.675+0000] {logging_mixin.py:190} INFO - [2025-05-02T22:47:12.674+0000] {dagbag.py:387} ERROR - Failed to import: /opt/airflow/dags/pergame_stats_dag.py
Traceback (most recent call last):
  File "/home/airflow/.local/lib/python3.12/site-packages/airflow/models/dagbag.py", line 383, in parse
    loader.exec_module(new_module)
  File "<frozen importlib._bootstrap_external>", line 999, in exec_module
  File "<frozen importlib._bootstrap>", line 488, in _call_with_frames_removed
  File "/opt/airflow/dags/pergame_stats_dag.py", line 9, in <module>
    from spark.pergame_stats_spark import pergame_stats
ImportError: cannot import name 'pergame_stats' from 'spark.pergame_stats_spark' (/opt/airflow/scripts/python/spark/pergame_stats_spark.py)
[2025-05-02T22:47:12.675+0000] {processor.py:927} WARNING - No viable dags retrieved from /opt/airflow/dags/pergame_stats_dag.py
[2025-05-02T22:47:12.683+0000] {processor.py:208} INFO - Processing /opt/airflow/dags/pergame_stats_dag.py took 0.055 seconds
[2025-05-02T22:47:43.118+0000] {processor.py:186} INFO - Started process (PID=1056) to work on /opt/airflow/dags/pergame_stats_dag.py
[2025-05-02T22:47:43.119+0000] {processor.py:914} INFO - Processing file /opt/airflow/dags/pergame_stats_dag.py for tasks to queue
[2025-05-02T22:47:43.120+0000] {logging_mixin.py:190} INFO - [2025-05-02T22:47:43.120+0000] {dagbag.py:588} INFO - Filling up the DagBag from /opt/airflow/dags/pergame_stats_dag.py
[2025-05-02T22:47:43.158+0000] {logging_mixin.py:190} INFO - [2025-05-02T22:47:43.157+0000] {dagbag.py:387} ERROR - Failed to import: /opt/airflow/dags/pergame_stats_dag.py
Traceback (most recent call last):
  File "/home/airflow/.local/lib/python3.12/site-packages/airflow/models/dagbag.py", line 383, in parse
    loader.exec_module(new_module)
  File "<frozen importlib._bootstrap_external>", line 999, in exec_module
  File "<frozen importlib._bootstrap>", line 488, in _call_with_frames_removed
  File "/opt/airflow/dags/pergame_stats_dag.py", line 9, in <module>
    from spark.pergame_stats_spark import pergame_stats
ImportError: cannot import name 'pergame_stats' from 'spark.pergame_stats_spark' (/opt/airflow/scripts/python/spark/pergame_stats_spark.py)
[2025-05-02T22:47:43.158+0000] {processor.py:927} WARNING - No viable dags retrieved from /opt/airflow/dags/pergame_stats_dag.py
[2025-05-02T22:47:43.166+0000] {processor.py:208} INFO - Processing /opt/airflow/dags/pergame_stats_dag.py took 0.056 seconds
[2025-05-02T22:48:13.637+0000] {processor.py:186} INFO - Started process (PID=1060) to work on /opt/airflow/dags/pergame_stats_dag.py
[2025-05-02T22:48:13.638+0000] {processor.py:914} INFO - Processing file /opt/airflow/dags/pergame_stats_dag.py for tasks to queue
[2025-05-02T22:48:13.639+0000] {logging_mixin.py:190} INFO - [2025-05-02T22:48:13.639+0000] {dagbag.py:588} INFO - Filling up the DagBag from /opt/airflow/dags/pergame_stats_dag.py
[2025-05-02T22:48:13.676+0000] {logging_mixin.py:190} INFO - [2025-05-02T22:48:13.675+0000] {dagbag.py:387} ERROR - Failed to import: /opt/airflow/dags/pergame_stats_dag.py
Traceback (most recent call last):
  File "/home/airflow/.local/lib/python3.12/site-packages/airflow/models/dagbag.py", line 383, in parse
    loader.exec_module(new_module)
  File "<frozen importlib._bootstrap_external>", line 999, in exec_module
  File "<frozen importlib._bootstrap>", line 488, in _call_with_frames_removed
  File "/opt/airflow/dags/pergame_stats_dag.py", line 9, in <module>
    from spark.pergame_stats_spark import pergame_stats
ImportError: cannot import name 'pergame_stats' from 'spark.pergame_stats_spark' (/opt/airflow/scripts/python/spark/pergame_stats_spark.py)
[2025-05-02T22:48:13.676+0000] {processor.py:927} WARNING - No viable dags retrieved from /opt/airflow/dags/pergame_stats_dag.py
[2025-05-02T22:48:13.685+0000] {processor.py:208} INFO - Processing /opt/airflow/dags/pergame_stats_dag.py took 0.055 seconds
[2025-05-02T22:48:44.145+0000] {processor.py:186} INFO - Started process (PID=1064) to work on /opt/airflow/dags/pergame_stats_dag.py
[2025-05-02T22:48:44.146+0000] {processor.py:914} INFO - Processing file /opt/airflow/dags/pergame_stats_dag.py for tasks to queue
[2025-05-02T22:48:44.147+0000] {logging_mixin.py:190} INFO - [2025-05-02T22:48:44.147+0000] {dagbag.py:588} INFO - Filling up the DagBag from /opt/airflow/dags/pergame_stats_dag.py
[2025-05-02T22:48:44.185+0000] {logging_mixin.py:190} INFO - [2025-05-02T22:48:44.184+0000] {dagbag.py:387} ERROR - Failed to import: /opt/airflow/dags/pergame_stats_dag.py
Traceback (most recent call last):
  File "/home/airflow/.local/lib/python3.12/site-packages/airflow/models/dagbag.py", line 383, in parse
    loader.exec_module(new_module)
  File "<frozen importlib._bootstrap_external>", line 999, in exec_module
  File "<frozen importlib._bootstrap>", line 488, in _call_with_frames_removed
  File "/opt/airflow/dags/pergame_stats_dag.py", line 9, in <module>
    from spark.pergame_stats_spark import pergame_stats
ImportError: cannot import name 'pergame_stats' from 'spark.pergame_stats_spark' (/opt/airflow/scripts/python/spark/pergame_stats_spark.py)
[2025-05-02T22:48:44.185+0000] {processor.py:927} WARNING - No viable dags retrieved from /opt/airflow/dags/pergame_stats_dag.py
[2025-05-02T22:48:44.194+0000] {processor.py:208} INFO - Processing /opt/airflow/dags/pergame_stats_dag.py took 0.054 seconds
[2025-05-02T22:49:14.673+0000] {processor.py:186} INFO - Started process (PID=1068) to work on /opt/airflow/dags/pergame_stats_dag.py
[2025-05-02T22:49:14.673+0000] {processor.py:914} INFO - Processing file /opt/airflow/dags/pergame_stats_dag.py for tasks to queue
[2025-05-02T22:49:14.674+0000] {logging_mixin.py:190} INFO - [2025-05-02T22:49:14.674+0000] {dagbag.py:588} INFO - Filling up the DagBag from /opt/airflow/dags/pergame_stats_dag.py
[2025-05-02T22:49:14.712+0000] {logging_mixin.py:190} INFO - [2025-05-02T22:49:14.712+0000] {dagbag.py:387} ERROR - Failed to import: /opt/airflow/dags/pergame_stats_dag.py
Traceback (most recent call last):
  File "/home/airflow/.local/lib/python3.12/site-packages/airflow/models/dagbag.py", line 383, in parse
    loader.exec_module(new_module)
  File "<frozen importlib._bootstrap_external>", line 999, in exec_module
  File "<frozen importlib._bootstrap>", line 488, in _call_with_frames_removed
  File "/opt/airflow/dags/pergame_stats_dag.py", line 9, in <module>
    from spark.pergame_stats_spark import pergame_stats
ImportError: cannot import name 'pergame_stats' from 'spark.pergame_stats_spark' (/opt/airflow/scripts/python/spark/pergame_stats_spark.py)
[2025-05-02T22:49:14.712+0000] {processor.py:927} WARNING - No viable dags retrieved from /opt/airflow/dags/pergame_stats_dag.py
[2025-05-02T22:49:14.721+0000] {processor.py:208} INFO - Processing /opt/airflow/dags/pergame_stats_dag.py took 0.054 seconds
[2025-05-02T22:49:45.154+0000] {processor.py:186} INFO - Started process (PID=1072) to work on /opt/airflow/dags/pergame_stats_dag.py
[2025-05-02T22:49:45.155+0000] {processor.py:914} INFO - Processing file /opt/airflow/dags/pergame_stats_dag.py for tasks to queue
[2025-05-02T22:49:45.156+0000] {logging_mixin.py:190} INFO - [2025-05-02T22:49:45.156+0000] {dagbag.py:588} INFO - Filling up the DagBag from /opt/airflow/dags/pergame_stats_dag.py
[2025-05-02T22:49:45.193+0000] {logging_mixin.py:190} INFO - [2025-05-02T22:49:45.192+0000] {dagbag.py:387} ERROR - Failed to import: /opt/airflow/dags/pergame_stats_dag.py
Traceback (most recent call last):
  File "/home/airflow/.local/lib/python3.12/site-packages/airflow/models/dagbag.py", line 383, in parse
    loader.exec_module(new_module)
  File "<frozen importlib._bootstrap_external>", line 999, in exec_module
  File "<frozen importlib._bootstrap>", line 488, in _call_with_frames_removed
  File "/opt/airflow/dags/pergame_stats_dag.py", line 9, in <module>
    from spark.pergame_stats_spark import pergame_stats
ImportError: cannot import name 'pergame_stats' from 'spark.pergame_stats_spark' (/opt/airflow/scripts/python/spark/pergame_stats_spark.py)
[2025-05-02T22:49:45.193+0000] {processor.py:927} WARNING - No viable dags retrieved from /opt/airflow/dags/pergame_stats_dag.py
[2025-05-02T22:49:45.202+0000] {processor.py:208} INFO - Processing /opt/airflow/dags/pergame_stats_dag.py took 0.054 seconds
[2025-05-02T22:50:15.664+0000] {processor.py:186} INFO - Started process (PID=1076) to work on /opt/airflow/dags/pergame_stats_dag.py
[2025-05-02T22:50:15.665+0000] {processor.py:914} INFO - Processing file /opt/airflow/dags/pergame_stats_dag.py for tasks to queue
[2025-05-02T22:50:15.666+0000] {logging_mixin.py:190} INFO - [2025-05-02T22:50:15.665+0000] {dagbag.py:588} INFO - Filling up the DagBag from /opt/airflow/dags/pergame_stats_dag.py
[2025-05-02T22:50:15.701+0000] {logging_mixin.py:190} INFO - [2025-05-02T22:50:15.701+0000] {dagbag.py:387} ERROR - Failed to import: /opt/airflow/dags/pergame_stats_dag.py
Traceback (most recent call last):
  File "/home/airflow/.local/lib/python3.12/site-packages/airflow/models/dagbag.py", line 383, in parse
    loader.exec_module(new_module)
  File "<frozen importlib._bootstrap_external>", line 999, in exec_module
  File "<frozen importlib._bootstrap>", line 488, in _call_with_frames_removed
  File "/opt/airflow/dags/pergame_stats_dag.py", line 9, in <module>
    from spark.pergame_stats_spark import pergame_stats
ImportError: cannot import name 'pergame_stats' from 'spark.pergame_stats_spark' (/opt/airflow/scripts/python/spark/pergame_stats_spark.py)
[2025-05-02T22:50:15.702+0000] {processor.py:927} WARNING - No viable dags retrieved from /opt/airflow/dags/pergame_stats_dag.py
[2025-05-02T22:50:15.710+0000] {processor.py:208} INFO - Processing /opt/airflow/dags/pergame_stats_dag.py took 0.052 seconds
[2025-05-02T22:50:46.157+0000] {processor.py:186} INFO - Started process (PID=1080) to work on /opt/airflow/dags/pergame_stats_dag.py
[2025-05-02T22:50:46.158+0000] {processor.py:914} INFO - Processing file /opt/airflow/dags/pergame_stats_dag.py for tasks to queue
[2025-05-02T22:50:46.159+0000] {logging_mixin.py:190} INFO - [2025-05-02T22:50:46.159+0000] {dagbag.py:588} INFO - Filling up the DagBag from /opt/airflow/dags/pergame_stats_dag.py
[2025-05-02T22:50:46.196+0000] {logging_mixin.py:190} INFO - [2025-05-02T22:50:46.195+0000] {dagbag.py:387} ERROR - Failed to import: /opt/airflow/dags/pergame_stats_dag.py
Traceback (most recent call last):
  File "/home/airflow/.local/lib/python3.12/site-packages/airflow/models/dagbag.py", line 383, in parse
    loader.exec_module(new_module)
  File "<frozen importlib._bootstrap_external>", line 999, in exec_module
  File "<frozen importlib._bootstrap>", line 488, in _call_with_frames_removed
  File "/opt/airflow/dags/pergame_stats_dag.py", line 9, in <module>
    from spark.pergame_stats_spark import pergame_stats
ImportError: cannot import name 'pergame_stats' from 'spark.pergame_stats_spark' (/opt/airflow/scripts/python/spark/pergame_stats_spark.py)
[2025-05-02T22:50:46.196+0000] {processor.py:927} WARNING - No viable dags retrieved from /opt/airflow/dags/pergame_stats_dag.py
[2025-05-02T22:50:46.205+0000] {processor.py:208} INFO - Processing /opt/airflow/dags/pergame_stats_dag.py took 0.055 seconds
[2025-05-02T22:51:16.663+0000] {processor.py:186} INFO - Started process (PID=1084) to work on /opt/airflow/dags/pergame_stats_dag.py
[2025-05-02T22:51:16.663+0000] {processor.py:914} INFO - Processing file /opt/airflow/dags/pergame_stats_dag.py for tasks to queue
[2025-05-02T22:51:16.664+0000] {logging_mixin.py:190} INFO - [2025-05-02T22:51:16.664+0000] {dagbag.py:588} INFO - Filling up the DagBag from /opt/airflow/dags/pergame_stats_dag.py
[2025-05-02T22:51:16.700+0000] {logging_mixin.py:190} INFO - [2025-05-02T22:51:16.699+0000] {dagbag.py:387} ERROR - Failed to import: /opt/airflow/dags/pergame_stats_dag.py
Traceback (most recent call last):
  File "/home/airflow/.local/lib/python3.12/site-packages/airflow/models/dagbag.py", line 383, in parse
    loader.exec_module(new_module)
  File "<frozen importlib._bootstrap_external>", line 999, in exec_module
  File "<frozen importlib._bootstrap>", line 488, in _call_with_frames_removed
  File "/opt/airflow/dags/pergame_stats_dag.py", line 9, in <module>
    from spark.pergame_stats_spark import pergame_stats
ImportError: cannot import name 'pergame_stats' from 'spark.pergame_stats_spark' (/opt/airflow/scripts/python/spark/pergame_stats_spark.py)
[2025-05-02T22:51:16.700+0000] {processor.py:927} WARNING - No viable dags retrieved from /opt/airflow/dags/pergame_stats_dag.py
[2025-05-02T22:51:16.709+0000] {processor.py:208} INFO - Processing /opt/airflow/dags/pergame_stats_dag.py took 0.051 seconds
[2025-05-02T22:51:47.152+0000] {processor.py:186} INFO - Started process (PID=1088) to work on /opt/airflow/dags/pergame_stats_dag.py
[2025-05-02T22:51:47.153+0000] {processor.py:914} INFO - Processing file /opt/airflow/dags/pergame_stats_dag.py for tasks to queue
[2025-05-02T22:51:47.154+0000] {logging_mixin.py:190} INFO - [2025-05-02T22:51:47.154+0000] {dagbag.py:588} INFO - Filling up the DagBag from /opt/airflow/dags/pergame_stats_dag.py
[2025-05-02T22:51:47.190+0000] {logging_mixin.py:190} INFO - [2025-05-02T22:51:47.190+0000] {dagbag.py:387} ERROR - Failed to import: /opt/airflow/dags/pergame_stats_dag.py
Traceback (most recent call last):
  File "/home/airflow/.local/lib/python3.12/site-packages/airflow/models/dagbag.py", line 383, in parse
    loader.exec_module(new_module)
  File "<frozen importlib._bootstrap_external>", line 999, in exec_module
  File "<frozen importlib._bootstrap>", line 488, in _call_with_frames_removed
  File "/opt/airflow/dags/pergame_stats_dag.py", line 9, in <module>
    from spark.pergame_stats_spark import pergame_stats
ImportError: cannot import name 'pergame_stats' from 'spark.pergame_stats_spark' (/opt/airflow/scripts/python/spark/pergame_stats_spark.py)
[2025-05-02T22:51:47.190+0000] {processor.py:927} WARNING - No viable dags retrieved from /opt/airflow/dags/pergame_stats_dag.py
[2025-05-02T22:51:47.199+0000] {processor.py:208} INFO - Processing /opt/airflow/dags/pergame_stats_dag.py took 0.052 seconds
[2025-05-02T22:52:17.636+0000] {processor.py:186} INFO - Started process (PID=1092) to work on /opt/airflow/dags/pergame_stats_dag.py
[2025-05-02T22:52:17.636+0000] {processor.py:914} INFO - Processing file /opt/airflow/dags/pergame_stats_dag.py for tasks to queue
[2025-05-02T22:52:17.637+0000] {logging_mixin.py:190} INFO - [2025-05-02T22:52:17.637+0000] {dagbag.py:588} INFO - Filling up the DagBag from /opt/airflow/dags/pergame_stats_dag.py
[2025-05-02T22:52:17.676+0000] {logging_mixin.py:190} INFO - [2025-05-02T22:52:17.675+0000] {dagbag.py:387} ERROR - Failed to import: /opt/airflow/dags/pergame_stats_dag.py
Traceback (most recent call last):
  File "/home/airflow/.local/lib/python3.12/site-packages/airflow/models/dagbag.py", line 383, in parse
    loader.exec_module(new_module)
  File "<frozen importlib._bootstrap_external>", line 999, in exec_module
  File "<frozen importlib._bootstrap>", line 488, in _call_with_frames_removed
  File "/opt/airflow/dags/pergame_stats_dag.py", line 9, in <module>
    from spark.pergame_stats_spark import pergame_stats
ImportError: cannot import name 'pergame_stats' from 'spark.pergame_stats_spark' (/opt/airflow/scripts/python/spark/pergame_stats_spark.py)
[2025-05-02T22:52:17.676+0000] {processor.py:927} WARNING - No viable dags retrieved from /opt/airflow/dags/pergame_stats_dag.py
[2025-05-02T22:52:17.684+0000] {processor.py:208} INFO - Processing /opt/airflow/dags/pergame_stats_dag.py took 0.054 seconds
[2025-05-02T22:52:48.170+0000] {processor.py:186} INFO - Started process (PID=1096) to work on /opt/airflow/dags/pergame_stats_dag.py
[2025-05-02T22:52:48.172+0000] {processor.py:914} INFO - Processing file /opt/airflow/dags/pergame_stats_dag.py for tasks to queue
[2025-05-02T22:52:48.174+0000] {logging_mixin.py:190} INFO - [2025-05-02T22:52:48.173+0000] {dagbag.py:588} INFO - Filling up the DagBag from /opt/airflow/dags/pergame_stats_dag.py
[2025-05-02T22:52:48.217+0000] {logging_mixin.py:190} INFO - [2025-05-02T22:52:48.217+0000] {dagbag.py:387} ERROR - Failed to import: /opt/airflow/dags/pergame_stats_dag.py
Traceback (most recent call last):
  File "/home/airflow/.local/lib/python3.12/site-packages/airflow/models/dagbag.py", line 383, in parse
    loader.exec_module(new_module)
  File "<frozen importlib._bootstrap_external>", line 999, in exec_module
  File "<frozen importlib._bootstrap>", line 488, in _call_with_frames_removed
  File "/opt/airflow/dags/pergame_stats_dag.py", line 9, in <module>
    from spark.pergame_stats_spark import pergame_stats
ImportError: cannot import name 'pergame_stats' from 'spark.pergame_stats_spark' (/opt/airflow/scripts/python/spark/pergame_stats_spark.py)
[2025-05-02T22:52:48.218+0000] {processor.py:927} WARNING - No viable dags retrieved from /opt/airflow/dags/pergame_stats_dag.py
[2025-05-02T22:52:48.226+0000] {processor.py:208} INFO - Processing /opt/airflow/dags/pergame_stats_dag.py took 0.064 seconds
[2025-05-02T22:53:18.699+0000] {processor.py:186} INFO - Started process (PID=1100) to work on /opt/airflow/dags/pergame_stats_dag.py
[2025-05-02T22:53:18.700+0000] {processor.py:914} INFO - Processing file /opt/airflow/dags/pergame_stats_dag.py for tasks to queue
[2025-05-02T22:53:18.701+0000] {logging_mixin.py:190} INFO - [2025-05-02T22:53:18.700+0000] {dagbag.py:588} INFO - Filling up the DagBag from /opt/airflow/dags/pergame_stats_dag.py
[2025-05-02T22:53:18.740+0000] {logging_mixin.py:190} INFO - [2025-05-02T22:53:18.739+0000] {dagbag.py:387} ERROR - Failed to import: /opt/airflow/dags/pergame_stats_dag.py
Traceback (most recent call last):
  File "/home/airflow/.local/lib/python3.12/site-packages/airflow/models/dagbag.py", line 383, in parse
    loader.exec_module(new_module)
  File "<frozen importlib._bootstrap_external>", line 999, in exec_module
  File "<frozen importlib._bootstrap>", line 488, in _call_with_frames_removed
  File "/opt/airflow/dags/pergame_stats_dag.py", line 9, in <module>
    from spark.pergame_stats_spark import pergame_stats
ImportError: cannot import name 'pergame_stats' from 'spark.pergame_stats_spark' (/opt/airflow/scripts/python/spark/pergame_stats_spark.py)
[2025-05-02T22:53:18.740+0000] {processor.py:927} WARNING - No viable dags retrieved from /opt/airflow/dags/pergame_stats_dag.py
[2025-05-02T22:53:18.748+0000] {processor.py:208} INFO - Processing /opt/airflow/dags/pergame_stats_dag.py took 0.056 seconds
[2025-05-02T22:53:49.232+0000] {processor.py:186} INFO - Started process (PID=1104) to work on /opt/airflow/dags/pergame_stats_dag.py
[2025-05-02T22:53:49.233+0000] {processor.py:914} INFO - Processing file /opt/airflow/dags/pergame_stats_dag.py for tasks to queue
[2025-05-02T22:53:49.235+0000] {logging_mixin.py:190} INFO - [2025-05-02T22:53:49.234+0000] {dagbag.py:588} INFO - Filling up the DagBag from /opt/airflow/dags/pergame_stats_dag.py
[2025-05-02T22:53:49.279+0000] {logging_mixin.py:190} INFO - [2025-05-02T22:53:49.279+0000] {dagbag.py:387} ERROR - Failed to import: /opt/airflow/dags/pergame_stats_dag.py
Traceback (most recent call last):
  File "/home/airflow/.local/lib/python3.12/site-packages/airflow/models/dagbag.py", line 383, in parse
    loader.exec_module(new_module)
  File "<frozen importlib._bootstrap_external>", line 999, in exec_module
  File "<frozen importlib._bootstrap>", line 488, in _call_with_frames_removed
  File "/opt/airflow/dags/pergame_stats_dag.py", line 9, in <module>
    from spark.pergame_stats_spark import pergame_stats
ImportError: cannot import name 'pergame_stats' from 'spark.pergame_stats_spark' (/opt/airflow/scripts/python/spark/pergame_stats_spark.py)
[2025-05-02T22:53:49.279+0000] {processor.py:927} WARNING - No viable dags retrieved from /opt/airflow/dags/pergame_stats_dag.py
[2025-05-02T22:53:49.289+0000] {processor.py:208} INFO - Processing /opt/airflow/dags/pergame_stats_dag.py took 0.066 seconds
[2025-05-02T22:54:19.797+0000] {processor.py:186} INFO - Started process (PID=1108) to work on /opt/airflow/dags/pergame_stats_dag.py
[2025-05-02T22:54:19.798+0000] {processor.py:914} INFO - Processing file /opt/airflow/dags/pergame_stats_dag.py for tasks to queue
[2025-05-02T22:54:19.801+0000] {logging_mixin.py:190} INFO - [2025-05-02T22:54:19.801+0000] {dagbag.py:588} INFO - Filling up the DagBag from /opt/airflow/dags/pergame_stats_dag.py
[2025-05-02T22:54:19.833+0000] {logging_mixin.py:190} INFO - [2025-05-02T22:54:19.832+0000] {dagbag.py:387} ERROR - Failed to import: /opt/airflow/dags/pergame_stats_dag.py
Traceback (most recent call last):
  File "/home/airflow/.local/lib/python3.12/site-packages/airflow/models/dagbag.py", line 383, in parse
    loader.exec_module(new_module)
  File "<frozen importlib._bootstrap_external>", line 999, in exec_module
  File "<frozen importlib._bootstrap>", line 488, in _call_with_frames_removed
  File "/opt/airflow/dags/pergame_stats_dag.py", line 9, in <module>
    from spark.pergame_stats_spark import pergame_stats
ImportError: cannot import name 'pergame_stats' from 'spark.pergame_stats_spark' (/opt/airflow/scripts/python/spark/pergame_stats_spark.py)
[2025-05-02T22:54:19.833+0000] {processor.py:927} WARNING - No viable dags retrieved from /opt/airflow/dags/pergame_stats_dag.py
[2025-05-02T22:54:19.842+0000] {processor.py:208} INFO - Processing /opt/airflow/dags/pergame_stats_dag.py took 0.051 seconds
[2025-05-02T22:54:50.409+0000] {processor.py:186} INFO - Started process (PID=1112) to work on /opt/airflow/dags/pergame_stats_dag.py
[2025-05-02T22:54:50.411+0000] {processor.py:914} INFO - Processing file /opt/airflow/dags/pergame_stats_dag.py for tasks to queue
[2025-05-02T22:54:50.412+0000] {logging_mixin.py:190} INFO - [2025-05-02T22:54:50.411+0000] {dagbag.py:588} INFO - Filling up the DagBag from /opt/airflow/dags/pergame_stats_dag.py
[2025-05-02T22:54:50.453+0000] {logging_mixin.py:190} INFO - [2025-05-02T22:54:50.452+0000] {dagbag.py:387} ERROR - Failed to import: /opt/airflow/dags/pergame_stats_dag.py
Traceback (most recent call last):
  File "/home/airflow/.local/lib/python3.12/site-packages/airflow/models/dagbag.py", line 383, in parse
    loader.exec_module(new_module)
  File "<frozen importlib._bootstrap_external>", line 999, in exec_module
  File "<frozen importlib._bootstrap>", line 488, in _call_with_frames_removed
  File "/opt/airflow/dags/pergame_stats_dag.py", line 9, in <module>
    from spark.pergame_stats_spark import pergame_stats
ImportError: cannot import name 'pergame_stats' from 'spark.pergame_stats_spark' (/opt/airflow/scripts/python/spark/pergame_stats_spark.py)
[2025-05-02T22:54:50.453+0000] {processor.py:927} WARNING - No viable dags retrieved from /opt/airflow/dags/pergame_stats_dag.py
[2025-05-02T22:54:50.461+0000] {processor.py:208} INFO - Processing /opt/airflow/dags/pergame_stats_dag.py took 0.061 seconds
[2025-05-02T22:55:20.974+0000] {processor.py:186} INFO - Started process (PID=1116) to work on /opt/airflow/dags/pergame_stats_dag.py
[2025-05-02T22:55:20.975+0000] {processor.py:914} INFO - Processing file /opt/airflow/dags/pergame_stats_dag.py for tasks to queue
[2025-05-02T22:55:20.976+0000] {logging_mixin.py:190} INFO - [2025-05-02T22:55:20.976+0000] {dagbag.py:588} INFO - Filling up the DagBag from /opt/airflow/dags/pergame_stats_dag.py
[2025-05-02T22:55:21.016+0000] {logging_mixin.py:190} INFO - [2025-05-02T22:55:21.016+0000] {dagbag.py:387} ERROR - Failed to import: /opt/airflow/dags/pergame_stats_dag.py
Traceback (most recent call last):
  File "/home/airflow/.local/lib/python3.12/site-packages/airflow/models/dagbag.py", line 383, in parse
    loader.exec_module(new_module)
  File "<frozen importlib._bootstrap_external>", line 999, in exec_module
  File "<frozen importlib._bootstrap>", line 488, in _call_with_frames_removed
  File "/opt/airflow/dags/pergame_stats_dag.py", line 9, in <module>
    from spark.pergame_stats_spark import pergame_stats
ImportError: cannot import name 'pergame_stats' from 'spark.pergame_stats_spark' (/opt/airflow/scripts/python/spark/pergame_stats_spark.py)
[2025-05-02T22:55:21.017+0000] {processor.py:927} WARNING - No viable dags retrieved from /opt/airflow/dags/pergame_stats_dag.py
[2025-05-02T22:55:21.025+0000] {processor.py:208} INFO - Processing /opt/airflow/dags/pergame_stats_dag.py took 0.059 seconds
[2025-05-02T22:55:51.536+0000] {processor.py:186} INFO - Started process (PID=1120) to work on /opt/airflow/dags/pergame_stats_dag.py
[2025-05-02T22:55:51.537+0000] {processor.py:914} INFO - Processing file /opt/airflow/dags/pergame_stats_dag.py for tasks to queue
[2025-05-02T22:55:51.539+0000] {logging_mixin.py:190} INFO - [2025-05-02T22:55:51.539+0000] {dagbag.py:588} INFO - Filling up the DagBag from /opt/airflow/dags/pergame_stats_dag.py
[2025-05-02T22:55:51.582+0000] {logging_mixin.py:190} INFO - [2025-05-02T22:55:51.582+0000] {dagbag.py:387} ERROR - Failed to import: /opt/airflow/dags/pergame_stats_dag.py
Traceback (most recent call last):
  File "/home/airflow/.local/lib/python3.12/site-packages/airflow/models/dagbag.py", line 383, in parse
    loader.exec_module(new_module)
  File "<frozen importlib._bootstrap_external>", line 999, in exec_module
  File "<frozen importlib._bootstrap>", line 488, in _call_with_frames_removed
  File "/opt/airflow/dags/pergame_stats_dag.py", line 9, in <module>
    from spark.pergame_stats_spark import pergame_stats
ImportError: cannot import name 'pergame_stats' from 'spark.pergame_stats_spark' (/opt/airflow/scripts/python/spark/pergame_stats_spark.py)
[2025-05-02T22:55:51.583+0000] {processor.py:927} WARNING - No viable dags retrieved from /opt/airflow/dags/pergame_stats_dag.py
[2025-05-02T22:55:51.591+0000] {processor.py:208} INFO - Processing /opt/airflow/dags/pergame_stats_dag.py took 0.064 seconds
[2025-05-02T22:56:22.120+0000] {processor.py:186} INFO - Started process (PID=1124) to work on /opt/airflow/dags/pergame_stats_dag.py
[2025-05-02T22:56:22.121+0000] {processor.py:914} INFO - Processing file /opt/airflow/dags/pergame_stats_dag.py for tasks to queue
[2025-05-02T22:56:22.122+0000] {logging_mixin.py:190} INFO - [2025-05-02T22:56:22.122+0000] {dagbag.py:588} INFO - Filling up the DagBag from /opt/airflow/dags/pergame_stats_dag.py
[2025-05-02T22:56:22.166+0000] {logging_mixin.py:190} INFO - [2025-05-02T22:56:22.166+0000] {dagbag.py:387} ERROR - Failed to import: /opt/airflow/dags/pergame_stats_dag.py
Traceback (most recent call last):
  File "/home/airflow/.local/lib/python3.12/site-packages/airflow/models/dagbag.py", line 383, in parse
    loader.exec_module(new_module)
  File "<frozen importlib._bootstrap_external>", line 999, in exec_module
  File "<frozen importlib._bootstrap>", line 488, in _call_with_frames_removed
  File "/opt/airflow/dags/pergame_stats_dag.py", line 9, in <module>
    from spark.pergame_stats_spark import pergame_stats
ImportError: cannot import name 'pergame_stats' from 'spark.pergame_stats_spark' (/opt/airflow/scripts/python/spark/pergame_stats_spark.py)
[2025-05-02T22:56:22.167+0000] {processor.py:927} WARNING - No viable dags retrieved from /opt/airflow/dags/pergame_stats_dag.py
[2025-05-02T22:56:22.175+0000] {processor.py:208} INFO - Processing /opt/airflow/dags/pergame_stats_dag.py took 0.064 seconds
[2025-05-02T22:56:52.698+0000] {processor.py:186} INFO - Started process (PID=1128) to work on /opt/airflow/dags/pergame_stats_dag.py
[2025-05-02T22:56:52.701+0000] {processor.py:914} INFO - Processing file /opt/airflow/dags/pergame_stats_dag.py for tasks to queue
[2025-05-02T22:56:52.702+0000] {logging_mixin.py:190} INFO - [2025-05-02T22:56:52.702+0000] {dagbag.py:588} INFO - Filling up the DagBag from /opt/airflow/dags/pergame_stats_dag.py
[2025-05-02T22:56:52.744+0000] {logging_mixin.py:190} INFO - [2025-05-02T22:56:52.743+0000] {dagbag.py:387} ERROR - Failed to import: /opt/airflow/dags/pergame_stats_dag.py
Traceback (most recent call last):
  File "/home/airflow/.local/lib/python3.12/site-packages/airflow/models/dagbag.py", line 383, in parse
    loader.exec_module(new_module)
  File "<frozen importlib._bootstrap_external>", line 999, in exec_module
  File "<frozen importlib._bootstrap>", line 488, in _call_with_frames_removed
  File "/opt/airflow/dags/pergame_stats_dag.py", line 9, in <module>
    from spark.pergame_stats_spark import pergame_stats
ImportError: cannot import name 'pergame_stats' from 'spark.pergame_stats_spark' (/opt/airflow/scripts/python/spark/pergame_stats_spark.py)
[2025-05-02T22:56:52.744+0000] {processor.py:927} WARNING - No viable dags retrieved from /opt/airflow/dags/pergame_stats_dag.py
[2025-05-02T22:56:52.753+0000] {processor.py:208} INFO - Processing /opt/airflow/dags/pergame_stats_dag.py took 0.063 seconds
[2025-05-02T22:57:23.281+0000] {processor.py:186} INFO - Started process (PID=1132) to work on /opt/airflow/dags/pergame_stats_dag.py
[2025-05-02T22:57:23.282+0000] {processor.py:914} INFO - Processing file /opt/airflow/dags/pergame_stats_dag.py for tasks to queue
[2025-05-02T22:57:23.283+0000] {logging_mixin.py:190} INFO - [2025-05-02T22:57:23.283+0000] {dagbag.py:588} INFO - Filling up the DagBag from /opt/airflow/dags/pergame_stats_dag.py
[2025-05-02T22:57:23.327+0000] {logging_mixin.py:190} INFO - [2025-05-02T22:57:23.326+0000] {dagbag.py:387} ERROR - Failed to import: /opt/airflow/dags/pergame_stats_dag.py
Traceback (most recent call last):
  File "/home/airflow/.local/lib/python3.12/site-packages/airflow/models/dagbag.py", line 383, in parse
    loader.exec_module(new_module)
  File "<frozen importlib._bootstrap_external>", line 999, in exec_module
  File "<frozen importlib._bootstrap>", line 488, in _call_with_frames_removed
  File "/opt/airflow/dags/pergame_stats_dag.py", line 9, in <module>
    from spark.pergame_stats_spark import pergame_stats
ImportError: cannot import name 'pergame_stats' from 'spark.pergame_stats_spark' (/opt/airflow/scripts/python/spark/pergame_stats_spark.py)
[2025-05-02T22:57:23.327+0000] {processor.py:927} WARNING - No viable dags retrieved from /opt/airflow/dags/pergame_stats_dag.py
[2025-05-02T22:57:23.335+0000] {processor.py:208} INFO - Processing /opt/airflow/dags/pergame_stats_dag.py took 0.065 seconds
[2025-05-02T22:57:53.862+0000] {processor.py:186} INFO - Started process (PID=1136) to work on /opt/airflow/dags/pergame_stats_dag.py
[2025-05-02T22:57:53.863+0000] {processor.py:914} INFO - Processing file /opt/airflow/dags/pergame_stats_dag.py for tasks to queue
[2025-05-02T22:57:53.864+0000] {logging_mixin.py:190} INFO - [2025-05-02T22:57:53.864+0000] {dagbag.py:588} INFO - Filling up the DagBag from /opt/airflow/dags/pergame_stats_dag.py
[2025-05-02T22:57:53.910+0000] {logging_mixin.py:190} INFO - [2025-05-02T22:57:53.910+0000] {dagbag.py:387} ERROR - Failed to import: /opt/airflow/dags/pergame_stats_dag.py
Traceback (most recent call last):
  File "/home/airflow/.local/lib/python3.12/site-packages/airflow/models/dagbag.py", line 383, in parse
    loader.exec_module(new_module)
  File "<frozen importlib._bootstrap_external>", line 999, in exec_module
  File "<frozen importlib._bootstrap>", line 488, in _call_with_frames_removed
  File "/opt/airflow/dags/pergame_stats_dag.py", line 9, in <module>
    from spark.pergame_stats_spark import pergame_stats
ImportError: cannot import name 'pergame_stats' from 'spark.pergame_stats_spark' (/opt/airflow/scripts/python/spark/pergame_stats_spark.py)
[2025-05-02T22:57:53.910+0000] {processor.py:927} WARNING - No viable dags retrieved from /opt/airflow/dags/pergame_stats_dag.py
[2025-05-02T22:57:53.921+0000] {processor.py:208} INFO - Processing /opt/airflow/dags/pergame_stats_dag.py took 0.067 seconds
[2025-05-02T22:58:24.410+0000] {processor.py:186} INFO - Started process (PID=1140) to work on /opt/airflow/dags/pergame_stats_dag.py
[2025-05-02T22:58:24.411+0000] {processor.py:914} INFO - Processing file /opt/airflow/dags/pergame_stats_dag.py for tasks to queue
[2025-05-02T22:58:24.414+0000] {logging_mixin.py:190} INFO - [2025-05-02T22:58:24.412+0000] {dagbag.py:588} INFO - Filling up the DagBag from /opt/airflow/dags/pergame_stats_dag.py
[2025-05-02T22:58:24.460+0000] {logging_mixin.py:190} INFO - [2025-05-02T22:58:24.459+0000] {dagbag.py:387} ERROR - Failed to import: /opt/airflow/dags/pergame_stats_dag.py
Traceback (most recent call last):
  File "/home/airflow/.local/lib/python3.12/site-packages/airflow/models/dagbag.py", line 383, in parse
    loader.exec_module(new_module)
  File "<frozen importlib._bootstrap_external>", line 999, in exec_module
  File "<frozen importlib._bootstrap>", line 488, in _call_with_frames_removed
  File "/opt/airflow/dags/pergame_stats_dag.py", line 9, in <module>
    from spark.pergame_stats_spark import pergame_stats
ImportError: cannot import name 'pergame_stats' from 'spark.pergame_stats_spark' (/opt/airflow/scripts/python/spark/pergame_stats_spark.py)
[2025-05-02T22:58:24.460+0000] {processor.py:927} WARNING - No viable dags retrieved from /opt/airflow/dags/pergame_stats_dag.py
[2025-05-02T22:58:24.468+0000] {processor.py:208} INFO - Processing /opt/airflow/dags/pergame_stats_dag.py took 0.067 seconds
[2025-05-02T22:58:54.793+0000] {processor.py:186} INFO - Started process (PID=1144) to work on /opt/airflow/dags/pergame_stats_dag.py
[2025-05-02T22:58:54.794+0000] {processor.py:914} INFO - Processing file /opt/airflow/dags/pergame_stats_dag.py for tasks to queue
[2025-05-02T22:58:54.796+0000] {logging_mixin.py:190} INFO - [2025-05-02T22:58:54.795+0000] {dagbag.py:588} INFO - Filling up the DagBag from /opt/airflow/dags/pergame_stats_dag.py
[2025-05-02T22:58:54.837+0000] {logging_mixin.py:190} INFO - [2025-05-02T22:58:54.837+0000] {dagbag.py:387} ERROR - Failed to import: /opt/airflow/dags/pergame_stats_dag.py
Traceback (most recent call last):
  File "/home/airflow/.local/lib/python3.12/site-packages/airflow/models/dagbag.py", line 383, in parse
    loader.exec_module(new_module)
  File "<frozen importlib._bootstrap_external>", line 999, in exec_module
  File "<frozen importlib._bootstrap>", line 488, in _call_with_frames_removed
  File "/opt/airflow/dags/pergame_stats_dag.py", line 9, in <module>
    from spark.pergame_stats_spark import pergame_stats
ImportError: cannot import name 'pergame_stats' from 'spark.pergame_stats_spark' (/opt/airflow/scripts/python/spark/pergame_stats_spark.py)
[2025-05-02T22:58:54.838+0000] {processor.py:927} WARNING - No viable dags retrieved from /opt/airflow/dags/pergame_stats_dag.py
[2025-05-02T22:58:54.847+0000] {processor.py:208} INFO - Processing /opt/airflow/dags/pergame_stats_dag.py took 0.060 seconds
[2025-05-02T22:59:25.193+0000] {processor.py:186} INFO - Started process (PID=1148) to work on /opt/airflow/dags/pergame_stats_dag.py
[2025-05-02T22:59:25.194+0000] {processor.py:914} INFO - Processing file /opt/airflow/dags/pergame_stats_dag.py for tasks to queue
[2025-05-02T22:59:25.195+0000] {logging_mixin.py:190} INFO - [2025-05-02T22:59:25.195+0000] {dagbag.py:588} INFO - Filling up the DagBag from /opt/airflow/dags/pergame_stats_dag.py
[2025-05-02T22:59:25.228+0000] {logging_mixin.py:190} INFO - [2025-05-02T22:59:25.228+0000] {dagbag.py:387} ERROR - Failed to import: /opt/airflow/dags/pergame_stats_dag.py
Traceback (most recent call last):
  File "/home/airflow/.local/lib/python3.12/site-packages/airflow/models/dagbag.py", line 383, in parse
    loader.exec_module(new_module)
  File "<frozen importlib._bootstrap_external>", line 999, in exec_module
  File "<frozen importlib._bootstrap>", line 488, in _call_with_frames_removed
  File "/opt/airflow/dags/pergame_stats_dag.py", line 9, in <module>
    from spark.pergame_stats_spark import pergame_stats
ImportError: cannot import name 'pergame_stats' from 'spark.pergame_stats_spark' (/opt/airflow/scripts/python/spark/pergame_stats_spark.py)
[2025-05-02T22:59:25.229+0000] {processor.py:927} WARNING - No viable dags retrieved from /opt/airflow/dags/pergame_stats_dag.py
[2025-05-02T22:59:25.237+0000] {processor.py:208} INFO - Processing /opt/airflow/dags/pergame_stats_dag.py took 0.047 seconds
[2025-05-02T22:59:55.647+0000] {processor.py:186} INFO - Started process (PID=1152) to work on /opt/airflow/dags/pergame_stats_dag.py
[2025-05-02T22:59:55.648+0000] {processor.py:914} INFO - Processing file /opt/airflow/dags/pergame_stats_dag.py for tasks to queue
[2025-05-02T22:59:55.649+0000] {logging_mixin.py:190} INFO - [2025-05-02T22:59:55.649+0000] {dagbag.py:588} INFO - Filling up the DagBag from /opt/airflow/dags/pergame_stats_dag.py
[2025-05-02T22:59:55.687+0000] {logging_mixin.py:190} INFO - [2025-05-02T22:59:55.687+0000] {dagbag.py:387} ERROR - Failed to import: /opt/airflow/dags/pergame_stats_dag.py
Traceback (most recent call last):
  File "/home/airflow/.local/lib/python3.12/site-packages/airflow/models/dagbag.py", line 383, in parse
    loader.exec_module(new_module)
  File "<frozen importlib._bootstrap_external>", line 999, in exec_module
  File "<frozen importlib._bootstrap>", line 488, in _call_with_frames_removed
  File "/opt/airflow/dags/pergame_stats_dag.py", line 9, in <module>
    from spark.pergame_stats_spark import pergame_stats
ImportError: cannot import name 'pergame_stats' from 'spark.pergame_stats_spark' (/opt/airflow/scripts/python/spark/pergame_stats_spark.py)
[2025-05-02T22:59:55.687+0000] {processor.py:927} WARNING - No viable dags retrieved from /opt/airflow/dags/pergame_stats_dag.py
[2025-05-02T22:59:55.695+0000] {processor.py:208} INFO - Processing /opt/airflow/dags/pergame_stats_dag.py took 0.054 seconds
[2025-05-02T23:00:26.070+0000] {processor.py:186} INFO - Started process (PID=1156) to work on /opt/airflow/dags/pergame_stats_dag.py
[2025-05-02T23:00:26.071+0000] {processor.py:914} INFO - Processing file /opt/airflow/dags/pergame_stats_dag.py for tasks to queue
[2025-05-02T23:00:26.072+0000] {logging_mixin.py:190} INFO - [2025-05-02T23:00:26.071+0000] {dagbag.py:588} INFO - Filling up the DagBag from /opt/airflow/dags/pergame_stats_dag.py
[2025-05-02T23:00:26.112+0000] {processor.py:925} INFO - DAG(s) 'nba_stats_dag' retrieved from /opt/airflow/dags/pergame_stats_dag.py
[2025-05-02T23:00:26.165+0000] {logging_mixin.py:190} INFO - [2025-05-02T23:00:26.165+0000] {dag.py:3239} INFO - Sync 1 DAGs
[2025-05-02T23:00:26.170+0000] {logging_mixin.py:190} INFO - [2025-05-02T23:00:26.170+0000] {dag.py:4180} INFO - Setting next_dagrun for nba_stats_dag to None, run_after=None
[2025-05-02T23:00:26.177+0000] {processor.py:208} INFO - Processing /opt/airflow/dags/pergame_stats_dag.py took 0.113 seconds
[2025-05-02T23:00:56.503+0000] {processor.py:186} INFO - Started process (PID=1160) to work on /opt/airflow/dags/pergame_stats_dag.py
[2025-05-02T23:00:56.504+0000] {processor.py:914} INFO - Processing file /opt/airflow/dags/pergame_stats_dag.py for tasks to queue
[2025-05-02T23:00:56.506+0000] {logging_mixin.py:190} INFO - [2025-05-02T23:00:56.506+0000] {dagbag.py:588} INFO - Filling up the DagBag from /opt/airflow/dags/pergame_stats_dag.py
[2025-05-02T23:00:56.545+0000] {processor.py:925} INFO - DAG(s) 'nba_stats_dag' retrieved from /opt/airflow/dags/pergame_stats_dag.py
[2025-05-02T23:00:56.554+0000] {logging_mixin.py:190} INFO - [2025-05-02T23:00:56.554+0000] {dag.py:3239} INFO - Sync 1 DAGs
[2025-05-02T23:00:56.560+0000] {logging_mixin.py:190} INFO - [2025-05-02T23:00:56.559+0000] {dag.py:4180} INFO - Setting next_dagrun for nba_stats_dag to None, run_after=None
[2025-05-02T23:00:56.566+0000] {processor.py:208} INFO - Processing /opt/airflow/dags/pergame_stats_dag.py took 0.068 seconds
[2025-05-02T23:01:26.970+0000] {processor.py:186} INFO - Started process (PID=1164) to work on /opt/airflow/dags/pergame_stats_dag.py
[2025-05-02T23:01:26.971+0000] {processor.py:914} INFO - Processing file /opt/airflow/dags/pergame_stats_dag.py for tasks to queue
[2025-05-02T23:01:26.972+0000] {logging_mixin.py:190} INFO - [2025-05-02T23:01:26.972+0000] {dagbag.py:588} INFO - Filling up the DagBag from /opt/airflow/dags/pergame_stats_dag.py
[2025-05-02T23:01:27.016+0000] {processor.py:925} INFO - DAG(s) 'nba_stats_dag' retrieved from /opt/airflow/dags/pergame_stats_dag.py
[2025-05-02T23:01:27.025+0000] {logging_mixin.py:190} INFO - [2025-05-02T23:01:27.025+0000] {dag.py:3239} INFO - Sync 1 DAGs
[2025-05-02T23:01:27.030+0000] {logging_mixin.py:190} INFO - [2025-05-02T23:01:27.030+0000] {dag.py:4180} INFO - Setting next_dagrun for nba_stats_dag to None, run_after=None
[2025-05-02T23:01:27.037+0000] {processor.py:208} INFO - Processing /opt/airflow/dags/pergame_stats_dag.py took 0.075 seconds
[2025-05-02T23:01:57.519+0000] {processor.py:186} INFO - Started process (PID=1168) to work on /opt/airflow/dags/pergame_stats_dag.py
[2025-05-02T23:01:57.521+0000] {processor.py:914} INFO - Processing file /opt/airflow/dags/pergame_stats_dag.py for tasks to queue
[2025-05-02T23:01:57.523+0000] {logging_mixin.py:190} INFO - [2025-05-02T23:01:57.522+0000] {dagbag.py:588} INFO - Filling up the DagBag from /opt/airflow/dags/pergame_stats_dag.py
[2025-05-02T23:01:57.568+0000] {processor.py:925} INFO - DAG(s) 'nba_stats_dag' retrieved from /opt/airflow/dags/pergame_stats_dag.py
[2025-05-02T23:01:57.577+0000] {logging_mixin.py:190} INFO - [2025-05-02T23:01:57.576+0000] {dag.py:3239} INFO - Sync 1 DAGs
[2025-05-02T23:01:57.582+0000] {logging_mixin.py:190} INFO - [2025-05-02T23:01:57.582+0000] {dag.py:4180} INFO - Setting next_dagrun for nba_stats_dag to None, run_after=None
[2025-05-02T23:01:57.589+0000] {processor.py:208} INFO - Processing /opt/airflow/dags/pergame_stats_dag.py took 0.078 seconds
[2025-05-02T23:02:27.954+0000] {processor.py:186} INFO - Started process (PID=1172) to work on /opt/airflow/dags/pergame_stats_dag.py
[2025-05-02T23:02:27.955+0000] {processor.py:914} INFO - Processing file /opt/airflow/dags/pergame_stats_dag.py for tasks to queue
[2025-05-02T23:02:27.956+0000] {logging_mixin.py:190} INFO - [2025-05-02T23:02:27.955+0000] {dagbag.py:588} INFO - Filling up the DagBag from /opt/airflow/dags/pergame_stats_dag.py
[2025-05-02T23:02:27.995+0000] {processor.py:925} INFO - DAG(s) 'nba_stats_dag' retrieved from /opt/airflow/dags/pergame_stats_dag.py
[2025-05-02T23:02:28.004+0000] {logging_mixin.py:190} INFO - [2025-05-02T23:02:28.004+0000] {dag.py:3239} INFO - Sync 1 DAGs
[2025-05-02T23:02:28.009+0000] {logging_mixin.py:190} INFO - [2025-05-02T23:02:28.009+0000] {dag.py:4180} INFO - Setting next_dagrun for nba_stats_dag to None, run_after=None
[2025-05-02T23:02:28.016+0000] {processor.py:208} INFO - Processing /opt/airflow/dags/pergame_stats_dag.py took 0.067 seconds
[2025-05-02T23:02:58.315+0000] {processor.py:186} INFO - Started process (PID=1176) to work on /opt/airflow/dags/pergame_stats_dag.py
[2025-05-02T23:02:58.316+0000] {processor.py:914} INFO - Processing file /opt/airflow/dags/pergame_stats_dag.py for tasks to queue
[2025-05-02T23:02:58.318+0000] {logging_mixin.py:190} INFO - [2025-05-02T23:02:58.318+0000] {dagbag.py:588} INFO - Filling up the DagBag from /opt/airflow/dags/pergame_stats_dag.py
[2025-05-02T23:02:58.358+0000] {processor.py:925} INFO - DAG(s) 'nba_stats_dag' retrieved from /opt/airflow/dags/pergame_stats_dag.py
[2025-05-02T23:02:58.367+0000] {logging_mixin.py:190} INFO - [2025-05-02T23:02:58.367+0000] {dag.py:3239} INFO - Sync 1 DAGs
[2025-05-02T23:02:58.373+0000] {logging_mixin.py:190} INFO - [2025-05-02T23:02:58.372+0000] {dag.py:4180} INFO - Setting next_dagrun for nba_stats_dag to None, run_after=None
[2025-05-02T23:02:58.379+0000] {processor.py:208} INFO - Processing /opt/airflow/dags/pergame_stats_dag.py took 0.069 seconds
[2025-05-02T23:03:28.670+0000] {processor.py:186} INFO - Started process (PID=1180) to work on /opt/airflow/dags/pergame_stats_dag.py
[2025-05-02T23:03:28.670+0000] {processor.py:914} INFO - Processing file /opt/airflow/dags/pergame_stats_dag.py for tasks to queue
[2025-05-02T23:03:28.671+0000] {logging_mixin.py:190} INFO - [2025-05-02T23:03:28.671+0000] {dagbag.py:588} INFO - Filling up the DagBag from /opt/airflow/dags/pergame_stats_dag.py
[2025-05-02T23:03:28.711+0000] {processor.py:925} INFO - DAG(s) 'nba_stats_dag' retrieved from /opt/airflow/dags/pergame_stats_dag.py
[2025-05-02T23:03:28.722+0000] {logging_mixin.py:190} INFO - [2025-05-02T23:03:28.722+0000] {dag.py:3239} INFO - Sync 1 DAGs
[2025-05-02T23:03:28.729+0000] {logging_mixin.py:190} INFO - [2025-05-02T23:03:28.729+0000] {dag.py:4180} INFO - Setting next_dagrun for nba_stats_dag to None, run_after=None
[2025-05-02T23:03:28.737+0000] {processor.py:208} INFO - Processing /opt/airflow/dags/pergame_stats_dag.py took 0.071 seconds
[2025-05-02T23:03:59.090+0000] {processor.py:186} INFO - Started process (PID=1184) to work on /opt/airflow/dags/pergame_stats_dag.py
[2025-05-02T23:03:59.091+0000] {processor.py:914} INFO - Processing file /opt/airflow/dags/pergame_stats_dag.py for tasks to queue
[2025-05-02T23:03:59.092+0000] {logging_mixin.py:190} INFO - [2025-05-02T23:03:59.092+0000] {dagbag.py:588} INFO - Filling up the DagBag from /opt/airflow/dags/pergame_stats_dag.py
[2025-05-02T23:03:59.131+0000] {processor.py:925} INFO - DAG(s) 'nba_stats_dag' retrieved from /opt/airflow/dags/pergame_stats_dag.py
[2025-05-02T23:03:59.140+0000] {logging_mixin.py:190} INFO - [2025-05-02T23:03:59.140+0000] {dag.py:3239} INFO - Sync 1 DAGs
[2025-05-02T23:03:59.146+0000] {logging_mixin.py:190} INFO - [2025-05-02T23:03:59.146+0000] {dag.py:4180} INFO - Setting next_dagrun for nba_stats_dag to None, run_after=None
[2025-05-02T23:03:59.152+0000] {processor.py:208} INFO - Processing /opt/airflow/dags/pergame_stats_dag.py took 0.068 seconds
[2025-05-02T23:04:29.455+0000] {processor.py:186} INFO - Started process (PID=1188) to work on /opt/airflow/dags/pergame_stats_dag.py
[2025-05-02T23:04:29.456+0000] {processor.py:914} INFO - Processing file /opt/airflow/dags/pergame_stats_dag.py for tasks to queue
[2025-05-02T23:04:29.457+0000] {logging_mixin.py:190} INFO - [2025-05-02T23:04:29.456+0000] {dagbag.py:588} INFO - Filling up the DagBag from /opt/airflow/dags/pergame_stats_dag.py
[2025-05-02T23:04:29.494+0000] {processor.py:925} INFO - DAG(s) 'nba_stats_dag' retrieved from /opt/airflow/dags/pergame_stats_dag.py
[2025-05-02T23:04:29.504+0000] {logging_mixin.py:190} INFO - [2025-05-02T23:04:29.504+0000] {dag.py:3239} INFO - Sync 1 DAGs
[2025-05-02T23:04:29.510+0000] {logging_mixin.py:190} INFO - [2025-05-02T23:04:29.510+0000] {dag.py:4180} INFO - Setting next_dagrun for nba_stats_dag to None, run_after=None
[2025-05-02T23:04:29.517+0000] {processor.py:208} INFO - Processing /opt/airflow/dags/pergame_stats_dag.py took 0.066 seconds
[2025-05-02T23:04:59.870+0000] {processor.py:186} INFO - Started process (PID=1192) to work on /opt/airflow/dags/pergame_stats_dag.py
[2025-05-02T23:04:59.870+0000] {processor.py:914} INFO - Processing file /opt/airflow/dags/pergame_stats_dag.py for tasks to queue
[2025-05-02T23:04:59.871+0000] {logging_mixin.py:190} INFO - [2025-05-02T23:04:59.871+0000] {dagbag.py:588} INFO - Filling up the DagBag from /opt/airflow/dags/pergame_stats_dag.py
[2025-05-02T23:04:59.909+0000] {processor.py:925} INFO - DAG(s) 'nba_stats_dag' retrieved from /opt/airflow/dags/pergame_stats_dag.py
[2025-05-02T23:04:59.919+0000] {logging_mixin.py:190} INFO - [2025-05-02T23:04:59.919+0000] {dag.py:3239} INFO - Sync 1 DAGs
[2025-05-02T23:04:59.925+0000] {logging_mixin.py:190} INFO - [2025-05-02T23:04:59.925+0000] {dag.py:4180} INFO - Setting next_dagrun for nba_stats_dag to None, run_after=None
[2025-05-02T23:04:59.932+0000] {processor.py:208} INFO - Processing /opt/airflow/dags/pergame_stats_dag.py took 0.066 seconds
[2025-05-02T23:05:18.717+0000] {processor.py:186} INFO - Started process (PID=36) to work on /opt/airflow/dags/pergame_stats_dag.py
[2025-05-02T23:05:18.717+0000] {processor.py:914} INFO - Processing file /opt/airflow/dags/pergame_stats_dag.py for tasks to queue
[2025-05-02T23:05:18.717+0000] {logging_mixin.py:190} INFO - [2025-05-02T23:05:18.717+0000] {dagbag.py:588} INFO - Filling up the DagBag from /opt/airflow/dags/pergame_stats_dag.py
[2025-05-02T23:05:18.748+0000] {processor.py:925} INFO - DAG(s) 'nba_stats_dag' retrieved from /opt/airflow/dags/pergame_stats_dag.py
[2025-05-02T23:05:18.758+0000] {logging_mixin.py:190} INFO - [2025-05-02T23:05:18.758+0000] {dag.py:3239} INFO - Sync 1 DAGs
[2025-05-02T23:05:18.763+0000] {logging_mixin.py:190} INFO - [2025-05-02T23:05:18.763+0000] {dag.py:4180} INFO - Setting next_dagrun for nba_stats_dag to None, run_after=None
[2025-05-02T23:05:18.769+0000] {processor.py:208} INFO - Processing /opt/airflow/dags/pergame_stats_dag.py took 0.054 seconds
[2025-05-02T23:05:49.037+0000] {processor.py:186} INFO - Started process (PID=41) to work on /opt/airflow/dags/pergame_stats_dag.py
[2025-05-02T23:05:49.038+0000] {processor.py:914} INFO - Processing file /opt/airflow/dags/pergame_stats_dag.py for tasks to queue
[2025-05-02T23:05:49.039+0000] {logging_mixin.py:190} INFO - [2025-05-02T23:05:49.039+0000] {dagbag.py:588} INFO - Filling up the DagBag from /opt/airflow/dags/pergame_stats_dag.py
[2025-05-02T23:05:49.080+0000] {processor.py:925} INFO - DAG(s) 'nba_stats_dag' retrieved from /opt/airflow/dags/pergame_stats_dag.py
[2025-05-02T23:05:49.090+0000] {logging_mixin.py:190} INFO - [2025-05-02T23:05:49.090+0000] {dag.py:3239} INFO - Sync 1 DAGs
[2025-05-02T23:05:49.096+0000] {logging_mixin.py:190} INFO - [2025-05-02T23:05:49.096+0000] {dag.py:4180} INFO - Setting next_dagrun for nba_stats_dag to None, run_after=None
[2025-05-02T23:05:49.103+0000] {processor.py:208} INFO - Processing /opt/airflow/dags/pergame_stats_dag.py took 0.069 seconds
[2025-05-02T23:06:19.578+0000] {processor.py:186} INFO - Started process (PID=46) to work on /opt/airflow/dags/pergame_stats_dag.py
[2025-05-02T23:06:19.579+0000] {processor.py:914} INFO - Processing file /opt/airflow/dags/pergame_stats_dag.py for tasks to queue
[2025-05-02T23:06:19.579+0000] {logging_mixin.py:190} INFO - [2025-05-02T23:06:19.579+0000] {dagbag.py:588} INFO - Filling up the DagBag from /opt/airflow/dags/pergame_stats_dag.py
[2025-05-02T23:06:19.622+0000] {processor.py:925} INFO - DAG(s) 'nba_stats_dag' retrieved from /opt/airflow/dags/pergame_stats_dag.py
[2025-05-02T23:06:19.633+0000] {logging_mixin.py:190} INFO - [2025-05-02T23:06:19.632+0000] {dag.py:3239} INFO - Sync 1 DAGs
[2025-05-02T23:06:19.640+0000] {logging_mixin.py:190} INFO - [2025-05-02T23:06:19.640+0000] {dag.py:4180} INFO - Setting next_dagrun for nba_stats_dag to None, run_after=None
[2025-05-02T23:06:19.729+0000] {processor.py:208} INFO - Processing /opt/airflow/dags/pergame_stats_dag.py took 0.156 seconds
[2025-05-02T23:06:50.095+0000] {processor.py:186} INFO - Started process (PID=51) to work on /opt/airflow/dags/pergame_stats_dag.py
[2025-05-02T23:06:50.096+0000] {processor.py:914} INFO - Processing file /opt/airflow/dags/pergame_stats_dag.py for tasks to queue
[2025-05-02T23:06:50.096+0000] {logging_mixin.py:190} INFO - [2025-05-02T23:06:50.096+0000] {dagbag.py:588} INFO - Filling up the DagBag from /opt/airflow/dags/pergame_stats_dag.py
[2025-05-02T23:06:50.138+0000] {processor.py:925} INFO - DAG(s) 'nba_stats_dag' retrieved from /opt/airflow/dags/pergame_stats_dag.py
[2025-05-02T23:06:50.148+0000] {logging_mixin.py:190} INFO - [2025-05-02T23:06:50.148+0000] {dag.py:3239} INFO - Sync 1 DAGs
[2025-05-02T23:06:50.224+0000] {logging_mixin.py:190} INFO - [2025-05-02T23:06:50.224+0000] {dag.py:4180} INFO - Setting next_dagrun for nba_stats_dag to None, run_after=None
[2025-05-02T23:06:50.231+0000] {processor.py:208} INFO - Processing /opt/airflow/dags/pergame_stats_dag.py took 0.140 seconds
[2025-05-02T23:07:20.557+0000] {processor.py:186} INFO - Started process (PID=56) to work on /opt/airflow/dags/pergame_stats_dag.py
[2025-05-02T23:07:20.557+0000] {processor.py:914} INFO - Processing file /opt/airflow/dags/pergame_stats_dag.py for tasks to queue
[2025-05-02T23:07:20.558+0000] {logging_mixin.py:190} INFO - [2025-05-02T23:07:20.558+0000] {dagbag.py:588} INFO - Filling up the DagBag from /opt/airflow/dags/pergame_stats_dag.py
[2025-05-02T23:07:20.594+0000] {processor.py:925} INFO - DAG(s) 'nba_stats_dag' retrieved from /opt/airflow/dags/pergame_stats_dag.py
[2025-05-02T23:07:20.679+0000] {logging_mixin.py:190} INFO - [2025-05-02T23:07:20.679+0000] {dag.py:3239} INFO - Sync 1 DAGs
[2025-05-02T23:07:20.683+0000] {logging_mixin.py:190} INFO - [2025-05-02T23:07:20.683+0000] {dag.py:4180} INFO - Setting next_dagrun for nba_stats_dag to None, run_after=None
[2025-05-02T23:07:20.689+0000] {processor.py:208} INFO - Processing /opt/airflow/dags/pergame_stats_dag.py took 0.136 seconds
[2025-05-02T23:07:51.077+0000] {processor.py:186} INFO - Started process (PID=61) to work on /opt/airflow/dags/pergame_stats_dag.py
[2025-05-02T23:07:51.078+0000] {processor.py:914} INFO - Processing file /opt/airflow/dags/pergame_stats_dag.py for tasks to queue
[2025-05-02T23:07:51.078+0000] {logging_mixin.py:190} INFO - [2025-05-02T23:07:51.078+0000] {dagbag.py:588} INFO - Filling up the DagBag from /opt/airflow/dags/pergame_stats_dag.py
[2025-05-02T23:07:51.185+0000] {processor.py:925} INFO - DAG(s) 'nba_stats_dag' retrieved from /opt/airflow/dags/pergame_stats_dag.py
[2025-05-02T23:07:51.194+0000] {logging_mixin.py:190} INFO - [2025-05-02T23:07:51.194+0000] {dag.py:3239} INFO - Sync 1 DAGs
[2025-05-02T23:07:51.198+0000] {logging_mixin.py:190} INFO - [2025-05-02T23:07:51.198+0000] {dag.py:4180} INFO - Setting next_dagrun for nba_stats_dag to None, run_after=None
[2025-05-02T23:07:51.204+0000] {processor.py:208} INFO - Processing /opt/airflow/dags/pergame_stats_dag.py took 0.131 seconds
[2025-05-02T23:08:03.033+0000] {processor.py:186} INFO - Started process (PID=36) to work on /opt/airflow/dags/pergame_stats_dag.py
[2025-05-02T23:08:03.034+0000] {processor.py:914} INFO - Processing file /opt/airflow/dags/pergame_stats_dag.py for tasks to queue
[2025-05-02T23:08:03.034+0000] {logging_mixin.py:190} INFO - [2025-05-02T23:08:03.034+0000] {dagbag.py:588} INFO - Filling up the DagBag from /opt/airflow/dags/pergame_stats_dag.py
[2025-05-02T23:08:03.070+0000] {processor.py:925} INFO - DAG(s) 'nba_stats_dag' retrieved from /opt/airflow/dags/pergame_stats_dag.py
[2025-05-02T23:08:03.082+0000] {logging_mixin.py:190} INFO - [2025-05-02T23:08:03.082+0000] {dag.py:3239} INFO - Sync 1 DAGs
[2025-05-02T23:08:03.089+0000] {logging_mixin.py:190} INFO - [2025-05-02T23:08:03.089+0000] {dag.py:4180} INFO - Setting next_dagrun for nba_stats_dag to None, run_after=None
[2025-05-02T23:08:03.098+0000] {processor.py:208} INFO - Processing /opt/airflow/dags/pergame_stats_dag.py took 0.067 seconds
[2025-05-02T23:08:33.630+0000] {processor.py:186} INFO - Started process (PID=41) to work on /opt/airflow/dags/pergame_stats_dag.py
[2025-05-02T23:08:33.631+0000] {processor.py:914} INFO - Processing file /opt/airflow/dags/pergame_stats_dag.py for tasks to queue
[2025-05-02T23:08:33.632+0000] {logging_mixin.py:190} INFO - [2025-05-02T23:08:33.632+0000] {dagbag.py:588} INFO - Filling up the DagBag from /opt/airflow/dags/pergame_stats_dag.py
[2025-05-02T23:08:33.676+0000] {processor.py:925} INFO - DAG(s) 'nba_stats_dag' retrieved from /opt/airflow/dags/pergame_stats_dag.py
[2025-05-02T23:08:33.689+0000] {logging_mixin.py:190} INFO - [2025-05-02T23:08:33.689+0000] {dag.py:3239} INFO - Sync 1 DAGs
[2025-05-02T23:08:33.695+0000] {logging_mixin.py:190} INFO - [2025-05-02T23:08:33.695+0000] {dag.py:4180} INFO - Setting next_dagrun for nba_stats_dag to None, run_after=None
[2025-05-02T23:08:33.707+0000] {processor.py:208} INFO - Processing /opt/airflow/dags/pergame_stats_dag.py took 0.084 seconds
[2025-05-02T23:09:19.794+0000] {processor.py:186} INFO - Started process (PID=36) to work on /opt/airflow/dags/pergame_stats_dag.py
[2025-05-02T23:09:19.794+0000] {processor.py:914} INFO - Processing file /opt/airflow/dags/pergame_stats_dag.py for tasks to queue
[2025-05-02T23:09:19.794+0000] {logging_mixin.py:190} INFO - [2025-05-02T23:09:19.794+0000] {dagbag.py:588} INFO - Filling up the DagBag from /opt/airflow/dags/pergame_stats_dag.py
[2025-05-02T23:09:19.835+0000] {processor.py:925} INFO - DAG(s) 'nba_stats_dag' retrieved from /opt/airflow/dags/pergame_stats_dag.py
[2025-05-02T23:09:19.853+0000] {logging_mixin.py:190} INFO - [2025-05-02T23:09:19.852+0000] {dag.py:3239} INFO - Sync 1 DAGs
[2025-05-02T23:09:19.862+0000] {logging_mixin.py:190} INFO - [2025-05-02T23:09:19.862+0000] {dag.py:4180} INFO - Setting next_dagrun for nba_stats_dag to None, run_after=None
[2025-05-02T23:09:19.870+0000] {processor.py:208} INFO - Processing /opt/airflow/dags/pergame_stats_dag.py took 0.080 seconds
[2025-05-02T23:09:50.406+0000] {processor.py:186} INFO - Started process (PID=41) to work on /opt/airflow/dags/pergame_stats_dag.py
[2025-05-02T23:09:50.407+0000] {processor.py:914} INFO - Processing file /opt/airflow/dags/pergame_stats_dag.py for tasks to queue
[2025-05-02T23:09:50.408+0000] {logging_mixin.py:190} INFO - [2025-05-02T23:09:50.407+0000] {dagbag.py:588} INFO - Filling up the DagBag from /opt/airflow/dags/pergame_stats_dag.py
[2025-05-02T23:09:50.453+0000] {processor.py:925} INFO - DAG(s) 'nba_stats_dag' retrieved from /opt/airflow/dags/pergame_stats_dag.py
[2025-05-02T23:09:50.463+0000] {logging_mixin.py:190} INFO - [2025-05-02T23:09:50.463+0000] {dag.py:3239} INFO - Sync 1 DAGs
[2025-05-02T23:09:50.469+0000] {logging_mixin.py:190} INFO - [2025-05-02T23:09:50.469+0000] {dag.py:4180} INFO - Setting next_dagrun for nba_stats_dag to None, run_after=None
[2025-05-02T23:09:50.477+0000] {processor.py:208} INFO - Processing /opt/airflow/dags/pergame_stats_dag.py took 0.076 seconds
[2025-05-02T23:10:21.049+0000] {processor.py:186} INFO - Started process (PID=46) to work on /opt/airflow/dags/pergame_stats_dag.py
[2025-05-02T23:10:21.050+0000] {processor.py:914} INFO - Processing file /opt/airflow/dags/pergame_stats_dag.py for tasks to queue
[2025-05-02T23:10:21.051+0000] {logging_mixin.py:190} INFO - [2025-05-02T23:10:21.050+0000] {dagbag.py:588} INFO - Filling up the DagBag from /opt/airflow/dags/pergame_stats_dag.py
[2025-05-02T23:10:21.094+0000] {processor.py:925} INFO - DAG(s) 'nba_stats_dag' retrieved from /opt/airflow/dags/pergame_stats_dag.py
[2025-05-02T23:10:21.105+0000] {logging_mixin.py:190} INFO - [2025-05-02T23:10:21.104+0000] {dag.py:3239} INFO - Sync 1 DAGs
[2025-05-02T23:10:21.110+0000] {logging_mixin.py:190} INFO - [2025-05-02T23:10:21.110+0000] {dag.py:4180} INFO - Setting next_dagrun for nba_stats_dag to None, run_after=None
[2025-05-02T23:10:21.116+0000] {processor.py:208} INFO - Processing /opt/airflow/dags/pergame_stats_dag.py took 0.072 seconds
[2025-05-02T23:10:51.568+0000] {processor.py:186} INFO - Started process (PID=51) to work on /opt/airflow/dags/pergame_stats_dag.py
[2025-05-02T23:10:51.569+0000] {processor.py:914} INFO - Processing file /opt/airflow/dags/pergame_stats_dag.py for tasks to queue
[2025-05-02T23:10:51.569+0000] {logging_mixin.py:190} INFO - [2025-05-02T23:10:51.569+0000] {dagbag.py:588} INFO - Filling up the DagBag from /opt/airflow/dags/pergame_stats_dag.py
[2025-05-02T23:10:51.612+0000] {processor.py:925} INFO - DAG(s) 'nba_stats_dag' retrieved from /opt/airflow/dags/pergame_stats_dag.py
[2025-05-02T23:10:51.623+0000] {logging_mixin.py:190} INFO - [2025-05-02T23:10:51.623+0000] {dag.py:3239} INFO - Sync 1 DAGs
[2025-05-02T23:10:51.629+0000] {logging_mixin.py:190} INFO - [2025-05-02T23:10:51.629+0000] {dag.py:4180} INFO - Setting next_dagrun for nba_stats_dag to None, run_after=None
[2025-05-02T23:10:51.636+0000] {processor.py:208} INFO - Processing /opt/airflow/dags/pergame_stats_dag.py took 0.073 seconds
[2025-05-02T23:11:22.219+0000] {processor.py:186} INFO - Started process (PID=56) to work on /opt/airflow/dags/pergame_stats_dag.py
[2025-05-02T23:11:22.220+0000] {processor.py:914} INFO - Processing file /opt/airflow/dags/pergame_stats_dag.py for tasks to queue
[2025-05-02T23:11:22.221+0000] {logging_mixin.py:190} INFO - [2025-05-02T23:11:22.221+0000] {dagbag.py:588} INFO - Filling up the DagBag from /opt/airflow/dags/pergame_stats_dag.py
[2025-05-02T23:11:22.266+0000] {processor.py:925} INFO - DAG(s) 'nba_stats_dag' retrieved from /opt/airflow/dags/pergame_stats_dag.py
[2025-05-02T23:11:22.277+0000] {logging_mixin.py:190} INFO - [2025-05-02T23:11:22.277+0000] {dag.py:3239} INFO - Sync 1 DAGs
[2025-05-02T23:11:22.283+0000] {logging_mixin.py:190} INFO - [2025-05-02T23:11:22.283+0000] {dag.py:4180} INFO - Setting next_dagrun for nba_stats_dag to None, run_after=None
[2025-05-02T23:11:22.289+0000] {processor.py:208} INFO - Processing /opt/airflow/dags/pergame_stats_dag.py took 0.075 seconds
[2025-05-02T23:11:52.816+0000] {processor.py:186} INFO - Started process (PID=61) to work on /opt/airflow/dags/pergame_stats_dag.py
[2025-05-02T23:11:52.817+0000] {processor.py:914} INFO - Processing file /opt/airflow/dags/pergame_stats_dag.py for tasks to queue
[2025-05-02T23:11:52.817+0000] {logging_mixin.py:190} INFO - [2025-05-02T23:11:52.817+0000] {dagbag.py:588} INFO - Filling up the DagBag from /opt/airflow/dags/pergame_stats_dag.py
[2025-05-02T23:11:52.863+0000] {processor.py:925} INFO - DAG(s) 'nba_stats_dag' retrieved from /opt/airflow/dags/pergame_stats_dag.py
[2025-05-02T23:11:52.873+0000] {logging_mixin.py:190} INFO - [2025-05-02T23:11:52.873+0000] {dag.py:3239} INFO - Sync 1 DAGs
[2025-05-02T23:11:52.879+0000] {logging_mixin.py:190} INFO - [2025-05-02T23:11:52.879+0000] {dag.py:4180} INFO - Setting next_dagrun for nba_stats_dag to None, run_after=None
[2025-05-02T23:11:52.885+0000] {processor.py:208} INFO - Processing /opt/airflow/dags/pergame_stats_dag.py took 0.075 seconds
[2025-05-02T23:12:23.408+0000] {processor.py:186} INFO - Started process (PID=66) to work on /opt/airflow/dags/pergame_stats_dag.py
[2025-05-02T23:12:23.408+0000] {processor.py:914} INFO - Processing file /opt/airflow/dags/pergame_stats_dag.py for tasks to queue
[2025-05-02T23:12:23.409+0000] {logging_mixin.py:190} INFO - [2025-05-02T23:12:23.409+0000] {dagbag.py:588} INFO - Filling up the DagBag from /opt/airflow/dags/pergame_stats_dag.py
[2025-05-02T23:12:23.453+0000] {processor.py:925} INFO - DAG(s) 'nba_stats_dag' retrieved from /opt/airflow/dags/pergame_stats_dag.py
[2025-05-02T23:12:23.464+0000] {logging_mixin.py:190} INFO - [2025-05-02T23:12:23.464+0000] {dag.py:3239} INFO - Sync 1 DAGs
[2025-05-02T23:12:23.470+0000] {logging_mixin.py:190} INFO - [2025-05-02T23:12:23.470+0000] {dag.py:4180} INFO - Setting next_dagrun for nba_stats_dag to None, run_after=None
[2025-05-02T23:12:23.477+0000] {processor.py:208} INFO - Processing /opt/airflow/dags/pergame_stats_dag.py took 0.074 seconds
[2025-05-02T23:12:53.925+0000] {processor.py:186} INFO - Started process (PID=71) to work on /opt/airflow/dags/pergame_stats_dag.py
[2025-05-02T23:12:53.926+0000] {processor.py:914} INFO - Processing file /opt/airflow/dags/pergame_stats_dag.py for tasks to queue
[2025-05-02T23:12:53.926+0000] {logging_mixin.py:190} INFO - [2025-05-02T23:12:53.926+0000] {dagbag.py:588} INFO - Filling up the DagBag from /opt/airflow/dags/pergame_stats_dag.py
[2025-05-02T23:12:53.958+0000] {processor.py:925} INFO - DAG(s) 'nba_stats_dag' retrieved from /opt/airflow/dags/pergame_stats_dag.py
[2025-05-02T23:12:53.966+0000] {logging_mixin.py:190} INFO - [2025-05-02T23:12:53.966+0000] {dag.py:3239} INFO - Sync 1 DAGs
[2025-05-02T23:12:54.053+0000] {logging_mixin.py:190} INFO - [2025-05-02T23:12:54.053+0000] {dag.py:4180} INFO - Setting next_dagrun for nba_stats_dag to None, run_after=None
[2025-05-02T23:12:54.060+0000] {processor.py:208} INFO - Processing /opt/airflow/dags/pergame_stats_dag.py took 0.138 seconds
[2025-05-02T23:13:24.379+0000] {processor.py:186} INFO - Started process (PID=76) to work on /opt/airflow/dags/pergame_stats_dag.py
[2025-05-02T23:13:24.379+0000] {processor.py:914} INFO - Processing file /opt/airflow/dags/pergame_stats_dag.py for tasks to queue
[2025-05-02T23:13:24.379+0000] {logging_mixin.py:190} INFO - [2025-05-02T23:13:24.379+0000] {dagbag.py:588} INFO - Filling up the DagBag from /opt/airflow/dags/pergame_stats_dag.py
[2025-05-02T23:13:24.420+0000] {processor.py:925} INFO - DAG(s) 'nba_stats_dag' retrieved from /opt/airflow/dags/pergame_stats_dag.py
[2025-05-02T23:13:24.433+0000] {logging_mixin.py:190} INFO - [2025-05-02T23:13:24.433+0000] {dag.py:3239} INFO - Sync 1 DAGs
[2025-05-02T23:13:24.536+0000] {logging_mixin.py:190} INFO - [2025-05-02T23:13:24.536+0000] {dag.py:4180} INFO - Setting next_dagrun for nba_stats_dag to None, run_after=None
[2025-05-02T23:13:24.550+0000] {processor.py:208} INFO - Processing /opt/airflow/dags/pergame_stats_dag.py took 0.175 seconds
[2025-05-02T23:14:22.035+0000] {processor.py:186} INFO - Started process (PID=36) to work on /opt/airflow/dags/pergame_stats_dag.py
[2025-05-02T23:14:22.035+0000] {processor.py:914} INFO - Processing file /opt/airflow/dags/pergame_stats_dag.py for tasks to queue
[2025-05-02T23:14:22.036+0000] {logging_mixin.py:190} INFO - [2025-05-02T23:14:22.036+0000] {dagbag.py:588} INFO - Filling up the DagBag from /opt/airflow/dags/pergame_stats_dag.py
[2025-05-02T23:14:22.079+0000] {processor.py:925} INFO - DAG(s) 'nba_stats_dag' retrieved from /opt/airflow/dags/pergame_stats_dag.py
[2025-05-02T23:14:22.094+0000] {logging_mixin.py:190} INFO - [2025-05-02T23:14:22.094+0000] {dag.py:3239} INFO - Sync 1 DAGs
[2025-05-02T23:14:22.102+0000] {logging_mixin.py:190} INFO - [2025-05-02T23:14:22.102+0000] {dag.py:4180} INFO - Setting next_dagrun for nba_stats_dag to None, run_after=None
[2025-05-02T23:14:22.110+0000] {processor.py:208} INFO - Processing /opt/airflow/dags/pergame_stats_dag.py took 0.079 seconds
[2025-05-02T23:14:52.702+0000] {processor.py:186} INFO - Started process (PID=41) to work on /opt/airflow/dags/pergame_stats_dag.py
[2025-05-02T23:14:52.703+0000] {processor.py:914} INFO - Processing file /opt/airflow/dags/pergame_stats_dag.py for tasks to queue
[2025-05-02T23:14:52.703+0000] {logging_mixin.py:190} INFO - [2025-05-02T23:14:52.703+0000] {dagbag.py:588} INFO - Filling up the DagBag from /opt/airflow/dags/pergame_stats_dag.py
[2025-05-02T23:14:52.749+0000] {processor.py:925} INFO - DAG(s) 'nba_stats_dag' retrieved from /opt/airflow/dags/pergame_stats_dag.py
[2025-05-02T23:14:52.760+0000] {logging_mixin.py:190} INFO - [2025-05-02T23:14:52.760+0000] {dag.py:3239} INFO - Sync 1 DAGs
[2025-05-02T23:14:52.766+0000] {logging_mixin.py:190} INFO - [2025-05-02T23:14:52.766+0000] {dag.py:4180} INFO - Setting next_dagrun for nba_stats_dag to None, run_after=None
[2025-05-02T23:14:52.774+0000] {processor.py:208} INFO - Processing /opt/airflow/dags/pergame_stats_dag.py took 0.076 seconds
[2025-05-02T23:15:23.084+0000] {processor.py:186} INFO - Started process (PID=46) to work on /opt/airflow/dags/pergame_stats_dag.py
[2025-05-02T23:15:23.085+0000] {processor.py:914} INFO - Processing file /opt/airflow/dags/pergame_stats_dag.py for tasks to queue
[2025-05-02T23:15:23.086+0000] {logging_mixin.py:190} INFO - [2025-05-02T23:15:23.085+0000] {dagbag.py:588} INFO - Filling up the DagBag from /opt/airflow/dags/pergame_stats_dag.py
[2025-05-02T23:15:23.129+0000] {processor.py:925} INFO - DAG(s) 'nba_stats_dag' retrieved from /opt/airflow/dags/pergame_stats_dag.py
[2025-05-02T23:15:23.139+0000] {logging_mixin.py:190} INFO - [2025-05-02T23:15:23.139+0000] {dag.py:3239} INFO - Sync 1 DAGs
[2025-05-02T23:15:23.146+0000] {logging_mixin.py:190} INFO - [2025-05-02T23:15:23.146+0000] {dag.py:4180} INFO - Setting next_dagrun for nba_stats_dag to None, run_after=None
[2025-05-02T23:15:23.152+0000] {processor.py:208} INFO - Processing /opt/airflow/dags/pergame_stats_dag.py took 0.071 seconds
[2025-05-02T23:15:53.564+0000] {processor.py:186} INFO - Started process (PID=51) to work on /opt/airflow/dags/pergame_stats_dag.py
[2025-05-02T23:15:53.565+0000] {processor.py:914} INFO - Processing file /opt/airflow/dags/pergame_stats_dag.py for tasks to queue
[2025-05-02T23:15:53.566+0000] {logging_mixin.py:190} INFO - [2025-05-02T23:15:53.566+0000] {dagbag.py:588} INFO - Filling up the DagBag from /opt/airflow/dags/pergame_stats_dag.py
[2025-05-02T23:15:53.607+0000] {processor.py:925} INFO - DAG(s) 'nba_stats_dag' retrieved from /opt/airflow/dags/pergame_stats_dag.py
[2025-05-02T23:15:53.619+0000] {logging_mixin.py:190} INFO - [2025-05-02T23:15:53.618+0000] {dag.py:3239} INFO - Sync 1 DAGs
[2025-05-02T23:15:53.624+0000] {logging_mixin.py:190} INFO - [2025-05-02T23:15:53.624+0000] {dag.py:4180} INFO - Setting next_dagrun for nba_stats_dag to None, run_after=None
[2025-05-02T23:15:53.633+0000] {processor.py:208} INFO - Processing /opt/airflow/dags/pergame_stats_dag.py took 0.072 seconds
[2025-05-02T23:16:24.031+0000] {processor.py:186} INFO - Started process (PID=56) to work on /opt/airflow/dags/pergame_stats_dag.py
[2025-05-02T23:16:24.032+0000] {processor.py:914} INFO - Processing file /opt/airflow/dags/pergame_stats_dag.py for tasks to queue
[2025-05-02T23:16:24.032+0000] {logging_mixin.py:190} INFO - [2025-05-02T23:16:24.032+0000] {dagbag.py:588} INFO - Filling up the DagBag from /opt/airflow/dags/pergame_stats_dag.py
[2025-05-02T23:16:24.075+0000] {processor.py:925} INFO - DAG(s) 'nba_stats_dag' retrieved from /opt/airflow/dags/pergame_stats_dag.py
[2025-05-02T23:16:24.086+0000] {logging_mixin.py:190} INFO - [2025-05-02T23:16:24.086+0000] {dag.py:3239} INFO - Sync 1 DAGs
[2025-05-02T23:16:24.092+0000] {logging_mixin.py:190} INFO - [2025-05-02T23:16:24.092+0000] {dag.py:4180} INFO - Setting next_dagrun for nba_stats_dag to None, run_after=None
[2025-05-02T23:16:24.099+0000] {processor.py:208} INFO - Processing /opt/airflow/dags/pergame_stats_dag.py took 0.072 seconds
[2025-05-02T23:16:54.499+0000] {processor.py:186} INFO - Started process (PID=61) to work on /opt/airflow/dags/pergame_stats_dag.py
[2025-05-02T23:16:54.499+0000] {processor.py:914} INFO - Processing file /opt/airflow/dags/pergame_stats_dag.py for tasks to queue
[2025-05-02T23:16:54.500+0000] {logging_mixin.py:190} INFO - [2025-05-02T23:16:54.500+0000] {dagbag.py:588} INFO - Filling up the DagBag from /opt/airflow/dags/pergame_stats_dag.py
[2025-05-02T23:16:54.541+0000] {processor.py:925} INFO - DAG(s) 'nba_stats_dag' retrieved from /opt/airflow/dags/pergame_stats_dag.py
[2025-05-02T23:16:54.552+0000] {logging_mixin.py:190} INFO - [2025-05-02T23:16:54.552+0000] {dag.py:3239} INFO - Sync 1 DAGs
[2025-05-02T23:16:54.558+0000] {logging_mixin.py:190} INFO - [2025-05-02T23:16:54.558+0000] {dag.py:4180} INFO - Setting next_dagrun for nba_stats_dag to None, run_after=None
[2025-05-02T23:16:54.565+0000] {processor.py:208} INFO - Processing /opt/airflow/dags/pergame_stats_dag.py took 0.070 seconds
[2025-05-02T23:17:25.062+0000] {processor.py:186} INFO - Started process (PID=66) to work on /opt/airflow/dags/pergame_stats_dag.py
[2025-05-02T23:17:25.062+0000] {processor.py:914} INFO - Processing file /opt/airflow/dags/pergame_stats_dag.py for tasks to queue
[2025-05-02T23:17:25.063+0000] {logging_mixin.py:190} INFO - [2025-05-02T23:17:25.063+0000] {dagbag.py:588} INFO - Filling up the DagBag from /opt/airflow/dags/pergame_stats_dag.py
[2025-05-02T23:17:25.097+0000] {processor.py:925} INFO - DAG(s) 'nba_stats_dag' retrieved from /opt/airflow/dags/pergame_stats_dag.py
[2025-05-02T23:17:25.108+0000] {logging_mixin.py:190} INFO - [2025-05-02T23:17:25.108+0000] {dag.py:3239} INFO - Sync 1 DAGs
[2025-05-02T23:17:25.114+0000] {logging_mixin.py:190} INFO - [2025-05-02T23:17:25.114+0000] {dag.py:4180} INFO - Setting next_dagrun for nba_stats_dag to None, run_after=None
[2025-05-02T23:17:25.121+0000] {processor.py:208} INFO - Processing /opt/airflow/dags/pergame_stats_dag.py took 0.062 seconds
[2025-05-02T23:17:39.483+0000] {processor.py:186} INFO - Started process (PID=70) to work on /opt/airflow/dags/pergame_stats_dag.py
[2025-05-02T23:17:39.484+0000] {processor.py:914} INFO - Processing file /opt/airflow/dags/pergame_stats_dag.py for tasks to queue
[2025-05-02T23:17:39.485+0000] {logging_mixin.py:190} INFO - [2025-05-02T23:17:39.485+0000] {dagbag.py:588} INFO - Filling up the DagBag from /opt/airflow/dags/pergame_stats_dag.py
[2025-05-02T23:17:39.525+0000] {processor.py:925} INFO - DAG(s) 'nba_stats_dag' retrieved from /opt/airflow/dags/pergame_stats_dag.py
[2025-05-02T23:17:39.534+0000] {logging_mixin.py:190} INFO - [2025-05-02T23:17:39.534+0000] {dag.py:3239} INFO - Sync 1 DAGs
[2025-05-02T23:17:39.540+0000] {logging_mixin.py:190} INFO - [2025-05-02T23:17:39.540+0000] {dag.py:4180} INFO - Setting next_dagrun for nba_stats_dag to None, run_after=None
[2025-05-02T23:17:39.617+0000] {processor.py:208} INFO - Processing /opt/airflow/dags/pergame_stats_dag.py took 0.140 seconds
[2025-05-02T23:18:09.951+0000] {processor.py:186} INFO - Started process (PID=75) to work on /opt/airflow/dags/pergame_stats_dag.py
[2025-05-02T23:18:09.952+0000] {processor.py:914} INFO - Processing file /opt/airflow/dags/pergame_stats_dag.py for tasks to queue
[2025-05-02T23:18:09.952+0000] {logging_mixin.py:190} INFO - [2025-05-02T23:18:09.952+0000] {dagbag.py:588} INFO - Filling up the DagBag from /opt/airflow/dags/pergame_stats_dag.py
[2025-05-02T23:18:09.990+0000] {processor.py:925} INFO - DAG(s) 'nba_stats_dag' retrieved from /opt/airflow/dags/pergame_stats_dag.py
[2025-05-02T23:18:09.999+0000] {logging_mixin.py:190} INFO - [2025-05-02T23:18:09.999+0000] {dag.py:3239} INFO - Sync 1 DAGs
[2025-05-02T23:18:10.068+0000] {logging_mixin.py:190} INFO - [2025-05-02T23:18:10.068+0000] {dag.py:4180} INFO - Setting next_dagrun for nba_stats_dag to None, run_after=None
[2025-05-02T23:18:10.074+0000] {processor.py:208} INFO - Processing /opt/airflow/dags/pergame_stats_dag.py took 0.127 seconds
[2025-05-02T23:18:40.451+0000] {processor.py:186} INFO - Started process (PID=80) to work on /opt/airflow/dags/pergame_stats_dag.py
[2025-05-02T23:18:40.452+0000] {processor.py:914} INFO - Processing file /opt/airflow/dags/pergame_stats_dag.py for tasks to queue
[2025-05-02T23:18:40.453+0000] {logging_mixin.py:190} INFO - [2025-05-02T23:18:40.452+0000] {dagbag.py:588} INFO - Filling up the DagBag from /opt/airflow/dags/pergame_stats_dag.py
[2025-05-02T23:18:40.489+0000] {processor.py:925} INFO - DAG(s) 'nba_stats_dag' retrieved from /opt/airflow/dags/pergame_stats_dag.py
[2025-05-02T23:18:40.498+0000] {logging_mixin.py:190} INFO - [2025-05-02T23:18:40.498+0000] {dag.py:3239} INFO - Sync 1 DAGs
[2025-05-02T23:18:40.564+0000] {logging_mixin.py:190} INFO - [2025-05-02T23:18:40.564+0000] {dag.py:4180} INFO - Setting next_dagrun for nba_stats_dag to None, run_after=None
[2025-05-02T23:18:40.569+0000] {processor.py:208} INFO - Processing /opt/airflow/dags/pergame_stats_dag.py took 0.122 seconds
[2025-05-02T23:19:10.923+0000] {processor.py:186} INFO - Started process (PID=85) to work on /opt/airflow/dags/pergame_stats_dag.py
[2025-05-02T23:19:10.924+0000] {processor.py:914} INFO - Processing file /opt/airflow/dags/pergame_stats_dag.py for tasks to queue
[2025-05-02T23:19:10.925+0000] {logging_mixin.py:190} INFO - [2025-05-02T23:19:10.924+0000] {dagbag.py:588} INFO - Filling up the DagBag from /opt/airflow/dags/pergame_stats_dag.py
[2025-05-02T23:19:10.965+0000] {processor.py:925} INFO - DAG(s) 'nba_stats_dag' retrieved from /opt/airflow/dags/pergame_stats_dag.py
[2025-05-02T23:19:11.038+0000] {logging_mixin.py:190} INFO - [2025-05-02T23:19:11.038+0000] {dag.py:3239} INFO - Sync 1 DAGs
[2025-05-02T23:19:11.041+0000] {logging_mixin.py:190} INFO - [2025-05-02T23:19:11.041+0000] {dag.py:4180} INFO - Setting next_dagrun for nba_stats_dag to None, run_after=None
[2025-05-02T23:19:11.046+0000] {processor.py:208} INFO - Processing /opt/airflow/dags/pergame_stats_dag.py took 0.129 seconds
[2025-05-02T23:19:41.372+0000] {processor.py:186} INFO - Started process (PID=90) to work on /opt/airflow/dags/pergame_stats_dag.py
[2025-05-02T23:19:41.374+0000] {processor.py:914} INFO - Processing file /opt/airflow/dags/pergame_stats_dag.py for tasks to queue
[2025-05-02T23:19:41.375+0000] {logging_mixin.py:190} INFO - [2025-05-02T23:19:41.375+0000] {dagbag.py:588} INFO - Filling up the DagBag from /opt/airflow/dags/pergame_stats_dag.py
[2025-05-02T23:19:41.484+0000] {processor.py:925} INFO - DAG(s) 'nba_stats_dag' retrieved from /opt/airflow/dags/pergame_stats_dag.py
[2025-05-02T23:19:41.490+0000] {logging_mixin.py:190} INFO - [2025-05-02T23:19:41.490+0000] {dag.py:3239} INFO - Sync 1 DAGs
[2025-05-02T23:19:41.494+0000] {logging_mixin.py:190} INFO - [2025-05-02T23:19:41.494+0000] {dag.py:4180} INFO - Setting next_dagrun for nba_stats_dag to None, run_after=None
[2025-05-02T23:19:41.500+0000] {processor.py:208} INFO - Processing /opt/airflow/dags/pergame_stats_dag.py took 0.134 seconds
[2025-05-02T23:20:11.831+0000] {processor.py:186} INFO - Started process (PID=95) to work on /opt/airflow/dags/pergame_stats_dag.py
[2025-05-02T23:20:11.832+0000] {processor.py:914} INFO - Processing file /opt/airflow/dags/pergame_stats_dag.py for tasks to queue
[2025-05-02T23:20:11.832+0000] {logging_mixin.py:190} INFO - [2025-05-02T23:20:11.832+0000] {dagbag.py:588} INFO - Filling up the DagBag from /opt/airflow/dags/pergame_stats_dag.py
[2025-05-02T23:20:11.938+0000] {processor.py:925} INFO - DAG(s) 'nba_stats_dag' retrieved from /opt/airflow/dags/pergame_stats_dag.py
[2025-05-02T23:20:11.945+0000] {logging_mixin.py:190} INFO - [2025-05-02T23:20:11.945+0000] {dag.py:3239} INFO - Sync 1 DAGs
[2025-05-02T23:20:11.949+0000] {logging_mixin.py:190} INFO - [2025-05-02T23:20:11.949+0000] {dag.py:4180} INFO - Setting next_dagrun for nba_stats_dag to None, run_after=None
[2025-05-02T23:20:11.954+0000] {processor.py:208} INFO - Processing /opt/airflow/dags/pergame_stats_dag.py took 0.129 seconds
[2025-05-02T23:20:42.370+0000] {processor.py:186} INFO - Started process (PID=100) to work on /opt/airflow/dags/pergame_stats_dag.py
[2025-05-02T23:20:42.371+0000] {processor.py:914} INFO - Processing file /opt/airflow/dags/pergame_stats_dag.py for tasks to queue
[2025-05-02T23:20:42.372+0000] {logging_mixin.py:190} INFO - [2025-05-02T23:20:42.372+0000] {dagbag.py:588} INFO - Filling up the DagBag from /opt/airflow/dags/pergame_stats_dag.py
[2025-05-02T23:20:42.476+0000] {processor.py:925} INFO - DAG(s) 'nba_stats_dag' retrieved from /opt/airflow/dags/pergame_stats_dag.py
[2025-05-02T23:20:42.483+0000] {logging_mixin.py:190} INFO - [2025-05-02T23:20:42.483+0000] {dag.py:3239} INFO - Sync 1 DAGs
[2025-05-02T23:20:42.486+0000] {logging_mixin.py:190} INFO - [2025-05-02T23:20:42.486+0000] {dag.py:4180} INFO - Setting next_dagrun for nba_stats_dag to None, run_after=None
[2025-05-02T23:20:42.493+0000] {processor.py:208} INFO - Processing /opt/airflow/dags/pergame_stats_dag.py took 0.128 seconds
[2025-05-02T23:21:12.884+0000] {processor.py:186} INFO - Started process (PID=105) to work on /opt/airflow/dags/pergame_stats_dag.py
[2025-05-02T23:21:12.885+0000] {processor.py:914} INFO - Processing file /opt/airflow/dags/pergame_stats_dag.py for tasks to queue
[2025-05-02T23:21:12.886+0000] {logging_mixin.py:190} INFO - [2025-05-02T23:21:12.885+0000] {dagbag.py:588} INFO - Filling up the DagBag from /opt/airflow/dags/pergame_stats_dag.py
[2025-05-02T23:21:12.994+0000] {processor.py:925} INFO - DAG(s) 'nba_stats_dag' retrieved from /opt/airflow/dags/pergame_stats_dag.py
[2025-05-02T23:21:13.000+0000] {logging_mixin.py:190} INFO - [2025-05-02T23:21:13.000+0000] {dag.py:3239} INFO - Sync 1 DAGs
[2025-05-02T23:21:13.004+0000] {logging_mixin.py:190} INFO - [2025-05-02T23:21:13.004+0000] {dag.py:4180} INFO - Setting next_dagrun for nba_stats_dag to None, run_after=None
[2025-05-02T23:21:13.010+0000] {processor.py:208} INFO - Processing /opt/airflow/dags/pergame_stats_dag.py took 0.131 seconds
[2025-05-02T23:21:43.409+0000] {processor.py:186} INFO - Started process (PID=110) to work on /opt/airflow/dags/pergame_stats_dag.py
[2025-05-02T23:21:43.410+0000] {processor.py:914} INFO - Processing file /opt/airflow/dags/pergame_stats_dag.py for tasks to queue
[2025-05-02T23:21:43.411+0000] {logging_mixin.py:190} INFO - [2025-05-02T23:21:43.410+0000] {dagbag.py:588} INFO - Filling up the DagBag from /opt/airflow/dags/pergame_stats_dag.py
[2025-05-02T23:21:43.529+0000] {processor.py:925} INFO - DAG(s) 'nba_stats_dag' retrieved from /opt/airflow/dags/pergame_stats_dag.py
[2025-05-02T23:21:43.536+0000] {logging_mixin.py:190} INFO - [2025-05-02T23:21:43.535+0000] {dag.py:3239} INFO - Sync 1 DAGs
[2025-05-02T23:21:43.539+0000] {logging_mixin.py:190} INFO - [2025-05-02T23:21:43.539+0000] {dag.py:4180} INFO - Setting next_dagrun for nba_stats_dag to None, run_after=None
[2025-05-02T23:21:43.544+0000] {processor.py:208} INFO - Processing /opt/airflow/dags/pergame_stats_dag.py took 0.139 seconds
[2025-05-02T23:22:13.897+0000] {processor.py:186} INFO - Started process (PID=115) to work on /opt/airflow/dags/pergame_stats_dag.py
[2025-05-02T23:22:13.897+0000] {processor.py:914} INFO - Processing file /opt/airflow/dags/pergame_stats_dag.py for tasks to queue
[2025-05-02T23:22:13.898+0000] {logging_mixin.py:190} INFO - [2025-05-02T23:22:13.898+0000] {dagbag.py:588} INFO - Filling up the DagBag from /opt/airflow/dags/pergame_stats_dag.py
[2025-05-02T23:22:13.988+0000] {processor.py:925} INFO - DAG(s) 'nba_stats_dag' retrieved from /opt/airflow/dags/pergame_stats_dag.py
[2025-05-02T23:22:13.995+0000] {logging_mixin.py:190} INFO - [2025-05-02T23:22:13.995+0000] {dag.py:3239} INFO - Sync 1 DAGs
[2025-05-02T23:22:13.999+0000] {logging_mixin.py:190} INFO - [2025-05-02T23:22:13.999+0000] {dag.py:4180} INFO - Setting next_dagrun for nba_stats_dag to None, run_after=None
[2025-05-02T23:22:14.004+0000] {processor.py:208} INFO - Processing /opt/airflow/dags/pergame_stats_dag.py took 0.110 seconds
[2025-05-02T23:22:44.299+0000] {processor.py:186} INFO - Started process (PID=120) to work on /opt/airflow/dags/pergame_stats_dag.py
[2025-05-02T23:22:44.300+0000] {processor.py:914} INFO - Processing file /opt/airflow/dags/pergame_stats_dag.py for tasks to queue
[2025-05-02T23:22:44.302+0000] {logging_mixin.py:190} INFO - [2025-05-02T23:22:44.301+0000] {dagbag.py:588} INFO - Filling up the DagBag from /opt/airflow/dags/pergame_stats_dag.py
[2025-05-02T23:22:44.406+0000] {processor.py:925} INFO - DAG(s) 'nba_stats_dag' retrieved from /opt/airflow/dags/pergame_stats_dag.py
[2025-05-02T23:22:44.412+0000] {logging_mixin.py:190} INFO - [2025-05-02T23:22:44.412+0000] {dag.py:3239} INFO - Sync 1 DAGs
[2025-05-02T23:22:44.416+0000] {logging_mixin.py:190} INFO - [2025-05-02T23:22:44.416+0000] {dag.py:4180} INFO - Setting next_dagrun for nba_stats_dag to None, run_after=None
[2025-05-02T23:22:44.421+0000] {processor.py:208} INFO - Processing /opt/airflow/dags/pergame_stats_dag.py took 0.127 seconds
[2025-05-02T23:23:14.848+0000] {processor.py:186} INFO - Started process (PID=125) to work on /opt/airflow/dags/pergame_stats_dag.py
[2025-05-02T23:23:14.848+0000] {processor.py:914} INFO - Processing file /opt/airflow/dags/pergame_stats_dag.py for tasks to queue
[2025-05-02T23:23:14.849+0000] {logging_mixin.py:190} INFO - [2025-05-02T23:23:14.849+0000] {dagbag.py:588} INFO - Filling up the DagBag from /opt/airflow/dags/pergame_stats_dag.py
[2025-05-02T23:23:14.950+0000] {processor.py:925} INFO - DAG(s) 'nba_stats_dag' retrieved from /opt/airflow/dags/pergame_stats_dag.py
[2025-05-02T23:23:14.956+0000] {logging_mixin.py:190} INFO - [2025-05-02T23:23:14.956+0000] {dag.py:3239} INFO - Sync 1 DAGs
[2025-05-02T23:23:14.960+0000] {logging_mixin.py:190} INFO - [2025-05-02T23:23:14.960+0000] {dag.py:4180} INFO - Setting next_dagrun for nba_stats_dag to None, run_after=None
[2025-05-02T23:23:14.965+0000] {processor.py:208} INFO - Processing /opt/airflow/dags/pergame_stats_dag.py took 0.122 seconds
[2025-05-02T23:23:45.408+0000] {processor.py:186} INFO - Started process (PID=130) to work on /opt/airflow/dags/pergame_stats_dag.py
[2025-05-02T23:23:45.409+0000] {processor.py:914} INFO - Processing file /opt/airflow/dags/pergame_stats_dag.py for tasks to queue
[2025-05-02T23:23:45.410+0000] {logging_mixin.py:190} INFO - [2025-05-02T23:23:45.410+0000] {dagbag.py:588} INFO - Filling up the DagBag from /opt/airflow/dags/pergame_stats_dag.py
[2025-05-02T23:23:45.515+0000] {processor.py:925} INFO - DAG(s) 'nba_stats_dag' retrieved from /opt/airflow/dags/pergame_stats_dag.py
[2025-05-02T23:23:45.522+0000] {logging_mixin.py:190} INFO - [2025-05-02T23:23:45.522+0000] {dag.py:3239} INFO - Sync 1 DAGs
[2025-05-02T23:23:45.526+0000] {logging_mixin.py:190} INFO - [2025-05-02T23:23:45.526+0000] {dag.py:4180} INFO - Setting next_dagrun for nba_stats_dag to None, run_after=None
[2025-05-02T23:23:45.531+0000] {processor.py:208} INFO - Processing /opt/airflow/dags/pergame_stats_dag.py took 0.129 seconds
[2025-05-02T23:24:16.050+0000] {processor.py:186} INFO - Started process (PID=135) to work on /opt/airflow/dags/pergame_stats_dag.py
[2025-05-02T23:24:16.051+0000] {processor.py:914} INFO - Processing file /opt/airflow/dags/pergame_stats_dag.py for tasks to queue
[2025-05-02T23:24:16.054+0000] {logging_mixin.py:190} INFO - [2025-05-02T23:24:16.053+0000] {dagbag.py:588} INFO - Filling up the DagBag from /opt/airflow/dags/pergame_stats_dag.py
[2025-05-02T23:24:16.174+0000] {processor.py:925} INFO - DAG(s) 'nba_stats_dag' retrieved from /opt/airflow/dags/pergame_stats_dag.py
[2025-05-02T23:24:16.181+0000] {logging_mixin.py:190} INFO - [2025-05-02T23:24:16.180+0000] {dag.py:3239} INFO - Sync 1 DAGs
[2025-05-02T23:24:16.185+0000] {logging_mixin.py:190} INFO - [2025-05-02T23:24:16.185+0000] {dag.py:4180} INFO - Setting next_dagrun for nba_stats_dag to None, run_after=None
[2025-05-02T23:24:16.190+0000] {processor.py:208} INFO - Processing /opt/airflow/dags/pergame_stats_dag.py took 0.149 seconds
[2025-05-02T23:24:46.598+0000] {processor.py:186} INFO - Started process (PID=140) to work on /opt/airflow/dags/pergame_stats_dag.py
[2025-05-02T23:24:46.599+0000] {processor.py:914} INFO - Processing file /opt/airflow/dags/pergame_stats_dag.py for tasks to queue
[2025-05-02T23:24:46.600+0000] {logging_mixin.py:190} INFO - [2025-05-02T23:24:46.600+0000] {dagbag.py:588} INFO - Filling up the DagBag from /opt/airflow/dags/pergame_stats_dag.py
[2025-05-02T23:24:46.648+0000] {processor.py:925} INFO - DAG(s) 'nba_stats_dag' retrieved from /opt/airflow/dags/pergame_stats_dag.py
[2025-05-02T23:24:46.723+0000] {logging_mixin.py:190} INFO - [2025-05-02T23:24:46.722+0000] {dag.py:3239} INFO - Sync 1 DAGs
[2025-05-02T23:24:46.727+0000] {logging_mixin.py:190} INFO - [2025-05-02T23:24:46.727+0000] {dag.py:4180} INFO - Setting next_dagrun for nba_stats_dag to None, run_after=None
[2025-05-02T23:24:46.732+0000] {processor.py:208} INFO - Processing /opt/airflow/dags/pergame_stats_dag.py took 0.143 seconds
[2025-05-02T23:25:17.213+0000] {processor.py:186} INFO - Started process (PID=145) to work on /opt/airflow/dags/pergame_stats_dag.py
[2025-05-02T23:25:17.215+0000] {processor.py:914} INFO - Processing file /opt/airflow/dags/pergame_stats_dag.py for tasks to queue
[2025-05-02T23:25:17.216+0000] {logging_mixin.py:190} INFO - [2025-05-02T23:25:17.216+0000] {dagbag.py:588} INFO - Filling up the DagBag from /opt/airflow/dags/pergame_stats_dag.py
[2025-05-02T23:25:17.328+0000] {processor.py:925} INFO - DAG(s) 'nba_stats_dag' retrieved from /opt/airflow/dags/pergame_stats_dag.py
[2025-05-02T23:25:17.335+0000] {logging_mixin.py:190} INFO - [2025-05-02T23:25:17.335+0000] {dag.py:3239} INFO - Sync 1 DAGs
[2025-05-02T23:25:17.338+0000] {logging_mixin.py:190} INFO - [2025-05-02T23:25:17.338+0000] {dag.py:4180} INFO - Setting next_dagrun for nba_stats_dag to None, run_after=None
[2025-05-02T23:25:17.343+0000] {processor.py:208} INFO - Processing /opt/airflow/dags/pergame_stats_dag.py took 0.139 seconds
[2025-05-02T23:25:47.836+0000] {processor.py:186} INFO - Started process (PID=150) to work on /opt/airflow/dags/pergame_stats_dag.py
[2025-05-02T23:25:47.837+0000] {processor.py:914} INFO - Processing file /opt/airflow/dags/pergame_stats_dag.py for tasks to queue
[2025-05-02T23:25:47.838+0000] {logging_mixin.py:190} INFO - [2025-05-02T23:25:47.838+0000] {dagbag.py:588} INFO - Filling up the DagBag from /opt/airflow/dags/pergame_stats_dag.py
[2025-05-02T23:25:47.944+0000] {processor.py:925} INFO - DAG(s) 'nba_stats_dag' retrieved from /opt/airflow/dags/pergame_stats_dag.py
[2025-05-02T23:25:47.951+0000] {logging_mixin.py:190} INFO - [2025-05-02T23:25:47.951+0000] {dag.py:3239} INFO - Sync 1 DAGs
[2025-05-02T23:25:47.955+0000] {logging_mixin.py:190} INFO - [2025-05-02T23:25:47.955+0000] {dag.py:4180} INFO - Setting next_dagrun for nba_stats_dag to None, run_after=None
[2025-05-02T23:25:47.960+0000] {processor.py:208} INFO - Processing /opt/airflow/dags/pergame_stats_dag.py took 0.130 seconds
[2025-05-02T23:26:18.330+0000] {processor.py:186} INFO - Started process (PID=155) to work on /opt/airflow/dags/pergame_stats_dag.py
[2025-05-02T23:26:18.331+0000] {processor.py:914} INFO - Processing file /opt/airflow/dags/pergame_stats_dag.py for tasks to queue
[2025-05-02T23:26:18.332+0000] {logging_mixin.py:190} INFO - [2025-05-02T23:26:18.332+0000] {dagbag.py:588} INFO - Filling up the DagBag from /opt/airflow/dags/pergame_stats_dag.py
[2025-05-02T23:26:18.435+0000] {processor.py:925} INFO - DAG(s) 'nba_stats_dag' retrieved from /opt/airflow/dags/pergame_stats_dag.py
[2025-05-02T23:26:18.442+0000] {logging_mixin.py:190} INFO - [2025-05-02T23:26:18.441+0000] {dag.py:3239} INFO - Sync 1 DAGs
[2025-05-02T23:26:18.446+0000] {logging_mixin.py:190} INFO - [2025-05-02T23:26:18.446+0000] {dag.py:4180} INFO - Setting next_dagrun for nba_stats_dag to None, run_after=None
[2025-05-02T23:26:18.451+0000] {processor.py:208} INFO - Processing /opt/airflow/dags/pergame_stats_dag.py took 0.124 seconds
[2025-05-02T23:26:48.879+0000] {processor.py:186} INFO - Started process (PID=160) to work on /opt/airflow/dags/pergame_stats_dag.py
[2025-05-02T23:26:48.880+0000] {processor.py:914} INFO - Processing file /opt/airflow/dags/pergame_stats_dag.py for tasks to queue
[2025-05-02T23:26:48.881+0000] {logging_mixin.py:190} INFO - [2025-05-02T23:26:48.881+0000] {dagbag.py:588} INFO - Filling up the DagBag from /opt/airflow/dags/pergame_stats_dag.py
[2025-05-02T23:26:48.989+0000] {processor.py:925} INFO - DAG(s) 'nba_stats_dag' retrieved from /opt/airflow/dags/pergame_stats_dag.py
[2025-05-02T23:26:48.995+0000] {logging_mixin.py:190} INFO - [2025-05-02T23:26:48.995+0000] {dag.py:3239} INFO - Sync 1 DAGs
[2025-05-02T23:26:48.999+0000] {logging_mixin.py:190} INFO - [2025-05-02T23:26:48.999+0000] {dag.py:4180} INFO - Setting next_dagrun for nba_stats_dag to None, run_after=None
[2025-05-02T23:26:49.005+0000] {processor.py:208} INFO - Processing /opt/airflow/dags/pergame_stats_dag.py took 0.131 seconds
[2025-05-02T23:27:19.444+0000] {processor.py:186} INFO - Started process (PID=165) to work on /opt/airflow/dags/pergame_stats_dag.py
[2025-05-02T23:27:19.445+0000] {processor.py:914} INFO - Processing file /opt/airflow/dags/pergame_stats_dag.py for tasks to queue
[2025-05-02T23:27:19.447+0000] {logging_mixin.py:190} INFO - [2025-05-02T23:27:19.446+0000] {dagbag.py:588} INFO - Filling up the DagBag from /opt/airflow/dags/pergame_stats_dag.py
[2025-05-02T23:27:19.558+0000] {processor.py:925} INFO - DAG(s) 'nba_stats_dag' retrieved from /opt/airflow/dags/pergame_stats_dag.py
[2025-05-02T23:27:19.565+0000] {logging_mixin.py:190} INFO - [2025-05-02T23:27:19.565+0000] {dag.py:3239} INFO - Sync 1 DAGs
[2025-05-02T23:27:19.569+0000] {logging_mixin.py:190} INFO - [2025-05-02T23:27:19.569+0000] {dag.py:4180} INFO - Setting next_dagrun for nba_stats_dag to None, run_after=None
[2025-05-02T23:27:19.573+0000] {processor.py:208} INFO - Processing /opt/airflow/dags/pergame_stats_dag.py took 0.137 seconds
[2025-05-02T23:27:49.932+0000] {processor.py:186} INFO - Started process (PID=170) to work on /opt/airflow/dags/pergame_stats_dag.py
[2025-05-02T23:27:49.933+0000] {processor.py:914} INFO - Processing file /opt/airflow/dags/pergame_stats_dag.py for tasks to queue
[2025-05-02T23:27:49.934+0000] {logging_mixin.py:190} INFO - [2025-05-02T23:27:49.934+0000] {dagbag.py:588} INFO - Filling up the DagBag from /opt/airflow/dags/pergame_stats_dag.py
[2025-05-02T23:27:50.038+0000] {processor.py:925} INFO - DAG(s) 'nba_stats_dag' retrieved from /opt/airflow/dags/pergame_stats_dag.py
[2025-05-02T23:27:50.045+0000] {logging_mixin.py:190} INFO - [2025-05-02T23:27:50.044+0000] {dag.py:3239} INFO - Sync 1 DAGs
[2025-05-02T23:27:50.048+0000] {logging_mixin.py:190} INFO - [2025-05-02T23:27:50.048+0000] {dag.py:4180} INFO - Setting next_dagrun for nba_stats_dag to None, run_after=None
[2025-05-02T23:27:50.053+0000] {processor.py:208} INFO - Processing /opt/airflow/dags/pergame_stats_dag.py took 0.127 seconds
[2025-05-02T23:28:20.403+0000] {processor.py:186} INFO - Started process (PID=175) to work on /opt/airflow/dags/pergame_stats_dag.py
[2025-05-02T23:28:20.403+0000] {processor.py:914} INFO - Processing file /opt/airflow/dags/pergame_stats_dag.py for tasks to queue
[2025-05-02T23:28:20.404+0000] {logging_mixin.py:190} INFO - [2025-05-02T23:28:20.403+0000] {dagbag.py:588} INFO - Filling up the DagBag from /opt/airflow/dags/pergame_stats_dag.py
[2025-05-02T23:28:20.503+0000] {processor.py:925} INFO - DAG(s) 'nba_stats_dag' retrieved from /opt/airflow/dags/pergame_stats_dag.py
[2025-05-02T23:28:20.510+0000] {logging_mixin.py:190} INFO - [2025-05-02T23:28:20.510+0000] {dag.py:3239} INFO - Sync 1 DAGs
[2025-05-02T23:28:20.514+0000] {logging_mixin.py:190} INFO - [2025-05-02T23:28:20.514+0000] {dag.py:4180} INFO - Setting next_dagrun for nba_stats_dag to None, run_after=None
[2025-05-02T23:28:20.519+0000] {processor.py:208} INFO - Processing /opt/airflow/dags/pergame_stats_dag.py took 0.120 seconds
[2025-05-02T23:28:51.065+0000] {processor.py:186} INFO - Started process (PID=180) to work on /opt/airflow/dags/pergame_stats_dag.py
[2025-05-02T23:28:51.066+0000] {processor.py:914} INFO - Processing file /opt/airflow/dags/pergame_stats_dag.py for tasks to queue
[2025-05-02T23:28:51.067+0000] {logging_mixin.py:190} INFO - [2025-05-02T23:28:51.067+0000] {dagbag.py:588} INFO - Filling up the DagBag from /opt/airflow/dags/pergame_stats_dag.py
[2025-05-02T23:28:51.176+0000] {processor.py:925} INFO - DAG(s) 'nba_stats_dag' retrieved from /opt/airflow/dags/pergame_stats_dag.py
[2025-05-02T23:28:51.183+0000] {logging_mixin.py:190} INFO - [2025-05-02T23:28:51.182+0000] {dag.py:3239} INFO - Sync 1 DAGs
[2025-05-02T23:28:51.186+0000] {logging_mixin.py:190} INFO - [2025-05-02T23:28:51.186+0000] {dag.py:4180} INFO - Setting next_dagrun for nba_stats_dag to None, run_after=None
[2025-05-02T23:28:51.192+0000] {processor.py:208} INFO - Processing /opt/airflow/dags/pergame_stats_dag.py took 0.136 seconds
[2025-05-02T23:29:21.626+0000] {processor.py:186} INFO - Started process (PID=185) to work on /opt/airflow/dags/pergame_stats_dag.py
[2025-05-02T23:29:21.627+0000] {processor.py:914} INFO - Processing file /opt/airflow/dags/pergame_stats_dag.py for tasks to queue
[2025-05-02T23:29:21.628+0000] {logging_mixin.py:190} INFO - [2025-05-02T23:29:21.628+0000] {dagbag.py:588} INFO - Filling up the DagBag from /opt/airflow/dags/pergame_stats_dag.py
[2025-05-02T23:29:21.727+0000] {processor.py:925} INFO - DAG(s) 'nba_stats_dag' retrieved from /opt/airflow/dags/pergame_stats_dag.py
[2025-05-02T23:29:21.733+0000] {logging_mixin.py:190} INFO - [2025-05-02T23:29:21.733+0000] {dag.py:3239} INFO - Sync 1 DAGs
[2025-05-02T23:29:21.738+0000] {logging_mixin.py:190} INFO - [2025-05-02T23:29:21.738+0000] {dag.py:4180} INFO - Setting next_dagrun for nba_stats_dag to None, run_after=None
[2025-05-02T23:29:21.743+0000] {processor.py:208} INFO - Processing /opt/airflow/dags/pergame_stats_dag.py took 0.122 seconds
[2025-05-02T23:29:52.190+0000] {processor.py:186} INFO - Started process (PID=190) to work on /opt/airflow/dags/pergame_stats_dag.py
[2025-05-02T23:29:52.190+0000] {processor.py:914} INFO - Processing file /opt/airflow/dags/pergame_stats_dag.py for tasks to queue
[2025-05-02T23:29:52.191+0000] {logging_mixin.py:190} INFO - [2025-05-02T23:29:52.191+0000] {dagbag.py:588} INFO - Filling up the DagBag from /opt/airflow/dags/pergame_stats_dag.py
[2025-05-02T23:29:52.294+0000] {processor.py:925} INFO - DAG(s) 'nba_stats_dag' retrieved from /opt/airflow/dags/pergame_stats_dag.py
[2025-05-02T23:29:52.301+0000] {logging_mixin.py:190} INFO - [2025-05-02T23:29:52.301+0000] {dag.py:3239} INFO - Sync 1 DAGs
[2025-05-02T23:29:52.305+0000] {logging_mixin.py:190} INFO - [2025-05-02T23:29:52.305+0000] {dag.py:4180} INFO - Setting next_dagrun for nba_stats_dag to None, run_after=None
[2025-05-02T23:29:52.310+0000] {processor.py:208} INFO - Processing /opt/airflow/dags/pergame_stats_dag.py took 0.124 seconds
[2025-05-02T23:30:22.714+0000] {processor.py:186} INFO - Started process (PID=195) to work on /opt/airflow/dags/pergame_stats_dag.py
[2025-05-02T23:30:22.723+0000] {processor.py:914} INFO - Processing file /opt/airflow/dags/pergame_stats_dag.py for tasks to queue
[2025-05-02T23:30:22.733+0000] {logging_mixin.py:190} INFO - [2025-05-02T23:30:22.730+0000] {dagbag.py:588} INFO - Filling up the DagBag from /opt/airflow/dags/pergame_stats_dag.py
[2025-05-02T23:30:22.801+0000] {processor.py:925} INFO - DAG(s) 'nba_stats_dag' retrieved from /opt/airflow/dags/pergame_stats_dag.py
[2025-05-02T23:30:22.932+0000] {logging_mixin.py:190} INFO - [2025-05-02T23:30:22.932+0000] {dag.py:3239} INFO - Sync 1 DAGs
[2025-05-02T23:30:22.937+0000] {logging_mixin.py:190} INFO - [2025-05-02T23:30:22.937+0000] {dag.py:4180} INFO - Setting next_dagrun for nba_stats_dag to None, run_after=None
[2025-05-02T23:30:23.038+0000] {processor.py:208} INFO - Processing /opt/airflow/dags/pergame_stats_dag.py took 0.351 seconds
[2025-05-02T23:30:32.345+0000] {processor.py:186} INFO - Started process (PID=36) to work on /opt/airflow/dags/pergame_stats_dag.py
[2025-05-02T23:30:32.346+0000] {processor.py:914} INFO - Processing file /opt/airflow/dags/pergame_stats_dag.py for tasks to queue
[2025-05-02T23:30:32.346+0000] {logging_mixin.py:190} INFO - [2025-05-02T23:30:32.346+0000] {dagbag.py:588} INFO - Filling up the DagBag from /opt/airflow/dags/pergame_stats_dag.py
[2025-05-02T23:30:32.379+0000] {processor.py:925} INFO - DAG(s) 'nba_stats_dag' retrieved from /opt/airflow/dags/pergame_stats_dag.py
[2025-05-02T23:30:32.390+0000] {logging_mixin.py:190} INFO - [2025-05-02T23:30:32.390+0000] {dag.py:3239} INFO - Sync 1 DAGs
[2025-05-02T23:30:32.396+0000] {logging_mixin.py:190} INFO - [2025-05-02T23:30:32.396+0000] {dag.py:4180} INFO - Setting next_dagrun for nba_stats_dag to None, run_after=None
[2025-05-02T23:30:32.402+0000] {processor.py:208} INFO - Processing /opt/airflow/dags/pergame_stats_dag.py took 0.060 seconds
[2025-05-02T23:31:02.925+0000] {processor.py:186} INFO - Started process (PID=41) to work on /opt/airflow/dags/pergame_stats_dag.py
[2025-05-02T23:31:02.926+0000] {processor.py:914} INFO - Processing file /opt/airflow/dags/pergame_stats_dag.py for tasks to queue
[2025-05-02T23:31:02.926+0000] {logging_mixin.py:190} INFO - [2025-05-02T23:31:02.926+0000] {dagbag.py:588} INFO - Filling up the DagBag from /opt/airflow/dags/pergame_stats_dag.py
[2025-05-02T23:31:02.969+0000] {processor.py:925} INFO - DAG(s) 'nba_stats_dag' retrieved from /opt/airflow/dags/pergame_stats_dag.py
[2025-05-02T23:31:02.981+0000] {logging_mixin.py:190} INFO - [2025-05-02T23:31:02.981+0000] {dag.py:3239} INFO - Sync 1 DAGs
[2025-05-02T23:31:02.987+0000] {logging_mixin.py:190} INFO - [2025-05-02T23:31:02.987+0000] {dag.py:4180} INFO - Setting next_dagrun for nba_stats_dag to None, run_after=None
[2025-05-02T23:31:02.994+0000] {processor.py:208} INFO - Processing /opt/airflow/dags/pergame_stats_dag.py took 0.073 seconds
[2025-05-02T23:31:33.495+0000] {processor.py:186} INFO - Started process (PID=46) to work on /opt/airflow/dags/pergame_stats_dag.py
[2025-05-02T23:31:33.495+0000] {processor.py:914} INFO - Processing file /opt/airflow/dags/pergame_stats_dag.py for tasks to queue
[2025-05-02T23:31:33.496+0000] {logging_mixin.py:190} INFO - [2025-05-02T23:31:33.496+0000] {dagbag.py:588} INFO - Filling up the DagBag from /opt/airflow/dags/pergame_stats_dag.py
[2025-05-02T23:31:33.538+0000] {processor.py:925} INFO - DAG(s) 'nba_stats_dag' retrieved from /opt/airflow/dags/pergame_stats_dag.py
[2025-05-02T23:31:33.548+0000] {logging_mixin.py:190} INFO - [2025-05-02T23:31:33.548+0000] {dag.py:3239} INFO - Sync 1 DAGs
[2025-05-02T23:31:33.554+0000] {logging_mixin.py:190} INFO - [2025-05-02T23:31:33.554+0000] {dag.py:4180} INFO - Setting next_dagrun for nba_stats_dag to None, run_after=None
[2025-05-02T23:31:33.634+0000] {processor.py:208} INFO - Processing /opt/airflow/dags/pergame_stats_dag.py took 0.145 seconds
[2025-05-02T23:32:04.020+0000] {processor.py:186} INFO - Started process (PID=51) to work on /opt/airflow/dags/pergame_stats_dag.py
[2025-05-02T23:32:04.020+0000] {processor.py:914} INFO - Processing file /opt/airflow/dags/pergame_stats_dag.py for tasks to queue
[2025-05-02T23:32:04.021+0000] {logging_mixin.py:190} INFO - [2025-05-02T23:32:04.020+0000] {dagbag.py:588} INFO - Filling up the DagBag from /opt/airflow/dags/pergame_stats_dag.py
[2025-05-02T23:32:04.058+0000] {processor.py:925} INFO - DAG(s) 'nba_stats_dag' retrieved from /opt/airflow/dags/pergame_stats_dag.py
[2025-05-02T23:32:04.068+0000] {logging_mixin.py:190} INFO - [2025-05-02T23:32:04.068+0000] {dag.py:3239} INFO - Sync 1 DAGs
[2025-05-02T23:32:04.144+0000] {logging_mixin.py:190} INFO - [2025-05-02T23:32:04.144+0000] {dag.py:4180} INFO - Setting next_dagrun for nba_stats_dag to None, run_after=None
[2025-05-02T23:32:04.150+0000] {processor.py:208} INFO - Processing /opt/airflow/dags/pergame_stats_dag.py took 0.134 seconds
[2025-05-02T23:32:34.571+0000] {processor.py:186} INFO - Started process (PID=56) to work on /opt/airflow/dags/pergame_stats_dag.py
[2025-05-02T23:32:34.571+0000] {processor.py:914} INFO - Processing file /opt/airflow/dags/pergame_stats_dag.py for tasks to queue
[2025-05-02T23:32:34.572+0000] {logging_mixin.py:190} INFO - [2025-05-02T23:32:34.572+0000] {dagbag.py:588} INFO - Filling up the DagBag from /opt/airflow/dags/pergame_stats_dag.py
[2025-05-02T23:32:34.613+0000] {processor.py:925} INFO - DAG(s) 'nba_stats_dag' retrieved from /opt/airflow/dags/pergame_stats_dag.py
[2025-05-02T23:32:34.623+0000] {logging_mixin.py:190} INFO - [2025-05-02T23:32:34.623+0000] {dag.py:3239} INFO - Sync 1 DAGs
[2025-05-02T23:32:34.689+0000] {logging_mixin.py:190} INFO - [2025-05-02T23:32:34.689+0000] {dag.py:4180} INFO - Setting next_dagrun for nba_stats_dag to None, run_after=None
[2025-05-02T23:32:34.694+0000] {processor.py:208} INFO - Processing /opt/airflow/dags/pergame_stats_dag.py took 0.127 seconds
[2025-05-02T23:33:05.159+0000] {processor.py:186} INFO - Started process (PID=61) to work on /opt/airflow/dags/pergame_stats_dag.py
[2025-05-02T23:33:05.160+0000] {processor.py:914} INFO - Processing file /opt/airflow/dags/pergame_stats_dag.py for tasks to queue
[2025-05-02T23:33:05.160+0000] {logging_mixin.py:190} INFO - [2025-05-02T23:33:05.160+0000] {dagbag.py:588} INFO - Filling up the DagBag from /opt/airflow/dags/pergame_stats_dag.py
[2025-05-02T23:33:05.278+0000] {processor.py:925} INFO - DAG(s) 'nba_stats_dag' retrieved from /opt/airflow/dags/pergame_stats_dag.py
[2025-05-02T23:33:05.286+0000] {logging_mixin.py:190} INFO - [2025-05-02T23:33:05.286+0000] {dag.py:3239} INFO - Sync 1 DAGs
[2025-05-02T23:33:05.291+0000] {logging_mixin.py:190} INFO - [2025-05-02T23:33:05.291+0000] {dag.py:4180} INFO - Setting next_dagrun for nba_stats_dag to None, run_after=None
[2025-05-02T23:33:05.298+0000] {processor.py:208} INFO - Processing /opt/airflow/dags/pergame_stats_dag.py took 0.144 seconds
[2025-05-02T23:33:35.780+0000] {processor.py:186} INFO - Started process (PID=66) to work on /opt/airflow/dags/pergame_stats_dag.py
[2025-05-02T23:33:35.781+0000] {processor.py:914} INFO - Processing file /opt/airflow/dags/pergame_stats_dag.py for tasks to queue
[2025-05-02T23:33:35.781+0000] {logging_mixin.py:190} INFO - [2025-05-02T23:33:35.781+0000] {dagbag.py:588} INFO - Filling up the DagBag from /opt/airflow/dags/pergame_stats_dag.py
[2025-05-02T23:33:35.898+0000] {processor.py:925} INFO - DAG(s) 'nba_stats_dag' retrieved from /opt/airflow/dags/pergame_stats_dag.py
[2025-05-02T23:33:35.906+0000] {logging_mixin.py:190} INFO - [2025-05-02T23:33:35.906+0000] {dag.py:3239} INFO - Sync 1 DAGs
[2025-05-02T23:33:35.910+0000] {logging_mixin.py:190} INFO - [2025-05-02T23:33:35.910+0000] {dag.py:4180} INFO - Setting next_dagrun for nba_stats_dag to None, run_after=None
[2025-05-02T23:33:35.915+0000] {processor.py:208} INFO - Processing /opt/airflow/dags/pergame_stats_dag.py took 0.141 seconds
[2025-05-02T23:35:20.530+0000] {processor.py:186} INFO - Started process (PID=36) to work on /opt/airflow/dags/pergame_stats_dag.py
[2025-05-02T23:35:20.531+0000] {processor.py:914} INFO - Processing file /opt/airflow/dags/pergame_stats_dag.py for tasks to queue
[2025-05-02T23:35:20.532+0000] {logging_mixin.py:190} INFO - [2025-05-02T23:35:20.531+0000] {dagbag.py:588} INFO - Filling up the DagBag from /opt/airflow/dags/pergame_stats_dag.py
[2025-05-02T23:35:20.577+0000] {processor.py:925} INFO - DAG(s) 'nba_stats_dag' retrieved from /opt/airflow/dags/pergame_stats_dag.py
[2025-05-02T23:35:20.593+0000] {logging_mixin.py:190} INFO - [2025-05-02T23:35:20.592+0000] {dag.py:3239} INFO - Sync 1 DAGs
[2025-05-02T23:35:20.602+0000] {logging_mixin.py:190} INFO - [2025-05-02T23:35:20.602+0000] {dag.py:4180} INFO - Setting next_dagrun for nba_stats_dag to None, run_after=None
[2025-05-02T23:35:20.611+0000] {processor.py:208} INFO - Processing /opt/airflow/dags/pergame_stats_dag.py took 0.085 seconds
[2025-05-02T23:35:51.134+0000] {processor.py:186} INFO - Started process (PID=41) to work on /opt/airflow/dags/pergame_stats_dag.py
[2025-05-02T23:35:51.134+0000] {processor.py:914} INFO - Processing file /opt/airflow/dags/pergame_stats_dag.py for tasks to queue
[2025-05-02T23:35:51.135+0000] {logging_mixin.py:190} INFO - [2025-05-02T23:35:51.135+0000] {dagbag.py:588} INFO - Filling up the DagBag from /opt/airflow/dags/pergame_stats_dag.py
[2025-05-02T23:35:51.176+0000] {processor.py:925} INFO - DAG(s) 'nba_stats_dag' retrieved from /opt/airflow/dags/pergame_stats_dag.py
[2025-05-02T23:35:51.189+0000] {logging_mixin.py:190} INFO - [2025-05-02T23:35:51.189+0000] {dag.py:3239} INFO - Sync 1 DAGs
[2025-05-02T23:35:51.198+0000] {logging_mixin.py:190} INFO - [2025-05-02T23:35:51.198+0000] {dag.py:4180} INFO - Setting next_dagrun for nba_stats_dag to None, run_after=None
[2025-05-02T23:35:51.209+0000] {processor.py:208} INFO - Processing /opt/airflow/dags/pergame_stats_dag.py took 0.078 seconds
[2025-05-02T23:36:21.797+0000] {processor.py:186} INFO - Started process (PID=46) to work on /opt/airflow/dags/pergame_stats_dag.py
[2025-05-02T23:36:21.797+0000] {processor.py:914} INFO - Processing file /opt/airflow/dags/pergame_stats_dag.py for tasks to queue
[2025-05-02T23:36:21.798+0000] {logging_mixin.py:190} INFO - [2025-05-02T23:36:21.798+0000] {dagbag.py:588} INFO - Filling up the DagBag from /opt/airflow/dags/pergame_stats_dag.py
[2025-05-02T23:36:21.837+0000] {processor.py:925} INFO - DAG(s) 'nba_stats_dag' retrieved from /opt/airflow/dags/pergame_stats_dag.py
[2025-05-02T23:36:21.848+0000] {logging_mixin.py:190} INFO - [2025-05-02T23:36:21.848+0000] {dag.py:3239} INFO - Sync 1 DAGs
[2025-05-02T23:36:21.855+0000] {logging_mixin.py:190} INFO - [2025-05-02T23:36:21.855+0000] {dag.py:4180} INFO - Setting next_dagrun for nba_stats_dag to None, run_after=None
[2025-05-02T23:36:21.862+0000] {processor.py:208} INFO - Processing /opt/airflow/dags/pergame_stats_dag.py took 0.068 seconds
[2025-05-02T23:36:52.512+0000] {processor.py:186} INFO - Started process (PID=51) to work on /opt/airflow/dags/pergame_stats_dag.py
[2025-05-02T23:36:52.512+0000] {processor.py:914} INFO - Processing file /opt/airflow/dags/pergame_stats_dag.py for tasks to queue
[2025-05-02T23:36:52.513+0000] {logging_mixin.py:190} INFO - [2025-05-02T23:36:52.513+0000] {dagbag.py:588} INFO - Filling up the DagBag from /opt/airflow/dags/pergame_stats_dag.py
[2025-05-02T23:36:52.558+0000] {processor.py:925} INFO - DAG(s) 'nba_stats_dag' retrieved from /opt/airflow/dags/pergame_stats_dag.py
[2025-05-02T23:36:52.569+0000] {logging_mixin.py:190} INFO - [2025-05-02T23:36:52.569+0000] {dag.py:3239} INFO - Sync 1 DAGs
[2025-05-02T23:36:52.576+0000] {logging_mixin.py:190} INFO - [2025-05-02T23:36:52.576+0000] {dag.py:4180} INFO - Setting next_dagrun for nba_stats_dag to None, run_after=None
[2025-05-02T23:36:52.583+0000] {processor.py:208} INFO - Processing /opt/airflow/dags/pergame_stats_dag.py took 0.077 seconds
[2025-05-02T23:37:23.232+0000] {processor.py:186} INFO - Started process (PID=56) to work on /opt/airflow/dags/pergame_stats_dag.py
[2025-05-02T23:37:23.232+0000] {processor.py:914} INFO - Processing file /opt/airflow/dags/pergame_stats_dag.py for tasks to queue
[2025-05-02T23:37:23.233+0000] {logging_mixin.py:190} INFO - [2025-05-02T23:37:23.233+0000] {dagbag.py:588} INFO - Filling up the DagBag from /opt/airflow/dags/pergame_stats_dag.py
[2025-05-02T23:37:23.280+0000] {processor.py:925} INFO - DAG(s) 'nba_stats_dag' retrieved from /opt/airflow/dags/pergame_stats_dag.py
[2025-05-02T23:37:23.291+0000] {logging_mixin.py:190} INFO - [2025-05-02T23:37:23.291+0000] {dag.py:3239} INFO - Sync 1 DAGs
[2025-05-02T23:37:23.297+0000] {logging_mixin.py:190} INFO - [2025-05-02T23:37:23.297+0000] {dag.py:4180} INFO - Setting next_dagrun for nba_stats_dag to None, run_after=None
[2025-05-02T23:37:23.303+0000] {processor.py:208} INFO - Processing /opt/airflow/dags/pergame_stats_dag.py took 0.077 seconds
[2025-05-02T23:37:53.723+0000] {processor.py:186} INFO - Started process (PID=61) to work on /opt/airflow/dags/pergame_stats_dag.py
[2025-05-02T23:37:53.724+0000] {processor.py:914} INFO - Processing file /opt/airflow/dags/pergame_stats_dag.py for tasks to queue
[2025-05-02T23:37:53.724+0000] {logging_mixin.py:190} INFO - [2025-05-02T23:37:53.724+0000] {dagbag.py:588} INFO - Filling up the DagBag from /opt/airflow/dags/pergame_stats_dag.py
[2025-05-02T23:37:53.763+0000] {processor.py:925} INFO - DAG(s) 'nba_stats_dag' retrieved from /opt/airflow/dags/pergame_stats_dag.py
[2025-05-02T23:37:53.774+0000] {logging_mixin.py:190} INFO - [2025-05-02T23:37:53.774+0000] {dag.py:3239} INFO - Sync 1 DAGs
[2025-05-02T23:37:53.780+0000] {logging_mixin.py:190} INFO - [2025-05-02T23:37:53.779+0000] {dag.py:4180} INFO - Setting next_dagrun for nba_stats_dag to None, run_after=None
[2025-05-02T23:37:53.786+0000] {processor.py:208} INFO - Processing /opt/airflow/dags/pergame_stats_dag.py took 0.067 seconds
[2025-05-02T23:38:24.368+0000] {processor.py:186} INFO - Started process (PID=66) to work on /opt/airflow/dags/pergame_stats_dag.py
[2025-05-02T23:38:24.369+0000] {processor.py:914} INFO - Processing file /opt/airflow/dags/pergame_stats_dag.py for tasks to queue
[2025-05-02T23:38:24.370+0000] {logging_mixin.py:190} INFO - [2025-05-02T23:38:24.370+0000] {dagbag.py:588} INFO - Filling up the DagBag from /opt/airflow/dags/pergame_stats_dag.py
[2025-05-02T23:38:24.416+0000] {processor.py:925} INFO - DAG(s) 'nba_stats_dag' retrieved from /opt/airflow/dags/pergame_stats_dag.py
[2025-05-02T23:38:24.427+0000] {logging_mixin.py:190} INFO - [2025-05-02T23:38:24.426+0000] {dag.py:3239} INFO - Sync 1 DAGs
[2025-05-02T23:38:24.432+0000] {logging_mixin.py:190} INFO - [2025-05-02T23:38:24.432+0000] {dag.py:4180} INFO - Setting next_dagrun for nba_stats_dag to None, run_after=None
[2025-05-02T23:38:24.439+0000] {processor.py:208} INFO - Processing /opt/airflow/dags/pergame_stats_dag.py took 0.075 seconds
[2025-05-02T23:38:54.970+0000] {processor.py:186} INFO - Started process (PID=71) to work on /opt/airflow/dags/pergame_stats_dag.py
[2025-05-02T23:38:54.971+0000] {processor.py:914} INFO - Processing file /opt/airflow/dags/pergame_stats_dag.py for tasks to queue
[2025-05-02T23:38:54.972+0000] {logging_mixin.py:190} INFO - [2025-05-02T23:38:54.972+0000] {dagbag.py:588} INFO - Filling up the DagBag from /opt/airflow/dags/pergame_stats_dag.py
[2025-05-02T23:38:55.014+0000] {processor.py:925} INFO - DAG(s) 'nba_stats_dag' retrieved from /opt/airflow/dags/pergame_stats_dag.py
[2025-05-02T23:38:55.025+0000] {logging_mixin.py:190} INFO - [2025-05-02T23:38:55.025+0000] {dag.py:3239} INFO - Sync 1 DAGs
[2025-05-02T23:38:55.107+0000] {logging_mixin.py:190} INFO - [2025-05-02T23:38:55.107+0000] {dag.py:4180} INFO - Setting next_dagrun for nba_stats_dag to None, run_after=None
[2025-05-02T23:38:55.114+0000] {processor.py:208} INFO - Processing /opt/airflow/dags/pergame_stats_dag.py took 0.148 seconds
[2025-05-02T23:39:25.445+0000] {processor.py:186} INFO - Started process (PID=76) to work on /opt/airflow/dags/pergame_stats_dag.py
[2025-05-02T23:39:25.445+0000] {processor.py:914} INFO - Processing file /opt/airflow/dags/pergame_stats_dag.py for tasks to queue
[2025-05-02T23:39:25.446+0000] {logging_mixin.py:190} INFO - [2025-05-02T23:39:25.446+0000] {dagbag.py:588} INFO - Filling up the DagBag from /opt/airflow/dags/pergame_stats_dag.py
[2025-05-02T23:39:25.483+0000] {processor.py:925} INFO - DAG(s) 'nba_stats_dag' retrieved from /opt/airflow/dags/pergame_stats_dag.py
[2025-05-02T23:39:25.495+0000] {logging_mixin.py:190} INFO - [2025-05-02T23:39:25.494+0000] {dag.py:3239} INFO - Sync 1 DAGs
[2025-05-02T23:39:25.580+0000] {logging_mixin.py:190} INFO - [2025-05-02T23:39:25.580+0000] {dag.py:4180} INFO - Setting next_dagrun for nba_stats_dag to None, run_after=None
[2025-05-02T23:39:25.587+0000] {processor.py:208} INFO - Processing /opt/airflow/dags/pergame_stats_dag.py took 0.145 seconds
[2025-05-02T23:39:56.064+0000] {processor.py:186} INFO - Started process (PID=81) to work on /opt/airflow/dags/pergame_stats_dag.py
[2025-05-02T23:39:56.065+0000] {processor.py:914} INFO - Processing file /opt/airflow/dags/pergame_stats_dag.py for tasks to queue
[2025-05-02T23:39:56.066+0000] {logging_mixin.py:190} INFO - [2025-05-02T23:39:56.066+0000] {dagbag.py:588} INFO - Filling up the DagBag from /opt/airflow/dags/pergame_stats_dag.py
[2025-05-02T23:39:56.102+0000] {processor.py:925} INFO - DAG(s) 'nba_stats_dag' retrieved from /opt/airflow/dags/pergame_stats_dag.py
[2025-05-02T23:39:56.190+0000] {logging_mixin.py:190} INFO - [2025-05-02T23:39:56.190+0000] {dag.py:3239} INFO - Sync 1 DAGs
[2025-05-02T23:39:56.195+0000] {logging_mixin.py:190} INFO - [2025-05-02T23:39:56.194+0000] {dag.py:4180} INFO - Setting next_dagrun for nba_stats_dag to None, run_after=None
[2025-05-02T23:39:56.201+0000] {processor.py:208} INFO - Processing /opt/airflow/dags/pergame_stats_dag.py took 0.140 seconds
[2025-05-02T23:40:26.578+0000] {processor.py:186} INFO - Started process (PID=86) to work on /opt/airflow/dags/pergame_stats_dag.py
[2025-05-02T23:40:26.580+0000] {processor.py:914} INFO - Processing file /opt/airflow/dags/pergame_stats_dag.py for tasks to queue
[2025-05-02T23:40:26.582+0000] {logging_mixin.py:190} INFO - [2025-05-02T23:40:26.581+0000] {dagbag.py:588} INFO - Filling up the DagBag from /opt/airflow/dags/pergame_stats_dag.py
[2025-05-02T23:40:26.703+0000] {processor.py:925} INFO - DAG(s) 'nba_stats_dag' retrieved from /opt/airflow/dags/pergame_stats_dag.py
[2025-05-02T23:40:26.711+0000] {logging_mixin.py:190} INFO - [2025-05-02T23:40:26.711+0000] {dag.py:3239} INFO - Sync 1 DAGs
[2025-05-02T23:40:26.716+0000] {logging_mixin.py:190} INFO - [2025-05-02T23:40:26.715+0000] {dag.py:4180} INFO - Setting next_dagrun for nba_stats_dag to None, run_after=None
[2025-05-02T23:40:26.722+0000] {processor.py:208} INFO - Processing /opt/airflow/dags/pergame_stats_dag.py took 0.156 seconds
[2025-05-02T23:40:57.144+0000] {processor.py:186} INFO - Started process (PID=91) to work on /opt/airflow/dags/pergame_stats_dag.py
[2025-05-02T23:40:57.145+0000] {processor.py:914} INFO - Processing file /opt/airflow/dags/pergame_stats_dag.py for tasks to queue
[2025-05-02T23:40:57.146+0000] {logging_mixin.py:190} INFO - [2025-05-02T23:40:57.145+0000] {dagbag.py:588} INFO - Filling up the DagBag from /opt/airflow/dags/pergame_stats_dag.py
[2025-05-02T23:40:57.258+0000] {processor.py:925} INFO - DAG(s) 'nba_stats_dag' retrieved from /opt/airflow/dags/pergame_stats_dag.py
[2025-05-02T23:40:57.265+0000] {logging_mixin.py:190} INFO - [2025-05-02T23:40:57.265+0000] {dag.py:3239} INFO - Sync 1 DAGs
[2025-05-02T23:40:57.270+0000] {logging_mixin.py:190} INFO - [2025-05-02T23:40:57.269+0000] {dag.py:4180} INFO - Setting next_dagrun for nba_stats_dag to None, run_after=None
[2025-05-02T23:40:57.276+0000] {processor.py:208} INFO - Processing /opt/airflow/dags/pergame_stats_dag.py took 0.135 seconds
[2025-05-02T23:41:27.747+0000] {processor.py:186} INFO - Started process (PID=96) to work on /opt/airflow/dags/pergame_stats_dag.py
[2025-05-02T23:41:27.748+0000] {processor.py:914} INFO - Processing file /opt/airflow/dags/pergame_stats_dag.py for tasks to queue
[2025-05-02T23:41:27.749+0000] {logging_mixin.py:190} INFO - [2025-05-02T23:41:27.749+0000] {dagbag.py:588} INFO - Filling up the DagBag from /opt/airflow/dags/pergame_stats_dag.py
[2025-05-02T23:41:27.866+0000] {processor.py:925} INFO - DAG(s) 'nba_stats_dag' retrieved from /opt/airflow/dags/pergame_stats_dag.py
[2025-05-02T23:41:27.874+0000] {logging_mixin.py:190} INFO - [2025-05-02T23:41:27.873+0000] {dag.py:3239} INFO - Sync 1 DAGs
[2025-05-02T23:41:27.878+0000] {logging_mixin.py:190} INFO - [2025-05-02T23:41:27.878+0000] {dag.py:4180} INFO - Setting next_dagrun for nba_stats_dag to None, run_after=None
[2025-05-02T23:41:27.884+0000] {processor.py:208} INFO - Processing /opt/airflow/dags/pergame_stats_dag.py took 0.145 seconds
[2025-05-02T23:41:58.385+0000] {processor.py:186} INFO - Started process (PID=101) to work on /opt/airflow/dags/pergame_stats_dag.py
[2025-05-02T23:41:58.386+0000] {processor.py:914} INFO - Processing file /opt/airflow/dags/pergame_stats_dag.py for tasks to queue
[2025-05-02T23:41:58.388+0000] {logging_mixin.py:190} INFO - [2025-05-02T23:41:58.387+0000] {dagbag.py:588} INFO - Filling up the DagBag from /opt/airflow/dags/pergame_stats_dag.py
[2025-05-02T23:41:58.507+0000] {processor.py:925} INFO - DAG(s) 'nba_stats_dag' retrieved from /opt/airflow/dags/pergame_stats_dag.py
[2025-05-02T23:41:58.515+0000] {logging_mixin.py:190} INFO - [2025-05-02T23:41:58.514+0000] {dag.py:3239} INFO - Sync 1 DAGs
[2025-05-02T23:41:58.519+0000] {logging_mixin.py:190} INFO - [2025-05-02T23:41:58.519+0000] {dag.py:4180} INFO - Setting next_dagrun for nba_stats_dag to None, run_after=None
[2025-05-02T23:41:58.525+0000] {processor.py:208} INFO - Processing /opt/airflow/dags/pergame_stats_dag.py took 0.148 seconds
[2025-05-02T23:42:28.829+0000] {processor.py:186} INFO - Started process (PID=106) to work on /opt/airflow/dags/pergame_stats_dag.py
[2025-05-02T23:42:28.829+0000] {processor.py:914} INFO - Processing file /opt/airflow/dags/pergame_stats_dag.py for tasks to queue
[2025-05-02T23:42:28.830+0000] {logging_mixin.py:190} INFO - [2025-05-02T23:42:28.830+0000] {dagbag.py:588} INFO - Filling up the DagBag from /opt/airflow/dags/pergame_stats_dag.py
[2025-05-02T23:42:28.949+0000] {processor.py:925} INFO - DAG(s) 'nba_stats_dag' retrieved from /opt/airflow/dags/pergame_stats_dag.py
[2025-05-02T23:42:28.957+0000] {logging_mixin.py:190} INFO - [2025-05-02T23:42:28.957+0000] {dag.py:3239} INFO - Sync 1 DAGs
[2025-05-02T23:42:28.963+0000] {logging_mixin.py:190} INFO - [2025-05-02T23:42:28.963+0000] {dag.py:4180} INFO - Setting next_dagrun for nba_stats_dag to None, run_after=None
[2025-05-02T23:42:28.970+0000] {processor.py:208} INFO - Processing /opt/airflow/dags/pergame_stats_dag.py took 0.146 seconds
[2025-05-02T23:43:04.248+0000] {processor.py:186} INFO - Started process (PID=36) to work on /opt/airflow/dags/pergame_stats_dag.py
[2025-05-02T23:43:04.248+0000] {processor.py:914} INFO - Processing file /opt/airflow/dags/pergame_stats_dag.py for tasks to queue
[2025-05-02T23:43:04.249+0000] {logging_mixin.py:190} INFO - [2025-05-02T23:43:04.249+0000] {dagbag.py:588} INFO - Filling up the DagBag from /opt/airflow/dags/pergame_stats_dag.py
[2025-05-02T23:43:04.300+0000] {processor.py:925} INFO - DAG(s) 'nba_stats_dag' retrieved from /opt/airflow/dags/pergame_stats_dag.py
[2025-05-02T23:43:04.314+0000] {logging_mixin.py:190} INFO - [2025-05-02T23:43:04.313+0000] {dag.py:3239} INFO - Sync 1 DAGs
[2025-05-02T23:43:04.319+0000] {logging_mixin.py:190} INFO - [2025-05-02T23:43:04.319+0000] {dag.py:4180} INFO - Setting next_dagrun for nba_stats_dag to None, run_after=None
[2025-05-02T23:43:04.328+0000] {processor.py:208} INFO - Processing /opt/airflow/dags/pergame_stats_dag.py took 0.082 seconds
[2025-05-02T23:43:34.907+0000] {processor.py:186} INFO - Started process (PID=41) to work on /opt/airflow/dags/pergame_stats_dag.py
[2025-05-02T23:43:34.908+0000] {processor.py:914} INFO - Processing file /opt/airflow/dags/pergame_stats_dag.py for tasks to queue
[2025-05-02T23:43:34.908+0000] {logging_mixin.py:190} INFO - [2025-05-02T23:43:34.908+0000] {dagbag.py:588} INFO - Filling up the DagBag from /opt/airflow/dags/pergame_stats_dag.py
[2025-05-02T23:43:34.938+0000] {processor.py:925} INFO - DAG(s) 'nba_stats_dag' retrieved from /opt/airflow/dags/pergame_stats_dag.py
[2025-05-02T23:43:34.947+0000] {logging_mixin.py:190} INFO - [2025-05-02T23:43:34.947+0000] {dag.py:3239} INFO - Sync 1 DAGs
[2025-05-02T23:43:34.953+0000] {logging_mixin.py:190} INFO - [2025-05-02T23:43:34.953+0000] {dag.py:4180} INFO - Setting next_dagrun for nba_stats_dag to None, run_after=None
[2025-05-02T23:43:34.962+0000] {processor.py:208} INFO - Processing /opt/airflow/dags/pergame_stats_dag.py took 0.059 seconds
[2025-05-02T23:44:05.380+0000] {processor.py:186} INFO - Started process (PID=46) to work on /opt/airflow/dags/pergame_stats_dag.py
[2025-05-02T23:44:05.381+0000] {processor.py:914} INFO - Processing file /opt/airflow/dags/pergame_stats_dag.py for tasks to queue
[2025-05-02T23:44:05.381+0000] {logging_mixin.py:190} INFO - [2025-05-02T23:44:05.381+0000] {dagbag.py:588} INFO - Filling up the DagBag from /opt/airflow/dags/pergame_stats_dag.py
[2025-05-02T23:44:05.416+0000] {processor.py:925} INFO - DAG(s) 'nba_stats_dag' retrieved from /opt/airflow/dags/pergame_stats_dag.py
[2025-05-02T23:44:05.429+0000] {logging_mixin.py:190} INFO - [2025-05-02T23:44:05.429+0000] {dag.py:3239} INFO - Sync 1 DAGs
[2025-05-02T23:44:05.436+0000] {logging_mixin.py:190} INFO - [2025-05-02T23:44:05.436+0000] {dag.py:4180} INFO - Setting next_dagrun for nba_stats_dag to None, run_after=None
[2025-05-02T23:44:05.528+0000] {processor.py:208} INFO - Processing /opt/airflow/dags/pergame_stats_dag.py took 0.151 seconds
[2025-05-02T23:44:35.868+0000] {processor.py:186} INFO - Started process (PID=51) to work on /opt/airflow/dags/pergame_stats_dag.py
[2025-05-02T23:44:35.869+0000] {processor.py:914} INFO - Processing file /opt/airflow/dags/pergame_stats_dag.py for tasks to queue
[2025-05-02T23:44:35.869+0000] {logging_mixin.py:190} INFO - [2025-05-02T23:44:35.869+0000] {dagbag.py:588} INFO - Filling up the DagBag from /opt/airflow/dags/pergame_stats_dag.py
[2025-05-02T23:44:35.909+0000] {processor.py:925} INFO - DAG(s) 'nba_stats_dag' retrieved from /opt/airflow/dags/pergame_stats_dag.py
[2025-05-02T23:44:35.919+0000] {logging_mixin.py:190} INFO - [2025-05-02T23:44:35.919+0000] {dag.py:3239} INFO - Sync 1 DAGs
[2025-05-02T23:44:36.006+0000] {logging_mixin.py:190} INFO - [2025-05-02T23:44:36.006+0000] {dag.py:4180} INFO - Setting next_dagrun for nba_stats_dag to None, run_after=None
[2025-05-02T23:44:36.014+0000] {processor.py:208} INFO - Processing /opt/airflow/dags/pergame_stats_dag.py took 0.150 seconds
[2025-05-02T23:45:06.394+0000] {processor.py:186} INFO - Started process (PID=56) to work on /opt/airflow/dags/pergame_stats_dag.py
[2025-05-02T23:45:06.394+0000] {processor.py:914} INFO - Processing file /opt/airflow/dags/pergame_stats_dag.py for tasks to queue
[2025-05-02T23:45:06.395+0000] {logging_mixin.py:190} INFO - [2025-05-02T23:45:06.395+0000] {dagbag.py:588} INFO - Filling up the DagBag from /opt/airflow/dags/pergame_stats_dag.py
[2025-05-02T23:45:06.430+0000] {processor.py:925} INFO - DAG(s) 'nba_stats_dag' retrieved from /opt/airflow/dags/pergame_stats_dag.py
[2025-05-02T23:45:06.442+0000] {logging_mixin.py:190} INFO - [2025-05-02T23:45:06.442+0000] {dag.py:3239} INFO - Sync 1 DAGs
[2025-05-02T23:45:06.529+0000] {logging_mixin.py:190} INFO - [2025-05-02T23:45:06.529+0000] {dag.py:4180} INFO - Setting next_dagrun for nba_stats_dag to None, run_after=None
[2025-05-02T23:45:06.538+0000] {processor.py:208} INFO - Processing /opt/airflow/dags/pergame_stats_dag.py took 0.147 seconds
[2025-05-02T23:45:36.942+0000] {processor.py:186} INFO - Started process (PID=61) to work on /opt/airflow/dags/pergame_stats_dag.py
[2025-05-02T23:45:36.943+0000] {processor.py:914} INFO - Processing file /opt/airflow/dags/pergame_stats_dag.py for tasks to queue
[2025-05-02T23:45:36.944+0000] {logging_mixin.py:190} INFO - [2025-05-02T23:45:36.943+0000] {dagbag.py:588} INFO - Filling up the DagBag from /opt/airflow/dags/pergame_stats_dag.py
[2025-05-02T23:45:37.065+0000] {processor.py:925} INFO - DAG(s) 'nba_stats_dag' retrieved from /opt/airflow/dags/pergame_stats_dag.py
[2025-05-02T23:45:37.073+0000] {logging_mixin.py:190} INFO - [2025-05-02T23:45:37.073+0000] {dag.py:3239} INFO - Sync 1 DAGs
[2025-05-02T23:45:37.077+0000] {logging_mixin.py:190} INFO - [2025-05-02T23:45:37.077+0000] {dag.py:4180} INFO - Setting next_dagrun for nba_stats_dag to None, run_after=None
[2025-05-02T23:45:37.084+0000] {processor.py:208} INFO - Processing /opt/airflow/dags/pergame_stats_dag.py took 0.146 seconds
[2025-05-02T23:46:07.539+0000] {processor.py:186} INFO - Started process (PID=66) to work on /opt/airflow/dags/pergame_stats_dag.py
[2025-05-02T23:46:07.540+0000] {processor.py:914} INFO - Processing file /opt/airflow/dags/pergame_stats_dag.py for tasks to queue
[2025-05-02T23:46:07.541+0000] {logging_mixin.py:190} INFO - [2025-05-02T23:46:07.540+0000] {dagbag.py:588} INFO - Filling up the DagBag from /opt/airflow/dags/pergame_stats_dag.py
[2025-05-02T23:46:07.660+0000] {processor.py:925} INFO - DAG(s) 'nba_stats_dag' retrieved from /opt/airflow/dags/pergame_stats_dag.py
[2025-05-02T23:46:07.668+0000] {logging_mixin.py:190} INFO - [2025-05-02T23:46:07.668+0000] {dag.py:3239} INFO - Sync 1 DAGs
[2025-05-02T23:46:07.672+0000] {logging_mixin.py:190} INFO - [2025-05-02T23:46:07.672+0000] {dag.py:4180} INFO - Setting next_dagrun for nba_stats_dag to None, run_after=None
[2025-05-02T23:46:07.678+0000] {processor.py:208} INFO - Processing /opt/airflow/dags/pergame_stats_dag.py took 0.145 seconds
[2025-05-02T23:46:38.050+0000] {processor.py:186} INFO - Started process (PID=71) to work on /opt/airflow/dags/pergame_stats_dag.py
[2025-05-02T23:46:38.050+0000] {processor.py:914} INFO - Processing file /opt/airflow/dags/pergame_stats_dag.py for tasks to queue
[2025-05-02T23:46:38.051+0000] {logging_mixin.py:190} INFO - [2025-05-02T23:46:38.051+0000] {dagbag.py:588} INFO - Filling up the DagBag from /opt/airflow/dags/pergame_stats_dag.py
[2025-05-02T23:46:38.095+0000] {processor.py:925} INFO - DAG(s) 'nba_stats_dag' retrieved from /opt/airflow/dags/pergame_stats_dag.py
[2025-05-02T23:46:38.105+0000] {logging_mixin.py:190} INFO - [2025-05-02T23:46:38.105+0000] {dag.py:3239} INFO - Sync 1 DAGs
[2025-05-02T23:46:38.111+0000] {logging_mixin.py:190} INFO - [2025-05-02T23:46:38.111+0000] {dag.py:4180} INFO - Setting next_dagrun for nba_stats_dag to None, run_after=None
[2025-05-02T23:46:38.119+0000] {processor.py:208} INFO - Processing /opt/airflow/dags/pergame_stats_dag.py took 0.076 seconds
[2025-05-02T23:47:08.566+0000] {processor.py:186} INFO - Started process (PID=76) to work on /opt/airflow/dags/pergame_stats_dag.py
[2025-05-02T23:47:08.567+0000] {processor.py:914} INFO - Processing file /opt/airflow/dags/pergame_stats_dag.py for tasks to queue
[2025-05-02T23:47:08.568+0000] {logging_mixin.py:190} INFO - [2025-05-02T23:47:08.568+0000] {dagbag.py:588} INFO - Filling up the DagBag from /opt/airflow/dags/pergame_stats_dag.py
[2025-05-02T23:47:08.601+0000] {processor.py:925} INFO - DAG(s) 'nba_stats_dag' retrieved from /opt/airflow/dags/pergame_stats_dag.py
[2025-05-02T23:47:08.610+0000] {logging_mixin.py:190} INFO - [2025-05-02T23:47:08.610+0000] {dag.py:3239} INFO - Sync 1 DAGs
[2025-05-02T23:47:08.692+0000] {logging_mixin.py:190} INFO - [2025-05-02T23:47:08.692+0000] {dag.py:4180} INFO - Setting next_dagrun for nba_stats_dag to None, run_after=None
[2025-05-02T23:47:08.699+0000] {processor.py:208} INFO - Processing /opt/airflow/dags/pergame_stats_dag.py took 0.137 seconds
[2025-05-02T23:47:39.108+0000] {processor.py:186} INFO - Started process (PID=81) to work on /opt/airflow/dags/pergame_stats_dag.py
[2025-05-02T23:47:39.109+0000] {processor.py:914} INFO - Processing file /opt/airflow/dags/pergame_stats_dag.py for tasks to queue
[2025-05-02T23:47:39.109+0000] {logging_mixin.py:190} INFO - [2025-05-02T23:47:39.109+0000] {dagbag.py:588} INFO - Filling up the DagBag from /opt/airflow/dags/pergame_stats_dag.py
[2025-05-02T23:47:39.145+0000] {processor.py:925} INFO - DAG(s) 'nba_stats_dag' retrieved from /opt/airflow/dags/pergame_stats_dag.py
[2025-05-02T23:47:39.155+0000] {logging_mixin.py:190} INFO - [2025-05-02T23:47:39.155+0000] {dag.py:3239} INFO - Sync 1 DAGs
[2025-05-02T23:47:39.237+0000] {logging_mixin.py:190} INFO - [2025-05-02T23:47:39.237+0000] {dag.py:4180} INFO - Setting next_dagrun for nba_stats_dag to None, run_after=None
[2025-05-02T23:47:39.244+0000] {processor.py:208} INFO - Processing /opt/airflow/dags/pergame_stats_dag.py took 0.139 seconds
[2025-05-02T23:48:09.756+0000] {processor.py:186} INFO - Started process (PID=86) to work on /opt/airflow/dags/pergame_stats_dag.py
[2025-05-02T23:48:09.758+0000] {processor.py:914} INFO - Processing file /opt/airflow/dags/pergame_stats_dag.py for tasks to queue
[2025-05-02T23:48:09.758+0000] {logging_mixin.py:190} INFO - [2025-05-02T23:48:09.758+0000] {dagbag.py:588} INFO - Filling up the DagBag from /opt/airflow/dags/pergame_stats_dag.py
[2025-05-02T23:48:09.789+0000] {processor.py:925} INFO - DAG(s) 'nba_stats_dag' retrieved from /opt/airflow/dags/pergame_stats_dag.py
[2025-05-02T23:48:09.875+0000] {logging_mixin.py:190} INFO - [2025-05-02T23:48:09.875+0000] {dag.py:3239} INFO - Sync 1 DAGs
[2025-05-02T23:48:09.880+0000] {logging_mixin.py:190} INFO - [2025-05-02T23:48:09.880+0000] {dag.py:4180} INFO - Setting next_dagrun for nba_stats_dag to None, run_after=None
[2025-05-02T23:48:09.886+0000] {processor.py:208} INFO - Processing /opt/airflow/dags/pergame_stats_dag.py took 0.139 seconds
[2025-05-02T23:48:40.415+0000] {processor.py:186} INFO - Started process (PID=91) to work on /opt/airflow/dags/pergame_stats_dag.py
[2025-05-02T23:48:40.416+0000] {processor.py:914} INFO - Processing file /opt/airflow/dags/pergame_stats_dag.py for tasks to queue
[2025-05-02T23:48:40.417+0000] {logging_mixin.py:190} INFO - [2025-05-02T23:48:40.417+0000] {dagbag.py:588} INFO - Filling up the DagBag from /opt/airflow/dags/pergame_stats_dag.py
[2025-05-02T23:48:40.544+0000] {processor.py:925} INFO - DAG(s) 'nba_stats_dag' retrieved from /opt/airflow/dags/pergame_stats_dag.py
[2025-05-02T23:48:40.554+0000] {logging_mixin.py:190} INFO - [2025-05-02T23:48:40.553+0000] {dag.py:3239} INFO - Sync 1 DAGs
[2025-05-02T23:48:40.559+0000] {logging_mixin.py:190} INFO - [2025-05-02T23:48:40.559+0000] {dag.py:4180} INFO - Setting next_dagrun for nba_stats_dag to None, run_after=None
[2025-05-02T23:48:40.567+0000] {processor.py:208} INFO - Processing /opt/airflow/dags/pergame_stats_dag.py took 0.161 seconds
[2025-05-02T23:49:11.167+0000] {processor.py:186} INFO - Started process (PID=96) to work on /opt/airflow/dags/pergame_stats_dag.py
[2025-05-02T23:49:11.168+0000] {processor.py:914} INFO - Processing file /opt/airflow/dags/pergame_stats_dag.py for tasks to queue
[2025-05-02T23:49:11.169+0000] {logging_mixin.py:190} INFO - [2025-05-02T23:49:11.169+0000] {dagbag.py:588} INFO - Filling up the DagBag from /opt/airflow/dags/pergame_stats_dag.py
[2025-05-02T23:49:11.290+0000] {processor.py:925} INFO - DAG(s) 'nba_stats_dag' retrieved from /opt/airflow/dags/pergame_stats_dag.py
[2025-05-02T23:49:11.298+0000] {logging_mixin.py:190} INFO - [2025-05-02T23:49:11.298+0000] {dag.py:3239} INFO - Sync 1 DAGs
[2025-05-02T23:49:11.302+0000] {logging_mixin.py:190} INFO - [2025-05-02T23:49:11.302+0000] {dag.py:4180} INFO - Setting next_dagrun for nba_stats_dag to None, run_after=None
[2025-05-02T23:49:11.308+0000] {processor.py:208} INFO - Processing /opt/airflow/dags/pergame_stats_dag.py took 0.149 seconds
[2025-05-02T23:49:41.898+0000] {processor.py:186} INFO - Started process (PID=101) to work on /opt/airflow/dags/pergame_stats_dag.py
[2025-05-02T23:49:41.898+0000] {processor.py:914} INFO - Processing file /opt/airflow/dags/pergame_stats_dag.py for tasks to queue
[2025-05-02T23:49:41.900+0000] {logging_mixin.py:190} INFO - [2025-05-02T23:49:41.899+0000] {dagbag.py:588} INFO - Filling up the DagBag from /opt/airflow/dags/pergame_stats_dag.py
[2025-05-02T23:49:41.940+0000] {processor.py:925} INFO - DAG(s) 'nba_stats_dag' retrieved from /opt/airflow/dags/pergame_stats_dag.py
[2025-05-02T23:49:41.951+0000] {logging_mixin.py:190} INFO - [2025-05-02T23:49:41.950+0000] {dag.py:3239} INFO - Sync 1 DAGs
[2025-05-02T23:49:41.957+0000] {logging_mixin.py:190} INFO - [2025-05-02T23:49:41.957+0000] {dag.py:4180} INFO - Setting next_dagrun for nba_stats_dag to None, run_after=None
[2025-05-02T23:49:42.037+0000] {processor.py:208} INFO - Processing /opt/airflow/dags/pergame_stats_dag.py took 0.147 seconds
[2025-05-02T23:50:12.658+0000] {processor.py:186} INFO - Started process (PID=106) to work on /opt/airflow/dags/pergame_stats_dag.py
[2025-05-02T23:50:12.659+0000] {processor.py:914} INFO - Processing file /opt/airflow/dags/pergame_stats_dag.py for tasks to queue
[2025-05-02T23:50:12.660+0000] {logging_mixin.py:190} INFO - [2025-05-02T23:50:12.660+0000] {dagbag.py:588} INFO - Filling up the DagBag from /opt/airflow/dags/pergame_stats_dag.py
[2025-05-02T23:50:12.702+0000] {processor.py:925} INFO - DAG(s) 'nba_stats_dag' retrieved from /opt/airflow/dags/pergame_stats_dag.py
[2025-05-02T23:50:12.711+0000] {logging_mixin.py:190} INFO - [2025-05-02T23:50:12.711+0000] {dag.py:3239} INFO - Sync 1 DAGs
[2025-05-02T23:50:12.785+0000] {logging_mixin.py:190} INFO - [2025-05-02T23:50:12.785+0000] {dag.py:4180} INFO - Setting next_dagrun for nba_stats_dag to None, run_after=None
[2025-05-02T23:50:12.792+0000] {processor.py:208} INFO - Processing /opt/airflow/dags/pergame_stats_dag.py took 0.142 seconds
[2025-05-02T23:50:43.396+0000] {processor.py:186} INFO - Started process (PID=111) to work on /opt/airflow/dags/pergame_stats_dag.py
[2025-05-02T23:50:43.397+0000] {processor.py:914} INFO - Processing file /opt/airflow/dags/pergame_stats_dag.py for tasks to queue
[2025-05-02T23:50:43.398+0000] {logging_mixin.py:190} INFO - [2025-05-02T23:50:43.398+0000] {dagbag.py:588} INFO - Filling up the DagBag from /opt/airflow/dags/pergame_stats_dag.py
[2025-05-02T23:50:43.441+0000] {processor.py:925} INFO - DAG(s) 'nba_stats_dag' retrieved from /opt/airflow/dags/pergame_stats_dag.py
[2025-05-02T23:50:43.451+0000] {logging_mixin.py:190} INFO - [2025-05-02T23:50:43.451+0000] {dag.py:3239} INFO - Sync 1 DAGs
[2025-05-02T23:50:43.525+0000] {logging_mixin.py:190} INFO - [2025-05-02T23:50:43.525+0000] {dag.py:4180} INFO - Setting next_dagrun for nba_stats_dag to None, run_after=None
[2025-05-02T23:50:43.531+0000] {processor.py:208} INFO - Processing /opt/airflow/dags/pergame_stats_dag.py took 0.142 seconds
[2025-05-02T23:51:14.067+0000] {processor.py:186} INFO - Started process (PID=116) to work on /opt/airflow/dags/pergame_stats_dag.py
[2025-05-02T23:51:14.067+0000] {processor.py:914} INFO - Processing file /opt/airflow/dags/pergame_stats_dag.py for tasks to queue
[2025-05-02T23:51:14.068+0000] {logging_mixin.py:190} INFO - [2025-05-02T23:51:14.068+0000] {dagbag.py:588} INFO - Filling up the DagBag from /opt/airflow/dags/pergame_stats_dag.py
[2025-05-02T23:51:14.181+0000] {processor.py:925} INFO - DAG(s) 'nba_stats_dag' retrieved from /opt/airflow/dags/pergame_stats_dag.py
[2025-05-02T23:51:14.188+0000] {logging_mixin.py:190} INFO - [2025-05-02T23:51:14.188+0000] {dag.py:3239} INFO - Sync 1 DAGs
[2025-05-02T23:51:14.192+0000] {logging_mixin.py:190} INFO - [2025-05-02T23:51:14.192+0000] {dag.py:4180} INFO - Setting next_dagrun for nba_stats_dag to None, run_after=None
[2025-05-02T23:51:14.198+0000] {processor.py:208} INFO - Processing /opt/airflow/dags/pergame_stats_dag.py took 0.137 seconds
[2025-05-02T23:51:44.778+0000] {processor.py:186} INFO - Started process (PID=121) to work on /opt/airflow/dags/pergame_stats_dag.py
[2025-05-02T23:51:44.779+0000] {processor.py:914} INFO - Processing file /opt/airflow/dags/pergame_stats_dag.py for tasks to queue
[2025-05-02T23:51:44.781+0000] {logging_mixin.py:190} INFO - [2025-05-02T23:51:44.780+0000] {dagbag.py:588} INFO - Filling up the DagBag from /opt/airflow/dags/pergame_stats_dag.py
[2025-05-02T23:51:44.899+0000] {processor.py:925} INFO - DAG(s) 'nba_stats_dag' retrieved from /opt/airflow/dags/pergame_stats_dag.py
[2025-05-02T23:51:44.906+0000] {logging_mixin.py:190} INFO - [2025-05-02T23:51:44.906+0000] {dag.py:3239} INFO - Sync 1 DAGs
[2025-05-02T23:51:44.911+0000] {logging_mixin.py:190} INFO - [2025-05-02T23:51:44.911+0000] {dag.py:4180} INFO - Setting next_dagrun for nba_stats_dag to None, run_after=None
[2025-05-02T23:51:44.917+0000] {processor.py:208} INFO - Processing /opt/airflow/dags/pergame_stats_dag.py took 0.147 seconds
[2025-05-02T23:52:15.431+0000] {processor.py:186} INFO - Started process (PID=126) to work on /opt/airflow/dags/pergame_stats_dag.py
[2025-05-02T23:52:15.432+0000] {processor.py:914} INFO - Processing file /opt/airflow/dags/pergame_stats_dag.py for tasks to queue
[2025-05-02T23:52:15.432+0000] {logging_mixin.py:190} INFO - [2025-05-02T23:52:15.432+0000] {dagbag.py:588} INFO - Filling up the DagBag from /opt/airflow/dags/pergame_stats_dag.py
[2025-05-02T23:52:15.550+0000] {processor.py:925} INFO - DAG(s) 'nba_stats_dag' retrieved from /opt/airflow/dags/pergame_stats_dag.py
[2025-05-02T23:52:15.557+0000] {logging_mixin.py:190} INFO - [2025-05-02T23:52:15.557+0000] {dag.py:3239} INFO - Sync 1 DAGs
[2025-05-02T23:52:15.561+0000] {logging_mixin.py:190} INFO - [2025-05-02T23:52:15.561+0000] {dag.py:4180} INFO - Setting next_dagrun for nba_stats_dag to None, run_after=None
[2025-05-02T23:52:15.567+0000] {processor.py:208} INFO - Processing /opt/airflow/dags/pergame_stats_dag.py took 0.145 seconds
[2025-05-02T23:52:46.199+0000] {processor.py:186} INFO - Started process (PID=131) to work on /opt/airflow/dags/pergame_stats_dag.py
[2025-05-02T23:52:46.200+0000] {processor.py:914} INFO - Processing file /opt/airflow/dags/pergame_stats_dag.py for tasks to queue
[2025-05-02T23:52:46.200+0000] {logging_mixin.py:190} INFO - [2025-05-02T23:52:46.200+0000] {dagbag.py:588} INFO - Filling up the DagBag from /opt/airflow/dags/pergame_stats_dag.py
[2025-05-02T23:52:46.229+0000] {processor.py:925} INFO - DAG(s) 'nba_stats_dag' retrieved from /opt/airflow/dags/pergame_stats_dag.py
[2025-05-02T23:52:46.238+0000] {logging_mixin.py:190} INFO - [2025-05-02T23:52:46.238+0000] {dag.py:3239} INFO - Sync 1 DAGs
[2025-05-02T23:52:46.244+0000] {logging_mixin.py:190} INFO - [2025-05-02T23:52:46.244+0000] {dag.py:4180} INFO - Setting next_dagrun for nba_stats_dag to None, run_after=None
[2025-05-02T23:52:46.327+0000] {processor.py:208} INFO - Processing /opt/airflow/dags/pergame_stats_dag.py took 0.131 seconds
[2025-05-02T23:53:16.742+0000] {processor.py:186} INFO - Started process (PID=136) to work on /opt/airflow/dags/pergame_stats_dag.py
[2025-05-02T23:53:16.743+0000] {processor.py:914} INFO - Processing file /opt/airflow/dags/pergame_stats_dag.py for tasks to queue
[2025-05-02T23:53:16.745+0000] {logging_mixin.py:190} INFO - [2025-05-02T23:53:16.745+0000] {dagbag.py:588} INFO - Filling up the DagBag from /opt/airflow/dags/pergame_stats_dag.py
[2025-05-02T23:53:16.789+0000] {processor.py:925} INFO - DAG(s) 'nba_stats_dag' retrieved from /opt/airflow/dags/pergame_stats_dag.py
[2025-05-02T23:53:16.799+0000] {logging_mixin.py:190} INFO - [2025-05-02T23:53:16.799+0000] {dag.py:3239} INFO - Sync 1 DAGs
[2025-05-02T23:53:16.873+0000] {logging_mixin.py:190} INFO - [2025-05-02T23:53:16.873+0000] {dag.py:4180} INFO - Setting next_dagrun for nba_stats_dag to None, run_after=None
[2025-05-02T23:53:16.879+0000] {processor.py:208} INFO - Processing /opt/airflow/dags/pergame_stats_dag.py took 0.145 seconds
[2025-05-02T23:53:47.386+0000] {processor.py:186} INFO - Started process (PID=141) to work on /opt/airflow/dags/pergame_stats_dag.py
[2025-05-02T23:53:47.387+0000] {processor.py:914} INFO - Processing file /opt/airflow/dags/pergame_stats_dag.py for tasks to queue
[2025-05-02T23:53:47.388+0000] {logging_mixin.py:190} INFO - [2025-05-02T23:53:47.388+0000] {dagbag.py:588} INFO - Filling up the DagBag from /opt/airflow/dags/pergame_stats_dag.py
[2025-05-02T23:53:47.433+0000] {processor.py:925} INFO - DAG(s) 'nba_stats_dag' retrieved from /opt/airflow/dags/pergame_stats_dag.py
[2025-05-02T23:53:47.517+0000] {logging_mixin.py:190} INFO - [2025-05-02T23:53:47.517+0000] {dag.py:3239} INFO - Sync 1 DAGs
[2025-05-02T23:53:47.521+0000] {logging_mixin.py:190} INFO - [2025-05-02T23:53:47.521+0000] {dag.py:4180} INFO - Setting next_dagrun for nba_stats_dag to None, run_after=None
[2025-05-02T23:53:47.527+0000] {processor.py:208} INFO - Processing /opt/airflow/dags/pergame_stats_dag.py took 0.150 seconds
[2025-05-02T23:54:18.098+0000] {processor.py:186} INFO - Started process (PID=146) to work on /opt/airflow/dags/pergame_stats_dag.py
[2025-05-02T23:54:18.099+0000] {processor.py:914} INFO - Processing file /opt/airflow/dags/pergame_stats_dag.py for tasks to queue
[2025-05-02T23:54:18.100+0000] {logging_mixin.py:190} INFO - [2025-05-02T23:54:18.100+0000] {dagbag.py:588} INFO - Filling up the DagBag from /opt/airflow/dags/pergame_stats_dag.py
[2025-05-02T23:54:18.218+0000] {processor.py:925} INFO - DAG(s) 'nba_stats_dag' retrieved from /opt/airflow/dags/pergame_stats_dag.py
[2025-05-02T23:54:18.225+0000] {logging_mixin.py:190} INFO - [2025-05-02T23:54:18.225+0000] {dag.py:3239} INFO - Sync 1 DAGs
[2025-05-02T23:54:18.230+0000] {logging_mixin.py:190} INFO - [2025-05-02T23:54:18.229+0000] {dag.py:4180} INFO - Setting next_dagrun for nba_stats_dag to None, run_after=None
[2025-05-02T23:54:18.236+0000] {processor.py:208} INFO - Processing /opt/airflow/dags/pergame_stats_dag.py took 0.145 seconds
[2025-05-02T23:54:48.747+0000] {processor.py:186} INFO - Started process (PID=151) to work on /opt/airflow/dags/pergame_stats_dag.py
[2025-05-02T23:54:48.747+0000] {processor.py:914} INFO - Processing file /opt/airflow/dags/pergame_stats_dag.py for tasks to queue
[2025-05-02T23:54:48.748+0000] {logging_mixin.py:190} INFO - [2025-05-02T23:54:48.748+0000] {dagbag.py:588} INFO - Filling up the DagBag from /opt/airflow/dags/pergame_stats_dag.py
[2025-05-02T23:54:48.858+0000] {processor.py:925} INFO - DAG(s) 'nba_stats_dag' retrieved from /opt/airflow/dags/pergame_stats_dag.py
[2025-05-02T23:54:48.865+0000] {logging_mixin.py:190} INFO - [2025-05-02T23:54:48.865+0000] {dag.py:3239} INFO - Sync 1 DAGs
[2025-05-02T23:54:48.869+0000] {logging_mixin.py:190} INFO - [2025-05-02T23:54:48.869+0000] {dag.py:4180} INFO - Setting next_dagrun for nba_stats_dag to None, run_after=None
[2025-05-02T23:54:48.875+0000] {processor.py:208} INFO - Processing /opt/airflow/dags/pergame_stats_dag.py took 0.134 seconds
[2025-05-02T23:55:19.275+0000] {processor.py:186} INFO - Started process (PID=156) to work on /opt/airflow/dags/pergame_stats_dag.py
[2025-05-02T23:55:19.276+0000] {processor.py:914} INFO - Processing file /opt/airflow/dags/pergame_stats_dag.py for tasks to queue
[2025-05-02T23:55:19.277+0000] {logging_mixin.py:190} INFO - [2025-05-02T23:55:19.276+0000] {dagbag.py:588} INFO - Filling up the DagBag from /opt/airflow/dags/pergame_stats_dag.py
[2025-05-02T23:55:19.312+0000] {processor.py:925} INFO - DAG(s) 'nba_stats_dag' retrieved from /opt/airflow/dags/pergame_stats_dag.py
[2025-05-02T23:55:19.320+0000] {logging_mixin.py:190} INFO - [2025-05-02T23:55:19.320+0000] {dag.py:3239} INFO - Sync 1 DAGs
[2025-05-02T23:55:19.326+0000] {logging_mixin.py:190} INFO - [2025-05-02T23:55:19.326+0000] {dag.py:4180} INFO - Setting next_dagrun for nba_stats_dag to None, run_after=None
[2025-05-02T23:55:19.398+0000] {processor.py:208} INFO - Processing /opt/airflow/dags/pergame_stats_dag.py took 0.127 seconds
[2025-05-02T23:55:49.894+0000] {processor.py:186} INFO - Started process (PID=161) to work on /opt/airflow/dags/pergame_stats_dag.py
[2025-05-02T23:55:49.896+0000] {processor.py:914} INFO - Processing file /opt/airflow/dags/pergame_stats_dag.py for tasks to queue
[2025-05-02T23:55:49.897+0000] {logging_mixin.py:190} INFO - [2025-05-02T23:55:49.897+0000] {dagbag.py:588} INFO - Filling up the DagBag from /opt/airflow/dags/pergame_stats_dag.py
[2025-05-02T23:55:49.943+0000] {processor.py:925} INFO - DAG(s) 'nba_stats_dag' retrieved from /opt/airflow/dags/pergame_stats_dag.py
[2025-05-02T23:55:49.953+0000] {logging_mixin.py:190} INFO - [2025-05-02T23:55:49.952+0000] {dag.py:3239} INFO - Sync 1 DAGs
[2025-05-02T23:55:50.033+0000] {logging_mixin.py:190} INFO - [2025-05-02T23:55:50.033+0000] {dag.py:4180} INFO - Setting next_dagrun for nba_stats_dag to None, run_after=None
[2025-05-02T23:55:50.039+0000] {processor.py:208} INFO - Processing /opt/airflow/dags/pergame_stats_dag.py took 0.153 seconds
[2025-05-02T23:56:20.572+0000] {processor.py:186} INFO - Started process (PID=166) to work on /opt/airflow/dags/pergame_stats_dag.py
[2025-05-02T23:56:20.573+0000] {processor.py:914} INFO - Processing file /opt/airflow/dags/pergame_stats_dag.py for tasks to queue
[2025-05-02T23:56:20.574+0000] {logging_mixin.py:190} INFO - [2025-05-02T23:56:20.574+0000] {dagbag.py:588} INFO - Filling up the DagBag from /opt/airflow/dags/pergame_stats_dag.py
[2025-05-02T23:56:20.618+0000] {processor.py:925} INFO - DAG(s) 'nba_stats_dag' retrieved from /opt/airflow/dags/pergame_stats_dag.py
[2025-05-02T23:56:20.628+0000] {logging_mixin.py:190} INFO - [2025-05-02T23:56:20.628+0000] {dag.py:3239} INFO - Sync 1 DAGs
[2025-05-02T23:56:20.704+0000] {logging_mixin.py:190} INFO - [2025-05-02T23:56:20.704+0000] {dag.py:4180} INFO - Setting next_dagrun for nba_stats_dag to None, run_after=None
[2025-05-02T23:56:20.712+0000] {processor.py:208} INFO - Processing /opt/airflow/dags/pergame_stats_dag.py took 0.148 seconds
[2025-05-02T23:56:51.184+0000] {processor.py:186} INFO - Started process (PID=171) to work on /opt/airflow/dags/pergame_stats_dag.py
[2025-05-02T23:56:51.185+0000] {processor.py:914} INFO - Processing file /opt/airflow/dags/pergame_stats_dag.py for tasks to queue
[2025-05-02T23:56:51.186+0000] {logging_mixin.py:190} INFO - [2025-05-02T23:56:51.186+0000] {dagbag.py:588} INFO - Filling up the DagBag from /opt/airflow/dags/pergame_stats_dag.py
[2025-05-02T23:56:51.315+0000] {processor.py:925} INFO - DAG(s) 'nba_stats_dag' retrieved from /opt/airflow/dags/pergame_stats_dag.py
[2025-05-02T23:56:51.323+0000] {logging_mixin.py:190} INFO - [2025-05-02T23:56:51.323+0000] {dag.py:3239} INFO - Sync 1 DAGs
[2025-05-02T23:56:51.327+0000] {logging_mixin.py:190} INFO - [2025-05-02T23:56:51.327+0000] {dag.py:4180} INFO - Setting next_dagrun for nba_stats_dag to None, run_after=None
[2025-05-02T23:56:51.333+0000] {processor.py:208} INFO - Processing /opt/airflow/dags/pergame_stats_dag.py took 0.157 seconds
[2025-05-02T23:57:21.799+0000] {processor.py:186} INFO - Started process (PID=176) to work on /opt/airflow/dags/pergame_stats_dag.py
[2025-05-02T23:57:21.800+0000] {processor.py:914} INFO - Processing file /opt/airflow/dags/pergame_stats_dag.py for tasks to queue
[2025-05-02T23:57:21.801+0000] {logging_mixin.py:190} INFO - [2025-05-02T23:57:21.800+0000] {dagbag.py:588} INFO - Filling up the DagBag from /opt/airflow/dags/pergame_stats_dag.py
[2025-05-02T23:57:21.917+0000] {processor.py:925} INFO - DAG(s) 'nba_stats_dag' retrieved from /opt/airflow/dags/pergame_stats_dag.py
[2025-05-02T23:57:21.925+0000] {logging_mixin.py:190} INFO - [2025-05-02T23:57:21.925+0000] {dag.py:3239} INFO - Sync 1 DAGs
[2025-05-02T23:57:21.929+0000] {logging_mixin.py:190} INFO - [2025-05-02T23:57:21.929+0000] {dag.py:4180} INFO - Setting next_dagrun for nba_stats_dag to None, run_after=None
[2025-05-02T23:57:21.935+0000] {processor.py:208} INFO - Processing /opt/airflow/dags/pergame_stats_dag.py took 0.144 seconds
[2025-05-02T23:57:52.436+0000] {processor.py:186} INFO - Started process (PID=181) to work on /opt/airflow/dags/pergame_stats_dag.py
[2025-05-02T23:57:52.437+0000] {processor.py:914} INFO - Processing file /opt/airflow/dags/pergame_stats_dag.py for tasks to queue
[2025-05-02T23:57:52.439+0000] {logging_mixin.py:190} INFO - [2025-05-02T23:57:52.438+0000] {dagbag.py:588} INFO - Filling up the DagBag from /opt/airflow/dags/pergame_stats_dag.py
[2025-05-02T23:57:52.555+0000] {processor.py:925} INFO - DAG(s) 'nba_stats_dag' retrieved from /opt/airflow/dags/pergame_stats_dag.py
[2025-05-02T23:57:52.562+0000] {logging_mixin.py:190} INFO - [2025-05-02T23:57:52.562+0000] {dag.py:3239} INFO - Sync 1 DAGs
[2025-05-02T23:57:52.566+0000] {logging_mixin.py:190} INFO - [2025-05-02T23:57:52.566+0000] {dag.py:4180} INFO - Setting next_dagrun for nba_stats_dag to None, run_after=None
[2025-05-02T23:57:52.572+0000] {processor.py:208} INFO - Processing /opt/airflow/dags/pergame_stats_dag.py took 0.147 seconds
[2025-05-02T23:58:22.991+0000] {processor.py:186} INFO - Started process (PID=186) to work on /opt/airflow/dags/pergame_stats_dag.py
[2025-05-02T23:58:22.992+0000] {processor.py:914} INFO - Processing file /opt/airflow/dags/pergame_stats_dag.py for tasks to queue
[2025-05-02T23:58:22.992+0000] {logging_mixin.py:190} INFO - [2025-05-02T23:58:22.992+0000] {dagbag.py:588} INFO - Filling up the DagBag from /opt/airflow/dags/pergame_stats_dag.py
[2025-05-02T23:58:23.030+0000] {processor.py:925} INFO - DAG(s) 'nba_stats_dag' retrieved from /opt/airflow/dags/pergame_stats_dag.py
[2025-05-02T23:58:23.039+0000] {logging_mixin.py:190} INFO - [2025-05-02T23:58:23.039+0000] {dag.py:3239} INFO - Sync 1 DAGs
[2025-05-02T23:58:23.045+0000] {logging_mixin.py:190} INFO - [2025-05-02T23:58:23.045+0000] {dag.py:4180} INFO - Setting next_dagrun for nba_stats_dag to None, run_after=None
[2025-05-02T23:58:23.122+0000] {processor.py:208} INFO - Processing /opt/airflow/dags/pergame_stats_dag.py took 0.135 seconds
[2025-05-02T23:58:53.525+0000] {processor.py:186} INFO - Started process (PID=191) to work on /opt/airflow/dags/pergame_stats_dag.py
[2025-05-02T23:58:53.526+0000] {processor.py:914} INFO - Processing file /opt/airflow/dags/pergame_stats_dag.py for tasks to queue
[2025-05-02T23:58:53.528+0000] {logging_mixin.py:190} INFO - [2025-05-02T23:58:53.527+0000] {dagbag.py:588} INFO - Filling up the DagBag from /opt/airflow/dags/pergame_stats_dag.py
[2025-05-02T23:58:53.572+0000] {processor.py:925} INFO - DAG(s) 'nba_stats_dag' retrieved from /opt/airflow/dags/pergame_stats_dag.py
[2025-05-02T23:58:53.582+0000] {logging_mixin.py:190} INFO - [2025-05-02T23:58:53.582+0000] {dag.py:3239} INFO - Sync 1 DAGs
[2025-05-02T23:58:53.656+0000] {logging_mixin.py:190} INFO - [2025-05-02T23:58:53.656+0000] {dag.py:4180} INFO - Setting next_dagrun for nba_stats_dag to None, run_after=None
[2025-05-02T23:58:53.662+0000] {processor.py:208} INFO - Processing /opt/airflow/dags/pergame_stats_dag.py took 0.146 seconds
[2025-05-02T23:59:24.081+0000] {processor.py:186} INFO - Started process (PID=196) to work on /opt/airflow/dags/pergame_stats_dag.py
[2025-05-02T23:59:24.081+0000] {processor.py:914} INFO - Processing file /opt/airflow/dags/pergame_stats_dag.py for tasks to queue
[2025-05-02T23:59:24.081+0000] {logging_mixin.py:190} INFO - [2025-05-02T23:59:24.081+0000] {dagbag.py:588} INFO - Filling up the DagBag from /opt/airflow/dags/pergame_stats_dag.py
[2025-05-02T23:59:24.109+0000] {processor.py:925} INFO - DAG(s) 'nba_stats_dag' retrieved from /opt/airflow/dags/pergame_stats_dag.py
[2025-05-02T23:59:24.184+0000] {logging_mixin.py:190} INFO - [2025-05-02T23:59:24.183+0000] {dag.py:3239} INFO - Sync 1 DAGs
[2025-05-02T23:59:24.187+0000] {logging_mixin.py:190} INFO - [2025-05-02T23:59:24.187+0000] {dag.py:4180} INFO - Setting next_dagrun for nba_stats_dag to None, run_after=None
[2025-05-02T23:59:24.193+0000] {processor.py:208} INFO - Processing /opt/airflow/dags/pergame_stats_dag.py took 0.116 seconds
[2025-05-02T23:59:54.712+0000] {processor.py:186} INFO - Started process (PID=201) to work on /opt/airflow/dags/pergame_stats_dag.py
[2025-05-02T23:59:54.713+0000] {processor.py:914} INFO - Processing file /opt/airflow/dags/pergame_stats_dag.py for tasks to queue
[2025-05-02T23:59:54.714+0000] {logging_mixin.py:190} INFO - [2025-05-02T23:59:54.714+0000] {dagbag.py:588} INFO - Filling up the DagBag from /opt/airflow/dags/pergame_stats_dag.py
[2025-05-02T23:59:54.831+0000] {processor.py:925} INFO - DAG(s) 'nba_stats_dag' retrieved from /opt/airflow/dags/pergame_stats_dag.py
[2025-05-02T23:59:54.838+0000] {logging_mixin.py:190} INFO - [2025-05-02T23:59:54.838+0000] {dag.py:3239} INFO - Sync 1 DAGs
[2025-05-02T23:59:54.842+0000] {logging_mixin.py:190} INFO - [2025-05-02T23:59:54.842+0000] {dag.py:4180} INFO - Setting next_dagrun for nba_stats_dag to None, run_after=None
[2025-05-02T23:59:54.848+0000] {processor.py:208} INFO - Processing /opt/airflow/dags/pergame_stats_dag.py took 0.144 seconds
