[2025-05-02T00:40:39.551+0000] {processor.py:186} INFO - Started process (PID=215) to work on /opt/airflow/dags/wordcount_dag.py
[2025-05-02T00:40:39.552+0000] {processor.py:914} INFO - Processing file /opt/airflow/dags/wordcount_dag.py for tasks to queue
[2025-05-02T00:40:39.553+0000] {logging_mixin.py:190} INFO - [2025-05-02T00:40:39.553+0000] {dagbag.py:588} INFO - Filling up the DagBag from /opt/airflow/dags/wordcount_dag.py
[2025-05-02T00:40:39.556+0000] {logging_mixin.py:190} INFO - [2025-05-02T00:40:39.555+0000] {dagbag.py:387} ERROR - Failed to import: /opt/airflow/dags/wordcount_dag.py
Traceback (most recent call last):
  File "/home/airflow/.local/lib/python3.12/site-packages/airflow/models/dagbag.py", line 383, in parse
    loader.exec_module(new_module)
  File "<frozen importlib._bootstrap_external>", line 999, in exec_module
  File "<frozen importlib._bootstrap>", line 488, in _call_with_frames_removed
  File "/opt/airflow/dags/wordcount_dag.py", line 3, in <module>
    from airflow.providers.postgres.operators.postgres import PostgresOperator
ModuleNotFoundError: No module named 'airflow.providers.postgres.operators'
[2025-05-02T00:40:39.556+0000] {processor.py:927} WARNING - No viable dags retrieved from /opt/airflow/dags/wordcount_dag.py
[2025-05-02T00:40:39.572+0000] {processor.py:208} INFO - Processing /opt/airflow/dags/wordcount_dag.py took 0.025 seconds
[2025-05-02T00:41:09.880+0000] {processor.py:186} INFO - Started process (PID=218) to work on /opt/airflow/dags/wordcount_dag.py
[2025-05-02T00:41:09.881+0000] {processor.py:914} INFO - Processing file /opt/airflow/dags/wordcount_dag.py for tasks to queue
[2025-05-02T00:41:09.882+0000] {logging_mixin.py:190} INFO - [2025-05-02T00:41:09.881+0000] {dagbag.py:588} INFO - Filling up the DagBag from /opt/airflow/dags/wordcount_dag.py
[2025-05-02T00:41:09.885+0000] {logging_mixin.py:190} INFO - [2025-05-02T00:41:09.884+0000] {dagbag.py:387} ERROR - Failed to import: /opt/airflow/dags/wordcount_dag.py
Traceback (most recent call last):
  File "/home/airflow/.local/lib/python3.12/site-packages/airflow/models/dagbag.py", line 383, in parse
    loader.exec_module(new_module)
  File "<frozen importlib._bootstrap_external>", line 999, in exec_module
  File "<frozen importlib._bootstrap>", line 488, in _call_with_frames_removed
  File "/opt/airflow/dags/wordcount_dag.py", line 3, in <module>
    from airflow.providers.postgres.operators.postgres import PostgresOperator
ModuleNotFoundError: No module named 'airflow.providers.postgres.operators'
[2025-05-02T00:41:09.886+0000] {processor.py:927} WARNING - No viable dags retrieved from /opt/airflow/dags/wordcount_dag.py
[2025-05-02T00:41:09.901+0000] {processor.py:208} INFO - Processing /opt/airflow/dags/wordcount_dag.py took 0.029 seconds
[2025-05-02T00:41:40.257+0000] {processor.py:186} INFO - Started process (PID=221) to work on /opt/airflow/dags/wordcount_dag.py
[2025-05-02T00:41:40.258+0000] {processor.py:914} INFO - Processing file /opt/airflow/dags/wordcount_dag.py for tasks to queue
[2025-05-02T00:41:40.259+0000] {logging_mixin.py:190} INFO - [2025-05-02T00:41:40.259+0000] {dagbag.py:588} INFO - Filling up the DagBag from /opt/airflow/dags/wordcount_dag.py
[2025-05-02T00:41:40.261+0000] {logging_mixin.py:190} INFO - [2025-05-02T00:41:40.261+0000] {dagbag.py:387} ERROR - Failed to import: /opt/airflow/dags/wordcount_dag.py
Traceback (most recent call last):
  File "/home/airflow/.local/lib/python3.12/site-packages/airflow/models/dagbag.py", line 383, in parse
    loader.exec_module(new_module)
  File "<frozen importlib._bootstrap_external>", line 999, in exec_module
  File "<frozen importlib._bootstrap>", line 488, in _call_with_frames_removed
  File "/opt/airflow/dags/wordcount_dag.py", line 3, in <module>
    from airflow.providers.postgres.operators.postgres import PostgresOperator
ModuleNotFoundError: No module named 'airflow.providers.postgres.operators'
[2025-05-02T00:41:40.262+0000] {processor.py:927} WARNING - No viable dags retrieved from /opt/airflow/dags/wordcount_dag.py
[2025-05-02T00:41:40.274+0000] {processor.py:208} INFO - Processing /opt/airflow/dags/wordcount_dag.py took 0.022 seconds
[2025-05-02T00:42:10.588+0000] {processor.py:186} INFO - Started process (PID=224) to work on /opt/airflow/dags/wordcount_dag.py
[2025-05-02T00:42:10.588+0000] {processor.py:914} INFO - Processing file /opt/airflow/dags/wordcount_dag.py for tasks to queue
[2025-05-02T00:42:10.589+0000] {logging_mixin.py:190} INFO - [2025-05-02T00:42:10.589+0000] {dagbag.py:588} INFO - Filling up the DagBag from /opt/airflow/dags/wordcount_dag.py
[2025-05-02T00:42:10.593+0000] {logging_mixin.py:190} INFO - [2025-05-02T00:42:10.592+0000] {dagbag.py:387} ERROR - Failed to import: /opt/airflow/dags/wordcount_dag.py
Traceback (most recent call last):
  File "/home/airflow/.local/lib/python3.12/site-packages/airflow/models/dagbag.py", line 383, in parse
    loader.exec_module(new_module)
  File "<frozen importlib._bootstrap_external>", line 999, in exec_module
  File "<frozen importlib._bootstrap>", line 488, in _call_with_frames_removed
  File "/opt/airflow/dags/wordcount_dag.py", line 3, in <module>
    from airflow.providers.postgres.operators.postgres import PostgresOperator
ModuleNotFoundError: No module named 'airflow.providers.postgres.operators'
[2025-05-02T00:42:10.594+0000] {processor.py:927} WARNING - No viable dags retrieved from /opt/airflow/dags/wordcount_dag.py
[2025-05-02T00:42:10.608+0000] {processor.py:208} INFO - Processing /opt/airflow/dags/wordcount_dag.py took 0.029 seconds
[2025-05-02T00:42:40.990+0000] {processor.py:186} INFO - Started process (PID=227) to work on /opt/airflow/dags/wordcount_dag.py
[2025-05-02T00:42:40.993+0000] {processor.py:914} INFO - Processing file /opt/airflow/dags/wordcount_dag.py for tasks to queue
[2025-05-02T00:42:40.994+0000] {logging_mixin.py:190} INFO - [2025-05-02T00:42:40.994+0000] {dagbag.py:588} INFO - Filling up the DagBag from /opt/airflow/dags/wordcount_dag.py
[2025-05-02T00:42:40.997+0000] {logging_mixin.py:190} INFO - [2025-05-02T00:42:40.996+0000] {dagbag.py:387} ERROR - Failed to import: /opt/airflow/dags/wordcount_dag.py
Traceback (most recent call last):
  File "/home/airflow/.local/lib/python3.12/site-packages/airflow/models/dagbag.py", line 383, in parse
    loader.exec_module(new_module)
  File "<frozen importlib._bootstrap_external>", line 999, in exec_module
  File "<frozen importlib._bootstrap>", line 488, in _call_with_frames_removed
  File "/opt/airflow/dags/wordcount_dag.py", line 3, in <module>
    from airflow.providers.postgres.operators.postgres import PostgresOperator
ModuleNotFoundError: No module named 'airflow.providers.postgres.operators'
[2025-05-02T00:42:40.997+0000] {processor.py:927} WARNING - No viable dags retrieved from /opt/airflow/dags/wordcount_dag.py
[2025-05-02T00:42:41.012+0000] {processor.py:208} INFO - Processing /opt/airflow/dags/wordcount_dag.py took 0.029 seconds
[2025-05-02T00:43:11.364+0000] {processor.py:186} INFO - Started process (PID=230) to work on /opt/airflow/dags/wordcount_dag.py
[2025-05-02T00:43:11.364+0000] {processor.py:914} INFO - Processing file /opt/airflow/dags/wordcount_dag.py for tasks to queue
[2025-05-02T00:43:11.365+0000] {logging_mixin.py:190} INFO - [2025-05-02T00:43:11.365+0000] {dagbag.py:588} INFO - Filling up the DagBag from /opt/airflow/dags/wordcount_dag.py
[2025-05-02T00:43:11.368+0000] {logging_mixin.py:190} INFO - [2025-05-02T00:43:11.368+0000] {dagbag.py:387} ERROR - Failed to import: /opt/airflow/dags/wordcount_dag.py
Traceback (most recent call last):
  File "/home/airflow/.local/lib/python3.12/site-packages/airflow/models/dagbag.py", line 383, in parse
    loader.exec_module(new_module)
  File "<frozen importlib._bootstrap_external>", line 999, in exec_module
  File "<frozen importlib._bootstrap>", line 488, in _call_with_frames_removed
  File "/opt/airflow/dags/wordcount_dag.py", line 3, in <module>
    from airflow.providers.postgres.operators.postgres import PostgresOperator
ModuleNotFoundError: No module named 'airflow.providers.postgres.operators'
[2025-05-02T00:43:11.369+0000] {processor.py:927} WARNING - No viable dags retrieved from /opt/airflow/dags/wordcount_dag.py
[2025-05-02T00:43:11.382+0000] {processor.py:208} INFO - Processing /opt/airflow/dags/wordcount_dag.py took 0.026 seconds
[2025-05-02T00:43:41.729+0000] {processor.py:186} INFO - Started process (PID=233) to work on /opt/airflow/dags/wordcount_dag.py
[2025-05-02T00:43:41.731+0000] {processor.py:914} INFO - Processing file /opt/airflow/dags/wordcount_dag.py for tasks to queue
[2025-05-02T00:43:41.732+0000] {logging_mixin.py:190} INFO - [2025-05-02T00:43:41.731+0000] {dagbag.py:588} INFO - Filling up the DagBag from /opt/airflow/dags/wordcount_dag.py
[2025-05-02T00:43:41.735+0000] {logging_mixin.py:190} INFO - [2025-05-02T00:43:41.733+0000] {dagbag.py:387} ERROR - Failed to import: /opt/airflow/dags/wordcount_dag.py
Traceback (most recent call last):
  File "/home/airflow/.local/lib/python3.12/site-packages/airflow/models/dagbag.py", line 383, in parse
    loader.exec_module(new_module)
  File "<frozen importlib._bootstrap_external>", line 999, in exec_module
  File "<frozen importlib._bootstrap>", line 488, in _call_with_frames_removed
  File "/opt/airflow/dags/wordcount_dag.py", line 3, in <module>
    from airflow.providers.postgres.operators.postgres import PostgresOperator
ModuleNotFoundError: No module named 'airflow.providers.postgres.operators'
[2025-05-02T00:43:41.735+0000] {processor.py:927} WARNING - No viable dags retrieved from /opt/airflow/dags/wordcount_dag.py
[2025-05-02T00:43:41.748+0000] {processor.py:208} INFO - Processing /opt/airflow/dags/wordcount_dag.py took 0.025 seconds
[2025-05-02T00:44:11.998+0000] {processor.py:186} INFO - Started process (PID=236) to work on /opt/airflow/dags/wordcount_dag.py
[2025-05-02T00:44:11.999+0000] {processor.py:914} INFO - Processing file /opt/airflow/dags/wordcount_dag.py for tasks to queue
[2025-05-02T00:44:12.000+0000] {logging_mixin.py:190} INFO - [2025-05-02T00:44:11.999+0000] {dagbag.py:588} INFO - Filling up the DagBag from /opt/airflow/dags/wordcount_dag.py
[2025-05-02T00:44:12.002+0000] {logging_mixin.py:190} INFO - [2025-05-02T00:44:12.001+0000] {dagbag.py:387} ERROR - Failed to import: /opt/airflow/dags/wordcount_dag.py
Traceback (most recent call last):
  File "/home/airflow/.local/lib/python3.12/site-packages/airflow/models/dagbag.py", line 383, in parse
    loader.exec_module(new_module)
  File "<frozen importlib._bootstrap_external>", line 999, in exec_module
  File "<frozen importlib._bootstrap>", line 488, in _call_with_frames_removed
  File "/opt/airflow/dags/wordcount_dag.py", line 3, in <module>
    from airflow.providers.postgres.operators.postgres import PostgresOperator
ModuleNotFoundError: No module named 'airflow.providers.postgres.operators'
[2025-05-02T00:44:12.002+0000] {processor.py:927} WARNING - No viable dags retrieved from /opt/airflow/dags/wordcount_dag.py
[2025-05-02T00:44:12.011+0000] {processor.py:208} INFO - Processing /opt/airflow/dags/wordcount_dag.py took 0.017 seconds
[2025-05-02T00:44:42.361+0000] {processor.py:186} INFO - Started process (PID=239) to work on /opt/airflow/dags/wordcount_dag.py
[2025-05-02T00:44:42.363+0000] {processor.py:914} INFO - Processing file /opt/airflow/dags/wordcount_dag.py for tasks to queue
[2025-05-02T00:44:42.364+0000] {logging_mixin.py:190} INFO - [2025-05-02T00:44:42.363+0000] {dagbag.py:588} INFO - Filling up the DagBag from /opt/airflow/dags/wordcount_dag.py
[2025-05-02T00:44:42.367+0000] {logging_mixin.py:190} INFO - [2025-05-02T00:44:42.366+0000] {dagbag.py:387} ERROR - Failed to import: /opt/airflow/dags/wordcount_dag.py
Traceback (most recent call last):
  File "/home/airflow/.local/lib/python3.12/site-packages/airflow/models/dagbag.py", line 383, in parse
    loader.exec_module(new_module)
  File "<frozen importlib._bootstrap_external>", line 999, in exec_module
  File "<frozen importlib._bootstrap>", line 488, in _call_with_frames_removed
  File "/opt/airflow/dags/wordcount_dag.py", line 3, in <module>
    from airflow.providers.postgres.operators.postgres import PostgresOperator
ModuleNotFoundError: No module named 'airflow.providers.postgres.operators'
[2025-05-02T00:44:42.367+0000] {processor.py:927} WARNING - No viable dags retrieved from /opt/airflow/dags/wordcount_dag.py
[2025-05-02T00:44:42.382+0000] {processor.py:208} INFO - Processing /opt/airflow/dags/wordcount_dag.py took 0.028 seconds
[2025-05-02T00:45:12.604+0000] {processor.py:186} INFO - Started process (PID=242) to work on /opt/airflow/dags/wordcount_dag.py
[2025-05-02T00:45:12.605+0000] {processor.py:914} INFO - Processing file /opt/airflow/dags/wordcount_dag.py for tasks to queue
[2025-05-02T00:45:12.605+0000] {logging_mixin.py:190} INFO - [2025-05-02T00:45:12.605+0000] {dagbag.py:588} INFO - Filling up the DagBag from /opt/airflow/dags/wordcount_dag.py
[2025-05-02T00:45:12.607+0000] {logging_mixin.py:190} INFO - [2025-05-02T00:45:12.606+0000] {dagbag.py:387} ERROR - Failed to import: /opt/airflow/dags/wordcount_dag.py
Traceback (most recent call last):
  File "/home/airflow/.local/lib/python3.12/site-packages/airflow/models/dagbag.py", line 383, in parse
    loader.exec_module(new_module)
  File "<frozen importlib._bootstrap_external>", line 999, in exec_module
  File "<frozen importlib._bootstrap>", line 488, in _call_with_frames_removed
  File "/opt/airflow/dags/wordcount_dag.py", line 3, in <module>
    from airflow.providers.postgres.operators.postgres import PostgresOperator
ModuleNotFoundError: No module named 'airflow.providers.postgres.operators'
[2025-05-02T00:45:12.607+0000] {processor.py:927} WARNING - No viable dags retrieved from /opt/airflow/dags/wordcount_dag.py
[2025-05-02T00:45:12.617+0000] {processor.py:208} INFO - Processing /opt/airflow/dags/wordcount_dag.py took 0.016 seconds
[2025-05-02T00:45:42.910+0000] {processor.py:186} INFO - Started process (PID=245) to work on /opt/airflow/dags/wordcount_dag.py
[2025-05-02T00:45:42.911+0000] {processor.py:914} INFO - Processing file /opt/airflow/dags/wordcount_dag.py for tasks to queue
[2025-05-02T00:45:42.912+0000] {logging_mixin.py:190} INFO - [2025-05-02T00:45:42.912+0000] {dagbag.py:588} INFO - Filling up the DagBag from /opt/airflow/dags/wordcount_dag.py
[2025-05-02T00:45:42.916+0000] {logging_mixin.py:190} INFO - [2025-05-02T00:45:42.915+0000] {dagbag.py:387} ERROR - Failed to import: /opt/airflow/dags/wordcount_dag.py
Traceback (most recent call last):
  File "/home/airflow/.local/lib/python3.12/site-packages/airflow/models/dagbag.py", line 383, in parse
    loader.exec_module(new_module)
  File "<frozen importlib._bootstrap_external>", line 999, in exec_module
  File "<frozen importlib._bootstrap>", line 488, in _call_with_frames_removed
  File "/opt/airflow/dags/wordcount_dag.py", line 3, in <module>
    from airflow.providers.postgres.operators.postgres import PostgresOperator
ModuleNotFoundError: No module named 'airflow.providers.postgres.operators'
[2025-05-02T00:45:42.916+0000] {processor.py:927} WARNING - No viable dags retrieved from /opt/airflow/dags/wordcount_dag.py
[2025-05-02T00:45:42.928+0000] {processor.py:208} INFO - Processing /opt/airflow/dags/wordcount_dag.py took 0.024 seconds
[2025-05-02T00:46:13.249+0000] {processor.py:186} INFO - Started process (PID=248) to work on /opt/airflow/dags/wordcount_dag.py
[2025-05-02T00:46:13.250+0000] {processor.py:914} INFO - Processing file /opt/airflow/dags/wordcount_dag.py for tasks to queue
[2025-05-02T00:46:13.251+0000] {logging_mixin.py:190} INFO - [2025-05-02T00:46:13.251+0000] {dagbag.py:588} INFO - Filling up the DagBag from /opt/airflow/dags/wordcount_dag.py
[2025-05-02T00:46:13.254+0000] {logging_mixin.py:190} INFO - [2025-05-02T00:46:13.253+0000] {dagbag.py:387} ERROR - Failed to import: /opt/airflow/dags/wordcount_dag.py
Traceback (most recent call last):
  File "/home/airflow/.local/lib/python3.12/site-packages/airflow/models/dagbag.py", line 383, in parse
    loader.exec_module(new_module)
  File "<frozen importlib._bootstrap_external>", line 999, in exec_module
  File "<frozen importlib._bootstrap>", line 488, in _call_with_frames_removed
  File "/opt/airflow/dags/wordcount_dag.py", line 3, in <module>
    from airflow.providers.postgres.operators.postgres import PostgresOperator
ModuleNotFoundError: No module named 'airflow.providers.postgres.operators'
[2025-05-02T00:46:13.255+0000] {processor.py:927} WARNING - No viable dags retrieved from /opt/airflow/dags/wordcount_dag.py
[2025-05-02T00:46:13.270+0000] {processor.py:208} INFO - Processing /opt/airflow/dags/wordcount_dag.py took 0.029 seconds
[2025-05-02T00:46:43.576+0000] {processor.py:186} INFO - Started process (PID=251) to work on /opt/airflow/dags/wordcount_dag.py
[2025-05-02T00:46:43.576+0000] {processor.py:914} INFO - Processing file /opt/airflow/dags/wordcount_dag.py for tasks to queue
[2025-05-02T00:46:43.577+0000] {logging_mixin.py:190} INFO - [2025-05-02T00:46:43.577+0000] {dagbag.py:588} INFO - Filling up the DagBag from /opt/airflow/dags/wordcount_dag.py
[2025-05-02T00:46:43.579+0000] {logging_mixin.py:190} INFO - [2025-05-02T00:46:43.579+0000] {dagbag.py:387} ERROR - Failed to import: /opt/airflow/dags/wordcount_dag.py
Traceback (most recent call last):
  File "/home/airflow/.local/lib/python3.12/site-packages/airflow/models/dagbag.py", line 383, in parse
    loader.exec_module(new_module)
  File "<frozen importlib._bootstrap_external>", line 999, in exec_module
  File "<frozen importlib._bootstrap>", line 488, in _call_with_frames_removed
  File "/opt/airflow/dags/wordcount_dag.py", line 3, in <module>
    from airflow.providers.postgres.operators.postgres import PostgresOperator
ModuleNotFoundError: No module named 'airflow.providers.postgres.operators'
[2025-05-02T00:46:43.580+0000] {processor.py:927} WARNING - No viable dags retrieved from /opt/airflow/dags/wordcount_dag.py
[2025-05-02T00:46:43.591+0000] {processor.py:208} INFO - Processing /opt/airflow/dags/wordcount_dag.py took 0.020 seconds
[2025-05-02T00:47:13.926+0000] {processor.py:186} INFO - Started process (PID=34) to work on /opt/airflow/dags/wordcount_dag.py
[2025-05-02T00:47:13.926+0000] {processor.py:914} INFO - Processing file /opt/airflow/dags/wordcount_dag.py for tasks to queue
[2025-05-02T00:47:13.927+0000] {logging_mixin.py:190} INFO - [2025-05-02T00:47:13.927+0000] {dagbag.py:588} INFO - Filling up the DagBag from /opt/airflow/dags/wordcount_dag.py
[2025-05-02T00:47:13.929+0000] {logging_mixin.py:190} INFO - [2025-05-02T00:47:13.928+0000] {dagbag.py:387} ERROR - Failed to import: /opt/airflow/dags/wordcount_dag.py
Traceback (most recent call last):
  File "/home/airflow/.local/lib/python3.12/site-packages/airflow/models/dagbag.py", line 383, in parse
    loader.exec_module(new_module)
  File "<frozen importlib._bootstrap_external>", line 999, in exec_module
  File "<frozen importlib._bootstrap>", line 488, in _call_with_frames_removed
  File "/opt/airflow/dags/wordcount_dag.py", line 3, in <module>
    from airflow.providers.postgres.operators.postgres import PostgresOperator
ModuleNotFoundError: No module named 'airflow.providers.postgres.operators'
[2025-05-02T00:47:13.929+0000] {processor.py:927} WARNING - No viable dags retrieved from /opt/airflow/dags/wordcount_dag.py
[2025-05-02T00:47:13.937+0000] {processor.py:208} INFO - Processing /opt/airflow/dags/wordcount_dag.py took 0.014 seconds
[2025-05-02T00:47:44.159+0000] {processor.py:186} INFO - Started process (PID=37) to work on /opt/airflow/dags/wordcount_dag.py
[2025-05-02T00:47:44.159+0000] {processor.py:914} INFO - Processing file /opt/airflow/dags/wordcount_dag.py for tasks to queue
[2025-05-02T00:47:44.160+0000] {logging_mixin.py:190} INFO - [2025-05-02T00:47:44.160+0000] {dagbag.py:588} INFO - Filling up the DagBag from /opt/airflow/dags/wordcount_dag.py
[2025-05-02T00:47:44.163+0000] {logging_mixin.py:190} INFO - [2025-05-02T00:47:44.162+0000] {dagbag.py:387} ERROR - Failed to import: /opt/airflow/dags/wordcount_dag.py
Traceback (most recent call last):
  File "/home/airflow/.local/lib/python3.12/site-packages/airflow/models/dagbag.py", line 383, in parse
    loader.exec_module(new_module)
  File "<frozen importlib._bootstrap_external>", line 999, in exec_module
  File "<frozen importlib._bootstrap>", line 488, in _call_with_frames_removed
  File "/opt/airflow/dags/wordcount_dag.py", line 3, in <module>
    from airflow.providers.postgres.operators.postgres import PostgresOperator
ModuleNotFoundError: No module named 'airflow.providers.postgres.operators'
[2025-05-02T00:47:44.163+0000] {processor.py:927} WARNING - No viable dags retrieved from /opt/airflow/dags/wordcount_dag.py
[2025-05-02T00:47:44.173+0000] {processor.py:208} INFO - Processing /opt/airflow/dags/wordcount_dag.py took 0.018 seconds
[2025-05-02T00:48:14.487+0000] {processor.py:186} INFO - Started process (PID=40) to work on /opt/airflow/dags/wordcount_dag.py
[2025-05-02T00:48:14.487+0000] {processor.py:914} INFO - Processing file /opt/airflow/dags/wordcount_dag.py for tasks to queue
[2025-05-02T00:48:14.489+0000] {logging_mixin.py:190} INFO - [2025-05-02T00:48:14.488+0000] {dagbag.py:588} INFO - Filling up the DagBag from /opt/airflow/dags/wordcount_dag.py
[2025-05-02T00:48:14.492+0000] {logging_mixin.py:190} INFO - [2025-05-02T00:48:14.491+0000] {dagbag.py:387} ERROR - Failed to import: /opt/airflow/dags/wordcount_dag.py
Traceback (most recent call last):
  File "/home/airflow/.local/lib/python3.12/site-packages/airflow/models/dagbag.py", line 383, in parse
    loader.exec_module(new_module)
  File "<frozen importlib._bootstrap_external>", line 999, in exec_module
  File "<frozen importlib._bootstrap>", line 488, in _call_with_frames_removed
  File "/opt/airflow/dags/wordcount_dag.py", line 3, in <module>
    from airflow.providers.postgres.operators.postgres import PostgresOperator
ModuleNotFoundError: No module named 'airflow.providers.postgres.operators'
[2025-05-02T00:48:14.493+0000] {processor.py:927} WARNING - No viable dags retrieved from /opt/airflow/dags/wordcount_dag.py
[2025-05-02T00:48:14.508+0000] {processor.py:208} INFO - Processing /opt/airflow/dags/wordcount_dag.py took 0.028 seconds
[2025-05-02T00:48:32.713+0000] {processor.py:186} INFO - Started process (PID=43) to work on /opt/airflow/dags/wordcount_dag.py
[2025-05-02T00:48:32.713+0000] {processor.py:914} INFO - Processing file /opt/airflow/dags/wordcount_dag.py for tasks to queue
[2025-05-02T00:48:32.714+0000] {logging_mixin.py:190} INFO - [2025-05-02T00:48:32.713+0000] {dagbag.py:588} INFO - Filling up the DagBag from /opt/airflow/dags/wordcount_dag.py
[2025-05-02T00:48:32.716+0000] {logging_mixin.py:190} INFO - [2025-05-02T00:48:32.716+0000] {dagbag.py:387} ERROR - Failed to import: /opt/airflow/dags/wordcount_dag.py
Traceback (most recent call last):
  File "/home/airflow/.local/lib/python3.12/site-packages/airflow/models/dagbag.py", line 383, in parse
    loader.exec_module(new_module)
  File "<frozen importlib._bootstrap_external>", line 999, in exec_module
  File "<frozen importlib._bootstrap>", line 488, in _call_with_frames_removed
  File "/opt/airflow/dags/wordcount_dag.py", line 3, in <module>
    from airflow.providers.postgres.operators.sql import PostgresOperator
ModuleNotFoundError: No module named 'airflow.providers.postgres.operators'
[2025-05-02T00:48:32.716+0000] {processor.py:927} WARNING - No viable dags retrieved from /opt/airflow/dags/wordcount_dag.py
[2025-05-02T00:48:32.727+0000] {processor.py:208} INFO - Processing /opt/airflow/dags/wordcount_dag.py took 0.017 seconds
[2025-05-02T00:49:03.008+0000] {processor.py:186} INFO - Started process (PID=46) to work on /opt/airflow/dags/wordcount_dag.py
[2025-05-02T00:49:03.009+0000] {processor.py:914} INFO - Processing file /opt/airflow/dags/wordcount_dag.py for tasks to queue
[2025-05-02T00:49:03.010+0000] {logging_mixin.py:190} INFO - [2025-05-02T00:49:03.010+0000] {dagbag.py:588} INFO - Filling up the DagBag from /opt/airflow/dags/wordcount_dag.py
[2025-05-02T00:49:03.013+0000] {logging_mixin.py:190} INFO - [2025-05-02T00:49:03.013+0000] {dagbag.py:387} ERROR - Failed to import: /opt/airflow/dags/wordcount_dag.py
Traceback (most recent call last):
  File "/home/airflow/.local/lib/python3.12/site-packages/airflow/models/dagbag.py", line 383, in parse
    loader.exec_module(new_module)
  File "<frozen importlib._bootstrap_external>", line 999, in exec_module
  File "<frozen importlib._bootstrap>", line 488, in _call_with_frames_removed
  File "/opt/airflow/dags/wordcount_dag.py", line 3, in <module>
    from airflow.providers.postgres.operators.sql import PostgresOperator
ModuleNotFoundError: No module named 'airflow.providers.postgres.operators'
[2025-05-02T00:49:03.014+0000] {processor.py:927} WARNING - No viable dags retrieved from /opt/airflow/dags/wordcount_dag.py
[2025-05-02T00:49:03.026+0000] {processor.py:208} INFO - Processing /opt/airflow/dags/wordcount_dag.py took 0.025 seconds
[2025-05-02T00:49:10.834+0000] {processor.py:186} INFO - Started process (PID=35) to work on /opt/airflow/dags/wordcount_dag.py
[2025-05-02T00:49:10.835+0000] {processor.py:914} INFO - Processing file /opt/airflow/dags/wordcount_dag.py for tasks to queue
[2025-05-02T00:49:10.835+0000] {logging_mixin.py:190} INFO - [2025-05-02T00:49:10.835+0000] {dagbag.py:588} INFO - Filling up the DagBag from /opt/airflow/dags/wordcount_dag.py
[2025-05-02T00:49:10.837+0000] {logging_mixin.py:190} INFO - [2025-05-02T00:49:10.836+0000] {dagbag.py:387} ERROR - Failed to import: /opt/airflow/dags/wordcount_dag.py
Traceback (most recent call last):
  File "/home/airflow/.local/lib/python3.12/site-packages/airflow/models/dagbag.py", line 383, in parse
    loader.exec_module(new_module)
  File "<frozen importlib._bootstrap_external>", line 999, in exec_module
  File "<frozen importlib._bootstrap>", line 488, in _call_with_frames_removed
  File "/opt/airflow/dags/wordcount_dag.py", line 3, in <module>
    from airflow.providers.postgres.operators.sql import PostgresOperator
ModuleNotFoundError: No module named 'airflow.providers.postgres.operators'
[2025-05-02T00:49:10.837+0000] {processor.py:927} WARNING - No viable dags retrieved from /opt/airflow/dags/wordcount_dag.py
[2025-05-02T00:49:10.847+0000] {processor.py:208} INFO - Processing /opt/airflow/dags/wordcount_dag.py took 0.015 seconds
[2025-05-02T00:49:41.034+0000] {processor.py:186} INFO - Started process (PID=38) to work on /opt/airflow/dags/wordcount_dag.py
[2025-05-02T00:49:41.034+0000] {processor.py:914} INFO - Processing file /opt/airflow/dags/wordcount_dag.py for tasks to queue
[2025-05-02T00:49:41.035+0000] {logging_mixin.py:190} INFO - [2025-05-02T00:49:41.035+0000] {dagbag.py:588} INFO - Filling up the DagBag from /opt/airflow/dags/wordcount_dag.py
[2025-05-02T00:49:41.036+0000] {logging_mixin.py:190} INFO - [2025-05-02T00:49:41.036+0000] {dagbag.py:387} ERROR - Failed to import: /opt/airflow/dags/wordcount_dag.py
Traceback (most recent call last):
  File "/home/airflow/.local/lib/python3.12/site-packages/airflow/models/dagbag.py", line 383, in parse
    loader.exec_module(new_module)
  File "<frozen importlib._bootstrap_external>", line 999, in exec_module
  File "<frozen importlib._bootstrap>", line 488, in _call_with_frames_removed
  File "/opt/airflow/dags/wordcount_dag.py", line 3, in <module>
    from airflow.providers.postgres.operators.sql import PostgresOperator
ModuleNotFoundError: No module named 'airflow.providers.postgres.operators'
[2025-05-02T00:49:41.036+0000] {processor.py:927} WARNING - No viable dags retrieved from /opt/airflow/dags/wordcount_dag.py
[2025-05-02T00:49:41.046+0000] {processor.py:208} INFO - Processing /opt/airflow/dags/wordcount_dag.py took 0.014 seconds
[2025-05-02T00:50:11.276+0000] {processor.py:186} INFO - Started process (PID=41) to work on /opt/airflow/dags/wordcount_dag.py
[2025-05-02T00:50:11.277+0000] {processor.py:914} INFO - Processing file /opt/airflow/dags/wordcount_dag.py for tasks to queue
[2025-05-02T00:50:11.278+0000] {logging_mixin.py:190} INFO - [2025-05-02T00:50:11.277+0000] {dagbag.py:588} INFO - Filling up the DagBag from /opt/airflow/dags/wordcount_dag.py
[2025-05-02T00:50:11.281+0000] {logging_mixin.py:190} INFO - [2025-05-02T00:50:11.280+0000] {dagbag.py:387} ERROR - Failed to import: /opt/airflow/dags/wordcount_dag.py
Traceback (most recent call last):
  File "/home/airflow/.local/lib/python3.12/site-packages/airflow/models/dagbag.py", line 383, in parse
    loader.exec_module(new_module)
  File "<frozen importlib._bootstrap_external>", line 999, in exec_module
  File "<frozen importlib._bootstrap>", line 488, in _call_with_frames_removed
  File "/opt/airflow/dags/wordcount_dag.py", line 3, in <module>
    from airflow.providers.postgres.operators.sql import PostgresOperator
ModuleNotFoundError: No module named 'airflow.providers.postgres.operators'
[2025-05-02T00:50:11.281+0000] {processor.py:927} WARNING - No viable dags retrieved from /opt/airflow/dags/wordcount_dag.py
[2025-05-02T00:50:11.296+0000] {processor.py:208} INFO - Processing /opt/airflow/dags/wordcount_dag.py took 0.026 seconds
[2025-05-02T00:50:41.544+0000] {processor.py:186} INFO - Started process (PID=44) to work on /opt/airflow/dags/wordcount_dag.py
[2025-05-02T00:50:41.545+0000] {processor.py:914} INFO - Processing file /opt/airflow/dags/wordcount_dag.py for tasks to queue
[2025-05-02T00:50:41.547+0000] {logging_mixin.py:190} INFO - [2025-05-02T00:50:41.546+0000] {dagbag.py:588} INFO - Filling up the DagBag from /opt/airflow/dags/wordcount_dag.py
[2025-05-02T00:50:41.551+0000] {logging_mixin.py:190} INFO - [2025-05-02T00:50:41.550+0000] {dagbag.py:387} ERROR - Failed to import: /opt/airflow/dags/wordcount_dag.py
Traceback (most recent call last):
  File "/home/airflow/.local/lib/python3.12/site-packages/airflow/models/dagbag.py", line 383, in parse
    loader.exec_module(new_module)
  File "<frozen importlib._bootstrap_external>", line 999, in exec_module
  File "<frozen importlib._bootstrap>", line 488, in _call_with_frames_removed
  File "/opt/airflow/dags/wordcount_dag.py", line 3, in <module>
    from airflow.providers.postgres.operators.sql import PostgresOperator
ModuleNotFoundError: No module named 'airflow.providers.postgres.operators'
[2025-05-02T00:50:41.552+0000] {processor.py:927} WARNING - No viable dags retrieved from /opt/airflow/dags/wordcount_dag.py
[2025-05-02T00:50:41.569+0000] {processor.py:208} INFO - Processing /opt/airflow/dags/wordcount_dag.py took 0.037 seconds
[2025-05-02T00:51:11.978+0000] {processor.py:186} INFO - Started process (PID=47) to work on /opt/airflow/dags/wordcount_dag.py
[2025-05-02T00:51:11.978+0000] {processor.py:914} INFO - Processing file /opt/airflow/dags/wordcount_dag.py for tasks to queue
[2025-05-02T00:51:11.979+0000] {logging_mixin.py:190} INFO - [2025-05-02T00:51:11.979+0000] {dagbag.py:588} INFO - Filling up the DagBag from /opt/airflow/dags/wordcount_dag.py
[2025-05-02T00:51:11.983+0000] {logging_mixin.py:190} INFO - [2025-05-02T00:51:11.982+0000] {dagbag.py:387} ERROR - Failed to import: /opt/airflow/dags/wordcount_dag.py
Traceback (most recent call last):
  File "/home/airflow/.local/lib/python3.12/site-packages/airflow/models/dagbag.py", line 383, in parse
    loader.exec_module(new_module)
  File "<frozen importlib._bootstrap_external>", line 999, in exec_module
  File "<frozen importlib._bootstrap>", line 488, in _call_with_frames_removed
  File "/opt/airflow/dags/wordcount_dag.py", line 3, in <module>
    from airflow.providers.postgres.operators.sql import PostgresOperator
ModuleNotFoundError: No module named 'airflow.providers.postgres.operators'
[2025-05-02T00:51:11.983+0000] {processor.py:927} WARNING - No viable dags retrieved from /opt/airflow/dags/wordcount_dag.py
[2025-05-02T00:51:11.998+0000] {processor.py:208} INFO - Processing /opt/airflow/dags/wordcount_dag.py took 0.028 seconds
[2025-05-02T00:51:42.483+0000] {processor.py:186} INFO - Started process (PID=50) to work on /opt/airflow/dags/wordcount_dag.py
[2025-05-02T00:51:42.484+0000] {processor.py:914} INFO - Processing file /opt/airflow/dags/wordcount_dag.py for tasks to queue
[2025-05-02T00:51:42.485+0000] {logging_mixin.py:190} INFO - [2025-05-02T00:51:42.485+0000] {dagbag.py:588} INFO - Filling up the DagBag from /opt/airflow/dags/wordcount_dag.py
[2025-05-02T00:51:42.488+0000] {logging_mixin.py:190} INFO - [2025-05-02T00:51:42.487+0000] {dagbag.py:387} ERROR - Failed to import: /opt/airflow/dags/wordcount_dag.py
Traceback (most recent call last):
  File "/home/airflow/.local/lib/python3.12/site-packages/airflow/models/dagbag.py", line 383, in parse
    loader.exec_module(new_module)
  File "<frozen importlib._bootstrap_external>", line 999, in exec_module
  File "<frozen importlib._bootstrap>", line 488, in _call_with_frames_removed
  File "/opt/airflow/dags/wordcount_dag.py", line 3, in <module>
    from airflow.providers.postgres.operators.sql import PostgresOperator
ModuleNotFoundError: No module named 'airflow.providers.postgres.operators'
[2025-05-02T00:51:42.488+0000] {processor.py:927} WARNING - No viable dags retrieved from /opt/airflow/dags/wordcount_dag.py
[2025-05-02T00:51:42.501+0000] {processor.py:208} INFO - Processing /opt/airflow/dags/wordcount_dag.py took 0.024 seconds
[2025-05-02T00:52:12.966+0000] {processor.py:186} INFO - Started process (PID=53) to work on /opt/airflow/dags/wordcount_dag.py
[2025-05-02T00:52:12.967+0000] {processor.py:914} INFO - Processing file /opt/airflow/dags/wordcount_dag.py for tasks to queue
[2025-05-02T00:52:12.968+0000] {logging_mixin.py:190} INFO - [2025-05-02T00:52:12.968+0000] {dagbag.py:588} INFO - Filling up the DagBag from /opt/airflow/dags/wordcount_dag.py
[2025-05-02T00:52:12.972+0000] {logging_mixin.py:190} INFO - [2025-05-02T00:52:12.971+0000] {dagbag.py:387} ERROR - Failed to import: /opt/airflow/dags/wordcount_dag.py
Traceback (most recent call last):
  File "/home/airflow/.local/lib/python3.12/site-packages/airflow/models/dagbag.py", line 383, in parse
    loader.exec_module(new_module)
  File "<frozen importlib._bootstrap_external>", line 999, in exec_module
  File "<frozen importlib._bootstrap>", line 488, in _call_with_frames_removed
  File "/opt/airflow/dags/wordcount_dag.py", line 3, in <module>
    from airflow.providers.postgres.operators.sql import PostgresOperator
ModuleNotFoundError: No module named 'airflow.providers.postgres.operators'
[2025-05-02T00:52:12.972+0000] {processor.py:927} WARNING - No viable dags retrieved from /opt/airflow/dags/wordcount_dag.py
[2025-05-02T00:52:12.985+0000] {processor.py:208} INFO - Processing /opt/airflow/dags/wordcount_dag.py took 0.027 seconds
[2025-05-02T00:52:43.429+0000] {processor.py:186} INFO - Started process (PID=56) to work on /opt/airflow/dags/wordcount_dag.py
[2025-05-02T00:52:43.431+0000] {processor.py:914} INFO - Processing file /opt/airflow/dags/wordcount_dag.py for tasks to queue
[2025-05-02T00:52:43.432+0000] {logging_mixin.py:190} INFO - [2025-05-02T00:52:43.431+0000] {dagbag.py:588} INFO - Filling up the DagBag from /opt/airflow/dags/wordcount_dag.py
[2025-05-02T00:52:43.443+0000] {logging_mixin.py:190} INFO - [2025-05-02T00:52:43.442+0000] {dagbag.py:387} ERROR - Failed to import: /opt/airflow/dags/wordcount_dag.py
Traceback (most recent call last):
  File "/home/airflow/.local/lib/python3.12/site-packages/airflow/models/dagbag.py", line 383, in parse
    loader.exec_module(new_module)
  File "<frozen importlib._bootstrap_external>", line 999, in exec_module
  File "<frozen importlib._bootstrap>", line 488, in _call_with_frames_removed
  File "/opt/airflow/dags/wordcount_dag.py", line 3, in <module>
    from airflow.providers.postgres.operators.sql import PostgresOperator
ModuleNotFoundError: No module named 'airflow.providers.postgres.operators'
[2025-05-02T00:52:43.443+0000] {processor.py:927} WARNING - No viable dags retrieved from /opt/airflow/dags/wordcount_dag.py
[2025-05-02T00:52:43.457+0000] {processor.py:208} INFO - Processing /opt/airflow/dags/wordcount_dag.py took 0.037 seconds
[2025-05-02T00:53:13.889+0000] {processor.py:186} INFO - Started process (PID=59) to work on /opt/airflow/dags/wordcount_dag.py
[2025-05-02T00:53:13.890+0000] {processor.py:914} INFO - Processing file /opt/airflow/dags/wordcount_dag.py for tasks to queue
[2025-05-02T00:53:13.891+0000] {logging_mixin.py:190} INFO - [2025-05-02T00:53:13.891+0000] {dagbag.py:588} INFO - Filling up the DagBag from /opt/airflow/dags/wordcount_dag.py
[2025-05-02T00:53:13.895+0000] {logging_mixin.py:190} INFO - [2025-05-02T00:53:13.894+0000] {dagbag.py:387} ERROR - Failed to import: /opt/airflow/dags/wordcount_dag.py
Traceback (most recent call last):
  File "/home/airflow/.local/lib/python3.12/site-packages/airflow/models/dagbag.py", line 383, in parse
    loader.exec_module(new_module)
  File "<frozen importlib._bootstrap_external>", line 999, in exec_module
  File "<frozen importlib._bootstrap>", line 488, in _call_with_frames_removed
  File "/opt/airflow/dags/wordcount_dag.py", line 3, in <module>
    from airflow.providers.postgres.operators.sql import PostgresOperator
ModuleNotFoundError: No module named 'airflow.providers.postgres.operators'
[2025-05-02T00:53:13.896+0000] {processor.py:927} WARNING - No viable dags retrieved from /opt/airflow/dags/wordcount_dag.py
[2025-05-02T00:53:13.910+0000] {processor.py:208} INFO - Processing /opt/airflow/dags/wordcount_dag.py took 0.032 seconds
[2025-05-02T00:53:36.174+0000] {processor.py:186} INFO - Started process (PID=62) to work on /opt/airflow/dags/wordcount_dag.py
[2025-05-02T00:53:36.176+0000] {processor.py:914} INFO - Processing file /opt/airflow/dags/wordcount_dag.py for tasks to queue
[2025-05-02T00:53:36.177+0000] {logging_mixin.py:190} INFO - [2025-05-02T00:53:36.176+0000] {dagbag.py:588} INFO - Filling up the DagBag from /opt/airflow/dags/wordcount_dag.py
[2025-05-02T00:53:36.253+0000] {logging_mixin.py:190} INFO - [2025-05-02T00:53:36.252+0000] {dagbag.py:387} ERROR - Failed to import: /opt/airflow/dags/wordcount_dag.py
Traceback (most recent call last):
  File "/home/airflow/.local/lib/python3.12/site-packages/airflow/models/dagbag.py", line 383, in parse
    loader.exec_module(new_module)
  File "<frozen importlib._bootstrap_external>", line 999, in exec_module
  File "<frozen importlib._bootstrap>", line 488, in _call_with_frames_removed
  File "/opt/airflow/dags/wordcount_dag.py", line 37, in <module>
    with open(sql_path, 'r') as file:
         ^^^^^^^^^^^^^^^^^^^
FileNotFoundError: [Errno 2] No such file or directory: '/opt/airflow/scripts/sql/wordcount_tables.sql'
[2025-05-02T00:53:36.253+0000] {processor.py:927} WARNING - No viable dags retrieved from /opt/airflow/dags/wordcount_dag.py
[2025-05-02T00:53:36.262+0000] {processor.py:208} INFO - Processing /opt/airflow/dags/wordcount_dag.py took 0.094 seconds
[2025-05-02T00:53:56.595+0000] {processor.py:186} INFO - Started process (PID=65) to work on /opt/airflow/dags/wordcount_dag.py
[2025-05-02T00:53:56.596+0000] {processor.py:914} INFO - Processing file /opt/airflow/dags/wordcount_dag.py for tasks to queue
[2025-05-02T00:53:56.596+0000] {logging_mixin.py:190} INFO - [2025-05-02T00:53:56.596+0000] {dagbag.py:588} INFO - Filling up the DagBag from /opt/airflow/dags/wordcount_dag.py
[2025-05-02T00:53:56.630+0000] {logging_mixin.py:190} INFO - [2025-05-02T00:53:56.629+0000] {dagbag.py:387} ERROR - Failed to import: /opt/airflow/dags/wordcount_dag.py
Traceback (most recent call last):
  File "/home/airflow/.local/lib/python3.12/site-packages/airflow/models/dagbag.py", line 383, in parse
    loader.exec_module(new_module)
  File "<frozen importlib._bootstrap_external>", line 999, in exec_module
  File "<frozen importlib._bootstrap>", line 488, in _call_with_frames_removed
  File "/opt/airflow/dags/wordcount_dag.py", line 37, in <module>
    with open(sql_path, 'r') as file:
         ^^^^^^^^^^^^^^^^^^^
FileNotFoundError: [Errno 2] No such file or directory: '/opt/airflow/scripts/sql/wordcount_tables.sql'
[2025-05-02T00:53:56.630+0000] {processor.py:927} WARNING - No viable dags retrieved from /opt/airflow/dags/wordcount_dag.py
[2025-05-02T00:53:56.638+0000] {processor.py:208} INFO - Processing /opt/airflow/dags/wordcount_dag.py took 0.045 seconds
[2025-05-02T00:54:26.886+0000] {processor.py:186} INFO - Started process (PID=68) to work on /opt/airflow/dags/wordcount_dag.py
[2025-05-02T00:54:26.890+0000] {processor.py:914} INFO - Processing file /opt/airflow/dags/wordcount_dag.py for tasks to queue
[2025-05-02T00:54:26.891+0000] {logging_mixin.py:190} INFO - [2025-05-02T00:54:26.890+0000] {dagbag.py:588} INFO - Filling up the DagBag from /opt/airflow/dags/wordcount_dag.py
[2025-05-02T00:54:26.931+0000] {logging_mixin.py:190} INFO - [2025-05-02T00:54:26.930+0000] {dagbag.py:387} ERROR - Failed to import: /opt/airflow/dags/wordcount_dag.py
Traceback (most recent call last):
  File "/home/airflow/.local/lib/python3.12/site-packages/airflow/models/dagbag.py", line 383, in parse
    loader.exec_module(new_module)
  File "<frozen importlib._bootstrap_external>", line 999, in exec_module
  File "<frozen importlib._bootstrap>", line 488, in _call_with_frames_removed
  File "/opt/airflow/dags/wordcount_dag.py", line 37, in <module>
    with open(sql_path, 'r') as file:
         ^^^^^^^^^^^^^^^^^^^
FileNotFoundError: [Errno 2] No such file or directory: '/opt/airflow/scripts/sql/wordcount_tables.sql'
[2025-05-02T00:54:26.931+0000] {processor.py:927} WARNING - No viable dags retrieved from /opt/airflow/dags/wordcount_dag.py
[2025-05-02T00:54:26.940+0000] {processor.py:208} INFO - Processing /opt/airflow/dags/wordcount_dag.py took 0.059 seconds
[2025-05-02T00:54:39.969+0000] {processor.py:186} INFO - Started process (PID=69) to work on /opt/airflow/dags/wordcount_dag.py
[2025-05-02T00:54:39.970+0000] {processor.py:914} INFO - Processing file /opt/airflow/dags/wordcount_dag.py for tasks to queue
[2025-05-02T00:54:39.970+0000] {logging_mixin.py:190} INFO - [2025-05-02T00:54:39.970+0000] {dagbag.py:588} INFO - Filling up the DagBag from /opt/airflow/dags/wordcount_dag.py
[2025-05-02T00:54:40.002+0000] {logging_mixin.py:190} INFO - [2025-05-02T00:54:40.001+0000] {dagbag.py:387} ERROR - Failed to import: /opt/airflow/dags/wordcount_dag.py
Traceback (most recent call last):
  File "/home/airflow/.local/lib/python3.12/site-packages/airflow/models/dagbag.py", line 383, in parse
    loader.exec_module(new_module)
  File "<frozen importlib._bootstrap_external>", line 999, in exec_module
  File "<frozen importlib._bootstrap>", line 488, in _call_with_frames_removed
  File "/opt/airflow/dags/wordcount_dag.py", line 36, in <module>
    create_table = SQLExecuteQueryOperator(
                   ^^^^^^^^^^^^^^^^^^^^^^^
NameError: name 'SQLExecuteQueryOperator' is not defined
[2025-05-02T00:54:40.003+0000] {processor.py:927} WARNING - No viable dags retrieved from /opt/airflow/dags/wordcount_dag.py
[2025-05-02T00:54:40.011+0000] {processor.py:208} INFO - Processing /opt/airflow/dags/wordcount_dag.py took 0.044 seconds
[2025-05-02T00:55:10.321+0000] {processor.py:186} INFO - Started process (PID=72) to work on /opt/airflow/dags/wordcount_dag.py
[2025-05-02T00:55:10.325+0000] {processor.py:914} INFO - Processing file /opt/airflow/dags/wordcount_dag.py for tasks to queue
[2025-05-02T00:55:10.327+0000] {logging_mixin.py:190} INFO - [2025-05-02T00:55:10.326+0000] {dagbag.py:588} INFO - Filling up the DagBag from /opt/airflow/dags/wordcount_dag.py
[2025-05-02T00:55:10.369+0000] {logging_mixin.py:190} INFO - [2025-05-02T00:55:10.367+0000] {dagbag.py:387} ERROR - Failed to import: /opt/airflow/dags/wordcount_dag.py
Traceback (most recent call last):
  File "/home/airflow/.local/lib/python3.12/site-packages/airflow/models/dagbag.py", line 383, in parse
    loader.exec_module(new_module)
  File "<frozen importlib._bootstrap_external>", line 999, in exec_module
  File "<frozen importlib._bootstrap>", line 488, in _call_with_frames_removed
  File "/opt/airflow/dags/wordcount_dag.py", line 36, in <module>
    create_table = SQLExecuteQueryOperator(
                   ^^^^^^^^^^^^^^^^^^^^^^^
NameError: name 'SQLExecuteQueryOperator' is not defined
[2025-05-02T00:55:10.370+0000] {processor.py:927} WARNING - No viable dags retrieved from /opt/airflow/dags/wordcount_dag.py
[2025-05-02T00:55:10.378+0000] {processor.py:208} INFO - Processing /opt/airflow/dags/wordcount_dag.py took 0.063 seconds
[2025-05-02T00:55:22.756+0000] {processor.py:186} INFO - Started process (PID=75) to work on /opt/airflow/dags/wordcount_dag.py
[2025-05-02T00:55:22.757+0000] {processor.py:914} INFO - Processing file /opt/airflow/dags/wordcount_dag.py for tasks to queue
[2025-05-02T00:55:22.757+0000] {logging_mixin.py:190} INFO - [2025-05-02T00:55:22.757+0000] {dagbag.py:588} INFO - Filling up the DagBag from /opt/airflow/dags/wordcount_dag.py
[2025-05-02T00:55:22.851+0000] {logging_mixin.py:190} INFO - [2025-05-02T00:55:22.849+0000] {dagbag.py:387} ERROR - Failed to import: /opt/airflow/dags/wordcount_dag.py
Traceback (most recent call last):
  File "/home/airflow/.local/lib/python3.12/site-packages/airflow/models/dagbag.py", line 383, in parse
    loader.exec_module(new_module)
  File "<frozen importlib._bootstrap_external>", line 999, in exec_module
  File "<frozen importlib._bootstrap>", line 488, in _call_with_frames_removed
  File "/opt/airflow/dags/wordcount_dag.py", line 37, in <module>
    create_table = SQLExecuteQueryOperator(
                   ^^^^^^^^^^^^^^^^^^^^^^^^
  File "/home/airflow/.local/lib/python3.12/site-packages/airflow/models/baseoperator.py", line 508, in apply_defaults
    result = func(self, **kwargs, default_args=default_args)
             ^^^^^^^^^^^^^^^^^^^^^^^^^^^^^^^^^^^^^^^^^^^^^^^
  File "/home/airflow/.local/lib/python3.12/site-packages/airflow/providers/common/sql/operators/sql.py", line 258, in __init__
    super().__init__(conn_id=conn_id, database=database, **kwargs)
  File "/home/airflow/.local/lib/python3.12/site-packages/airflow/models/baseoperator.py", line 508, in apply_defaults
    result = func(self, **kwargs, default_args=default_args)
             ^^^^^^^^^^^^^^^^^^^^^^^^^^^^^^^^^^^^^^^^^^^^^^^
  File "/home/airflow/.local/lib/python3.12/site-packages/airflow/providers/common/sql/operators/sql.py", line 147, in __init__
    super().__init__(**kwargs)
  File "/home/airflow/.local/lib/python3.12/site-packages/airflow/models/baseoperator.py", line 508, in apply_defaults
    result = func(self, **kwargs, default_args=default_args)
             ^^^^^^^^^^^^^^^^^^^^^^^^^^^^^^^^^^^^^^^^^^^^^^^
  File "/home/airflow/.local/lib/python3.12/site-packages/airflow/models/baseoperator.py", line 959, in __init__
    raise AirflowException(
airflow.exceptions.AirflowException: Invalid arguments were passed to SQLExecuteQueryOperator (task_id: create_table). Invalid arguments were:
**kwargs: {'postgres_conn_id': 'postgres_bigdata'}
[2025-05-02T00:55:22.851+0000] {processor.py:927} WARNING - No viable dags retrieved from /opt/airflow/dags/wordcount_dag.py
[2025-05-02T00:55:22.857+0000] {processor.py:208} INFO - Processing /opt/airflow/dags/wordcount_dag.py took 0.103 seconds
[2025-05-02T00:55:53.056+0000] {processor.py:186} INFO - Started process (PID=78) to work on /opt/airflow/dags/wordcount_dag.py
[2025-05-02T00:55:53.057+0000] {processor.py:914} INFO - Processing file /opt/airflow/dags/wordcount_dag.py for tasks to queue
[2025-05-02T00:55:53.057+0000] {logging_mixin.py:190} INFO - [2025-05-02T00:55:53.057+0000] {dagbag.py:588} INFO - Filling up the DagBag from /opt/airflow/dags/wordcount_dag.py
[2025-05-02T00:55:53.203+0000] {logging_mixin.py:190} INFO - [2025-05-02T00:55:53.202+0000] {dagbag.py:387} ERROR - Failed to import: /opt/airflow/dags/wordcount_dag.py
Traceback (most recent call last):
  File "/home/airflow/.local/lib/python3.12/site-packages/airflow/models/dagbag.py", line 383, in parse
    loader.exec_module(new_module)
  File "<frozen importlib._bootstrap_external>", line 999, in exec_module
  File "<frozen importlib._bootstrap>", line 488, in _call_with_frames_removed
  File "/opt/airflow/dags/wordcount_dag.py", line 37, in <module>
    create_table = SQLExecuteQueryOperator(
                   ^^^^^^^^^^^^^^^^^^^^^^^^
  File "/home/airflow/.local/lib/python3.12/site-packages/airflow/models/baseoperator.py", line 508, in apply_defaults
    result = func(self, **kwargs, default_args=default_args)
             ^^^^^^^^^^^^^^^^^^^^^^^^^^^^^^^^^^^^^^^^^^^^^^^
  File "/home/airflow/.local/lib/python3.12/site-packages/airflow/providers/common/sql/operators/sql.py", line 258, in __init__
    super().__init__(conn_id=conn_id, database=database, **kwargs)
  File "/home/airflow/.local/lib/python3.12/site-packages/airflow/models/baseoperator.py", line 508, in apply_defaults
    result = func(self, **kwargs, default_args=default_args)
             ^^^^^^^^^^^^^^^^^^^^^^^^^^^^^^^^^^^^^^^^^^^^^^^
  File "/home/airflow/.local/lib/python3.12/site-packages/airflow/providers/common/sql/operators/sql.py", line 147, in __init__
    super().__init__(**kwargs)
  File "/home/airflow/.local/lib/python3.12/site-packages/airflow/models/baseoperator.py", line 508, in apply_defaults
    result = func(self, **kwargs, default_args=default_args)
             ^^^^^^^^^^^^^^^^^^^^^^^^^^^^^^^^^^^^^^^^^^^^^^^
  File "/home/airflow/.local/lib/python3.12/site-packages/airflow/models/baseoperator.py", line 959, in __init__
    raise AirflowException(
airflow.exceptions.AirflowException: Invalid arguments were passed to SQLExecuteQueryOperator (task_id: create_table). Invalid arguments were:
**kwargs: {'postgres_conn_id': 'postgres_bigdata'}
[2025-05-02T00:55:53.203+0000] {processor.py:927} WARNING - No viable dags retrieved from /opt/airflow/dags/wordcount_dag.py
[2025-05-02T00:55:53.214+0000] {processor.py:208} INFO - Processing /opt/airflow/dags/wordcount_dag.py took 0.162 seconds
[2025-05-02T00:56:05.123+0000] {processor.py:186} INFO - Started process (PID=79) to work on /opt/airflow/dags/wordcount_dag.py
[2025-05-02T00:56:05.123+0000] {processor.py:914} INFO - Processing file /opt/airflow/dags/wordcount_dag.py for tasks to queue
[2025-05-02T00:56:05.124+0000] {logging_mixin.py:190} INFO - [2025-05-02T00:56:05.124+0000] {dagbag.py:588} INFO - Filling up the DagBag from /opt/airflow/dags/wordcount_dag.py
[2025-05-02T00:56:05.169+0000] {logging_mixin.py:190} INFO - [2025-05-02T00:56:05.167+0000] {templater.py:94} ERROR - Failed to resolve template field 'sql'
Traceback (most recent call last):
  File "/home/airflow/.local/lib/python3.12/site-packages/airflow/template/templater.py", line 92, in resolve_template_files
    setattr(self, field, env.loader.get_source(env, content)[0])  # type: ignore
                         ^^^^^^^^^^^^^^^^^^^^^^^^^^^^^^^^^^^
  File "/home/airflow/.local/lib/python3.12/site-packages/jinja2/loaders.py", line 209, in get_source
    raise TemplateNotFound(
jinja2.exceptions.TemplateNotFound: '/opt/airflow/scripts/sql/wordcount_tables.sql' not found in search path: '/opt/airflow/dags'
[2025-05-02T00:56:05.170+0000] {processor.py:925} INFO - DAG(s) 'news_dag' retrieved from /opt/airflow/dags/wordcount_dag.py
[2025-05-02T00:56:05.359+0000] {logging_mixin.py:190} INFO - [2025-05-02T00:56:05.359+0000] {override.py:1912} INFO - Created Permission View: can delete on DAG:news_dag
[2025-05-02T00:56:05.364+0000] {logging_mixin.py:190} INFO - [2025-05-02T00:56:05.364+0000] {override.py:1912} INFO - Created Permission View: can edit on DAG:news_dag
[2025-05-02T00:56:05.367+0000] {logging_mixin.py:190} INFO - [2025-05-02T00:56:05.367+0000] {override.py:1912} INFO - Created Permission View: can read on DAG:news_dag
[2025-05-02T00:56:05.371+0000] {logging_mixin.py:190} INFO - [2025-05-02T00:56:05.371+0000] {override.py:1912} INFO - Created Permission View: can delete on DAG Run:news_dag
[2025-05-02T00:56:05.374+0000] {logging_mixin.py:190} INFO - [2025-05-02T00:56:05.373+0000] {override.py:1912} INFO - Created Permission View: menu access on DAG Run:news_dag
[2025-05-02T00:56:05.377+0000] {logging_mixin.py:190} INFO - [2025-05-02T00:56:05.377+0000] {override.py:1912} INFO - Created Permission View: can create on DAG Run:news_dag
[2025-05-02T00:56:05.380+0000] {logging_mixin.py:190} INFO - [2025-05-02T00:56:05.380+0000] {override.py:1912} INFO - Created Permission View: can read on DAG Run:news_dag
[2025-05-02T00:56:05.380+0000] {logging_mixin.py:190} INFO - [2025-05-02T00:56:05.380+0000] {dag.py:3239} INFO - Sync 1 DAGs
[2025-05-02T00:56:05.386+0000] {logging_mixin.py:190} INFO - [2025-05-02T00:56:05.385+0000] {dag.py:3262} INFO - Creating ORM DAG for news_dag
[2025-05-02T00:56:05.389+0000] {logging_mixin.py:190} INFO - [2025-05-02T00:56:05.389+0000] {dag.py:4180} INFO - Setting next_dagrun for news_dag to 2025-04-20 00:00:00+00:00, run_after=2025-04-27 00:00:00+00:00
[2025-05-02T00:56:05.402+0000] {processor.py:208} INFO - Processing /opt/airflow/dags/wordcount_dag.py took 0.283 seconds
[2025-05-02T00:56:29.480+0000] {processor.py:186} INFO - Started process (PID=82) to work on /opt/airflow/dags/wordcount_dag.py
[2025-05-02T00:56:29.481+0000] {processor.py:914} INFO - Processing file /opt/airflow/dags/wordcount_dag.py for tasks to queue
[2025-05-02T00:56:29.481+0000] {logging_mixin.py:190} INFO - [2025-05-02T00:56:29.481+0000] {dagbag.py:588} INFO - Filling up the DagBag from /opt/airflow/dags/wordcount_dag.py
[2025-05-02T00:56:29.521+0000] {logging_mixin.py:190} INFO - [2025-05-02T00:56:29.521+0000] {templater.py:94} ERROR - Failed to resolve template field 'sql'
Traceback (most recent call last):
  File "/home/airflow/.local/lib/python3.12/site-packages/airflow/template/templater.py", line 92, in resolve_template_files
    setattr(self, field, env.loader.get_source(env, content)[0])  # type: ignore
                         ^^^^^^^^^^^^^^^^^^^^^^^^^^^^^^^^^^^
  File "/home/airflow/.local/lib/python3.12/site-packages/jinja2/loaders.py", line 209, in get_source
    raise TemplateNotFound(
jinja2.exceptions.TemplateNotFound: '/opt/airflow/scripts/sql/wordcount_tables.sql' not found in search path: '/opt/airflow/dags'
[2025-05-02T00:56:29.522+0000] {processor.py:925} INFO - DAG(s) 'news_dag' retrieved from /opt/airflow/dags/wordcount_dag.py
[2025-05-02T00:56:29.527+0000] {logging_mixin.py:190} INFO - [2025-05-02T00:56:29.527+0000] {dag.py:3239} INFO - Sync 1 DAGs
[2025-05-02T00:56:29.537+0000] {logging_mixin.py:190} INFO - [2025-05-02T00:56:29.537+0000] {dag.py:4180} INFO - Setting next_dagrun for news_dag to 2025-04-20 00:00:00+00:00, run_after=2025-04-27 00:00:00+00:00
[2025-05-02T00:56:29.617+0000] {processor.py:208} INFO - Processing /opt/airflow/dags/wordcount_dag.py took 0.140 seconds
[2025-05-02T00:56:59.725+0000] {processor.py:186} INFO - Started process (PID=89) to work on /opt/airflow/dags/wordcount_dag.py
[2025-05-02T00:56:59.726+0000] {processor.py:914} INFO - Processing file /opt/airflow/dags/wordcount_dag.py for tasks to queue
[2025-05-02T00:56:59.727+0000] {logging_mixin.py:190} INFO - [2025-05-02T00:56:59.726+0000] {dagbag.py:588} INFO - Filling up the DagBag from /opt/airflow/dags/wordcount_dag.py
[2025-05-02T00:56:59.769+0000] {logging_mixin.py:190} INFO - [2025-05-02T00:56:59.769+0000] {templater.py:94} ERROR - Failed to resolve template field 'sql'
Traceback (most recent call last):
  File "/home/airflow/.local/lib/python3.12/site-packages/airflow/template/templater.py", line 92, in resolve_template_files
    setattr(self, field, env.loader.get_source(env, content)[0])  # type: ignore
                         ^^^^^^^^^^^^^^^^^^^^^^^^^^^^^^^^^^^
  File "/home/airflow/.local/lib/python3.12/site-packages/jinja2/loaders.py", line 209, in get_source
    raise TemplateNotFound(
jinja2.exceptions.TemplateNotFound: '/opt/airflow/scripts/sql/wordcount_tables.sql' not found in search path: '/opt/airflow/dags'
[2025-05-02T00:56:59.770+0000] {processor.py:925} INFO - DAG(s) 'news_dag' retrieved from /opt/airflow/dags/wordcount_dag.py
[2025-05-02T00:56:59.864+0000] {logging_mixin.py:190} INFO - [2025-05-02T00:56:59.864+0000] {dag.py:3239} INFO - Sync 1 DAGs
[2025-05-02T00:56:59.870+0000] {logging_mixin.py:190} INFO - [2025-05-02T00:56:59.870+0000] {dag.py:4180} INFO - Setting next_dagrun for news_dag to 2025-04-27 00:00:00+00:00, run_after=2025-05-04 00:00:00+00:00
[2025-05-02T00:56:59.876+0000] {processor.py:208} INFO - Processing /opt/airflow/dags/wordcount_dag.py took 0.157 seconds
[2025-05-02T00:57:30.012+0000] {processor.py:186} INFO - Started process (PID=92) to work on /opt/airflow/dags/wordcount_dag.py
[2025-05-02T00:57:30.012+0000] {processor.py:914} INFO - Processing file /opt/airflow/dags/wordcount_dag.py for tasks to queue
[2025-05-02T00:57:30.013+0000] {logging_mixin.py:190} INFO - [2025-05-02T00:57:30.013+0000] {dagbag.py:588} INFO - Filling up the DagBag from /opt/airflow/dags/wordcount_dag.py
[2025-05-02T00:57:30.044+0000] {logging_mixin.py:190} INFO - [2025-05-02T00:57:30.043+0000] {templater.py:94} ERROR - Failed to resolve template field 'sql'
Traceback (most recent call last):
  File "/home/airflow/.local/lib/python3.12/site-packages/airflow/template/templater.py", line 92, in resolve_template_files
    setattr(self, field, env.loader.get_source(env, content)[0])  # type: ignore
                         ^^^^^^^^^^^^^^^^^^^^^^^^^^^^^^^^^^^
  File "/home/airflow/.local/lib/python3.12/site-packages/jinja2/loaders.py", line 209, in get_source
    raise TemplateNotFound(
jinja2.exceptions.TemplateNotFound: '/opt/airflow/scripts/sql/wordcount_tables.sql' not found in search path: '/opt/airflow/dags'
[2025-05-02T00:57:30.045+0000] {processor.py:925} INFO - DAG(s) 'news_dag' retrieved from /opt/airflow/dags/wordcount_dag.py
[2025-05-02T00:57:30.126+0000] {logging_mixin.py:190} INFO - [2025-05-02T00:57:30.126+0000] {dag.py:3239} INFO - Sync 1 DAGs
[2025-05-02T00:57:30.135+0000] {logging_mixin.py:190} INFO - [2025-05-02T00:57:30.135+0000] {dag.py:4180} INFO - Setting next_dagrun for news_dag to 2025-04-27 00:00:00+00:00, run_after=2025-05-04 00:00:00+00:00
[2025-05-02T00:57:30.145+0000] {processor.py:208} INFO - Processing /opt/airflow/dags/wordcount_dag.py took 0.136 seconds
[2025-05-02T00:58:00.170+0000] {processor.py:186} INFO - Started process (PID=95) to work on /opt/airflow/dags/wordcount_dag.py
[2025-05-02T00:58:00.170+0000] {processor.py:914} INFO - Processing file /opt/airflow/dags/wordcount_dag.py for tasks to queue
[2025-05-02T00:58:00.171+0000] {logging_mixin.py:190} INFO - [2025-05-02T00:58:00.171+0000] {dagbag.py:588} INFO - Filling up the DagBag from /opt/airflow/dags/wordcount_dag.py
[2025-05-02T00:58:00.304+0000] {logging_mixin.py:190} INFO - [2025-05-02T00:58:00.303+0000] {templater.py:94} ERROR - Failed to resolve template field 'sql'
Traceback (most recent call last):
  File "/home/airflow/.local/lib/python3.12/site-packages/airflow/template/templater.py", line 92, in resolve_template_files
    setattr(self, field, env.loader.get_source(env, content)[0])  # type: ignore
                         ^^^^^^^^^^^^^^^^^^^^^^^^^^^^^^^^^^^
  File "/home/airflow/.local/lib/python3.12/site-packages/jinja2/loaders.py", line 209, in get_source
    raise TemplateNotFound(
jinja2.exceptions.TemplateNotFound: '/opt/airflow/scripts/sql/wordcount_tables.sql' not found in search path: '/opt/airflow/dags'
[2025-05-02T00:58:00.304+0000] {processor.py:925} INFO - DAG(s) 'news_dag' retrieved from /opt/airflow/dags/wordcount_dag.py
[2025-05-02T00:58:00.315+0000] {logging_mixin.py:190} INFO - [2025-05-02T00:58:00.315+0000] {dag.py:3239} INFO - Sync 1 DAGs
[2025-05-02T00:58:00.323+0000] {logging_mixin.py:190} INFO - [2025-05-02T00:58:00.323+0000] {dag.py:4180} INFO - Setting next_dagrun for news_dag to 2025-04-27 00:00:00+00:00, run_after=2025-05-04 00:00:00+00:00
[2025-05-02T00:58:00.333+0000] {processor.py:208} INFO - Processing /opt/airflow/dags/wordcount_dag.py took 0.166 seconds
[2025-05-02T00:58:13.249+0000] {processor.py:186} INFO - Started process (PID=96) to work on /opt/airflow/dags/wordcount_dag.py
[2025-05-02T00:58:13.250+0000] {processor.py:914} INFO - Processing file /opt/airflow/dags/wordcount_dag.py for tasks to queue
[2025-05-02T00:58:13.250+0000] {logging_mixin.py:190} INFO - [2025-05-02T00:58:13.250+0000] {dagbag.py:588} INFO - Filling up the DagBag from /opt/airflow/dags/wordcount_dag.py
[2025-05-02T00:58:13.357+0000] {processor.py:925} INFO - DAG(s) 'news_dag' retrieved from /opt/airflow/dags/wordcount_dag.py
[2025-05-02T00:58:13.394+0000] {logging_mixin.py:190} INFO - [2025-05-02T00:58:13.394+0000] {dag.py:3239} INFO - Sync 1 DAGs
[2025-05-02T00:58:13.401+0000] {logging_mixin.py:190} INFO - [2025-05-02T00:58:13.401+0000] {dag.py:4180} INFO - Setting next_dagrun for news_dag to 2025-04-27 00:00:00+00:00, run_after=2025-05-04 00:00:00+00:00
[2025-05-02T00:58:13.407+0000] {processor.py:208} INFO - Processing /opt/airflow/dags/wordcount_dag.py took 0.162 seconds
[2025-05-02T00:58:43.662+0000] {processor.py:186} INFO - Started process (PID=99) to work on /opt/airflow/dags/wordcount_dag.py
[2025-05-02T00:58:43.663+0000] {processor.py:914} INFO - Processing file /opt/airflow/dags/wordcount_dag.py for tasks to queue
[2025-05-02T00:58:43.663+0000] {logging_mixin.py:190} INFO - [2025-05-02T00:58:43.663+0000] {dagbag.py:588} INFO - Filling up the DagBag from /opt/airflow/dags/wordcount_dag.py
[2025-05-02T00:58:43.772+0000] {processor.py:925} INFO - DAG(s) 'news_dag' retrieved from /opt/airflow/dags/wordcount_dag.py
[2025-05-02T00:58:43.780+0000] {logging_mixin.py:190} INFO - [2025-05-02T00:58:43.780+0000] {dag.py:3239} INFO - Sync 1 DAGs
[2025-05-02T00:58:43.787+0000] {logging_mixin.py:190} INFO - [2025-05-02T00:58:43.787+0000] {dag.py:4180} INFO - Setting next_dagrun for news_dag to 2025-04-27 00:00:00+00:00, run_after=2025-05-04 00:00:00+00:00
[2025-05-02T00:58:43.794+0000] {processor.py:208} INFO - Processing /opt/airflow/dags/wordcount_dag.py took 0.135 seconds
[2025-05-02T00:59:14.075+0000] {processor.py:186} INFO - Started process (PID=102) to work on /opt/airflow/dags/wordcount_dag.py
[2025-05-02T00:59:14.077+0000] {processor.py:914} INFO - Processing file /opt/airflow/dags/wordcount_dag.py for tasks to queue
[2025-05-02T00:59:14.078+0000] {logging_mixin.py:190} INFO - [2025-05-02T00:59:14.078+0000] {dagbag.py:588} INFO - Filling up the DagBag from /opt/airflow/dags/wordcount_dag.py
[2025-05-02T00:59:14.121+0000] {processor.py:925} INFO - DAG(s) 'news_dag' retrieved from /opt/airflow/dags/wordcount_dag.py
[2025-05-02T00:59:14.131+0000] {logging_mixin.py:190} INFO - [2025-05-02T00:59:14.131+0000] {dag.py:3239} INFO - Sync 1 DAGs
[2025-05-02T00:59:14.203+0000] {logging_mixin.py:190} INFO - [2025-05-02T00:59:14.203+0000] {dag.py:4180} INFO - Setting next_dagrun for news_dag to 2025-04-27 00:00:00+00:00, run_after=2025-05-04 00:00:00+00:00
[2025-05-02T00:59:14.209+0000] {processor.py:208} INFO - Processing /opt/airflow/dags/wordcount_dag.py took 0.140 seconds
[2025-05-02T00:59:44.675+0000] {processor.py:186} INFO - Started process (PID=105) to work on /opt/airflow/dags/wordcount_dag.py
[2025-05-02T00:59:44.676+0000] {processor.py:914} INFO - Processing file /opt/airflow/dags/wordcount_dag.py for tasks to queue
[2025-05-02T00:59:44.677+0000] {logging_mixin.py:190} INFO - [2025-05-02T00:59:44.677+0000] {dagbag.py:588} INFO - Filling up the DagBag from /opt/airflow/dags/wordcount_dag.py
[2025-05-02T00:59:44.717+0000] {processor.py:925} INFO - DAG(s) 'news_dag' retrieved from /opt/airflow/dags/wordcount_dag.py
[2025-05-02T00:59:44.730+0000] {logging_mixin.py:190} INFO - [2025-05-02T00:59:44.729+0000] {dag.py:3239} INFO - Sync 1 DAGs
[2025-05-02T00:59:44.818+0000] {logging_mixin.py:190} INFO - [2025-05-02T00:59:44.818+0000] {dag.py:4180} INFO - Setting next_dagrun for news_dag to 2025-04-27 00:00:00+00:00, run_after=2025-05-04 00:00:00+00:00
[2025-05-02T00:59:44.825+0000] {processor.py:208} INFO - Processing /opt/airflow/dags/wordcount_dag.py took 0.157 seconds
[2025-05-02T01:00:15.089+0000] {processor.py:186} INFO - Started process (PID=108) to work on /opt/airflow/dags/wordcount_dag.py
[2025-05-02T01:00:15.090+0000] {processor.py:914} INFO - Processing file /opt/airflow/dags/wordcount_dag.py for tasks to queue
[2025-05-02T01:00:15.090+0000] {logging_mixin.py:190} INFO - [2025-05-02T01:00:15.090+0000] {dagbag.py:588} INFO - Filling up the DagBag from /opt/airflow/dags/wordcount_dag.py
[2025-05-02T01:00:15.127+0000] {processor.py:925} INFO - DAG(s) 'news_dag' retrieved from /opt/airflow/dags/wordcount_dag.py
[2025-05-02T01:00:15.217+0000] {logging_mixin.py:190} INFO - [2025-05-02T01:00:15.217+0000] {dag.py:3239} INFO - Sync 1 DAGs
[2025-05-02T01:00:15.224+0000] {logging_mixin.py:190} INFO - [2025-05-02T01:00:15.224+0000] {dag.py:4180} INFO - Setting next_dagrun for news_dag to 2025-04-27 00:00:00+00:00, run_after=2025-05-04 00:00:00+00:00
[2025-05-02T01:00:15.229+0000] {processor.py:208} INFO - Processing /opt/airflow/dags/wordcount_dag.py took 0.143 seconds
[2025-05-02T01:00:45.335+0000] {processor.py:186} INFO - Started process (PID=111) to work on /opt/airflow/dags/wordcount_dag.py
[2025-05-02T01:00:45.336+0000] {processor.py:914} INFO - Processing file /opt/airflow/dags/wordcount_dag.py for tasks to queue
[2025-05-02T01:00:45.337+0000] {logging_mixin.py:190} INFO - [2025-05-02T01:00:45.337+0000] {dagbag.py:588} INFO - Filling up the DagBag from /opt/airflow/dags/wordcount_dag.py
[2025-05-02T01:00:45.452+0000] {processor.py:925} INFO - DAG(s) 'news_dag' retrieved from /opt/airflow/dags/wordcount_dag.py
[2025-05-02T01:00:45.459+0000] {logging_mixin.py:190} INFO - [2025-05-02T01:00:45.459+0000] {dag.py:3239} INFO - Sync 1 DAGs
[2025-05-02T01:00:45.466+0000] {logging_mixin.py:190} INFO - [2025-05-02T01:00:45.466+0000] {dag.py:4180} INFO - Setting next_dagrun for news_dag to 2025-04-27 00:00:00+00:00, run_after=2025-05-04 00:00:00+00:00
[2025-05-02T01:00:45.472+0000] {processor.py:208} INFO - Processing /opt/airflow/dags/wordcount_dag.py took 0.145 seconds
[2025-05-02T01:01:15.670+0000] {processor.py:186} INFO - Started process (PID=114) to work on /opt/airflow/dags/wordcount_dag.py
[2025-05-02T01:01:15.672+0000] {processor.py:914} INFO - Processing file /opt/airflow/dags/wordcount_dag.py for tasks to queue
[2025-05-02T01:01:15.673+0000] {logging_mixin.py:190} INFO - [2025-05-02T01:01:15.672+0000] {dagbag.py:588} INFO - Filling up the DagBag from /opt/airflow/dags/wordcount_dag.py
[2025-05-02T01:01:15.786+0000] {processor.py:925} INFO - DAG(s) 'news_dag' retrieved from /opt/airflow/dags/wordcount_dag.py
[2025-05-02T01:01:15.794+0000] {logging_mixin.py:190} INFO - [2025-05-02T01:01:15.793+0000] {dag.py:3239} INFO - Sync 1 DAGs
[2025-05-02T01:01:15.800+0000] {logging_mixin.py:190} INFO - [2025-05-02T01:01:15.800+0000] {dag.py:4180} INFO - Setting next_dagrun for news_dag to 2025-04-27 00:00:00+00:00, run_after=2025-05-04 00:00:00+00:00
[2025-05-02T01:01:15.806+0000] {processor.py:208} INFO - Processing /opt/airflow/dags/wordcount_dag.py took 0.141 seconds
[2025-05-02T01:01:46.068+0000] {processor.py:186} INFO - Started process (PID=117) to work on /opt/airflow/dags/wordcount_dag.py
[2025-05-02T01:01:46.069+0000] {processor.py:914} INFO - Processing file /opt/airflow/dags/wordcount_dag.py for tasks to queue
[2025-05-02T01:01:46.071+0000] {logging_mixin.py:190} INFO - [2025-05-02T01:01:46.071+0000] {dagbag.py:588} INFO - Filling up the DagBag from /opt/airflow/dags/wordcount_dag.py
[2025-05-02T01:01:46.200+0000] {processor.py:925} INFO - DAG(s) 'news_dag' retrieved from /opt/airflow/dags/wordcount_dag.py
[2025-05-02T01:01:46.209+0000] {logging_mixin.py:190} INFO - [2025-05-02T01:01:46.209+0000] {dag.py:3239} INFO - Sync 1 DAGs
[2025-05-02T01:01:46.217+0000] {logging_mixin.py:190} INFO - [2025-05-02T01:01:46.217+0000] {dag.py:4180} INFO - Setting next_dagrun for news_dag to 2025-04-27 00:00:00+00:00, run_after=2025-05-04 00:00:00+00:00
[2025-05-02T01:01:46.224+0000] {processor.py:208} INFO - Processing /opt/airflow/dags/wordcount_dag.py took 0.165 seconds
[2025-05-02T01:02:16.670+0000] {processor.py:186} INFO - Started process (PID=120) to work on /opt/airflow/dags/wordcount_dag.py
[2025-05-02T01:02:16.673+0000] {processor.py:914} INFO - Processing file /opt/airflow/dags/wordcount_dag.py for tasks to queue
[2025-05-02T01:02:16.674+0000] {logging_mixin.py:190} INFO - [2025-05-02T01:02:16.674+0000] {dagbag.py:588} INFO - Filling up the DagBag from /opt/airflow/dags/wordcount_dag.py
[2025-05-02T01:02:16.722+0000] {processor.py:925} INFO - DAG(s) 'news_dag' retrieved from /opt/airflow/dags/wordcount_dag.py
[2025-05-02T01:02:16.731+0000] {logging_mixin.py:190} INFO - [2025-05-02T01:02:16.731+0000] {dag.py:3239} INFO - Sync 1 DAGs
[2025-05-02T01:02:16.801+0000] {logging_mixin.py:190} INFO - [2025-05-02T01:02:16.801+0000] {dag.py:4180} INFO - Setting next_dagrun for news_dag to 2025-04-27 00:00:00+00:00, run_after=2025-05-04 00:00:00+00:00
[2025-05-02T01:02:16.807+0000] {processor.py:208} INFO - Processing /opt/airflow/dags/wordcount_dag.py took 0.145 seconds
[2025-05-02T01:02:47.097+0000] {processor.py:186} INFO - Started process (PID=123) to work on /opt/airflow/dags/wordcount_dag.py
[2025-05-02T01:02:47.099+0000] {processor.py:914} INFO - Processing file /opt/airflow/dags/wordcount_dag.py for tasks to queue
[2025-05-02T01:02:47.100+0000] {logging_mixin.py:190} INFO - [2025-05-02T01:02:47.100+0000] {dagbag.py:588} INFO - Filling up the DagBag from /opt/airflow/dags/wordcount_dag.py
[2025-05-02T01:02:47.144+0000] {processor.py:925} INFO - DAG(s) 'news_dag' retrieved from /opt/airflow/dags/wordcount_dag.py
[2025-05-02T01:02:47.155+0000] {logging_mixin.py:190} INFO - [2025-05-02T01:02:47.155+0000] {dag.py:3239} INFO - Sync 1 DAGs
[2025-05-02T01:02:47.231+0000] {logging_mixin.py:190} INFO - [2025-05-02T01:02:47.231+0000] {dag.py:4180} INFO - Setting next_dagrun for news_dag to 2025-04-27 00:00:00+00:00, run_after=2025-05-04 00:00:00+00:00
[2025-05-02T01:02:47.237+0000] {processor.py:208} INFO - Processing /opt/airflow/dags/wordcount_dag.py took 0.147 seconds
[2025-05-02T01:03:17.666+0000] {processor.py:186} INFO - Started process (PID=126) to work on /opt/airflow/dags/wordcount_dag.py
[2025-05-02T01:03:17.669+0000] {processor.py:914} INFO - Processing file /opt/airflow/dags/wordcount_dag.py for tasks to queue
[2025-05-02T01:03:17.669+0000] {logging_mixin.py:190} INFO - [2025-05-02T01:03:17.669+0000] {dagbag.py:588} INFO - Filling up the DagBag from /opt/airflow/dags/wordcount_dag.py
[2025-05-02T01:03:17.711+0000] {processor.py:925} INFO - DAG(s) 'news_dag' retrieved from /opt/airflow/dags/wordcount_dag.py
[2025-05-02T01:03:17.785+0000] {logging_mixin.py:190} INFO - [2025-05-02T01:03:17.784+0000] {dag.py:3239} INFO - Sync 1 DAGs
[2025-05-02T01:03:17.791+0000] {logging_mixin.py:190} INFO - [2025-05-02T01:03:17.791+0000] {dag.py:4180} INFO - Setting next_dagrun for news_dag to 2025-04-27 00:00:00+00:00, run_after=2025-05-04 00:00:00+00:00
[2025-05-02T01:03:17.797+0000] {processor.py:208} INFO - Processing /opt/airflow/dags/wordcount_dag.py took 0.135 seconds
[2025-05-02T01:03:47.907+0000] {processor.py:186} INFO - Started process (PID=133) to work on /opt/airflow/dags/wordcount_dag.py
[2025-05-02T01:03:47.908+0000] {processor.py:914} INFO - Processing file /opt/airflow/dags/wordcount_dag.py for tasks to queue
[2025-05-02T01:03:47.909+0000] {logging_mixin.py:190} INFO - [2025-05-02T01:03:47.908+0000] {dagbag.py:588} INFO - Filling up the DagBag from /opt/airflow/dags/wordcount_dag.py
[2025-05-02T01:03:48.046+0000] {processor.py:925} INFO - DAG(s) 'news_dag' retrieved from /opt/airflow/dags/wordcount_dag.py
[2025-05-02T01:03:48.060+0000] {logging_mixin.py:190} INFO - [2025-05-02T01:03:48.060+0000] {dag.py:3239} INFO - Sync 1 DAGs
[2025-05-02T01:03:48.071+0000] {logging_mixin.py:190} INFO - [2025-05-02T01:03:48.071+0000] {dag.py:4180} INFO - Setting next_dagrun for news_dag to 2025-04-27 00:00:00+00:00, run_after=2025-05-04 00:00:00+00:00
[2025-05-02T01:03:48.082+0000] {processor.py:208} INFO - Processing /opt/airflow/dags/wordcount_dag.py took 0.179 seconds
[2025-05-02T01:04:18.329+0000] {processor.py:186} INFO - Started process (PID=136) to work on /opt/airflow/dags/wordcount_dag.py
[2025-05-02T01:04:18.330+0000] {processor.py:914} INFO - Processing file /opt/airflow/dags/wordcount_dag.py for tasks to queue
[2025-05-02T01:04:18.331+0000] {logging_mixin.py:190} INFO - [2025-05-02T01:04:18.331+0000] {dagbag.py:588} INFO - Filling up the DagBag from /opt/airflow/dags/wordcount_dag.py
[2025-05-02T01:04:18.423+0000] {processor.py:925} INFO - DAG(s) 'news_dag' retrieved from /opt/airflow/dags/wordcount_dag.py
[2025-05-02T01:04:18.430+0000] {logging_mixin.py:190} INFO - [2025-05-02T01:04:18.430+0000] {dag.py:3239} INFO - Sync 1 DAGs
[2025-05-02T01:04:18.437+0000] {logging_mixin.py:190} INFO - [2025-05-02T01:04:18.437+0000] {dag.py:4180} INFO - Setting next_dagrun for news_dag to 2025-04-27 00:00:00+00:00, run_after=2025-05-04 00:00:00+00:00
[2025-05-02T01:04:18.442+0000] {processor.py:208} INFO - Processing /opt/airflow/dags/wordcount_dag.py took 0.116 seconds
[2025-05-02T01:04:48.550+0000] {processor.py:186} INFO - Started process (PID=139) to work on /opt/airflow/dags/wordcount_dag.py
[2025-05-02T01:04:48.551+0000] {processor.py:914} INFO - Processing file /opt/airflow/dags/wordcount_dag.py for tasks to queue
[2025-05-02T01:04:48.551+0000] {logging_mixin.py:190} INFO - [2025-05-02T01:04:48.551+0000] {dagbag.py:588} INFO - Filling up the DagBag from /opt/airflow/dags/wordcount_dag.py
[2025-05-02T01:04:48.659+0000] {processor.py:925} INFO - DAG(s) 'news_dag' retrieved from /opt/airflow/dags/wordcount_dag.py
[2025-05-02T01:04:48.666+0000] {logging_mixin.py:190} INFO - [2025-05-02T01:04:48.666+0000] {dag.py:3239} INFO - Sync 1 DAGs
[2025-05-02T01:04:48.673+0000] {logging_mixin.py:190} INFO - [2025-05-02T01:04:48.673+0000] {dag.py:4180} INFO - Setting next_dagrun for news_dag to 2025-04-27 00:00:00+00:00, run_after=2025-05-04 00:00:00+00:00
[2025-05-02T01:04:48.679+0000] {processor.py:208} INFO - Processing /opt/airflow/dags/wordcount_dag.py took 0.134 seconds
[2025-05-02T01:05:18.816+0000] {processor.py:186} INFO - Started process (PID=142) to work on /opt/airflow/dags/wordcount_dag.py
[2025-05-02T01:05:18.817+0000] {processor.py:914} INFO - Processing file /opt/airflow/dags/wordcount_dag.py for tasks to queue
[2025-05-02T01:05:18.818+0000] {logging_mixin.py:190} INFO - [2025-05-02T01:05:18.817+0000] {dagbag.py:588} INFO - Filling up the DagBag from /opt/airflow/dags/wordcount_dag.py
[2025-05-02T01:05:18.862+0000] {processor.py:925} INFO - DAG(s) 'news_dag' retrieved from /opt/airflow/dags/wordcount_dag.py
[2025-05-02T01:05:18.870+0000] {logging_mixin.py:190} INFO - [2025-05-02T01:05:18.870+0000] {dag.py:3239} INFO - Sync 1 DAGs
[2025-05-02T01:05:18.942+0000] {logging_mixin.py:190} INFO - [2025-05-02T01:05:18.942+0000] {dag.py:4180} INFO - Setting next_dagrun for news_dag to 2025-04-27 00:00:00+00:00, run_after=2025-05-04 00:00:00+00:00
[2025-05-02T01:05:18.948+0000] {processor.py:208} INFO - Processing /opt/airflow/dags/wordcount_dag.py took 0.137 seconds
[2025-05-02T01:05:49.052+0000] {processor.py:186} INFO - Started process (PID=145) to work on /opt/airflow/dags/wordcount_dag.py
[2025-05-02T01:05:49.053+0000] {processor.py:914} INFO - Processing file /opt/airflow/dags/wordcount_dag.py for tasks to queue
[2025-05-02T01:05:49.054+0000] {logging_mixin.py:190} INFO - [2025-05-02T01:05:49.053+0000] {dagbag.py:588} INFO - Filling up the DagBag from /opt/airflow/dags/wordcount_dag.py
[2025-05-02T01:05:49.087+0000] {processor.py:925} INFO - DAG(s) 'news_dag' retrieved from /opt/airflow/dags/wordcount_dag.py
[2025-05-02T01:05:49.096+0000] {logging_mixin.py:190} INFO - [2025-05-02T01:05:49.096+0000] {dag.py:3239} INFO - Sync 1 DAGs
[2025-05-02T01:05:49.167+0000] {logging_mixin.py:190} INFO - [2025-05-02T01:05:49.167+0000] {dag.py:4180} INFO - Setting next_dagrun for news_dag to 2025-04-27 00:00:00+00:00, run_after=2025-05-04 00:00:00+00:00
[2025-05-02T01:05:49.173+0000] {processor.py:208} INFO - Processing /opt/airflow/dags/wordcount_dag.py took 0.124 seconds
[2025-05-02T01:05:56.146+0000] {processor.py:186} INFO - Started process (PID=148) to work on /opt/airflow/dags/wordcount_dag.py
[2025-05-02T01:05:56.146+0000] {processor.py:914} INFO - Processing file /opt/airflow/dags/wordcount_dag.py for tasks to queue
[2025-05-02T01:05:56.147+0000] {logging_mixin.py:190} INFO - [2025-05-02T01:05:56.147+0000] {dagbag.py:588} INFO - Filling up the DagBag from /opt/airflow/dags/wordcount_dag.py
[2025-05-02T01:05:56.184+0000] {processor.py:925} INFO - DAG(s) 'news_dag' retrieved from /opt/airflow/dags/wordcount_dag.py
[2025-05-02T01:05:56.285+0000] {logging_mixin.py:190} INFO - [2025-05-02T01:05:56.284+0000] {dag.py:3239} INFO - Sync 1 DAGs
[2025-05-02T01:05:56.288+0000] {logging_mixin.py:190} INFO - [2025-05-02T01:05:56.288+0000] {dag.py:4180} INFO - Setting next_dagrun for news_dag to None, run_after=None
[2025-05-02T01:05:56.295+0000] {processor.py:208} INFO - Processing /opt/airflow/dags/wordcount_dag.py took 0.153 seconds
[2025-05-02T01:06:26.389+0000] {processor.py:186} INFO - Started process (PID=155) to work on /opt/airflow/dags/wordcount_dag.py
[2025-05-02T01:06:26.390+0000] {processor.py:914} INFO - Processing file /opt/airflow/dags/wordcount_dag.py for tasks to queue
[2025-05-02T01:06:26.390+0000] {logging_mixin.py:190} INFO - [2025-05-02T01:06:26.390+0000] {dagbag.py:588} INFO - Filling up the DagBag from /opt/airflow/dags/wordcount_dag.py
[2025-05-02T01:06:26.429+0000] {processor.py:925} INFO - DAG(s) 'news_dag' retrieved from /opt/airflow/dags/wordcount_dag.py
[2025-05-02T01:06:26.526+0000] {logging_mixin.py:190} INFO - [2025-05-02T01:06:26.526+0000] {dag.py:3239} INFO - Sync 1 DAGs
[2025-05-02T01:06:26.531+0000] {logging_mixin.py:190} INFO - [2025-05-02T01:06:26.531+0000] {dag.py:4180} INFO - Setting next_dagrun for news_dag to None, run_after=None
[2025-05-02T01:06:26.542+0000] {processor.py:208} INFO - Processing /opt/airflow/dags/wordcount_dag.py took 0.156 seconds
[2025-05-02T01:06:56.892+0000] {processor.py:186} INFO - Started process (PID=158) to work on /opt/airflow/dags/wordcount_dag.py
[2025-05-02T01:06:56.894+0000] {processor.py:914} INFO - Processing file /opt/airflow/dags/wordcount_dag.py for tasks to queue
[2025-05-02T01:06:56.895+0000] {logging_mixin.py:190} INFO - [2025-05-02T01:06:56.894+0000] {dagbag.py:588} INFO - Filling up the DagBag from /opt/airflow/dags/wordcount_dag.py
[2025-05-02T01:06:57.031+0000] {processor.py:925} INFO - DAG(s) 'news_dag' retrieved from /opt/airflow/dags/wordcount_dag.py
[2025-05-02T01:06:57.043+0000] {logging_mixin.py:190} INFO - [2025-05-02T01:06:57.042+0000] {dag.py:3239} INFO - Sync 1 DAGs
[2025-05-02T01:06:57.048+0000] {logging_mixin.py:190} INFO - [2025-05-02T01:06:57.048+0000] {dag.py:4180} INFO - Setting next_dagrun for news_dag to None, run_after=None
[2025-05-02T01:06:57.058+0000] {processor.py:208} INFO - Processing /opt/airflow/dags/wordcount_dag.py took 0.169 seconds
[2025-05-02T01:07:27.298+0000] {processor.py:186} INFO - Started process (PID=161) to work on /opt/airflow/dags/wordcount_dag.py
[2025-05-02T01:07:27.299+0000] {processor.py:914} INFO - Processing file /opt/airflow/dags/wordcount_dag.py for tasks to queue
[2025-05-02T01:07:27.300+0000] {logging_mixin.py:190} INFO - [2025-05-02T01:07:27.299+0000] {dagbag.py:588} INFO - Filling up the DagBag from /opt/airflow/dags/wordcount_dag.py
[2025-05-02T01:07:27.413+0000] {processor.py:925} INFO - DAG(s) 'news_dag' retrieved from /opt/airflow/dags/wordcount_dag.py
[2025-05-02T01:07:27.422+0000] {logging_mixin.py:190} INFO - [2025-05-02T01:07:27.422+0000] {dag.py:3239} INFO - Sync 1 DAGs
[2025-05-02T01:07:27.426+0000] {logging_mixin.py:190} INFO - [2025-05-02T01:07:27.426+0000] {dag.py:4180} INFO - Setting next_dagrun for news_dag to None, run_after=None
[2025-05-02T01:07:27.433+0000] {processor.py:208} INFO - Processing /opt/airflow/dags/wordcount_dag.py took 0.137 seconds
[2025-05-02T01:07:57.469+0000] {processor.py:186} INFO - Started process (PID=163) to work on /opt/airflow/dags/wordcount_dag.py
[2025-05-02T01:07:57.469+0000] {processor.py:914} INFO - Processing file /opt/airflow/dags/wordcount_dag.py for tasks to queue
[2025-05-02T01:07:57.470+0000] {logging_mixin.py:190} INFO - [2025-05-02T01:07:57.470+0000] {dagbag.py:588} INFO - Filling up the DagBag from /opt/airflow/dags/wordcount_dag.py
[2025-05-02T01:07:57.508+0000] {processor.py:925} INFO - DAG(s) 'news_dag' retrieved from /opt/airflow/dags/wordcount_dag.py
[2025-05-02T01:07:57.519+0000] {logging_mixin.py:190} INFO - [2025-05-02T01:07:57.519+0000] {dag.py:3239} INFO - Sync 1 DAGs
[2025-05-02T01:07:57.526+0000] {logging_mixin.py:190} INFO - [2025-05-02T01:07:57.526+0000] {dag.py:4180} INFO - Setting next_dagrun for news_dag to None, run_after=None
[2025-05-02T01:07:57.535+0000] {processor.py:208} INFO - Processing /opt/airflow/dags/wordcount_dag.py took 0.070 seconds
[2025-05-02T01:08:27.719+0000] {processor.py:186} INFO - Started process (PID=166) to work on /opt/airflow/dags/wordcount_dag.py
[2025-05-02T01:08:27.720+0000] {processor.py:914} INFO - Processing file /opt/airflow/dags/wordcount_dag.py for tasks to queue
[2025-05-02T01:08:27.721+0000] {logging_mixin.py:190} INFO - [2025-05-02T01:08:27.721+0000] {dagbag.py:588} INFO - Filling up the DagBag from /opt/airflow/dags/wordcount_dag.py
[2025-05-02T01:08:27.761+0000] {processor.py:925} INFO - DAG(s) 'news_dag' retrieved from /opt/airflow/dags/wordcount_dag.py
[2025-05-02T01:08:27.770+0000] {logging_mixin.py:190} INFO - [2025-05-02T01:08:27.770+0000] {dag.py:3239} INFO - Sync 1 DAGs
[2025-05-02T01:08:27.861+0000] {logging_mixin.py:190} INFO - [2025-05-02T01:08:27.860+0000] {dag.py:4180} INFO - Setting next_dagrun for news_dag to None, run_after=None
[2025-05-02T01:08:27.878+0000] {processor.py:208} INFO - Processing /opt/airflow/dags/wordcount_dag.py took 0.164 seconds
[2025-05-02T01:08:58.033+0000] {processor.py:186} INFO - Started process (PID=173) to work on /opt/airflow/dags/wordcount_dag.py
[2025-05-02T01:08:58.034+0000] {processor.py:914} INFO - Processing file /opt/airflow/dags/wordcount_dag.py for tasks to queue
[2025-05-02T01:08:58.034+0000] {logging_mixin.py:190} INFO - [2025-05-02T01:08:58.034+0000] {dagbag.py:588} INFO - Filling up the DagBag from /opt/airflow/dags/wordcount_dag.py
[2025-05-02T01:08:58.073+0000] {processor.py:925} INFO - DAG(s) 'news_dag' retrieved from /opt/airflow/dags/wordcount_dag.py
[2025-05-02T01:08:58.087+0000] {logging_mixin.py:190} INFO - [2025-05-02T01:08:58.087+0000] {dag.py:3239} INFO - Sync 1 DAGs
[2025-05-02T01:08:58.193+0000] {logging_mixin.py:190} INFO - [2025-05-02T01:08:58.193+0000] {dag.py:4180} INFO - Setting next_dagrun for news_dag to None, run_after=None
[2025-05-02T01:08:58.211+0000] {processor.py:208} INFO - Processing /opt/airflow/dags/wordcount_dag.py took 0.181 seconds
[2025-05-02T01:09:28.375+0000] {processor.py:186} INFO - Started process (PID=180) to work on /opt/airflow/dags/wordcount_dag.py
[2025-05-02T01:09:28.376+0000] {processor.py:914} INFO - Processing file /opt/airflow/dags/wordcount_dag.py for tasks to queue
[2025-05-02T01:09:28.377+0000] {logging_mixin.py:190} INFO - [2025-05-02T01:09:28.376+0000] {dagbag.py:588} INFO - Filling up the DagBag from /opt/airflow/dags/wordcount_dag.py
[2025-05-02T01:09:28.499+0000] {processor.py:925} INFO - DAG(s) 'news_dag' retrieved from /opt/airflow/dags/wordcount_dag.py
[2025-05-02T01:09:28.509+0000] {logging_mixin.py:190} INFO - [2025-05-02T01:09:28.508+0000] {dag.py:3239} INFO - Sync 1 DAGs
[2025-05-02T01:09:28.514+0000] {logging_mixin.py:190} INFO - [2025-05-02T01:09:28.514+0000] {dag.py:4180} INFO - Setting next_dagrun for news_dag to None, run_after=None
[2025-05-02T01:09:28.525+0000] {processor.py:208} INFO - Processing /opt/airflow/dags/wordcount_dag.py took 0.152 seconds
[2025-05-02T01:09:58.667+0000] {processor.py:186} INFO - Started process (PID=183) to work on /opt/airflow/dags/wordcount_dag.py
[2025-05-02T01:09:58.668+0000] {processor.py:914} INFO - Processing file /opt/airflow/dags/wordcount_dag.py for tasks to queue
[2025-05-02T01:09:58.668+0000] {logging_mixin.py:190} INFO - [2025-05-02T01:09:58.668+0000] {dagbag.py:588} INFO - Filling up the DagBag from /opt/airflow/dags/wordcount_dag.py
[2025-05-02T01:09:58.792+0000] {processor.py:925} INFO - DAG(s) 'news_dag' retrieved from /opt/airflow/dags/wordcount_dag.py
[2025-05-02T01:09:58.801+0000] {logging_mixin.py:190} INFO - [2025-05-02T01:09:58.801+0000] {dag.py:3239} INFO - Sync 1 DAGs
[2025-05-02T01:09:58.806+0000] {logging_mixin.py:190} INFO - [2025-05-02T01:09:58.806+0000] {dag.py:4180} INFO - Setting next_dagrun for news_dag to None, run_after=None
[2025-05-02T01:09:58.814+0000] {processor.py:208} INFO - Processing /opt/airflow/dags/wordcount_dag.py took 0.149 seconds
[2025-05-02T01:10:28.955+0000] {processor.py:186} INFO - Started process (PID=186) to work on /opt/airflow/dags/wordcount_dag.py
[2025-05-02T01:10:28.956+0000] {processor.py:914} INFO - Processing file /opt/airflow/dags/wordcount_dag.py for tasks to queue
[2025-05-02T01:10:28.956+0000] {logging_mixin.py:190} INFO - [2025-05-02T01:10:28.956+0000] {dagbag.py:588} INFO - Filling up the DagBag from /opt/airflow/dags/wordcount_dag.py
[2025-05-02T01:10:29.074+0000] {processor.py:925} INFO - DAG(s) 'news_dag' retrieved from /opt/airflow/dags/wordcount_dag.py
[2025-05-02T01:10:29.083+0000] {logging_mixin.py:190} INFO - [2025-05-02T01:10:29.083+0000] {dag.py:3239} INFO - Sync 1 DAGs
[2025-05-02T01:10:29.088+0000] {logging_mixin.py:190} INFO - [2025-05-02T01:10:29.088+0000] {dag.py:4180} INFO - Setting next_dagrun for news_dag to None, run_after=None
[2025-05-02T01:10:29.095+0000] {processor.py:208} INFO - Processing /opt/airflow/dags/wordcount_dag.py took 0.142 seconds
[2025-05-02T01:10:59.235+0000] {processor.py:186} INFO - Started process (PID=189) to work on /opt/airflow/dags/wordcount_dag.py
[2025-05-02T01:10:59.235+0000] {processor.py:914} INFO - Processing file /opt/airflow/dags/wordcount_dag.py for tasks to queue
[2025-05-02T01:10:59.236+0000] {logging_mixin.py:190} INFO - [2025-05-02T01:10:59.235+0000] {dagbag.py:588} INFO - Filling up the DagBag from /opt/airflow/dags/wordcount_dag.py
[2025-05-02T01:10:59.266+0000] {processor.py:925} INFO - DAG(s) 'news_dag' retrieved from /opt/airflow/dags/wordcount_dag.py
[2025-05-02T01:10:59.275+0000] {logging_mixin.py:190} INFO - [2025-05-02T01:10:59.275+0000] {dag.py:3239} INFO - Sync 1 DAGs
[2025-05-02T01:10:59.282+0000] {logging_mixin.py:190} INFO - [2025-05-02T01:10:59.282+0000] {dag.py:4180} INFO - Setting next_dagrun for news_dag to None, run_after=None
[2025-05-02T01:10:59.371+0000] {processor.py:208} INFO - Processing /opt/airflow/dags/wordcount_dag.py took 0.138 seconds
[2025-05-02T01:11:29.509+0000] {processor.py:186} INFO - Started process (PID=192) to work on /opt/airflow/dags/wordcount_dag.py
[2025-05-02T01:11:29.509+0000] {processor.py:914} INFO - Processing file /opt/airflow/dags/wordcount_dag.py for tasks to queue
[2025-05-02T01:11:29.510+0000] {logging_mixin.py:190} INFO - [2025-05-02T01:11:29.509+0000] {dagbag.py:588} INFO - Filling up the DagBag from /opt/airflow/dags/wordcount_dag.py
[2025-05-02T01:11:29.541+0000] {processor.py:925} INFO - DAG(s) 'news_dag' retrieved from /opt/airflow/dags/wordcount_dag.py
[2025-05-02T01:11:29.552+0000] {logging_mixin.py:190} INFO - [2025-05-02T01:11:29.552+0000] {dag.py:3239} INFO - Sync 1 DAGs
[2025-05-02T01:11:29.640+0000] {logging_mixin.py:190} INFO - [2025-05-02T01:11:29.639+0000] {dag.py:4180} INFO - Setting next_dagrun for news_dag to None, run_after=None
[2025-05-02T01:11:29.646+0000] {processor.py:208} INFO - Processing /opt/airflow/dags/wordcount_dag.py took 0.140 seconds
[2025-05-02T01:11:59.790+0000] {processor.py:186} INFO - Started process (PID=195) to work on /opt/airflow/dags/wordcount_dag.py
[2025-05-02T01:11:59.791+0000] {processor.py:914} INFO - Processing file /opt/airflow/dags/wordcount_dag.py for tasks to queue
[2025-05-02T01:11:59.791+0000] {logging_mixin.py:190} INFO - [2025-05-02T01:11:59.791+0000] {dagbag.py:588} INFO - Filling up the DagBag from /opt/airflow/dags/wordcount_dag.py
[2025-05-02T01:11:59.823+0000] {processor.py:925} INFO - DAG(s) 'news_dag' retrieved from /opt/airflow/dags/wordcount_dag.py
[2025-05-02T01:11:59.917+0000] {logging_mixin.py:190} INFO - [2025-05-02T01:11:59.917+0000] {dag.py:3239} INFO - Sync 1 DAGs
[2025-05-02T01:11:59.922+0000] {logging_mixin.py:190} INFO - [2025-05-02T01:11:59.922+0000] {dag.py:4180} INFO - Setting next_dagrun for news_dag to None, run_after=None
[2025-05-02T01:11:59.931+0000] {processor.py:208} INFO - Processing /opt/airflow/dags/wordcount_dag.py took 0.143 seconds
[2025-05-02T01:12:30.092+0000] {processor.py:186} INFO - Started process (PID=198) to work on /opt/airflow/dags/wordcount_dag.py
[2025-05-02T01:12:30.093+0000] {processor.py:914} INFO - Processing file /opt/airflow/dags/wordcount_dag.py for tasks to queue
[2025-05-02T01:12:30.093+0000] {logging_mixin.py:190} INFO - [2025-05-02T01:12:30.093+0000] {dagbag.py:588} INFO - Filling up the DagBag from /opt/airflow/dags/wordcount_dag.py
[2025-05-02T01:12:30.213+0000] {processor.py:925} INFO - DAG(s) 'news_dag' retrieved from /opt/airflow/dags/wordcount_dag.py
[2025-05-02T01:12:30.222+0000] {logging_mixin.py:190} INFO - [2025-05-02T01:12:30.222+0000] {dag.py:3239} INFO - Sync 1 DAGs
[2025-05-02T01:12:30.226+0000] {logging_mixin.py:190} INFO - [2025-05-02T01:12:30.226+0000] {dag.py:4180} INFO - Setting next_dagrun for news_dag to None, run_after=None
[2025-05-02T01:12:30.234+0000] {processor.py:208} INFO - Processing /opt/airflow/dags/wordcount_dag.py took 0.145 seconds
[2025-05-02T01:13:00.481+0000] {processor.py:186} INFO - Started process (PID=201) to work on /opt/airflow/dags/wordcount_dag.py
[2025-05-02T01:13:00.482+0000] {processor.py:914} INFO - Processing file /opt/airflow/dags/wordcount_dag.py for tasks to queue
[2025-05-02T01:13:00.482+0000] {logging_mixin.py:190} INFO - [2025-05-02T01:13:00.482+0000] {dagbag.py:588} INFO - Filling up the DagBag from /opt/airflow/dags/wordcount_dag.py
[2025-05-02T01:13:00.625+0000] {processor.py:925} INFO - DAG(s) 'news_dag' retrieved from /opt/airflow/dags/wordcount_dag.py
[2025-05-02T01:13:00.635+0000] {logging_mixin.py:190} INFO - [2025-05-02T01:13:00.635+0000] {dag.py:3239} INFO - Sync 1 DAGs
[2025-05-02T01:13:00.640+0000] {logging_mixin.py:190} INFO - [2025-05-02T01:13:00.640+0000] {dag.py:4180} INFO - Setting next_dagrun for news_dag to None, run_after=None
[2025-05-02T01:13:00.655+0000] {processor.py:208} INFO - Processing /opt/airflow/dags/wordcount_dag.py took 0.177 seconds
[2025-05-02T01:13:30.858+0000] {processor.py:186} INFO - Started process (PID=204) to work on /opt/airflow/dags/wordcount_dag.py
[2025-05-02T01:13:30.859+0000] {processor.py:914} INFO - Processing file /opt/airflow/dags/wordcount_dag.py for tasks to queue
[2025-05-02T01:13:30.859+0000] {logging_mixin.py:190} INFO - [2025-05-02T01:13:30.859+0000] {dagbag.py:588} INFO - Filling up the DagBag from /opt/airflow/dags/wordcount_dag.py
[2025-05-02T01:13:30.902+0000] {processor.py:925} INFO - DAG(s) 'news_dag' retrieved from /opt/airflow/dags/wordcount_dag.py
[2025-05-02T01:13:30.914+0000] {logging_mixin.py:190} INFO - [2025-05-02T01:13:30.914+0000] {dag.py:3239} INFO - Sync 1 DAGs
[2025-05-02T01:13:30.921+0000] {logging_mixin.py:190} INFO - [2025-05-02T01:13:30.921+0000] {dag.py:4180} INFO - Setting next_dagrun for news_dag to None, run_after=None
[2025-05-02T01:13:30.930+0000] {processor.py:208} INFO - Processing /opt/airflow/dags/wordcount_dag.py took 0.077 seconds
[2025-05-02T01:14:01.114+0000] {processor.py:186} INFO - Started process (PID=207) to work on /opt/airflow/dags/wordcount_dag.py
[2025-05-02T01:14:01.114+0000] {processor.py:914} INFO - Processing file /opt/airflow/dags/wordcount_dag.py for tasks to queue
[2025-05-02T01:14:01.115+0000] {logging_mixin.py:190} INFO - [2025-05-02T01:14:01.115+0000] {dagbag.py:588} INFO - Filling up the DagBag from /opt/airflow/dags/wordcount_dag.py
[2025-05-02T01:14:01.155+0000] {processor.py:925} INFO - DAG(s) 'news_dag' retrieved from /opt/airflow/dags/wordcount_dag.py
[2025-05-02T01:14:01.165+0000] {logging_mixin.py:190} INFO - [2025-05-02T01:14:01.165+0000] {dag.py:3239} INFO - Sync 1 DAGs
[2025-05-02T01:14:01.264+0000] {logging_mixin.py:190} INFO - [2025-05-02T01:14:01.264+0000] {dag.py:4180} INFO - Setting next_dagrun for news_dag to None, run_after=None
[2025-05-02T01:14:01.274+0000] {processor.py:208} INFO - Processing /opt/airflow/dags/wordcount_dag.py took 0.166 seconds
[2025-05-02T01:14:07.343+0000] {processor.py:186} INFO - Started process (PID=209) to work on /opt/airflow/dags/wordcount_dag.py
[2025-05-02T01:14:07.344+0000] {processor.py:914} INFO - Processing file /opt/airflow/dags/wordcount_dag.py for tasks to queue
[2025-05-02T01:14:07.345+0000] {logging_mixin.py:190} INFO - [2025-05-02T01:14:07.345+0000] {dagbag.py:588} INFO - Filling up the DagBag from /opt/airflow/dags/wordcount_dag.py
[2025-05-02T01:14:07.388+0000] {processor.py:925} INFO - DAG(s) 'news_dag' retrieved from /opt/airflow/dags/wordcount_dag.py
[2025-05-02T01:14:07.501+0000] {logging_mixin.py:190} INFO - [2025-05-02T01:14:07.501+0000] {dag.py:3239} INFO - Sync 1 DAGs
[2025-05-02T01:14:07.505+0000] {logging_mixin.py:190} INFO - [2025-05-02T01:14:07.505+0000] {dag.py:4180} INFO - Setting next_dagrun for news_dag to None, run_after=None
[2025-05-02T01:14:07.510+0000] {processor.py:208} INFO - Processing /opt/airflow/dags/wordcount_dag.py took 0.173 seconds
[2025-05-02T01:14:37.650+0000] {processor.py:186} INFO - Started process (PID=216) to work on /opt/airflow/dags/wordcount_dag.py
[2025-05-02T01:14:37.651+0000] {processor.py:914} INFO - Processing file /opt/airflow/dags/wordcount_dag.py for tasks to queue
[2025-05-02T01:14:37.652+0000] {logging_mixin.py:190} INFO - [2025-05-02T01:14:37.651+0000] {dagbag.py:588} INFO - Filling up the DagBag from /opt/airflow/dags/wordcount_dag.py
[2025-05-02T01:14:37.686+0000] {processor.py:925} INFO - DAG(s) 'news_dag' retrieved from /opt/airflow/dags/wordcount_dag.py
[2025-05-02T01:14:37.758+0000] {logging_mixin.py:190} INFO - [2025-05-02T01:14:37.758+0000] {dag.py:3239} INFO - Sync 1 DAGs
[2025-05-02T01:14:37.762+0000] {logging_mixin.py:190} INFO - [2025-05-02T01:14:37.762+0000] {dag.py:4180} INFO - Setting next_dagrun for news_dag to None, run_after=None
[2025-05-02T01:14:37.767+0000] {processor.py:208} INFO - Processing /opt/airflow/dags/wordcount_dag.py took 0.120 seconds
[2025-05-02T01:15:07.823+0000] {processor.py:186} INFO - Started process (PID=219) to work on /opt/airflow/dags/wordcount_dag.py
[2025-05-02T01:15:07.825+0000] {processor.py:914} INFO - Processing file /opt/airflow/dags/wordcount_dag.py for tasks to queue
[2025-05-02T01:15:07.825+0000] {logging_mixin.py:190} INFO - [2025-05-02T01:15:07.825+0000] {dagbag.py:588} INFO - Filling up the DagBag from /opt/airflow/dags/wordcount_dag.py
[2025-05-02T01:15:07.937+0000] {processor.py:925} INFO - DAG(s) 'news_dag' retrieved from /opt/airflow/dags/wordcount_dag.py
[2025-05-02T01:15:07.945+0000] {logging_mixin.py:190} INFO - [2025-05-02T01:15:07.945+0000] {dag.py:3239} INFO - Sync 1 DAGs
[2025-05-02T01:15:07.949+0000] {logging_mixin.py:190} INFO - [2025-05-02T01:15:07.949+0000] {dag.py:4180} INFO - Setting next_dagrun for news_dag to None, run_after=None
[2025-05-02T01:15:07.957+0000] {processor.py:208} INFO - Processing /opt/airflow/dags/wordcount_dag.py took 0.136 seconds
[2025-05-02T01:15:38.061+0000] {processor.py:186} INFO - Started process (PID=222) to work on /opt/airflow/dags/wordcount_dag.py
[2025-05-02T01:15:38.061+0000] {processor.py:914} INFO - Processing file /opt/airflow/dags/wordcount_dag.py for tasks to queue
[2025-05-02T01:15:38.062+0000] {logging_mixin.py:190} INFO - [2025-05-02T01:15:38.062+0000] {dagbag.py:588} INFO - Filling up the DagBag from /opt/airflow/dags/wordcount_dag.py
[2025-05-02T01:15:38.163+0000] {processor.py:925} INFO - DAG(s) 'news_dag' retrieved from /opt/airflow/dags/wordcount_dag.py
[2025-05-02T01:15:38.170+0000] {logging_mixin.py:190} INFO - [2025-05-02T01:15:38.170+0000] {dag.py:3239} INFO - Sync 1 DAGs
[2025-05-02T01:15:38.174+0000] {logging_mixin.py:190} INFO - [2025-05-02T01:15:38.174+0000] {dag.py:4180} INFO - Setting next_dagrun for news_dag to None, run_after=None
[2025-05-02T01:15:38.180+0000] {processor.py:208} INFO - Processing /opt/airflow/dags/wordcount_dag.py took 0.124 seconds
[2025-05-02T01:16:08.468+0000] {processor.py:186} INFO - Started process (PID=225) to work on /opt/airflow/dags/wordcount_dag.py
[2025-05-02T01:16:08.471+0000] {processor.py:914} INFO - Processing file /opt/airflow/dags/wordcount_dag.py for tasks to queue
[2025-05-02T01:16:08.472+0000] {logging_mixin.py:190} INFO - [2025-05-02T01:16:08.471+0000] {dagbag.py:588} INFO - Filling up the DagBag from /opt/airflow/dags/wordcount_dag.py
[2025-05-02T01:16:08.575+0000] {processor.py:925} INFO - DAG(s) 'news_dag' retrieved from /opt/airflow/dags/wordcount_dag.py
[2025-05-02T01:16:08.581+0000] {logging_mixin.py:190} INFO - [2025-05-02T01:16:08.581+0000] {dag.py:3239} INFO - Sync 1 DAGs
[2025-05-02T01:16:08.585+0000] {logging_mixin.py:190} INFO - [2025-05-02T01:16:08.585+0000] {dag.py:4180} INFO - Setting next_dagrun for news_dag to None, run_after=None
[2025-05-02T01:16:08.590+0000] {processor.py:208} INFO - Processing /opt/airflow/dags/wordcount_dag.py took 0.129 seconds
[2025-05-02T01:16:38.860+0000] {processor.py:186} INFO - Started process (PID=228) to work on /opt/airflow/dags/wordcount_dag.py
[2025-05-02T01:16:38.861+0000] {processor.py:914} INFO - Processing file /opt/airflow/dags/wordcount_dag.py for tasks to queue
[2025-05-02T01:16:38.862+0000] {logging_mixin.py:190} INFO - [2025-05-02T01:16:38.862+0000] {dagbag.py:588} INFO - Filling up the DagBag from /opt/airflow/dags/wordcount_dag.py
[2025-05-02T01:16:38.908+0000] {processor.py:925} INFO - DAG(s) 'news_dag' retrieved from /opt/airflow/dags/wordcount_dag.py
[2025-05-02T01:16:38.917+0000] {logging_mixin.py:190} INFO - [2025-05-02T01:16:38.917+0000] {dag.py:3239} INFO - Sync 1 DAGs
[2025-05-02T01:16:38.924+0000] {logging_mixin.py:190} INFO - [2025-05-02T01:16:38.924+0000] {dag.py:4180} INFO - Setting next_dagrun for news_dag to None, run_after=None
[2025-05-02T01:16:38.992+0000] {processor.py:208} INFO - Processing /opt/airflow/dags/wordcount_dag.py took 0.140 seconds
[2025-05-02T01:17:09.181+0000] {processor.py:186} INFO - Started process (PID=231) to work on /opt/airflow/dags/wordcount_dag.py
[2025-05-02T01:17:09.184+0000] {processor.py:914} INFO - Processing file /opt/airflow/dags/wordcount_dag.py for tasks to queue
[2025-05-02T01:17:09.185+0000] {logging_mixin.py:190} INFO - [2025-05-02T01:17:09.185+0000] {dagbag.py:588} INFO - Filling up the DagBag from /opt/airflow/dags/wordcount_dag.py
[2025-05-02T01:17:09.232+0000] {processor.py:925} INFO - DAG(s) 'news_dag' retrieved from /opt/airflow/dags/wordcount_dag.py
[2025-05-02T01:17:09.243+0000] {logging_mixin.py:190} INFO - [2025-05-02T01:17:09.243+0000] {dag.py:3239} INFO - Sync 1 DAGs
[2025-05-02T01:17:09.326+0000] {logging_mixin.py:190} INFO - [2025-05-02T01:17:09.326+0000] {dag.py:4180} INFO - Setting next_dagrun for news_dag to None, run_after=None
[2025-05-02T01:17:09.333+0000] {processor.py:208} INFO - Processing /opt/airflow/dags/wordcount_dag.py took 0.160 seconds
[2025-05-02T01:17:39.537+0000] {processor.py:186} INFO - Started process (PID=234) to work on /opt/airflow/dags/wordcount_dag.py
[2025-05-02T01:17:39.538+0000] {processor.py:914} INFO - Processing file /opt/airflow/dags/wordcount_dag.py for tasks to queue
[2025-05-02T01:17:39.538+0000] {logging_mixin.py:190} INFO - [2025-05-02T01:17:39.538+0000] {dagbag.py:588} INFO - Filling up the DagBag from /opt/airflow/dags/wordcount_dag.py
[2025-05-02T01:17:39.566+0000] {processor.py:925} INFO - DAG(s) 'news_dag' retrieved from /opt/airflow/dags/wordcount_dag.py
[2025-05-02T01:17:39.636+0000] {logging_mixin.py:190} INFO - [2025-05-02T01:17:39.635+0000] {dag.py:3239} INFO - Sync 1 DAGs
[2025-05-02T01:17:39.639+0000] {logging_mixin.py:190} INFO - [2025-05-02T01:17:39.639+0000] {dag.py:4180} INFO - Setting next_dagrun for news_dag to None, run_after=None
[2025-05-02T01:17:39.645+0000] {processor.py:208} INFO - Processing /opt/airflow/dags/wordcount_dag.py took 0.110 seconds
[2025-05-02T01:18:09.905+0000] {processor.py:186} INFO - Started process (PID=237) to work on /opt/airflow/dags/wordcount_dag.py
[2025-05-02T01:18:09.907+0000] {processor.py:914} INFO - Processing file /opt/airflow/dags/wordcount_dag.py for tasks to queue
[2025-05-02T01:18:09.907+0000] {logging_mixin.py:190} INFO - [2025-05-02T01:18:09.907+0000] {dagbag.py:588} INFO - Filling up the DagBag from /opt/airflow/dags/wordcount_dag.py
[2025-05-02T01:18:10.010+0000] {processor.py:925} INFO - DAG(s) 'news_dag' retrieved from /opt/airflow/dags/wordcount_dag.py
[2025-05-02T01:18:10.017+0000] {logging_mixin.py:190} INFO - [2025-05-02T01:18:10.017+0000] {dag.py:3239} INFO - Sync 1 DAGs
[2025-05-02T01:18:10.021+0000] {logging_mixin.py:190} INFO - [2025-05-02T01:18:10.021+0000] {dag.py:4180} INFO - Setting next_dagrun for news_dag to None, run_after=None
[2025-05-02T01:18:10.026+0000] {processor.py:208} INFO - Processing /opt/airflow/dags/wordcount_dag.py took 0.126 seconds
[2025-05-02T01:46:47.450+0000] {processor.py:186} INFO - Started process (PID=35) to work on /opt/airflow/dags/wordcount_dag.py
[2025-05-02T01:46:47.451+0000] {processor.py:914} INFO - Processing file /opt/airflow/dags/wordcount_dag.py for tasks to queue
[2025-05-02T01:46:47.452+0000] {logging_mixin.py:190} INFO - [2025-05-02T01:46:47.452+0000] {dagbag.py:588} INFO - Filling up the DagBag from /opt/airflow/dags/wordcount_dag.py
[2025-05-02T01:46:47.524+0000] {processor.py:925} INFO - DAG(s) 'news_dag' retrieved from /opt/airflow/dags/wordcount_dag.py
[2025-05-02T01:46:47.541+0000] {logging_mixin.py:190} INFO - [2025-05-02T01:46:47.541+0000] {dag.py:3239} INFO - Sync 1 DAGs
[2025-05-02T01:46:47.549+0000] {logging_mixin.py:190} INFO - [2025-05-02T01:46:47.549+0000] {dag.py:4180} INFO - Setting next_dagrun for news_dag to None, run_after=None
[2025-05-02T01:46:47.560+0000] {processor.py:208} INFO - Processing /opt/airflow/dags/wordcount_dag.py took 0.114 seconds
[2025-05-02T01:47:17.941+0000] {processor.py:186} INFO - Started process (PID=38) to work on /opt/airflow/dags/wordcount_dag.py
[2025-05-02T01:47:17.942+0000] {processor.py:914} INFO - Processing file /opt/airflow/dags/wordcount_dag.py for tasks to queue
[2025-05-02T01:47:17.943+0000] {logging_mixin.py:190} INFO - [2025-05-02T01:47:17.943+0000] {dagbag.py:588} INFO - Filling up the DagBag from /opt/airflow/dags/wordcount_dag.py
[2025-05-02T01:47:17.987+0000] {processor.py:925} INFO - DAG(s) 'news_dag' retrieved from /opt/airflow/dags/wordcount_dag.py
[2025-05-02T01:47:18.000+0000] {logging_mixin.py:190} INFO - [2025-05-02T01:47:18.000+0000] {dag.py:3239} INFO - Sync 1 DAGs
[2025-05-02T01:47:18.006+0000] {logging_mixin.py:190} INFO - [2025-05-02T01:47:18.006+0000] {dag.py:4180} INFO - Setting next_dagrun for news_dag to None, run_after=None
[2025-05-02T01:47:18.014+0000] {processor.py:208} INFO - Processing /opt/airflow/dags/wordcount_dag.py took 0.080 seconds
[2025-05-02T01:47:48.288+0000] {processor.py:186} INFO - Started process (PID=41) to work on /opt/airflow/dags/wordcount_dag.py
[2025-05-02T01:47:48.288+0000] {processor.py:914} INFO - Processing file /opt/airflow/dags/wordcount_dag.py for tasks to queue
[2025-05-02T01:47:48.289+0000] {logging_mixin.py:190} INFO - [2025-05-02T01:47:48.289+0000] {dagbag.py:588} INFO - Filling up the DagBag from /opt/airflow/dags/wordcount_dag.py
[2025-05-02T01:47:48.330+0000] {processor.py:925} INFO - DAG(s) 'news_dag' retrieved from /opt/airflow/dags/wordcount_dag.py
[2025-05-02T01:47:48.342+0000] {logging_mixin.py:190} INFO - [2025-05-02T01:47:48.342+0000] {dag.py:3239} INFO - Sync 1 DAGs
[2025-05-02T01:47:48.348+0000] {logging_mixin.py:190} INFO - [2025-05-02T01:47:48.348+0000] {dag.py:4180} INFO - Setting next_dagrun for news_dag to None, run_after=None
[2025-05-02T01:47:48.357+0000] {processor.py:208} INFO - Processing /opt/airflow/dags/wordcount_dag.py took 0.074 seconds
[2025-05-02T01:48:18.651+0000] {processor.py:186} INFO - Started process (PID=44) to work on /opt/airflow/dags/wordcount_dag.py
[2025-05-02T01:48:18.652+0000] {processor.py:914} INFO - Processing file /opt/airflow/dags/wordcount_dag.py for tasks to queue
[2025-05-02T01:48:18.654+0000] {logging_mixin.py:190} INFO - [2025-05-02T01:48:18.653+0000] {dagbag.py:588} INFO - Filling up the DagBag from /opt/airflow/dags/wordcount_dag.py
[2025-05-02T01:48:18.702+0000] {processor.py:925} INFO - DAG(s) 'news_dag' retrieved from /opt/airflow/dags/wordcount_dag.py
[2025-05-02T01:48:18.717+0000] {logging_mixin.py:190} INFO - [2025-05-02T01:48:18.717+0000] {dag.py:3239} INFO - Sync 1 DAGs
[2025-05-02T01:48:18.724+0000] {logging_mixin.py:190} INFO - [2025-05-02T01:48:18.724+0000] {dag.py:4180} INFO - Setting next_dagrun for news_dag to None, run_after=None
[2025-05-02T01:48:18.734+0000] {processor.py:208} INFO - Processing /opt/airflow/dags/wordcount_dag.py took 0.091 seconds
[2025-05-02T01:48:49.005+0000] {processor.py:186} INFO - Started process (PID=47) to work on /opt/airflow/dags/wordcount_dag.py
[2025-05-02T01:48:49.006+0000] {processor.py:914} INFO - Processing file /opt/airflow/dags/wordcount_dag.py for tasks to queue
[2025-05-02T01:48:49.007+0000] {logging_mixin.py:190} INFO - [2025-05-02T01:48:49.006+0000] {dagbag.py:588} INFO - Filling up the DagBag from /opt/airflow/dags/wordcount_dag.py
[2025-05-02T01:48:49.042+0000] {processor.py:925} INFO - DAG(s) 'news_dag' retrieved from /opt/airflow/dags/wordcount_dag.py
[2025-05-02T01:48:49.055+0000] {logging_mixin.py:190} INFO - [2025-05-02T01:48:49.054+0000] {dag.py:3239} INFO - Sync 1 DAGs
[2025-05-02T01:48:49.061+0000] {logging_mixin.py:190} INFO - [2025-05-02T01:48:49.061+0000] {dag.py:4180} INFO - Setting next_dagrun for news_dag to None, run_after=None
[2025-05-02T01:48:49.068+0000] {processor.py:208} INFO - Processing /opt/airflow/dags/wordcount_dag.py took 0.069 seconds
[2025-05-02T01:49:19.447+0000] {processor.py:186} INFO - Started process (PID=50) to work on /opt/airflow/dags/wordcount_dag.py
[2025-05-02T01:49:19.449+0000] {processor.py:914} INFO - Processing file /opt/airflow/dags/wordcount_dag.py for tasks to queue
[2025-05-02T01:49:19.450+0000] {logging_mixin.py:190} INFO - [2025-05-02T01:49:19.450+0000] {dagbag.py:588} INFO - Filling up the DagBag from /opt/airflow/dags/wordcount_dag.py
[2025-05-02T01:49:19.495+0000] {processor.py:925} INFO - DAG(s) 'news_dag' retrieved from /opt/airflow/dags/wordcount_dag.py
[2025-05-02T01:49:19.507+0000] {logging_mixin.py:190} INFO - [2025-05-02T01:49:19.507+0000] {dag.py:3239} INFO - Sync 1 DAGs
[2025-05-02T01:49:19.514+0000] {logging_mixin.py:190} INFO - [2025-05-02T01:49:19.514+0000] {dag.py:4180} INFO - Setting next_dagrun for news_dag to None, run_after=None
[2025-05-02T01:49:19.522+0000] {processor.py:208} INFO - Processing /opt/airflow/dags/wordcount_dag.py took 0.085 seconds
[2025-05-02T01:49:49.718+0000] {processor.py:186} INFO - Started process (PID=57) to work on /opt/airflow/dags/wordcount_dag.py
[2025-05-02T01:49:49.719+0000] {processor.py:914} INFO - Processing file /opt/airflow/dags/wordcount_dag.py for tasks to queue
[2025-05-02T01:49:49.720+0000] {logging_mixin.py:190} INFO - [2025-05-02T01:49:49.719+0000] {dagbag.py:588} INFO - Filling up the DagBag from /opt/airflow/dags/wordcount_dag.py
[2025-05-02T01:49:49.776+0000] {processor.py:925} INFO - DAG(s) 'news_dag' retrieved from /opt/airflow/dags/wordcount_dag.py
[2025-05-02T01:49:49.789+0000] {logging_mixin.py:190} INFO - [2025-05-02T01:49:49.789+0000] {dag.py:3239} INFO - Sync 1 DAGs
[2025-05-02T01:49:49.796+0000] {logging_mixin.py:190} INFO - [2025-05-02T01:49:49.796+0000] {dag.py:4180} INFO - Setting next_dagrun for news_dag to None, run_after=None
[2025-05-02T01:49:49.807+0000] {processor.py:208} INFO - Processing /opt/airflow/dags/wordcount_dag.py took 0.095 seconds
[2025-05-02T01:50:19.933+0000] {processor.py:186} INFO - Started process (PID=60) to work on /opt/airflow/dags/wordcount_dag.py
[2025-05-02T01:50:19.934+0000] {processor.py:914} INFO - Processing file /opt/airflow/dags/wordcount_dag.py for tasks to queue
[2025-05-02T01:50:19.935+0000] {logging_mixin.py:190} INFO - [2025-05-02T01:50:19.935+0000] {dagbag.py:588} INFO - Filling up the DagBag from /opt/airflow/dags/wordcount_dag.py
[2025-05-02T01:50:19.976+0000] {processor.py:925} INFO - DAG(s) 'news_dag' retrieved from /opt/airflow/dags/wordcount_dag.py
[2025-05-02T01:50:19.989+0000] {logging_mixin.py:190} INFO - [2025-05-02T01:50:19.989+0000] {dag.py:3239} INFO - Sync 1 DAGs
[2025-05-02T01:50:19.997+0000] {logging_mixin.py:190} INFO - [2025-05-02T01:50:19.997+0000] {dag.py:4180} INFO - Setting next_dagrun for news_dag to None, run_after=None
[2025-05-02T01:50:20.092+0000] {processor.py:208} INFO - Processing /opt/airflow/dags/wordcount_dag.py took 0.162 seconds
[2025-05-02T01:50:50.220+0000] {processor.py:186} INFO - Started process (PID=63) to work on /opt/airflow/dags/wordcount_dag.py
[2025-05-02T01:50:50.221+0000] {processor.py:914} INFO - Processing file /opt/airflow/dags/wordcount_dag.py for tasks to queue
[2025-05-02T01:50:50.222+0000] {logging_mixin.py:190} INFO - [2025-05-02T01:50:50.221+0000] {dagbag.py:588} INFO - Filling up the DagBag from /opt/airflow/dags/wordcount_dag.py
[2025-05-02T01:50:50.261+0000] {processor.py:925} INFO - DAG(s) 'news_dag' retrieved from /opt/airflow/dags/wordcount_dag.py
[2025-05-02T01:50:50.275+0000] {logging_mixin.py:190} INFO - [2025-05-02T01:50:50.275+0000] {dag.py:3239} INFO - Sync 1 DAGs
[2025-05-02T01:50:50.362+0000] {logging_mixin.py:190} INFO - [2025-05-02T01:50:50.362+0000] {dag.py:4180} INFO - Setting next_dagrun for news_dag to None, run_after=None
[2025-05-02T01:50:50.369+0000] {processor.py:208} INFO - Processing /opt/airflow/dags/wordcount_dag.py took 0.151 seconds
[2025-05-02T01:51:20.559+0000] {processor.py:186} INFO - Started process (PID=66) to work on /opt/airflow/dags/wordcount_dag.py
[2025-05-02T01:51:20.560+0000] {processor.py:914} INFO - Processing file /opt/airflow/dags/wordcount_dag.py for tasks to queue
[2025-05-02T01:51:20.561+0000] {logging_mixin.py:190} INFO - [2025-05-02T01:51:20.560+0000] {dagbag.py:588} INFO - Filling up the DagBag from /opt/airflow/dags/wordcount_dag.py
[2025-05-02T01:51:20.604+0000] {processor.py:925} INFO - DAG(s) 'news_dag' retrieved from /opt/airflow/dags/wordcount_dag.py
[2025-05-02T01:51:20.693+0000] {logging_mixin.py:190} INFO - [2025-05-02T01:51:20.693+0000] {dag.py:3239} INFO - Sync 1 DAGs
[2025-05-02T01:51:20.697+0000] {logging_mixin.py:190} INFO - [2025-05-02T01:51:20.697+0000] {dag.py:4180} INFO - Setting next_dagrun for news_dag to None, run_after=None
[2025-05-02T01:51:20.703+0000] {processor.py:208} INFO - Processing /opt/airflow/dags/wordcount_dag.py took 0.149 seconds
[2025-05-02T01:51:50.849+0000] {processor.py:186} INFO - Started process (PID=73) to work on /opt/airflow/dags/wordcount_dag.py
[2025-05-02T01:51:50.850+0000] {processor.py:914} INFO - Processing file /opt/airflow/dags/wordcount_dag.py for tasks to queue
[2025-05-02T01:51:50.851+0000] {logging_mixin.py:190} INFO - [2025-05-02T01:51:50.850+0000] {dagbag.py:588} INFO - Filling up the DagBag from /opt/airflow/dags/wordcount_dag.py
[2025-05-02T01:51:50.969+0000] {processor.py:925} INFO - DAG(s) 'news_dag' retrieved from /opt/airflow/dags/wordcount_dag.py
[2025-05-02T01:51:50.978+0000] {logging_mixin.py:190} INFO - [2025-05-02T01:51:50.977+0000] {dag.py:3239} INFO - Sync 1 DAGs
[2025-05-02T01:51:50.982+0000] {logging_mixin.py:190} INFO - [2025-05-02T01:51:50.982+0000] {dag.py:4180} INFO - Setting next_dagrun for news_dag to None, run_after=None
[2025-05-02T01:51:50.988+0000] {processor.py:208} INFO - Processing /opt/airflow/dags/wordcount_dag.py took 0.143 seconds
[2025-05-02T01:52:21.121+0000] {processor.py:186} INFO - Started process (PID=76) to work on /opt/airflow/dags/wordcount_dag.py
[2025-05-02T01:52:21.122+0000] {processor.py:914} INFO - Processing file /opt/airflow/dags/wordcount_dag.py for tasks to queue
[2025-05-02T01:52:21.122+0000] {logging_mixin.py:190} INFO - [2025-05-02T01:52:21.122+0000] {dagbag.py:588} INFO - Filling up the DagBag from /opt/airflow/dags/wordcount_dag.py
[2025-05-02T01:52:21.248+0000] {processor.py:925} INFO - DAG(s) 'news_dag' retrieved from /opt/airflow/dags/wordcount_dag.py
[2025-05-02T01:52:21.259+0000] {logging_mixin.py:190} INFO - [2025-05-02T01:52:21.259+0000] {dag.py:3239} INFO - Sync 1 DAGs
[2025-05-02T01:52:21.264+0000] {logging_mixin.py:190} INFO - [2025-05-02T01:52:21.264+0000] {dag.py:4180} INFO - Setting next_dagrun for news_dag to None, run_after=None
[2025-05-02T01:52:21.272+0000] {processor.py:208} INFO - Processing /opt/airflow/dags/wordcount_dag.py took 0.154 seconds
[2025-05-02T01:52:51.444+0000] {processor.py:186} INFO - Started process (PID=79) to work on /opt/airflow/dags/wordcount_dag.py
[2025-05-02T01:52:51.445+0000] {processor.py:914} INFO - Processing file /opt/airflow/dags/wordcount_dag.py for tasks to queue
[2025-05-02T01:52:51.445+0000] {logging_mixin.py:190} INFO - [2025-05-02T01:52:51.445+0000] {dagbag.py:588} INFO - Filling up the DagBag from /opt/airflow/dags/wordcount_dag.py
[2025-05-02T01:52:51.574+0000] {processor.py:925} INFO - DAG(s) 'news_dag' retrieved from /opt/airflow/dags/wordcount_dag.py
[2025-05-02T01:52:51.584+0000] {logging_mixin.py:190} INFO - [2025-05-02T01:52:51.584+0000] {dag.py:3239} INFO - Sync 1 DAGs
[2025-05-02T01:52:51.589+0000] {logging_mixin.py:190} INFO - [2025-05-02T01:52:51.589+0000] {dag.py:4180} INFO - Setting next_dagrun for news_dag to None, run_after=None
[2025-05-02T01:52:51.599+0000] {processor.py:208} INFO - Processing /opt/airflow/dags/wordcount_dag.py took 0.158 seconds
[2025-05-02T01:53:21.753+0000] {processor.py:186} INFO - Started process (PID=82) to work on /opt/airflow/dags/wordcount_dag.py
[2025-05-02T01:53:21.753+0000] {processor.py:914} INFO - Processing file /opt/airflow/dags/wordcount_dag.py for tasks to queue
[2025-05-02T01:53:21.754+0000] {logging_mixin.py:190} INFO - [2025-05-02T01:53:21.754+0000] {dagbag.py:588} INFO - Filling up the DagBag from /opt/airflow/dags/wordcount_dag.py
[2025-05-02T01:53:21.875+0000] {processor.py:925} INFO - DAG(s) 'news_dag' retrieved from /opt/airflow/dags/wordcount_dag.py
[2025-05-02T01:53:21.885+0000] {logging_mixin.py:190} INFO - [2025-05-02T01:53:21.885+0000] {dag.py:3239} INFO - Sync 1 DAGs
[2025-05-02T01:53:21.889+0000] {logging_mixin.py:190} INFO - [2025-05-02T01:53:21.889+0000] {dag.py:4180} INFO - Setting next_dagrun for news_dag to None, run_after=None
[2025-05-02T01:53:21.896+0000] {processor.py:208} INFO - Processing /opt/airflow/dags/wordcount_dag.py took 0.147 seconds
[2025-05-02T01:53:52.030+0000] {processor.py:186} INFO - Started process (PID=85) to work on /opt/airflow/dags/wordcount_dag.py
[2025-05-02T01:53:52.032+0000] {processor.py:914} INFO - Processing file /opt/airflow/dags/wordcount_dag.py for tasks to queue
[2025-05-02T01:53:52.032+0000] {logging_mixin.py:190} INFO - [2025-05-02T01:53:52.032+0000] {dagbag.py:588} INFO - Filling up the DagBag from /opt/airflow/dags/wordcount_dag.py
[2025-05-02T01:53:52.163+0000] {processor.py:925} INFO - DAG(s) 'news_dag' retrieved from /opt/airflow/dags/wordcount_dag.py
[2025-05-02T01:53:52.175+0000] {logging_mixin.py:190} INFO - [2025-05-02T01:53:52.174+0000] {dag.py:3239} INFO - Sync 1 DAGs
[2025-05-02T01:53:52.180+0000] {logging_mixin.py:190} INFO - [2025-05-02T01:53:52.180+0000] {dag.py:4180} INFO - Setting next_dagrun for news_dag to None, run_after=None
[2025-05-02T01:53:52.190+0000] {processor.py:208} INFO - Processing /opt/airflow/dags/wordcount_dag.py took 0.163 seconds
[2025-05-02T01:54:22.322+0000] {processor.py:186} INFO - Started process (PID=88) to work on /opt/airflow/dags/wordcount_dag.py
[2025-05-02T01:54:22.322+0000] {processor.py:914} INFO - Processing file /opt/airflow/dags/wordcount_dag.py for tasks to queue
[2025-05-02T01:54:22.323+0000] {logging_mixin.py:190} INFO - [2025-05-02T01:54:22.322+0000] {dagbag.py:588} INFO - Filling up the DagBag from /opt/airflow/dags/wordcount_dag.py
[2025-05-02T01:54:22.450+0000] {processor.py:925} INFO - DAG(s) 'news_dag' retrieved from /opt/airflow/dags/wordcount_dag.py
[2025-05-02T01:54:22.460+0000] {logging_mixin.py:190} INFO - [2025-05-02T01:54:22.460+0000] {dag.py:3239} INFO - Sync 1 DAGs
[2025-05-02T01:54:22.465+0000] {logging_mixin.py:190} INFO - [2025-05-02T01:54:22.465+0000] {dag.py:4180} INFO - Setting next_dagrun for news_dag to None, run_after=None
[2025-05-02T01:54:22.474+0000] {processor.py:208} INFO - Processing /opt/airflow/dags/wordcount_dag.py took 0.156 seconds
[2025-05-02T01:54:52.627+0000] {processor.py:186} INFO - Started process (PID=91) to work on /opt/airflow/dags/wordcount_dag.py
[2025-05-02T01:54:52.628+0000] {processor.py:914} INFO - Processing file /opt/airflow/dags/wordcount_dag.py for tasks to queue
[2025-05-02T01:54:52.629+0000] {logging_mixin.py:190} INFO - [2025-05-02T01:54:52.629+0000] {dagbag.py:588} INFO - Filling up the DagBag from /opt/airflow/dags/wordcount_dag.py
[2025-05-02T01:54:52.760+0000] {processor.py:925} INFO - DAG(s) 'news_dag' retrieved from /opt/airflow/dags/wordcount_dag.py
[2025-05-02T01:54:52.771+0000] {logging_mixin.py:190} INFO - [2025-05-02T01:54:52.771+0000] {dag.py:3239} INFO - Sync 1 DAGs
[2025-05-02T01:54:52.777+0000] {logging_mixin.py:190} INFO - [2025-05-02T01:54:52.776+0000] {dag.py:4180} INFO - Setting next_dagrun for news_dag to None, run_after=None
[2025-05-02T01:54:52.785+0000] {processor.py:208} INFO - Processing /opt/airflow/dags/wordcount_dag.py took 0.165 seconds
[2025-05-02T01:55:23.067+0000] {processor.py:186} INFO - Started process (PID=94) to work on /opt/airflow/dags/wordcount_dag.py
[2025-05-02T01:55:23.068+0000] {processor.py:914} INFO - Processing file /opt/airflow/dags/wordcount_dag.py for tasks to queue
[2025-05-02T01:55:23.070+0000] {logging_mixin.py:190} INFO - [2025-05-02T01:55:23.069+0000] {dagbag.py:588} INFO - Filling up the DagBag from /opt/airflow/dags/wordcount_dag.py
[2025-05-02T01:55:23.198+0000] {processor.py:925} INFO - DAG(s) 'news_dag' retrieved from /opt/airflow/dags/wordcount_dag.py
[2025-05-02T01:55:23.204+0000] {logging_mixin.py:190} INFO - [2025-05-02T01:55:23.204+0000] {dag.py:3239} INFO - Sync 1 DAGs
[2025-05-02T01:55:23.208+0000] {logging_mixin.py:190} INFO - [2025-05-02T01:55:23.208+0000] {dag.py:4180} INFO - Setting next_dagrun for news_dag to None, run_after=None
[2025-05-02T01:55:23.213+0000] {processor.py:208} INFO - Processing /opt/airflow/dags/wordcount_dag.py took 0.154 seconds
[2025-05-02T01:55:53.555+0000] {processor.py:186} INFO - Started process (PID=97) to work on /opt/airflow/dags/wordcount_dag.py
[2025-05-02T01:55:53.557+0000] {processor.py:914} INFO - Processing file /opt/airflow/dags/wordcount_dag.py for tasks to queue
[2025-05-02T01:55:53.559+0000] {logging_mixin.py:190} INFO - [2025-05-02T01:55:53.558+0000] {dagbag.py:588} INFO - Filling up the DagBag from /opt/airflow/dags/wordcount_dag.py
[2025-05-02T01:55:53.699+0000] {processor.py:925} INFO - DAG(s) 'news_dag' retrieved from /opt/airflow/dags/wordcount_dag.py
[2025-05-02T01:55:53.707+0000] {logging_mixin.py:190} INFO - [2025-05-02T01:55:53.707+0000] {dag.py:3239} INFO - Sync 1 DAGs
[2025-05-02T01:55:53.712+0000] {logging_mixin.py:190} INFO - [2025-05-02T01:55:53.712+0000] {dag.py:4180} INFO - Setting next_dagrun for news_dag to None, run_after=None
[2025-05-02T01:55:53.719+0000] {processor.py:208} INFO - Processing /opt/airflow/dags/wordcount_dag.py took 0.175 seconds
[2025-05-02T01:56:24.111+0000] {processor.py:186} INFO - Started process (PID=100) to work on /opt/airflow/dags/wordcount_dag.py
[2025-05-02T01:56:24.112+0000] {processor.py:914} INFO - Processing file /opt/airflow/dags/wordcount_dag.py for tasks to queue
[2025-05-02T01:56:24.113+0000] {logging_mixin.py:190} INFO - [2025-05-02T01:56:24.113+0000] {dagbag.py:588} INFO - Filling up the DagBag from /opt/airflow/dags/wordcount_dag.py
[2025-05-02T01:56:24.240+0000] {processor.py:925} INFO - DAG(s) 'news_dag' retrieved from /opt/airflow/dags/wordcount_dag.py
[2025-05-02T01:56:24.247+0000] {logging_mixin.py:190} INFO - [2025-05-02T01:56:24.247+0000] {dag.py:3239} INFO - Sync 1 DAGs
[2025-05-02T01:56:24.251+0000] {logging_mixin.py:190} INFO - [2025-05-02T01:56:24.251+0000] {dag.py:4180} INFO - Setting next_dagrun for news_dag to None, run_after=None
[2025-05-02T01:56:24.256+0000] {processor.py:208} INFO - Processing /opt/airflow/dags/wordcount_dag.py took 0.154 seconds
[2025-05-02T01:56:54.591+0000] {processor.py:186} INFO - Started process (PID=103) to work on /opt/airflow/dags/wordcount_dag.py
[2025-05-02T01:56:54.593+0000] {processor.py:914} INFO - Processing file /opt/airflow/dags/wordcount_dag.py for tasks to queue
[2025-05-02T01:56:54.594+0000] {logging_mixin.py:190} INFO - [2025-05-02T01:56:54.594+0000] {dagbag.py:588} INFO - Filling up the DagBag from /opt/airflow/dags/wordcount_dag.py
[2025-05-02T01:56:54.756+0000] {processor.py:925} INFO - DAG(s) 'news_dag' retrieved from /opt/airflow/dags/wordcount_dag.py
[2025-05-02T01:56:54.764+0000] {logging_mixin.py:190} INFO - [2025-05-02T01:56:54.764+0000] {dag.py:3239} INFO - Sync 1 DAGs
[2025-05-02T01:56:54.768+0000] {logging_mixin.py:190} INFO - [2025-05-02T01:56:54.768+0000] {dag.py:4180} INFO - Setting next_dagrun for news_dag to None, run_after=None
[2025-05-02T01:56:54.774+0000] {processor.py:208} INFO - Processing /opt/airflow/dags/wordcount_dag.py took 0.195 seconds
[2025-05-02T01:57:25.143+0000] {processor.py:186} INFO - Started process (PID=106) to work on /opt/airflow/dags/wordcount_dag.py
[2025-05-02T01:57:25.145+0000] {processor.py:914} INFO - Processing file /opt/airflow/dags/wordcount_dag.py for tasks to queue
[2025-05-02T01:57:25.146+0000] {logging_mixin.py:190} INFO - [2025-05-02T01:57:25.145+0000] {dagbag.py:588} INFO - Filling up the DagBag from /opt/airflow/dags/wordcount_dag.py
[2025-05-02T01:57:25.194+0000] {processor.py:925} INFO - DAG(s) 'news_dag' retrieved from /opt/airflow/dags/wordcount_dag.py
[2025-05-02T01:57:25.278+0000] {logging_mixin.py:190} INFO - [2025-05-02T01:57:25.278+0000] {dag.py:3239} INFO - Sync 1 DAGs
[2025-05-02T01:57:25.282+0000] {logging_mixin.py:190} INFO - [2025-05-02T01:57:25.282+0000] {dag.py:4180} INFO - Setting next_dagrun for news_dag to None, run_after=None
[2025-05-02T01:57:25.287+0000] {processor.py:208} INFO - Processing /opt/airflow/dags/wordcount_dag.py took 0.154 seconds
[2025-05-02T01:57:55.628+0000] {processor.py:186} INFO - Started process (PID=109) to work on /opt/airflow/dags/wordcount_dag.py
[2025-05-02T01:57:55.628+0000] {processor.py:914} INFO - Processing file /opt/airflow/dags/wordcount_dag.py for tasks to queue
[2025-05-02T01:57:55.629+0000] {logging_mixin.py:190} INFO - [2025-05-02T01:57:55.629+0000] {dagbag.py:588} INFO - Filling up the DagBag from /opt/airflow/dags/wordcount_dag.py
[2025-05-02T01:57:55.744+0000] {processor.py:925} INFO - DAG(s) 'news_dag' retrieved from /opt/airflow/dags/wordcount_dag.py
[2025-05-02T01:57:55.751+0000] {logging_mixin.py:190} INFO - [2025-05-02T01:57:55.751+0000] {dag.py:3239} INFO - Sync 1 DAGs
[2025-05-02T01:57:55.755+0000] {logging_mixin.py:190} INFO - [2025-05-02T01:57:55.755+0000] {dag.py:4180} INFO - Setting next_dagrun for news_dag to None, run_after=None
[2025-05-02T01:57:55.761+0000] {processor.py:208} INFO - Processing /opt/airflow/dags/wordcount_dag.py took 0.137 seconds
[2025-05-02T02:03:54.515+0000] {processor.py:186} INFO - Started process (PID=35) to work on /opt/airflow/dags/wordcount_dag.py
[2025-05-02T02:03:54.516+0000] {processor.py:914} INFO - Processing file /opt/airflow/dags/wordcount_dag.py for tasks to queue
[2025-05-02T02:03:54.517+0000] {logging_mixin.py:190} INFO - [2025-05-02T02:03:54.516+0000] {dagbag.py:588} INFO - Filling up the DagBag from /opt/airflow/dags/wordcount_dag.py
[2025-05-02T02:03:54.757+0000] {processor.py:925} INFO - DAG(s) 'news_dag' retrieved from /opt/airflow/dags/wordcount_dag.py
[2025-05-02T02:03:54.774+0000] {logging_mixin.py:190} INFO - [2025-05-02T02:03:54.774+0000] {dag.py:3239} INFO - Sync 1 DAGs
[2025-05-02T02:03:54.782+0000] {logging_mixin.py:190} INFO - [2025-05-02T02:03:54.782+0000] {dag.py:4180} INFO - Setting next_dagrun for news_dag to None, run_after=None
[2025-05-02T02:03:54.793+0000] {processor.py:208} INFO - Processing /opt/airflow/dags/wordcount_dag.py took 0.281 seconds
[2025-05-02T02:04:25.019+0000] {processor.py:186} INFO - Started process (PID=38) to work on /opt/airflow/dags/wordcount_dag.py
[2025-05-02T02:04:25.019+0000] {processor.py:914} INFO - Processing file /opt/airflow/dags/wordcount_dag.py for tasks to queue
[2025-05-02T02:04:25.020+0000] {logging_mixin.py:190} INFO - [2025-05-02T02:04:25.020+0000] {dagbag.py:588} INFO - Filling up the DagBag from /opt/airflow/dags/wordcount_dag.py
[2025-05-02T02:04:25.194+0000] {processor.py:925} INFO - DAG(s) 'news_dag' retrieved from /opt/airflow/dags/wordcount_dag.py
[2025-05-02T02:04:25.203+0000] {logging_mixin.py:190} INFO - [2025-05-02T02:04:25.202+0000] {dag.py:3239} INFO - Sync 1 DAGs
[2025-05-02T02:04:25.207+0000] {logging_mixin.py:190} INFO - [2025-05-02T02:04:25.207+0000] {dag.py:4180} INFO - Setting next_dagrun for news_dag to None, run_after=None
[2025-05-02T02:04:25.217+0000] {processor.py:208} INFO - Processing /opt/airflow/dags/wordcount_dag.py took 0.201 seconds
[2025-05-02T02:04:55.444+0000] {processor.py:186} INFO - Started process (PID=45) to work on /opt/airflow/dags/wordcount_dag.py
[2025-05-02T02:04:55.445+0000] {processor.py:914} INFO - Processing file /opt/airflow/dags/wordcount_dag.py for tasks to queue
[2025-05-02T02:04:55.445+0000] {logging_mixin.py:190} INFO - [2025-05-02T02:04:55.445+0000] {dagbag.py:588} INFO - Filling up the DagBag from /opt/airflow/dags/wordcount_dag.py
[2025-05-02T02:04:55.633+0000] {processor.py:925} INFO - DAG(s) 'news_dag' retrieved from /opt/airflow/dags/wordcount_dag.py
[2025-05-02T02:04:55.646+0000] {logging_mixin.py:190} INFO - [2025-05-02T02:04:55.646+0000] {dag.py:3239} INFO - Sync 1 DAGs
[2025-05-02T02:04:55.653+0000] {logging_mixin.py:190} INFO - [2025-05-02T02:04:55.653+0000] {dag.py:4180} INFO - Setting next_dagrun for news_dag to None, run_after=None
[2025-05-02T02:04:55.662+0000] {processor.py:208} INFO - Processing /opt/airflow/dags/wordcount_dag.py took 0.223 seconds
[2025-05-02T02:05:25.898+0000] {processor.py:186} INFO - Started process (PID=48) to work on /opt/airflow/dags/wordcount_dag.py
[2025-05-02T02:05:25.899+0000] {processor.py:914} INFO - Processing file /opt/airflow/dags/wordcount_dag.py for tasks to queue
[2025-05-02T02:05:25.900+0000] {logging_mixin.py:190} INFO - [2025-05-02T02:05:25.900+0000] {dagbag.py:588} INFO - Filling up the DagBag from /opt/airflow/dags/wordcount_dag.py
[2025-05-02T02:05:26.050+0000] {processor.py:925} INFO - DAG(s) 'news_dag' retrieved from /opt/airflow/dags/wordcount_dag.py
[2025-05-02T02:05:26.059+0000] {logging_mixin.py:190} INFO - [2025-05-02T02:05:26.059+0000] {dag.py:3239} INFO - Sync 1 DAGs
[2025-05-02T02:05:26.063+0000] {logging_mixin.py:190} INFO - [2025-05-02T02:05:26.063+0000] {dag.py:4180} INFO - Setting next_dagrun for news_dag to None, run_after=None
[2025-05-02T02:05:26.069+0000] {processor.py:208} INFO - Processing /opt/airflow/dags/wordcount_dag.py took 0.174 seconds
[2025-05-02T02:05:56.241+0000] {processor.py:186} INFO - Started process (PID=51) to work on /opt/airflow/dags/wordcount_dag.py
[2025-05-02T02:05:56.241+0000] {processor.py:914} INFO - Processing file /opt/airflow/dags/wordcount_dag.py for tasks to queue
[2025-05-02T02:05:56.242+0000] {logging_mixin.py:190} INFO - [2025-05-02T02:05:56.242+0000] {dagbag.py:588} INFO - Filling up the DagBag from /opt/airflow/dags/wordcount_dag.py
[2025-05-02T02:05:56.376+0000] {processor.py:925} INFO - DAG(s) 'news_dag' retrieved from /opt/airflow/dags/wordcount_dag.py
[2025-05-02T02:05:56.384+0000] {logging_mixin.py:190} INFO - [2025-05-02T02:05:56.383+0000] {dag.py:3239} INFO - Sync 1 DAGs
[2025-05-02T02:05:56.388+0000] {logging_mixin.py:190} INFO - [2025-05-02T02:05:56.388+0000] {dag.py:4180} INFO - Setting next_dagrun for news_dag to None, run_after=None
[2025-05-02T02:05:56.393+0000] {processor.py:208} INFO - Processing /opt/airflow/dags/wordcount_dag.py took 0.156 seconds
[2025-05-02T02:06:26.661+0000] {processor.py:186} INFO - Started process (PID=55) to work on /opt/airflow/dags/wordcount_dag.py
[2025-05-02T02:06:26.663+0000] {processor.py:914} INFO - Processing file /opt/airflow/dags/wordcount_dag.py for tasks to queue
[2025-05-02T02:06:26.664+0000] {logging_mixin.py:190} INFO - [2025-05-02T02:06:26.664+0000] {dagbag.py:588} INFO - Filling up the DagBag from /opt/airflow/dags/wordcount_dag.py
[2025-05-02T02:06:26.810+0000] {processor.py:925} INFO - DAG(s) 'news_dag' retrieved from /opt/airflow/dags/wordcount_dag.py
[2025-05-02T02:06:26.819+0000] {logging_mixin.py:190} INFO - [2025-05-02T02:06:26.818+0000] {dag.py:3239} INFO - Sync 1 DAGs
[2025-05-02T02:06:26.823+0000] {logging_mixin.py:190} INFO - [2025-05-02T02:06:26.823+0000] {dag.py:4180} INFO - Setting next_dagrun for news_dag to None, run_after=None
[2025-05-02T02:06:26.830+0000] {processor.py:208} INFO - Processing /opt/airflow/dags/wordcount_dag.py took 0.175 seconds
[2025-05-02T02:06:57.042+0000] {processor.py:186} INFO - Started process (PID=59) to work on /opt/airflow/dags/wordcount_dag.py
[2025-05-02T02:06:57.043+0000] {processor.py:914} INFO - Processing file /opt/airflow/dags/wordcount_dag.py for tasks to queue
[2025-05-02T02:06:57.043+0000] {logging_mixin.py:190} INFO - [2025-05-02T02:06:57.043+0000] {dagbag.py:588} INFO - Filling up the DagBag from /opt/airflow/dags/wordcount_dag.py
[2025-05-02T02:06:57.183+0000] {processor.py:925} INFO - DAG(s) 'news_dag' retrieved from /opt/airflow/dags/wordcount_dag.py
[2025-05-02T02:06:57.190+0000] {logging_mixin.py:190} INFO - [2025-05-02T02:06:57.190+0000] {dag.py:3239} INFO - Sync 1 DAGs
[2025-05-02T02:06:57.194+0000] {logging_mixin.py:190} INFO - [2025-05-02T02:06:57.194+0000] {dag.py:4180} INFO - Setting next_dagrun for news_dag to None, run_after=None
[2025-05-02T02:06:57.201+0000] {processor.py:208} INFO - Processing /opt/airflow/dags/wordcount_dag.py took 0.162 seconds
[2025-05-02T02:07:27.224+0000] {processor.py:186} INFO - Started process (PID=62) to work on /opt/airflow/dags/wordcount_dag.py
[2025-05-02T02:07:27.224+0000] {processor.py:914} INFO - Processing file /opt/airflow/dags/wordcount_dag.py for tasks to queue
[2025-05-02T02:07:27.224+0000] {logging_mixin.py:190} INFO - [2025-05-02T02:07:27.224+0000] {dagbag.py:588} INFO - Filling up the DagBag from /opt/airflow/dags/wordcount_dag.py
[2025-05-02T02:07:27.389+0000] {processor.py:925} INFO - DAG(s) 'news_dag' retrieved from /opt/airflow/dags/wordcount_dag.py
[2025-05-02T02:07:27.399+0000] {logging_mixin.py:190} INFO - [2025-05-02T02:07:27.399+0000] {dag.py:3239} INFO - Sync 1 DAGs
[2025-05-02T02:07:27.405+0000] {logging_mixin.py:190} INFO - [2025-05-02T02:07:27.405+0000] {dag.py:4180} INFO - Setting next_dagrun for news_dag to None, run_after=None
[2025-05-02T02:07:27.412+0000] {processor.py:208} INFO - Processing /opt/airflow/dags/wordcount_dag.py took 0.191 seconds
[2025-05-02T02:07:57.586+0000] {processor.py:186} INFO - Started process (PID=65) to work on /opt/airflow/dags/wordcount_dag.py
[2025-05-02T02:07:57.587+0000] {processor.py:914} INFO - Processing file /opt/airflow/dags/wordcount_dag.py for tasks to queue
[2025-05-02T02:07:57.588+0000] {logging_mixin.py:190} INFO - [2025-05-02T02:07:57.588+0000] {dagbag.py:588} INFO - Filling up the DagBag from /opt/airflow/dags/wordcount_dag.py
[2025-05-02T02:07:57.731+0000] {processor.py:925} INFO - DAG(s) 'news_dag' retrieved from /opt/airflow/dags/wordcount_dag.py
[2025-05-02T02:07:57.739+0000] {logging_mixin.py:190} INFO - [2025-05-02T02:07:57.738+0000] {dag.py:3239} INFO - Sync 1 DAGs
[2025-05-02T02:07:57.742+0000] {logging_mixin.py:190} INFO - [2025-05-02T02:07:57.742+0000] {dag.py:4180} INFO - Setting next_dagrun for news_dag to None, run_after=None
[2025-05-02T02:07:57.750+0000] {processor.py:208} INFO - Processing /opt/airflow/dags/wordcount_dag.py took 0.167 seconds
[2025-05-02T02:08:27.945+0000] {processor.py:186} INFO - Started process (PID=68) to work on /opt/airflow/dags/wordcount_dag.py
[2025-05-02T02:08:27.945+0000] {processor.py:914} INFO - Processing file /opt/airflow/dags/wordcount_dag.py for tasks to queue
[2025-05-02T02:08:27.946+0000] {logging_mixin.py:190} INFO - [2025-05-02T02:08:27.946+0000] {dagbag.py:588} INFO - Filling up the DagBag from /opt/airflow/dags/wordcount_dag.py
[2025-05-02T02:08:28.083+0000] {processor.py:925} INFO - DAG(s) 'news_dag' retrieved from /opt/airflow/dags/wordcount_dag.py
[2025-05-02T02:08:28.091+0000] {logging_mixin.py:190} INFO - [2025-05-02T02:08:28.091+0000] {dag.py:3239} INFO - Sync 1 DAGs
[2025-05-02T02:08:28.095+0000] {logging_mixin.py:190} INFO - [2025-05-02T02:08:28.095+0000] {dag.py:4180} INFO - Setting next_dagrun for news_dag to None, run_after=None
[2025-05-02T02:08:28.104+0000] {processor.py:208} INFO - Processing /opt/airflow/dags/wordcount_dag.py took 0.162 seconds
[2025-05-02T02:08:58.305+0000] {processor.py:186} INFO - Started process (PID=71) to work on /opt/airflow/dags/wordcount_dag.py
[2025-05-02T02:08:58.305+0000] {processor.py:914} INFO - Processing file /opt/airflow/dags/wordcount_dag.py for tasks to queue
[2025-05-02T02:08:58.306+0000] {logging_mixin.py:190} INFO - [2025-05-02T02:08:58.306+0000] {dagbag.py:588} INFO - Filling up the DagBag from /opt/airflow/dags/wordcount_dag.py
[2025-05-02T02:08:58.445+0000] {processor.py:925} INFO - DAG(s) 'news_dag' retrieved from /opt/airflow/dags/wordcount_dag.py
[2025-05-02T02:08:58.453+0000] {logging_mixin.py:190} INFO - [2025-05-02T02:08:58.452+0000] {dag.py:3239} INFO - Sync 1 DAGs
[2025-05-02T02:08:58.457+0000] {logging_mixin.py:190} INFO - [2025-05-02T02:08:58.457+0000] {dag.py:4180} INFO - Setting next_dagrun for news_dag to None, run_after=None
[2025-05-02T02:08:58.463+0000] {processor.py:208} INFO - Processing /opt/airflow/dags/wordcount_dag.py took 0.162 seconds
[2025-05-02T02:09:28.496+0000] {processor.py:186} INFO - Started process (PID=74) to work on /opt/airflow/dags/wordcount_dag.py
[2025-05-02T02:09:28.497+0000] {processor.py:914} INFO - Processing file /opt/airflow/dags/wordcount_dag.py for tasks to queue
[2025-05-02T02:09:28.498+0000] {logging_mixin.py:190} INFO - [2025-05-02T02:09:28.498+0000] {dagbag.py:588} INFO - Filling up the DagBag from /opt/airflow/dags/wordcount_dag.py
[2025-05-02T02:09:28.647+0000] {processor.py:925} INFO - DAG(s) 'news_dag' retrieved from /opt/airflow/dags/wordcount_dag.py
[2025-05-02T02:09:28.654+0000] {logging_mixin.py:190} INFO - [2025-05-02T02:09:28.654+0000] {dag.py:3239} INFO - Sync 1 DAGs
[2025-05-02T02:09:28.659+0000] {logging_mixin.py:190} INFO - [2025-05-02T02:09:28.658+0000] {dag.py:4180} INFO - Setting next_dagrun for news_dag to None, run_after=None
[2025-05-02T02:09:28.665+0000] {processor.py:208} INFO - Processing /opt/airflow/dags/wordcount_dag.py took 0.172 seconds
[2025-05-02T02:09:58.918+0000] {processor.py:186} INFO - Started process (PID=77) to work on /opt/airflow/dags/wordcount_dag.py
[2025-05-02T02:09:58.918+0000] {processor.py:914} INFO - Processing file /opt/airflow/dags/wordcount_dag.py for tasks to queue
[2025-05-02T02:09:58.919+0000] {logging_mixin.py:190} INFO - [2025-05-02T02:09:58.919+0000] {dagbag.py:588} INFO - Filling up the DagBag from /opt/airflow/dags/wordcount_dag.py
[2025-05-02T02:09:59.057+0000] {processor.py:925} INFO - DAG(s) 'news_dag' retrieved from /opt/airflow/dags/wordcount_dag.py
[2025-05-02T02:09:59.065+0000] {logging_mixin.py:190} INFO - [2025-05-02T02:09:59.065+0000] {dag.py:3239} INFO - Sync 1 DAGs
[2025-05-02T02:09:59.069+0000] {logging_mixin.py:190} INFO - [2025-05-02T02:09:59.069+0000] {dag.py:4180} INFO - Setting next_dagrun for news_dag to None, run_after=None
[2025-05-02T02:09:59.075+0000] {processor.py:208} INFO - Processing /opt/airflow/dags/wordcount_dag.py took 0.161 seconds
[2025-05-02T02:10:29.424+0000] {processor.py:186} INFO - Started process (PID=80) to work on /opt/airflow/dags/wordcount_dag.py
[2025-05-02T02:10:29.425+0000] {processor.py:914} INFO - Processing file /opt/airflow/dags/wordcount_dag.py for tasks to queue
[2025-05-02T02:10:29.425+0000] {logging_mixin.py:190} INFO - [2025-05-02T02:10:29.425+0000] {dagbag.py:588} INFO - Filling up the DagBag from /opt/airflow/dags/wordcount_dag.py
[2025-05-02T02:10:29.561+0000] {processor.py:925} INFO - DAG(s) 'news_dag' retrieved from /opt/airflow/dags/wordcount_dag.py
[2025-05-02T02:10:29.568+0000] {logging_mixin.py:190} INFO - [2025-05-02T02:10:29.568+0000] {dag.py:3239} INFO - Sync 1 DAGs
[2025-05-02T02:10:29.573+0000] {logging_mixin.py:190} INFO - [2025-05-02T02:10:29.573+0000] {dag.py:4180} INFO - Setting next_dagrun for news_dag to None, run_after=None
[2025-05-02T02:10:29.579+0000] {processor.py:208} INFO - Processing /opt/airflow/dags/wordcount_dag.py took 0.157 seconds
[2025-05-02T02:10:59.894+0000] {processor.py:186} INFO - Started process (PID=83) to work on /opt/airflow/dags/wordcount_dag.py
[2025-05-02T02:10:59.895+0000] {processor.py:914} INFO - Processing file /opt/airflow/dags/wordcount_dag.py for tasks to queue
[2025-05-02T02:10:59.896+0000] {logging_mixin.py:190} INFO - [2025-05-02T02:10:59.895+0000] {dagbag.py:588} INFO - Filling up the DagBag from /opt/airflow/dags/wordcount_dag.py
[2025-05-02T02:11:00.042+0000] {processor.py:925} INFO - DAG(s) 'news_dag' retrieved from /opt/airflow/dags/wordcount_dag.py
[2025-05-02T02:11:00.051+0000] {logging_mixin.py:190} INFO - [2025-05-02T02:11:00.051+0000] {dag.py:3239} INFO - Sync 1 DAGs
[2025-05-02T02:11:00.056+0000] {logging_mixin.py:190} INFO - [2025-05-02T02:11:00.056+0000] {dag.py:4180} INFO - Setting next_dagrun for news_dag to None, run_after=None
[2025-05-02T02:11:00.063+0000] {processor.py:208} INFO - Processing /opt/airflow/dags/wordcount_dag.py took 0.174 seconds
[2025-05-02T02:11:30.399+0000] {processor.py:186} INFO - Started process (PID=86) to work on /opt/airflow/dags/wordcount_dag.py
[2025-05-02T02:11:30.399+0000] {processor.py:914} INFO - Processing file /opt/airflow/dags/wordcount_dag.py for tasks to queue
[2025-05-02T02:11:30.399+0000] {logging_mixin.py:190} INFO - [2025-05-02T02:11:30.399+0000] {dagbag.py:588} INFO - Filling up the DagBag from /opt/airflow/dags/wordcount_dag.py
[2025-05-02T02:11:30.539+0000] {processor.py:925} INFO - DAG(s) 'news_dag' retrieved from /opt/airflow/dags/wordcount_dag.py
[2025-05-02T02:11:30.548+0000] {logging_mixin.py:190} INFO - [2025-05-02T02:11:30.548+0000] {dag.py:3239} INFO - Sync 1 DAGs
[2025-05-02T02:11:30.552+0000] {logging_mixin.py:190} INFO - [2025-05-02T02:11:30.552+0000] {dag.py:4180} INFO - Setting next_dagrun for news_dag to None, run_after=None
[2025-05-02T02:11:30.558+0000] {processor.py:208} INFO - Processing /opt/airflow/dags/wordcount_dag.py took 0.163 seconds
[2025-05-02T02:12:00.842+0000] {processor.py:186} INFO - Started process (PID=89) to work on /opt/airflow/dags/wordcount_dag.py
[2025-05-02T02:12:00.843+0000] {processor.py:914} INFO - Processing file /opt/airflow/dags/wordcount_dag.py for tasks to queue
[2025-05-02T02:12:00.843+0000] {logging_mixin.py:190} INFO - [2025-05-02T02:12:00.843+0000] {dagbag.py:588} INFO - Filling up the DagBag from /opt/airflow/dags/wordcount_dag.py
[2025-05-02T02:12:00.997+0000] {processor.py:925} INFO - DAG(s) 'news_dag' retrieved from /opt/airflow/dags/wordcount_dag.py
[2025-05-02T02:12:01.005+0000] {logging_mixin.py:190} INFO - [2025-05-02T02:12:01.004+0000] {dag.py:3239} INFO - Sync 1 DAGs
[2025-05-02T02:12:01.009+0000] {logging_mixin.py:190} INFO - [2025-05-02T02:12:01.009+0000] {dag.py:4180} INFO - Setting next_dagrun for news_dag to None, run_after=None
[2025-05-02T02:12:01.016+0000] {processor.py:208} INFO - Processing /opt/airflow/dags/wordcount_dag.py took 0.179 seconds
[2025-05-02T02:12:31.278+0000] {processor.py:186} INFO - Started process (PID=92) to work on /opt/airflow/dags/wordcount_dag.py
[2025-05-02T02:12:31.278+0000] {processor.py:914} INFO - Processing file /opt/airflow/dags/wordcount_dag.py for tasks to queue
[2025-05-02T02:12:31.279+0000] {logging_mixin.py:190} INFO - [2025-05-02T02:12:31.279+0000] {dagbag.py:588} INFO - Filling up the DagBag from /opt/airflow/dags/wordcount_dag.py
[2025-05-02T02:12:31.419+0000] {processor.py:925} INFO - DAG(s) 'news_dag' retrieved from /opt/airflow/dags/wordcount_dag.py
[2025-05-02T02:12:31.426+0000] {logging_mixin.py:190} INFO - [2025-05-02T02:12:31.426+0000] {dag.py:3239} INFO - Sync 1 DAGs
[2025-05-02T02:12:31.431+0000] {logging_mixin.py:190} INFO - [2025-05-02T02:12:31.431+0000] {dag.py:4180} INFO - Setting next_dagrun for news_dag to None, run_after=None
[2025-05-02T02:12:31.437+0000] {processor.py:208} INFO - Processing /opt/airflow/dags/wordcount_dag.py took 0.163 seconds
[2025-05-02T02:13:01.714+0000] {processor.py:186} INFO - Started process (PID=95) to work on /opt/airflow/dags/wordcount_dag.py
[2025-05-02T02:13:01.715+0000] {processor.py:914} INFO - Processing file /opt/airflow/dags/wordcount_dag.py for tasks to queue
[2025-05-02T02:13:01.716+0000] {logging_mixin.py:190} INFO - [2025-05-02T02:13:01.716+0000] {dagbag.py:588} INFO - Filling up the DagBag from /opt/airflow/dags/wordcount_dag.py
[2025-05-02T02:13:01.867+0000] {processor.py:925} INFO - DAG(s) 'news_dag' retrieved from /opt/airflow/dags/wordcount_dag.py
[2025-05-02T02:13:01.876+0000] {logging_mixin.py:190} INFO - [2025-05-02T02:13:01.876+0000] {dag.py:3239} INFO - Sync 1 DAGs
[2025-05-02T02:13:01.881+0000] {logging_mixin.py:190} INFO - [2025-05-02T02:13:01.881+0000] {dag.py:4180} INFO - Setting next_dagrun for news_dag to None, run_after=None
[2025-05-02T02:13:01.887+0000] {processor.py:208} INFO - Processing /opt/airflow/dags/wordcount_dag.py took 0.178 seconds
[2025-05-02T02:13:32.296+0000] {processor.py:186} INFO - Started process (PID=98) to work on /opt/airflow/dags/wordcount_dag.py
[2025-05-02T02:13:32.296+0000] {processor.py:914} INFO - Processing file /opt/airflow/dags/wordcount_dag.py for tasks to queue
[2025-05-02T02:13:32.297+0000] {logging_mixin.py:190} INFO - [2025-05-02T02:13:32.297+0000] {dagbag.py:588} INFO - Filling up the DagBag from /opt/airflow/dags/wordcount_dag.py
[2025-05-02T02:13:32.436+0000] {processor.py:925} INFO - DAG(s) 'news_dag' retrieved from /opt/airflow/dags/wordcount_dag.py
[2025-05-02T02:13:32.444+0000] {logging_mixin.py:190} INFO - [2025-05-02T02:13:32.444+0000] {dag.py:3239} INFO - Sync 1 DAGs
[2025-05-02T02:13:32.449+0000] {logging_mixin.py:190} INFO - [2025-05-02T02:13:32.449+0000] {dag.py:4180} INFO - Setting next_dagrun for news_dag to None, run_after=None
[2025-05-02T02:13:32.455+0000] {processor.py:208} INFO - Processing /opt/airflow/dags/wordcount_dag.py took 0.164 seconds
[2025-05-02T02:14:02.839+0000] {processor.py:186} INFO - Started process (PID=101) to work on /opt/airflow/dags/wordcount_dag.py
[2025-05-02T02:14:02.840+0000] {processor.py:914} INFO - Processing file /opt/airflow/dags/wordcount_dag.py for tasks to queue
[2025-05-02T02:14:02.841+0000] {logging_mixin.py:190} INFO - [2025-05-02T02:14:02.840+0000] {dagbag.py:588} INFO - Filling up the DagBag from /opt/airflow/dags/wordcount_dag.py
[2025-05-02T02:14:02.985+0000] {processor.py:925} INFO - DAG(s) 'news_dag' retrieved from /opt/airflow/dags/wordcount_dag.py
[2025-05-02T02:14:02.992+0000] {logging_mixin.py:190} INFO - [2025-05-02T02:14:02.992+0000] {dag.py:3239} INFO - Sync 1 DAGs
[2025-05-02T02:14:02.996+0000] {logging_mixin.py:190} INFO - [2025-05-02T02:14:02.996+0000] {dag.py:4180} INFO - Setting next_dagrun for news_dag to None, run_after=None
[2025-05-02T02:14:03.003+0000] {processor.py:208} INFO - Processing /opt/airflow/dags/wordcount_dag.py took 0.168 seconds
[2025-05-02T02:14:33.426+0000] {processor.py:186} INFO - Started process (PID=104) to work on /opt/airflow/dags/wordcount_dag.py
[2025-05-02T02:14:33.427+0000] {processor.py:914} INFO - Processing file /opt/airflow/dags/wordcount_dag.py for tasks to queue
[2025-05-02T02:14:33.427+0000] {logging_mixin.py:190} INFO - [2025-05-02T02:14:33.427+0000] {dagbag.py:588} INFO - Filling up the DagBag from /opt/airflow/dags/wordcount_dag.py
[2025-05-02T02:14:33.566+0000] {processor.py:925} INFO - DAG(s) 'news_dag' retrieved from /opt/airflow/dags/wordcount_dag.py
[2025-05-02T02:14:33.574+0000] {logging_mixin.py:190} INFO - [2025-05-02T02:14:33.573+0000] {dag.py:3239} INFO - Sync 1 DAGs
[2025-05-02T02:14:33.578+0000] {logging_mixin.py:190} INFO - [2025-05-02T02:14:33.578+0000] {dag.py:4180} INFO - Setting next_dagrun for news_dag to None, run_after=None
[2025-05-02T02:14:33.583+0000] {processor.py:208} INFO - Processing /opt/airflow/dags/wordcount_dag.py took 0.164 seconds
[2025-05-02T02:15:03.869+0000] {processor.py:186} INFO - Started process (PID=107) to work on /opt/airflow/dags/wordcount_dag.py
[2025-05-02T02:15:03.869+0000] {processor.py:914} INFO - Processing file /opt/airflow/dags/wordcount_dag.py for tasks to queue
[2025-05-02T02:15:03.870+0000] {logging_mixin.py:190} INFO - [2025-05-02T02:15:03.870+0000] {dagbag.py:588} INFO - Filling up the DagBag from /opt/airflow/dags/wordcount_dag.py
[2025-05-02T02:15:04.006+0000] {processor.py:925} INFO - DAG(s) 'news_dag' retrieved from /opt/airflow/dags/wordcount_dag.py
[2025-05-02T02:15:04.014+0000] {logging_mixin.py:190} INFO - [2025-05-02T02:15:04.014+0000] {dag.py:3239} INFO - Sync 1 DAGs
[2025-05-02T02:15:04.018+0000] {logging_mixin.py:190} INFO - [2025-05-02T02:15:04.018+0000] {dag.py:4180} INFO - Setting next_dagrun for news_dag to None, run_after=None
[2025-05-02T02:15:04.024+0000] {processor.py:208} INFO - Processing /opt/airflow/dags/wordcount_dag.py took 0.160 seconds
[2025-05-02T02:15:34.342+0000] {processor.py:186} INFO - Started process (PID=110) to work on /opt/airflow/dags/wordcount_dag.py
[2025-05-02T02:15:34.342+0000] {processor.py:914} INFO - Processing file /opt/airflow/dags/wordcount_dag.py for tasks to queue
[2025-05-02T02:15:34.343+0000] {logging_mixin.py:190} INFO - [2025-05-02T02:15:34.343+0000] {dagbag.py:588} INFO - Filling up the DagBag from /opt/airflow/dags/wordcount_dag.py
[2025-05-02T02:15:34.478+0000] {processor.py:925} INFO - DAG(s) 'news_dag' retrieved from /opt/airflow/dags/wordcount_dag.py
[2025-05-02T02:15:34.486+0000] {logging_mixin.py:190} INFO - [2025-05-02T02:15:34.486+0000] {dag.py:3239} INFO - Sync 1 DAGs
[2025-05-02T02:15:34.491+0000] {logging_mixin.py:190} INFO - [2025-05-02T02:15:34.491+0000] {dag.py:4180} INFO - Setting next_dagrun for news_dag to None, run_after=None
[2025-05-02T02:15:34.497+0000] {processor.py:208} INFO - Processing /opt/airflow/dags/wordcount_dag.py took 0.159 seconds
[2025-05-02T02:16:04.913+0000] {processor.py:186} INFO - Started process (PID=113) to work on /opt/airflow/dags/wordcount_dag.py
[2025-05-02T02:16:04.914+0000] {processor.py:914} INFO - Processing file /opt/airflow/dags/wordcount_dag.py for tasks to queue
[2025-05-02T02:16:04.915+0000] {logging_mixin.py:190} INFO - [2025-05-02T02:16:04.914+0000] {dagbag.py:588} INFO - Filling up the DagBag from /opt/airflow/dags/wordcount_dag.py
[2025-05-02T02:16:05.053+0000] {processor.py:925} INFO - DAG(s) 'news_dag' retrieved from /opt/airflow/dags/wordcount_dag.py
[2025-05-02T02:16:05.060+0000] {logging_mixin.py:190} INFO - [2025-05-02T02:16:05.060+0000] {dag.py:3239} INFO - Sync 1 DAGs
[2025-05-02T02:16:05.065+0000] {logging_mixin.py:190} INFO - [2025-05-02T02:16:05.065+0000] {dag.py:4180} INFO - Setting next_dagrun for news_dag to None, run_after=None
[2025-05-02T02:16:05.071+0000] {processor.py:208} INFO - Processing /opt/airflow/dags/wordcount_dag.py took 0.162 seconds
[2025-05-02T02:16:35.440+0000] {processor.py:186} INFO - Started process (PID=116) to work on /opt/airflow/dags/wordcount_dag.py
[2025-05-02T02:16:35.441+0000] {processor.py:914} INFO - Processing file /opt/airflow/dags/wordcount_dag.py for tasks to queue
[2025-05-02T02:16:35.441+0000] {logging_mixin.py:190} INFO - [2025-05-02T02:16:35.441+0000] {dagbag.py:588} INFO - Filling up the DagBag from /opt/airflow/dags/wordcount_dag.py
[2025-05-02T02:16:35.576+0000] {processor.py:925} INFO - DAG(s) 'news_dag' retrieved from /opt/airflow/dags/wordcount_dag.py
[2025-05-02T02:16:35.585+0000] {logging_mixin.py:190} INFO - [2025-05-02T02:16:35.584+0000] {dag.py:3239} INFO - Sync 1 DAGs
[2025-05-02T02:16:35.589+0000] {logging_mixin.py:190} INFO - [2025-05-02T02:16:35.589+0000] {dag.py:4180} INFO - Setting next_dagrun for news_dag to None, run_after=None
[2025-05-02T02:16:35.597+0000] {processor.py:208} INFO - Processing /opt/airflow/dags/wordcount_dag.py took 0.159 seconds
[2025-05-02T02:17:05.930+0000] {processor.py:186} INFO - Started process (PID=119) to work on /opt/airflow/dags/wordcount_dag.py
[2025-05-02T02:17:05.931+0000] {processor.py:914} INFO - Processing file /opt/airflow/dags/wordcount_dag.py for tasks to queue
[2025-05-02T02:17:05.932+0000] {logging_mixin.py:190} INFO - [2025-05-02T02:17:05.932+0000] {dagbag.py:588} INFO - Filling up the DagBag from /opt/airflow/dags/wordcount_dag.py
[2025-05-02T02:17:06.075+0000] {processor.py:925} INFO - DAG(s) 'news_dag' retrieved from /opt/airflow/dags/wordcount_dag.py
[2025-05-02T02:17:06.083+0000] {logging_mixin.py:190} INFO - [2025-05-02T02:17:06.083+0000] {dag.py:3239} INFO - Sync 1 DAGs
[2025-05-02T02:17:06.087+0000] {logging_mixin.py:190} INFO - [2025-05-02T02:17:06.087+0000] {dag.py:4180} INFO - Setting next_dagrun for news_dag to None, run_after=None
[2025-05-02T02:17:06.094+0000] {processor.py:208} INFO - Processing /opt/airflow/dags/wordcount_dag.py took 0.172 seconds
[2025-05-02T02:17:36.387+0000] {processor.py:186} INFO - Started process (PID=122) to work on /opt/airflow/dags/wordcount_dag.py
[2025-05-02T02:17:36.388+0000] {processor.py:914} INFO - Processing file /opt/airflow/dags/wordcount_dag.py for tasks to queue
[2025-05-02T02:17:36.388+0000] {logging_mixin.py:190} INFO - [2025-05-02T02:17:36.388+0000] {dagbag.py:588} INFO - Filling up the DagBag from /opt/airflow/dags/wordcount_dag.py
[2025-05-02T02:17:36.557+0000] {processor.py:925} INFO - DAG(s) 'news_dag' retrieved from /opt/airflow/dags/wordcount_dag.py
[2025-05-02T02:17:36.567+0000] {logging_mixin.py:190} INFO - [2025-05-02T02:17:36.567+0000] {dag.py:3239} INFO - Sync 1 DAGs
[2025-05-02T02:17:36.572+0000] {logging_mixin.py:190} INFO - [2025-05-02T02:17:36.572+0000] {dag.py:4180} INFO - Setting next_dagrun for news_dag to None, run_after=None
[2025-05-02T02:17:36.579+0000] {processor.py:208} INFO - Processing /opt/airflow/dags/wordcount_dag.py took 0.195 seconds
[2025-05-02T02:18:06.801+0000] {processor.py:186} INFO - Started process (PID=125) to work on /opt/airflow/dags/wordcount_dag.py
[2025-05-02T02:18:06.801+0000] {processor.py:914} INFO - Processing file /opt/airflow/dags/wordcount_dag.py for tasks to queue
[2025-05-02T02:18:06.802+0000] {logging_mixin.py:190} INFO - [2025-05-02T02:18:06.802+0000] {dagbag.py:588} INFO - Filling up the DagBag from /opt/airflow/dags/wordcount_dag.py
[2025-05-02T02:18:06.935+0000] {processor.py:925} INFO - DAG(s) 'news_dag' retrieved from /opt/airflow/dags/wordcount_dag.py
[2025-05-02T02:18:06.943+0000] {logging_mixin.py:190} INFO - [2025-05-02T02:18:06.943+0000] {dag.py:3239} INFO - Sync 1 DAGs
[2025-05-02T02:18:06.948+0000] {logging_mixin.py:190} INFO - [2025-05-02T02:18:06.948+0000] {dag.py:4180} INFO - Setting next_dagrun for news_dag to None, run_after=None
[2025-05-02T02:18:06.954+0000] {processor.py:208} INFO - Processing /opt/airflow/dags/wordcount_dag.py took 0.156 seconds
[2025-05-02T02:18:37.289+0000] {processor.py:186} INFO - Started process (PID=129) to work on /opt/airflow/dags/wordcount_dag.py
[2025-05-02T02:18:37.289+0000] {processor.py:914} INFO - Processing file /opt/airflow/dags/wordcount_dag.py for tasks to queue
[2025-05-02T02:18:37.289+0000] {logging_mixin.py:190} INFO - [2025-05-02T02:18:37.289+0000] {dagbag.py:588} INFO - Filling up the DagBag from /opt/airflow/dags/wordcount_dag.py
[2025-05-02T02:18:37.444+0000] {processor.py:925} INFO - DAG(s) 'news_dag' retrieved from /opt/airflow/dags/wordcount_dag.py
[2025-05-02T02:18:37.454+0000] {logging_mixin.py:190} INFO - [2025-05-02T02:18:37.454+0000] {dag.py:3239} INFO - Sync 1 DAGs
[2025-05-02T02:18:37.459+0000] {logging_mixin.py:190} INFO - [2025-05-02T02:18:37.459+0000] {dag.py:4180} INFO - Setting next_dagrun for news_dag to None, run_after=None
[2025-05-02T02:18:37.465+0000] {processor.py:208} INFO - Processing /opt/airflow/dags/wordcount_dag.py took 0.180 seconds
[2025-05-02T02:19:07.808+0000] {processor.py:186} INFO - Started process (PID=132) to work on /opt/airflow/dags/wordcount_dag.py
[2025-05-02T02:19:07.809+0000] {processor.py:914} INFO - Processing file /opt/airflow/dags/wordcount_dag.py for tasks to queue
[2025-05-02T02:19:07.809+0000] {logging_mixin.py:190} INFO - [2025-05-02T02:19:07.809+0000] {dagbag.py:588} INFO - Filling up the DagBag from /opt/airflow/dags/wordcount_dag.py
[2025-05-02T02:19:07.959+0000] {processor.py:925} INFO - DAG(s) 'news_dag' retrieved from /opt/airflow/dags/wordcount_dag.py
[2025-05-02T02:19:07.966+0000] {logging_mixin.py:190} INFO - [2025-05-02T02:19:07.966+0000] {dag.py:3239} INFO - Sync 1 DAGs
[2025-05-02T02:19:07.971+0000] {logging_mixin.py:190} INFO - [2025-05-02T02:19:07.971+0000] {dag.py:4180} INFO - Setting next_dagrun for news_dag to None, run_after=None
[2025-05-02T02:19:07.977+0000] {processor.py:208} INFO - Processing /opt/airflow/dags/wordcount_dag.py took 0.172 seconds
[2025-05-02T02:19:38.204+0000] {processor.py:186} INFO - Started process (PID=135) to work on /opt/airflow/dags/wordcount_dag.py
[2025-05-02T02:19:38.205+0000] {processor.py:914} INFO - Processing file /opt/airflow/dags/wordcount_dag.py for tasks to queue
[2025-05-02T02:19:38.205+0000] {logging_mixin.py:190} INFO - [2025-05-02T02:19:38.205+0000] {dagbag.py:588} INFO - Filling up the DagBag from /opt/airflow/dags/wordcount_dag.py
[2025-05-02T02:19:38.327+0000] {processor.py:925} INFO - DAG(s) 'news_dag' retrieved from /opt/airflow/dags/wordcount_dag.py
[2025-05-02T02:19:38.334+0000] {logging_mixin.py:190} INFO - [2025-05-02T02:19:38.334+0000] {dag.py:3239} INFO - Sync 1 DAGs
[2025-05-02T02:19:38.338+0000] {logging_mixin.py:190} INFO - [2025-05-02T02:19:38.338+0000] {dag.py:4180} INFO - Setting next_dagrun for news_dag to None, run_after=None
[2025-05-02T02:19:38.345+0000] {processor.py:208} INFO - Processing /opt/airflow/dags/wordcount_dag.py took 0.144 seconds
[2025-05-02T02:20:08.485+0000] {processor.py:186} INFO - Started process (PID=142) to work on /opt/airflow/dags/wordcount_dag.py
[2025-05-02T02:20:08.485+0000] {processor.py:914} INFO - Processing file /opt/airflow/dags/wordcount_dag.py for tasks to queue
[2025-05-02T02:20:08.486+0000] {logging_mixin.py:190} INFO - [2025-05-02T02:20:08.486+0000] {dagbag.py:588} INFO - Filling up the DagBag from /opt/airflow/dags/wordcount_dag.py
[2025-05-02T02:20:08.606+0000] {processor.py:925} INFO - DAG(s) 'news_dag' retrieved from /opt/airflow/dags/wordcount_dag.py
[2025-05-02T02:20:08.613+0000] {logging_mixin.py:190} INFO - [2025-05-02T02:20:08.613+0000] {dag.py:3239} INFO - Sync 1 DAGs
[2025-05-02T02:20:08.617+0000] {logging_mixin.py:190} INFO - [2025-05-02T02:20:08.617+0000] {dag.py:4180} INFO - Setting next_dagrun for news_dag to None, run_after=None
[2025-05-02T02:20:08.623+0000] {processor.py:208} INFO - Processing /opt/airflow/dags/wordcount_dag.py took 0.141 seconds
[2025-05-02T02:20:38.734+0000] {processor.py:186} INFO - Started process (PID=145) to work on /opt/airflow/dags/wordcount_dag.py
[2025-05-02T02:20:38.734+0000] {processor.py:914} INFO - Processing file /opt/airflow/dags/wordcount_dag.py for tasks to queue
[2025-05-02T02:20:38.735+0000] {logging_mixin.py:190} INFO - [2025-05-02T02:20:38.735+0000] {dagbag.py:588} INFO - Filling up the DagBag from /opt/airflow/dags/wordcount_dag.py
[2025-05-02T02:20:38.868+0000] {processor.py:925} INFO - DAG(s) 'news_dag' retrieved from /opt/airflow/dags/wordcount_dag.py
[2025-05-02T02:20:38.876+0000] {logging_mixin.py:190} INFO - [2025-05-02T02:20:38.876+0000] {dag.py:3239} INFO - Sync 1 DAGs
[2025-05-02T02:20:38.880+0000] {logging_mixin.py:190} INFO - [2025-05-02T02:20:38.880+0000] {dag.py:4180} INFO - Setting next_dagrun for news_dag to None, run_after=None
[2025-05-02T02:20:38.887+0000] {processor.py:208} INFO - Processing /opt/airflow/dags/wordcount_dag.py took 0.156 seconds
[2025-05-02T02:21:09.006+0000] {processor.py:186} INFO - Started process (PID=148) to work on /opt/airflow/dags/wordcount_dag.py
[2025-05-02T02:21:09.007+0000] {processor.py:914} INFO - Processing file /opt/airflow/dags/wordcount_dag.py for tasks to queue
[2025-05-02T02:21:09.007+0000] {logging_mixin.py:190} INFO - [2025-05-02T02:21:09.007+0000] {dagbag.py:588} INFO - Filling up the DagBag from /opt/airflow/dags/wordcount_dag.py
[2025-05-02T02:21:09.160+0000] {processor.py:925} INFO - DAG(s) 'news_dag' retrieved from /opt/airflow/dags/wordcount_dag.py
[2025-05-02T02:21:09.167+0000] {logging_mixin.py:190} INFO - [2025-05-02T02:21:09.167+0000] {dag.py:3239} INFO - Sync 1 DAGs
[2025-05-02T02:21:09.171+0000] {logging_mixin.py:190} INFO - [2025-05-02T02:21:09.171+0000] {dag.py:4180} INFO - Setting next_dagrun for news_dag to None, run_after=None
[2025-05-02T02:21:09.177+0000] {processor.py:208} INFO - Processing /opt/airflow/dags/wordcount_dag.py took 0.173 seconds
[2025-05-02T02:21:39.392+0000] {processor.py:186} INFO - Started process (PID=151) to work on /opt/airflow/dags/wordcount_dag.py
[2025-05-02T02:21:39.393+0000] {processor.py:914} INFO - Processing file /opt/airflow/dags/wordcount_dag.py for tasks to queue
[2025-05-02T02:21:39.394+0000] {logging_mixin.py:190} INFO - [2025-05-02T02:21:39.394+0000] {dagbag.py:588} INFO - Filling up the DagBag from /opt/airflow/dags/wordcount_dag.py
[2025-05-02T02:21:39.527+0000] {processor.py:925} INFO - DAG(s) 'news_dag' retrieved from /opt/airflow/dags/wordcount_dag.py
[2025-05-02T02:21:39.534+0000] {logging_mixin.py:190} INFO - [2025-05-02T02:21:39.534+0000] {dag.py:3239} INFO - Sync 1 DAGs
[2025-05-02T02:21:39.538+0000] {logging_mixin.py:190} INFO - [2025-05-02T02:21:39.538+0000] {dag.py:4180} INFO - Setting next_dagrun for news_dag to None, run_after=None
[2025-05-02T02:21:39.543+0000] {processor.py:208} INFO - Processing /opt/airflow/dags/wordcount_dag.py took 0.157 seconds
[2025-05-02T02:22:34.231+0000] {processor.py:186} INFO - Started process (PID=36) to work on /opt/airflow/dags/wordcount_dag.py
[2025-05-02T02:22:34.232+0000] {processor.py:914} INFO - Processing file /opt/airflow/dags/wordcount_dag.py for tasks to queue
[2025-05-02T02:22:34.233+0000] {logging_mixin.py:190} INFO - [2025-05-02T02:22:34.233+0000] {dagbag.py:588} INFO - Filling up the DagBag from /opt/airflow/dags/wordcount_dag.py
[2025-05-02T02:22:34.440+0000] {processor.py:925} INFO - DAG(s) 'news_dag' retrieved from /opt/airflow/dags/wordcount_dag.py
[2025-05-02T02:22:34.453+0000] {logging_mixin.py:190} INFO - [2025-05-02T02:22:34.452+0000] {dag.py:3239} INFO - Sync 1 DAGs
[2025-05-02T02:22:34.458+0000] {logging_mixin.py:190} INFO - [2025-05-02T02:22:34.457+0000] {dag.py:4180} INFO - Setting next_dagrun for news_dag to None, run_after=None
[2025-05-02T02:22:34.470+0000] {processor.py:208} INFO - Processing /opt/airflow/dags/wordcount_dag.py took 0.241 seconds
[2025-05-02T02:23:04.711+0000] {processor.py:186} INFO - Started process (PID=39) to work on /opt/airflow/dags/wordcount_dag.py
[2025-05-02T02:23:04.712+0000] {processor.py:914} INFO - Processing file /opt/airflow/dags/wordcount_dag.py for tasks to queue
[2025-05-02T02:23:04.713+0000] {logging_mixin.py:190} INFO - [2025-05-02T02:23:04.713+0000] {dagbag.py:588} INFO - Filling up the DagBag from /opt/airflow/dags/wordcount_dag.py
[2025-05-02T02:23:04.898+0000] {processor.py:925} INFO - DAG(s) 'news_dag' retrieved from /opt/airflow/dags/wordcount_dag.py
[2025-05-02T02:23:04.907+0000] {logging_mixin.py:190} INFO - [2025-05-02T02:23:04.907+0000] {dag.py:3239} INFO - Sync 1 DAGs
[2025-05-02T02:23:04.912+0000] {logging_mixin.py:190} INFO - [2025-05-02T02:23:04.912+0000] {dag.py:4180} INFO - Setting next_dagrun for news_dag to None, run_after=None
[2025-05-02T02:23:04.922+0000] {processor.py:208} INFO - Processing /opt/airflow/dags/wordcount_dag.py took 0.215 seconds
[2025-05-02T02:23:35.236+0000] {processor.py:186} INFO - Started process (PID=42) to work on /opt/airflow/dags/wordcount_dag.py
[2025-05-02T02:23:35.237+0000] {processor.py:914} INFO - Processing file /opt/airflow/dags/wordcount_dag.py for tasks to queue
[2025-05-02T02:23:35.237+0000] {logging_mixin.py:190} INFO - [2025-05-02T02:23:35.237+0000] {dagbag.py:588} INFO - Filling up the DagBag from /opt/airflow/dags/wordcount_dag.py
[2025-05-02T02:23:35.378+0000] {processor.py:925} INFO - DAG(s) 'news_dag' retrieved from /opt/airflow/dags/wordcount_dag.py
[2025-05-02T02:23:35.386+0000] {logging_mixin.py:190} INFO - [2025-05-02T02:23:35.386+0000] {dag.py:3239} INFO - Sync 1 DAGs
[2025-05-02T02:23:35.390+0000] {logging_mixin.py:190} INFO - [2025-05-02T02:23:35.390+0000] {dag.py:4180} INFO - Setting next_dagrun for news_dag to None, run_after=None
[2025-05-02T02:23:35.396+0000] {processor.py:208} INFO - Processing /opt/airflow/dags/wordcount_dag.py took 0.163 seconds
[2025-05-02T02:24:05.692+0000] {processor.py:186} INFO - Started process (PID=45) to work on /opt/airflow/dags/wordcount_dag.py
[2025-05-02T02:24:05.692+0000] {processor.py:914} INFO - Processing file /opt/airflow/dags/wordcount_dag.py for tasks to queue
[2025-05-02T02:24:05.693+0000] {logging_mixin.py:190} INFO - [2025-05-02T02:24:05.693+0000] {dagbag.py:588} INFO - Filling up the DagBag from /opt/airflow/dags/wordcount_dag.py
[2025-05-02T02:24:05.831+0000] {processor.py:925} INFO - DAG(s) 'news_dag' retrieved from /opt/airflow/dags/wordcount_dag.py
[2025-05-02T02:24:05.839+0000] {logging_mixin.py:190} INFO - [2025-05-02T02:24:05.839+0000] {dag.py:3239} INFO - Sync 1 DAGs
[2025-05-02T02:24:05.843+0000] {logging_mixin.py:190} INFO - [2025-05-02T02:24:05.843+0000] {dag.py:4180} INFO - Setting next_dagrun for news_dag to None, run_after=None
[2025-05-02T02:24:05.848+0000] {processor.py:208} INFO - Processing /opt/airflow/dags/wordcount_dag.py took 0.159 seconds
[2025-05-02T02:24:36.060+0000] {processor.py:186} INFO - Started process (PID=48) to work on /opt/airflow/dags/wordcount_dag.py
[2025-05-02T02:24:36.060+0000] {processor.py:914} INFO - Processing file /opt/airflow/dags/wordcount_dag.py for tasks to queue
[2025-05-02T02:24:36.061+0000] {logging_mixin.py:190} INFO - [2025-05-02T02:24:36.061+0000] {dagbag.py:588} INFO - Filling up the DagBag from /opt/airflow/dags/wordcount_dag.py
[2025-05-02T02:24:36.200+0000] {processor.py:925} INFO - DAG(s) 'news_dag' retrieved from /opt/airflow/dags/wordcount_dag.py
[2025-05-02T02:24:36.207+0000] {logging_mixin.py:190} INFO - [2025-05-02T02:24:36.207+0000] {dag.py:3239} INFO - Sync 1 DAGs
[2025-05-02T02:24:36.212+0000] {logging_mixin.py:190} INFO - [2025-05-02T02:24:36.212+0000] {dag.py:4180} INFO - Setting next_dagrun for news_dag to None, run_after=None
[2025-05-02T02:24:36.217+0000] {processor.py:208} INFO - Processing /opt/airflow/dags/wordcount_dag.py took 0.161 seconds
[2025-05-02T02:25:06.522+0000] {processor.py:186} INFO - Started process (PID=51) to work on /opt/airflow/dags/wordcount_dag.py
[2025-05-02T02:25:06.523+0000] {processor.py:914} INFO - Processing file /opt/airflow/dags/wordcount_dag.py for tasks to queue
[2025-05-02T02:25:06.524+0000] {logging_mixin.py:190} INFO - [2025-05-02T02:25:06.523+0000] {dagbag.py:588} INFO - Filling up the DagBag from /opt/airflow/dags/wordcount_dag.py
[2025-05-02T02:25:06.659+0000] {processor.py:925} INFO - DAG(s) 'news_dag' retrieved from /opt/airflow/dags/wordcount_dag.py
[2025-05-02T02:25:06.668+0000] {logging_mixin.py:190} INFO - [2025-05-02T02:25:06.667+0000] {dag.py:3239} INFO - Sync 1 DAGs
[2025-05-02T02:25:06.672+0000] {logging_mixin.py:190} INFO - [2025-05-02T02:25:06.672+0000] {dag.py:4180} INFO - Setting next_dagrun for news_dag to None, run_after=None
[2025-05-02T02:25:06.678+0000] {processor.py:208} INFO - Processing /opt/airflow/dags/wordcount_dag.py took 0.159 seconds
[2025-05-02T02:25:37.068+0000] {processor.py:186} INFO - Started process (PID=54) to work on /opt/airflow/dags/wordcount_dag.py
[2025-05-02T02:25:37.068+0000] {processor.py:914} INFO - Processing file /opt/airflow/dags/wordcount_dag.py for tasks to queue
[2025-05-02T02:25:37.069+0000] {logging_mixin.py:190} INFO - [2025-05-02T02:25:37.069+0000] {dagbag.py:588} INFO - Filling up the DagBag from /opt/airflow/dags/wordcount_dag.py
[2025-05-02T02:25:37.203+0000] {processor.py:925} INFO - DAG(s) 'news_dag' retrieved from /opt/airflow/dags/wordcount_dag.py
[2025-05-02T02:25:37.210+0000] {logging_mixin.py:190} INFO - [2025-05-02T02:25:37.210+0000] {dag.py:3239} INFO - Sync 1 DAGs
[2025-05-02T02:25:37.215+0000] {logging_mixin.py:190} INFO - [2025-05-02T02:25:37.215+0000] {dag.py:4180} INFO - Setting next_dagrun for news_dag to None, run_after=None
[2025-05-02T02:25:37.221+0000] {processor.py:208} INFO - Processing /opt/airflow/dags/wordcount_dag.py took 0.156 seconds
[2025-05-02T02:26:07.569+0000] {processor.py:186} INFO - Started process (PID=57) to work on /opt/airflow/dags/wordcount_dag.py
[2025-05-02T02:26:07.570+0000] {processor.py:914} INFO - Processing file /opt/airflow/dags/wordcount_dag.py for tasks to queue
[2025-05-02T02:26:07.571+0000] {logging_mixin.py:190} INFO - [2025-05-02T02:26:07.570+0000] {dagbag.py:588} INFO - Filling up the DagBag from /opt/airflow/dags/wordcount_dag.py
[2025-05-02T02:26:07.706+0000] {processor.py:925} INFO - DAG(s) 'news_dag' retrieved from /opt/airflow/dags/wordcount_dag.py
[2025-05-02T02:26:07.714+0000] {logging_mixin.py:190} INFO - [2025-05-02T02:26:07.713+0000] {dag.py:3239} INFO - Sync 1 DAGs
[2025-05-02T02:26:07.718+0000] {logging_mixin.py:190} INFO - [2025-05-02T02:26:07.718+0000] {dag.py:4180} INFO - Setting next_dagrun for news_dag to None, run_after=None
[2025-05-02T02:26:07.724+0000] {processor.py:208} INFO - Processing /opt/airflow/dags/wordcount_dag.py took 0.157 seconds
[2025-05-02T02:26:38.063+0000] {processor.py:186} INFO - Started process (PID=60) to work on /opt/airflow/dags/wordcount_dag.py
[2025-05-02T02:26:38.063+0000] {processor.py:914} INFO - Processing file /opt/airflow/dags/wordcount_dag.py for tasks to queue
[2025-05-02T02:26:38.064+0000] {logging_mixin.py:190} INFO - [2025-05-02T02:26:38.064+0000] {dagbag.py:588} INFO - Filling up the DagBag from /opt/airflow/dags/wordcount_dag.py
[2025-05-02T02:26:38.197+0000] {processor.py:925} INFO - DAG(s) 'news_dag' retrieved from /opt/airflow/dags/wordcount_dag.py
[2025-05-02T02:26:38.205+0000] {logging_mixin.py:190} INFO - [2025-05-02T02:26:38.204+0000] {dag.py:3239} INFO - Sync 1 DAGs
[2025-05-02T02:26:38.209+0000] {logging_mixin.py:190} INFO - [2025-05-02T02:26:38.208+0000] {dag.py:4180} INFO - Setting next_dagrun for news_dag to None, run_after=None
[2025-05-02T02:26:38.214+0000] {processor.py:208} INFO - Processing /opt/airflow/dags/wordcount_dag.py took 0.154 seconds
[2025-05-02T02:27:08.615+0000] {processor.py:186} INFO - Started process (PID=63) to work on /opt/airflow/dags/wordcount_dag.py
[2025-05-02T02:27:08.616+0000] {processor.py:914} INFO - Processing file /opt/airflow/dags/wordcount_dag.py for tasks to queue
[2025-05-02T02:27:08.617+0000] {logging_mixin.py:190} INFO - [2025-05-02T02:27:08.617+0000] {dagbag.py:588} INFO - Filling up the DagBag from /opt/airflow/dags/wordcount_dag.py
[2025-05-02T02:27:08.749+0000] {processor.py:925} INFO - DAG(s) 'news_dag' retrieved from /opt/airflow/dags/wordcount_dag.py
[2025-05-02T02:27:08.757+0000] {logging_mixin.py:190} INFO - [2025-05-02T02:27:08.756+0000] {dag.py:3239} INFO - Sync 1 DAGs
[2025-05-02T02:27:08.761+0000] {logging_mixin.py:190} INFO - [2025-05-02T02:27:08.761+0000] {dag.py:4180} INFO - Setting next_dagrun for news_dag to None, run_after=None
[2025-05-02T02:27:08.766+0000] {processor.py:208} INFO - Processing /opt/airflow/dags/wordcount_dag.py took 0.155 seconds
[2025-05-02T02:27:39.037+0000] {processor.py:186} INFO - Started process (PID=66) to work on /opt/airflow/dags/wordcount_dag.py
[2025-05-02T02:27:39.037+0000] {processor.py:914} INFO - Processing file /opt/airflow/dags/wordcount_dag.py for tasks to queue
[2025-05-02T02:27:39.038+0000] {logging_mixin.py:190} INFO - [2025-05-02T02:27:39.038+0000] {dagbag.py:588} INFO - Filling up the DagBag from /opt/airflow/dags/wordcount_dag.py
[2025-05-02T02:27:39.207+0000] {processor.py:925} INFO - DAG(s) 'news_dag' retrieved from /opt/airflow/dags/wordcount_dag.py
[2025-05-02T02:27:39.218+0000] {logging_mixin.py:190} INFO - [2025-05-02T02:27:39.218+0000] {dag.py:3239} INFO - Sync 1 DAGs
[2025-05-02T02:27:39.223+0000] {logging_mixin.py:190} INFO - [2025-05-02T02:27:39.223+0000] {dag.py:4180} INFO - Setting next_dagrun for news_dag to None, run_after=None
[2025-05-02T02:27:39.232+0000] {processor.py:208} INFO - Processing /opt/airflow/dags/wordcount_dag.py took 0.198 seconds
[2025-05-02T02:28:09.463+0000] {processor.py:186} INFO - Started process (PID=73) to work on /opt/airflow/dags/wordcount_dag.py
[2025-05-02T02:28:09.464+0000] {processor.py:914} INFO - Processing file /opt/airflow/dags/wordcount_dag.py for tasks to queue
[2025-05-02T02:28:09.464+0000] {logging_mixin.py:190} INFO - [2025-05-02T02:28:09.464+0000] {dagbag.py:588} INFO - Filling up the DagBag from /opt/airflow/dags/wordcount_dag.py
[2025-05-02T02:28:09.621+0000] {processor.py:925} INFO - DAG(s) 'news_dag' retrieved from /opt/airflow/dags/wordcount_dag.py
[2025-05-02T02:28:09.632+0000] {logging_mixin.py:190} INFO - [2025-05-02T02:28:09.631+0000] {dag.py:3239} INFO - Sync 1 DAGs
[2025-05-02T02:28:09.637+0000] {logging_mixin.py:190} INFO - [2025-05-02T02:28:09.637+0000] {dag.py:4180} INFO - Setting next_dagrun for news_dag to None, run_after=None
[2025-05-02T02:28:09.647+0000] {processor.py:208} INFO - Processing /opt/airflow/dags/wordcount_dag.py took 0.187 seconds
[2025-05-02T02:28:39.912+0000] {processor.py:186} INFO - Started process (PID=76) to work on /opt/airflow/dags/wordcount_dag.py
[2025-05-02T02:28:39.913+0000] {processor.py:914} INFO - Processing file /opt/airflow/dags/wordcount_dag.py for tasks to queue
[2025-05-02T02:28:39.913+0000] {logging_mixin.py:190} INFO - [2025-05-02T02:28:39.913+0000] {dagbag.py:588} INFO - Filling up the DagBag from /opt/airflow/dags/wordcount_dag.py
[2025-05-02T02:28:40.070+0000] {processor.py:925} INFO - DAG(s) 'news_dag' retrieved from /opt/airflow/dags/wordcount_dag.py
[2025-05-02T02:28:40.082+0000] {logging_mixin.py:190} INFO - [2025-05-02T02:28:40.082+0000] {dag.py:3239} INFO - Sync 1 DAGs
[2025-05-02T02:28:40.088+0000] {logging_mixin.py:190} INFO - [2025-05-02T02:28:40.088+0000] {dag.py:4180} INFO - Setting next_dagrun for news_dag to None, run_after=None
[2025-05-02T02:28:40.096+0000] {processor.py:208} INFO - Processing /opt/airflow/dags/wordcount_dag.py took 0.187 seconds
[2025-05-02T02:29:10.328+0000] {processor.py:186} INFO - Started process (PID=79) to work on /opt/airflow/dags/wordcount_dag.py
[2025-05-02T02:29:10.329+0000] {processor.py:914} INFO - Processing file /opt/airflow/dags/wordcount_dag.py for tasks to queue
[2025-05-02T02:29:10.329+0000] {logging_mixin.py:190} INFO - [2025-05-02T02:29:10.329+0000] {dagbag.py:588} INFO - Filling up the DagBag from /opt/airflow/dags/wordcount_dag.py
[2025-05-02T02:29:10.498+0000] {processor.py:925} INFO - DAG(s) 'news_dag' retrieved from /opt/airflow/dags/wordcount_dag.py
[2025-05-02T02:29:10.508+0000] {logging_mixin.py:190} INFO - [2025-05-02T02:29:10.508+0000] {dag.py:3239} INFO - Sync 1 DAGs
[2025-05-02T02:29:10.515+0000] {logging_mixin.py:190} INFO - [2025-05-02T02:29:10.514+0000] {dag.py:4180} INFO - Setting next_dagrun for news_dag to None, run_after=None
[2025-05-02T02:29:10.522+0000] {processor.py:208} INFO - Processing /opt/airflow/dags/wordcount_dag.py took 0.198 seconds
[2025-05-02T02:29:40.708+0000] {processor.py:186} INFO - Started process (PID=86) to work on /opt/airflow/dags/wordcount_dag.py
[2025-05-02T02:29:40.709+0000] {processor.py:914} INFO - Processing file /opt/airflow/dags/wordcount_dag.py for tasks to queue
[2025-05-02T02:29:40.710+0000] {logging_mixin.py:190} INFO - [2025-05-02T02:29:40.710+0000] {dagbag.py:588} INFO - Filling up the DagBag from /opt/airflow/dags/wordcount_dag.py
[2025-05-02T02:29:40.866+0000] {processor.py:925} INFO - DAG(s) 'news_dag' retrieved from /opt/airflow/dags/wordcount_dag.py
[2025-05-02T02:29:40.877+0000] {logging_mixin.py:190} INFO - [2025-05-02T02:29:40.877+0000] {dag.py:3239} INFO - Sync 1 DAGs
[2025-05-02T02:29:40.883+0000] {logging_mixin.py:190} INFO - [2025-05-02T02:29:40.883+0000] {dag.py:4180} INFO - Setting next_dagrun for news_dag to None, run_after=None
[2025-05-02T02:29:40.892+0000] {processor.py:208} INFO - Processing /opt/airflow/dags/wordcount_dag.py took 0.187 seconds
[2025-05-02T02:30:11.079+0000] {processor.py:186} INFO - Started process (PID=89) to work on /opt/airflow/dags/wordcount_dag.py
[2025-05-02T02:30:11.079+0000] {processor.py:914} INFO - Processing file /opt/airflow/dags/wordcount_dag.py for tasks to queue
[2025-05-02T02:30:11.080+0000] {logging_mixin.py:190} INFO - [2025-05-02T02:30:11.080+0000] {dagbag.py:588} INFO - Filling up the DagBag from /opt/airflow/dags/wordcount_dag.py
[2025-05-02T02:30:11.232+0000] {processor.py:925} INFO - DAG(s) 'news_dag' retrieved from /opt/airflow/dags/wordcount_dag.py
[2025-05-02T02:30:11.241+0000] {logging_mixin.py:190} INFO - [2025-05-02T02:30:11.241+0000] {dag.py:3239} INFO - Sync 1 DAGs
[2025-05-02T02:30:11.246+0000] {logging_mixin.py:190} INFO - [2025-05-02T02:30:11.246+0000] {dag.py:4180} INFO - Setting next_dagrun for news_dag to None, run_after=None
[2025-05-02T02:30:11.253+0000] {processor.py:208} INFO - Processing /opt/airflow/dags/wordcount_dag.py took 0.177 seconds
[2025-05-02T02:30:41.427+0000] {processor.py:186} INFO - Started process (PID=92) to work on /opt/airflow/dags/wordcount_dag.py
[2025-05-02T02:30:41.428+0000] {processor.py:914} INFO - Processing file /opt/airflow/dags/wordcount_dag.py for tasks to queue
[2025-05-02T02:30:41.428+0000] {logging_mixin.py:190} INFO - [2025-05-02T02:30:41.428+0000] {dagbag.py:588} INFO - Filling up the DagBag from /opt/airflow/dags/wordcount_dag.py
[2025-05-02T02:30:41.577+0000] {processor.py:925} INFO - DAG(s) 'news_dag' retrieved from /opt/airflow/dags/wordcount_dag.py
[2025-05-02T02:30:41.588+0000] {logging_mixin.py:190} INFO - [2025-05-02T02:30:41.587+0000] {dag.py:3239} INFO - Sync 1 DAGs
[2025-05-02T02:30:41.593+0000] {logging_mixin.py:190} INFO - [2025-05-02T02:30:41.593+0000] {dag.py:4180} INFO - Setting next_dagrun for news_dag to None, run_after=None
[2025-05-02T02:30:41.599+0000] {processor.py:208} INFO - Processing /opt/airflow/dags/wordcount_dag.py took 0.176 seconds
[2025-05-02T02:31:11.777+0000] {processor.py:186} INFO - Started process (PID=95) to work on /opt/airflow/dags/wordcount_dag.py
[2025-05-02T02:31:11.777+0000] {processor.py:914} INFO - Processing file /opt/airflow/dags/wordcount_dag.py for tasks to queue
[2025-05-02T02:31:11.777+0000] {logging_mixin.py:190} INFO - [2025-05-02T02:31:11.777+0000] {dagbag.py:588} INFO - Filling up the DagBag from /opt/airflow/dags/wordcount_dag.py
[2025-05-02T02:31:11.924+0000] {processor.py:925} INFO - DAG(s) 'news_dag' retrieved from /opt/airflow/dags/wordcount_dag.py
[2025-05-02T02:31:11.933+0000] {logging_mixin.py:190} INFO - [2025-05-02T02:31:11.933+0000] {dag.py:3239} INFO - Sync 1 DAGs
[2025-05-02T02:31:11.939+0000] {logging_mixin.py:190} INFO - [2025-05-02T02:31:11.939+0000] {dag.py:4180} INFO - Setting next_dagrun for news_dag to None, run_after=None
[2025-05-02T02:31:11.945+0000] {processor.py:208} INFO - Processing /opt/airflow/dags/wordcount_dag.py took 0.172 seconds
[2025-05-02T02:31:42.128+0000] {processor.py:186} INFO - Started process (PID=98) to work on /opt/airflow/dags/wordcount_dag.py
[2025-05-02T02:31:42.128+0000] {processor.py:914} INFO - Processing file /opt/airflow/dags/wordcount_dag.py for tasks to queue
[2025-05-02T02:31:42.129+0000] {logging_mixin.py:190} INFO - [2025-05-02T02:31:42.129+0000] {dagbag.py:588} INFO - Filling up the DagBag from /opt/airflow/dags/wordcount_dag.py
[2025-05-02T02:31:42.293+0000] {processor.py:925} INFO - DAG(s) 'news_dag' retrieved from /opt/airflow/dags/wordcount_dag.py
[2025-05-02T02:31:42.304+0000] {logging_mixin.py:190} INFO - [2025-05-02T02:31:42.303+0000] {dag.py:3239} INFO - Sync 1 DAGs
[2025-05-02T02:31:42.309+0000] {logging_mixin.py:190} INFO - [2025-05-02T02:31:42.309+0000] {dag.py:4180} INFO - Setting next_dagrun for news_dag to None, run_after=None
[2025-05-02T02:31:42.317+0000] {processor.py:208} INFO - Processing /opt/airflow/dags/wordcount_dag.py took 0.193 seconds
[2025-05-02T02:32:12.493+0000] {processor.py:186} INFO - Started process (PID=101) to work on /opt/airflow/dags/wordcount_dag.py
[2025-05-02T02:32:12.494+0000] {processor.py:914} INFO - Processing file /opt/airflow/dags/wordcount_dag.py for tasks to queue
[2025-05-02T02:32:12.494+0000] {logging_mixin.py:190} INFO - [2025-05-02T02:32:12.494+0000] {dagbag.py:588} INFO - Filling up the DagBag from /opt/airflow/dags/wordcount_dag.py
[2025-05-02T02:32:12.648+0000] {processor.py:925} INFO - DAG(s) 'news_dag' retrieved from /opt/airflow/dags/wordcount_dag.py
[2025-05-02T02:32:12.659+0000] {logging_mixin.py:190} INFO - [2025-05-02T02:32:12.658+0000] {dag.py:3239} INFO - Sync 1 DAGs
[2025-05-02T02:32:12.664+0000] {logging_mixin.py:190} INFO - [2025-05-02T02:32:12.664+0000] {dag.py:4180} INFO - Setting next_dagrun for news_dag to None, run_after=None
[2025-05-02T02:32:12.672+0000] {processor.py:208} INFO - Processing /opt/airflow/dags/wordcount_dag.py took 0.182 seconds
[2025-05-02T02:32:42.947+0000] {processor.py:186} INFO - Started process (PID=104) to work on /opt/airflow/dags/wordcount_dag.py
[2025-05-02T02:32:42.948+0000] {processor.py:914} INFO - Processing file /opt/airflow/dags/wordcount_dag.py for tasks to queue
[2025-05-02T02:32:42.948+0000] {logging_mixin.py:190} INFO - [2025-05-02T02:32:42.948+0000] {dagbag.py:588} INFO - Filling up the DagBag from /opt/airflow/dags/wordcount_dag.py
[2025-05-02T02:32:43.088+0000] {processor.py:925} INFO - DAG(s) 'news_dag' retrieved from /opt/airflow/dags/wordcount_dag.py
[2025-05-02T02:32:43.096+0000] {logging_mixin.py:190} INFO - [2025-05-02T02:32:43.096+0000] {dag.py:3239} INFO - Sync 1 DAGs
[2025-05-02T02:32:43.100+0000] {logging_mixin.py:190} INFO - [2025-05-02T02:32:43.100+0000] {dag.py:4180} INFO - Setting next_dagrun for news_dag to None, run_after=None
[2025-05-02T02:32:43.106+0000] {processor.py:208} INFO - Processing /opt/airflow/dags/wordcount_dag.py took 0.162 seconds
[2025-05-02T02:33:13.494+0000] {processor.py:186} INFO - Started process (PID=107) to work on /opt/airflow/dags/wordcount_dag.py
[2025-05-02T02:33:13.495+0000] {processor.py:914} INFO - Processing file /opt/airflow/dags/wordcount_dag.py for tasks to queue
[2025-05-02T02:33:13.496+0000] {logging_mixin.py:190} INFO - [2025-05-02T02:33:13.496+0000] {dagbag.py:588} INFO - Filling up the DagBag from /opt/airflow/dags/wordcount_dag.py
[2025-05-02T02:33:13.637+0000] {processor.py:925} INFO - DAG(s) 'news_dag' retrieved from /opt/airflow/dags/wordcount_dag.py
[2025-05-02T02:33:13.646+0000] {logging_mixin.py:190} INFO - [2025-05-02T02:33:13.646+0000] {dag.py:3239} INFO - Sync 1 DAGs
[2025-05-02T02:33:13.651+0000] {logging_mixin.py:190} INFO - [2025-05-02T02:33:13.651+0000] {dag.py:4180} INFO - Setting next_dagrun for news_dag to None, run_after=None
[2025-05-02T02:33:13.659+0000] {processor.py:208} INFO - Processing /opt/airflow/dags/wordcount_dag.py took 0.167 seconds
[2025-05-02T02:33:44.089+0000] {processor.py:186} INFO - Started process (PID=110) to work on /opt/airflow/dags/wordcount_dag.py
[2025-05-02T02:33:44.089+0000] {processor.py:914} INFO - Processing file /opt/airflow/dags/wordcount_dag.py for tasks to queue
[2025-05-02T02:33:44.090+0000] {logging_mixin.py:190} INFO - [2025-05-02T02:33:44.090+0000] {dagbag.py:588} INFO - Filling up the DagBag from /opt/airflow/dags/wordcount_dag.py
[2025-05-02T02:33:44.244+0000] {processor.py:925} INFO - DAG(s) 'news_dag' retrieved from /opt/airflow/dags/wordcount_dag.py
[2025-05-02T02:33:44.253+0000] {logging_mixin.py:190} INFO - [2025-05-02T02:33:44.252+0000] {dag.py:3239} INFO - Sync 1 DAGs
[2025-05-02T02:33:44.257+0000] {logging_mixin.py:190} INFO - [2025-05-02T02:33:44.257+0000] {dag.py:4180} INFO - Setting next_dagrun for news_dag to None, run_after=None
[2025-05-02T02:33:44.264+0000] {processor.py:208} INFO - Processing /opt/airflow/dags/wordcount_dag.py took 0.178 seconds
[2025-05-02T02:34:14.541+0000] {processor.py:186} INFO - Started process (PID=113) to work on /opt/airflow/dags/wordcount_dag.py
[2025-05-02T02:34:14.541+0000] {processor.py:914} INFO - Processing file /opt/airflow/dags/wordcount_dag.py for tasks to queue
[2025-05-02T02:34:14.542+0000] {logging_mixin.py:190} INFO - [2025-05-02T02:34:14.542+0000] {dagbag.py:588} INFO - Filling up the DagBag from /opt/airflow/dags/wordcount_dag.py
[2025-05-02T02:34:14.695+0000] {processor.py:925} INFO - DAG(s) 'news_dag' retrieved from /opt/airflow/dags/wordcount_dag.py
[2025-05-02T02:34:14.706+0000] {logging_mixin.py:190} INFO - [2025-05-02T02:34:14.706+0000] {dag.py:3239} INFO - Sync 1 DAGs
[2025-05-02T02:34:14.712+0000] {logging_mixin.py:190} INFO - [2025-05-02T02:34:14.712+0000] {dag.py:4180} INFO - Setting next_dagrun for news_dag to None, run_after=None
[2025-05-02T02:34:14.720+0000] {processor.py:208} INFO - Processing /opt/airflow/dags/wordcount_dag.py took 0.182 seconds
[2025-05-02T02:34:45.070+0000] {processor.py:186} INFO - Started process (PID=116) to work on /opt/airflow/dags/wordcount_dag.py
[2025-05-02T02:34:45.071+0000] {processor.py:914} INFO - Processing file /opt/airflow/dags/wordcount_dag.py for tasks to queue
[2025-05-02T02:34:45.072+0000] {logging_mixin.py:190} INFO - [2025-05-02T02:34:45.072+0000] {dagbag.py:588} INFO - Filling up the DagBag from /opt/airflow/dags/wordcount_dag.py
[2025-05-02T02:34:45.215+0000] {processor.py:925} INFO - DAG(s) 'news_dag' retrieved from /opt/airflow/dags/wordcount_dag.py
[2025-05-02T02:34:45.222+0000] {logging_mixin.py:190} INFO - [2025-05-02T02:34:45.222+0000] {dag.py:3239} INFO - Sync 1 DAGs
[2025-05-02T02:34:45.227+0000] {logging_mixin.py:190} INFO - [2025-05-02T02:34:45.227+0000] {dag.py:4180} INFO - Setting next_dagrun for news_dag to None, run_after=None
[2025-05-02T02:34:45.234+0000] {processor.py:208} INFO - Processing /opt/airflow/dags/wordcount_dag.py took 0.167 seconds
[2025-05-02T02:35:15.617+0000] {processor.py:186} INFO - Started process (PID=119) to work on /opt/airflow/dags/wordcount_dag.py
[2025-05-02T02:35:15.617+0000] {processor.py:914} INFO - Processing file /opt/airflow/dags/wordcount_dag.py for tasks to queue
[2025-05-02T02:35:15.618+0000] {logging_mixin.py:190} INFO - [2025-05-02T02:35:15.618+0000] {dagbag.py:588} INFO - Filling up the DagBag from /opt/airflow/dags/wordcount_dag.py
[2025-05-02T02:35:15.775+0000] {processor.py:925} INFO - DAG(s) 'news_dag' retrieved from /opt/airflow/dags/wordcount_dag.py
[2025-05-02T02:35:15.784+0000] {logging_mixin.py:190} INFO - [2025-05-02T02:35:15.784+0000] {dag.py:3239} INFO - Sync 1 DAGs
[2025-05-02T02:35:15.789+0000] {logging_mixin.py:190} INFO - [2025-05-02T02:35:15.789+0000] {dag.py:4180} INFO - Setting next_dagrun for news_dag to None, run_after=None
[2025-05-02T02:35:15.795+0000] {processor.py:208} INFO - Processing /opt/airflow/dags/wordcount_dag.py took 0.182 seconds
[2025-05-02T02:35:46.050+0000] {processor.py:186} INFO - Started process (PID=122) to work on /opt/airflow/dags/wordcount_dag.py
[2025-05-02T02:35:46.051+0000] {processor.py:914} INFO - Processing file /opt/airflow/dags/wordcount_dag.py for tasks to queue
[2025-05-02T02:35:46.052+0000] {logging_mixin.py:190} INFO - [2025-05-02T02:35:46.052+0000] {dagbag.py:588} INFO - Filling up the DagBag from /opt/airflow/dags/wordcount_dag.py
[2025-05-02T02:35:46.224+0000] {processor.py:925} INFO - DAG(s) 'news_dag' retrieved from /opt/airflow/dags/wordcount_dag.py
[2025-05-02T02:35:46.236+0000] {logging_mixin.py:190} INFO - [2025-05-02T02:35:46.235+0000] {dag.py:3239} INFO - Sync 1 DAGs
[2025-05-02T02:35:46.242+0000] {logging_mixin.py:190} INFO - [2025-05-02T02:35:46.242+0000] {dag.py:4180} INFO - Setting next_dagrun for news_dag to None, run_after=None
[2025-05-02T02:35:46.251+0000] {processor.py:208} INFO - Processing /opt/airflow/dags/wordcount_dag.py took 0.204 seconds
[2025-05-02T02:36:16.438+0000] {processor.py:186} INFO - Started process (PID=125) to work on /opt/airflow/dags/wordcount_dag.py
[2025-05-02T02:36:16.438+0000] {processor.py:914} INFO - Processing file /opt/airflow/dags/wordcount_dag.py for tasks to queue
[2025-05-02T02:36:16.439+0000] {logging_mixin.py:190} INFO - [2025-05-02T02:36:16.439+0000] {dagbag.py:588} INFO - Filling up the DagBag from /opt/airflow/dags/wordcount_dag.py
[2025-05-02T02:36:16.608+0000] {processor.py:925} INFO - DAG(s) 'news_dag' retrieved from /opt/airflow/dags/wordcount_dag.py
[2025-05-02T02:36:16.618+0000] {logging_mixin.py:190} INFO - [2025-05-02T02:36:16.617+0000] {dag.py:3239} INFO - Sync 1 DAGs
[2025-05-02T02:36:16.622+0000] {logging_mixin.py:190} INFO - [2025-05-02T02:36:16.622+0000] {dag.py:4180} INFO - Setting next_dagrun for news_dag to None, run_after=None
[2025-05-02T02:36:16.631+0000] {processor.py:208} INFO - Processing /opt/airflow/dags/wordcount_dag.py took 0.196 seconds
[2025-05-02T02:36:46.829+0000] {processor.py:186} INFO - Started process (PID=132) to work on /opt/airflow/dags/wordcount_dag.py
[2025-05-02T02:36:46.829+0000] {processor.py:914} INFO - Processing file /opt/airflow/dags/wordcount_dag.py for tasks to queue
[2025-05-02T02:36:46.830+0000] {logging_mixin.py:190} INFO - [2025-05-02T02:36:46.830+0000] {dagbag.py:588} INFO - Filling up the DagBag from /opt/airflow/dags/wordcount_dag.py
[2025-05-02T02:36:46.987+0000] {processor.py:925} INFO - DAG(s) 'news_dag' retrieved from /opt/airflow/dags/wordcount_dag.py
[2025-05-02T02:36:46.997+0000] {logging_mixin.py:190} INFO - [2025-05-02T02:36:46.996+0000] {dag.py:3239} INFO - Sync 1 DAGs
[2025-05-02T02:36:47.002+0000] {logging_mixin.py:190} INFO - [2025-05-02T02:36:47.002+0000] {dag.py:4180} INFO - Setting next_dagrun for news_dag to None, run_after=None
[2025-05-02T02:36:47.010+0000] {processor.py:208} INFO - Processing /opt/airflow/dags/wordcount_dag.py took 0.184 seconds
[2025-05-02T02:37:17.197+0000] {processor.py:186} INFO - Started process (PID=135) to work on /opt/airflow/dags/wordcount_dag.py
[2025-05-02T02:37:17.198+0000] {processor.py:914} INFO - Processing file /opt/airflow/dags/wordcount_dag.py for tasks to queue
[2025-05-02T02:37:17.198+0000] {logging_mixin.py:190} INFO - [2025-05-02T02:37:17.198+0000] {dagbag.py:588} INFO - Filling up the DagBag from /opt/airflow/dags/wordcount_dag.py
[2025-05-02T02:37:17.354+0000] {processor.py:925} INFO - DAG(s) 'news_dag' retrieved from /opt/airflow/dags/wordcount_dag.py
[2025-05-02T02:37:17.363+0000] {logging_mixin.py:190} INFO - [2025-05-02T02:37:17.363+0000] {dag.py:3239} INFO - Sync 1 DAGs
[2025-05-02T02:37:17.368+0000] {logging_mixin.py:190} INFO - [2025-05-02T02:37:17.368+0000] {dag.py:4180} INFO - Setting next_dagrun for news_dag to None, run_after=None
[2025-05-02T02:37:17.376+0000] {processor.py:208} INFO - Processing /opt/airflow/dags/wordcount_dag.py took 0.183 seconds
[2025-05-02T02:37:47.579+0000] {processor.py:186} INFO - Started process (PID=138) to work on /opt/airflow/dags/wordcount_dag.py
[2025-05-02T02:37:47.580+0000] {processor.py:914} INFO - Processing file /opt/airflow/dags/wordcount_dag.py for tasks to queue
[2025-05-02T02:37:47.581+0000] {logging_mixin.py:190} INFO - [2025-05-02T02:37:47.581+0000] {dagbag.py:588} INFO - Filling up the DagBag from /opt/airflow/dags/wordcount_dag.py
[2025-05-02T02:37:47.733+0000] {processor.py:925} INFO - DAG(s) 'news_dag' retrieved from /opt/airflow/dags/wordcount_dag.py
[2025-05-02T02:37:47.743+0000] {logging_mixin.py:190} INFO - [2025-05-02T02:37:47.743+0000] {dag.py:3239} INFO - Sync 1 DAGs
[2025-05-02T02:37:47.748+0000] {logging_mixin.py:190} INFO - [2025-05-02T02:37:47.748+0000] {dag.py:4180} INFO - Setting next_dagrun for news_dag to None, run_after=None
[2025-05-02T02:37:47.756+0000] {processor.py:208} INFO - Processing /opt/airflow/dags/wordcount_dag.py took 0.180 seconds
[2025-05-02T02:38:18.010+0000] {processor.py:186} INFO - Started process (PID=145) to work on /opt/airflow/dags/wordcount_dag.py
[2025-05-02T02:38:18.010+0000] {processor.py:914} INFO - Processing file /opt/airflow/dags/wordcount_dag.py for tasks to queue
[2025-05-02T02:38:18.011+0000] {logging_mixin.py:190} INFO - [2025-05-02T02:38:18.011+0000] {dagbag.py:588} INFO - Filling up the DagBag from /opt/airflow/dags/wordcount_dag.py
[2025-05-02T02:38:18.204+0000] {processor.py:925} INFO - DAG(s) 'news_dag' retrieved from /opt/airflow/dags/wordcount_dag.py
[2025-05-02T02:38:18.216+0000] {logging_mixin.py:190} INFO - [2025-05-02T02:38:18.216+0000] {dag.py:3239} INFO - Sync 1 DAGs
[2025-05-02T02:38:18.223+0000] {logging_mixin.py:190} INFO - [2025-05-02T02:38:18.223+0000] {dag.py:4180} INFO - Setting next_dagrun for news_dag to None, run_after=None
[2025-05-02T02:38:18.233+0000] {processor.py:208} INFO - Processing /opt/airflow/dags/wordcount_dag.py took 0.227 seconds
[2025-05-02T02:38:48.427+0000] {processor.py:186} INFO - Started process (PID=148) to work on /opt/airflow/dags/wordcount_dag.py
[2025-05-02T02:38:48.427+0000] {processor.py:914} INFO - Processing file /opt/airflow/dags/wordcount_dag.py for tasks to queue
[2025-05-02T02:38:48.428+0000] {logging_mixin.py:190} INFO - [2025-05-02T02:38:48.428+0000] {dagbag.py:588} INFO - Filling up the DagBag from /opt/airflow/dags/wordcount_dag.py
[2025-05-02T02:38:48.583+0000] {processor.py:925} INFO - DAG(s) 'news_dag' retrieved from /opt/airflow/dags/wordcount_dag.py
[2025-05-02T02:38:48.593+0000] {logging_mixin.py:190} INFO - [2025-05-02T02:38:48.592+0000] {dag.py:3239} INFO - Sync 1 DAGs
[2025-05-02T02:38:48.597+0000] {logging_mixin.py:190} INFO - [2025-05-02T02:38:48.597+0000] {dag.py:4180} INFO - Setting next_dagrun for news_dag to None, run_after=None
[2025-05-02T02:38:48.605+0000] {processor.py:208} INFO - Processing /opt/airflow/dags/wordcount_dag.py took 0.182 seconds
[2025-05-02T02:39:18.804+0000] {processor.py:186} INFO - Started process (PID=151) to work on /opt/airflow/dags/wordcount_dag.py
[2025-05-02T02:39:18.805+0000] {processor.py:914} INFO - Processing file /opt/airflow/dags/wordcount_dag.py for tasks to queue
[2025-05-02T02:39:18.805+0000] {logging_mixin.py:190} INFO - [2025-05-02T02:39:18.805+0000] {dagbag.py:588} INFO - Filling up the DagBag from /opt/airflow/dags/wordcount_dag.py
[2025-05-02T02:39:18.970+0000] {processor.py:925} INFO - DAG(s) 'news_dag' retrieved from /opt/airflow/dags/wordcount_dag.py
[2025-05-02T02:39:18.980+0000] {logging_mixin.py:190} INFO - [2025-05-02T02:39:18.980+0000] {dag.py:3239} INFO - Sync 1 DAGs
[2025-05-02T02:39:18.985+0000] {logging_mixin.py:190} INFO - [2025-05-02T02:39:18.985+0000] {dag.py:4180} INFO - Setting next_dagrun for news_dag to None, run_after=None
[2025-05-02T02:39:18.995+0000] {processor.py:208} INFO - Processing /opt/airflow/dags/wordcount_dag.py took 0.193 seconds
[2025-05-02T02:39:49.232+0000] {processor.py:186} INFO - Started process (PID=158) to work on /opt/airflow/dags/wordcount_dag.py
[2025-05-02T02:39:49.232+0000] {processor.py:914} INFO - Processing file /opt/airflow/dags/wordcount_dag.py for tasks to queue
[2025-05-02T02:39:49.233+0000] {logging_mixin.py:190} INFO - [2025-05-02T02:39:49.233+0000] {dagbag.py:588} INFO - Filling up the DagBag from /opt/airflow/dags/wordcount_dag.py
[2025-05-02T02:39:49.410+0000] {processor.py:925} INFO - DAG(s) 'news_dag' retrieved from /opt/airflow/dags/wordcount_dag.py
[2025-05-02T02:39:49.420+0000] {logging_mixin.py:190} INFO - [2025-05-02T02:39:49.420+0000] {dag.py:3239} INFO - Sync 1 DAGs
[2025-05-02T02:39:49.426+0000] {logging_mixin.py:190} INFO - [2025-05-02T02:39:49.426+0000] {dag.py:4180} INFO - Setting next_dagrun for news_dag to None, run_after=None
[2025-05-02T02:39:49.435+0000] {processor.py:208} INFO - Processing /opt/airflow/dags/wordcount_dag.py took 0.207 seconds
[2025-05-02T02:40:19.652+0000] {processor.py:186} INFO - Started process (PID=161) to work on /opt/airflow/dags/wordcount_dag.py
[2025-05-02T02:40:19.652+0000] {processor.py:914} INFO - Processing file /opt/airflow/dags/wordcount_dag.py for tasks to queue
[2025-05-02T02:40:19.653+0000] {logging_mixin.py:190} INFO - [2025-05-02T02:40:19.653+0000] {dagbag.py:588} INFO - Filling up the DagBag from /opt/airflow/dags/wordcount_dag.py
[2025-05-02T02:40:19.796+0000] {processor.py:925} INFO - DAG(s) 'news_dag' retrieved from /opt/airflow/dags/wordcount_dag.py
[2025-05-02T02:40:19.804+0000] {logging_mixin.py:190} INFO - [2025-05-02T02:40:19.804+0000] {dag.py:3239} INFO - Sync 1 DAGs
[2025-05-02T02:40:19.809+0000] {logging_mixin.py:190} INFO - [2025-05-02T02:40:19.808+0000] {dag.py:4180} INFO - Setting next_dagrun for news_dag to None, run_after=None
[2025-05-02T02:40:19.815+0000] {processor.py:208} INFO - Processing /opt/airflow/dags/wordcount_dag.py took 0.166 seconds
[2025-05-02T02:40:50.291+0000] {processor.py:186} INFO - Started process (PID=164) to work on /opt/airflow/dags/wordcount_dag.py
[2025-05-02T02:40:50.291+0000] {processor.py:914} INFO - Processing file /opt/airflow/dags/wordcount_dag.py for tasks to queue
[2025-05-02T02:40:50.292+0000] {logging_mixin.py:190} INFO - [2025-05-02T02:40:50.292+0000] {dagbag.py:588} INFO - Filling up the DagBag from /opt/airflow/dags/wordcount_dag.py
[2025-05-02T02:40:50.439+0000] {processor.py:925} INFO - DAG(s) 'news_dag' retrieved from /opt/airflow/dags/wordcount_dag.py
[2025-05-02T02:40:50.446+0000] {logging_mixin.py:190} INFO - [2025-05-02T02:40:50.446+0000] {dag.py:3239} INFO - Sync 1 DAGs
[2025-05-02T02:40:50.451+0000] {logging_mixin.py:190} INFO - [2025-05-02T02:40:50.450+0000] {dag.py:4180} INFO - Setting next_dagrun for news_dag to None, run_after=None
[2025-05-02T02:40:50.460+0000] {processor.py:208} INFO - Processing /opt/airflow/dags/wordcount_dag.py took 0.173 seconds
[2025-05-02T02:41:20.773+0000] {processor.py:186} INFO - Started process (PID=167) to work on /opt/airflow/dags/wordcount_dag.py
[2025-05-02T02:41:20.774+0000] {processor.py:914} INFO - Processing file /opt/airflow/dags/wordcount_dag.py for tasks to queue
[2025-05-02T02:41:20.774+0000] {logging_mixin.py:190} INFO - [2025-05-02T02:41:20.774+0000] {dagbag.py:588} INFO - Filling up the DagBag from /opt/airflow/dags/wordcount_dag.py
[2025-05-02T02:41:20.910+0000] {processor.py:925} INFO - DAG(s) 'news_dag' retrieved from /opt/airflow/dags/wordcount_dag.py
[2025-05-02T02:41:20.917+0000] {logging_mixin.py:190} INFO - [2025-05-02T02:41:20.916+0000] {dag.py:3239} INFO - Sync 1 DAGs
[2025-05-02T02:41:20.921+0000] {logging_mixin.py:190} INFO - [2025-05-02T02:41:20.921+0000] {dag.py:4180} INFO - Setting next_dagrun for news_dag to None, run_after=None
[2025-05-02T02:41:20.926+0000] {processor.py:208} INFO - Processing /opt/airflow/dags/wordcount_dag.py took 0.157 seconds
[2025-05-02T02:41:51.277+0000] {processor.py:186} INFO - Started process (PID=170) to work on /opt/airflow/dags/wordcount_dag.py
[2025-05-02T02:41:51.278+0000] {processor.py:914} INFO - Processing file /opt/airflow/dags/wordcount_dag.py for tasks to queue
[2025-05-02T02:41:51.279+0000] {logging_mixin.py:190} INFO - [2025-05-02T02:41:51.279+0000] {dagbag.py:588} INFO - Filling up the DagBag from /opt/airflow/dags/wordcount_dag.py
[2025-05-02T02:41:51.459+0000] {processor.py:925} INFO - DAG(s) 'news_dag' retrieved from /opt/airflow/dags/wordcount_dag.py
[2025-05-02T02:41:51.472+0000] {logging_mixin.py:190} INFO - [2025-05-02T02:41:51.472+0000] {dag.py:3239} INFO - Sync 1 DAGs
[2025-05-02T02:41:51.476+0000] {logging_mixin.py:190} INFO - [2025-05-02T02:41:51.476+0000] {dag.py:4180} INFO - Setting next_dagrun for news_dag to None, run_after=None
[2025-05-02T02:41:51.486+0000] {processor.py:208} INFO - Processing /opt/airflow/dags/wordcount_dag.py took 0.213 seconds
[2025-05-02T02:42:21.878+0000] {processor.py:186} INFO - Started process (PID=173) to work on /opt/airflow/dags/wordcount_dag.py
[2025-05-02T02:42:21.878+0000] {processor.py:914} INFO - Processing file /opt/airflow/dags/wordcount_dag.py for tasks to queue
[2025-05-02T02:42:21.879+0000] {logging_mixin.py:190} INFO - [2025-05-02T02:42:21.879+0000] {dagbag.py:588} INFO - Filling up the DagBag from /opt/airflow/dags/wordcount_dag.py
[2025-05-02T02:42:22.011+0000] {processor.py:925} INFO - DAG(s) 'news_dag' retrieved from /opt/airflow/dags/wordcount_dag.py
[2025-05-02T02:42:22.019+0000] {logging_mixin.py:190} INFO - [2025-05-02T02:42:22.019+0000] {dag.py:3239} INFO - Sync 1 DAGs
[2025-05-02T02:42:22.024+0000] {logging_mixin.py:190} INFO - [2025-05-02T02:42:22.024+0000] {dag.py:4180} INFO - Setting next_dagrun for news_dag to None, run_after=None
[2025-05-02T02:42:22.030+0000] {processor.py:208} INFO - Processing /opt/airflow/dags/wordcount_dag.py took 0.156 seconds
[2025-05-02T02:42:52.316+0000] {processor.py:186} INFO - Started process (PID=176) to work on /opt/airflow/dags/wordcount_dag.py
[2025-05-02T02:42:52.316+0000] {processor.py:914} INFO - Processing file /opt/airflow/dags/wordcount_dag.py for tasks to queue
[2025-05-02T02:42:52.316+0000] {logging_mixin.py:190} INFO - [2025-05-02T02:42:52.316+0000] {dagbag.py:588} INFO - Filling up the DagBag from /opt/airflow/dags/wordcount_dag.py
[2025-05-02T02:42:52.453+0000] {processor.py:925} INFO - DAG(s) 'news_dag' retrieved from /opt/airflow/dags/wordcount_dag.py
[2025-05-02T02:42:52.461+0000] {logging_mixin.py:190} INFO - [2025-05-02T02:42:52.460+0000] {dag.py:3239} INFO - Sync 1 DAGs
[2025-05-02T02:42:52.465+0000] {logging_mixin.py:190} INFO - [2025-05-02T02:42:52.465+0000] {dag.py:4180} INFO - Setting next_dagrun for news_dag to None, run_after=None
[2025-05-02T02:42:52.471+0000] {processor.py:208} INFO - Processing /opt/airflow/dags/wordcount_dag.py took 0.158 seconds
[2025-05-02T02:43:22.816+0000] {processor.py:186} INFO - Started process (PID=179) to work on /opt/airflow/dags/wordcount_dag.py
[2025-05-02T02:43:22.816+0000] {processor.py:914} INFO - Processing file /opt/airflow/dags/wordcount_dag.py for tasks to queue
[2025-05-02T02:43:22.817+0000] {logging_mixin.py:190} INFO - [2025-05-02T02:43:22.817+0000] {dagbag.py:588} INFO - Filling up the DagBag from /opt/airflow/dags/wordcount_dag.py
[2025-05-02T02:43:22.949+0000] {processor.py:925} INFO - DAG(s) 'news_dag' retrieved from /opt/airflow/dags/wordcount_dag.py
[2025-05-02T02:43:22.958+0000] {logging_mixin.py:190} INFO - [2025-05-02T02:43:22.958+0000] {dag.py:3239} INFO - Sync 1 DAGs
[2025-05-02T02:43:22.962+0000] {logging_mixin.py:190} INFO - [2025-05-02T02:43:22.962+0000] {dag.py:4180} INFO - Setting next_dagrun for news_dag to None, run_after=None
[2025-05-02T02:43:22.969+0000] {processor.py:208} INFO - Processing /opt/airflow/dags/wordcount_dag.py took 0.156 seconds
[2025-05-02T02:43:53.350+0000] {processor.py:186} INFO - Started process (PID=182) to work on /opt/airflow/dags/wordcount_dag.py
[2025-05-02T02:43:53.351+0000] {processor.py:914} INFO - Processing file /opt/airflow/dags/wordcount_dag.py for tasks to queue
[2025-05-02T02:43:53.351+0000] {logging_mixin.py:190} INFO - [2025-05-02T02:43:53.351+0000] {dagbag.py:588} INFO - Filling up the DagBag from /opt/airflow/dags/wordcount_dag.py
[2025-05-02T02:43:53.485+0000] {processor.py:925} INFO - DAG(s) 'news_dag' retrieved from /opt/airflow/dags/wordcount_dag.py
[2025-05-02T02:43:53.493+0000] {logging_mixin.py:190} INFO - [2025-05-02T02:43:53.493+0000] {dag.py:3239} INFO - Sync 1 DAGs
[2025-05-02T02:43:53.497+0000] {logging_mixin.py:190} INFO - [2025-05-02T02:43:53.497+0000] {dag.py:4180} INFO - Setting next_dagrun for news_dag to None, run_after=None
[2025-05-02T02:43:53.503+0000] {processor.py:208} INFO - Processing /opt/airflow/dags/wordcount_dag.py took 0.156 seconds
[2025-05-02T02:44:23.907+0000] {processor.py:186} INFO - Started process (PID=185) to work on /opt/airflow/dags/wordcount_dag.py
[2025-05-02T02:44:23.907+0000] {processor.py:914} INFO - Processing file /opt/airflow/dags/wordcount_dag.py for tasks to queue
[2025-05-02T02:44:23.908+0000] {logging_mixin.py:190} INFO - [2025-05-02T02:44:23.908+0000] {dagbag.py:588} INFO - Filling up the DagBag from /opt/airflow/dags/wordcount_dag.py
[2025-05-02T02:44:24.042+0000] {processor.py:925} INFO - DAG(s) 'news_dag' retrieved from /opt/airflow/dags/wordcount_dag.py
[2025-05-02T02:44:24.050+0000] {logging_mixin.py:190} INFO - [2025-05-02T02:44:24.050+0000] {dag.py:3239} INFO - Sync 1 DAGs
[2025-05-02T02:44:24.054+0000] {logging_mixin.py:190} INFO - [2025-05-02T02:44:24.054+0000] {dag.py:4180} INFO - Setting next_dagrun for news_dag to None, run_after=None
[2025-05-02T02:44:24.060+0000] {processor.py:208} INFO - Processing /opt/airflow/dags/wordcount_dag.py took 0.157 seconds
[2025-05-02T02:44:54.428+0000] {processor.py:186} INFO - Started process (PID=188) to work on /opt/airflow/dags/wordcount_dag.py
[2025-05-02T02:44:54.428+0000] {processor.py:914} INFO - Processing file /opt/airflow/dags/wordcount_dag.py for tasks to queue
[2025-05-02T02:44:54.429+0000] {logging_mixin.py:190} INFO - [2025-05-02T02:44:54.429+0000] {dagbag.py:588} INFO - Filling up the DagBag from /opt/airflow/dags/wordcount_dag.py
[2025-05-02T02:44:54.564+0000] {processor.py:925} INFO - DAG(s) 'news_dag' retrieved from /opt/airflow/dags/wordcount_dag.py
[2025-05-02T02:44:54.571+0000] {logging_mixin.py:190} INFO - [2025-05-02T02:44:54.571+0000] {dag.py:3239} INFO - Sync 1 DAGs
[2025-05-02T02:44:54.575+0000] {logging_mixin.py:190} INFO - [2025-05-02T02:44:54.575+0000] {dag.py:4180} INFO - Setting next_dagrun for news_dag to None, run_after=None
[2025-05-02T02:44:54.581+0000] {processor.py:208} INFO - Processing /opt/airflow/dags/wordcount_dag.py took 0.156 seconds
[2025-05-02T02:45:24.983+0000] {processor.py:186} INFO - Started process (PID=191) to work on /opt/airflow/dags/wordcount_dag.py
[2025-05-02T02:45:24.984+0000] {processor.py:914} INFO - Processing file /opt/airflow/dags/wordcount_dag.py for tasks to queue
[2025-05-02T02:45:24.984+0000] {logging_mixin.py:190} INFO - [2025-05-02T02:45:24.984+0000] {dagbag.py:588} INFO - Filling up the DagBag from /opt/airflow/dags/wordcount_dag.py
[2025-05-02T02:45:25.116+0000] {processor.py:925} INFO - DAG(s) 'news_dag' retrieved from /opt/airflow/dags/wordcount_dag.py
[2025-05-02T02:45:25.124+0000] {logging_mixin.py:190} INFO - [2025-05-02T02:45:25.124+0000] {dag.py:3239} INFO - Sync 1 DAGs
[2025-05-02T02:45:25.128+0000] {logging_mixin.py:190} INFO - [2025-05-02T02:45:25.128+0000] {dag.py:4180} INFO - Setting next_dagrun for news_dag to None, run_after=None
[2025-05-02T02:45:25.135+0000] {processor.py:208} INFO - Processing /opt/airflow/dags/wordcount_dag.py took 0.155 seconds
[2025-05-02T02:45:55.381+0000] {processor.py:186} INFO - Started process (PID=194) to work on /opt/airflow/dags/wordcount_dag.py
[2025-05-02T02:45:55.382+0000] {processor.py:914} INFO - Processing file /opt/airflow/dags/wordcount_dag.py for tasks to queue
[2025-05-02T02:45:55.382+0000] {logging_mixin.py:190} INFO - [2025-05-02T02:45:55.382+0000] {dagbag.py:588} INFO - Filling up the DagBag from /opt/airflow/dags/wordcount_dag.py
[2025-05-02T02:45:55.513+0000] {processor.py:925} INFO - DAG(s) 'news_dag' retrieved from /opt/airflow/dags/wordcount_dag.py
[2025-05-02T02:45:55.522+0000] {logging_mixin.py:190} INFO - [2025-05-02T02:45:55.521+0000] {dag.py:3239} INFO - Sync 1 DAGs
[2025-05-02T02:45:55.526+0000] {logging_mixin.py:190} INFO - [2025-05-02T02:45:55.526+0000] {dag.py:4180} INFO - Setting next_dagrun for news_dag to None, run_after=None
[2025-05-02T02:45:55.532+0000] {processor.py:208} INFO - Processing /opt/airflow/dags/wordcount_dag.py took 0.154 seconds
[2025-05-02T02:46:25.880+0000] {processor.py:186} INFO - Started process (PID=197) to work on /opt/airflow/dags/wordcount_dag.py
[2025-05-02T02:46:25.880+0000] {processor.py:914} INFO - Processing file /opt/airflow/dags/wordcount_dag.py for tasks to queue
[2025-05-02T02:46:25.881+0000] {logging_mixin.py:190} INFO - [2025-05-02T02:46:25.881+0000] {dagbag.py:588} INFO - Filling up the DagBag from /opt/airflow/dags/wordcount_dag.py
[2025-05-02T02:46:26.013+0000] {processor.py:925} INFO - DAG(s) 'news_dag' retrieved from /opt/airflow/dags/wordcount_dag.py
[2025-05-02T02:46:26.020+0000] {logging_mixin.py:190} INFO - [2025-05-02T02:46:26.020+0000] {dag.py:3239} INFO - Sync 1 DAGs
[2025-05-02T02:46:26.024+0000] {logging_mixin.py:190} INFO - [2025-05-02T02:46:26.024+0000] {dag.py:4180} INFO - Setting next_dagrun for news_dag to None, run_after=None
[2025-05-02T02:46:26.030+0000] {processor.py:208} INFO - Processing /opt/airflow/dags/wordcount_dag.py took 0.153 seconds
[2025-05-02T02:52:28.755+0000] {processor.py:186} INFO - Started process (PID=200) to work on /opt/airflow/dags/wordcount_dag.py
[2025-05-02T02:52:28.756+0000] {processor.py:914} INFO - Processing file /opt/airflow/dags/wordcount_dag.py for tasks to queue
[2025-05-02T02:52:28.756+0000] {logging_mixin.py:190} INFO - [2025-05-02T02:52:28.756+0000] {dagbag.py:588} INFO - Filling up the DagBag from /opt/airflow/dags/wordcount_dag.py
[2025-05-02T02:52:28.891+0000] {processor.py:925} INFO - DAG(s) 'news_dag' retrieved from /opt/airflow/dags/wordcount_dag.py
[2025-05-02T02:52:28.899+0000] {logging_mixin.py:190} INFO - [2025-05-02T02:52:28.898+0000] {dag.py:3239} INFO - Sync 1 DAGs
[2025-05-02T02:52:28.902+0000] {logging_mixin.py:190} INFO - [2025-05-02T02:52:28.902+0000] {dag.py:4180} INFO - Setting next_dagrun for news_dag to None, run_after=None
[2025-05-02T02:52:28.908+0000] {processor.py:208} INFO - Processing /opt/airflow/dags/wordcount_dag.py took 0.156 seconds
[2025-05-02T02:52:59.243+0000] {processor.py:186} INFO - Started process (PID=203) to work on /opt/airflow/dags/wordcount_dag.py
[2025-05-02T02:52:59.243+0000] {processor.py:914} INFO - Processing file /opt/airflow/dags/wordcount_dag.py for tasks to queue
[2025-05-02T02:52:59.244+0000] {logging_mixin.py:190} INFO - [2025-05-02T02:52:59.244+0000] {dagbag.py:588} INFO - Filling up the DagBag from /opt/airflow/dags/wordcount_dag.py
[2025-05-02T02:52:59.377+0000] {processor.py:925} INFO - DAG(s) 'news_dag' retrieved from /opt/airflow/dags/wordcount_dag.py
[2025-05-02T02:52:59.385+0000] {logging_mixin.py:190} INFO - [2025-05-02T02:52:59.385+0000] {dag.py:3239} INFO - Sync 1 DAGs
[2025-05-02T02:52:59.389+0000] {logging_mixin.py:190} INFO - [2025-05-02T02:52:59.389+0000] {dag.py:4180} INFO - Setting next_dagrun for news_dag to None, run_after=None
[2025-05-02T02:52:59.395+0000] {processor.py:208} INFO - Processing /opt/airflow/dags/wordcount_dag.py took 0.156 seconds
[2025-05-02T02:53:29.714+0000] {processor.py:186} INFO - Started process (PID=206) to work on /opt/airflow/dags/wordcount_dag.py
[2025-05-02T02:53:29.714+0000] {processor.py:914} INFO - Processing file /opt/airflow/dags/wordcount_dag.py for tasks to queue
[2025-05-02T02:53:29.715+0000] {logging_mixin.py:190} INFO - [2025-05-02T02:53:29.715+0000] {dagbag.py:588} INFO - Filling up the DagBag from /opt/airflow/dags/wordcount_dag.py
[2025-05-02T02:53:29.843+0000] {processor.py:925} INFO - DAG(s) 'news_dag' retrieved from /opt/airflow/dags/wordcount_dag.py
[2025-05-02T02:53:29.851+0000] {logging_mixin.py:190} INFO - [2025-05-02T02:53:29.850+0000] {dag.py:3239} INFO - Sync 1 DAGs
[2025-05-02T02:53:29.855+0000] {logging_mixin.py:190} INFO - [2025-05-02T02:53:29.855+0000] {dag.py:4180} INFO - Setting next_dagrun for news_dag to None, run_after=None
[2025-05-02T02:53:29.861+0000] {processor.py:208} INFO - Processing /opt/airflow/dags/wordcount_dag.py took 0.151 seconds
[2025-05-02T02:54:00.245+0000] {processor.py:186} INFO - Started process (PID=209) to work on /opt/airflow/dags/wordcount_dag.py
[2025-05-02T02:54:00.246+0000] {processor.py:914} INFO - Processing file /opt/airflow/dags/wordcount_dag.py for tasks to queue
[2025-05-02T02:54:00.246+0000] {logging_mixin.py:190} INFO - [2025-05-02T02:54:00.246+0000] {dagbag.py:588} INFO - Filling up the DagBag from /opt/airflow/dags/wordcount_dag.py
[2025-05-02T02:54:00.377+0000] {processor.py:925} INFO - DAG(s) 'news_dag' retrieved from /opt/airflow/dags/wordcount_dag.py
[2025-05-02T02:54:00.385+0000] {logging_mixin.py:190} INFO - [2025-05-02T02:54:00.385+0000] {dag.py:3239} INFO - Sync 1 DAGs
[2025-05-02T02:54:00.389+0000] {logging_mixin.py:190} INFO - [2025-05-02T02:54:00.389+0000] {dag.py:4180} INFO - Setting next_dagrun for news_dag to None, run_after=None
[2025-05-02T02:54:00.396+0000] {processor.py:208} INFO - Processing /opt/airflow/dags/wordcount_dag.py took 0.155 seconds
[2025-05-02T02:54:30.988+0000] {processor.py:186} INFO - Started process (PID=212) to work on /opt/airflow/dags/wordcount_dag.py
[2025-05-02T02:54:30.989+0000] {processor.py:914} INFO - Processing file /opt/airflow/dags/wordcount_dag.py for tasks to queue
[2025-05-02T02:54:30.990+0000] {logging_mixin.py:190} INFO - [2025-05-02T02:54:30.989+0000] {dagbag.py:588} INFO - Filling up the DagBag from /opt/airflow/dags/wordcount_dag.py
[2025-05-02T02:54:31.119+0000] {processor.py:925} INFO - DAG(s) 'news_dag' retrieved from /opt/airflow/dags/wordcount_dag.py
[2025-05-02T02:54:31.127+0000] {logging_mixin.py:190} INFO - [2025-05-02T02:54:31.127+0000] {dag.py:3239} INFO - Sync 1 DAGs
[2025-05-02T02:54:31.132+0000] {logging_mixin.py:190} INFO - [2025-05-02T02:54:31.132+0000] {dag.py:4180} INFO - Setting next_dagrun for news_dag to None, run_after=None
[2025-05-02T02:54:31.138+0000] {processor.py:208} INFO - Processing /opt/airflow/dags/wordcount_dag.py took 0.153 seconds
[2025-05-02T02:55:01.600+0000] {processor.py:186} INFO - Started process (PID=215) to work on /opt/airflow/dags/wordcount_dag.py
[2025-05-02T02:55:01.601+0000] {processor.py:914} INFO - Processing file /opt/airflow/dags/wordcount_dag.py for tasks to queue
[2025-05-02T02:55:01.601+0000] {logging_mixin.py:190} INFO - [2025-05-02T02:55:01.601+0000] {dagbag.py:588} INFO - Filling up the DagBag from /opt/airflow/dags/wordcount_dag.py
[2025-05-02T02:55:01.732+0000] {processor.py:925} INFO - DAG(s) 'news_dag' retrieved from /opt/airflow/dags/wordcount_dag.py
[2025-05-02T02:55:01.739+0000] {logging_mixin.py:190} INFO - [2025-05-02T02:55:01.739+0000] {dag.py:3239} INFO - Sync 1 DAGs
[2025-05-02T02:55:01.743+0000] {logging_mixin.py:190} INFO - [2025-05-02T02:55:01.743+0000] {dag.py:4180} INFO - Setting next_dagrun for news_dag to None, run_after=None
[2025-05-02T02:55:01.748+0000] {processor.py:208} INFO - Processing /opt/airflow/dags/wordcount_dag.py took 0.151 seconds
[2025-05-02T02:55:32.232+0000] {processor.py:186} INFO - Started process (PID=218) to work on /opt/airflow/dags/wordcount_dag.py
[2025-05-02T02:55:32.233+0000] {processor.py:914} INFO - Processing file /opt/airflow/dags/wordcount_dag.py for tasks to queue
[2025-05-02T02:55:32.233+0000] {logging_mixin.py:190} INFO - [2025-05-02T02:55:32.233+0000] {dagbag.py:588} INFO - Filling up the DagBag from /opt/airflow/dags/wordcount_dag.py
[2025-05-02T02:55:32.377+0000] {processor.py:925} INFO - DAG(s) 'news_dag' retrieved from /opt/airflow/dags/wordcount_dag.py
[2025-05-02T02:55:32.385+0000] {logging_mixin.py:190} INFO - [2025-05-02T02:55:32.385+0000] {dag.py:3239} INFO - Sync 1 DAGs
[2025-05-02T02:55:32.390+0000] {logging_mixin.py:190} INFO - [2025-05-02T02:55:32.390+0000] {dag.py:4180} INFO - Setting next_dagrun for news_dag to None, run_after=None
[2025-05-02T02:55:32.396+0000] {processor.py:208} INFO - Processing /opt/airflow/dags/wordcount_dag.py took 0.167 seconds
[2025-05-02T02:56:02.730+0000] {processor.py:186} INFO - Started process (PID=221) to work on /opt/airflow/dags/wordcount_dag.py
[2025-05-02T02:56:02.730+0000] {processor.py:914} INFO - Processing file /opt/airflow/dags/wordcount_dag.py for tasks to queue
[2025-05-02T02:56:02.731+0000] {logging_mixin.py:190} INFO - [2025-05-02T02:56:02.731+0000] {dagbag.py:588} INFO - Filling up the DagBag from /opt/airflow/dags/wordcount_dag.py
[2025-05-02T02:56:02.869+0000] {processor.py:925} INFO - DAG(s) 'news_dag' retrieved from /opt/airflow/dags/wordcount_dag.py
[2025-05-02T02:56:02.877+0000] {logging_mixin.py:190} INFO - [2025-05-02T02:56:02.877+0000] {dag.py:3239} INFO - Sync 1 DAGs
[2025-05-02T02:56:02.881+0000] {logging_mixin.py:190} INFO - [2025-05-02T02:56:02.881+0000] {dag.py:4180} INFO - Setting next_dagrun for news_dag to None, run_after=None
[2025-05-02T02:56:02.888+0000] {processor.py:208} INFO - Processing /opt/airflow/dags/wordcount_dag.py took 0.162 seconds
[2025-05-02T03:26:38.643+0000] {processor.py:186} INFO - Started process (PID=224) to work on /opt/airflow/dags/wordcount_dag.py
[2025-05-02T03:26:38.644+0000] {processor.py:914} INFO - Processing file /opt/airflow/dags/wordcount_dag.py for tasks to queue
[2025-05-02T03:26:38.644+0000] {logging_mixin.py:190} INFO - [2025-05-02T03:26:38.644+0000] {dagbag.py:588} INFO - Filling up the DagBag from /opt/airflow/dags/wordcount_dag.py
[2025-05-02T03:26:38.778+0000] {processor.py:925} INFO - DAG(s) 'news_dag' retrieved from /opt/airflow/dags/wordcount_dag.py
[2025-05-02T03:26:38.786+0000] {logging_mixin.py:190} INFO - [2025-05-02T03:26:38.785+0000] {dag.py:3239} INFO - Sync 1 DAGs
[2025-05-02T03:26:38.791+0000] {logging_mixin.py:190} INFO - [2025-05-02T03:26:38.790+0000] {dag.py:4180} INFO - Setting next_dagrun for news_dag to None, run_after=None
[2025-05-02T03:26:38.797+0000] {processor.py:208} INFO - Processing /opt/airflow/dags/wordcount_dag.py took 0.157 seconds
[2025-05-02T03:27:09.248+0000] {processor.py:186} INFO - Started process (PID=227) to work on /opt/airflow/dags/wordcount_dag.py
[2025-05-02T03:27:09.249+0000] {processor.py:914} INFO - Processing file /opt/airflow/dags/wordcount_dag.py for tasks to queue
[2025-05-02T03:27:09.249+0000] {logging_mixin.py:190} INFO - [2025-05-02T03:27:09.249+0000] {dagbag.py:588} INFO - Filling up the DagBag from /opt/airflow/dags/wordcount_dag.py
[2025-05-02T03:27:09.381+0000] {processor.py:925} INFO - DAG(s) 'news_dag' retrieved from /opt/airflow/dags/wordcount_dag.py
[2025-05-02T03:27:09.389+0000] {logging_mixin.py:190} INFO - [2025-05-02T03:27:09.389+0000] {dag.py:3239} INFO - Sync 1 DAGs
[2025-05-02T03:27:09.393+0000] {logging_mixin.py:190} INFO - [2025-05-02T03:27:09.393+0000] {dag.py:4180} INFO - Setting next_dagrun for news_dag to None, run_after=None
[2025-05-02T03:27:09.399+0000] {processor.py:208} INFO - Processing /opt/airflow/dags/wordcount_dag.py took 0.154 seconds
[2025-05-02T03:27:39.807+0000] {processor.py:186} INFO - Started process (PID=230) to work on /opt/airflow/dags/wordcount_dag.py
[2025-05-02T03:27:39.808+0000] {processor.py:914} INFO - Processing file /opt/airflow/dags/wordcount_dag.py for tasks to queue
[2025-05-02T03:27:39.808+0000] {logging_mixin.py:190} INFO - [2025-05-02T03:27:39.808+0000] {dagbag.py:588} INFO - Filling up the DagBag from /opt/airflow/dags/wordcount_dag.py
[2025-05-02T03:27:39.942+0000] {processor.py:925} INFO - DAG(s) 'news_dag' retrieved from /opt/airflow/dags/wordcount_dag.py
[2025-05-02T03:27:39.950+0000] {logging_mixin.py:190} INFO - [2025-05-02T03:27:39.949+0000] {dag.py:3239} INFO - Sync 1 DAGs
[2025-05-02T03:27:39.954+0000] {logging_mixin.py:190} INFO - [2025-05-02T03:27:39.954+0000] {dag.py:4180} INFO - Setting next_dagrun for news_dag to None, run_after=None
[2025-05-02T03:27:39.959+0000] {processor.py:208} INFO - Processing /opt/airflow/dags/wordcount_dag.py took 0.155 seconds
[2025-05-02T03:28:10.437+0000] {processor.py:186} INFO - Started process (PID=233) to work on /opt/airflow/dags/wordcount_dag.py
[2025-05-02T03:28:10.438+0000] {processor.py:914} INFO - Processing file /opt/airflow/dags/wordcount_dag.py for tasks to queue
[2025-05-02T03:28:10.439+0000] {logging_mixin.py:190} INFO - [2025-05-02T03:28:10.439+0000] {dagbag.py:588} INFO - Filling up the DagBag from /opt/airflow/dags/wordcount_dag.py
[2025-05-02T03:28:10.570+0000] {processor.py:925} INFO - DAG(s) 'news_dag' retrieved from /opt/airflow/dags/wordcount_dag.py
[2025-05-02T03:28:10.578+0000] {logging_mixin.py:190} INFO - [2025-05-02T03:28:10.578+0000] {dag.py:3239} INFO - Sync 1 DAGs
[2025-05-02T03:28:10.582+0000] {logging_mixin.py:190} INFO - [2025-05-02T03:28:10.582+0000] {dag.py:4180} INFO - Setting next_dagrun for news_dag to None, run_after=None
[2025-05-02T03:28:10.587+0000] {processor.py:208} INFO - Processing /opt/airflow/dags/wordcount_dag.py took 0.153 seconds
[2025-05-02T03:28:41.099+0000] {processor.py:186} INFO - Started process (PID=236) to work on /opt/airflow/dags/wordcount_dag.py
[2025-05-02T03:28:41.099+0000] {processor.py:914} INFO - Processing file /opt/airflow/dags/wordcount_dag.py for tasks to queue
[2025-05-02T03:28:41.100+0000] {logging_mixin.py:190} INFO - [2025-05-02T03:28:41.100+0000] {dagbag.py:588} INFO - Filling up the DagBag from /opt/airflow/dags/wordcount_dag.py
[2025-05-02T03:28:41.231+0000] {processor.py:925} INFO - DAG(s) 'news_dag' retrieved from /opt/airflow/dags/wordcount_dag.py
[2025-05-02T03:28:41.238+0000] {logging_mixin.py:190} INFO - [2025-05-02T03:28:41.238+0000] {dag.py:3239} INFO - Sync 1 DAGs
[2025-05-02T03:28:41.242+0000] {logging_mixin.py:190} INFO - [2025-05-02T03:28:41.242+0000] {dag.py:4180} INFO - Setting next_dagrun for news_dag to None, run_after=None
[2025-05-02T03:28:41.247+0000] {processor.py:208} INFO - Processing /opt/airflow/dags/wordcount_dag.py took 0.152 seconds
[2025-05-02T03:29:11.539+0000] {processor.py:186} INFO - Started process (PID=239) to work on /opt/airflow/dags/wordcount_dag.py
[2025-05-02T03:29:11.540+0000] {processor.py:914} INFO - Processing file /opt/airflow/dags/wordcount_dag.py for tasks to queue
[2025-05-02T03:29:11.540+0000] {logging_mixin.py:190} INFO - [2025-05-02T03:29:11.540+0000] {dagbag.py:588} INFO - Filling up the DagBag from /opt/airflow/dags/wordcount_dag.py
[2025-05-02T03:29:11.673+0000] {processor.py:925} INFO - DAG(s) 'news_dag' retrieved from /opt/airflow/dags/wordcount_dag.py
[2025-05-02T03:29:11.681+0000] {logging_mixin.py:190} INFO - [2025-05-02T03:29:11.681+0000] {dag.py:3239} INFO - Sync 1 DAGs
[2025-05-02T03:29:11.685+0000] {logging_mixin.py:190} INFO - [2025-05-02T03:29:11.685+0000] {dag.py:4180} INFO - Setting next_dagrun for news_dag to None, run_after=None
[2025-05-02T03:29:11.691+0000] {processor.py:208} INFO - Processing /opt/airflow/dags/wordcount_dag.py took 0.156 seconds
[2025-05-02T03:29:42.170+0000] {processor.py:186} INFO - Started process (PID=242) to work on /opt/airflow/dags/wordcount_dag.py
[2025-05-02T03:29:42.170+0000] {processor.py:914} INFO - Processing file /opt/airflow/dags/wordcount_dag.py for tasks to queue
[2025-05-02T03:29:42.170+0000] {logging_mixin.py:190} INFO - [2025-05-02T03:29:42.170+0000] {dagbag.py:588} INFO - Filling up the DagBag from /opt/airflow/dags/wordcount_dag.py
[2025-05-02T03:29:42.302+0000] {processor.py:925} INFO - DAG(s) 'news_dag' retrieved from /opt/airflow/dags/wordcount_dag.py
[2025-05-02T03:29:42.309+0000] {logging_mixin.py:190} INFO - [2025-05-02T03:29:42.309+0000] {dag.py:3239} INFO - Sync 1 DAGs
[2025-05-02T03:29:42.313+0000] {logging_mixin.py:190} INFO - [2025-05-02T03:29:42.313+0000] {dag.py:4180} INFO - Setting next_dagrun for news_dag to None, run_after=None
[2025-05-02T03:29:42.319+0000] {processor.py:208} INFO - Processing /opt/airflow/dags/wordcount_dag.py took 0.153 seconds
[2025-05-02T03:30:12.754+0000] {processor.py:186} INFO - Started process (PID=245) to work on /opt/airflow/dags/wordcount_dag.py
[2025-05-02T03:30:12.755+0000] {processor.py:914} INFO - Processing file /opt/airflow/dags/wordcount_dag.py for tasks to queue
[2025-05-02T03:30:12.756+0000] {logging_mixin.py:190} INFO - [2025-05-02T03:30:12.755+0000] {dagbag.py:588} INFO - Filling up the DagBag from /opt/airflow/dags/wordcount_dag.py
[2025-05-02T03:30:12.887+0000] {processor.py:925} INFO - DAG(s) 'news_dag' retrieved from /opt/airflow/dags/wordcount_dag.py
[2025-05-02T03:30:12.895+0000] {logging_mixin.py:190} INFO - [2025-05-02T03:30:12.895+0000] {dag.py:3239} INFO - Sync 1 DAGs
[2025-05-02T03:30:12.899+0000] {logging_mixin.py:190} INFO - [2025-05-02T03:30:12.899+0000] {dag.py:4180} INFO - Setting next_dagrun for news_dag to None, run_after=None
[2025-05-02T03:30:12.905+0000] {processor.py:208} INFO - Processing /opt/airflow/dags/wordcount_dag.py took 0.154 seconds
[2025-05-02T03:30:43.235+0000] {processor.py:186} INFO - Started process (PID=248) to work on /opt/airflow/dags/wordcount_dag.py
[2025-05-02T03:30:43.236+0000] {processor.py:914} INFO - Processing file /opt/airflow/dags/wordcount_dag.py for tasks to queue
[2025-05-02T03:30:43.237+0000] {logging_mixin.py:190} INFO - [2025-05-02T03:30:43.236+0000] {dagbag.py:588} INFO - Filling up the DagBag from /opt/airflow/dags/wordcount_dag.py
[2025-05-02T03:30:43.368+0000] {processor.py:925} INFO - DAG(s) 'news_dag' retrieved from /opt/airflow/dags/wordcount_dag.py
[2025-05-02T03:30:43.376+0000] {logging_mixin.py:190} INFO - [2025-05-02T03:30:43.376+0000] {dag.py:3239} INFO - Sync 1 DAGs
[2025-05-02T03:30:43.381+0000] {logging_mixin.py:190} INFO - [2025-05-02T03:30:43.380+0000] {dag.py:4180} INFO - Setting next_dagrun for news_dag to None, run_after=None
[2025-05-02T03:30:43.387+0000] {processor.py:208} INFO - Processing /opt/airflow/dags/wordcount_dag.py took 0.154 seconds
[2025-05-02T03:31:13.834+0000] {processor.py:186} INFO - Started process (PID=251) to work on /opt/airflow/dags/wordcount_dag.py
[2025-05-02T03:31:13.835+0000] {processor.py:914} INFO - Processing file /opt/airflow/dags/wordcount_dag.py for tasks to queue
[2025-05-02T03:31:13.835+0000] {logging_mixin.py:190} INFO - [2025-05-02T03:31:13.835+0000] {dagbag.py:588} INFO - Filling up the DagBag from /opt/airflow/dags/wordcount_dag.py
[2025-05-02T03:31:13.967+0000] {processor.py:925} INFO - DAG(s) 'news_dag' retrieved from /opt/airflow/dags/wordcount_dag.py
[2025-05-02T03:31:13.975+0000] {logging_mixin.py:190} INFO - [2025-05-02T03:31:13.975+0000] {dag.py:3239} INFO - Sync 1 DAGs
[2025-05-02T03:31:13.979+0000] {logging_mixin.py:190} INFO - [2025-05-02T03:31:13.979+0000] {dag.py:4180} INFO - Setting next_dagrun for news_dag to None, run_after=None
[2025-05-02T03:31:13.985+0000] {processor.py:208} INFO - Processing /opt/airflow/dags/wordcount_dag.py took 0.154 seconds
[2025-05-02T03:31:44.457+0000] {processor.py:186} INFO - Started process (PID=254) to work on /opt/airflow/dags/wordcount_dag.py
[2025-05-02T03:31:44.457+0000] {processor.py:914} INFO - Processing file /opt/airflow/dags/wordcount_dag.py for tasks to queue
[2025-05-02T03:31:44.458+0000] {logging_mixin.py:190} INFO - [2025-05-02T03:31:44.458+0000] {dagbag.py:588} INFO - Filling up the DagBag from /opt/airflow/dags/wordcount_dag.py
[2025-05-02T03:31:44.589+0000] {processor.py:925} INFO - DAG(s) 'news_dag' retrieved from /opt/airflow/dags/wordcount_dag.py
[2025-05-02T03:31:44.596+0000] {logging_mixin.py:190} INFO - [2025-05-02T03:31:44.596+0000] {dag.py:3239} INFO - Sync 1 DAGs
[2025-05-02T03:31:44.600+0000] {logging_mixin.py:190} INFO - [2025-05-02T03:31:44.600+0000] {dag.py:4180} INFO - Setting next_dagrun for news_dag to None, run_after=None
[2025-05-02T03:31:44.606+0000] {processor.py:208} INFO - Processing /opt/airflow/dags/wordcount_dag.py took 0.152 seconds
[2025-05-02T03:32:14.966+0000] {processor.py:186} INFO - Started process (PID=257) to work on /opt/airflow/dags/wordcount_dag.py
[2025-05-02T03:32:14.966+0000] {processor.py:914} INFO - Processing file /opt/airflow/dags/wordcount_dag.py for tasks to queue
[2025-05-02T03:32:14.967+0000] {logging_mixin.py:190} INFO - [2025-05-02T03:32:14.967+0000] {dagbag.py:588} INFO - Filling up the DagBag from /opt/airflow/dags/wordcount_dag.py
[2025-05-02T03:32:15.100+0000] {processor.py:925} INFO - DAG(s) 'news_dag' retrieved from /opt/airflow/dags/wordcount_dag.py
[2025-05-02T03:32:15.107+0000] {logging_mixin.py:190} INFO - [2025-05-02T03:32:15.107+0000] {dag.py:3239} INFO - Sync 1 DAGs
[2025-05-02T03:32:15.112+0000] {logging_mixin.py:190} INFO - [2025-05-02T03:32:15.112+0000] {dag.py:4180} INFO - Setting next_dagrun for news_dag to None, run_after=None
[2025-05-02T03:32:15.118+0000] {processor.py:208} INFO - Processing /opt/airflow/dags/wordcount_dag.py took 0.155 seconds
[2025-05-02T03:32:45.588+0000] {processor.py:186} INFO - Started process (PID=260) to work on /opt/airflow/dags/wordcount_dag.py
[2025-05-02T03:32:45.588+0000] {processor.py:914} INFO - Processing file /opt/airflow/dags/wordcount_dag.py for tasks to queue
[2025-05-02T03:32:45.589+0000] {logging_mixin.py:190} INFO - [2025-05-02T03:32:45.588+0000] {dagbag.py:588} INFO - Filling up the DagBag from /opt/airflow/dags/wordcount_dag.py
[2025-05-02T03:32:45.719+0000] {processor.py:925} INFO - DAG(s) 'news_dag' retrieved from /opt/airflow/dags/wordcount_dag.py
[2025-05-02T03:32:45.727+0000] {logging_mixin.py:190} INFO - [2025-05-02T03:32:45.727+0000] {dag.py:3239} INFO - Sync 1 DAGs
[2025-05-02T03:32:45.731+0000] {logging_mixin.py:190} INFO - [2025-05-02T03:32:45.731+0000] {dag.py:4180} INFO - Setting next_dagrun for news_dag to None, run_after=None
[2025-05-02T03:32:45.737+0000] {processor.py:208} INFO - Processing /opt/airflow/dags/wordcount_dag.py took 0.153 seconds
[2025-05-02T03:33:16.178+0000] {processor.py:186} INFO - Started process (PID=263) to work on /opt/airflow/dags/wordcount_dag.py
[2025-05-02T03:33:16.179+0000] {processor.py:914} INFO - Processing file /opt/airflow/dags/wordcount_dag.py for tasks to queue
[2025-05-02T03:33:16.180+0000] {logging_mixin.py:190} INFO - [2025-05-02T03:33:16.179+0000] {dagbag.py:588} INFO - Filling up the DagBag from /opt/airflow/dags/wordcount_dag.py
[2025-05-02T03:33:16.313+0000] {processor.py:925} INFO - DAG(s) 'news_dag' retrieved from /opt/airflow/dags/wordcount_dag.py
[2025-05-02T03:33:16.321+0000] {logging_mixin.py:190} INFO - [2025-05-02T03:33:16.320+0000] {dag.py:3239} INFO - Sync 1 DAGs
[2025-05-02T03:33:16.325+0000] {logging_mixin.py:190} INFO - [2025-05-02T03:33:16.325+0000] {dag.py:4180} INFO - Setting next_dagrun for news_dag to None, run_after=None
[2025-05-02T03:33:16.331+0000] {processor.py:208} INFO - Processing /opt/airflow/dags/wordcount_dag.py took 0.157 seconds
[2025-05-02T03:33:46.700+0000] {processor.py:186} INFO - Started process (PID=266) to work on /opt/airflow/dags/wordcount_dag.py
[2025-05-02T03:33:46.700+0000] {processor.py:914} INFO - Processing file /opt/airflow/dags/wordcount_dag.py for tasks to queue
[2025-05-02T03:33:46.701+0000] {logging_mixin.py:190} INFO - [2025-05-02T03:33:46.701+0000] {dagbag.py:588} INFO - Filling up the DagBag from /opt/airflow/dags/wordcount_dag.py
[2025-05-02T03:33:46.832+0000] {processor.py:925} INFO - DAG(s) 'news_dag' retrieved from /opt/airflow/dags/wordcount_dag.py
[2025-05-02T03:33:46.840+0000] {logging_mixin.py:190} INFO - [2025-05-02T03:33:46.840+0000] {dag.py:3239} INFO - Sync 1 DAGs
[2025-05-02T03:33:46.845+0000] {logging_mixin.py:190} INFO - [2025-05-02T03:33:46.845+0000] {dag.py:4180} INFO - Setting next_dagrun for news_dag to None, run_after=None
[2025-05-02T03:33:46.850+0000] {processor.py:208} INFO - Processing /opt/airflow/dags/wordcount_dag.py took 0.154 seconds
[2025-05-02T03:34:17.263+0000] {processor.py:186} INFO - Started process (PID=269) to work on /opt/airflow/dags/wordcount_dag.py
[2025-05-02T03:34:17.264+0000] {processor.py:914} INFO - Processing file /opt/airflow/dags/wordcount_dag.py for tasks to queue
[2025-05-02T03:34:17.265+0000] {logging_mixin.py:190} INFO - [2025-05-02T03:34:17.264+0000] {dagbag.py:588} INFO - Filling up the DagBag from /opt/airflow/dags/wordcount_dag.py
[2025-05-02T03:34:17.398+0000] {processor.py:925} INFO - DAG(s) 'news_dag' retrieved from /opt/airflow/dags/wordcount_dag.py
[2025-05-02T03:34:17.405+0000] {logging_mixin.py:190} INFO - [2025-05-02T03:34:17.405+0000] {dag.py:3239} INFO - Sync 1 DAGs
[2025-05-02T03:34:17.410+0000] {logging_mixin.py:190} INFO - [2025-05-02T03:34:17.410+0000] {dag.py:4180} INFO - Setting next_dagrun for news_dag to None, run_after=None
[2025-05-02T03:34:17.416+0000] {processor.py:208} INFO - Processing /opt/airflow/dags/wordcount_dag.py took 0.156 seconds
[2025-05-02T05:26:05.784+0000] {processor.py:186} INFO - Started process (PID=272) to work on /opt/airflow/dags/wordcount_dag.py
[2025-05-02T05:26:05.784+0000] {processor.py:914} INFO - Processing file /opt/airflow/dags/wordcount_dag.py for tasks to queue
[2025-05-02T05:26:05.785+0000] {logging_mixin.py:190} INFO - [2025-05-02T05:26:05.785+0000] {dagbag.py:588} INFO - Filling up the DagBag from /opt/airflow/dags/wordcount_dag.py
[2025-05-02T05:26:05.921+0000] {processor.py:925} INFO - DAG(s) 'news_dag' retrieved from /opt/airflow/dags/wordcount_dag.py
[2025-05-02T05:26:05.929+0000] {logging_mixin.py:190} INFO - [2025-05-02T05:26:05.929+0000] {dag.py:3239} INFO - Sync 1 DAGs
[2025-05-02T05:26:05.933+0000] {logging_mixin.py:190} INFO - [2025-05-02T05:26:05.933+0000] {dag.py:4180} INFO - Setting next_dagrun for news_dag to None, run_after=None
[2025-05-02T05:26:05.939+0000] {processor.py:208} INFO - Processing /opt/airflow/dags/wordcount_dag.py took 0.158 seconds
[2025-05-02T05:26:36.383+0000] {processor.py:186} INFO - Started process (PID=275) to work on /opt/airflow/dags/wordcount_dag.py
[2025-05-02T05:26:36.384+0000] {processor.py:914} INFO - Processing file /opt/airflow/dags/wordcount_dag.py for tasks to queue
[2025-05-02T05:26:36.384+0000] {logging_mixin.py:190} INFO - [2025-05-02T05:26:36.384+0000] {dagbag.py:588} INFO - Filling up the DagBag from /opt/airflow/dags/wordcount_dag.py
[2025-05-02T05:26:36.516+0000] {processor.py:925} INFO - DAG(s) 'news_dag' retrieved from /opt/airflow/dags/wordcount_dag.py
[2025-05-02T05:26:36.524+0000] {logging_mixin.py:190} INFO - [2025-05-02T05:26:36.523+0000] {dag.py:3239} INFO - Sync 1 DAGs
[2025-05-02T05:26:36.528+0000] {logging_mixin.py:190} INFO - [2025-05-02T05:26:36.528+0000] {dag.py:4180} INFO - Setting next_dagrun for news_dag to None, run_after=None
[2025-05-02T05:26:36.534+0000] {processor.py:208} INFO - Processing /opt/airflow/dags/wordcount_dag.py took 0.154 seconds
[2025-05-02T05:31:45.579+0000] {processor.py:186} INFO - Started process (PID=278) to work on /opt/airflow/dags/wordcount_dag.py
[2025-05-02T05:31:45.579+0000] {processor.py:914} INFO - Processing file /opt/airflow/dags/wordcount_dag.py for tasks to queue
[2025-05-02T05:31:45.580+0000] {logging_mixin.py:190} INFO - [2025-05-02T05:31:45.579+0000] {dagbag.py:588} INFO - Filling up the DagBag from /opt/airflow/dags/wordcount_dag.py
[2025-05-02T05:31:45.709+0000] {processor.py:925} INFO - DAG(s) 'news_dag' retrieved from /opt/airflow/dags/wordcount_dag.py
[2025-05-02T05:31:45.717+0000] {logging_mixin.py:190} INFO - [2025-05-02T05:31:45.716+0000] {dag.py:3239} INFO - Sync 1 DAGs
[2025-05-02T05:31:45.721+0000] {logging_mixin.py:190} INFO - [2025-05-02T05:31:45.721+0000] {dag.py:4180} INFO - Setting next_dagrun for news_dag to None, run_after=None
[2025-05-02T05:31:45.727+0000] {processor.py:208} INFO - Processing /opt/airflow/dags/wordcount_dag.py took 0.152 seconds
[2025-05-02T05:32:16.192+0000] {processor.py:186} INFO - Started process (PID=281) to work on /opt/airflow/dags/wordcount_dag.py
[2025-05-02T05:32:16.192+0000] {processor.py:914} INFO - Processing file /opt/airflow/dags/wordcount_dag.py for tasks to queue
[2025-05-02T05:32:16.193+0000] {logging_mixin.py:190} INFO - [2025-05-02T05:32:16.193+0000] {dagbag.py:588} INFO - Filling up the DagBag from /opt/airflow/dags/wordcount_dag.py
[2025-05-02T05:32:16.328+0000] {processor.py:925} INFO - DAG(s) 'news_dag' retrieved from /opt/airflow/dags/wordcount_dag.py
[2025-05-02T05:32:16.335+0000] {logging_mixin.py:190} INFO - [2025-05-02T05:32:16.335+0000] {dag.py:3239} INFO - Sync 1 DAGs
[2025-05-02T05:32:16.339+0000] {logging_mixin.py:190} INFO - [2025-05-02T05:32:16.339+0000] {dag.py:4180} INFO - Setting next_dagrun for news_dag to None, run_after=None
[2025-05-02T05:32:16.347+0000] {processor.py:208} INFO - Processing /opt/airflow/dags/wordcount_dag.py took 0.158 seconds
[2025-05-02T05:47:19.152+0000] {processor.py:186} INFO - Started process (PID=284) to work on /opt/airflow/dags/wordcount_dag.py
[2025-05-02T05:47:19.153+0000] {processor.py:914} INFO - Processing file /opt/airflow/dags/wordcount_dag.py for tasks to queue
[2025-05-02T05:47:19.154+0000] {logging_mixin.py:190} INFO - [2025-05-02T05:47:19.153+0000] {dagbag.py:588} INFO - Filling up the DagBag from /opt/airflow/dags/wordcount_dag.py
[2025-05-02T05:47:19.282+0000] {processor.py:925} INFO - DAG(s) 'news_dag' retrieved from /opt/airflow/dags/wordcount_dag.py
[2025-05-02T05:47:19.291+0000] {logging_mixin.py:190} INFO - [2025-05-02T05:47:19.290+0000] {dag.py:3239} INFO - Sync 1 DAGs
[2025-05-02T05:47:19.295+0000] {logging_mixin.py:190} INFO - [2025-05-02T05:47:19.295+0000] {dag.py:4180} INFO - Setting next_dagrun for news_dag to None, run_after=None
[2025-05-02T05:47:19.301+0000] {processor.py:208} INFO - Processing /opt/airflow/dags/wordcount_dag.py took 0.152 seconds
[2025-05-02T05:47:49.690+0000] {processor.py:186} INFO - Started process (PID=287) to work on /opt/airflow/dags/wordcount_dag.py
[2025-05-02T05:47:49.690+0000] {processor.py:914} INFO - Processing file /opt/airflow/dags/wordcount_dag.py for tasks to queue
[2025-05-02T05:47:49.691+0000] {logging_mixin.py:190} INFO - [2025-05-02T05:47:49.691+0000] {dagbag.py:588} INFO - Filling up the DagBag from /opt/airflow/dags/wordcount_dag.py
[2025-05-02T05:47:49.823+0000] {processor.py:925} INFO - DAG(s) 'news_dag' retrieved from /opt/airflow/dags/wordcount_dag.py
[2025-05-02T05:47:49.831+0000] {logging_mixin.py:190} INFO - [2025-05-02T05:47:49.831+0000] {dag.py:3239} INFO - Sync 1 DAGs
[2025-05-02T05:47:49.835+0000] {logging_mixin.py:190} INFO - [2025-05-02T05:47:49.835+0000] {dag.py:4180} INFO - Setting next_dagrun for news_dag to None, run_after=None
[2025-05-02T05:47:49.840+0000] {processor.py:208} INFO - Processing /opt/airflow/dags/wordcount_dag.py took 0.154 seconds
[2025-05-02T05:48:20.272+0000] {processor.py:186} INFO - Started process (PID=290) to work on /opt/airflow/dags/wordcount_dag.py
[2025-05-02T05:48:20.272+0000] {processor.py:914} INFO - Processing file /opt/airflow/dags/wordcount_dag.py for tasks to queue
[2025-05-02T05:48:20.273+0000] {logging_mixin.py:190} INFO - [2025-05-02T05:48:20.272+0000] {dagbag.py:588} INFO - Filling up the DagBag from /opt/airflow/dags/wordcount_dag.py
[2025-05-02T05:48:20.404+0000] {processor.py:925} INFO - DAG(s) 'news_dag' retrieved from /opt/airflow/dags/wordcount_dag.py
[2025-05-02T05:48:20.412+0000] {logging_mixin.py:190} INFO - [2025-05-02T05:48:20.412+0000] {dag.py:3239} INFO - Sync 1 DAGs
[2025-05-02T05:48:20.416+0000] {logging_mixin.py:190} INFO - [2025-05-02T05:48:20.416+0000] {dag.py:4180} INFO - Setting next_dagrun for news_dag to None, run_after=None
[2025-05-02T05:48:20.422+0000] {processor.py:208} INFO - Processing /opt/airflow/dags/wordcount_dag.py took 0.153 seconds
[2025-05-02T05:48:50.850+0000] {processor.py:186} INFO - Started process (PID=293) to work on /opt/airflow/dags/wordcount_dag.py
[2025-05-02T05:48:50.851+0000] {processor.py:914} INFO - Processing file /opt/airflow/dags/wordcount_dag.py for tasks to queue
[2025-05-02T05:48:50.852+0000] {logging_mixin.py:190} INFO - [2025-05-02T05:48:50.851+0000] {dagbag.py:588} INFO - Filling up the DagBag from /opt/airflow/dags/wordcount_dag.py
[2025-05-02T05:48:50.986+0000] {processor.py:925} INFO - DAG(s) 'news_dag' retrieved from /opt/airflow/dags/wordcount_dag.py
[2025-05-02T05:48:50.993+0000] {logging_mixin.py:190} INFO - [2025-05-02T05:48:50.993+0000] {dag.py:3239} INFO - Sync 1 DAGs
[2025-05-02T05:48:50.998+0000] {logging_mixin.py:190} INFO - [2025-05-02T05:48:50.998+0000] {dag.py:4180} INFO - Setting next_dagrun for news_dag to None, run_after=None
[2025-05-02T05:48:51.003+0000] {processor.py:208} INFO - Processing /opt/airflow/dags/wordcount_dag.py took 0.156 seconds
[2025-05-02T05:56:19.798+0000] {processor.py:186} INFO - Started process (PID=296) to work on /opt/airflow/dags/wordcount_dag.py
[2025-05-02T05:56:19.799+0000] {processor.py:914} INFO - Processing file /opt/airflow/dags/wordcount_dag.py for tasks to queue
[2025-05-02T05:56:19.799+0000] {logging_mixin.py:190} INFO - [2025-05-02T05:56:19.799+0000] {dagbag.py:588} INFO - Filling up the DagBag from /opt/airflow/dags/wordcount_dag.py
[2025-05-02T05:56:19.950+0000] {processor.py:925} INFO - DAG(s) 'news_dag' retrieved from /opt/airflow/dags/wordcount_dag.py
[2025-05-02T05:56:19.959+0000] {logging_mixin.py:190} INFO - [2025-05-02T05:56:19.959+0000] {dag.py:3239} INFO - Sync 1 DAGs
[2025-05-02T05:56:19.964+0000] {logging_mixin.py:190} INFO - [2025-05-02T05:56:19.963+0000] {dag.py:4180} INFO - Setting next_dagrun for news_dag to None, run_after=None
[2025-05-02T05:56:19.971+0000] {processor.py:208} INFO - Processing /opt/airflow/dags/wordcount_dag.py took 0.177 seconds
[2025-05-02T05:56:50.253+0000] {processor.py:186} INFO - Started process (PID=299) to work on /opt/airflow/dags/wordcount_dag.py
[2025-05-02T05:56:50.253+0000] {processor.py:914} INFO - Processing file /opt/airflow/dags/wordcount_dag.py for tasks to queue
[2025-05-02T05:56:50.254+0000] {logging_mixin.py:190} INFO - [2025-05-02T05:56:50.254+0000] {dagbag.py:588} INFO - Filling up the DagBag from /opt/airflow/dags/wordcount_dag.py
[2025-05-02T05:56:50.396+0000] {processor.py:925} INFO - DAG(s) 'news_dag' retrieved from /opt/airflow/dags/wordcount_dag.py
[2025-05-02T05:56:50.405+0000] {logging_mixin.py:190} INFO - [2025-05-02T05:56:50.404+0000] {dag.py:3239} INFO - Sync 1 DAGs
[2025-05-02T05:56:50.410+0000] {logging_mixin.py:190} INFO - [2025-05-02T05:56:50.409+0000] {dag.py:4180} INFO - Setting next_dagrun for news_dag to None, run_after=None
[2025-05-02T05:56:50.416+0000] {processor.py:208} INFO - Processing /opt/airflow/dags/wordcount_dag.py took 0.167 seconds
[2025-05-02T05:57:20.723+0000] {processor.py:186} INFO - Started process (PID=302) to work on /opt/airflow/dags/wordcount_dag.py
[2025-05-02T05:57:20.724+0000] {processor.py:914} INFO - Processing file /opt/airflow/dags/wordcount_dag.py for tasks to queue
[2025-05-02T05:57:20.725+0000] {logging_mixin.py:190} INFO - [2025-05-02T05:57:20.725+0000] {dagbag.py:588} INFO - Filling up the DagBag from /opt/airflow/dags/wordcount_dag.py
[2025-05-02T05:57:20.855+0000] {processor.py:925} INFO - DAG(s) 'news_dag' retrieved from /opt/airflow/dags/wordcount_dag.py
[2025-05-02T05:57:20.862+0000] {logging_mixin.py:190} INFO - [2025-05-02T05:57:20.862+0000] {dag.py:3239} INFO - Sync 1 DAGs
[2025-05-02T05:57:20.867+0000] {logging_mixin.py:190} INFO - [2025-05-02T05:57:20.867+0000] {dag.py:4180} INFO - Setting next_dagrun for news_dag to None, run_after=None
[2025-05-02T05:57:20.873+0000] {processor.py:208} INFO - Processing /opt/airflow/dags/wordcount_dag.py took 0.152 seconds
[2025-05-02T05:57:51.261+0000] {processor.py:186} INFO - Started process (PID=305) to work on /opt/airflow/dags/wordcount_dag.py
[2025-05-02T05:57:51.262+0000] {processor.py:914} INFO - Processing file /opt/airflow/dags/wordcount_dag.py for tasks to queue
[2025-05-02T05:57:51.263+0000] {logging_mixin.py:190} INFO - [2025-05-02T05:57:51.263+0000] {dagbag.py:588} INFO - Filling up the DagBag from /opt/airflow/dags/wordcount_dag.py
[2025-05-02T05:57:51.395+0000] {processor.py:925} INFO - DAG(s) 'news_dag' retrieved from /opt/airflow/dags/wordcount_dag.py
[2025-05-02T05:57:51.403+0000] {logging_mixin.py:190} INFO - [2025-05-02T05:57:51.402+0000] {dag.py:3239} INFO - Sync 1 DAGs
[2025-05-02T05:57:51.407+0000] {logging_mixin.py:190} INFO - [2025-05-02T05:57:51.407+0000] {dag.py:4180} INFO - Setting next_dagrun for news_dag to None, run_after=None
[2025-05-02T05:57:51.412+0000] {processor.py:208} INFO - Processing /opt/airflow/dags/wordcount_dag.py took 0.154 seconds
[2025-05-02T05:58:21.757+0000] {processor.py:186} INFO - Started process (PID=308) to work on /opt/airflow/dags/wordcount_dag.py
[2025-05-02T05:58:21.758+0000] {processor.py:914} INFO - Processing file /opt/airflow/dags/wordcount_dag.py for tasks to queue
[2025-05-02T05:58:21.758+0000] {logging_mixin.py:190} INFO - [2025-05-02T05:58:21.758+0000] {dagbag.py:588} INFO - Filling up the DagBag from /opt/airflow/dags/wordcount_dag.py
[2025-05-02T05:58:21.889+0000] {processor.py:925} INFO - DAG(s) 'news_dag' retrieved from /opt/airflow/dags/wordcount_dag.py
[2025-05-02T05:58:21.897+0000] {logging_mixin.py:190} INFO - [2025-05-02T05:58:21.897+0000] {dag.py:3239} INFO - Sync 1 DAGs
[2025-05-02T05:58:21.901+0000] {logging_mixin.py:190} INFO - [2025-05-02T05:58:21.901+0000] {dag.py:4180} INFO - Setting next_dagrun for news_dag to None, run_after=None
[2025-05-02T05:58:21.907+0000] {processor.py:208} INFO - Processing /opt/airflow/dags/wordcount_dag.py took 0.153 seconds
[2025-05-02T05:58:52.224+0000] {processor.py:186} INFO - Started process (PID=311) to work on /opt/airflow/dags/wordcount_dag.py
[2025-05-02T05:58:52.225+0000] {processor.py:914} INFO - Processing file /opt/airflow/dags/wordcount_dag.py for tasks to queue
[2025-05-02T05:58:52.225+0000] {logging_mixin.py:190} INFO - [2025-05-02T05:58:52.225+0000] {dagbag.py:588} INFO - Filling up the DagBag from /opt/airflow/dags/wordcount_dag.py
[2025-05-02T05:58:52.388+0000] {processor.py:925} INFO - DAG(s) 'news_dag' retrieved from /opt/airflow/dags/wordcount_dag.py
[2025-05-02T05:58:52.397+0000] {logging_mixin.py:190} INFO - [2025-05-02T05:58:52.397+0000] {dag.py:3239} INFO - Sync 1 DAGs
[2025-05-02T05:58:52.402+0000] {logging_mixin.py:190} INFO - [2025-05-02T05:58:52.402+0000] {dag.py:4180} INFO - Setting next_dagrun for news_dag to None, run_after=None
[2025-05-02T05:58:52.409+0000] {processor.py:208} INFO - Processing /opt/airflow/dags/wordcount_dag.py took 0.190 seconds
[2025-05-02T05:59:22.925+0000] {processor.py:186} INFO - Started process (PID=314) to work on /opt/airflow/dags/wordcount_dag.py
[2025-05-02T05:59:22.926+0000] {processor.py:914} INFO - Processing file /opt/airflow/dags/wordcount_dag.py for tasks to queue
[2025-05-02T05:59:22.926+0000] {logging_mixin.py:190} INFO - [2025-05-02T05:59:22.926+0000] {dagbag.py:588} INFO - Filling up the DagBag from /opt/airflow/dags/wordcount_dag.py
[2025-05-02T05:59:23.077+0000] {processor.py:925} INFO - DAG(s) 'news_dag' retrieved from /opt/airflow/dags/wordcount_dag.py
[2025-05-02T05:59:23.085+0000] {logging_mixin.py:190} INFO - [2025-05-02T05:59:23.085+0000] {dag.py:3239} INFO - Sync 1 DAGs
[2025-05-02T05:59:23.089+0000] {logging_mixin.py:190} INFO - [2025-05-02T05:59:23.089+0000] {dag.py:4180} INFO - Setting next_dagrun for news_dag to None, run_after=None
[2025-05-02T05:59:23.094+0000] {processor.py:208} INFO - Processing /opt/airflow/dags/wordcount_dag.py took 0.173 seconds
[2025-05-02T05:59:53.453+0000] {processor.py:186} INFO - Started process (PID=317) to work on /opt/airflow/dags/wordcount_dag.py
[2025-05-02T05:59:53.454+0000] {processor.py:914} INFO - Processing file /opt/airflow/dags/wordcount_dag.py for tasks to queue
[2025-05-02T05:59:53.455+0000] {logging_mixin.py:190} INFO - [2025-05-02T05:59:53.455+0000] {dagbag.py:588} INFO - Filling up the DagBag from /opt/airflow/dags/wordcount_dag.py
[2025-05-02T05:59:53.587+0000] {processor.py:925} INFO - DAG(s) 'news_dag' retrieved from /opt/airflow/dags/wordcount_dag.py
[2025-05-02T05:59:53.595+0000] {logging_mixin.py:190} INFO - [2025-05-02T05:59:53.594+0000] {dag.py:3239} INFO - Sync 1 DAGs
[2025-05-02T05:59:53.599+0000] {logging_mixin.py:190} INFO - [2025-05-02T05:59:53.599+0000] {dag.py:4180} INFO - Setting next_dagrun for news_dag to None, run_after=None
[2025-05-02T05:59:53.605+0000] {processor.py:208} INFO - Processing /opt/airflow/dags/wordcount_dag.py took 0.154 seconds
[2025-05-02T06:00:24.076+0000] {processor.py:186} INFO - Started process (PID=320) to work on /opt/airflow/dags/wordcount_dag.py
[2025-05-02T06:00:24.077+0000] {processor.py:914} INFO - Processing file /opt/airflow/dags/wordcount_dag.py for tasks to queue
[2025-05-02T06:00:24.078+0000] {logging_mixin.py:190} INFO - [2025-05-02T06:00:24.077+0000] {dagbag.py:588} INFO - Filling up the DagBag from /opt/airflow/dags/wordcount_dag.py
[2025-05-02T06:00:24.209+0000] {processor.py:925} INFO - DAG(s) 'news_dag' retrieved from /opt/airflow/dags/wordcount_dag.py
[2025-05-02T06:00:24.216+0000] {logging_mixin.py:190} INFO - [2025-05-02T06:00:24.216+0000] {dag.py:3239} INFO - Sync 1 DAGs
[2025-05-02T06:00:24.221+0000] {logging_mixin.py:190} INFO - [2025-05-02T06:00:24.220+0000] {dag.py:4180} INFO - Setting next_dagrun for news_dag to None, run_after=None
[2025-05-02T06:00:24.226+0000] {processor.py:208} INFO - Processing /opt/airflow/dags/wordcount_dag.py took 0.153 seconds
[2025-05-02T06:00:54.679+0000] {processor.py:186} INFO - Started process (PID=323) to work on /opt/airflow/dags/wordcount_dag.py
[2025-05-02T06:00:54.680+0000] {processor.py:914} INFO - Processing file /opt/airflow/dags/wordcount_dag.py for tasks to queue
[2025-05-02T06:00:54.681+0000] {logging_mixin.py:190} INFO - [2025-05-02T06:00:54.680+0000] {dagbag.py:588} INFO - Filling up the DagBag from /opt/airflow/dags/wordcount_dag.py
[2025-05-02T06:00:54.814+0000] {processor.py:925} INFO - DAG(s) 'news_dag' retrieved from /opt/airflow/dags/wordcount_dag.py
[2025-05-02T06:00:54.821+0000] {logging_mixin.py:190} INFO - [2025-05-02T06:00:54.821+0000] {dag.py:3239} INFO - Sync 1 DAGs
[2025-05-02T06:00:54.825+0000] {logging_mixin.py:190} INFO - [2025-05-02T06:00:54.825+0000] {dag.py:4180} INFO - Setting next_dagrun for news_dag to None, run_after=None
[2025-05-02T06:00:54.831+0000] {processor.py:208} INFO - Processing /opt/airflow/dags/wordcount_dag.py took 0.155 seconds
[2025-05-02T06:01:25.315+0000] {processor.py:186} INFO - Started process (PID=326) to work on /opt/airflow/dags/wordcount_dag.py
[2025-05-02T06:01:25.315+0000] {processor.py:914} INFO - Processing file /opt/airflow/dags/wordcount_dag.py for tasks to queue
[2025-05-02T06:01:25.316+0000] {logging_mixin.py:190} INFO - [2025-05-02T06:01:25.316+0000] {dagbag.py:588} INFO - Filling up the DagBag from /opt/airflow/dags/wordcount_dag.py
[2025-05-02T06:01:25.446+0000] {processor.py:925} INFO - DAG(s) 'news_dag' retrieved from /opt/airflow/dags/wordcount_dag.py
[2025-05-02T06:01:25.453+0000] {logging_mixin.py:190} INFO - [2025-05-02T06:01:25.453+0000] {dag.py:3239} INFO - Sync 1 DAGs
[2025-05-02T06:01:25.457+0000] {logging_mixin.py:190} INFO - [2025-05-02T06:01:25.457+0000] {dag.py:4180} INFO - Setting next_dagrun for news_dag to None, run_after=None
[2025-05-02T06:01:25.463+0000] {processor.py:208} INFO - Processing /opt/airflow/dags/wordcount_dag.py took 0.151 seconds
[2025-05-02T06:01:55.914+0000] {processor.py:186} INFO - Started process (PID=329) to work on /opt/airflow/dags/wordcount_dag.py
[2025-05-02T06:01:55.914+0000] {processor.py:914} INFO - Processing file /opt/airflow/dags/wordcount_dag.py for tasks to queue
[2025-05-02T06:01:55.915+0000] {logging_mixin.py:190} INFO - [2025-05-02T06:01:55.915+0000] {dagbag.py:588} INFO - Filling up the DagBag from /opt/airflow/dags/wordcount_dag.py
[2025-05-02T06:01:56.044+0000] {processor.py:925} INFO - DAG(s) 'news_dag' retrieved from /opt/airflow/dags/wordcount_dag.py
[2025-05-02T06:01:56.053+0000] {logging_mixin.py:190} INFO - [2025-05-02T06:01:56.052+0000] {dag.py:3239} INFO - Sync 1 DAGs
[2025-05-02T06:01:56.057+0000] {logging_mixin.py:190} INFO - [2025-05-02T06:01:56.057+0000] {dag.py:4180} INFO - Setting next_dagrun for news_dag to None, run_after=None
[2025-05-02T06:01:56.064+0000] {processor.py:208} INFO - Processing /opt/airflow/dags/wordcount_dag.py took 0.153 seconds
[2025-05-02T06:02:26.541+0000] {processor.py:186} INFO - Started process (PID=332) to work on /opt/airflow/dags/wordcount_dag.py
[2025-05-02T06:02:26.542+0000] {processor.py:914} INFO - Processing file /opt/airflow/dags/wordcount_dag.py for tasks to queue
[2025-05-02T06:02:26.543+0000] {logging_mixin.py:190} INFO - [2025-05-02T06:02:26.542+0000] {dagbag.py:588} INFO - Filling up the DagBag from /opt/airflow/dags/wordcount_dag.py
[2025-05-02T06:02:26.670+0000] {processor.py:925} INFO - DAG(s) 'news_dag' retrieved from /opt/airflow/dags/wordcount_dag.py
[2025-05-02T06:02:26.678+0000] {logging_mixin.py:190} INFO - [2025-05-02T06:02:26.677+0000] {dag.py:3239} INFO - Sync 1 DAGs
[2025-05-02T06:02:26.682+0000] {logging_mixin.py:190} INFO - [2025-05-02T06:02:26.682+0000] {dag.py:4180} INFO - Setting next_dagrun for news_dag to None, run_after=None
[2025-05-02T06:02:26.688+0000] {processor.py:208} INFO - Processing /opt/airflow/dags/wordcount_dag.py took 0.150 seconds
[2025-05-02T06:02:57.138+0000] {processor.py:186} INFO - Started process (PID=335) to work on /opt/airflow/dags/wordcount_dag.py
[2025-05-02T06:02:57.139+0000] {processor.py:914} INFO - Processing file /opt/airflow/dags/wordcount_dag.py for tasks to queue
[2025-05-02T06:02:57.139+0000] {logging_mixin.py:190} INFO - [2025-05-02T06:02:57.139+0000] {dagbag.py:588} INFO - Filling up the DagBag from /opt/airflow/dags/wordcount_dag.py
[2025-05-02T06:02:57.270+0000] {processor.py:925} INFO - DAG(s) 'news_dag' retrieved from /opt/airflow/dags/wordcount_dag.py
[2025-05-02T06:02:57.278+0000] {logging_mixin.py:190} INFO - [2025-05-02T06:02:57.277+0000] {dag.py:3239} INFO - Sync 1 DAGs
[2025-05-02T06:02:57.282+0000] {logging_mixin.py:190} INFO - [2025-05-02T06:02:57.282+0000] {dag.py:4180} INFO - Setting next_dagrun for news_dag to None, run_after=None
[2025-05-02T06:02:57.288+0000] {processor.py:208} INFO - Processing /opt/airflow/dags/wordcount_dag.py took 0.153 seconds
[2025-05-02T06:03:27.712+0000] {processor.py:186} INFO - Started process (PID=338) to work on /opt/airflow/dags/wordcount_dag.py
[2025-05-02T06:03:27.713+0000] {processor.py:914} INFO - Processing file /opt/airflow/dags/wordcount_dag.py for tasks to queue
[2025-05-02T06:03:27.713+0000] {logging_mixin.py:190} INFO - [2025-05-02T06:03:27.713+0000] {dagbag.py:588} INFO - Filling up the DagBag from /opt/airflow/dags/wordcount_dag.py
[2025-05-02T06:03:27.845+0000] {processor.py:925} INFO - DAG(s) 'news_dag' retrieved from /opt/airflow/dags/wordcount_dag.py
[2025-05-02T06:03:27.853+0000] {logging_mixin.py:190} INFO - [2025-05-02T06:03:27.853+0000] {dag.py:3239} INFO - Sync 1 DAGs
[2025-05-02T06:03:27.857+0000] {logging_mixin.py:190} INFO - [2025-05-02T06:03:27.857+0000] {dag.py:4180} INFO - Setting next_dagrun for news_dag to None, run_after=None
[2025-05-02T06:03:27.863+0000] {processor.py:208} INFO - Processing /opt/airflow/dags/wordcount_dag.py took 0.154 seconds
[2025-05-02T06:03:58.354+0000] {processor.py:186} INFO - Started process (PID=341) to work on /opt/airflow/dags/wordcount_dag.py
[2025-05-02T06:03:58.354+0000] {processor.py:914} INFO - Processing file /opt/airflow/dags/wordcount_dag.py for tasks to queue
[2025-05-02T06:03:58.355+0000] {logging_mixin.py:190} INFO - [2025-05-02T06:03:58.355+0000] {dagbag.py:588} INFO - Filling up the DagBag from /opt/airflow/dags/wordcount_dag.py
[2025-05-02T06:03:58.487+0000] {processor.py:925} INFO - DAG(s) 'news_dag' retrieved from /opt/airflow/dags/wordcount_dag.py
[2025-05-02T06:03:58.495+0000] {logging_mixin.py:190} INFO - [2025-05-02T06:03:58.495+0000] {dag.py:3239} INFO - Sync 1 DAGs
[2025-05-02T06:03:58.499+0000] {logging_mixin.py:190} INFO - [2025-05-02T06:03:58.499+0000] {dag.py:4180} INFO - Setting next_dagrun for news_dag to None, run_after=None
[2025-05-02T06:03:58.505+0000] {processor.py:208} INFO - Processing /opt/airflow/dags/wordcount_dag.py took 0.155 seconds
[2025-05-02T06:04:28.996+0000] {processor.py:186} INFO - Started process (PID=344) to work on /opt/airflow/dags/wordcount_dag.py
[2025-05-02T06:04:28.997+0000] {processor.py:914} INFO - Processing file /opt/airflow/dags/wordcount_dag.py for tasks to queue
[2025-05-02T06:04:28.997+0000] {logging_mixin.py:190} INFO - [2025-05-02T06:04:28.997+0000] {dagbag.py:588} INFO - Filling up the DagBag from /opt/airflow/dags/wordcount_dag.py
[2025-05-02T06:04:29.127+0000] {processor.py:925} INFO - DAG(s) 'news_dag' retrieved from /opt/airflow/dags/wordcount_dag.py
[2025-05-02T06:04:29.135+0000] {logging_mixin.py:190} INFO - [2025-05-02T06:04:29.135+0000] {dag.py:3239} INFO - Sync 1 DAGs
[2025-05-02T06:04:29.139+0000] {logging_mixin.py:190} INFO - [2025-05-02T06:04:29.139+0000] {dag.py:4180} INFO - Setting next_dagrun for news_dag to None, run_after=None
[2025-05-02T06:04:29.146+0000] {processor.py:208} INFO - Processing /opt/airflow/dags/wordcount_dag.py took 0.153 seconds
[2025-05-02T06:04:59.655+0000] {processor.py:186} INFO - Started process (PID=347) to work on /opt/airflow/dags/wordcount_dag.py
[2025-05-02T06:04:59.656+0000] {processor.py:914} INFO - Processing file /opt/airflow/dags/wordcount_dag.py for tasks to queue
[2025-05-02T06:04:59.656+0000] {logging_mixin.py:190} INFO - [2025-05-02T06:04:59.656+0000] {dagbag.py:588} INFO - Filling up the DagBag from /opt/airflow/dags/wordcount_dag.py
[2025-05-02T06:04:59.794+0000] {processor.py:925} INFO - DAG(s) 'news_dag' retrieved from /opt/airflow/dags/wordcount_dag.py
[2025-05-02T06:04:59.802+0000] {logging_mixin.py:190} INFO - [2025-05-02T06:04:59.802+0000] {dag.py:3239} INFO - Sync 1 DAGs
[2025-05-02T06:04:59.806+0000] {logging_mixin.py:190} INFO - [2025-05-02T06:04:59.806+0000] {dag.py:4180} INFO - Setting next_dagrun for news_dag to None, run_after=None
[2025-05-02T06:04:59.812+0000] {processor.py:208} INFO - Processing /opt/airflow/dags/wordcount_dag.py took 0.160 seconds
[2025-05-02T06:05:30.238+0000] {processor.py:186} INFO - Started process (PID=350) to work on /opt/airflow/dags/wordcount_dag.py
[2025-05-02T06:05:30.239+0000] {processor.py:914} INFO - Processing file /opt/airflow/dags/wordcount_dag.py for tasks to queue
[2025-05-02T06:05:30.240+0000] {logging_mixin.py:190} INFO - [2025-05-02T06:05:30.240+0000] {dagbag.py:588} INFO - Filling up the DagBag from /opt/airflow/dags/wordcount_dag.py
[2025-05-02T06:05:30.370+0000] {processor.py:925} INFO - DAG(s) 'news_dag' retrieved from /opt/airflow/dags/wordcount_dag.py
[2025-05-02T06:05:30.378+0000] {logging_mixin.py:190} INFO - [2025-05-02T06:05:30.377+0000] {dag.py:3239} INFO - Sync 1 DAGs
[2025-05-02T06:05:30.382+0000] {logging_mixin.py:190} INFO - [2025-05-02T06:05:30.381+0000] {dag.py:4180} INFO - Setting next_dagrun for news_dag to None, run_after=None
[2025-05-02T06:05:30.387+0000] {processor.py:208} INFO - Processing /opt/airflow/dags/wordcount_dag.py took 0.152 seconds
[2025-05-02T06:06:00.862+0000] {processor.py:186} INFO - Started process (PID=353) to work on /opt/airflow/dags/wordcount_dag.py
[2025-05-02T06:06:00.862+0000] {processor.py:914} INFO - Processing file /opt/airflow/dags/wordcount_dag.py for tasks to queue
[2025-05-02T06:06:00.863+0000] {logging_mixin.py:190} INFO - [2025-05-02T06:06:00.862+0000] {dagbag.py:588} INFO - Filling up the DagBag from /opt/airflow/dags/wordcount_dag.py
[2025-05-02T06:06:00.994+0000] {processor.py:925} INFO - DAG(s) 'news_dag' retrieved from /opt/airflow/dags/wordcount_dag.py
[2025-05-02T06:06:01.002+0000] {logging_mixin.py:190} INFO - [2025-05-02T06:06:01.002+0000] {dag.py:3239} INFO - Sync 1 DAGs
[2025-05-02T06:06:01.006+0000] {logging_mixin.py:190} INFO - [2025-05-02T06:06:01.006+0000] {dag.py:4180} INFO - Setting next_dagrun for news_dag to None, run_after=None
[2025-05-02T06:06:01.012+0000] {processor.py:208} INFO - Processing /opt/airflow/dags/wordcount_dag.py took 0.154 seconds
[2025-05-02T06:06:31.454+0000] {processor.py:186} INFO - Started process (PID=356) to work on /opt/airflow/dags/wordcount_dag.py
[2025-05-02T06:06:31.455+0000] {processor.py:914} INFO - Processing file /opt/airflow/dags/wordcount_dag.py for tasks to queue
[2025-05-02T06:06:31.455+0000] {logging_mixin.py:190} INFO - [2025-05-02T06:06:31.455+0000] {dagbag.py:588} INFO - Filling up the DagBag from /opt/airflow/dags/wordcount_dag.py
[2025-05-02T06:06:31.587+0000] {processor.py:925} INFO - DAG(s) 'news_dag' retrieved from /opt/airflow/dags/wordcount_dag.py
[2025-05-02T06:06:31.594+0000] {logging_mixin.py:190} INFO - [2025-05-02T06:06:31.594+0000] {dag.py:3239} INFO - Sync 1 DAGs
[2025-05-02T06:06:31.598+0000] {logging_mixin.py:190} INFO - [2025-05-02T06:06:31.598+0000] {dag.py:4180} INFO - Setting next_dagrun for news_dag to None, run_after=None
[2025-05-02T06:06:31.604+0000] {processor.py:208} INFO - Processing /opt/airflow/dags/wordcount_dag.py took 0.153 seconds
[2025-05-02T06:07:02.077+0000] {processor.py:186} INFO - Started process (PID=359) to work on /opt/airflow/dags/wordcount_dag.py
[2025-05-02T06:07:02.077+0000] {processor.py:914} INFO - Processing file /opt/airflow/dags/wordcount_dag.py for tasks to queue
[2025-05-02T06:07:02.078+0000] {logging_mixin.py:190} INFO - [2025-05-02T06:07:02.078+0000] {dagbag.py:588} INFO - Filling up the DagBag from /opt/airflow/dags/wordcount_dag.py
[2025-05-02T06:07:02.209+0000] {processor.py:925} INFO - DAG(s) 'news_dag' retrieved from /opt/airflow/dags/wordcount_dag.py
[2025-05-02T06:07:02.217+0000] {logging_mixin.py:190} INFO - [2025-05-02T06:07:02.217+0000] {dag.py:3239} INFO - Sync 1 DAGs
[2025-05-02T06:07:02.221+0000] {logging_mixin.py:190} INFO - [2025-05-02T06:07:02.221+0000] {dag.py:4180} INFO - Setting next_dagrun for news_dag to None, run_after=None
[2025-05-02T06:07:02.227+0000] {processor.py:208} INFO - Processing /opt/airflow/dags/wordcount_dag.py took 0.154 seconds
[2025-05-02T06:07:32.710+0000] {processor.py:186} INFO - Started process (PID=362) to work on /opt/airflow/dags/wordcount_dag.py
[2025-05-02T06:07:32.710+0000] {processor.py:914} INFO - Processing file /opt/airflow/dags/wordcount_dag.py for tasks to queue
[2025-05-02T06:07:32.711+0000] {logging_mixin.py:190} INFO - [2025-05-02T06:07:32.711+0000] {dagbag.py:588} INFO - Filling up the DagBag from /opt/airflow/dags/wordcount_dag.py
[2025-05-02T06:07:32.841+0000] {processor.py:925} INFO - DAG(s) 'news_dag' retrieved from /opt/airflow/dags/wordcount_dag.py
[2025-05-02T06:07:32.848+0000] {logging_mixin.py:190} INFO - [2025-05-02T06:07:32.848+0000] {dag.py:3239} INFO - Sync 1 DAGs
[2025-05-02T06:07:32.853+0000] {logging_mixin.py:190} INFO - [2025-05-02T06:07:32.852+0000] {dag.py:4180} INFO - Setting next_dagrun for news_dag to None, run_after=None
[2025-05-02T06:07:32.859+0000] {processor.py:208} INFO - Processing /opt/airflow/dags/wordcount_dag.py took 0.152 seconds
[2025-05-02T06:08:03.331+0000] {processor.py:186} INFO - Started process (PID=365) to work on /opt/airflow/dags/wordcount_dag.py
[2025-05-02T06:08:03.332+0000] {processor.py:914} INFO - Processing file /opt/airflow/dags/wordcount_dag.py for tasks to queue
[2025-05-02T06:08:03.332+0000] {logging_mixin.py:190} INFO - [2025-05-02T06:08:03.332+0000] {dagbag.py:588} INFO - Filling up the DagBag from /opt/airflow/dags/wordcount_dag.py
[2025-05-02T06:08:03.463+0000] {processor.py:925} INFO - DAG(s) 'news_dag' retrieved from /opt/airflow/dags/wordcount_dag.py
[2025-05-02T06:08:03.470+0000] {logging_mixin.py:190} INFO - [2025-05-02T06:08:03.470+0000] {dag.py:3239} INFO - Sync 1 DAGs
[2025-05-02T06:08:03.475+0000] {logging_mixin.py:190} INFO - [2025-05-02T06:08:03.474+0000] {dag.py:4180} INFO - Setting next_dagrun for news_dag to None, run_after=None
[2025-05-02T06:08:03.480+0000] {processor.py:208} INFO - Processing /opt/airflow/dags/wordcount_dag.py took 0.153 seconds
[2025-05-02T06:08:33.945+0000] {processor.py:186} INFO - Started process (PID=368) to work on /opt/airflow/dags/wordcount_dag.py
[2025-05-02T06:08:33.946+0000] {processor.py:914} INFO - Processing file /opt/airflow/dags/wordcount_dag.py for tasks to queue
[2025-05-02T06:08:33.946+0000] {logging_mixin.py:190} INFO - [2025-05-02T06:08:33.946+0000] {dagbag.py:588} INFO - Filling up the DagBag from /opt/airflow/dags/wordcount_dag.py
[2025-05-02T06:08:34.075+0000] {processor.py:925} INFO - DAG(s) 'news_dag' retrieved from /opt/airflow/dags/wordcount_dag.py
[2025-05-02T06:08:34.082+0000] {logging_mixin.py:190} INFO - [2025-05-02T06:08:34.082+0000] {dag.py:3239} INFO - Sync 1 DAGs
[2025-05-02T06:08:34.086+0000] {logging_mixin.py:190} INFO - [2025-05-02T06:08:34.086+0000] {dag.py:4180} INFO - Setting next_dagrun for news_dag to None, run_after=None
[2025-05-02T06:08:34.092+0000] {processor.py:208} INFO - Processing /opt/airflow/dags/wordcount_dag.py took 0.150 seconds
[2025-05-02T06:09:04.567+0000] {processor.py:186} INFO - Started process (PID=371) to work on /opt/airflow/dags/wordcount_dag.py
[2025-05-02T06:09:04.567+0000] {processor.py:914} INFO - Processing file /opt/airflow/dags/wordcount_dag.py for tasks to queue
[2025-05-02T06:09:04.568+0000] {logging_mixin.py:190} INFO - [2025-05-02T06:09:04.567+0000] {dagbag.py:588} INFO - Filling up the DagBag from /opt/airflow/dags/wordcount_dag.py
[2025-05-02T06:09:04.699+0000] {processor.py:925} INFO - DAG(s) 'news_dag' retrieved from /opt/airflow/dags/wordcount_dag.py
[2025-05-02T06:09:04.708+0000] {logging_mixin.py:190} INFO - [2025-05-02T06:09:04.707+0000] {dag.py:3239} INFO - Sync 1 DAGs
[2025-05-02T06:09:04.712+0000] {logging_mixin.py:190} INFO - [2025-05-02T06:09:04.712+0000] {dag.py:4180} INFO - Setting next_dagrun for news_dag to None, run_after=None
[2025-05-02T06:09:04.718+0000] {processor.py:208} INFO - Processing /opt/airflow/dags/wordcount_dag.py took 0.155 seconds
[2025-05-02T06:09:35.180+0000] {processor.py:186} INFO - Started process (PID=374) to work on /opt/airflow/dags/wordcount_dag.py
[2025-05-02T06:09:35.180+0000] {processor.py:914} INFO - Processing file /opt/airflow/dags/wordcount_dag.py for tasks to queue
[2025-05-02T06:09:35.181+0000] {logging_mixin.py:190} INFO - [2025-05-02T06:09:35.181+0000] {dagbag.py:588} INFO - Filling up the DagBag from /opt/airflow/dags/wordcount_dag.py
[2025-05-02T06:09:35.313+0000] {processor.py:925} INFO - DAG(s) 'news_dag' retrieved from /opt/airflow/dags/wordcount_dag.py
[2025-05-02T06:09:35.320+0000] {logging_mixin.py:190} INFO - [2025-05-02T06:09:35.320+0000] {dag.py:3239} INFO - Sync 1 DAGs
[2025-05-02T06:09:35.324+0000] {logging_mixin.py:190} INFO - [2025-05-02T06:09:35.324+0000] {dag.py:4180} INFO - Setting next_dagrun for news_dag to None, run_after=None
[2025-05-02T06:09:35.330+0000] {processor.py:208} INFO - Processing /opt/airflow/dags/wordcount_dag.py took 0.153 seconds
[2025-05-02T06:10:05.784+0000] {processor.py:186} INFO - Started process (PID=377) to work on /opt/airflow/dags/wordcount_dag.py
[2025-05-02T06:10:05.784+0000] {processor.py:914} INFO - Processing file /opt/airflow/dags/wordcount_dag.py for tasks to queue
[2025-05-02T06:10:05.785+0000] {logging_mixin.py:190} INFO - [2025-05-02T06:10:05.785+0000] {dagbag.py:588} INFO - Filling up the DagBag from /opt/airflow/dags/wordcount_dag.py
[2025-05-02T06:10:05.917+0000] {processor.py:925} INFO - DAG(s) 'news_dag' retrieved from /opt/airflow/dags/wordcount_dag.py
[2025-05-02T06:10:05.924+0000] {logging_mixin.py:190} INFO - [2025-05-02T06:10:05.924+0000] {dag.py:3239} INFO - Sync 1 DAGs
[2025-05-02T06:10:05.928+0000] {logging_mixin.py:190} INFO - [2025-05-02T06:10:05.928+0000] {dag.py:4180} INFO - Setting next_dagrun for news_dag to None, run_after=None
[2025-05-02T06:10:05.934+0000] {processor.py:208} INFO - Processing /opt/airflow/dags/wordcount_dag.py took 0.154 seconds
[2025-05-02T06:10:36.443+0000] {processor.py:186} INFO - Started process (PID=380) to work on /opt/airflow/dags/wordcount_dag.py
[2025-05-02T06:10:36.444+0000] {processor.py:914} INFO - Processing file /opt/airflow/dags/wordcount_dag.py for tasks to queue
[2025-05-02T06:10:36.445+0000] {logging_mixin.py:190} INFO - [2025-05-02T06:10:36.445+0000] {dagbag.py:588} INFO - Filling up the DagBag from /opt/airflow/dags/wordcount_dag.py
[2025-05-02T06:10:36.583+0000] {processor.py:925} INFO - DAG(s) 'news_dag' retrieved from /opt/airflow/dags/wordcount_dag.py
[2025-05-02T06:10:36.590+0000] {logging_mixin.py:190} INFO - [2025-05-02T06:10:36.590+0000] {dag.py:3239} INFO - Sync 1 DAGs
[2025-05-02T06:10:36.595+0000] {logging_mixin.py:190} INFO - [2025-05-02T06:10:36.595+0000] {dag.py:4180} INFO - Setting next_dagrun for news_dag to None, run_after=None
[2025-05-02T06:10:36.601+0000] {processor.py:208} INFO - Processing /opt/airflow/dags/wordcount_dag.py took 0.161 seconds
[2025-05-02T06:11:06.795+0000] {processor.py:186} INFO - Started process (PID=383) to work on /opt/airflow/dags/wordcount_dag.py
[2025-05-02T06:11:06.795+0000] {processor.py:914} INFO - Processing file /opt/airflow/dags/wordcount_dag.py for tasks to queue
[2025-05-02T06:11:06.796+0000] {logging_mixin.py:190} INFO - [2025-05-02T06:11:06.795+0000] {dagbag.py:588} INFO - Filling up the DagBag from /opt/airflow/dags/wordcount_dag.py
[2025-05-02T06:11:06.927+0000] {processor.py:925} INFO - DAG(s) 'news_dag' retrieved from /opt/airflow/dags/wordcount_dag.py
[2025-05-02T06:11:06.935+0000] {logging_mixin.py:190} INFO - [2025-05-02T06:11:06.935+0000] {dag.py:3239} INFO - Sync 1 DAGs
[2025-05-02T06:11:06.940+0000] {logging_mixin.py:190} INFO - [2025-05-02T06:11:06.940+0000] {dag.py:4180} INFO - Setting next_dagrun for news_dag to None, run_after=None
[2025-05-02T06:11:06.945+0000] {processor.py:208} INFO - Processing /opt/airflow/dags/wordcount_dag.py took 0.154 seconds
[2025-05-02T06:11:37.200+0000] {processor.py:186} INFO - Started process (PID=386) to work on /opt/airflow/dags/wordcount_dag.py
[2025-05-02T06:11:37.201+0000] {processor.py:914} INFO - Processing file /opt/airflow/dags/wordcount_dag.py for tasks to queue
[2025-05-02T06:11:37.201+0000] {logging_mixin.py:190} INFO - [2025-05-02T06:11:37.201+0000] {dagbag.py:588} INFO - Filling up the DagBag from /opt/airflow/dags/wordcount_dag.py
[2025-05-02T06:11:37.346+0000] {processor.py:925} INFO - DAG(s) 'news_dag' retrieved from /opt/airflow/dags/wordcount_dag.py
[2025-05-02T06:11:37.355+0000] {logging_mixin.py:190} INFO - [2025-05-02T06:11:37.355+0000] {dag.py:3239} INFO - Sync 1 DAGs
[2025-05-02T06:11:37.360+0000] {logging_mixin.py:190} INFO - [2025-05-02T06:11:37.360+0000] {dag.py:4180} INFO - Setting next_dagrun for news_dag to None, run_after=None
[2025-05-02T06:11:37.367+0000] {processor.py:208} INFO - Processing /opt/airflow/dags/wordcount_dag.py took 0.171 seconds
[2025-05-02T06:12:07.738+0000] {processor.py:186} INFO - Started process (PID=389) to work on /opt/airflow/dags/wordcount_dag.py
[2025-05-02T06:12:07.739+0000] {processor.py:914} INFO - Processing file /opt/airflow/dags/wordcount_dag.py for tasks to queue
[2025-05-02T06:12:07.739+0000] {logging_mixin.py:190} INFO - [2025-05-02T06:12:07.739+0000] {dagbag.py:588} INFO - Filling up the DagBag from /opt/airflow/dags/wordcount_dag.py
[2025-05-02T06:12:07.871+0000] {processor.py:925} INFO - DAG(s) 'news_dag' retrieved from /opt/airflow/dags/wordcount_dag.py
[2025-05-02T06:12:07.879+0000] {logging_mixin.py:190} INFO - [2025-05-02T06:12:07.878+0000] {dag.py:3239} INFO - Sync 1 DAGs
[2025-05-02T06:12:07.883+0000] {logging_mixin.py:190} INFO - [2025-05-02T06:12:07.883+0000] {dag.py:4180} INFO - Setting next_dagrun for news_dag to None, run_after=None
[2025-05-02T06:12:07.888+0000] {processor.py:208} INFO - Processing /opt/airflow/dags/wordcount_dag.py took 0.154 seconds
[2025-05-02T06:12:38.248+0000] {processor.py:186} INFO - Started process (PID=392) to work on /opt/airflow/dags/wordcount_dag.py
[2025-05-02T06:12:38.249+0000] {processor.py:914} INFO - Processing file /opt/airflow/dags/wordcount_dag.py for tasks to queue
[2025-05-02T06:12:38.250+0000] {logging_mixin.py:190} INFO - [2025-05-02T06:12:38.250+0000] {dagbag.py:588} INFO - Filling up the DagBag from /opt/airflow/dags/wordcount_dag.py
[2025-05-02T06:12:38.400+0000] {processor.py:925} INFO - DAG(s) 'news_dag' retrieved from /opt/airflow/dags/wordcount_dag.py
[2025-05-02T06:12:38.409+0000] {logging_mixin.py:190} INFO - [2025-05-02T06:12:38.409+0000] {dag.py:3239} INFO - Sync 1 DAGs
[2025-05-02T06:12:38.413+0000] {logging_mixin.py:190} INFO - [2025-05-02T06:12:38.413+0000] {dag.py:4180} INFO - Setting next_dagrun for news_dag to None, run_after=None
[2025-05-02T06:12:38.421+0000] {processor.py:208} INFO - Processing /opt/airflow/dags/wordcount_dag.py took 0.176 seconds
[2025-05-02T06:13:08.721+0000] {processor.py:186} INFO - Started process (PID=395) to work on /opt/airflow/dags/wordcount_dag.py
[2025-05-02T06:13:08.722+0000] {processor.py:914} INFO - Processing file /opt/airflow/dags/wordcount_dag.py for tasks to queue
[2025-05-02T06:13:08.722+0000] {logging_mixin.py:190} INFO - [2025-05-02T06:13:08.722+0000] {dagbag.py:588} INFO - Filling up the DagBag from /opt/airflow/dags/wordcount_dag.py
[2025-05-02T06:13:08.854+0000] {processor.py:925} INFO - DAG(s) 'news_dag' retrieved from /opt/airflow/dags/wordcount_dag.py
[2025-05-02T06:13:08.862+0000] {logging_mixin.py:190} INFO - [2025-05-02T06:13:08.862+0000] {dag.py:3239} INFO - Sync 1 DAGs
[2025-05-02T06:13:08.867+0000] {logging_mixin.py:190} INFO - [2025-05-02T06:13:08.867+0000] {dag.py:4180} INFO - Setting next_dagrun for news_dag to None, run_after=None
[2025-05-02T06:13:08.872+0000] {processor.py:208} INFO - Processing /opt/airflow/dags/wordcount_dag.py took 0.154 seconds
[2025-05-02T06:13:39.120+0000] {processor.py:186} INFO - Started process (PID=398) to work on /opt/airflow/dags/wordcount_dag.py
[2025-05-02T06:13:39.121+0000] {processor.py:914} INFO - Processing file /opt/airflow/dags/wordcount_dag.py for tasks to queue
[2025-05-02T06:13:39.121+0000] {logging_mixin.py:190} INFO - [2025-05-02T06:13:39.121+0000] {dagbag.py:588} INFO - Filling up the DagBag from /opt/airflow/dags/wordcount_dag.py
[2025-05-02T06:13:39.256+0000] {processor.py:925} INFO - DAG(s) 'news_dag' retrieved from /opt/airflow/dags/wordcount_dag.py
[2025-05-02T06:13:39.264+0000] {logging_mixin.py:190} INFO - [2025-05-02T06:13:39.264+0000] {dag.py:3239} INFO - Sync 1 DAGs
[2025-05-02T06:13:39.268+0000] {logging_mixin.py:190} INFO - [2025-05-02T06:13:39.268+0000] {dag.py:4180} INFO - Setting next_dagrun for news_dag to None, run_after=None
[2025-05-02T06:13:39.275+0000] {processor.py:208} INFO - Processing /opt/airflow/dags/wordcount_dag.py took 0.158 seconds
[2025-05-02T06:14:09.523+0000] {processor.py:186} INFO - Started process (PID=401) to work on /opt/airflow/dags/wordcount_dag.py
[2025-05-02T06:14:09.523+0000] {processor.py:914} INFO - Processing file /opt/airflow/dags/wordcount_dag.py for tasks to queue
[2025-05-02T06:14:09.524+0000] {logging_mixin.py:190} INFO - [2025-05-02T06:14:09.524+0000] {dagbag.py:588} INFO - Filling up the DagBag from /opt/airflow/dags/wordcount_dag.py
[2025-05-02T06:14:09.665+0000] {processor.py:925} INFO - DAG(s) 'news_dag' retrieved from /opt/airflow/dags/wordcount_dag.py
[2025-05-02T06:14:09.674+0000] {logging_mixin.py:190} INFO - [2025-05-02T06:14:09.673+0000] {dag.py:3239} INFO - Sync 1 DAGs
[2025-05-02T06:14:09.678+0000] {logging_mixin.py:190} INFO - [2025-05-02T06:14:09.678+0000] {dag.py:4180} INFO - Setting next_dagrun for news_dag to None, run_after=None
[2025-05-02T06:14:09.685+0000] {processor.py:208} INFO - Processing /opt/airflow/dags/wordcount_dag.py took 0.165 seconds
[2025-05-02T06:14:39.920+0000] {processor.py:186} INFO - Started process (PID=404) to work on /opt/airflow/dags/wordcount_dag.py
[2025-05-02T06:14:39.920+0000] {processor.py:914} INFO - Processing file /opt/airflow/dags/wordcount_dag.py for tasks to queue
[2025-05-02T06:14:39.921+0000] {logging_mixin.py:190} INFO - [2025-05-02T06:14:39.921+0000] {dagbag.py:588} INFO - Filling up the DagBag from /opt/airflow/dags/wordcount_dag.py
[2025-05-02T06:14:40.061+0000] {processor.py:925} INFO - DAG(s) 'news_dag' retrieved from /opt/airflow/dags/wordcount_dag.py
[2025-05-02T06:14:40.070+0000] {logging_mixin.py:190} INFO - [2025-05-02T06:14:40.070+0000] {dag.py:3239} INFO - Sync 1 DAGs
[2025-05-02T06:14:40.074+0000] {logging_mixin.py:190} INFO - [2025-05-02T06:14:40.074+0000] {dag.py:4180} INFO - Setting next_dagrun for news_dag to None, run_after=None
[2025-05-02T06:14:40.081+0000] {processor.py:208} INFO - Processing /opt/airflow/dags/wordcount_dag.py took 0.165 seconds
[2025-05-02T06:15:10.377+0000] {processor.py:186} INFO - Started process (PID=407) to work on /opt/airflow/dags/wordcount_dag.py
[2025-05-02T06:15:10.378+0000] {processor.py:914} INFO - Processing file /opt/airflow/dags/wordcount_dag.py for tasks to queue
[2025-05-02T06:15:10.379+0000] {logging_mixin.py:190} INFO - [2025-05-02T06:15:10.378+0000] {dagbag.py:588} INFO - Filling up the DagBag from /opt/airflow/dags/wordcount_dag.py
[2025-05-02T06:15:10.517+0000] {processor.py:925} INFO - DAG(s) 'news_dag' retrieved from /opt/airflow/dags/wordcount_dag.py
[2025-05-02T06:15:10.524+0000] {logging_mixin.py:190} INFO - [2025-05-02T06:15:10.524+0000] {dag.py:3239} INFO - Sync 1 DAGs
[2025-05-02T06:15:10.528+0000] {logging_mixin.py:190} INFO - [2025-05-02T06:15:10.528+0000] {dag.py:4180} INFO - Setting next_dagrun for news_dag to None, run_after=None
[2025-05-02T06:15:10.534+0000] {processor.py:208} INFO - Processing /opt/airflow/dags/wordcount_dag.py took 0.160 seconds
[2025-05-02T06:15:40.842+0000] {processor.py:186} INFO - Started process (PID=410) to work on /opt/airflow/dags/wordcount_dag.py
[2025-05-02T06:15:40.843+0000] {processor.py:914} INFO - Processing file /opt/airflow/dags/wordcount_dag.py for tasks to queue
[2025-05-02T06:15:40.844+0000] {logging_mixin.py:190} INFO - [2025-05-02T06:15:40.843+0000] {dagbag.py:588} INFO - Filling up the DagBag from /opt/airflow/dags/wordcount_dag.py
[2025-05-02T06:15:40.977+0000] {processor.py:925} INFO - DAG(s) 'news_dag' retrieved from /opt/airflow/dags/wordcount_dag.py
[2025-05-02T06:15:40.985+0000] {logging_mixin.py:190} INFO - [2025-05-02T06:15:40.985+0000] {dag.py:3239} INFO - Sync 1 DAGs
[2025-05-02T06:15:40.990+0000] {logging_mixin.py:190} INFO - [2025-05-02T06:15:40.990+0000] {dag.py:4180} INFO - Setting next_dagrun for news_dag to None, run_after=None
[2025-05-02T06:15:40.996+0000] {processor.py:208} INFO - Processing /opt/airflow/dags/wordcount_dag.py took 0.158 seconds
[2025-05-02T06:16:11.424+0000] {processor.py:186} INFO - Started process (PID=413) to work on /opt/airflow/dags/wordcount_dag.py
[2025-05-02T06:16:11.424+0000] {processor.py:914} INFO - Processing file /opt/airflow/dags/wordcount_dag.py for tasks to queue
[2025-05-02T06:16:11.425+0000] {logging_mixin.py:190} INFO - [2025-05-02T06:16:11.424+0000] {dagbag.py:588} INFO - Filling up the DagBag from /opt/airflow/dags/wordcount_dag.py
[2025-05-02T06:16:11.568+0000] {processor.py:925} INFO - DAG(s) 'news_dag' retrieved from /opt/airflow/dags/wordcount_dag.py
[2025-05-02T06:16:11.576+0000] {logging_mixin.py:190} INFO - [2025-05-02T06:16:11.576+0000] {dag.py:3239} INFO - Sync 1 DAGs
[2025-05-02T06:16:11.581+0000] {logging_mixin.py:190} INFO - [2025-05-02T06:16:11.581+0000] {dag.py:4180} INFO - Setting next_dagrun for news_dag to None, run_after=None
[2025-05-02T06:16:11.586+0000] {processor.py:208} INFO - Processing /opt/airflow/dags/wordcount_dag.py took 0.166 seconds
[2025-05-02T06:16:41.895+0000] {processor.py:186} INFO - Started process (PID=416) to work on /opt/airflow/dags/wordcount_dag.py
[2025-05-02T06:16:41.895+0000] {processor.py:914} INFO - Processing file /opt/airflow/dags/wordcount_dag.py for tasks to queue
[2025-05-02T06:16:41.896+0000] {logging_mixin.py:190} INFO - [2025-05-02T06:16:41.896+0000] {dagbag.py:588} INFO - Filling up the DagBag from /opt/airflow/dags/wordcount_dag.py
[2025-05-02T06:16:42.036+0000] {processor.py:925} INFO - DAG(s) 'news_dag' retrieved from /opt/airflow/dags/wordcount_dag.py
[2025-05-02T06:16:42.043+0000] {logging_mixin.py:190} INFO - [2025-05-02T06:16:42.043+0000] {dag.py:3239} INFO - Sync 1 DAGs
[2025-05-02T06:16:42.048+0000] {logging_mixin.py:190} INFO - [2025-05-02T06:16:42.048+0000] {dag.py:4180} INFO - Setting next_dagrun for news_dag to None, run_after=None
[2025-05-02T06:16:42.054+0000] {processor.py:208} INFO - Processing /opt/airflow/dags/wordcount_dag.py took 0.162 seconds
[2025-05-02T06:17:12.438+0000] {processor.py:186} INFO - Started process (PID=419) to work on /opt/airflow/dags/wordcount_dag.py
[2025-05-02T06:17:12.439+0000] {processor.py:914} INFO - Processing file /opt/airflow/dags/wordcount_dag.py for tasks to queue
[2025-05-02T06:17:12.440+0000] {logging_mixin.py:190} INFO - [2025-05-02T06:17:12.440+0000] {dagbag.py:588} INFO - Filling up the DagBag from /opt/airflow/dags/wordcount_dag.py
[2025-05-02T06:17:12.586+0000] {processor.py:925} INFO - DAG(s) 'news_dag' retrieved from /opt/airflow/dags/wordcount_dag.py
[2025-05-02T06:17:12.595+0000] {logging_mixin.py:190} INFO - [2025-05-02T06:17:12.594+0000] {dag.py:3239} INFO - Sync 1 DAGs
[2025-05-02T06:17:12.600+0000] {logging_mixin.py:190} INFO - [2025-05-02T06:17:12.599+0000] {dag.py:4180} INFO - Setting next_dagrun for news_dag to None, run_after=None
[2025-05-02T06:17:12.606+0000] {processor.py:208} INFO - Processing /opt/airflow/dags/wordcount_dag.py took 0.172 seconds
[2025-05-02T06:17:43.002+0000] {processor.py:186} INFO - Started process (PID=422) to work on /opt/airflow/dags/wordcount_dag.py
[2025-05-02T06:17:43.003+0000] {processor.py:914} INFO - Processing file /opt/airflow/dags/wordcount_dag.py for tasks to queue
[2025-05-02T06:17:43.004+0000] {logging_mixin.py:190} INFO - [2025-05-02T06:17:43.004+0000] {dagbag.py:588} INFO - Filling up the DagBag from /opt/airflow/dags/wordcount_dag.py
[2025-05-02T06:17:43.137+0000] {processor.py:925} INFO - DAG(s) 'news_dag' retrieved from /opt/airflow/dags/wordcount_dag.py
[2025-05-02T06:17:43.145+0000] {logging_mixin.py:190} INFO - [2025-05-02T06:17:43.145+0000] {dag.py:3239} INFO - Sync 1 DAGs
[2025-05-02T06:17:43.149+0000] {logging_mixin.py:190} INFO - [2025-05-02T06:17:43.149+0000] {dag.py:4180} INFO - Setting next_dagrun for news_dag to None, run_after=None
[2025-05-02T06:17:43.155+0000] {processor.py:208} INFO - Processing /opt/airflow/dags/wordcount_dag.py took 0.156 seconds
[2025-05-02T06:18:13.538+0000] {processor.py:186} INFO - Started process (PID=425) to work on /opt/airflow/dags/wordcount_dag.py
[2025-05-02T06:18:13.539+0000] {processor.py:914} INFO - Processing file /opt/airflow/dags/wordcount_dag.py for tasks to queue
[2025-05-02T06:18:13.539+0000] {logging_mixin.py:190} INFO - [2025-05-02T06:18:13.539+0000] {dagbag.py:588} INFO - Filling up the DagBag from /opt/airflow/dags/wordcount_dag.py
[2025-05-02T06:18:13.675+0000] {processor.py:925} INFO - DAG(s) 'news_dag' retrieved from /opt/airflow/dags/wordcount_dag.py
[2025-05-02T06:18:13.682+0000] {logging_mixin.py:190} INFO - [2025-05-02T06:18:13.682+0000] {dag.py:3239} INFO - Sync 1 DAGs
[2025-05-02T06:18:13.686+0000] {logging_mixin.py:190} INFO - [2025-05-02T06:18:13.686+0000] {dag.py:4180} INFO - Setting next_dagrun for news_dag to None, run_after=None
[2025-05-02T06:18:13.692+0000] {processor.py:208} INFO - Processing /opt/airflow/dags/wordcount_dag.py took 0.157 seconds
[2025-05-02T06:19:18.661+0000] {processor.py:186} INFO - Started process (PID=37) to work on /opt/airflow/dags/wordcount_dag.py
[2025-05-02T06:19:18.661+0000] {processor.py:914} INFO - Processing file /opt/airflow/dags/wordcount_dag.py for tasks to queue
[2025-05-02T06:19:18.662+0000] {logging_mixin.py:190} INFO - [2025-05-02T06:19:18.662+0000] {dagbag.py:588} INFO - Filling up the DagBag from /opt/airflow/dags/wordcount_dag.py
[2025-05-02T06:19:18.867+0000] {processor.py:925} INFO - DAG(s) 'news_dag' retrieved from /opt/airflow/dags/wordcount_dag.py
[2025-05-02T06:19:18.880+0000] {logging_mixin.py:190} INFO - [2025-05-02T06:19:18.880+0000] {dag.py:3239} INFO - Sync 1 DAGs
[2025-05-02T06:19:18.886+0000] {logging_mixin.py:190} INFO - [2025-05-02T06:19:18.886+0000] {dag.py:4180} INFO - Setting next_dagrun for news_dag to None, run_after=None
[2025-05-02T06:19:18.895+0000] {processor.py:208} INFO - Processing /opt/airflow/dags/wordcount_dag.py took 0.237 seconds
[2025-05-02T06:19:49.135+0000] {processor.py:186} INFO - Started process (PID=40) to work on /opt/airflow/dags/wordcount_dag.py
[2025-05-02T06:19:49.136+0000] {processor.py:914} INFO - Processing file /opt/airflow/dags/wordcount_dag.py for tasks to queue
[2025-05-02T06:19:49.137+0000] {logging_mixin.py:190} INFO - [2025-05-02T06:19:49.136+0000] {dagbag.py:588} INFO - Filling up the DagBag from /opt/airflow/dags/wordcount_dag.py
[2025-05-02T06:19:49.285+0000] {processor.py:925} INFO - DAG(s) 'news_dag' retrieved from /opt/airflow/dags/wordcount_dag.py
[2025-05-02T06:19:49.293+0000] {logging_mixin.py:190} INFO - [2025-05-02T06:19:49.292+0000] {dag.py:3239} INFO - Sync 1 DAGs
[2025-05-02T06:19:49.297+0000] {logging_mixin.py:190} INFO - [2025-05-02T06:19:49.297+0000] {dag.py:4180} INFO - Setting next_dagrun for news_dag to None, run_after=None
[2025-05-02T06:19:49.304+0000] {processor.py:208} INFO - Processing /opt/airflow/dags/wordcount_dag.py took 0.172 seconds
[2025-05-02T06:20:19.665+0000] {processor.py:186} INFO - Started process (PID=43) to work on /opt/airflow/dags/wordcount_dag.py
[2025-05-02T06:20:19.665+0000] {processor.py:914} INFO - Processing file /opt/airflow/dags/wordcount_dag.py for tasks to queue
[2025-05-02T06:20:19.666+0000] {logging_mixin.py:190} INFO - [2025-05-02T06:20:19.666+0000] {dagbag.py:588} INFO - Filling up the DagBag from /opt/airflow/dags/wordcount_dag.py
[2025-05-02T06:20:19.806+0000] {processor.py:925} INFO - DAG(s) 'news_dag' retrieved from /opt/airflow/dags/wordcount_dag.py
[2025-05-02T06:20:19.813+0000] {logging_mixin.py:190} INFO - [2025-05-02T06:20:19.813+0000] {dag.py:3239} INFO - Sync 1 DAGs
[2025-05-02T06:20:19.818+0000] {logging_mixin.py:190} INFO - [2025-05-02T06:20:19.818+0000] {dag.py:4180} INFO - Setting next_dagrun for news_dag to None, run_after=None
[2025-05-02T06:20:19.825+0000] {processor.py:208} INFO - Processing /opt/airflow/dags/wordcount_dag.py took 0.163 seconds
[2025-05-02T06:20:50.111+0000] {processor.py:186} INFO - Started process (PID=46) to work on /opt/airflow/dags/wordcount_dag.py
[2025-05-02T06:20:50.111+0000] {processor.py:914} INFO - Processing file /opt/airflow/dags/wordcount_dag.py for tasks to queue
[2025-05-02T06:20:50.112+0000] {logging_mixin.py:190} INFO - [2025-05-02T06:20:50.112+0000] {dagbag.py:588} INFO - Filling up the DagBag from /opt/airflow/dags/wordcount_dag.py
[2025-05-02T06:20:50.243+0000] {processor.py:925} INFO - DAG(s) 'news_dag' retrieved from /opt/airflow/dags/wordcount_dag.py
[2025-05-02T06:20:50.251+0000] {logging_mixin.py:190} INFO - [2025-05-02T06:20:50.251+0000] {dag.py:3239} INFO - Sync 1 DAGs
[2025-05-02T06:20:50.255+0000] {logging_mixin.py:190} INFO - [2025-05-02T06:20:50.255+0000] {dag.py:4180} INFO - Setting next_dagrun for news_dag to None, run_after=None
[2025-05-02T06:20:50.261+0000] {processor.py:208} INFO - Processing /opt/airflow/dags/wordcount_dag.py took 0.153 seconds
[2025-05-02T06:21:20.600+0000] {processor.py:186} INFO - Started process (PID=49) to work on /opt/airflow/dags/wordcount_dag.py
[2025-05-02T06:21:20.601+0000] {processor.py:914} INFO - Processing file /opt/airflow/dags/wordcount_dag.py for tasks to queue
[2025-05-02T06:21:20.602+0000] {logging_mixin.py:190} INFO - [2025-05-02T06:21:20.602+0000] {dagbag.py:588} INFO - Filling up the DagBag from /opt/airflow/dags/wordcount_dag.py
[2025-05-02T06:21:20.734+0000] {processor.py:925} INFO - DAG(s) 'news_dag' retrieved from /opt/airflow/dags/wordcount_dag.py
[2025-05-02T06:21:20.742+0000] {logging_mixin.py:190} INFO - [2025-05-02T06:21:20.742+0000] {dag.py:3239} INFO - Sync 1 DAGs
[2025-05-02T06:21:20.746+0000] {logging_mixin.py:190} INFO - [2025-05-02T06:21:20.746+0000] {dag.py:4180} INFO - Setting next_dagrun for news_dag to None, run_after=None
[2025-05-02T06:21:20.752+0000] {processor.py:208} INFO - Processing /opt/airflow/dags/wordcount_dag.py took 0.154 seconds
[2025-05-02T06:21:51.133+0000] {processor.py:186} INFO - Started process (PID=52) to work on /opt/airflow/dags/wordcount_dag.py
[2025-05-02T06:21:51.134+0000] {processor.py:914} INFO - Processing file /opt/airflow/dags/wordcount_dag.py for tasks to queue
[2025-05-02T06:21:51.134+0000] {logging_mixin.py:190} INFO - [2025-05-02T06:21:51.134+0000] {dagbag.py:588} INFO - Filling up the DagBag from /opt/airflow/dags/wordcount_dag.py
[2025-05-02T06:21:51.266+0000] {processor.py:925} INFO - DAG(s) 'news_dag' retrieved from /opt/airflow/dags/wordcount_dag.py
[2025-05-02T06:21:51.273+0000] {logging_mixin.py:190} INFO - [2025-05-02T06:21:51.273+0000] {dag.py:3239} INFO - Sync 1 DAGs
[2025-05-02T06:21:51.277+0000] {logging_mixin.py:190} INFO - [2025-05-02T06:21:51.277+0000] {dag.py:4180} INFO - Setting next_dagrun for news_dag to None, run_after=None
[2025-05-02T06:21:51.283+0000] {processor.py:208} INFO - Processing /opt/airflow/dags/wordcount_dag.py took 0.153 seconds
[2025-05-02T06:22:21.621+0000] {processor.py:186} INFO - Started process (PID=59) to work on /opt/airflow/dags/wordcount_dag.py
[2025-05-02T06:22:21.622+0000] {processor.py:914} INFO - Processing file /opt/airflow/dags/wordcount_dag.py for tasks to queue
[2025-05-02T06:22:21.622+0000] {logging_mixin.py:190} INFO - [2025-05-02T06:22:21.622+0000] {dagbag.py:588} INFO - Filling up the DagBag from /opt/airflow/dags/wordcount_dag.py
[2025-05-02T06:22:21.793+0000] {processor.py:925} INFO - DAG(s) 'news_dag' retrieved from /opt/airflow/dags/wordcount_dag.py
[2025-05-02T06:22:21.803+0000] {logging_mixin.py:190} INFO - [2025-05-02T06:22:21.803+0000] {dag.py:3239} INFO - Sync 1 DAGs
[2025-05-02T06:22:21.809+0000] {logging_mixin.py:190} INFO - [2025-05-02T06:22:21.809+0000] {dag.py:4180} INFO - Setting next_dagrun for news_dag to None, run_after=None
[2025-05-02T06:22:21.817+0000] {processor.py:208} INFO - Processing /opt/airflow/dags/wordcount_dag.py took 0.200 seconds
[2025-05-02T06:22:51.991+0000] {processor.py:186} INFO - Started process (PID=62) to work on /opt/airflow/dags/wordcount_dag.py
[2025-05-02T06:22:51.992+0000] {processor.py:914} INFO - Processing file /opt/airflow/dags/wordcount_dag.py for tasks to queue
[2025-05-02T06:22:51.992+0000] {logging_mixin.py:190} INFO - [2025-05-02T06:22:51.992+0000] {dagbag.py:588} INFO - Filling up the DagBag from /opt/airflow/dags/wordcount_dag.py
[2025-05-02T06:22:52.139+0000] {processor.py:925} INFO - DAG(s) 'news_dag' retrieved from /opt/airflow/dags/wordcount_dag.py
[2025-05-02T06:22:52.149+0000] {logging_mixin.py:190} INFO - [2025-05-02T06:22:52.148+0000] {dag.py:3239} INFO - Sync 1 DAGs
[2025-05-02T06:22:52.154+0000] {logging_mixin.py:190} INFO - [2025-05-02T06:22:52.153+0000] {dag.py:4180} INFO - Setting next_dagrun for news_dag to None, run_after=None
[2025-05-02T06:22:52.161+0000] {processor.py:208} INFO - Processing /opt/airflow/dags/wordcount_dag.py took 0.173 seconds
[2025-05-02T06:23:22.334+0000] {processor.py:186} INFO - Started process (PID=65) to work on /opt/airflow/dags/wordcount_dag.py
[2025-05-02T06:23:22.335+0000] {processor.py:914} INFO - Processing file /opt/airflow/dags/wordcount_dag.py for tasks to queue
[2025-05-02T06:23:22.335+0000] {logging_mixin.py:190} INFO - [2025-05-02T06:23:22.335+0000] {dagbag.py:588} INFO - Filling up the DagBag from /opt/airflow/dags/wordcount_dag.py
[2025-05-02T06:23:22.483+0000] {processor.py:925} INFO - DAG(s) 'news_dag' retrieved from /opt/airflow/dags/wordcount_dag.py
[2025-05-02T06:23:22.492+0000] {logging_mixin.py:190} INFO - [2025-05-02T06:23:22.492+0000] {dag.py:3239} INFO - Sync 1 DAGs
[2025-05-02T06:23:22.497+0000] {logging_mixin.py:190} INFO - [2025-05-02T06:23:22.497+0000] {dag.py:4180} INFO - Setting next_dagrun for news_dag to None, run_after=None
[2025-05-02T06:23:22.504+0000] {processor.py:208} INFO - Processing /opt/airflow/dags/wordcount_dag.py took 0.173 seconds
[2025-05-02T06:23:52.707+0000] {processor.py:186} INFO - Started process (PID=68) to work on /opt/airflow/dags/wordcount_dag.py
[2025-05-02T06:23:52.707+0000] {processor.py:914} INFO - Processing file /opt/airflow/dags/wordcount_dag.py for tasks to queue
[2025-05-02T06:23:52.708+0000] {logging_mixin.py:190} INFO - [2025-05-02T06:23:52.708+0000] {dagbag.py:588} INFO - Filling up the DagBag from /opt/airflow/dags/wordcount_dag.py
[2025-05-02T06:23:52.850+0000] {processor.py:925} INFO - DAG(s) 'news_dag' retrieved from /opt/airflow/dags/wordcount_dag.py
[2025-05-02T06:23:52.858+0000] {logging_mixin.py:190} INFO - [2025-05-02T06:23:52.858+0000] {dag.py:3239} INFO - Sync 1 DAGs
[2025-05-02T06:23:52.862+0000] {logging_mixin.py:190} INFO - [2025-05-02T06:23:52.862+0000] {dag.py:4180} INFO - Setting next_dagrun for news_dag to None, run_after=None
[2025-05-02T06:23:52.869+0000] {processor.py:208} INFO - Processing /opt/airflow/dags/wordcount_dag.py took 0.166 seconds
[2025-05-02T06:24:23.116+0000] {processor.py:186} INFO - Started process (PID=71) to work on /opt/airflow/dags/wordcount_dag.py
[2025-05-02T06:24:23.116+0000] {processor.py:914} INFO - Processing file /opt/airflow/dags/wordcount_dag.py for tasks to queue
[2025-05-02T06:24:23.116+0000] {logging_mixin.py:190} INFO - [2025-05-02T06:24:23.116+0000] {dagbag.py:588} INFO - Filling up the DagBag from /opt/airflow/dags/wordcount_dag.py
[2025-05-02T06:24:23.251+0000] {processor.py:925} INFO - DAG(s) 'news_dag' retrieved from /opt/airflow/dags/wordcount_dag.py
[2025-05-02T06:24:23.259+0000] {logging_mixin.py:190} INFO - [2025-05-02T06:24:23.259+0000] {dag.py:3239} INFO - Sync 1 DAGs
[2025-05-02T06:24:23.263+0000] {logging_mixin.py:190} INFO - [2025-05-02T06:24:23.263+0000] {dag.py:4180} INFO - Setting next_dagrun for news_dag to None, run_after=None
[2025-05-02T06:24:23.270+0000] {processor.py:208} INFO - Processing /opt/airflow/dags/wordcount_dag.py took 0.158 seconds
[2025-05-02T06:24:53.532+0000] {processor.py:186} INFO - Started process (PID=74) to work on /opt/airflow/dags/wordcount_dag.py
[2025-05-02T06:24:53.533+0000] {processor.py:914} INFO - Processing file /opt/airflow/dags/wordcount_dag.py for tasks to queue
[2025-05-02T06:24:53.534+0000] {logging_mixin.py:190} INFO - [2025-05-02T06:24:53.534+0000] {dagbag.py:588} INFO - Filling up the DagBag from /opt/airflow/dags/wordcount_dag.py
[2025-05-02T06:24:53.669+0000] {processor.py:925} INFO - DAG(s) 'news_dag' retrieved from /opt/airflow/dags/wordcount_dag.py
[2025-05-02T06:24:53.677+0000] {logging_mixin.py:190} INFO - [2025-05-02T06:24:53.676+0000] {dag.py:3239} INFO - Sync 1 DAGs
[2025-05-02T06:24:53.681+0000] {logging_mixin.py:190} INFO - [2025-05-02T06:24:53.681+0000] {dag.py:4180} INFO - Setting next_dagrun for news_dag to None, run_after=None
[2025-05-02T06:24:53.688+0000] {processor.py:208} INFO - Processing /opt/airflow/dags/wordcount_dag.py took 0.159 seconds
[2025-05-02T06:25:23.950+0000] {processor.py:186} INFO - Started process (PID=77) to work on /opt/airflow/dags/wordcount_dag.py
[2025-05-02T06:25:23.950+0000] {processor.py:914} INFO - Processing file /opt/airflow/dags/wordcount_dag.py for tasks to queue
[2025-05-02T06:25:23.951+0000] {logging_mixin.py:190} INFO - [2025-05-02T06:25:23.951+0000] {dagbag.py:588} INFO - Filling up the DagBag from /opt/airflow/dags/wordcount_dag.py
[2025-05-02T06:25:24.094+0000] {processor.py:925} INFO - DAG(s) 'news_dag' retrieved from /opt/airflow/dags/wordcount_dag.py
[2025-05-02T06:25:24.102+0000] {logging_mixin.py:190} INFO - [2025-05-02T06:25:24.102+0000] {dag.py:3239} INFO - Sync 1 DAGs
[2025-05-02T06:25:24.107+0000] {logging_mixin.py:190} INFO - [2025-05-02T06:25:24.107+0000] {dag.py:4180} INFO - Setting next_dagrun for news_dag to None, run_after=None
[2025-05-02T06:25:24.112+0000] {processor.py:208} INFO - Processing /opt/airflow/dags/wordcount_dag.py took 0.166 seconds
[2025-05-02T06:26:14.330+0000] {processor.py:186} INFO - Started process (PID=37) to work on /opt/airflow/dags/wordcount_dag.py
[2025-05-02T06:26:14.331+0000] {processor.py:914} INFO - Processing file /opt/airflow/dags/wordcount_dag.py for tasks to queue
[2025-05-02T06:26:14.332+0000] {logging_mixin.py:190} INFO - [2025-05-02T06:26:14.332+0000] {dagbag.py:588} INFO - Filling up the DagBag from /opt/airflow/dags/wordcount_dag.py
[2025-05-02T06:26:14.550+0000] {processor.py:925} INFO - DAG(s) 'news_dag' retrieved from /opt/airflow/dags/wordcount_dag.py
[2025-05-02T06:26:14.558+0000] {logging_mixin.py:190} INFO - [2025-05-02T06:26:14.558+0000] {dag.py:3239} INFO - Sync 1 DAGs
[2025-05-02T06:26:14.564+0000] {logging_mixin.py:190} INFO - [2025-05-02T06:26:14.564+0000] {dag.py:4180} INFO - Setting next_dagrun for news_dag to None, run_after=None
[2025-05-02T06:26:14.572+0000] {processor.py:208} INFO - Processing /opt/airflow/dags/wordcount_dag.py took 0.245 seconds
[2025-05-02T06:26:44.686+0000] {processor.py:186} INFO - Started process (PID=40) to work on /opt/airflow/dags/wordcount_dag.py
[2025-05-02T06:26:44.687+0000] {processor.py:914} INFO - Processing file /opt/airflow/dags/wordcount_dag.py for tasks to queue
[2025-05-02T06:26:44.687+0000] {logging_mixin.py:190} INFO - [2025-05-02T06:26:44.687+0000] {dagbag.py:588} INFO - Filling up the DagBag from /opt/airflow/dags/wordcount_dag.py
[2025-05-02T06:26:44.848+0000] {processor.py:925} INFO - DAG(s) 'news_dag' retrieved from /opt/airflow/dags/wordcount_dag.py
[2025-05-02T06:26:44.856+0000] {logging_mixin.py:190} INFO - [2025-05-02T06:26:44.856+0000] {dag.py:3239} INFO - Sync 1 DAGs
[2025-05-02T06:26:44.862+0000] {logging_mixin.py:190} INFO - [2025-05-02T06:26:44.862+0000] {dag.py:4180} INFO - Setting next_dagrun for news_dag to None, run_after=None
[2025-05-02T06:26:44.872+0000] {processor.py:208} INFO - Processing /opt/airflow/dags/wordcount_dag.py took 0.189 seconds
[2025-05-02T06:27:15.041+0000] {processor.py:186} INFO - Started process (PID=43) to work on /opt/airflow/dags/wordcount_dag.py
[2025-05-02T06:27:15.042+0000] {processor.py:914} INFO - Processing file /opt/airflow/dags/wordcount_dag.py for tasks to queue
[2025-05-02T06:27:15.043+0000] {logging_mixin.py:190} INFO - [2025-05-02T06:27:15.042+0000] {dagbag.py:588} INFO - Filling up the DagBag from /opt/airflow/dags/wordcount_dag.py
[2025-05-02T06:27:15.182+0000] {processor.py:925} INFO - DAG(s) 'news_dag' retrieved from /opt/airflow/dags/wordcount_dag.py
[2025-05-02T06:27:15.190+0000] {logging_mixin.py:190} INFO - [2025-05-02T06:27:15.189+0000] {dag.py:3239} INFO - Sync 1 DAGs
[2025-05-02T06:27:15.194+0000] {logging_mixin.py:190} INFO - [2025-05-02T06:27:15.194+0000] {dag.py:4180} INFO - Setting next_dagrun for news_dag to None, run_after=None
[2025-05-02T06:27:15.200+0000] {processor.py:208} INFO - Processing /opt/airflow/dags/wordcount_dag.py took 0.162 seconds
[2025-05-02T06:27:45.420+0000] {processor.py:186} INFO - Started process (PID=50) to work on /opt/airflow/dags/wordcount_dag.py
[2025-05-02T06:27:45.420+0000] {processor.py:914} INFO - Processing file /opt/airflow/dags/wordcount_dag.py for tasks to queue
[2025-05-02T06:27:45.421+0000] {logging_mixin.py:190} INFO - [2025-05-02T06:27:45.421+0000] {dagbag.py:588} INFO - Filling up the DagBag from /opt/airflow/dags/wordcount_dag.py
[2025-05-02T06:27:45.575+0000] {processor.py:925} INFO - DAG(s) 'news_dag' retrieved from /opt/airflow/dags/wordcount_dag.py
[2025-05-02T06:27:45.584+0000] {logging_mixin.py:190} INFO - [2025-05-02T06:27:45.584+0000] {dag.py:3239} INFO - Sync 1 DAGs
[2025-05-02T06:27:45.589+0000] {logging_mixin.py:190} INFO - [2025-05-02T06:27:45.589+0000] {dag.py:4180} INFO - Setting next_dagrun for news_dag to None, run_after=None
[2025-05-02T06:27:45.596+0000] {processor.py:208} INFO - Processing /opt/airflow/dags/wordcount_dag.py took 0.179 seconds
[2025-05-02T06:28:15.803+0000] {processor.py:186} INFO - Started process (PID=53) to work on /opt/airflow/dags/wordcount_dag.py
[2025-05-02T06:28:15.804+0000] {processor.py:914} INFO - Processing file /opt/airflow/dags/wordcount_dag.py for tasks to queue
[2025-05-02T06:28:15.805+0000] {logging_mixin.py:190} INFO - [2025-05-02T06:28:15.805+0000] {dagbag.py:588} INFO - Filling up the DagBag from /opt/airflow/dags/wordcount_dag.py
[2025-05-02T06:28:15.952+0000] {processor.py:925} INFO - DAG(s) 'news_dag' retrieved from /opt/airflow/dags/wordcount_dag.py
[2025-05-02T06:28:15.964+0000] {logging_mixin.py:190} INFO - [2025-05-02T06:28:15.963+0000] {dag.py:3239} INFO - Sync 1 DAGs
[2025-05-02T06:28:15.969+0000] {logging_mixin.py:190} INFO - [2025-05-02T06:28:15.968+0000] {dag.py:4180} INFO - Setting next_dagrun for news_dag to None, run_after=None
[2025-05-02T06:28:15.976+0000] {processor.py:208} INFO - Processing /opt/airflow/dags/wordcount_dag.py took 0.176 seconds
[2025-05-02T06:28:46.199+0000] {processor.py:186} INFO - Started process (PID=56) to work on /opt/airflow/dags/wordcount_dag.py
[2025-05-02T06:28:46.200+0000] {processor.py:914} INFO - Processing file /opt/airflow/dags/wordcount_dag.py for tasks to queue
[2025-05-02T06:28:46.200+0000] {logging_mixin.py:190} INFO - [2025-05-02T06:28:46.200+0000] {dagbag.py:588} INFO - Filling up the DagBag from /opt/airflow/dags/wordcount_dag.py
[2025-05-02T06:28:46.356+0000] {processor.py:925} INFO - DAG(s) 'news_dag' retrieved from /opt/airflow/dags/wordcount_dag.py
[2025-05-02T06:28:46.367+0000] {logging_mixin.py:190} INFO - [2025-05-02T06:28:46.367+0000] {dag.py:3239} INFO - Sync 1 DAGs
[2025-05-02T06:28:46.372+0000] {logging_mixin.py:190} INFO - [2025-05-02T06:28:46.372+0000] {dag.py:4180} INFO - Setting next_dagrun for news_dag to None, run_after=None
[2025-05-02T06:28:46.378+0000] {processor.py:208} INFO - Processing /opt/airflow/dags/wordcount_dag.py took 0.182 seconds
[2025-05-02T06:29:16.721+0000] {processor.py:186} INFO - Started process (PID=59) to work on /opt/airflow/dags/wordcount_dag.py
[2025-05-02T06:29:16.722+0000] {processor.py:914} INFO - Processing file /opt/airflow/dags/wordcount_dag.py for tasks to queue
[2025-05-02T06:29:16.723+0000] {logging_mixin.py:190} INFO - [2025-05-02T06:29:16.722+0000] {dagbag.py:588} INFO - Filling up the DagBag from /opt/airflow/dags/wordcount_dag.py
[2025-05-02T06:29:16.864+0000] {processor.py:925} INFO - DAG(s) 'news_dag' retrieved from /opt/airflow/dags/wordcount_dag.py
[2025-05-02T06:29:16.871+0000] {logging_mixin.py:190} INFO - [2025-05-02T06:29:16.871+0000] {dag.py:3239} INFO - Sync 1 DAGs
[2025-05-02T06:29:16.876+0000] {logging_mixin.py:190} INFO - [2025-05-02T06:29:16.876+0000] {dag.py:4180} INFO - Setting next_dagrun for news_dag to None, run_after=None
[2025-05-02T06:29:16.882+0000] {processor.py:208} INFO - Processing /opt/airflow/dags/wordcount_dag.py took 0.164 seconds
[2025-05-02T06:29:47.271+0000] {processor.py:186} INFO - Started process (PID=62) to work on /opt/airflow/dags/wordcount_dag.py
[2025-05-02T06:29:47.272+0000] {processor.py:914} INFO - Processing file /opt/airflow/dags/wordcount_dag.py for tasks to queue
[2025-05-02T06:29:47.272+0000] {logging_mixin.py:190} INFO - [2025-05-02T06:29:47.272+0000] {dagbag.py:588} INFO - Filling up the DagBag from /opt/airflow/dags/wordcount_dag.py
[2025-05-02T06:29:47.414+0000] {processor.py:925} INFO - DAG(s) 'news_dag' retrieved from /opt/airflow/dags/wordcount_dag.py
[2025-05-02T06:29:47.423+0000] {logging_mixin.py:190} INFO - [2025-05-02T06:29:47.422+0000] {dag.py:3239} INFO - Sync 1 DAGs
[2025-05-02T06:29:47.427+0000] {logging_mixin.py:190} INFO - [2025-05-02T06:29:47.427+0000] {dag.py:4180} INFO - Setting next_dagrun for news_dag to None, run_after=None
[2025-05-02T06:29:47.434+0000] {processor.py:208} INFO - Processing /opt/airflow/dags/wordcount_dag.py took 0.166 seconds
[2025-05-02T06:30:17.756+0000] {processor.py:186} INFO - Started process (PID=65) to work on /opt/airflow/dags/wordcount_dag.py
[2025-05-02T06:30:17.757+0000] {processor.py:914} INFO - Processing file /opt/airflow/dags/wordcount_dag.py for tasks to queue
[2025-05-02T06:30:17.758+0000] {logging_mixin.py:190} INFO - [2025-05-02T06:30:17.757+0000] {dagbag.py:588} INFO - Filling up the DagBag from /opt/airflow/dags/wordcount_dag.py
[2025-05-02T06:30:17.901+0000] {processor.py:925} INFO - DAG(s) 'news_dag' retrieved from /opt/airflow/dags/wordcount_dag.py
[2025-05-02T06:30:17.909+0000] {logging_mixin.py:190} INFO - [2025-05-02T06:30:17.909+0000] {dag.py:3239} INFO - Sync 1 DAGs
[2025-05-02T06:30:17.914+0000] {logging_mixin.py:190} INFO - [2025-05-02T06:30:17.914+0000] {dag.py:4180} INFO - Setting next_dagrun for news_dag to None, run_after=None
[2025-05-02T06:30:17.919+0000] {processor.py:208} INFO - Processing /opt/airflow/dags/wordcount_dag.py took 0.166 seconds
[2025-05-02T06:30:48.145+0000] {processor.py:186} INFO - Started process (PID=68) to work on /opt/airflow/dags/wordcount_dag.py
[2025-05-02T06:30:48.146+0000] {processor.py:914} INFO - Processing file /opt/airflow/dags/wordcount_dag.py for tasks to queue
[2025-05-02T06:30:48.146+0000] {logging_mixin.py:190} INFO - [2025-05-02T06:30:48.146+0000] {dagbag.py:588} INFO - Filling up the DagBag from /opt/airflow/dags/wordcount_dag.py
[2025-05-02T06:30:48.282+0000] {processor.py:925} INFO - DAG(s) 'news_dag' retrieved from /opt/airflow/dags/wordcount_dag.py
[2025-05-02T06:30:48.289+0000] {logging_mixin.py:190} INFO - [2025-05-02T06:30:48.289+0000] {dag.py:3239} INFO - Sync 1 DAGs
[2025-05-02T06:30:48.294+0000] {logging_mixin.py:190} INFO - [2025-05-02T06:30:48.294+0000] {dag.py:4180} INFO - Setting next_dagrun for news_dag to None, run_after=None
[2025-05-02T06:30:48.300+0000] {processor.py:208} INFO - Processing /opt/airflow/dags/wordcount_dag.py took 0.158 seconds
[2025-05-02T06:31:18.627+0000] {processor.py:186} INFO - Started process (PID=71) to work on /opt/airflow/dags/wordcount_dag.py
[2025-05-02T06:31:18.627+0000] {processor.py:914} INFO - Processing file /opt/airflow/dags/wordcount_dag.py for tasks to queue
[2025-05-02T06:31:18.628+0000] {logging_mixin.py:190} INFO - [2025-05-02T06:31:18.628+0000] {dagbag.py:588} INFO - Filling up the DagBag from /opt/airflow/dags/wordcount_dag.py
[2025-05-02T06:31:18.760+0000] {processor.py:925} INFO - DAG(s) 'news_dag' retrieved from /opt/airflow/dags/wordcount_dag.py
[2025-05-02T06:31:18.767+0000] {logging_mixin.py:190} INFO - [2025-05-02T06:31:18.767+0000] {dag.py:3239} INFO - Sync 1 DAGs
[2025-05-02T06:31:18.772+0000] {logging_mixin.py:190} INFO - [2025-05-02T06:31:18.771+0000] {dag.py:4180} INFO - Setting next_dagrun for news_dag to None, run_after=None
[2025-05-02T06:31:18.778+0000] {processor.py:208} INFO - Processing /opt/airflow/dags/wordcount_dag.py took 0.154 seconds
[2025-05-02T06:31:49.100+0000] {processor.py:186} INFO - Started process (PID=74) to work on /opt/airflow/dags/wordcount_dag.py
[2025-05-02T06:31:49.101+0000] {processor.py:914} INFO - Processing file /opt/airflow/dags/wordcount_dag.py for tasks to queue
[2025-05-02T06:31:49.101+0000] {logging_mixin.py:190} INFO - [2025-05-02T06:31:49.101+0000] {dagbag.py:588} INFO - Filling up the DagBag from /opt/airflow/dags/wordcount_dag.py
[2025-05-02T06:31:49.243+0000] {processor.py:925} INFO - DAG(s) 'news_dag' retrieved from /opt/airflow/dags/wordcount_dag.py
[2025-05-02T06:31:49.251+0000] {logging_mixin.py:190} INFO - [2025-05-02T06:31:49.250+0000] {dag.py:3239} INFO - Sync 1 DAGs
[2025-05-02T06:31:49.255+0000] {logging_mixin.py:190} INFO - [2025-05-02T06:31:49.255+0000] {dag.py:4180} INFO - Setting next_dagrun for news_dag to None, run_after=None
[2025-05-02T06:31:49.262+0000] {processor.py:208} INFO - Processing /opt/airflow/dags/wordcount_dag.py took 0.165 seconds
[2025-05-02T06:32:19.602+0000] {processor.py:186} INFO - Started process (PID=77) to work on /opt/airflow/dags/wordcount_dag.py
[2025-05-02T06:32:19.603+0000] {processor.py:914} INFO - Processing file /opt/airflow/dags/wordcount_dag.py for tasks to queue
[2025-05-02T06:32:19.603+0000] {logging_mixin.py:190} INFO - [2025-05-02T06:32:19.603+0000] {dagbag.py:588} INFO - Filling up the DagBag from /opt/airflow/dags/wordcount_dag.py
[2025-05-02T06:32:19.737+0000] {processor.py:925} INFO - DAG(s) 'news_dag' retrieved from /opt/airflow/dags/wordcount_dag.py
[2025-05-02T06:32:19.744+0000] {logging_mixin.py:190} INFO - [2025-05-02T06:32:19.744+0000] {dag.py:3239} INFO - Sync 1 DAGs
[2025-05-02T06:32:19.749+0000] {logging_mixin.py:190} INFO - [2025-05-02T06:32:19.748+0000] {dag.py:4180} INFO - Setting next_dagrun for news_dag to None, run_after=None
[2025-05-02T06:32:19.754+0000] {processor.py:208} INFO - Processing /opt/airflow/dags/wordcount_dag.py took 0.155 seconds
[2025-05-02T06:32:50.111+0000] {processor.py:186} INFO - Started process (PID=80) to work on /opt/airflow/dags/wordcount_dag.py
[2025-05-02T06:32:50.111+0000] {processor.py:914} INFO - Processing file /opt/airflow/dags/wordcount_dag.py for tasks to queue
[2025-05-02T06:32:50.112+0000] {logging_mixin.py:190} INFO - [2025-05-02T06:32:50.112+0000] {dagbag.py:588} INFO - Filling up the DagBag from /opt/airflow/dags/wordcount_dag.py
[2025-05-02T06:32:50.241+0000] {processor.py:925} INFO - DAG(s) 'news_dag' retrieved from /opt/airflow/dags/wordcount_dag.py
[2025-05-02T06:32:50.249+0000] {logging_mixin.py:190} INFO - [2025-05-02T06:32:50.249+0000] {dag.py:3239} INFO - Sync 1 DAGs
[2025-05-02T06:32:50.254+0000] {logging_mixin.py:190} INFO - [2025-05-02T06:32:50.254+0000] {dag.py:4180} INFO - Setting next_dagrun for news_dag to None, run_after=None
[2025-05-02T06:32:50.260+0000] {processor.py:208} INFO - Processing /opt/airflow/dags/wordcount_dag.py took 0.153 seconds
[2025-05-02T06:33:20.583+0000] {processor.py:186} INFO - Started process (PID=83) to work on /opt/airflow/dags/wordcount_dag.py
[2025-05-02T06:33:20.583+0000] {processor.py:914} INFO - Processing file /opt/airflow/dags/wordcount_dag.py for tasks to queue
[2025-05-02T06:33:20.584+0000] {logging_mixin.py:190} INFO - [2025-05-02T06:33:20.584+0000] {dagbag.py:588} INFO - Filling up the DagBag from /opt/airflow/dags/wordcount_dag.py
[2025-05-02T06:33:20.731+0000] {processor.py:925} INFO - DAG(s) 'news_dag' retrieved from /opt/airflow/dags/wordcount_dag.py
[2025-05-02T06:33:20.739+0000] {logging_mixin.py:190} INFO - [2025-05-02T06:33:20.739+0000] {dag.py:3239} INFO - Sync 1 DAGs
[2025-05-02T06:33:20.743+0000] {logging_mixin.py:190} INFO - [2025-05-02T06:33:20.743+0000] {dag.py:4180} INFO - Setting next_dagrun for news_dag to None, run_after=None
[2025-05-02T06:33:20.750+0000] {processor.py:208} INFO - Processing /opt/airflow/dags/wordcount_dag.py took 0.170 seconds
[2025-05-02T06:33:51.017+0000] {processor.py:186} INFO - Started process (PID=86) to work on /opt/airflow/dags/wordcount_dag.py
[2025-05-02T06:33:51.018+0000] {processor.py:914} INFO - Processing file /opt/airflow/dags/wordcount_dag.py for tasks to queue
[2025-05-02T06:33:51.019+0000] {logging_mixin.py:190} INFO - [2025-05-02T06:33:51.018+0000] {dagbag.py:588} INFO - Filling up the DagBag from /opt/airflow/dags/wordcount_dag.py
[2025-05-02T06:33:51.148+0000] {processor.py:925} INFO - DAG(s) 'news_dag' retrieved from /opt/airflow/dags/wordcount_dag.py
[2025-05-02T06:33:51.156+0000] {logging_mixin.py:190} INFO - [2025-05-02T06:33:51.155+0000] {dag.py:3239} INFO - Sync 1 DAGs
[2025-05-02T06:33:51.160+0000] {logging_mixin.py:190} INFO - [2025-05-02T06:33:51.160+0000] {dag.py:4180} INFO - Setting next_dagrun for news_dag to None, run_after=None
[2025-05-02T06:33:51.166+0000] {processor.py:208} INFO - Processing /opt/airflow/dags/wordcount_dag.py took 0.151 seconds
[2025-05-02T06:34:21.577+0000] {processor.py:186} INFO - Started process (PID=89) to work on /opt/airflow/dags/wordcount_dag.py
[2025-05-02T06:34:21.577+0000] {processor.py:914} INFO - Processing file /opt/airflow/dags/wordcount_dag.py for tasks to queue
[2025-05-02T06:34:21.578+0000] {logging_mixin.py:190} INFO - [2025-05-02T06:34:21.578+0000] {dagbag.py:588} INFO - Filling up the DagBag from /opt/airflow/dags/wordcount_dag.py
[2025-05-02T06:34:21.709+0000] {processor.py:925} INFO - DAG(s) 'news_dag' retrieved from /opt/airflow/dags/wordcount_dag.py
[2025-05-02T06:34:21.716+0000] {logging_mixin.py:190} INFO - [2025-05-02T06:34:21.716+0000] {dag.py:3239} INFO - Sync 1 DAGs
[2025-05-02T06:34:21.721+0000] {logging_mixin.py:190} INFO - [2025-05-02T06:34:21.720+0000] {dag.py:4180} INFO - Setting next_dagrun for news_dag to None, run_after=None
[2025-05-02T06:34:21.726+0000] {processor.py:208} INFO - Processing /opt/airflow/dags/wordcount_dag.py took 0.153 seconds
[2025-05-02T06:34:52.059+0000] {processor.py:186} INFO - Started process (PID=92) to work on /opt/airflow/dags/wordcount_dag.py
[2025-05-02T06:34:52.059+0000] {processor.py:914} INFO - Processing file /opt/airflow/dags/wordcount_dag.py for tasks to queue
[2025-05-02T06:34:52.060+0000] {logging_mixin.py:190} INFO - [2025-05-02T06:34:52.060+0000] {dagbag.py:588} INFO - Filling up the DagBag from /opt/airflow/dags/wordcount_dag.py
[2025-05-02T06:34:52.188+0000] {processor.py:925} INFO - DAG(s) 'news_dag' retrieved from /opt/airflow/dags/wordcount_dag.py
[2025-05-02T06:34:52.196+0000] {logging_mixin.py:190} INFO - [2025-05-02T06:34:52.196+0000] {dag.py:3239} INFO - Sync 1 DAGs
[2025-05-02T06:34:52.201+0000] {logging_mixin.py:190} INFO - [2025-05-02T06:34:52.201+0000] {dag.py:4180} INFO - Setting next_dagrun for news_dag to None, run_after=None
[2025-05-02T06:34:52.207+0000] {processor.py:208} INFO - Processing /opt/airflow/dags/wordcount_dag.py took 0.151 seconds
[2025-05-02T06:35:22.632+0000] {processor.py:186} INFO - Started process (PID=95) to work on /opt/airflow/dags/wordcount_dag.py
[2025-05-02T06:35:22.633+0000] {processor.py:914} INFO - Processing file /opt/airflow/dags/wordcount_dag.py for tasks to queue
[2025-05-02T06:35:22.634+0000] {logging_mixin.py:190} INFO - [2025-05-02T06:35:22.633+0000] {dagbag.py:588} INFO - Filling up the DagBag from /opt/airflow/dags/wordcount_dag.py
[2025-05-02T06:35:22.766+0000] {processor.py:925} INFO - DAG(s) 'news_dag' retrieved from /opt/airflow/dags/wordcount_dag.py
[2025-05-02T06:35:22.774+0000] {logging_mixin.py:190} INFO - [2025-05-02T06:35:22.774+0000] {dag.py:3239} INFO - Sync 1 DAGs
[2025-05-02T06:35:22.778+0000] {logging_mixin.py:190} INFO - [2025-05-02T06:35:22.778+0000] {dag.py:4180} INFO - Setting next_dagrun for news_dag to None, run_after=None
[2025-05-02T06:35:22.784+0000] {processor.py:208} INFO - Processing /opt/airflow/dags/wordcount_dag.py took 0.155 seconds
[2025-05-02T06:35:53.240+0000] {processor.py:186} INFO - Started process (PID=98) to work on /opt/airflow/dags/wordcount_dag.py
[2025-05-02T06:35:53.240+0000] {processor.py:914} INFO - Processing file /opt/airflow/dags/wordcount_dag.py for tasks to queue
[2025-05-02T06:35:53.241+0000] {logging_mixin.py:190} INFO - [2025-05-02T06:35:53.241+0000] {dagbag.py:588} INFO - Filling up the DagBag from /opt/airflow/dags/wordcount_dag.py
[2025-05-02T06:35:53.392+0000] {processor.py:925} INFO - DAG(s) 'news_dag' retrieved from /opt/airflow/dags/wordcount_dag.py
[2025-05-02T06:35:53.402+0000] {logging_mixin.py:190} INFO - [2025-05-02T06:35:53.401+0000] {dag.py:3239} INFO - Sync 1 DAGs
[2025-05-02T06:35:53.407+0000] {logging_mixin.py:190} INFO - [2025-05-02T06:35:53.407+0000] {dag.py:4180} INFO - Setting next_dagrun for news_dag to None, run_after=None
[2025-05-02T06:35:53.414+0000] {processor.py:208} INFO - Processing /opt/airflow/dags/wordcount_dag.py took 0.178 seconds
[2025-05-02T06:36:23.829+0000] {processor.py:186} INFO - Started process (PID=101) to work on /opt/airflow/dags/wordcount_dag.py
[2025-05-02T06:36:23.830+0000] {processor.py:914} INFO - Processing file /opt/airflow/dags/wordcount_dag.py for tasks to queue
[2025-05-02T06:36:23.831+0000] {logging_mixin.py:190} INFO - [2025-05-02T06:36:23.831+0000] {dagbag.py:588} INFO - Filling up the DagBag from /opt/airflow/dags/wordcount_dag.py
[2025-05-02T06:36:23.964+0000] {processor.py:925} INFO - DAG(s) 'news_dag' retrieved from /opt/airflow/dags/wordcount_dag.py
[2025-05-02T06:36:23.971+0000] {logging_mixin.py:190} INFO - [2025-05-02T06:36:23.971+0000] {dag.py:3239} INFO - Sync 1 DAGs
[2025-05-02T06:36:23.975+0000] {logging_mixin.py:190} INFO - [2025-05-02T06:36:23.975+0000] {dag.py:4180} INFO - Setting next_dagrun for news_dag to None, run_after=None
[2025-05-02T06:36:23.981+0000] {processor.py:208} INFO - Processing /opt/airflow/dags/wordcount_dag.py took 0.155 seconds
[2025-05-02T06:36:54.442+0000] {processor.py:186} INFO - Started process (PID=104) to work on /opt/airflow/dags/wordcount_dag.py
[2025-05-02T06:36:54.442+0000] {processor.py:914} INFO - Processing file /opt/airflow/dags/wordcount_dag.py for tasks to queue
[2025-05-02T06:36:54.443+0000] {logging_mixin.py:190} INFO - [2025-05-02T06:36:54.443+0000] {dagbag.py:588} INFO - Filling up the DagBag from /opt/airflow/dags/wordcount_dag.py
[2025-05-02T06:36:54.573+0000] {processor.py:925} INFO - DAG(s) 'news_dag' retrieved from /opt/airflow/dags/wordcount_dag.py
[2025-05-02T06:36:54.581+0000] {logging_mixin.py:190} INFO - [2025-05-02T06:36:54.581+0000] {dag.py:3239} INFO - Sync 1 DAGs
[2025-05-02T06:36:54.585+0000] {logging_mixin.py:190} INFO - [2025-05-02T06:36:54.585+0000] {dag.py:4180} INFO - Setting next_dagrun for news_dag to None, run_after=None
[2025-05-02T06:36:54.591+0000] {processor.py:208} INFO - Processing /opt/airflow/dags/wordcount_dag.py took 0.153 seconds
[2025-05-02T06:37:25.033+0000] {processor.py:186} INFO - Started process (PID=107) to work on /opt/airflow/dags/wordcount_dag.py
[2025-05-02T06:37:25.034+0000] {processor.py:914} INFO - Processing file /opt/airflow/dags/wordcount_dag.py for tasks to queue
[2025-05-02T06:37:25.035+0000] {logging_mixin.py:190} INFO - [2025-05-02T06:37:25.035+0000] {dagbag.py:588} INFO - Filling up the DagBag from /opt/airflow/dags/wordcount_dag.py
[2025-05-02T06:37:25.167+0000] {processor.py:925} INFO - DAG(s) 'news_dag' retrieved from /opt/airflow/dags/wordcount_dag.py
[2025-05-02T06:37:25.175+0000] {logging_mixin.py:190} INFO - [2025-05-02T06:37:25.175+0000] {dag.py:3239} INFO - Sync 1 DAGs
[2025-05-02T06:37:25.179+0000] {logging_mixin.py:190} INFO - [2025-05-02T06:37:25.179+0000] {dag.py:4180} INFO - Setting next_dagrun for news_dag to None, run_after=None
[2025-05-02T06:37:25.185+0000] {processor.py:208} INFO - Processing /opt/airflow/dags/wordcount_dag.py took 0.155 seconds
[2025-05-02T06:37:55.623+0000] {processor.py:186} INFO - Started process (PID=110) to work on /opt/airflow/dags/wordcount_dag.py
[2025-05-02T06:37:55.623+0000] {processor.py:914} INFO - Processing file /opt/airflow/dags/wordcount_dag.py for tasks to queue
[2025-05-02T06:37:55.624+0000] {logging_mixin.py:190} INFO - [2025-05-02T06:37:55.624+0000] {dagbag.py:588} INFO - Filling up the DagBag from /opt/airflow/dags/wordcount_dag.py
[2025-05-02T06:37:55.757+0000] {processor.py:925} INFO - DAG(s) 'news_dag' retrieved from /opt/airflow/dags/wordcount_dag.py
[2025-05-02T06:37:55.764+0000] {logging_mixin.py:190} INFO - [2025-05-02T06:37:55.764+0000] {dag.py:3239} INFO - Sync 1 DAGs
[2025-05-02T06:37:55.768+0000] {logging_mixin.py:190} INFO - [2025-05-02T06:37:55.768+0000] {dag.py:4180} INFO - Setting next_dagrun for news_dag to None, run_after=None
[2025-05-02T06:37:55.774+0000] {processor.py:208} INFO - Processing /opt/airflow/dags/wordcount_dag.py took 0.154 seconds
[2025-05-02T06:38:26.197+0000] {processor.py:186} INFO - Started process (PID=113) to work on /opt/airflow/dags/wordcount_dag.py
[2025-05-02T06:38:26.198+0000] {processor.py:914} INFO - Processing file /opt/airflow/dags/wordcount_dag.py for tasks to queue
[2025-05-02T06:38:26.199+0000] {logging_mixin.py:190} INFO - [2025-05-02T06:38:26.199+0000] {dagbag.py:588} INFO - Filling up the DagBag from /opt/airflow/dags/wordcount_dag.py
[2025-05-02T06:38:26.328+0000] {processor.py:925} INFO - DAG(s) 'news_dag' retrieved from /opt/airflow/dags/wordcount_dag.py
[2025-05-02T06:38:26.336+0000] {logging_mixin.py:190} INFO - [2025-05-02T06:38:26.336+0000] {dag.py:3239} INFO - Sync 1 DAGs
[2025-05-02T06:38:26.342+0000] {logging_mixin.py:190} INFO - [2025-05-02T06:38:26.342+0000] {dag.py:4180} INFO - Setting next_dagrun for news_dag to None, run_after=None
[2025-05-02T06:38:26.350+0000] {processor.py:208} INFO - Processing /opt/airflow/dags/wordcount_dag.py took 0.155 seconds
[2025-05-02T06:38:56.777+0000] {processor.py:186} INFO - Started process (PID=116) to work on /opt/airflow/dags/wordcount_dag.py
[2025-05-02T06:38:56.778+0000] {processor.py:914} INFO - Processing file /opt/airflow/dags/wordcount_dag.py for tasks to queue
[2025-05-02T06:38:56.778+0000] {logging_mixin.py:190} INFO - [2025-05-02T06:38:56.778+0000] {dagbag.py:588} INFO - Filling up the DagBag from /opt/airflow/dags/wordcount_dag.py
[2025-05-02T06:38:56.931+0000] {processor.py:925} INFO - DAG(s) 'news_dag' retrieved from /opt/airflow/dags/wordcount_dag.py
[2025-05-02T06:38:56.940+0000] {logging_mixin.py:190} INFO - [2025-05-02T06:38:56.940+0000] {dag.py:3239} INFO - Sync 1 DAGs
[2025-05-02T06:38:56.945+0000] {logging_mixin.py:190} INFO - [2025-05-02T06:38:56.945+0000] {dag.py:4180} INFO - Setting next_dagrun for news_dag to None, run_after=None
[2025-05-02T06:38:56.953+0000] {processor.py:208} INFO - Processing /opt/airflow/dags/wordcount_dag.py took 0.180 seconds
[2025-05-02T06:39:27.386+0000] {processor.py:186} INFO - Started process (PID=119) to work on /opt/airflow/dags/wordcount_dag.py
[2025-05-02T06:39:27.387+0000] {processor.py:914} INFO - Processing file /opt/airflow/dags/wordcount_dag.py for tasks to queue
[2025-05-02T06:39:27.387+0000] {logging_mixin.py:190} INFO - [2025-05-02T06:39:27.387+0000] {dagbag.py:588} INFO - Filling up the DagBag from /opt/airflow/dags/wordcount_dag.py
[2025-05-02T06:39:27.522+0000] {processor.py:925} INFO - DAG(s) 'news_dag' retrieved from /opt/airflow/dags/wordcount_dag.py
[2025-05-02T06:39:27.530+0000] {logging_mixin.py:190} INFO - [2025-05-02T06:39:27.529+0000] {dag.py:3239} INFO - Sync 1 DAGs
[2025-05-02T06:39:27.534+0000] {logging_mixin.py:190} INFO - [2025-05-02T06:39:27.534+0000] {dag.py:4180} INFO - Setting next_dagrun for news_dag to None, run_after=None
[2025-05-02T06:39:27.539+0000] {processor.py:208} INFO - Processing /opt/airflow/dags/wordcount_dag.py took 0.158 seconds
[2025-05-02T06:39:57.931+0000] {processor.py:186} INFO - Started process (PID=122) to work on /opt/airflow/dags/wordcount_dag.py
[2025-05-02T06:39:57.932+0000] {processor.py:914} INFO - Processing file /opt/airflow/dags/wordcount_dag.py for tasks to queue
[2025-05-02T06:39:57.933+0000] {logging_mixin.py:190} INFO - [2025-05-02T06:39:57.932+0000] {dagbag.py:588} INFO - Filling up the DagBag from /opt/airflow/dags/wordcount_dag.py
[2025-05-02T06:39:58.066+0000] {processor.py:925} INFO - DAG(s) 'news_dag' retrieved from /opt/airflow/dags/wordcount_dag.py
[2025-05-02T06:39:58.074+0000] {logging_mixin.py:190} INFO - [2025-05-02T06:39:58.074+0000] {dag.py:3239} INFO - Sync 1 DAGs
[2025-05-02T06:39:58.078+0000] {logging_mixin.py:190} INFO - [2025-05-02T06:39:58.078+0000] {dag.py:4180} INFO - Setting next_dagrun for news_dag to None, run_after=None
[2025-05-02T06:39:58.084+0000] {processor.py:208} INFO - Processing /opt/airflow/dags/wordcount_dag.py took 0.156 seconds
[2025-05-02T06:40:28.575+0000] {processor.py:186} INFO - Started process (PID=125) to work on /opt/airflow/dags/wordcount_dag.py
[2025-05-02T06:40:28.575+0000] {processor.py:914} INFO - Processing file /opt/airflow/dags/wordcount_dag.py for tasks to queue
[2025-05-02T06:40:28.576+0000] {logging_mixin.py:190} INFO - [2025-05-02T06:40:28.576+0000] {dagbag.py:588} INFO - Filling up the DagBag from /opt/airflow/dags/wordcount_dag.py
[2025-05-02T06:40:28.729+0000] {processor.py:925} INFO - DAG(s) 'news_dag' retrieved from /opt/airflow/dags/wordcount_dag.py
[2025-05-02T06:40:28.737+0000] {logging_mixin.py:190} INFO - [2025-05-02T06:40:28.736+0000] {dag.py:3239} INFO - Sync 1 DAGs
[2025-05-02T06:40:28.742+0000] {logging_mixin.py:190} INFO - [2025-05-02T06:40:28.742+0000] {dag.py:4180} INFO - Setting next_dagrun for news_dag to None, run_after=None
[2025-05-02T06:40:28.749+0000] {processor.py:208} INFO - Processing /opt/airflow/dags/wordcount_dag.py took 0.179 seconds
[2025-05-02T06:40:59.152+0000] {processor.py:186} INFO - Started process (PID=128) to work on /opt/airflow/dags/wordcount_dag.py
[2025-05-02T06:40:59.153+0000] {processor.py:914} INFO - Processing file /opt/airflow/dags/wordcount_dag.py for tasks to queue
[2025-05-02T06:40:59.154+0000] {logging_mixin.py:190} INFO - [2025-05-02T06:40:59.153+0000] {dagbag.py:588} INFO - Filling up the DagBag from /opt/airflow/dags/wordcount_dag.py
[2025-05-02T06:40:59.326+0000] {processor.py:925} INFO - DAG(s) 'news_dag' retrieved from /opt/airflow/dags/wordcount_dag.py
[2025-05-02T06:40:59.335+0000] {logging_mixin.py:190} INFO - [2025-05-02T06:40:59.334+0000] {dag.py:3239} INFO - Sync 1 DAGs
[2025-05-02T06:40:59.340+0000] {logging_mixin.py:190} INFO - [2025-05-02T06:40:59.340+0000] {dag.py:4180} INFO - Setting next_dagrun for news_dag to None, run_after=None
[2025-05-02T06:40:59.346+0000] {processor.py:208} INFO - Processing /opt/airflow/dags/wordcount_dag.py took 0.197 seconds
[2025-05-02T06:41:29.667+0000] {processor.py:186} INFO - Started process (PID=131) to work on /opt/airflow/dags/wordcount_dag.py
[2025-05-02T06:41:29.667+0000] {processor.py:914} INFO - Processing file /opt/airflow/dags/wordcount_dag.py for tasks to queue
[2025-05-02T06:41:29.668+0000] {logging_mixin.py:190} INFO - [2025-05-02T06:41:29.668+0000] {dagbag.py:588} INFO - Filling up the DagBag from /opt/airflow/dags/wordcount_dag.py
[2025-05-02T06:41:29.840+0000] {processor.py:925} INFO - DAG(s) 'news_dag' retrieved from /opt/airflow/dags/wordcount_dag.py
[2025-05-02T06:41:29.849+0000] {logging_mixin.py:190} INFO - [2025-05-02T06:41:29.849+0000] {dag.py:3239} INFO - Sync 1 DAGs
[2025-05-02T06:41:29.854+0000] {logging_mixin.py:190} INFO - [2025-05-02T06:41:29.854+0000] {dag.py:4180} INFO - Setting next_dagrun for news_dag to None, run_after=None
[2025-05-02T06:41:29.861+0000] {processor.py:208} INFO - Processing /opt/airflow/dags/wordcount_dag.py took 0.198 seconds
[2025-05-02T06:42:00.286+0000] {processor.py:186} INFO - Started process (PID=134) to work on /opt/airflow/dags/wordcount_dag.py
[2025-05-02T06:42:00.286+0000] {processor.py:914} INFO - Processing file /opt/airflow/dags/wordcount_dag.py for tasks to queue
[2025-05-02T06:42:00.287+0000] {logging_mixin.py:190} INFO - [2025-05-02T06:42:00.287+0000] {dagbag.py:588} INFO - Filling up the DagBag from /opt/airflow/dags/wordcount_dag.py
[2025-05-02T06:42:00.441+0000] {processor.py:925} INFO - DAG(s) 'news_dag' retrieved from /opt/airflow/dags/wordcount_dag.py
[2025-05-02T06:42:00.450+0000] {logging_mixin.py:190} INFO - [2025-05-02T06:42:00.450+0000] {dag.py:3239} INFO - Sync 1 DAGs
[2025-05-02T06:42:00.456+0000] {logging_mixin.py:190} INFO - [2025-05-02T06:42:00.456+0000] {dag.py:4180} INFO - Setting next_dagrun for news_dag to None, run_after=None
[2025-05-02T06:42:00.464+0000] {processor.py:208} INFO - Processing /opt/airflow/dags/wordcount_dag.py took 0.181 seconds
[2025-05-02T06:42:30.810+0000] {processor.py:186} INFO - Started process (PID=137) to work on /opt/airflow/dags/wordcount_dag.py
[2025-05-02T06:42:30.810+0000] {processor.py:914} INFO - Processing file /opt/airflow/dags/wordcount_dag.py for tasks to queue
[2025-05-02T06:42:30.811+0000] {logging_mixin.py:190} INFO - [2025-05-02T06:42:30.811+0000] {dagbag.py:588} INFO - Filling up the DagBag from /opt/airflow/dags/wordcount_dag.py
[2025-05-02T06:42:30.947+0000] {processor.py:925} INFO - DAG(s) 'news_dag' retrieved from /opt/airflow/dags/wordcount_dag.py
[2025-05-02T06:42:30.955+0000] {logging_mixin.py:190} INFO - [2025-05-02T06:42:30.955+0000] {dag.py:3239} INFO - Sync 1 DAGs
[2025-05-02T06:42:30.959+0000] {logging_mixin.py:190} INFO - [2025-05-02T06:42:30.959+0000] {dag.py:4180} INFO - Setting next_dagrun for news_dag to None, run_after=None
[2025-05-02T06:42:30.966+0000] {processor.py:208} INFO - Processing /opt/airflow/dags/wordcount_dag.py took 0.159 seconds
[2025-05-02T06:43:01.281+0000] {processor.py:186} INFO - Started process (PID=140) to work on /opt/airflow/dags/wordcount_dag.py
[2025-05-02T06:43:01.281+0000] {processor.py:914} INFO - Processing file /opt/airflow/dags/wordcount_dag.py for tasks to queue
[2025-05-02T06:43:01.282+0000] {logging_mixin.py:190} INFO - [2025-05-02T06:43:01.282+0000] {dagbag.py:588} INFO - Filling up the DagBag from /opt/airflow/dags/wordcount_dag.py
[2025-05-02T06:43:01.420+0000] {processor.py:925} INFO - DAG(s) 'news_dag' retrieved from /opt/airflow/dags/wordcount_dag.py
[2025-05-02T06:43:01.428+0000] {logging_mixin.py:190} INFO - [2025-05-02T06:43:01.427+0000] {dag.py:3239} INFO - Sync 1 DAGs
[2025-05-02T06:43:01.432+0000] {logging_mixin.py:190} INFO - [2025-05-02T06:43:01.432+0000] {dag.py:4180} INFO - Setting next_dagrun for news_dag to None, run_after=None
[2025-05-02T06:43:01.438+0000] {processor.py:208} INFO - Processing /opt/airflow/dags/wordcount_dag.py took 0.161 seconds
[2025-05-02T06:43:31.702+0000] {processor.py:186} INFO - Started process (PID=143) to work on /opt/airflow/dags/wordcount_dag.py
[2025-05-02T06:43:31.703+0000] {processor.py:914} INFO - Processing file /opt/airflow/dags/wordcount_dag.py for tasks to queue
[2025-05-02T06:43:31.704+0000] {logging_mixin.py:190} INFO - [2025-05-02T06:43:31.704+0000] {dagbag.py:588} INFO - Filling up the DagBag from /opt/airflow/dags/wordcount_dag.py
[2025-05-02T06:43:31.839+0000] {processor.py:925} INFO - DAG(s) 'news_dag' retrieved from /opt/airflow/dags/wordcount_dag.py
[2025-05-02T06:43:31.847+0000] {logging_mixin.py:190} INFO - [2025-05-02T06:43:31.847+0000] {dag.py:3239} INFO - Sync 1 DAGs
[2025-05-02T06:43:31.852+0000] {logging_mixin.py:190} INFO - [2025-05-02T06:43:31.852+0000] {dag.py:4180} INFO - Setting next_dagrun for news_dag to None, run_after=None
[2025-05-02T06:43:31.858+0000] {processor.py:208} INFO - Processing /opt/airflow/dags/wordcount_dag.py took 0.158 seconds
[2025-05-02T06:44:02.140+0000] {processor.py:186} INFO - Started process (PID=146) to work on /opt/airflow/dags/wordcount_dag.py
[2025-05-02T06:44:02.140+0000] {processor.py:914} INFO - Processing file /opt/airflow/dags/wordcount_dag.py for tasks to queue
[2025-05-02T06:44:02.141+0000] {logging_mixin.py:190} INFO - [2025-05-02T06:44:02.141+0000] {dagbag.py:588} INFO - Filling up the DagBag from /opt/airflow/dags/wordcount_dag.py
[2025-05-02T06:44:02.303+0000] {processor.py:925} INFO - DAG(s) 'news_dag' retrieved from /opt/airflow/dags/wordcount_dag.py
[2025-05-02T06:44:02.313+0000] {logging_mixin.py:190} INFO - [2025-05-02T06:44:02.312+0000] {dag.py:3239} INFO - Sync 1 DAGs
[2025-05-02T06:44:02.318+0000] {logging_mixin.py:190} INFO - [2025-05-02T06:44:02.318+0000] {dag.py:4180} INFO - Setting next_dagrun for news_dag to None, run_after=None
[2025-05-02T06:44:02.326+0000] {processor.py:208} INFO - Processing /opt/airflow/dags/wordcount_dag.py took 0.190 seconds
[2025-05-02T06:44:32.627+0000] {processor.py:186} INFO - Started process (PID=149) to work on /opt/airflow/dags/wordcount_dag.py
[2025-05-02T06:44:32.627+0000] {processor.py:914} INFO - Processing file /opt/airflow/dags/wordcount_dag.py for tasks to queue
[2025-05-02T06:44:32.628+0000] {logging_mixin.py:190} INFO - [2025-05-02T06:44:32.628+0000] {dagbag.py:588} INFO - Filling up the DagBag from /opt/airflow/dags/wordcount_dag.py
[2025-05-02T06:44:32.763+0000] {processor.py:925} INFO - DAG(s) 'news_dag' retrieved from /opt/airflow/dags/wordcount_dag.py
[2025-05-02T06:44:32.772+0000] {logging_mixin.py:190} INFO - [2025-05-02T06:44:32.772+0000] {dag.py:3239} INFO - Sync 1 DAGs
[2025-05-02T06:44:32.776+0000] {logging_mixin.py:190} INFO - [2025-05-02T06:44:32.776+0000] {dag.py:4180} INFO - Setting next_dagrun for news_dag to None, run_after=None
[2025-05-02T06:44:32.782+0000] {processor.py:208} INFO - Processing /opt/airflow/dags/wordcount_dag.py took 0.158 seconds
[2025-05-02T06:45:02.991+0000] {processor.py:186} INFO - Started process (PID=152) to work on /opt/airflow/dags/wordcount_dag.py
[2025-05-02T06:45:02.992+0000] {processor.py:914} INFO - Processing file /opt/airflow/dags/wordcount_dag.py for tasks to queue
[2025-05-02T06:45:02.992+0000] {logging_mixin.py:190} INFO - [2025-05-02T06:45:02.992+0000] {dagbag.py:588} INFO - Filling up the DagBag from /opt/airflow/dags/wordcount_dag.py
[2025-05-02T06:45:03.151+0000] {processor.py:925} INFO - DAG(s) 'news_dag' retrieved from /opt/airflow/dags/wordcount_dag.py
[2025-05-02T06:45:03.159+0000] {logging_mixin.py:190} INFO - [2025-05-02T06:45:03.159+0000] {dag.py:3239} INFO - Sync 1 DAGs
[2025-05-02T06:45:03.164+0000] {logging_mixin.py:190} INFO - [2025-05-02T06:45:03.164+0000] {dag.py:4180} INFO - Setting next_dagrun for news_dag to None, run_after=None
[2025-05-02T06:45:03.173+0000] {processor.py:208} INFO - Processing /opt/airflow/dags/wordcount_dag.py took 0.185 seconds
[2025-05-02T06:45:33.344+0000] {processor.py:186} INFO - Started process (PID=155) to work on /opt/airflow/dags/wordcount_dag.py
[2025-05-02T06:45:33.345+0000] {processor.py:914} INFO - Processing file /opt/airflow/dags/wordcount_dag.py for tasks to queue
[2025-05-02T06:45:33.346+0000] {logging_mixin.py:190} INFO - [2025-05-02T06:45:33.345+0000] {dagbag.py:588} INFO - Filling up the DagBag from /opt/airflow/dags/wordcount_dag.py
[2025-05-02T06:45:33.501+0000] {processor.py:925} INFO - DAG(s) 'news_dag' retrieved from /opt/airflow/dags/wordcount_dag.py
[2025-05-02T06:45:33.511+0000] {logging_mixin.py:190} INFO - [2025-05-02T06:45:33.510+0000] {dag.py:3239} INFO - Sync 1 DAGs
[2025-05-02T06:45:33.515+0000] {logging_mixin.py:190} INFO - [2025-05-02T06:45:33.515+0000] {dag.py:4180} INFO - Setting next_dagrun for news_dag to None, run_after=None
[2025-05-02T06:45:33.523+0000] {processor.py:208} INFO - Processing /opt/airflow/dags/wordcount_dag.py took 0.183 seconds
[2025-05-02T06:46:03.801+0000] {processor.py:186} INFO - Started process (PID=158) to work on /opt/airflow/dags/wordcount_dag.py
[2025-05-02T06:46:03.802+0000] {processor.py:914} INFO - Processing file /opt/airflow/dags/wordcount_dag.py for tasks to queue
[2025-05-02T06:46:03.802+0000] {logging_mixin.py:190} INFO - [2025-05-02T06:46:03.802+0000] {dagbag.py:588} INFO - Filling up the DagBag from /opt/airflow/dags/wordcount_dag.py
[2025-05-02T06:46:03.944+0000] {processor.py:925} INFO - DAG(s) 'news_dag' retrieved from /opt/airflow/dags/wordcount_dag.py
[2025-05-02T06:46:03.952+0000] {logging_mixin.py:190} INFO - [2025-05-02T06:46:03.952+0000] {dag.py:3239} INFO - Sync 1 DAGs
[2025-05-02T06:46:03.957+0000] {logging_mixin.py:190} INFO - [2025-05-02T06:46:03.957+0000] {dag.py:4180} INFO - Setting next_dagrun for news_dag to None, run_after=None
[2025-05-02T06:46:03.964+0000] {processor.py:208} INFO - Processing /opt/airflow/dags/wordcount_dag.py took 0.166 seconds
[2025-05-02T06:46:34.280+0000] {processor.py:186} INFO - Started process (PID=162) to work on /opt/airflow/dags/wordcount_dag.py
[2025-05-02T06:46:34.280+0000] {processor.py:914} INFO - Processing file /opt/airflow/dags/wordcount_dag.py for tasks to queue
[2025-05-02T06:46:34.281+0000] {logging_mixin.py:190} INFO - [2025-05-02T06:46:34.281+0000] {dagbag.py:588} INFO - Filling up the DagBag from /opt/airflow/dags/wordcount_dag.py
[2025-05-02T06:46:34.429+0000] {processor.py:925} INFO - DAG(s) 'news_dag' retrieved from /opt/airflow/dags/wordcount_dag.py
[2025-05-02T06:46:34.438+0000] {logging_mixin.py:190} INFO - [2025-05-02T06:46:34.438+0000] {dag.py:3239} INFO - Sync 1 DAGs
[2025-05-02T06:46:34.444+0000] {logging_mixin.py:190} INFO - [2025-05-02T06:46:34.444+0000] {dag.py:4180} INFO - Setting next_dagrun for news_dag to None, run_after=None
[2025-05-02T06:46:34.453+0000] {processor.py:208} INFO - Processing /opt/airflow/dags/wordcount_dag.py took 0.176 seconds
[2025-05-02T06:47:04.730+0000] {processor.py:186} INFO - Started process (PID=166) to work on /opt/airflow/dags/wordcount_dag.py
[2025-05-02T06:47:04.730+0000] {processor.py:914} INFO - Processing file /opt/airflow/dags/wordcount_dag.py for tasks to queue
[2025-05-02T06:47:04.731+0000] {logging_mixin.py:190} INFO - [2025-05-02T06:47:04.731+0000] {dagbag.py:588} INFO - Filling up the DagBag from /opt/airflow/dags/wordcount_dag.py
[2025-05-02T06:47:04.864+0000] {processor.py:925} INFO - DAG(s) 'news_dag' retrieved from /opt/airflow/dags/wordcount_dag.py
[2025-05-02T06:47:04.872+0000] {logging_mixin.py:190} INFO - [2025-05-02T06:47:04.872+0000] {dag.py:3239} INFO - Sync 1 DAGs
[2025-05-02T06:47:04.876+0000] {logging_mixin.py:190} INFO - [2025-05-02T06:47:04.876+0000] {dag.py:4180} INFO - Setting next_dagrun for news_dag to None, run_after=None
[2025-05-02T06:47:04.882+0000] {processor.py:208} INFO - Processing /opt/airflow/dags/wordcount_dag.py took 0.155 seconds
[2025-05-02T06:47:35.189+0000] {processor.py:186} INFO - Started process (PID=170) to work on /opt/airflow/dags/wordcount_dag.py
[2025-05-02T06:47:35.190+0000] {processor.py:914} INFO - Processing file /opt/airflow/dags/wordcount_dag.py for tasks to queue
[2025-05-02T06:47:35.191+0000] {logging_mixin.py:190} INFO - [2025-05-02T06:47:35.191+0000] {dagbag.py:588} INFO - Filling up the DagBag from /opt/airflow/dags/wordcount_dag.py
[2025-05-02T06:47:35.325+0000] {processor.py:925} INFO - DAG(s) 'news_dag' retrieved from /opt/airflow/dags/wordcount_dag.py
[2025-05-02T06:47:35.332+0000] {logging_mixin.py:190} INFO - [2025-05-02T06:47:35.332+0000] {dag.py:3239} INFO - Sync 1 DAGs
[2025-05-02T06:47:35.336+0000] {logging_mixin.py:190} INFO - [2025-05-02T06:47:35.336+0000] {dag.py:4180} INFO - Setting next_dagrun for news_dag to None, run_after=None
[2025-05-02T06:47:35.342+0000] {processor.py:208} INFO - Processing /opt/airflow/dags/wordcount_dag.py took 0.156 seconds
[2025-05-02T06:48:05.803+0000] {processor.py:186} INFO - Started process (PID=175) to work on /opt/airflow/dags/wordcount_dag.py
[2025-05-02T06:48:05.804+0000] {processor.py:914} INFO - Processing file /opt/airflow/dags/wordcount_dag.py for tasks to queue
[2025-05-02T06:48:05.804+0000] {logging_mixin.py:190} INFO - [2025-05-02T06:48:05.804+0000] {dagbag.py:588} INFO - Filling up the DagBag from /opt/airflow/dags/wordcount_dag.py
[2025-05-02T06:48:05.952+0000] {processor.py:925} INFO - DAG(s) 'news_dag' retrieved from /opt/airflow/dags/wordcount_dag.py
[2025-05-02T06:48:05.960+0000] {logging_mixin.py:190} INFO - [2025-05-02T06:48:05.960+0000] {dag.py:3239} INFO - Sync 1 DAGs
[2025-05-02T06:48:05.964+0000] {logging_mixin.py:190} INFO - [2025-05-02T06:48:05.964+0000] {dag.py:4180} INFO - Setting next_dagrun for news_dag to None, run_after=None
[2025-05-02T06:48:05.971+0000] {processor.py:208} INFO - Processing /opt/airflow/dags/wordcount_dag.py took 0.171 seconds
[2025-05-02T06:48:36.410+0000] {processor.py:186} INFO - Started process (PID=180) to work on /opt/airflow/dags/wordcount_dag.py
[2025-05-02T06:48:36.410+0000] {processor.py:914} INFO - Processing file /opt/airflow/dags/wordcount_dag.py for tasks to queue
[2025-05-02T06:48:36.411+0000] {logging_mixin.py:190} INFO - [2025-05-02T06:48:36.411+0000] {dagbag.py:588} INFO - Filling up the DagBag from /opt/airflow/dags/wordcount_dag.py
[2025-05-02T06:48:36.545+0000] {processor.py:925} INFO - DAG(s) 'news_dag' retrieved from /opt/airflow/dags/wordcount_dag.py
[2025-05-02T06:48:36.553+0000] {logging_mixin.py:190} INFO - [2025-05-02T06:48:36.553+0000] {dag.py:3239} INFO - Sync 1 DAGs
[2025-05-02T06:48:36.558+0000] {logging_mixin.py:190} INFO - [2025-05-02T06:48:36.558+0000] {dag.py:4180} INFO - Setting next_dagrun for news_dag to None, run_after=None
[2025-05-02T06:48:36.566+0000] {processor.py:208} INFO - Processing /opt/airflow/dags/wordcount_dag.py took 0.160 seconds
[2025-05-02T06:49:06.816+0000] {processor.py:186} INFO - Started process (PID=184) to work on /opt/airflow/dags/wordcount_dag.py
[2025-05-02T06:49:06.817+0000] {processor.py:914} INFO - Processing file /opt/airflow/dags/wordcount_dag.py for tasks to queue
[2025-05-02T06:49:06.818+0000] {logging_mixin.py:190} INFO - [2025-05-02T06:49:06.818+0000] {dagbag.py:588} INFO - Filling up the DagBag from /opt/airflow/dags/wordcount_dag.py
[2025-05-02T06:49:06.984+0000] {processor.py:925} INFO - DAG(s) 'news_dag' retrieved from /opt/airflow/dags/wordcount_dag.py
[2025-05-02T06:49:06.993+0000] {logging_mixin.py:190} INFO - [2025-05-02T06:49:06.993+0000] {dag.py:3239} INFO - Sync 1 DAGs
[2025-05-02T06:49:06.998+0000] {logging_mixin.py:190} INFO - [2025-05-02T06:49:06.998+0000] {dag.py:4180} INFO - Setting next_dagrun for news_dag to None, run_after=None
[2025-05-02T06:49:07.007+0000] {processor.py:208} INFO - Processing /opt/airflow/dags/wordcount_dag.py took 0.194 seconds
[2025-05-02T06:49:37.212+0000] {processor.py:186} INFO - Started process (PID=188) to work on /opt/airflow/dags/wordcount_dag.py
[2025-05-02T06:49:37.213+0000] {processor.py:914} INFO - Processing file /opt/airflow/dags/wordcount_dag.py for tasks to queue
[2025-05-02T06:49:37.214+0000] {logging_mixin.py:190} INFO - [2025-05-02T06:49:37.214+0000] {dagbag.py:588} INFO - Filling up the DagBag from /opt/airflow/dags/wordcount_dag.py
[2025-05-02T06:49:37.391+0000] {processor.py:925} INFO - DAG(s) 'news_dag' retrieved from /opt/airflow/dags/wordcount_dag.py
[2025-05-02T06:49:37.401+0000] {logging_mixin.py:190} INFO - [2025-05-02T06:49:37.400+0000] {dag.py:3239} INFO - Sync 1 DAGs
[2025-05-02T06:49:37.407+0000] {logging_mixin.py:190} INFO - [2025-05-02T06:49:37.407+0000] {dag.py:4180} INFO - Setting next_dagrun for news_dag to None, run_after=None
[2025-05-02T06:49:37.414+0000] {processor.py:208} INFO - Processing /opt/airflow/dags/wordcount_dag.py took 0.205 seconds
[2025-05-02T06:50:07.627+0000] {processor.py:186} INFO - Started process (PID=192) to work on /opt/airflow/dags/wordcount_dag.py
[2025-05-02T06:50:07.627+0000] {processor.py:914} INFO - Processing file /opt/airflow/dags/wordcount_dag.py for tasks to queue
[2025-05-02T06:50:07.628+0000] {logging_mixin.py:190} INFO - [2025-05-02T06:50:07.628+0000] {dagbag.py:588} INFO - Filling up the DagBag from /opt/airflow/dags/wordcount_dag.py
[2025-05-02T06:50:07.774+0000] {processor.py:925} INFO - DAG(s) 'news_dag' retrieved from /opt/airflow/dags/wordcount_dag.py
[2025-05-02T06:50:07.782+0000] {logging_mixin.py:190} INFO - [2025-05-02T06:50:07.782+0000] {dag.py:3239} INFO - Sync 1 DAGs
[2025-05-02T06:50:07.787+0000] {logging_mixin.py:190} INFO - [2025-05-02T06:50:07.787+0000] {dag.py:4180} INFO - Setting next_dagrun for news_dag to None, run_after=None
[2025-05-02T06:50:07.793+0000] {processor.py:208} INFO - Processing /opt/airflow/dags/wordcount_dag.py took 0.169 seconds
[2025-05-02T06:50:38.002+0000] {processor.py:186} INFO - Started process (PID=196) to work on /opt/airflow/dags/wordcount_dag.py
[2025-05-02T06:50:38.003+0000] {processor.py:914} INFO - Processing file /opt/airflow/dags/wordcount_dag.py for tasks to queue
[2025-05-02T06:50:38.003+0000] {logging_mixin.py:190} INFO - [2025-05-02T06:50:38.003+0000] {dagbag.py:588} INFO - Filling up the DagBag from /opt/airflow/dags/wordcount_dag.py
[2025-05-02T06:50:38.151+0000] {processor.py:925} INFO - DAG(s) 'news_dag' retrieved from /opt/airflow/dags/wordcount_dag.py
[2025-05-02T06:50:38.162+0000] {logging_mixin.py:190} INFO - [2025-05-02T06:50:38.162+0000] {dag.py:3239} INFO - Sync 1 DAGs
[2025-05-02T06:50:38.167+0000] {logging_mixin.py:190} INFO - [2025-05-02T06:50:38.167+0000] {dag.py:4180} INFO - Setting next_dagrun for news_dag to None, run_after=None
[2025-05-02T06:50:38.175+0000] {processor.py:208} INFO - Processing /opt/airflow/dags/wordcount_dag.py took 0.177 seconds
[2025-05-02T06:51:08.410+0000] {processor.py:186} INFO - Started process (PID=200) to work on /opt/airflow/dags/wordcount_dag.py
[2025-05-02T06:51:08.411+0000] {processor.py:914} INFO - Processing file /opt/airflow/dags/wordcount_dag.py for tasks to queue
[2025-05-02T06:51:08.412+0000] {logging_mixin.py:190} INFO - [2025-05-02T06:51:08.411+0000] {dagbag.py:588} INFO - Filling up the DagBag from /opt/airflow/dags/wordcount_dag.py
[2025-05-02T06:51:08.545+0000] {processor.py:925} INFO - DAG(s) 'news_dag' retrieved from /opt/airflow/dags/wordcount_dag.py
[2025-05-02T06:51:08.552+0000] {logging_mixin.py:190} INFO - [2025-05-02T06:51:08.552+0000] {dag.py:3239} INFO - Sync 1 DAGs
[2025-05-02T06:51:08.557+0000] {logging_mixin.py:190} INFO - [2025-05-02T06:51:08.557+0000] {dag.py:4180} INFO - Setting next_dagrun for news_dag to None, run_after=None
[2025-05-02T06:51:08.564+0000] {processor.py:208} INFO - Processing /opt/airflow/dags/wordcount_dag.py took 0.157 seconds
[2025-05-02T06:51:38.866+0000] {processor.py:186} INFO - Started process (PID=204) to work on /opt/airflow/dags/wordcount_dag.py
[2025-05-02T06:51:38.866+0000] {processor.py:914} INFO - Processing file /opt/airflow/dags/wordcount_dag.py for tasks to queue
[2025-05-02T06:51:38.867+0000] {logging_mixin.py:190} INFO - [2025-05-02T06:51:38.867+0000] {dagbag.py:588} INFO - Filling up the DagBag from /opt/airflow/dags/wordcount_dag.py
[2025-05-02T06:51:38.999+0000] {processor.py:925} INFO - DAG(s) 'news_dag' retrieved from /opt/airflow/dags/wordcount_dag.py
[2025-05-02T06:51:39.007+0000] {logging_mixin.py:190} INFO - [2025-05-02T06:51:39.007+0000] {dag.py:3239} INFO - Sync 1 DAGs
[2025-05-02T06:51:39.011+0000] {logging_mixin.py:190} INFO - [2025-05-02T06:51:39.011+0000] {dag.py:4180} INFO - Setting next_dagrun for news_dag to None, run_after=None
[2025-05-02T06:51:39.017+0000] {processor.py:208} INFO - Processing /opt/airflow/dags/wordcount_dag.py took 0.154 seconds
[2025-05-02T06:52:09.398+0000] {processor.py:186} INFO - Started process (PID=208) to work on /opt/airflow/dags/wordcount_dag.py
[2025-05-02T06:52:09.399+0000] {processor.py:914} INFO - Processing file /opt/airflow/dags/wordcount_dag.py for tasks to queue
[2025-05-02T06:52:09.399+0000] {logging_mixin.py:190} INFO - [2025-05-02T06:52:09.399+0000] {dagbag.py:588} INFO - Filling up the DagBag from /opt/airflow/dags/wordcount_dag.py
[2025-05-02T06:52:09.529+0000] {processor.py:925} INFO - DAG(s) 'news_dag' retrieved from /opt/airflow/dags/wordcount_dag.py
[2025-05-02T06:52:09.536+0000] {logging_mixin.py:190} INFO - [2025-05-02T06:52:09.536+0000] {dag.py:3239} INFO - Sync 1 DAGs
[2025-05-02T06:52:09.541+0000] {logging_mixin.py:190} INFO - [2025-05-02T06:52:09.541+0000] {dag.py:4180} INFO - Setting next_dagrun for news_dag to None, run_after=None
[2025-05-02T06:52:09.547+0000] {processor.py:208} INFO - Processing /opt/airflow/dags/wordcount_dag.py took 0.151 seconds
[2025-05-02T06:52:39.939+0000] {processor.py:186} INFO - Started process (PID=212) to work on /opt/airflow/dags/wordcount_dag.py
[2025-05-02T06:52:39.939+0000] {processor.py:914} INFO - Processing file /opt/airflow/dags/wordcount_dag.py for tasks to queue
[2025-05-02T06:52:39.940+0000] {logging_mixin.py:190} INFO - [2025-05-02T06:52:39.939+0000] {dagbag.py:588} INFO - Filling up the DagBag from /opt/airflow/dags/wordcount_dag.py
[2025-05-02T06:52:40.080+0000] {processor.py:925} INFO - DAG(s) 'news_dag' retrieved from /opt/airflow/dags/wordcount_dag.py
[2025-05-02T06:52:40.088+0000] {logging_mixin.py:190} INFO - [2025-05-02T06:52:40.088+0000] {dag.py:3239} INFO - Sync 1 DAGs
[2025-05-02T06:52:40.092+0000] {logging_mixin.py:190} INFO - [2025-05-02T06:52:40.092+0000] {dag.py:4180} INFO - Setting next_dagrun for news_dag to None, run_after=None
[2025-05-02T06:52:40.100+0000] {processor.py:208} INFO - Processing /opt/airflow/dags/wordcount_dag.py took 0.165 seconds
[2025-05-02T06:53:10.536+0000] {processor.py:186} INFO - Started process (PID=216) to work on /opt/airflow/dags/wordcount_dag.py
[2025-05-02T06:53:10.537+0000] {processor.py:914} INFO - Processing file /opt/airflow/dags/wordcount_dag.py for tasks to queue
[2025-05-02T06:53:10.538+0000] {logging_mixin.py:190} INFO - [2025-05-02T06:53:10.537+0000] {dagbag.py:588} INFO - Filling up the DagBag from /opt/airflow/dags/wordcount_dag.py
[2025-05-02T06:53:10.673+0000] {processor.py:925} INFO - DAG(s) 'news_dag' retrieved from /opt/airflow/dags/wordcount_dag.py
[2025-05-02T06:53:10.680+0000] {logging_mixin.py:190} INFO - [2025-05-02T06:53:10.680+0000] {dag.py:3239} INFO - Sync 1 DAGs
[2025-05-02T06:53:10.684+0000] {logging_mixin.py:190} INFO - [2025-05-02T06:53:10.684+0000] {dag.py:4180} INFO - Setting next_dagrun for news_dag to None, run_after=None
[2025-05-02T06:53:10.690+0000] {processor.py:208} INFO - Processing /opt/airflow/dags/wordcount_dag.py took 0.158 seconds
[2025-05-02T06:53:41.037+0000] {processor.py:186} INFO - Started process (PID=220) to work on /opt/airflow/dags/wordcount_dag.py
[2025-05-02T06:53:41.038+0000] {processor.py:914} INFO - Processing file /opt/airflow/dags/wordcount_dag.py for tasks to queue
[2025-05-02T06:53:41.039+0000] {logging_mixin.py:190} INFO - [2025-05-02T06:53:41.039+0000] {dagbag.py:588} INFO - Filling up the DagBag from /opt/airflow/dags/wordcount_dag.py
[2025-05-02T06:53:41.181+0000] {processor.py:925} INFO - DAG(s) 'news_dag' retrieved from /opt/airflow/dags/wordcount_dag.py
[2025-05-02T06:53:41.188+0000] {logging_mixin.py:190} INFO - [2025-05-02T06:53:41.188+0000] {dag.py:3239} INFO - Sync 1 DAGs
[2025-05-02T06:53:41.192+0000] {logging_mixin.py:190} INFO - [2025-05-02T06:53:41.192+0000] {dag.py:4180} INFO - Setting next_dagrun for news_dag to None, run_after=None
[2025-05-02T06:53:41.197+0000] {processor.py:208} INFO - Processing /opt/airflow/dags/wordcount_dag.py took 0.163 seconds
[2025-05-02T06:54:11.479+0000] {processor.py:186} INFO - Started process (PID=224) to work on /opt/airflow/dags/wordcount_dag.py
[2025-05-02T06:54:11.479+0000] {processor.py:914} INFO - Processing file /opt/airflow/dags/wordcount_dag.py for tasks to queue
[2025-05-02T06:54:11.480+0000] {logging_mixin.py:190} INFO - [2025-05-02T06:54:11.480+0000] {dagbag.py:588} INFO - Filling up the DagBag from /opt/airflow/dags/wordcount_dag.py
[2025-05-02T06:54:11.628+0000] {processor.py:925} INFO - DAG(s) 'news_dag' retrieved from /opt/airflow/dags/wordcount_dag.py
[2025-05-02T06:54:11.636+0000] {logging_mixin.py:190} INFO - [2025-05-02T06:54:11.635+0000] {dag.py:3239} INFO - Sync 1 DAGs
[2025-05-02T06:54:11.640+0000] {logging_mixin.py:190} INFO - [2025-05-02T06:54:11.640+0000] {dag.py:4180} INFO - Setting next_dagrun for news_dag to None, run_after=None
[2025-05-02T06:54:11.646+0000] {processor.py:208} INFO - Processing /opt/airflow/dags/wordcount_dag.py took 0.170 seconds
[2025-05-02T06:54:41.995+0000] {processor.py:186} INFO - Started process (PID=228) to work on /opt/airflow/dags/wordcount_dag.py
[2025-05-02T06:54:41.996+0000] {processor.py:914} INFO - Processing file /opt/airflow/dags/wordcount_dag.py for tasks to queue
[2025-05-02T06:54:41.997+0000] {logging_mixin.py:190} INFO - [2025-05-02T06:54:41.996+0000] {dagbag.py:588} INFO - Filling up the DagBag from /opt/airflow/dags/wordcount_dag.py
[2025-05-02T06:54:42.126+0000] {processor.py:925} INFO - DAG(s) 'news_dag' retrieved from /opt/airflow/dags/wordcount_dag.py
[2025-05-02T06:54:42.134+0000] {logging_mixin.py:190} INFO - [2025-05-02T06:54:42.134+0000] {dag.py:3239} INFO - Sync 1 DAGs
[2025-05-02T06:54:42.138+0000] {logging_mixin.py:190} INFO - [2025-05-02T06:54:42.138+0000] {dag.py:4180} INFO - Setting next_dagrun for news_dag to None, run_after=None
[2025-05-02T06:54:42.144+0000] {processor.py:208} INFO - Processing /opt/airflow/dags/wordcount_dag.py took 0.151 seconds
[2025-05-02T06:55:12.515+0000] {processor.py:186} INFO - Started process (PID=232) to work on /opt/airflow/dags/wordcount_dag.py
[2025-05-02T06:55:12.515+0000] {processor.py:914} INFO - Processing file /opt/airflow/dags/wordcount_dag.py for tasks to queue
[2025-05-02T06:55:12.516+0000] {logging_mixin.py:190} INFO - [2025-05-02T06:55:12.516+0000] {dagbag.py:588} INFO - Filling up the DagBag from /opt/airflow/dags/wordcount_dag.py
[2025-05-02T06:55:12.645+0000] {processor.py:925} INFO - DAG(s) 'news_dag' retrieved from /opt/airflow/dags/wordcount_dag.py
[2025-05-02T06:55:12.654+0000] {logging_mixin.py:190} INFO - [2025-05-02T06:55:12.653+0000] {dag.py:3239} INFO - Sync 1 DAGs
[2025-05-02T06:55:12.658+0000] {logging_mixin.py:190} INFO - [2025-05-02T06:55:12.658+0000] {dag.py:4180} INFO - Setting next_dagrun for news_dag to None, run_after=None
[2025-05-02T06:55:12.663+0000] {processor.py:208} INFO - Processing /opt/airflow/dags/wordcount_dag.py took 0.151 seconds
[2025-05-02T06:55:42.934+0000] {processor.py:186} INFO - Started process (PID=236) to work on /opt/airflow/dags/wordcount_dag.py
[2025-05-02T06:55:42.935+0000] {processor.py:914} INFO - Processing file /opt/airflow/dags/wordcount_dag.py for tasks to queue
[2025-05-02T06:55:42.936+0000] {logging_mixin.py:190} INFO - [2025-05-02T06:55:42.935+0000] {dagbag.py:588} INFO - Filling up the DagBag from /opt/airflow/dags/wordcount_dag.py
[2025-05-02T06:55:43.102+0000] {processor.py:925} INFO - DAG(s) 'news_dag' retrieved from /opt/airflow/dags/wordcount_dag.py
[2025-05-02T06:55:43.112+0000] {logging_mixin.py:190} INFO - [2025-05-02T06:55:43.112+0000] {dag.py:3239} INFO - Sync 1 DAGs
[2025-05-02T06:55:43.118+0000] {logging_mixin.py:190} INFO - [2025-05-02T06:55:43.118+0000] {dag.py:4180} INFO - Setting next_dagrun for news_dag to None, run_after=None
[2025-05-02T06:55:43.125+0000] {processor.py:208} INFO - Processing /opt/airflow/dags/wordcount_dag.py took 0.194 seconds
[2025-05-02T06:56:13.420+0000] {processor.py:186} INFO - Started process (PID=240) to work on /opt/airflow/dags/wordcount_dag.py
[2025-05-02T06:56:13.420+0000] {processor.py:914} INFO - Processing file /opt/airflow/dags/wordcount_dag.py for tasks to queue
[2025-05-02T06:56:13.421+0000] {logging_mixin.py:190} INFO - [2025-05-02T06:56:13.421+0000] {dagbag.py:588} INFO - Filling up the DagBag from /opt/airflow/dags/wordcount_dag.py
[2025-05-02T06:56:13.557+0000] {processor.py:925} INFO - DAG(s) 'news_dag' retrieved from /opt/airflow/dags/wordcount_dag.py
[2025-05-02T06:56:13.565+0000] {logging_mixin.py:190} INFO - [2025-05-02T06:56:13.565+0000] {dag.py:3239} INFO - Sync 1 DAGs
[2025-05-02T06:56:13.570+0000] {logging_mixin.py:190} INFO - [2025-05-02T06:56:13.570+0000] {dag.py:4180} INFO - Setting next_dagrun for news_dag to None, run_after=None
[2025-05-02T06:56:13.576+0000] {processor.py:208} INFO - Processing /opt/airflow/dags/wordcount_dag.py took 0.160 seconds
[2025-05-02T06:56:43.869+0000] {processor.py:186} INFO - Started process (PID=244) to work on /opt/airflow/dags/wordcount_dag.py
[2025-05-02T06:56:43.869+0000] {processor.py:914} INFO - Processing file /opt/airflow/dags/wordcount_dag.py for tasks to queue
[2025-05-02T06:56:43.870+0000] {logging_mixin.py:190} INFO - [2025-05-02T06:56:43.870+0000] {dagbag.py:588} INFO - Filling up the DagBag from /opt/airflow/dags/wordcount_dag.py
[2025-05-02T06:56:44.004+0000] {processor.py:925} INFO - DAG(s) 'news_dag' retrieved from /opt/airflow/dags/wordcount_dag.py
[2025-05-02T06:56:44.011+0000] {logging_mixin.py:190} INFO - [2025-05-02T06:56:44.011+0000] {dag.py:3239} INFO - Sync 1 DAGs
[2025-05-02T06:56:44.015+0000] {logging_mixin.py:190} INFO - [2025-05-02T06:56:44.015+0000] {dag.py:4180} INFO - Setting next_dagrun for news_dag to None, run_after=None
[2025-05-02T06:56:44.022+0000] {processor.py:208} INFO - Processing /opt/airflow/dags/wordcount_dag.py took 0.156 seconds
[2025-05-02T06:57:14.393+0000] {processor.py:186} INFO - Started process (PID=248) to work on /opt/airflow/dags/wordcount_dag.py
[2025-05-02T06:57:14.393+0000] {processor.py:914} INFO - Processing file /opt/airflow/dags/wordcount_dag.py for tasks to queue
[2025-05-02T06:57:14.394+0000] {logging_mixin.py:190} INFO - [2025-05-02T06:57:14.394+0000] {dagbag.py:588} INFO - Filling up the DagBag from /opt/airflow/dags/wordcount_dag.py
[2025-05-02T06:57:14.530+0000] {processor.py:925} INFO - DAG(s) 'news_dag' retrieved from /opt/airflow/dags/wordcount_dag.py
[2025-05-02T06:57:14.538+0000] {logging_mixin.py:190} INFO - [2025-05-02T06:57:14.537+0000] {dag.py:3239} INFO - Sync 1 DAGs
[2025-05-02T06:57:14.542+0000] {logging_mixin.py:190} INFO - [2025-05-02T06:57:14.542+0000] {dag.py:4180} INFO - Setting next_dagrun for news_dag to None, run_after=None
[2025-05-02T06:57:14.548+0000] {processor.py:208} INFO - Processing /opt/airflow/dags/wordcount_dag.py took 0.159 seconds
[2025-05-02T06:57:44.989+0000] {processor.py:186} INFO - Started process (PID=252) to work on /opt/airflow/dags/wordcount_dag.py
[2025-05-02T06:57:44.990+0000] {processor.py:914} INFO - Processing file /opt/airflow/dags/wordcount_dag.py for tasks to queue
[2025-05-02T06:57:44.990+0000] {logging_mixin.py:190} INFO - [2025-05-02T06:57:44.990+0000] {dagbag.py:588} INFO - Filling up the DagBag from /opt/airflow/dags/wordcount_dag.py
[2025-05-02T06:57:45.124+0000] {processor.py:925} INFO - DAG(s) 'news_dag' retrieved from /opt/airflow/dags/wordcount_dag.py
[2025-05-02T06:57:45.132+0000] {logging_mixin.py:190} INFO - [2025-05-02T06:57:45.131+0000] {dag.py:3239} INFO - Sync 1 DAGs
[2025-05-02T06:57:45.137+0000] {logging_mixin.py:190} INFO - [2025-05-02T06:57:45.137+0000] {dag.py:4180} INFO - Setting next_dagrun for news_dag to None, run_after=None
[2025-05-02T06:57:45.143+0000] {processor.py:208} INFO - Processing /opt/airflow/dags/wordcount_dag.py took 0.158 seconds
[2025-05-02T06:58:15.608+0000] {processor.py:186} INFO - Started process (PID=256) to work on /opt/airflow/dags/wordcount_dag.py
[2025-05-02T06:58:15.609+0000] {processor.py:914} INFO - Processing file /opt/airflow/dags/wordcount_dag.py for tasks to queue
[2025-05-02T06:58:15.610+0000] {logging_mixin.py:190} INFO - [2025-05-02T06:58:15.609+0000] {dagbag.py:588} INFO - Filling up the DagBag from /opt/airflow/dags/wordcount_dag.py
[2025-05-02T06:58:15.741+0000] {processor.py:925} INFO - DAG(s) 'news_dag' retrieved from /opt/airflow/dags/wordcount_dag.py
[2025-05-02T06:58:15.749+0000] {logging_mixin.py:190} INFO - [2025-05-02T06:58:15.748+0000] {dag.py:3239} INFO - Sync 1 DAGs
[2025-05-02T06:58:15.753+0000] {logging_mixin.py:190} INFO - [2025-05-02T06:58:15.753+0000] {dag.py:4180} INFO - Setting next_dagrun for news_dag to None, run_after=None
[2025-05-02T06:58:15.759+0000] {processor.py:208} INFO - Processing /opt/airflow/dags/wordcount_dag.py took 0.154 seconds
[2025-05-02T06:58:46.119+0000] {processor.py:186} INFO - Started process (PID=260) to work on /opt/airflow/dags/wordcount_dag.py
[2025-05-02T06:58:46.119+0000] {processor.py:914} INFO - Processing file /opt/airflow/dags/wordcount_dag.py for tasks to queue
[2025-05-02T06:58:46.120+0000] {logging_mixin.py:190} INFO - [2025-05-02T06:58:46.120+0000] {dagbag.py:588} INFO - Filling up the DagBag from /opt/airflow/dags/wordcount_dag.py
[2025-05-02T06:58:46.258+0000] {processor.py:925} INFO - DAG(s) 'news_dag' retrieved from /opt/airflow/dags/wordcount_dag.py
[2025-05-02T06:58:46.267+0000] {logging_mixin.py:190} INFO - [2025-05-02T06:58:46.267+0000] {dag.py:3239} INFO - Sync 1 DAGs
[2025-05-02T06:58:46.271+0000] {logging_mixin.py:190} INFO - [2025-05-02T06:58:46.271+0000] {dag.py:4180} INFO - Setting next_dagrun for news_dag to None, run_after=None
[2025-05-02T06:58:46.278+0000] {processor.py:208} INFO - Processing /opt/airflow/dags/wordcount_dag.py took 0.162 seconds
[2025-05-02T06:59:16.651+0000] {processor.py:186} INFO - Started process (PID=264) to work on /opt/airflow/dags/wordcount_dag.py
[2025-05-02T06:59:16.652+0000] {processor.py:914} INFO - Processing file /opt/airflow/dags/wordcount_dag.py for tasks to queue
[2025-05-02T06:59:16.653+0000] {logging_mixin.py:190} INFO - [2025-05-02T06:59:16.653+0000] {dagbag.py:588} INFO - Filling up the DagBag from /opt/airflow/dags/wordcount_dag.py
[2025-05-02T06:59:16.790+0000] {processor.py:925} INFO - DAG(s) 'news_dag' retrieved from /opt/airflow/dags/wordcount_dag.py
[2025-05-02T06:59:16.798+0000] {logging_mixin.py:190} INFO - [2025-05-02T06:59:16.797+0000] {dag.py:3239} INFO - Sync 1 DAGs
[2025-05-02T06:59:16.802+0000] {logging_mixin.py:190} INFO - [2025-05-02T06:59:16.802+0000] {dag.py:4180} INFO - Setting next_dagrun for news_dag to None, run_after=None
[2025-05-02T06:59:16.808+0000] {processor.py:208} INFO - Processing /opt/airflow/dags/wordcount_dag.py took 0.160 seconds
[2025-05-02T06:59:47.221+0000] {processor.py:186} INFO - Started process (PID=268) to work on /opt/airflow/dags/wordcount_dag.py
[2025-05-02T06:59:47.221+0000] {processor.py:914} INFO - Processing file /opt/airflow/dags/wordcount_dag.py for tasks to queue
[2025-05-02T06:59:47.222+0000] {logging_mixin.py:190} INFO - [2025-05-02T06:59:47.222+0000] {dagbag.py:588} INFO - Filling up the DagBag from /opt/airflow/dags/wordcount_dag.py
[2025-05-02T06:59:47.372+0000] {processor.py:925} INFO - DAG(s) 'news_dag' retrieved from /opt/airflow/dags/wordcount_dag.py
[2025-05-02T06:59:47.379+0000] {logging_mixin.py:190} INFO - [2025-05-02T06:59:47.379+0000] {dag.py:3239} INFO - Sync 1 DAGs
[2025-05-02T06:59:47.384+0000] {logging_mixin.py:190} INFO - [2025-05-02T06:59:47.384+0000] {dag.py:4180} INFO - Setting next_dagrun for news_dag to None, run_after=None
[2025-05-02T06:59:47.389+0000] {processor.py:208} INFO - Processing /opt/airflow/dags/wordcount_dag.py took 0.172 seconds
[2025-05-02T07:00:17.818+0000] {processor.py:186} INFO - Started process (PID=272) to work on /opt/airflow/dags/wordcount_dag.py
[2025-05-02T07:00:17.818+0000] {processor.py:914} INFO - Processing file /opt/airflow/dags/wordcount_dag.py for tasks to queue
[2025-05-02T07:00:17.819+0000] {logging_mixin.py:190} INFO - [2025-05-02T07:00:17.819+0000] {dagbag.py:588} INFO - Filling up the DagBag from /opt/airflow/dags/wordcount_dag.py
[2025-05-02T07:00:17.969+0000] {processor.py:925} INFO - DAG(s) 'news_dag' retrieved from /opt/airflow/dags/wordcount_dag.py
[2025-05-02T07:00:17.979+0000] {logging_mixin.py:190} INFO - [2025-05-02T07:00:17.978+0000] {dag.py:3239} INFO - Sync 1 DAGs
[2025-05-02T07:00:17.984+0000] {logging_mixin.py:190} INFO - [2025-05-02T07:00:17.984+0000] {dag.py:4180} INFO - Setting next_dagrun for news_dag to None, run_after=None
[2025-05-02T07:00:17.990+0000] {processor.py:208} INFO - Processing /opt/airflow/dags/wordcount_dag.py took 0.176 seconds
[2025-05-02T07:00:48.443+0000] {processor.py:186} INFO - Started process (PID=276) to work on /opt/airflow/dags/wordcount_dag.py
[2025-05-02T07:00:48.444+0000] {processor.py:914} INFO - Processing file /opt/airflow/dags/wordcount_dag.py for tasks to queue
[2025-05-02T07:00:48.444+0000] {logging_mixin.py:190} INFO - [2025-05-02T07:00:48.444+0000] {dagbag.py:588} INFO - Filling up the DagBag from /opt/airflow/dags/wordcount_dag.py
[2025-05-02T07:00:48.581+0000] {processor.py:925} INFO - DAG(s) 'news_dag' retrieved from /opt/airflow/dags/wordcount_dag.py
[2025-05-02T07:00:48.589+0000] {logging_mixin.py:190} INFO - [2025-05-02T07:00:48.588+0000] {dag.py:3239} INFO - Sync 1 DAGs
[2025-05-02T07:00:48.593+0000] {logging_mixin.py:190} INFO - [2025-05-02T07:00:48.593+0000] {dag.py:4180} INFO - Setting next_dagrun for news_dag to None, run_after=None
[2025-05-02T07:00:48.599+0000] {processor.py:208} INFO - Processing /opt/airflow/dags/wordcount_dag.py took 0.159 seconds
[2025-05-02T07:01:19.016+0000] {processor.py:186} INFO - Started process (PID=280) to work on /opt/airflow/dags/wordcount_dag.py
[2025-05-02T07:01:19.017+0000] {processor.py:914} INFO - Processing file /opt/airflow/dags/wordcount_dag.py for tasks to queue
[2025-05-02T07:01:19.018+0000] {logging_mixin.py:190} INFO - [2025-05-02T07:01:19.017+0000] {dagbag.py:588} INFO - Filling up the DagBag from /opt/airflow/dags/wordcount_dag.py
[2025-05-02T07:01:19.156+0000] {processor.py:925} INFO - DAG(s) 'news_dag' retrieved from /opt/airflow/dags/wordcount_dag.py
[2025-05-02T07:01:19.165+0000] {logging_mixin.py:190} INFO - [2025-05-02T07:01:19.165+0000] {dag.py:3239} INFO - Sync 1 DAGs
[2025-05-02T07:01:19.171+0000] {logging_mixin.py:190} INFO - [2025-05-02T07:01:19.171+0000] {dag.py:4180} INFO - Setting next_dagrun for news_dag to None, run_after=None
[2025-05-02T07:01:19.177+0000] {processor.py:208} INFO - Processing /opt/airflow/dags/wordcount_dag.py took 0.165 seconds
[2025-05-02T07:01:49.612+0000] {processor.py:186} INFO - Started process (PID=284) to work on /opt/airflow/dags/wordcount_dag.py
[2025-05-02T07:01:49.613+0000] {processor.py:914} INFO - Processing file /opt/airflow/dags/wordcount_dag.py for tasks to queue
[2025-05-02T07:01:49.613+0000] {logging_mixin.py:190} INFO - [2025-05-02T07:01:49.613+0000] {dagbag.py:588} INFO - Filling up the DagBag from /opt/airflow/dags/wordcount_dag.py
[2025-05-02T07:01:49.750+0000] {processor.py:925} INFO - DAG(s) 'news_dag' retrieved from /opt/airflow/dags/wordcount_dag.py
[2025-05-02T07:01:49.758+0000] {logging_mixin.py:190} INFO - [2025-05-02T07:01:49.757+0000] {dag.py:3239} INFO - Sync 1 DAGs
[2025-05-02T07:01:49.762+0000] {logging_mixin.py:190} INFO - [2025-05-02T07:01:49.761+0000] {dag.py:4180} INFO - Setting next_dagrun for news_dag to None, run_after=None
[2025-05-02T07:01:49.767+0000] {processor.py:208} INFO - Processing /opt/airflow/dags/wordcount_dag.py took 0.158 seconds
[2025-05-02T07:02:20.224+0000] {processor.py:186} INFO - Started process (PID=288) to work on /opt/airflow/dags/wordcount_dag.py
[2025-05-02T07:02:20.225+0000] {processor.py:914} INFO - Processing file /opt/airflow/dags/wordcount_dag.py for tasks to queue
[2025-05-02T07:02:20.226+0000] {logging_mixin.py:190} INFO - [2025-05-02T07:02:20.225+0000] {dagbag.py:588} INFO - Filling up the DagBag from /opt/airflow/dags/wordcount_dag.py
[2025-05-02T07:02:20.363+0000] {processor.py:925} INFO - DAG(s) 'news_dag' retrieved from /opt/airflow/dags/wordcount_dag.py
[2025-05-02T07:02:20.371+0000] {logging_mixin.py:190} INFO - [2025-05-02T07:02:20.371+0000] {dag.py:3239} INFO - Sync 1 DAGs
[2025-05-02T07:02:20.376+0000] {logging_mixin.py:190} INFO - [2025-05-02T07:02:20.376+0000] {dag.py:4180} INFO - Setting next_dagrun for news_dag to None, run_after=None
[2025-05-02T07:02:20.383+0000] {processor.py:208} INFO - Processing /opt/airflow/dags/wordcount_dag.py took 0.162 seconds
[2025-05-02T07:02:50.822+0000] {processor.py:186} INFO - Started process (PID=292) to work on /opt/airflow/dags/wordcount_dag.py
[2025-05-02T07:02:50.822+0000] {processor.py:914} INFO - Processing file /opt/airflow/dags/wordcount_dag.py for tasks to queue
[2025-05-02T07:02:50.823+0000] {logging_mixin.py:190} INFO - [2025-05-02T07:02:50.823+0000] {dagbag.py:588} INFO - Filling up the DagBag from /opt/airflow/dags/wordcount_dag.py
[2025-05-02T07:02:50.954+0000] {processor.py:925} INFO - DAG(s) 'news_dag' retrieved from /opt/airflow/dags/wordcount_dag.py
[2025-05-02T07:02:50.962+0000] {logging_mixin.py:190} INFO - [2025-05-02T07:02:50.962+0000] {dag.py:3239} INFO - Sync 1 DAGs
[2025-05-02T07:02:50.967+0000] {logging_mixin.py:190} INFO - [2025-05-02T07:02:50.967+0000] {dag.py:4180} INFO - Setting next_dagrun for news_dag to None, run_after=None
[2025-05-02T07:02:50.972+0000] {processor.py:208} INFO - Processing /opt/airflow/dags/wordcount_dag.py took 0.153 seconds
[2025-05-02T07:03:21.327+0000] {processor.py:186} INFO - Started process (PID=296) to work on /opt/airflow/dags/wordcount_dag.py
[2025-05-02T07:03:21.328+0000] {processor.py:914} INFO - Processing file /opt/airflow/dags/wordcount_dag.py for tasks to queue
[2025-05-02T07:03:21.329+0000] {logging_mixin.py:190} INFO - [2025-05-02T07:03:21.329+0000] {dagbag.py:588} INFO - Filling up the DagBag from /opt/airflow/dags/wordcount_dag.py
[2025-05-02T07:03:21.490+0000] {processor.py:925} INFO - DAG(s) 'news_dag' retrieved from /opt/airflow/dags/wordcount_dag.py
[2025-05-02T07:03:21.498+0000] {logging_mixin.py:190} INFO - [2025-05-02T07:03:21.498+0000] {dag.py:3239} INFO - Sync 1 DAGs
[2025-05-02T07:03:21.503+0000] {logging_mixin.py:190} INFO - [2025-05-02T07:03:21.503+0000] {dag.py:4180} INFO - Setting next_dagrun for news_dag to None, run_after=None
[2025-05-02T07:03:21.509+0000] {processor.py:208} INFO - Processing /opt/airflow/dags/wordcount_dag.py took 0.185 seconds
[2025-05-02T07:03:51.883+0000] {processor.py:186} INFO - Started process (PID=300) to work on /opt/airflow/dags/wordcount_dag.py
[2025-05-02T07:03:51.884+0000] {processor.py:914} INFO - Processing file /opt/airflow/dags/wordcount_dag.py for tasks to queue
[2025-05-02T07:03:51.884+0000] {logging_mixin.py:190} INFO - [2025-05-02T07:03:51.884+0000] {dagbag.py:588} INFO - Filling up the DagBag from /opt/airflow/dags/wordcount_dag.py
[2025-05-02T07:03:52.013+0000] {processor.py:925} INFO - DAG(s) 'news_dag' retrieved from /opt/airflow/dags/wordcount_dag.py
[2025-05-02T07:03:52.021+0000] {logging_mixin.py:190} INFO - [2025-05-02T07:03:52.021+0000] {dag.py:3239} INFO - Sync 1 DAGs
[2025-05-02T07:03:52.025+0000] {logging_mixin.py:190} INFO - [2025-05-02T07:03:52.025+0000] {dag.py:4180} INFO - Setting next_dagrun for news_dag to None, run_after=None
[2025-05-02T07:03:52.031+0000] {processor.py:208} INFO - Processing /opt/airflow/dags/wordcount_dag.py took 0.150 seconds
[2025-05-02T07:04:22.401+0000] {processor.py:186} INFO - Started process (PID=304) to work on /opt/airflow/dags/wordcount_dag.py
[2025-05-02T07:04:22.401+0000] {processor.py:914} INFO - Processing file /opt/airflow/dags/wordcount_dag.py for tasks to queue
[2025-05-02T07:04:22.402+0000] {logging_mixin.py:190} INFO - [2025-05-02T07:04:22.402+0000] {dagbag.py:588} INFO - Filling up the DagBag from /opt/airflow/dags/wordcount_dag.py
[2025-05-02T07:04:22.549+0000] {processor.py:925} INFO - DAG(s) 'news_dag' retrieved from /opt/airflow/dags/wordcount_dag.py
[2025-05-02T07:04:22.558+0000] {logging_mixin.py:190} INFO - [2025-05-02T07:04:22.558+0000] {dag.py:3239} INFO - Sync 1 DAGs
[2025-05-02T07:04:22.563+0000] {logging_mixin.py:190} INFO - [2025-05-02T07:04:22.563+0000] {dag.py:4180} INFO - Setting next_dagrun for news_dag to None, run_after=None
[2025-05-02T07:04:22.569+0000] {processor.py:208} INFO - Processing /opt/airflow/dags/wordcount_dag.py took 0.172 seconds
[2025-05-02T07:04:52.960+0000] {processor.py:186} INFO - Started process (PID=308) to work on /opt/airflow/dags/wordcount_dag.py
[2025-05-02T07:04:52.961+0000] {processor.py:914} INFO - Processing file /opt/airflow/dags/wordcount_dag.py for tasks to queue
[2025-05-02T07:04:52.962+0000] {logging_mixin.py:190} INFO - [2025-05-02T07:04:52.962+0000] {dagbag.py:588} INFO - Filling up the DagBag from /opt/airflow/dags/wordcount_dag.py
[2025-05-02T07:04:53.111+0000] {processor.py:925} INFO - DAG(s) 'news_dag' retrieved from /opt/airflow/dags/wordcount_dag.py
[2025-05-02T07:04:53.120+0000] {logging_mixin.py:190} INFO - [2025-05-02T07:04:53.119+0000] {dag.py:3239} INFO - Sync 1 DAGs
[2025-05-02T07:04:53.124+0000] {logging_mixin.py:190} INFO - [2025-05-02T07:04:53.124+0000] {dag.py:4180} INFO - Setting next_dagrun for news_dag to None, run_after=None
[2025-05-02T07:04:53.131+0000] {processor.py:208} INFO - Processing /opt/airflow/dags/wordcount_dag.py took 0.174 seconds
[2025-05-02T07:05:23.502+0000] {processor.py:186} INFO - Started process (PID=312) to work on /opt/airflow/dags/wordcount_dag.py
[2025-05-02T07:05:23.503+0000] {processor.py:914} INFO - Processing file /opt/airflow/dags/wordcount_dag.py for tasks to queue
[2025-05-02T07:05:23.504+0000] {logging_mixin.py:190} INFO - [2025-05-02T07:05:23.504+0000] {dagbag.py:588} INFO - Filling up the DagBag from /opt/airflow/dags/wordcount_dag.py
[2025-05-02T07:05:23.656+0000] {processor.py:925} INFO - DAG(s) 'news_dag' retrieved from /opt/airflow/dags/wordcount_dag.py
[2025-05-02T07:05:23.665+0000] {logging_mixin.py:190} INFO - [2025-05-02T07:05:23.665+0000] {dag.py:3239} INFO - Sync 1 DAGs
[2025-05-02T07:05:23.671+0000] {logging_mixin.py:190} INFO - [2025-05-02T07:05:23.671+0000] {dag.py:4180} INFO - Setting next_dagrun for news_dag to None, run_after=None
[2025-05-02T07:05:23.678+0000] {processor.py:208} INFO - Processing /opt/airflow/dags/wordcount_dag.py took 0.179 seconds
[2025-05-02T07:05:53.938+0000] {processor.py:186} INFO - Started process (PID=316) to work on /opt/airflow/dags/wordcount_dag.py
[2025-05-02T07:05:53.939+0000] {processor.py:914} INFO - Processing file /opt/airflow/dags/wordcount_dag.py for tasks to queue
[2025-05-02T07:05:53.940+0000] {logging_mixin.py:190} INFO - [2025-05-02T07:05:53.939+0000] {dagbag.py:588} INFO - Filling up the DagBag from /opt/airflow/dags/wordcount_dag.py
[2025-05-02T07:05:54.068+0000] {processor.py:925} INFO - DAG(s) 'news_dag' retrieved from /opt/airflow/dags/wordcount_dag.py
[2025-05-02T07:05:54.076+0000] {logging_mixin.py:190} INFO - [2025-05-02T07:05:54.076+0000] {dag.py:3239} INFO - Sync 1 DAGs
[2025-05-02T07:05:54.080+0000] {logging_mixin.py:190} INFO - [2025-05-02T07:05:54.080+0000] {dag.py:4180} INFO - Setting next_dagrun for news_dag to None, run_after=None
[2025-05-02T07:05:54.086+0000] {processor.py:208} INFO - Processing /opt/airflow/dags/wordcount_dag.py took 0.151 seconds
[2025-05-02T07:06:24.410+0000] {processor.py:186} INFO - Started process (PID=320) to work on /opt/airflow/dags/wordcount_dag.py
[2025-05-02T07:06:24.411+0000] {processor.py:914} INFO - Processing file /opt/airflow/dags/wordcount_dag.py for tasks to queue
[2025-05-02T07:06:24.412+0000] {logging_mixin.py:190} INFO - [2025-05-02T07:06:24.412+0000] {dagbag.py:588} INFO - Filling up the DagBag from /opt/airflow/dags/wordcount_dag.py
[2025-05-02T07:06:24.564+0000] {processor.py:925} INFO - DAG(s) 'news_dag' retrieved from /opt/airflow/dags/wordcount_dag.py
[2025-05-02T07:06:24.574+0000] {logging_mixin.py:190} INFO - [2025-05-02T07:06:24.573+0000] {dag.py:3239} INFO - Sync 1 DAGs
[2025-05-02T07:06:24.579+0000] {logging_mixin.py:190} INFO - [2025-05-02T07:06:24.578+0000] {dag.py:4180} INFO - Setting next_dagrun for news_dag to None, run_after=None
[2025-05-02T07:06:24.586+0000] {processor.py:208} INFO - Processing /opt/airflow/dags/wordcount_dag.py took 0.179 seconds
[2025-05-02T07:06:55.021+0000] {processor.py:186} INFO - Started process (PID=324) to work on /opt/airflow/dags/wordcount_dag.py
[2025-05-02T07:06:55.021+0000] {processor.py:914} INFO - Processing file /opt/airflow/dags/wordcount_dag.py for tasks to queue
[2025-05-02T07:06:55.022+0000] {logging_mixin.py:190} INFO - [2025-05-02T07:06:55.022+0000] {dagbag.py:588} INFO - Filling up the DagBag from /opt/airflow/dags/wordcount_dag.py
[2025-05-02T07:06:55.151+0000] {processor.py:925} INFO - DAG(s) 'news_dag' retrieved from /opt/airflow/dags/wordcount_dag.py
[2025-05-02T07:06:55.159+0000] {logging_mixin.py:190} INFO - [2025-05-02T07:06:55.159+0000] {dag.py:3239} INFO - Sync 1 DAGs
[2025-05-02T07:06:55.163+0000] {logging_mixin.py:190} INFO - [2025-05-02T07:06:55.163+0000] {dag.py:4180} INFO - Setting next_dagrun for news_dag to None, run_after=None
[2025-05-02T07:06:55.169+0000] {processor.py:208} INFO - Processing /opt/airflow/dags/wordcount_dag.py took 0.151 seconds
[2025-05-02T07:07:25.628+0000] {processor.py:186} INFO - Started process (PID=328) to work on /opt/airflow/dags/wordcount_dag.py
[2025-05-02T07:07:25.629+0000] {processor.py:914} INFO - Processing file /opt/airflow/dags/wordcount_dag.py for tasks to queue
[2025-05-02T07:07:25.630+0000] {logging_mixin.py:190} INFO - [2025-05-02T07:07:25.629+0000] {dagbag.py:588} INFO - Filling up the DagBag from /opt/airflow/dags/wordcount_dag.py
[2025-05-02T07:07:25.763+0000] {processor.py:925} INFO - DAG(s) 'news_dag' retrieved from /opt/airflow/dags/wordcount_dag.py
[2025-05-02T07:07:25.770+0000] {logging_mixin.py:190} INFO - [2025-05-02T07:07:25.770+0000] {dag.py:3239} INFO - Sync 1 DAGs
[2025-05-02T07:07:25.774+0000] {logging_mixin.py:190} INFO - [2025-05-02T07:07:25.774+0000] {dag.py:4180} INFO - Setting next_dagrun for news_dag to None, run_after=None
[2025-05-02T07:07:25.779+0000] {processor.py:208} INFO - Processing /opt/airflow/dags/wordcount_dag.py took 0.154 seconds
[2025-05-02T07:07:56.089+0000] {processor.py:186} INFO - Started process (PID=332) to work on /opt/airflow/dags/wordcount_dag.py
[2025-05-02T07:07:56.089+0000] {processor.py:914} INFO - Processing file /opt/airflow/dags/wordcount_dag.py for tasks to queue
[2025-05-02T07:07:56.090+0000] {logging_mixin.py:190} INFO - [2025-05-02T07:07:56.090+0000] {dagbag.py:588} INFO - Filling up the DagBag from /opt/airflow/dags/wordcount_dag.py
[2025-05-02T07:07:56.220+0000] {processor.py:925} INFO - DAG(s) 'news_dag' retrieved from /opt/airflow/dags/wordcount_dag.py
[2025-05-02T07:07:56.228+0000] {logging_mixin.py:190} INFO - [2025-05-02T07:07:56.228+0000] {dag.py:3239} INFO - Sync 1 DAGs
[2025-05-02T07:07:56.232+0000] {logging_mixin.py:190} INFO - [2025-05-02T07:07:56.232+0000] {dag.py:4180} INFO - Setting next_dagrun for news_dag to None, run_after=None
[2025-05-02T07:07:56.238+0000] {processor.py:208} INFO - Processing /opt/airflow/dags/wordcount_dag.py took 0.153 seconds
[2025-05-02T07:08:26.569+0000] {processor.py:186} INFO - Started process (PID=336) to work on /opt/airflow/dags/wordcount_dag.py
[2025-05-02T07:08:26.570+0000] {processor.py:914} INFO - Processing file /opt/airflow/dags/wordcount_dag.py for tasks to queue
[2025-05-02T07:08:26.571+0000] {logging_mixin.py:190} INFO - [2025-05-02T07:08:26.571+0000] {dagbag.py:588} INFO - Filling up the DagBag from /opt/airflow/dags/wordcount_dag.py
[2025-05-02T07:08:26.711+0000] {processor.py:925} INFO - DAG(s) 'news_dag' retrieved from /opt/airflow/dags/wordcount_dag.py
[2025-05-02T07:08:26.719+0000] {logging_mixin.py:190} INFO - [2025-05-02T07:08:26.719+0000] {dag.py:3239} INFO - Sync 1 DAGs
[2025-05-02T07:08:26.724+0000] {logging_mixin.py:190} INFO - [2025-05-02T07:08:26.723+0000] {dag.py:4180} INFO - Setting next_dagrun for news_dag to None, run_after=None
[2025-05-02T07:08:26.729+0000] {processor.py:208} INFO - Processing /opt/airflow/dags/wordcount_dag.py took 0.163 seconds
[2025-05-02T07:08:56.967+0000] {processor.py:186} INFO - Started process (PID=340) to work on /opt/airflow/dags/wordcount_dag.py
[2025-05-02T07:08:56.967+0000] {processor.py:914} INFO - Processing file /opt/airflow/dags/wordcount_dag.py for tasks to queue
[2025-05-02T07:08:56.968+0000] {logging_mixin.py:190} INFO - [2025-05-02T07:08:56.968+0000] {dagbag.py:588} INFO - Filling up the DagBag from /opt/airflow/dags/wordcount_dag.py
[2025-05-02T07:08:57.106+0000] {processor.py:925} INFO - DAG(s) 'news_dag' retrieved from /opt/airflow/dags/wordcount_dag.py
[2025-05-02T07:08:57.114+0000] {logging_mixin.py:190} INFO - [2025-05-02T07:08:57.114+0000] {dag.py:3239} INFO - Sync 1 DAGs
[2025-05-02T07:08:57.119+0000] {logging_mixin.py:190} INFO - [2025-05-02T07:08:57.118+0000] {dag.py:4180} INFO - Setting next_dagrun for news_dag to None, run_after=None
[2025-05-02T07:08:57.125+0000] {processor.py:208} INFO - Processing /opt/airflow/dags/wordcount_dag.py took 0.161 seconds
[2025-05-02T07:09:27.430+0000] {processor.py:186} INFO - Started process (PID=344) to work on /opt/airflow/dags/wordcount_dag.py
[2025-05-02T07:09:27.431+0000] {processor.py:914} INFO - Processing file /opt/airflow/dags/wordcount_dag.py for tasks to queue
[2025-05-02T07:09:27.432+0000] {logging_mixin.py:190} INFO - [2025-05-02T07:09:27.432+0000] {dagbag.py:588} INFO - Filling up the DagBag from /opt/airflow/dags/wordcount_dag.py
[2025-05-02T07:09:27.573+0000] {processor.py:925} INFO - DAG(s) 'news_dag' retrieved from /opt/airflow/dags/wordcount_dag.py
[2025-05-02T07:09:27.582+0000] {logging_mixin.py:190} INFO - [2025-05-02T07:09:27.581+0000] {dag.py:3239} INFO - Sync 1 DAGs
[2025-05-02T07:09:27.586+0000] {logging_mixin.py:190} INFO - [2025-05-02T07:09:27.586+0000] {dag.py:4180} INFO - Setting next_dagrun for news_dag to None, run_after=None
[2025-05-02T07:09:27.592+0000] {processor.py:208} INFO - Processing /opt/airflow/dags/wordcount_dag.py took 0.165 seconds
[2025-05-02T07:09:57.870+0000] {processor.py:186} INFO - Started process (PID=348) to work on /opt/airflow/dags/wordcount_dag.py
[2025-05-02T07:09:57.871+0000] {processor.py:914} INFO - Processing file /opt/airflow/dags/wordcount_dag.py for tasks to queue
[2025-05-02T07:09:57.872+0000] {logging_mixin.py:190} INFO - [2025-05-02T07:09:57.871+0000] {dagbag.py:588} INFO - Filling up the DagBag from /opt/airflow/dags/wordcount_dag.py
[2025-05-02T07:09:58.014+0000] {processor.py:925} INFO - DAG(s) 'news_dag' retrieved from /opt/airflow/dags/wordcount_dag.py
[2025-05-02T07:09:58.023+0000] {logging_mixin.py:190} INFO - [2025-05-02T07:09:58.023+0000] {dag.py:3239} INFO - Sync 1 DAGs
[2025-05-02T07:09:58.027+0000] {logging_mixin.py:190} INFO - [2025-05-02T07:09:58.027+0000] {dag.py:4180} INFO - Setting next_dagrun for news_dag to None, run_after=None
[2025-05-02T07:09:58.035+0000] {processor.py:208} INFO - Processing /opt/airflow/dags/wordcount_dag.py took 0.167 seconds
[2025-05-02T07:10:28.353+0000] {processor.py:186} INFO - Started process (PID=352) to work on /opt/airflow/dags/wordcount_dag.py
[2025-05-02T07:10:28.354+0000] {processor.py:914} INFO - Processing file /opt/airflow/dags/wordcount_dag.py for tasks to queue
[2025-05-02T07:10:28.354+0000] {logging_mixin.py:190} INFO - [2025-05-02T07:10:28.354+0000] {dagbag.py:588} INFO - Filling up the DagBag from /opt/airflow/dags/wordcount_dag.py
[2025-05-02T07:10:28.499+0000] {processor.py:925} INFO - DAG(s) 'news_dag' retrieved from /opt/airflow/dags/wordcount_dag.py
[2025-05-02T07:10:28.508+0000] {logging_mixin.py:190} INFO - [2025-05-02T07:10:28.507+0000] {dag.py:3239} INFO - Sync 1 DAGs
[2025-05-02T07:10:28.513+0000] {logging_mixin.py:190} INFO - [2025-05-02T07:10:28.513+0000] {dag.py:4180} INFO - Setting next_dagrun for news_dag to None, run_after=None
[2025-05-02T07:10:28.521+0000] {processor.py:208} INFO - Processing /opt/airflow/dags/wordcount_dag.py took 0.171 seconds
[2025-05-02T07:10:58.932+0000] {processor.py:186} INFO - Started process (PID=356) to work on /opt/airflow/dags/wordcount_dag.py
[2025-05-02T07:10:58.933+0000] {processor.py:914} INFO - Processing file /opt/airflow/dags/wordcount_dag.py for tasks to queue
[2025-05-02T07:10:58.933+0000] {logging_mixin.py:190} INFO - [2025-05-02T07:10:58.933+0000] {dagbag.py:588} INFO - Filling up the DagBag from /opt/airflow/dags/wordcount_dag.py
[2025-05-02T07:10:59.068+0000] {processor.py:925} INFO - DAG(s) 'news_dag' retrieved from /opt/airflow/dags/wordcount_dag.py
[2025-05-02T07:10:59.075+0000] {logging_mixin.py:190} INFO - [2025-05-02T07:10:59.075+0000] {dag.py:3239} INFO - Sync 1 DAGs
[2025-05-02T07:10:59.080+0000] {logging_mixin.py:190} INFO - [2025-05-02T07:10:59.080+0000] {dag.py:4180} INFO - Setting next_dagrun for news_dag to None, run_after=None
[2025-05-02T07:10:59.086+0000] {processor.py:208} INFO - Processing /opt/airflow/dags/wordcount_dag.py took 0.156 seconds
[2025-05-02T07:11:29.434+0000] {processor.py:186} INFO - Started process (PID=360) to work on /opt/airflow/dags/wordcount_dag.py
[2025-05-02T07:11:29.435+0000] {processor.py:914} INFO - Processing file /opt/airflow/dags/wordcount_dag.py for tasks to queue
[2025-05-02T07:11:29.435+0000] {logging_mixin.py:190} INFO - [2025-05-02T07:11:29.435+0000] {dagbag.py:588} INFO - Filling up the DagBag from /opt/airflow/dags/wordcount_dag.py
[2025-05-02T07:11:29.571+0000] {processor.py:925} INFO - DAG(s) 'news_dag' retrieved from /opt/airflow/dags/wordcount_dag.py
[2025-05-02T07:11:29.579+0000] {logging_mixin.py:190} INFO - [2025-05-02T07:11:29.579+0000] {dag.py:3239} INFO - Sync 1 DAGs
[2025-05-02T07:11:29.583+0000] {logging_mixin.py:190} INFO - [2025-05-02T07:11:29.583+0000] {dag.py:4180} INFO - Setting next_dagrun for news_dag to None, run_after=None
[2025-05-02T07:11:29.590+0000] {processor.py:208} INFO - Processing /opt/airflow/dags/wordcount_dag.py took 0.160 seconds
[2025-05-02T07:12:00.020+0000] {processor.py:186} INFO - Started process (PID=364) to work on /opt/airflow/dags/wordcount_dag.py
[2025-05-02T07:12:00.020+0000] {processor.py:914} INFO - Processing file /opt/airflow/dags/wordcount_dag.py for tasks to queue
[2025-05-02T07:12:00.021+0000] {logging_mixin.py:190} INFO - [2025-05-02T07:12:00.021+0000] {dagbag.py:588} INFO - Filling up the DagBag from /opt/airflow/dags/wordcount_dag.py
[2025-05-02T07:12:00.153+0000] {processor.py:925} INFO - DAG(s) 'news_dag' retrieved from /opt/airflow/dags/wordcount_dag.py
[2025-05-02T07:12:00.161+0000] {logging_mixin.py:190} INFO - [2025-05-02T07:12:00.160+0000] {dag.py:3239} INFO - Sync 1 DAGs
[2025-05-02T07:12:00.165+0000] {logging_mixin.py:190} INFO - [2025-05-02T07:12:00.165+0000] {dag.py:4180} INFO - Setting next_dagrun for news_dag to None, run_after=None
[2025-05-02T07:12:00.171+0000] {processor.py:208} INFO - Processing /opt/airflow/dags/wordcount_dag.py took 0.154 seconds
[2025-05-02T07:12:30.503+0000] {processor.py:186} INFO - Started process (PID=368) to work on /opt/airflow/dags/wordcount_dag.py
[2025-05-02T07:12:30.504+0000] {processor.py:914} INFO - Processing file /opt/airflow/dags/wordcount_dag.py for tasks to queue
[2025-05-02T07:12:30.504+0000] {logging_mixin.py:190} INFO - [2025-05-02T07:12:30.504+0000] {dagbag.py:588} INFO - Filling up the DagBag from /opt/airflow/dags/wordcount_dag.py
[2025-05-02T07:12:30.641+0000] {processor.py:925} INFO - DAG(s) 'news_dag' retrieved from /opt/airflow/dags/wordcount_dag.py
[2025-05-02T07:12:30.649+0000] {logging_mixin.py:190} INFO - [2025-05-02T07:12:30.649+0000] {dag.py:3239} INFO - Sync 1 DAGs
[2025-05-02T07:12:30.654+0000] {logging_mixin.py:190} INFO - [2025-05-02T07:12:30.654+0000] {dag.py:4180} INFO - Setting next_dagrun for news_dag to None, run_after=None
[2025-05-02T07:12:30.659+0000] {processor.py:208} INFO - Processing /opt/airflow/dags/wordcount_dag.py took 0.160 seconds
[2025-05-02T07:13:00.912+0000] {processor.py:186} INFO - Started process (PID=372) to work on /opt/airflow/dags/wordcount_dag.py
[2025-05-02T07:13:00.913+0000] {processor.py:914} INFO - Processing file /opt/airflow/dags/wordcount_dag.py for tasks to queue
[2025-05-02T07:13:00.913+0000] {logging_mixin.py:190} INFO - [2025-05-02T07:13:00.913+0000] {dagbag.py:588} INFO - Filling up the DagBag from /opt/airflow/dags/wordcount_dag.py
[2025-05-02T07:13:01.043+0000] {processor.py:925} INFO - DAG(s) 'news_dag' retrieved from /opt/airflow/dags/wordcount_dag.py
[2025-05-02T07:13:01.050+0000] {logging_mixin.py:190} INFO - [2025-05-02T07:13:01.050+0000] {dag.py:3239} INFO - Sync 1 DAGs
[2025-05-02T07:13:01.055+0000] {logging_mixin.py:190} INFO - [2025-05-02T07:13:01.055+0000] {dag.py:4180} INFO - Setting next_dagrun for news_dag to None, run_after=None
[2025-05-02T07:13:01.061+0000] {processor.py:208} INFO - Processing /opt/airflow/dags/wordcount_dag.py took 0.151 seconds
[2025-05-02T07:13:31.390+0000] {processor.py:186} INFO - Started process (PID=376) to work on /opt/airflow/dags/wordcount_dag.py
[2025-05-02T07:13:31.391+0000] {processor.py:914} INFO - Processing file /opt/airflow/dags/wordcount_dag.py for tasks to queue
[2025-05-02T07:13:31.392+0000] {logging_mixin.py:190} INFO - [2025-05-02T07:13:31.391+0000] {dagbag.py:588} INFO - Filling up the DagBag from /opt/airflow/dags/wordcount_dag.py
[2025-05-02T07:13:31.523+0000] {processor.py:925} INFO - DAG(s) 'news_dag' retrieved from /opt/airflow/dags/wordcount_dag.py
[2025-05-02T07:13:31.531+0000] {logging_mixin.py:190} INFO - [2025-05-02T07:13:31.531+0000] {dag.py:3239} INFO - Sync 1 DAGs
[2025-05-02T07:13:31.536+0000] {logging_mixin.py:190} INFO - [2025-05-02T07:13:31.536+0000] {dag.py:4180} INFO - Setting next_dagrun for news_dag to None, run_after=None
[2025-05-02T07:13:31.543+0000] {processor.py:208} INFO - Processing /opt/airflow/dags/wordcount_dag.py took 0.156 seconds
[2025-05-02T07:14:01.862+0000] {processor.py:186} INFO - Started process (PID=380) to work on /opt/airflow/dags/wordcount_dag.py
[2025-05-02T07:14:01.863+0000] {processor.py:914} INFO - Processing file /opt/airflow/dags/wordcount_dag.py for tasks to queue
[2025-05-02T07:14:01.863+0000] {logging_mixin.py:190} INFO - [2025-05-02T07:14:01.863+0000] {dagbag.py:588} INFO - Filling up the DagBag from /opt/airflow/dags/wordcount_dag.py
[2025-05-02T07:14:01.999+0000] {processor.py:925} INFO - DAG(s) 'news_dag' retrieved from /opt/airflow/dags/wordcount_dag.py
[2025-05-02T07:14:02.007+0000] {logging_mixin.py:190} INFO - [2025-05-02T07:14:02.006+0000] {dag.py:3239} INFO - Sync 1 DAGs
[2025-05-02T07:14:02.011+0000] {logging_mixin.py:190} INFO - [2025-05-02T07:14:02.011+0000] {dag.py:4180} INFO - Setting next_dagrun for news_dag to None, run_after=None
[2025-05-02T07:14:02.017+0000] {processor.py:208} INFO - Processing /opt/airflow/dags/wordcount_dag.py took 0.158 seconds
[2025-05-02T07:14:32.345+0000] {processor.py:186} INFO - Started process (PID=384) to work on /opt/airflow/dags/wordcount_dag.py
[2025-05-02T07:14:32.346+0000] {processor.py:914} INFO - Processing file /opt/airflow/dags/wordcount_dag.py for tasks to queue
[2025-05-02T07:14:32.346+0000] {logging_mixin.py:190} INFO - [2025-05-02T07:14:32.346+0000] {dagbag.py:588} INFO - Filling up the DagBag from /opt/airflow/dags/wordcount_dag.py
[2025-05-02T07:14:32.492+0000] {processor.py:925} INFO - DAG(s) 'news_dag' retrieved from /opt/airflow/dags/wordcount_dag.py
[2025-05-02T07:14:32.500+0000] {logging_mixin.py:190} INFO - [2025-05-02T07:14:32.500+0000] {dag.py:3239} INFO - Sync 1 DAGs
[2025-05-02T07:14:32.505+0000] {logging_mixin.py:190} INFO - [2025-05-02T07:14:32.505+0000] {dag.py:4180} INFO - Setting next_dagrun for news_dag to None, run_after=None
[2025-05-02T07:14:32.510+0000] {processor.py:208} INFO - Processing /opt/airflow/dags/wordcount_dag.py took 0.169 seconds
[2025-05-02T07:15:02.774+0000] {processor.py:186} INFO - Started process (PID=388) to work on /opt/airflow/dags/wordcount_dag.py
[2025-05-02T07:15:02.774+0000] {processor.py:914} INFO - Processing file /opt/airflow/dags/wordcount_dag.py for tasks to queue
[2025-05-02T07:15:02.775+0000] {logging_mixin.py:190} INFO - [2025-05-02T07:15:02.775+0000] {dagbag.py:588} INFO - Filling up the DagBag from /opt/airflow/dags/wordcount_dag.py
[2025-05-02T07:15:02.922+0000] {processor.py:925} INFO - DAG(s) 'news_dag' retrieved from /opt/airflow/dags/wordcount_dag.py
[2025-05-02T07:15:02.933+0000] {logging_mixin.py:190} INFO - [2025-05-02T07:15:02.933+0000] {dag.py:3239} INFO - Sync 1 DAGs
[2025-05-02T07:15:02.938+0000] {logging_mixin.py:190} INFO - [2025-05-02T07:15:02.938+0000] {dag.py:4180} INFO - Setting next_dagrun for news_dag to None, run_after=None
[2025-05-02T07:15:02.944+0000] {processor.py:208} INFO - Processing /opt/airflow/dags/wordcount_dag.py took 0.174 seconds
[2025-05-02T07:15:33.215+0000] {processor.py:186} INFO - Started process (PID=392) to work on /opt/airflow/dags/wordcount_dag.py
[2025-05-02T07:15:33.216+0000] {processor.py:914} INFO - Processing file /opt/airflow/dags/wordcount_dag.py for tasks to queue
[2025-05-02T07:15:33.217+0000] {logging_mixin.py:190} INFO - [2025-05-02T07:15:33.216+0000] {dagbag.py:588} INFO - Filling up the DagBag from /opt/airflow/dags/wordcount_dag.py
[2025-05-02T07:15:33.362+0000] {processor.py:925} INFO - DAG(s) 'news_dag' retrieved from /opt/airflow/dags/wordcount_dag.py
[2025-05-02T07:15:33.370+0000] {logging_mixin.py:190} INFO - [2025-05-02T07:15:33.370+0000] {dag.py:3239} INFO - Sync 1 DAGs
[2025-05-02T07:15:33.375+0000] {logging_mixin.py:190} INFO - [2025-05-02T07:15:33.375+0000] {dag.py:4180} INFO - Setting next_dagrun for news_dag to None, run_after=None
[2025-05-02T07:15:33.382+0000] {processor.py:208} INFO - Processing /opt/airflow/dags/wordcount_dag.py took 0.170 seconds
[2025-05-02T07:16:03.775+0000] {processor.py:186} INFO - Started process (PID=396) to work on /opt/airflow/dags/wordcount_dag.py
[2025-05-02T07:16:03.776+0000] {processor.py:914} INFO - Processing file /opt/airflow/dags/wordcount_dag.py for tasks to queue
[2025-05-02T07:16:03.777+0000] {logging_mixin.py:190} INFO - [2025-05-02T07:16:03.776+0000] {dagbag.py:588} INFO - Filling up the DagBag from /opt/airflow/dags/wordcount_dag.py
[2025-05-02T07:16:03.924+0000] {processor.py:925} INFO - DAG(s) 'news_dag' retrieved from /opt/airflow/dags/wordcount_dag.py
[2025-05-02T07:16:03.932+0000] {logging_mixin.py:190} INFO - [2025-05-02T07:16:03.932+0000] {dag.py:3239} INFO - Sync 1 DAGs
[2025-05-02T07:16:03.937+0000] {logging_mixin.py:190} INFO - [2025-05-02T07:16:03.937+0000] {dag.py:4180} INFO - Setting next_dagrun for news_dag to None, run_after=None
[2025-05-02T07:16:03.945+0000] {processor.py:208} INFO - Processing /opt/airflow/dags/wordcount_dag.py took 0.173 seconds
[2025-05-02T07:16:34.456+0000] {processor.py:186} INFO - Started process (PID=400) to work on /opt/airflow/dags/wordcount_dag.py
[2025-05-02T07:16:34.457+0000] {processor.py:914} INFO - Processing file /opt/airflow/dags/wordcount_dag.py for tasks to queue
[2025-05-02T07:16:34.458+0000] {logging_mixin.py:190} INFO - [2025-05-02T07:16:34.458+0000] {dagbag.py:588} INFO - Filling up the DagBag from /opt/airflow/dags/wordcount_dag.py
[2025-05-02T07:16:34.594+0000] {processor.py:925} INFO - DAG(s) 'news_dag' retrieved from /opt/airflow/dags/wordcount_dag.py
[2025-05-02T07:16:34.602+0000] {logging_mixin.py:190} INFO - [2025-05-02T07:16:34.602+0000] {dag.py:3239} INFO - Sync 1 DAGs
[2025-05-02T07:16:34.607+0000] {logging_mixin.py:190} INFO - [2025-05-02T07:16:34.607+0000] {dag.py:4180} INFO - Setting next_dagrun for news_dag to None, run_after=None
[2025-05-02T07:16:34.612+0000] {processor.py:208} INFO - Processing /opt/airflow/dags/wordcount_dag.py took 0.160 seconds
[2025-05-02T07:17:05.053+0000] {processor.py:186} INFO - Started process (PID=404) to work on /opt/airflow/dags/wordcount_dag.py
[2025-05-02T07:17:05.054+0000] {processor.py:914} INFO - Processing file /opt/airflow/dags/wordcount_dag.py for tasks to queue
[2025-05-02T07:17:05.055+0000] {logging_mixin.py:190} INFO - [2025-05-02T07:17:05.054+0000] {dagbag.py:588} INFO - Filling up the DagBag from /opt/airflow/dags/wordcount_dag.py
[2025-05-02T07:17:05.190+0000] {processor.py:925} INFO - DAG(s) 'news_dag' retrieved from /opt/airflow/dags/wordcount_dag.py
[2025-05-02T07:17:05.198+0000] {logging_mixin.py:190} INFO - [2025-05-02T07:17:05.198+0000] {dag.py:3239} INFO - Sync 1 DAGs
[2025-05-02T07:17:05.202+0000] {logging_mixin.py:190} INFO - [2025-05-02T07:17:05.202+0000] {dag.py:4180} INFO - Setting next_dagrun for news_dag to None, run_after=None
[2025-05-02T07:17:05.208+0000] {processor.py:208} INFO - Processing /opt/airflow/dags/wordcount_dag.py took 0.158 seconds
[2025-05-02T07:17:35.710+0000] {processor.py:186} INFO - Started process (PID=408) to work on /opt/airflow/dags/wordcount_dag.py
[2025-05-02T07:17:35.711+0000] {processor.py:914} INFO - Processing file /opt/airflow/dags/wordcount_dag.py for tasks to queue
[2025-05-02T07:17:35.711+0000] {logging_mixin.py:190} INFO - [2025-05-02T07:17:35.711+0000] {dagbag.py:588} INFO - Filling up the DagBag from /opt/airflow/dags/wordcount_dag.py
[2025-05-02T07:17:35.843+0000] {processor.py:925} INFO - DAG(s) 'news_dag' retrieved from /opt/airflow/dags/wordcount_dag.py
[2025-05-02T07:17:35.851+0000] {logging_mixin.py:190} INFO - [2025-05-02T07:17:35.851+0000] {dag.py:3239} INFO - Sync 1 DAGs
[2025-05-02T07:17:35.855+0000] {logging_mixin.py:190} INFO - [2025-05-02T07:17:35.855+0000] {dag.py:4180} INFO - Setting next_dagrun for news_dag to None, run_after=None
[2025-05-02T07:17:35.861+0000] {processor.py:208} INFO - Processing /opt/airflow/dags/wordcount_dag.py took 0.155 seconds
[2025-05-02T07:18:06.323+0000] {processor.py:186} INFO - Started process (PID=412) to work on /opt/airflow/dags/wordcount_dag.py
[2025-05-02T07:18:06.323+0000] {processor.py:914} INFO - Processing file /opt/airflow/dags/wordcount_dag.py for tasks to queue
[2025-05-02T07:18:06.324+0000] {logging_mixin.py:190} INFO - [2025-05-02T07:18:06.324+0000] {dagbag.py:588} INFO - Filling up the DagBag from /opt/airflow/dags/wordcount_dag.py
[2025-05-02T07:18:06.462+0000] {processor.py:925} INFO - DAG(s) 'news_dag' retrieved from /opt/airflow/dags/wordcount_dag.py
[2025-05-02T07:18:06.469+0000] {logging_mixin.py:190} INFO - [2025-05-02T07:18:06.469+0000] {dag.py:3239} INFO - Sync 1 DAGs
[2025-05-02T07:18:06.473+0000] {logging_mixin.py:190} INFO - [2025-05-02T07:18:06.473+0000] {dag.py:4180} INFO - Setting next_dagrun for news_dag to None, run_after=None
[2025-05-02T07:18:06.479+0000] {processor.py:208} INFO - Processing /opt/airflow/dags/wordcount_dag.py took 0.159 seconds
[2025-05-02T07:18:36.976+0000] {processor.py:186} INFO - Started process (PID=416) to work on /opt/airflow/dags/wordcount_dag.py
[2025-05-02T07:18:36.977+0000] {processor.py:914} INFO - Processing file /opt/airflow/dags/wordcount_dag.py for tasks to queue
[2025-05-02T07:18:36.977+0000] {logging_mixin.py:190} INFO - [2025-05-02T07:18:36.977+0000] {dagbag.py:588} INFO - Filling up the DagBag from /opt/airflow/dags/wordcount_dag.py
[2025-05-02T07:18:37.109+0000] {processor.py:925} INFO - DAG(s) 'news_dag' retrieved from /opt/airflow/dags/wordcount_dag.py
[2025-05-02T07:18:37.116+0000] {logging_mixin.py:190} INFO - [2025-05-02T07:18:37.116+0000] {dag.py:3239} INFO - Sync 1 DAGs
[2025-05-02T07:18:37.120+0000] {logging_mixin.py:190} INFO - [2025-05-02T07:18:37.120+0000] {dag.py:4180} INFO - Setting next_dagrun for news_dag to None, run_after=None
[2025-05-02T07:18:37.126+0000] {processor.py:208} INFO - Processing /opt/airflow/dags/wordcount_dag.py took 0.153 seconds
[2025-05-02T07:19:07.584+0000] {processor.py:186} INFO - Started process (PID=420) to work on /opt/airflow/dags/wordcount_dag.py
[2025-05-02T07:19:07.584+0000] {processor.py:914} INFO - Processing file /opt/airflow/dags/wordcount_dag.py for tasks to queue
[2025-05-02T07:19:07.585+0000] {logging_mixin.py:190} INFO - [2025-05-02T07:19:07.585+0000] {dagbag.py:588} INFO - Filling up the DagBag from /opt/airflow/dags/wordcount_dag.py
[2025-05-02T07:19:07.718+0000] {processor.py:925} INFO - DAG(s) 'news_dag' retrieved from /opt/airflow/dags/wordcount_dag.py
[2025-05-02T07:19:07.726+0000] {logging_mixin.py:190} INFO - [2025-05-02T07:19:07.725+0000] {dag.py:3239} INFO - Sync 1 DAGs
[2025-05-02T07:19:07.730+0000] {logging_mixin.py:190} INFO - [2025-05-02T07:19:07.730+0000] {dag.py:4180} INFO - Setting next_dagrun for news_dag to None, run_after=None
[2025-05-02T07:19:07.737+0000] {processor.py:208} INFO - Processing /opt/airflow/dags/wordcount_dag.py took 0.157 seconds
[2025-05-02T07:19:38.114+0000] {processor.py:186} INFO - Started process (PID=424) to work on /opt/airflow/dags/wordcount_dag.py
[2025-05-02T07:19:38.115+0000] {processor.py:914} INFO - Processing file /opt/airflow/dags/wordcount_dag.py for tasks to queue
[2025-05-02T07:19:38.115+0000] {logging_mixin.py:190} INFO - [2025-05-02T07:19:38.115+0000] {dagbag.py:588} INFO - Filling up the DagBag from /opt/airflow/dags/wordcount_dag.py
[2025-05-02T07:19:38.253+0000] {processor.py:925} INFO - DAG(s) 'news_dag' retrieved from /opt/airflow/dags/wordcount_dag.py
[2025-05-02T07:19:38.260+0000] {logging_mixin.py:190} INFO - [2025-05-02T07:19:38.260+0000] {dag.py:3239} INFO - Sync 1 DAGs
[2025-05-02T07:19:38.264+0000] {logging_mixin.py:190} INFO - [2025-05-02T07:19:38.264+0000] {dag.py:4180} INFO - Setting next_dagrun for news_dag to None, run_after=None
[2025-05-02T07:19:38.270+0000] {processor.py:208} INFO - Processing /opt/airflow/dags/wordcount_dag.py took 0.160 seconds
[2025-05-02T07:20:08.586+0000] {processor.py:186} INFO - Started process (PID=428) to work on /opt/airflow/dags/wordcount_dag.py
[2025-05-02T07:20:08.587+0000] {processor.py:914} INFO - Processing file /opt/airflow/dags/wordcount_dag.py for tasks to queue
[2025-05-02T07:20:08.587+0000] {logging_mixin.py:190} INFO - [2025-05-02T07:20:08.587+0000] {dagbag.py:588} INFO - Filling up the DagBag from /opt/airflow/dags/wordcount_dag.py
[2025-05-02T07:20:08.716+0000] {processor.py:925} INFO - DAG(s) 'news_dag' retrieved from /opt/airflow/dags/wordcount_dag.py
[2025-05-02T07:20:08.723+0000] {logging_mixin.py:190} INFO - [2025-05-02T07:20:08.723+0000] {dag.py:3239} INFO - Sync 1 DAGs
[2025-05-02T07:20:08.728+0000] {logging_mixin.py:190} INFO - [2025-05-02T07:20:08.728+0000] {dag.py:4180} INFO - Setting next_dagrun for news_dag to None, run_after=None
[2025-05-02T07:20:08.734+0000] {processor.py:208} INFO - Processing /opt/airflow/dags/wordcount_dag.py took 0.151 seconds
[2025-05-02T07:20:38.975+0000] {processor.py:186} INFO - Started process (PID=432) to work on /opt/airflow/dags/wordcount_dag.py
[2025-05-02T07:20:38.976+0000] {processor.py:914} INFO - Processing file /opt/airflow/dags/wordcount_dag.py for tasks to queue
[2025-05-02T07:20:38.977+0000] {logging_mixin.py:190} INFO - [2025-05-02T07:20:38.976+0000] {dagbag.py:588} INFO - Filling up the DagBag from /opt/airflow/dags/wordcount_dag.py
[2025-05-02T07:20:39.107+0000] {processor.py:925} INFO - DAG(s) 'news_dag' retrieved from /opt/airflow/dags/wordcount_dag.py
[2025-05-02T07:20:39.115+0000] {logging_mixin.py:190} INFO - [2025-05-02T07:20:39.114+0000] {dag.py:3239} INFO - Sync 1 DAGs
[2025-05-02T07:20:39.119+0000] {logging_mixin.py:190} INFO - [2025-05-02T07:20:39.119+0000] {dag.py:4180} INFO - Setting next_dagrun for news_dag to None, run_after=None
[2025-05-02T07:20:39.124+0000] {processor.py:208} INFO - Processing /opt/airflow/dags/wordcount_dag.py took 0.152 seconds
[2025-05-02T07:21:09.482+0000] {processor.py:186} INFO - Started process (PID=436) to work on /opt/airflow/dags/wordcount_dag.py
[2025-05-02T07:21:09.482+0000] {processor.py:914} INFO - Processing file /opt/airflow/dags/wordcount_dag.py for tasks to queue
[2025-05-02T07:21:09.483+0000] {logging_mixin.py:190} INFO - [2025-05-02T07:21:09.483+0000] {dagbag.py:588} INFO - Filling up the DagBag from /opt/airflow/dags/wordcount_dag.py
[2025-05-02T07:21:09.615+0000] {processor.py:925} INFO - DAG(s) 'news_dag' retrieved from /opt/airflow/dags/wordcount_dag.py
[2025-05-02T07:21:09.623+0000] {logging_mixin.py:190} INFO - [2025-05-02T07:21:09.622+0000] {dag.py:3239} INFO - Sync 1 DAGs
[2025-05-02T07:21:09.627+0000] {logging_mixin.py:190} INFO - [2025-05-02T07:21:09.627+0000] {dag.py:4180} INFO - Setting next_dagrun for news_dag to None, run_after=None
[2025-05-02T07:21:09.632+0000] {processor.py:208} INFO - Processing /opt/airflow/dags/wordcount_dag.py took 0.154 seconds
[2025-05-02T07:21:39.916+0000] {processor.py:186} INFO - Started process (PID=440) to work on /opt/airflow/dags/wordcount_dag.py
[2025-05-02T07:21:39.916+0000] {processor.py:914} INFO - Processing file /opt/airflow/dags/wordcount_dag.py for tasks to queue
[2025-05-02T07:21:39.917+0000] {logging_mixin.py:190} INFO - [2025-05-02T07:21:39.917+0000] {dagbag.py:588} INFO - Filling up the DagBag from /opt/airflow/dags/wordcount_dag.py
[2025-05-02T07:21:40.054+0000] {processor.py:925} INFO - DAG(s) 'news_dag' retrieved from /opt/airflow/dags/wordcount_dag.py
[2025-05-02T07:21:40.061+0000] {logging_mixin.py:190} INFO - [2025-05-02T07:21:40.061+0000] {dag.py:3239} INFO - Sync 1 DAGs
[2025-05-02T07:21:40.066+0000] {logging_mixin.py:190} INFO - [2025-05-02T07:21:40.066+0000] {dag.py:4180} INFO - Setting next_dagrun for news_dag to None, run_after=None
[2025-05-02T07:21:40.073+0000] {processor.py:208} INFO - Processing /opt/airflow/dags/wordcount_dag.py took 0.161 seconds
[2025-05-02T07:22:10.483+0000] {processor.py:186} INFO - Started process (PID=444) to work on /opt/airflow/dags/wordcount_dag.py
[2025-05-02T07:22:10.483+0000] {processor.py:914} INFO - Processing file /opt/airflow/dags/wordcount_dag.py for tasks to queue
[2025-05-02T07:22:10.483+0000] {logging_mixin.py:190} INFO - [2025-05-02T07:22:10.483+0000] {dagbag.py:588} INFO - Filling up the DagBag from /opt/airflow/dags/wordcount_dag.py
[2025-05-02T07:22:10.625+0000] {processor.py:925} INFO - DAG(s) 'news_dag' retrieved from /opt/airflow/dags/wordcount_dag.py
[2025-05-02T07:22:10.634+0000] {logging_mixin.py:190} INFO - [2025-05-02T07:22:10.634+0000] {dag.py:3239} INFO - Sync 1 DAGs
[2025-05-02T07:22:10.640+0000] {logging_mixin.py:190} INFO - [2025-05-02T07:22:10.640+0000] {dag.py:4180} INFO - Setting next_dagrun for news_dag to None, run_after=None
[2025-05-02T07:22:10.647+0000] {processor.py:208} INFO - Processing /opt/airflow/dags/wordcount_dag.py took 0.167 seconds
[2025-05-02T07:22:41.093+0000] {processor.py:186} INFO - Started process (PID=449) to work on /opt/airflow/dags/wordcount_dag.py
[2025-05-02T07:22:41.093+0000] {processor.py:914} INFO - Processing file /opt/airflow/dags/wordcount_dag.py for tasks to queue
[2025-05-02T07:22:41.094+0000] {logging_mixin.py:190} INFO - [2025-05-02T07:22:41.094+0000] {dagbag.py:588} INFO - Filling up the DagBag from /opt/airflow/dags/wordcount_dag.py
[2025-05-02T07:22:41.236+0000] {processor.py:925} INFO - DAG(s) 'news_dag' retrieved from /opt/airflow/dags/wordcount_dag.py
[2025-05-02T07:22:41.244+0000] {logging_mixin.py:190} INFO - [2025-05-02T07:22:41.243+0000] {dag.py:3239} INFO - Sync 1 DAGs
[2025-05-02T07:22:41.248+0000] {logging_mixin.py:190} INFO - [2025-05-02T07:22:41.248+0000] {dag.py:4180} INFO - Setting next_dagrun for news_dag to None, run_after=None
[2025-05-02T07:22:41.254+0000] {processor.py:208} INFO - Processing /opt/airflow/dags/wordcount_dag.py took 0.165 seconds
[2025-05-02T07:23:11.531+0000] {processor.py:186} INFO - Started process (PID=453) to work on /opt/airflow/dags/wordcount_dag.py
[2025-05-02T07:23:11.532+0000] {processor.py:914} INFO - Processing file /opt/airflow/dags/wordcount_dag.py for tasks to queue
[2025-05-02T07:23:11.532+0000] {logging_mixin.py:190} INFO - [2025-05-02T07:23:11.532+0000] {dagbag.py:588} INFO - Filling up the DagBag from /opt/airflow/dags/wordcount_dag.py
[2025-05-02T07:23:11.669+0000] {processor.py:925} INFO - DAG(s) 'news_dag' retrieved from /opt/airflow/dags/wordcount_dag.py
[2025-05-02T07:23:11.677+0000] {logging_mixin.py:190} INFO - [2025-05-02T07:23:11.677+0000] {dag.py:3239} INFO - Sync 1 DAGs
[2025-05-02T07:23:11.682+0000] {logging_mixin.py:190} INFO - [2025-05-02T07:23:11.682+0000] {dag.py:4180} INFO - Setting next_dagrun for news_dag to None, run_after=None
[2025-05-02T07:23:11.689+0000] {processor.py:208} INFO - Processing /opt/airflow/dags/wordcount_dag.py took 0.162 seconds
[2025-05-02T07:23:41.948+0000] {processor.py:186} INFO - Started process (PID=457) to work on /opt/airflow/dags/wordcount_dag.py
[2025-05-02T07:23:41.948+0000] {processor.py:914} INFO - Processing file /opt/airflow/dags/wordcount_dag.py for tasks to queue
[2025-05-02T07:23:41.949+0000] {logging_mixin.py:190} INFO - [2025-05-02T07:23:41.949+0000] {dagbag.py:588} INFO - Filling up the DagBag from /opt/airflow/dags/wordcount_dag.py
[2025-05-02T07:23:42.085+0000] {processor.py:925} INFO - DAG(s) 'news_dag' retrieved from /opt/airflow/dags/wordcount_dag.py
[2025-05-02T07:23:42.093+0000] {logging_mixin.py:190} INFO - [2025-05-02T07:23:42.093+0000] {dag.py:3239} INFO - Sync 1 DAGs
[2025-05-02T07:23:42.097+0000] {logging_mixin.py:190} INFO - [2025-05-02T07:23:42.097+0000] {dag.py:4180} INFO - Setting next_dagrun for news_dag to None, run_after=None
[2025-05-02T07:23:42.103+0000] {processor.py:208} INFO - Processing /opt/airflow/dags/wordcount_dag.py took 0.159 seconds
[2025-05-02T07:24:12.378+0000] {processor.py:186} INFO - Started process (PID=461) to work on /opt/airflow/dags/wordcount_dag.py
[2025-05-02T07:24:12.378+0000] {processor.py:914} INFO - Processing file /opt/airflow/dags/wordcount_dag.py for tasks to queue
[2025-05-02T07:24:12.379+0000] {logging_mixin.py:190} INFO - [2025-05-02T07:24:12.379+0000] {dagbag.py:588} INFO - Filling up the DagBag from /opt/airflow/dags/wordcount_dag.py
[2025-05-02T07:24:12.529+0000] {processor.py:925} INFO - DAG(s) 'news_dag' retrieved from /opt/airflow/dags/wordcount_dag.py
[2025-05-02T07:24:12.537+0000] {logging_mixin.py:190} INFO - [2025-05-02T07:24:12.537+0000] {dag.py:3239} INFO - Sync 1 DAGs
[2025-05-02T07:24:12.541+0000] {logging_mixin.py:190} INFO - [2025-05-02T07:24:12.541+0000] {dag.py:4180} INFO - Setting next_dagrun for news_dag to None, run_after=None
[2025-05-02T07:24:12.547+0000] {processor.py:208} INFO - Processing /opt/airflow/dags/wordcount_dag.py took 0.173 seconds
[2025-05-02T07:24:42.857+0000] {processor.py:186} INFO - Started process (PID=465) to work on /opt/airflow/dags/wordcount_dag.py
[2025-05-02T07:24:42.858+0000] {processor.py:914} INFO - Processing file /opt/airflow/dags/wordcount_dag.py for tasks to queue
[2025-05-02T07:24:42.858+0000] {logging_mixin.py:190} INFO - [2025-05-02T07:24:42.858+0000] {dagbag.py:588} INFO - Filling up the DagBag from /opt/airflow/dags/wordcount_dag.py
[2025-05-02T07:24:43.032+0000] {processor.py:925} INFO - DAG(s) 'news_dag' retrieved from /opt/airflow/dags/wordcount_dag.py
[2025-05-02T07:24:43.045+0000] {logging_mixin.py:190} INFO - [2025-05-02T07:24:43.045+0000] {dag.py:3239} INFO - Sync 1 DAGs
[2025-05-02T07:24:43.051+0000] {logging_mixin.py:190} INFO - [2025-05-02T07:24:43.051+0000] {dag.py:4180} INFO - Setting next_dagrun for news_dag to None, run_after=None
[2025-05-02T07:24:43.062+0000] {processor.py:208} INFO - Processing /opt/airflow/dags/wordcount_dag.py took 0.209 seconds
[2025-05-02T07:25:13.576+0000] {processor.py:186} INFO - Started process (PID=470) to work on /opt/airflow/dags/wordcount_dag.py
[2025-05-02T07:25:13.576+0000] {processor.py:914} INFO - Processing file /opt/airflow/dags/wordcount_dag.py for tasks to queue
[2025-05-02T07:25:13.577+0000] {logging_mixin.py:190} INFO - [2025-05-02T07:25:13.577+0000] {dagbag.py:588} INFO - Filling up the DagBag from /opt/airflow/dags/wordcount_dag.py
[2025-05-02T07:25:13.745+0000] {processor.py:925} INFO - DAG(s) 'news_dag' retrieved from /opt/airflow/dags/wordcount_dag.py
[2025-05-02T07:25:13.756+0000] {logging_mixin.py:190} INFO - [2025-05-02T07:25:13.756+0000] {dag.py:3239} INFO - Sync 1 DAGs
[2025-05-02T07:25:13.762+0000] {logging_mixin.py:190} INFO - [2025-05-02T07:25:13.762+0000] {dag.py:4180} INFO - Setting next_dagrun for news_dag to None, run_after=None
[2025-05-02T07:25:13.773+0000] {processor.py:208} INFO - Processing /opt/airflow/dags/wordcount_dag.py took 0.201 seconds
[2025-05-02T07:25:44.160+0000] {processor.py:186} INFO - Started process (PID=474) to work on /opt/airflow/dags/wordcount_dag.py
[2025-05-02T07:25:44.160+0000] {processor.py:914} INFO - Processing file /opt/airflow/dags/wordcount_dag.py for tasks to queue
[2025-05-02T07:25:44.161+0000] {logging_mixin.py:190} INFO - [2025-05-02T07:25:44.161+0000] {dagbag.py:588} INFO - Filling up the DagBag from /opt/airflow/dags/wordcount_dag.py
[2025-05-02T07:25:44.292+0000] {processor.py:925} INFO - DAG(s) 'news_dag' retrieved from /opt/airflow/dags/wordcount_dag.py
[2025-05-02T07:25:44.299+0000] {logging_mixin.py:190} INFO - [2025-05-02T07:25:44.299+0000] {dag.py:3239} INFO - Sync 1 DAGs
[2025-05-02T07:25:44.304+0000] {logging_mixin.py:190} INFO - [2025-05-02T07:25:44.304+0000] {dag.py:4180} INFO - Setting next_dagrun for news_dag to None, run_after=None
[2025-05-02T07:25:44.309+0000] {processor.py:208} INFO - Processing /opt/airflow/dags/wordcount_dag.py took 0.153 seconds
[2025-05-02T07:26:14.611+0000] {processor.py:186} INFO - Started process (PID=478) to work on /opt/airflow/dags/wordcount_dag.py
[2025-05-02T07:26:14.612+0000] {processor.py:914} INFO - Processing file /opt/airflow/dags/wordcount_dag.py for tasks to queue
[2025-05-02T07:26:14.612+0000] {logging_mixin.py:190} INFO - [2025-05-02T07:26:14.612+0000] {dagbag.py:588} INFO - Filling up the DagBag from /opt/airflow/dags/wordcount_dag.py
[2025-05-02T07:26:14.763+0000] {processor.py:925} INFO - DAG(s) 'news_dag' retrieved from /opt/airflow/dags/wordcount_dag.py
[2025-05-02T07:26:14.772+0000] {logging_mixin.py:190} INFO - [2025-05-02T07:26:14.772+0000] {dag.py:3239} INFO - Sync 1 DAGs
[2025-05-02T07:26:14.778+0000] {logging_mixin.py:190} INFO - [2025-05-02T07:26:14.778+0000] {dag.py:4180} INFO - Setting next_dagrun for news_dag to None, run_after=None
[2025-05-02T07:26:14.785+0000] {processor.py:208} INFO - Processing /opt/airflow/dags/wordcount_dag.py took 0.178 seconds
[2025-05-02T07:26:45.208+0000] {processor.py:186} INFO - Started process (PID=482) to work on /opt/airflow/dags/wordcount_dag.py
[2025-05-02T07:26:45.208+0000] {processor.py:914} INFO - Processing file /opt/airflow/dags/wordcount_dag.py for tasks to queue
[2025-05-02T07:26:45.209+0000] {logging_mixin.py:190} INFO - [2025-05-02T07:26:45.209+0000] {dagbag.py:588} INFO - Filling up the DagBag from /opt/airflow/dags/wordcount_dag.py
[2025-05-02T07:26:45.340+0000] {processor.py:925} INFO - DAG(s) 'news_dag' retrieved from /opt/airflow/dags/wordcount_dag.py
[2025-05-02T07:26:45.348+0000] {logging_mixin.py:190} INFO - [2025-05-02T07:26:45.348+0000] {dag.py:3239} INFO - Sync 1 DAGs
[2025-05-02T07:26:45.352+0000] {logging_mixin.py:190} INFO - [2025-05-02T07:26:45.352+0000] {dag.py:4180} INFO - Setting next_dagrun for news_dag to None, run_after=None
[2025-05-02T07:26:45.358+0000] {processor.py:208} INFO - Processing /opt/airflow/dags/wordcount_dag.py took 0.153 seconds
[2025-05-02T07:27:15.661+0000] {processor.py:186} INFO - Started process (PID=486) to work on /opt/airflow/dags/wordcount_dag.py
[2025-05-02T07:27:15.662+0000] {processor.py:914} INFO - Processing file /opt/airflow/dags/wordcount_dag.py for tasks to queue
[2025-05-02T07:27:15.662+0000] {logging_mixin.py:190} INFO - [2025-05-02T07:27:15.662+0000] {dagbag.py:588} INFO - Filling up the DagBag from /opt/airflow/dags/wordcount_dag.py
[2025-05-02T07:27:15.823+0000] {processor.py:925} INFO - DAG(s) 'news_dag' retrieved from /opt/airflow/dags/wordcount_dag.py
[2025-05-02T07:27:15.834+0000] {logging_mixin.py:190} INFO - [2025-05-02T07:27:15.834+0000] {dag.py:3239} INFO - Sync 1 DAGs
[2025-05-02T07:27:15.840+0000] {logging_mixin.py:190} INFO - [2025-05-02T07:27:15.840+0000] {dag.py:4180} INFO - Setting next_dagrun for news_dag to None, run_after=None
[2025-05-02T07:27:15.849+0000] {processor.py:208} INFO - Processing /opt/airflow/dags/wordcount_dag.py took 0.192 seconds
[2025-05-02T07:27:46.323+0000] {processor.py:186} INFO - Started process (PID=490) to work on /opt/airflow/dags/wordcount_dag.py
[2025-05-02T07:27:46.324+0000] {processor.py:914} INFO - Processing file /opt/airflow/dags/wordcount_dag.py for tasks to queue
[2025-05-02T07:27:46.324+0000] {logging_mixin.py:190} INFO - [2025-05-02T07:27:46.324+0000] {dagbag.py:588} INFO - Filling up the DagBag from /opt/airflow/dags/wordcount_dag.py
[2025-05-02T07:27:46.465+0000] {processor.py:925} INFO - DAG(s) 'news_dag' retrieved from /opt/airflow/dags/wordcount_dag.py
[2025-05-02T07:27:46.473+0000] {logging_mixin.py:190} INFO - [2025-05-02T07:27:46.472+0000] {dag.py:3239} INFO - Sync 1 DAGs
[2025-05-02T07:27:46.477+0000] {logging_mixin.py:190} INFO - [2025-05-02T07:27:46.477+0000] {dag.py:4180} INFO - Setting next_dagrun for news_dag to None, run_after=None
[2025-05-02T07:27:46.483+0000] {processor.py:208} INFO - Processing /opt/airflow/dags/wordcount_dag.py took 0.163 seconds
[2025-05-02T07:28:16.858+0000] {processor.py:186} INFO - Started process (PID=494) to work on /opt/airflow/dags/wordcount_dag.py
[2025-05-02T07:28:16.859+0000] {processor.py:914} INFO - Processing file /opt/airflow/dags/wordcount_dag.py for tasks to queue
[2025-05-02T07:28:16.859+0000] {logging_mixin.py:190} INFO - [2025-05-02T07:28:16.859+0000] {dagbag.py:588} INFO - Filling up the DagBag from /opt/airflow/dags/wordcount_dag.py
[2025-05-02T07:28:16.999+0000] {processor.py:925} INFO - DAG(s) 'news_dag' retrieved from /opt/airflow/dags/wordcount_dag.py
[2025-05-02T07:28:17.007+0000] {logging_mixin.py:190} INFO - [2025-05-02T07:28:17.007+0000] {dag.py:3239} INFO - Sync 1 DAGs
[2025-05-02T07:28:17.012+0000] {logging_mixin.py:190} INFO - [2025-05-02T07:28:17.012+0000] {dag.py:4180} INFO - Setting next_dagrun for news_dag to None, run_after=None
[2025-05-02T07:28:17.018+0000] {processor.py:208} INFO - Processing /opt/airflow/dags/wordcount_dag.py took 0.163 seconds
[2025-05-02T07:28:47.529+0000] {processor.py:186} INFO - Started process (PID=499) to work on /opt/airflow/dags/wordcount_dag.py
[2025-05-02T07:28:47.530+0000] {processor.py:914} INFO - Processing file /opt/airflow/dags/wordcount_dag.py for tasks to queue
[2025-05-02T07:28:47.530+0000] {logging_mixin.py:190} INFO - [2025-05-02T07:28:47.530+0000] {dagbag.py:588} INFO - Filling up the DagBag from /opt/airflow/dags/wordcount_dag.py
[2025-05-02T07:28:47.723+0000] {processor.py:925} INFO - DAG(s) 'news_dag' retrieved from /opt/airflow/dags/wordcount_dag.py
[2025-05-02T07:28:47.731+0000] {logging_mixin.py:190} INFO - [2025-05-02T07:28:47.731+0000] {dag.py:3239} INFO - Sync 1 DAGs
[2025-05-02T07:28:47.737+0000] {logging_mixin.py:190} INFO - [2025-05-02T07:28:47.737+0000] {dag.py:4180} INFO - Setting next_dagrun for news_dag to None, run_after=None
[2025-05-02T07:28:47.744+0000] {processor.py:208} INFO - Processing /opt/airflow/dags/wordcount_dag.py took 0.220 seconds
[2025-05-02T07:29:17.967+0000] {processor.py:186} INFO - Started process (PID=507) to work on /opt/airflow/dags/wordcount_dag.py
[2025-05-02T07:29:17.968+0000] {processor.py:914} INFO - Processing file /opt/airflow/dags/wordcount_dag.py for tasks to queue
[2025-05-02T07:29:17.969+0000] {logging_mixin.py:190} INFO - [2025-05-02T07:29:17.969+0000] {dagbag.py:588} INFO - Filling up the DagBag from /opt/airflow/dags/wordcount_dag.py
[2025-05-02T07:29:18.122+0000] {processor.py:925} INFO - DAG(s) 'news_dag' retrieved from /opt/airflow/dags/wordcount_dag.py
[2025-05-02T07:29:18.131+0000] {logging_mixin.py:190} INFO - [2025-05-02T07:29:18.131+0000] {dag.py:3239} INFO - Sync 1 DAGs
[2025-05-02T07:29:18.136+0000] {logging_mixin.py:190} INFO - [2025-05-02T07:29:18.136+0000] {dag.py:4180} INFO - Setting next_dagrun for news_dag to None, run_after=None
[2025-05-02T07:29:18.145+0000] {processor.py:208} INFO - Processing /opt/airflow/dags/wordcount_dag.py took 0.181 seconds
[2025-05-02T07:29:48.369+0000] {processor.py:186} INFO - Started process (PID=511) to work on /opt/airflow/dags/wordcount_dag.py
[2025-05-02T07:29:48.370+0000] {processor.py:914} INFO - Processing file /opt/airflow/dags/wordcount_dag.py for tasks to queue
[2025-05-02T07:29:48.370+0000] {logging_mixin.py:190} INFO - [2025-05-02T07:29:48.370+0000] {dagbag.py:588} INFO - Filling up the DagBag from /opt/airflow/dags/wordcount_dag.py
[2025-05-02T07:29:48.512+0000] {processor.py:925} INFO - DAG(s) 'news_dag' retrieved from /opt/airflow/dags/wordcount_dag.py
[2025-05-02T07:29:48.519+0000] {logging_mixin.py:190} INFO - [2025-05-02T07:29:48.519+0000] {dag.py:3239} INFO - Sync 1 DAGs
[2025-05-02T07:29:48.524+0000] {logging_mixin.py:190} INFO - [2025-05-02T07:29:48.524+0000] {dag.py:4180} INFO - Setting next_dagrun for news_dag to None, run_after=None
[2025-05-02T07:29:48.531+0000] {processor.py:208} INFO - Processing /opt/airflow/dags/wordcount_dag.py took 0.165 seconds
[2025-05-02T07:30:18.900+0000] {processor.py:186} INFO - Started process (PID=515) to work on /opt/airflow/dags/wordcount_dag.py
[2025-05-02T07:30:18.901+0000] {processor.py:914} INFO - Processing file /opt/airflow/dags/wordcount_dag.py for tasks to queue
[2025-05-02T07:30:18.901+0000] {logging_mixin.py:190} INFO - [2025-05-02T07:30:18.901+0000] {dagbag.py:588} INFO - Filling up the DagBag from /opt/airflow/dags/wordcount_dag.py
[2025-05-02T07:30:19.039+0000] {processor.py:925} INFO - DAG(s) 'news_dag' retrieved from /opt/airflow/dags/wordcount_dag.py
[2025-05-02T07:30:19.047+0000] {logging_mixin.py:190} INFO - [2025-05-02T07:30:19.047+0000] {dag.py:3239} INFO - Sync 1 DAGs
[2025-05-02T07:30:19.052+0000] {logging_mixin.py:190} INFO - [2025-05-02T07:30:19.052+0000] {dag.py:4180} INFO - Setting next_dagrun for news_dag to None, run_after=None
[2025-05-02T07:30:19.058+0000] {processor.py:208} INFO - Processing /opt/airflow/dags/wordcount_dag.py took 0.161 seconds
[2025-05-02T07:30:49.369+0000] {processor.py:186} INFO - Started process (PID=519) to work on /opt/airflow/dags/wordcount_dag.py
[2025-05-02T07:30:49.370+0000] {processor.py:914} INFO - Processing file /opt/airflow/dags/wordcount_dag.py for tasks to queue
[2025-05-02T07:30:49.370+0000] {logging_mixin.py:190} INFO - [2025-05-02T07:30:49.370+0000] {dagbag.py:588} INFO - Filling up the DagBag from /opt/airflow/dags/wordcount_dag.py
[2025-05-02T07:30:49.504+0000] {processor.py:925} INFO - DAG(s) 'news_dag' retrieved from /opt/airflow/dags/wordcount_dag.py
[2025-05-02T07:30:49.512+0000] {logging_mixin.py:190} INFO - [2025-05-02T07:30:49.512+0000] {dag.py:3239} INFO - Sync 1 DAGs
[2025-05-02T07:30:49.516+0000] {logging_mixin.py:190} INFO - [2025-05-02T07:30:49.516+0000] {dag.py:4180} INFO - Setting next_dagrun for news_dag to None, run_after=None
[2025-05-02T07:30:49.523+0000] {processor.py:208} INFO - Processing /opt/airflow/dags/wordcount_dag.py took 0.157 seconds
[2025-05-02T07:31:19.733+0000] {processor.py:186} INFO - Started process (PID=523) to work on /opt/airflow/dags/wordcount_dag.py
[2025-05-02T07:31:19.733+0000] {processor.py:914} INFO - Processing file /opt/airflow/dags/wordcount_dag.py for tasks to queue
[2025-05-02T07:31:19.734+0000] {logging_mixin.py:190} INFO - [2025-05-02T07:31:19.734+0000] {dagbag.py:588} INFO - Filling up the DagBag from /opt/airflow/dags/wordcount_dag.py
[2025-05-02T07:31:19.879+0000] {processor.py:925} INFO - DAG(s) 'news_dag' retrieved from /opt/airflow/dags/wordcount_dag.py
[2025-05-02T07:31:19.887+0000] {logging_mixin.py:190} INFO - [2025-05-02T07:31:19.887+0000] {dag.py:3239} INFO - Sync 1 DAGs
[2025-05-02T07:31:19.892+0000] {logging_mixin.py:190} INFO - [2025-05-02T07:31:19.892+0000] {dag.py:4180} INFO - Setting next_dagrun for news_dag to None, run_after=None
[2025-05-02T07:31:19.899+0000] {processor.py:208} INFO - Processing /opt/airflow/dags/wordcount_dag.py took 0.169 seconds
[2025-05-02T07:31:50.135+0000] {processor.py:186} INFO - Started process (PID=531) to work on /opt/airflow/dags/wordcount_dag.py
[2025-05-02T07:31:50.135+0000] {processor.py:914} INFO - Processing file /opt/airflow/dags/wordcount_dag.py for tasks to queue
[2025-05-02T07:31:50.136+0000] {logging_mixin.py:190} INFO - [2025-05-02T07:31:50.136+0000] {dagbag.py:588} INFO - Filling up the DagBag from /opt/airflow/dags/wordcount_dag.py
[2025-05-02T07:31:50.297+0000] {processor.py:925} INFO - DAG(s) 'news_dag' retrieved from /opt/airflow/dags/wordcount_dag.py
[2025-05-02T07:31:50.307+0000] {logging_mixin.py:190} INFO - [2025-05-02T07:31:50.306+0000] {dag.py:3239} INFO - Sync 1 DAGs
[2025-05-02T07:31:50.312+0000] {logging_mixin.py:190} INFO - [2025-05-02T07:31:50.312+0000] {dag.py:4180} INFO - Setting next_dagrun for news_dag to None, run_after=None
[2025-05-02T07:31:50.320+0000] {processor.py:208} INFO - Processing /opt/airflow/dags/wordcount_dag.py took 0.189 seconds
[2025-05-02T07:32:20.611+0000] {processor.py:186} INFO - Started process (PID=535) to work on /opt/airflow/dags/wordcount_dag.py
[2025-05-02T07:32:20.612+0000] {processor.py:914} INFO - Processing file /opt/airflow/dags/wordcount_dag.py for tasks to queue
[2025-05-02T07:32:20.613+0000] {logging_mixin.py:190} INFO - [2025-05-02T07:32:20.612+0000] {dagbag.py:588} INFO - Filling up the DagBag from /opt/airflow/dags/wordcount_dag.py
[2025-05-02T07:32:20.772+0000] {processor.py:925} INFO - DAG(s) 'news_dag' retrieved from /opt/airflow/dags/wordcount_dag.py
[2025-05-02T07:32:20.782+0000] {logging_mixin.py:190} INFO - [2025-05-02T07:32:20.782+0000] {dag.py:3239} INFO - Sync 1 DAGs
[2025-05-02T07:32:20.787+0000] {logging_mixin.py:190} INFO - [2025-05-02T07:32:20.787+0000] {dag.py:4180} INFO - Setting next_dagrun for news_dag to None, run_after=None
[2025-05-02T07:32:20.795+0000] {processor.py:208} INFO - Processing /opt/airflow/dags/wordcount_dag.py took 0.187 seconds
[2025-05-02T07:32:51.080+0000] {processor.py:186} INFO - Started process (PID=539) to work on /opt/airflow/dags/wordcount_dag.py
[2025-05-02T07:32:51.081+0000] {processor.py:914} INFO - Processing file /opt/airflow/dags/wordcount_dag.py for tasks to queue
[2025-05-02T07:32:51.081+0000] {logging_mixin.py:190} INFO - [2025-05-02T07:32:51.081+0000] {dagbag.py:588} INFO - Filling up the DagBag from /opt/airflow/dags/wordcount_dag.py
[2025-05-02T07:32:51.218+0000] {processor.py:925} INFO - DAG(s) 'news_dag' retrieved from /opt/airflow/dags/wordcount_dag.py
[2025-05-02T07:32:51.226+0000] {logging_mixin.py:190} INFO - [2025-05-02T07:32:51.226+0000] {dag.py:3239} INFO - Sync 1 DAGs
[2025-05-02T07:32:51.230+0000] {logging_mixin.py:190} INFO - [2025-05-02T07:32:51.230+0000] {dag.py:4180} INFO - Setting next_dagrun for news_dag to None, run_after=None
[2025-05-02T07:32:51.236+0000] {processor.py:208} INFO - Processing /opt/airflow/dags/wordcount_dag.py took 0.159 seconds
[2025-05-02T07:33:21.734+0000] {processor.py:186} INFO - Started process (PID=543) to work on /opt/airflow/dags/wordcount_dag.py
[2025-05-02T07:33:21.734+0000] {processor.py:914} INFO - Processing file /opt/airflow/dags/wordcount_dag.py for tasks to queue
[2025-05-02T07:33:21.735+0000] {logging_mixin.py:190} INFO - [2025-05-02T07:33:21.735+0000] {dagbag.py:588} INFO - Filling up the DagBag from /opt/airflow/dags/wordcount_dag.py
[2025-05-02T07:33:21.875+0000] {processor.py:925} INFO - DAG(s) 'news_dag' retrieved from /opt/airflow/dags/wordcount_dag.py
[2025-05-02T07:33:21.884+0000] {logging_mixin.py:190} INFO - [2025-05-02T07:33:21.883+0000] {dag.py:3239} INFO - Sync 1 DAGs
[2025-05-02T07:33:21.888+0000] {logging_mixin.py:190} INFO - [2025-05-02T07:33:21.888+0000] {dag.py:4180} INFO - Setting next_dagrun for news_dag to None, run_after=None
[2025-05-02T07:33:21.893+0000] {processor.py:208} INFO - Processing /opt/airflow/dags/wordcount_dag.py took 0.163 seconds
[2025-05-02T07:33:52.289+0000] {processor.py:186} INFO - Started process (PID=547) to work on /opt/airflow/dags/wordcount_dag.py
[2025-05-02T07:33:52.290+0000] {processor.py:914} INFO - Processing file /opt/airflow/dags/wordcount_dag.py for tasks to queue
[2025-05-02T07:33:52.290+0000] {logging_mixin.py:190} INFO - [2025-05-02T07:33:52.290+0000] {dagbag.py:588} INFO - Filling up the DagBag from /opt/airflow/dags/wordcount_dag.py
[2025-05-02T07:33:52.424+0000] {processor.py:925} INFO - DAG(s) 'news_dag' retrieved from /opt/airflow/dags/wordcount_dag.py
[2025-05-02T07:33:52.432+0000] {logging_mixin.py:190} INFO - [2025-05-02T07:33:52.431+0000] {dag.py:3239} INFO - Sync 1 DAGs
[2025-05-02T07:33:52.436+0000] {logging_mixin.py:190} INFO - [2025-05-02T07:33:52.436+0000] {dag.py:4180} INFO - Setting next_dagrun for news_dag to None, run_after=None
[2025-05-02T07:33:52.443+0000] {processor.py:208} INFO - Processing /opt/airflow/dags/wordcount_dag.py took 0.157 seconds
[2025-05-02T07:34:22.860+0000] {processor.py:186} INFO - Started process (PID=551) to work on /opt/airflow/dags/wordcount_dag.py
[2025-05-02T07:34:22.861+0000] {processor.py:914} INFO - Processing file /opt/airflow/dags/wordcount_dag.py for tasks to queue
[2025-05-02T07:34:22.862+0000] {logging_mixin.py:190} INFO - [2025-05-02T07:34:22.862+0000] {dagbag.py:588} INFO - Filling up the DagBag from /opt/airflow/dags/wordcount_dag.py
[2025-05-02T07:34:23.000+0000] {processor.py:925} INFO - DAG(s) 'news_dag' retrieved from /opt/airflow/dags/wordcount_dag.py
[2025-05-02T07:34:23.008+0000] {logging_mixin.py:190} INFO - [2025-05-02T07:34:23.007+0000] {dag.py:3239} INFO - Sync 1 DAGs
[2025-05-02T07:34:23.012+0000] {logging_mixin.py:190} INFO - [2025-05-02T07:34:23.012+0000] {dag.py:4180} INFO - Setting next_dagrun for news_dag to None, run_after=None
[2025-05-02T07:34:23.018+0000] {processor.py:208} INFO - Processing /opt/airflow/dags/wordcount_dag.py took 0.161 seconds
[2025-05-02T07:34:53.437+0000] {processor.py:186} INFO - Started process (PID=555) to work on /opt/airflow/dags/wordcount_dag.py
[2025-05-02T07:34:53.437+0000] {processor.py:914} INFO - Processing file /opt/airflow/dags/wordcount_dag.py for tasks to queue
[2025-05-02T07:34:53.438+0000] {logging_mixin.py:190} INFO - [2025-05-02T07:34:53.437+0000] {dagbag.py:588} INFO - Filling up the DagBag from /opt/airflow/dags/wordcount_dag.py
[2025-05-02T07:34:53.567+0000] {processor.py:925} INFO - DAG(s) 'news_dag' retrieved from /opt/airflow/dags/wordcount_dag.py
[2025-05-02T07:34:53.574+0000] {logging_mixin.py:190} INFO - [2025-05-02T07:34:53.574+0000] {dag.py:3239} INFO - Sync 1 DAGs
[2025-05-02T07:34:53.579+0000] {logging_mixin.py:190} INFO - [2025-05-02T07:34:53.579+0000] {dag.py:4180} INFO - Setting next_dagrun for news_dag to None, run_after=None
[2025-05-02T07:34:53.584+0000] {processor.py:208} INFO - Processing /opt/airflow/dags/wordcount_dag.py took 0.151 seconds
[2025-05-02T07:35:23.998+0000] {processor.py:186} INFO - Started process (PID=559) to work on /opt/airflow/dags/wordcount_dag.py
[2025-05-02T07:35:23.999+0000] {processor.py:914} INFO - Processing file /opt/airflow/dags/wordcount_dag.py for tasks to queue
[2025-05-02T07:35:24.000+0000] {logging_mixin.py:190} INFO - [2025-05-02T07:35:23.999+0000] {dagbag.py:588} INFO - Filling up the DagBag from /opt/airflow/dags/wordcount_dag.py
[2025-05-02T07:35:24.129+0000] {processor.py:925} INFO - DAG(s) 'news_dag' retrieved from /opt/airflow/dags/wordcount_dag.py
[2025-05-02T07:35:24.137+0000] {logging_mixin.py:190} INFO - [2025-05-02T07:35:24.137+0000] {dag.py:3239} INFO - Sync 1 DAGs
[2025-05-02T07:35:24.141+0000] {logging_mixin.py:190} INFO - [2025-05-02T07:35:24.141+0000] {dag.py:4180} INFO - Setting next_dagrun for news_dag to None, run_after=None
[2025-05-02T07:35:24.148+0000] {processor.py:208} INFO - Processing /opt/airflow/dags/wordcount_dag.py took 0.152 seconds
[2025-05-02T07:35:54.698+0000] {processor.py:186} INFO - Started process (PID=563) to work on /opt/airflow/dags/wordcount_dag.py
[2025-05-02T07:35:54.699+0000] {processor.py:914} INFO - Processing file /opt/airflow/dags/wordcount_dag.py for tasks to queue
[2025-05-02T07:35:54.699+0000] {logging_mixin.py:190} INFO - [2025-05-02T07:35:54.699+0000] {dagbag.py:588} INFO - Filling up the DagBag from /opt/airflow/dags/wordcount_dag.py
[2025-05-02T07:35:54.841+0000] {processor.py:925} INFO - DAG(s) 'news_dag' retrieved from /opt/airflow/dags/wordcount_dag.py
[2025-05-02T07:35:54.852+0000] {logging_mixin.py:190} INFO - [2025-05-02T07:35:54.851+0000] {dag.py:3239} INFO - Sync 1 DAGs
[2025-05-02T07:35:54.857+0000] {logging_mixin.py:190} INFO - [2025-05-02T07:35:54.857+0000] {dag.py:4180} INFO - Setting next_dagrun for news_dag to None, run_after=None
[2025-05-02T07:35:54.863+0000] {processor.py:208} INFO - Processing /opt/airflow/dags/wordcount_dag.py took 0.168 seconds
[2025-05-02T07:36:25.327+0000] {processor.py:186} INFO - Started process (PID=567) to work on /opt/airflow/dags/wordcount_dag.py
[2025-05-02T07:36:25.328+0000] {processor.py:914} INFO - Processing file /opt/airflow/dags/wordcount_dag.py for tasks to queue
[2025-05-02T07:36:25.329+0000] {logging_mixin.py:190} INFO - [2025-05-02T07:36:25.329+0000] {dagbag.py:588} INFO - Filling up the DagBag from /opt/airflow/dags/wordcount_dag.py
[2025-05-02T07:36:25.471+0000] {processor.py:925} INFO - DAG(s) 'news_dag' retrieved from /opt/airflow/dags/wordcount_dag.py
[2025-05-02T07:36:25.480+0000] {logging_mixin.py:190} INFO - [2025-05-02T07:36:25.479+0000] {dag.py:3239} INFO - Sync 1 DAGs
[2025-05-02T07:36:25.484+0000] {logging_mixin.py:190} INFO - [2025-05-02T07:36:25.484+0000] {dag.py:4180} INFO - Setting next_dagrun for news_dag to None, run_after=None
[2025-05-02T07:36:25.490+0000] {processor.py:208} INFO - Processing /opt/airflow/dags/wordcount_dag.py took 0.166 seconds
[2025-05-02T07:36:55.908+0000] {processor.py:186} INFO - Started process (PID=571) to work on /opt/airflow/dags/wordcount_dag.py
[2025-05-02T07:36:55.908+0000] {processor.py:914} INFO - Processing file /opt/airflow/dags/wordcount_dag.py for tasks to queue
[2025-05-02T07:36:55.909+0000] {logging_mixin.py:190} INFO - [2025-05-02T07:36:55.909+0000] {dagbag.py:588} INFO - Filling up the DagBag from /opt/airflow/dags/wordcount_dag.py
[2025-05-02T07:36:56.040+0000] {processor.py:925} INFO - DAG(s) 'news_dag' retrieved from /opt/airflow/dags/wordcount_dag.py
[2025-05-02T07:36:56.048+0000] {logging_mixin.py:190} INFO - [2025-05-02T07:36:56.048+0000] {dag.py:3239} INFO - Sync 1 DAGs
[2025-05-02T07:36:56.052+0000] {logging_mixin.py:190} INFO - [2025-05-02T07:36:56.052+0000] {dag.py:4180} INFO - Setting next_dagrun for news_dag to None, run_after=None
[2025-05-02T07:36:56.058+0000] {processor.py:208} INFO - Processing /opt/airflow/dags/wordcount_dag.py took 0.153 seconds
[2025-05-02T07:37:26.427+0000] {processor.py:186} INFO - Started process (PID=575) to work on /opt/airflow/dags/wordcount_dag.py
[2025-05-02T07:37:26.427+0000] {processor.py:914} INFO - Processing file /opt/airflow/dags/wordcount_dag.py for tasks to queue
[2025-05-02T07:37:26.428+0000] {logging_mixin.py:190} INFO - [2025-05-02T07:37:26.428+0000] {dagbag.py:588} INFO - Filling up the DagBag from /opt/airflow/dags/wordcount_dag.py
[2025-05-02T07:37:26.583+0000] {processor.py:925} INFO - DAG(s) 'news_dag' retrieved from /opt/airflow/dags/wordcount_dag.py
[2025-05-02T07:37:26.593+0000] {logging_mixin.py:190} INFO - [2025-05-02T07:37:26.593+0000] {dag.py:3239} INFO - Sync 1 DAGs
[2025-05-02T07:37:26.597+0000] {logging_mixin.py:190} INFO - [2025-05-02T07:37:26.597+0000] {dag.py:4180} INFO - Setting next_dagrun for news_dag to None, run_after=None
[2025-05-02T07:37:26.605+0000] {processor.py:208} INFO - Processing /opt/airflow/dags/wordcount_dag.py took 0.182 seconds
[2025-05-02T07:37:56.867+0000] {processor.py:186} INFO - Started process (PID=579) to work on /opt/airflow/dags/wordcount_dag.py
[2025-05-02T07:37:56.867+0000] {processor.py:914} INFO - Processing file /opt/airflow/dags/wordcount_dag.py for tasks to queue
[2025-05-02T07:37:56.868+0000] {logging_mixin.py:190} INFO - [2025-05-02T07:37:56.868+0000] {dagbag.py:588} INFO - Filling up the DagBag from /opt/airflow/dags/wordcount_dag.py
[2025-05-02T07:37:57.020+0000] {processor.py:925} INFO - DAG(s) 'news_dag' retrieved from /opt/airflow/dags/wordcount_dag.py
[2025-05-02T07:37:57.029+0000] {logging_mixin.py:190} INFO - [2025-05-02T07:37:57.029+0000] {dag.py:3239} INFO - Sync 1 DAGs
[2025-05-02T07:37:57.033+0000] {logging_mixin.py:190} INFO - [2025-05-02T07:37:57.033+0000] {dag.py:4180} INFO - Setting next_dagrun for news_dag to None, run_after=None
[2025-05-02T07:37:57.040+0000] {processor.py:208} INFO - Processing /opt/airflow/dags/wordcount_dag.py took 0.176 seconds
[2025-05-02T07:38:27.310+0000] {processor.py:186} INFO - Started process (PID=587) to work on /opt/airflow/dags/wordcount_dag.py
[2025-05-02T07:38:27.311+0000] {processor.py:914} INFO - Processing file /opt/airflow/dags/wordcount_dag.py for tasks to queue
[2025-05-02T07:38:27.312+0000] {logging_mixin.py:190} INFO - [2025-05-02T07:38:27.312+0000] {dagbag.py:588} INFO - Filling up the DagBag from /opt/airflow/dags/wordcount_dag.py
[2025-05-02T07:38:27.475+0000] {processor.py:925} INFO - DAG(s) 'news_dag' retrieved from /opt/airflow/dags/wordcount_dag.py
[2025-05-02T07:38:27.486+0000] {logging_mixin.py:190} INFO - [2025-05-02T07:38:27.485+0000] {dag.py:3239} INFO - Sync 1 DAGs
[2025-05-02T07:38:27.492+0000] {logging_mixin.py:190} INFO - [2025-05-02T07:38:27.492+0000] {dag.py:4180} INFO - Setting next_dagrun for news_dag to None, run_after=None
[2025-05-02T07:38:27.502+0000] {processor.py:208} INFO - Processing /opt/airflow/dags/wordcount_dag.py took 0.195 seconds
[2025-05-02T07:38:57.860+0000] {processor.py:186} INFO - Started process (PID=591) to work on /opt/airflow/dags/wordcount_dag.py
[2025-05-02T07:38:57.861+0000] {processor.py:914} INFO - Processing file /opt/airflow/dags/wordcount_dag.py for tasks to queue
[2025-05-02T07:38:57.861+0000] {logging_mixin.py:190} INFO - [2025-05-02T07:38:57.861+0000] {dagbag.py:588} INFO - Filling up the DagBag from /opt/airflow/dags/wordcount_dag.py
[2025-05-02T07:38:58.008+0000] {processor.py:925} INFO - DAG(s) 'news_dag' retrieved from /opt/airflow/dags/wordcount_dag.py
[2025-05-02T07:38:58.016+0000] {logging_mixin.py:190} INFO - [2025-05-02T07:38:58.016+0000] {dag.py:3239} INFO - Sync 1 DAGs
[2025-05-02T07:38:58.021+0000] {logging_mixin.py:190} INFO - [2025-05-02T07:38:58.021+0000] {dag.py:4180} INFO - Setting next_dagrun for news_dag to None, run_after=None
[2025-05-02T07:38:58.028+0000] {processor.py:208} INFO - Processing /opt/airflow/dags/wordcount_dag.py took 0.171 seconds
[2025-05-02T07:39:28.227+0000] {processor.py:186} INFO - Started process (PID=595) to work on /opt/airflow/dags/wordcount_dag.py
[2025-05-02T07:39:28.228+0000] {processor.py:914} INFO - Processing file /opt/airflow/dags/wordcount_dag.py for tasks to queue
[2025-05-02T07:39:28.229+0000] {logging_mixin.py:190} INFO - [2025-05-02T07:39:28.229+0000] {dagbag.py:588} INFO - Filling up the DagBag from /opt/airflow/dags/wordcount_dag.py
[2025-05-02T07:39:28.388+0000] {processor.py:925} INFO - DAG(s) 'news_dag' retrieved from /opt/airflow/dags/wordcount_dag.py
[2025-05-02T07:39:28.397+0000] {logging_mixin.py:190} INFO - [2025-05-02T07:39:28.396+0000] {dag.py:3239} INFO - Sync 1 DAGs
[2025-05-02T07:39:28.402+0000] {logging_mixin.py:190} INFO - [2025-05-02T07:39:28.402+0000] {dag.py:4180} INFO - Setting next_dagrun for news_dag to None, run_after=None
[2025-05-02T07:39:28.410+0000] {processor.py:208} INFO - Processing /opt/airflow/dags/wordcount_dag.py took 0.187 seconds
[2025-05-02T07:39:58.618+0000] {processor.py:186} INFO - Started process (PID=599) to work on /opt/airflow/dags/wordcount_dag.py
[2025-05-02T07:39:58.618+0000] {processor.py:914} INFO - Processing file /opt/airflow/dags/wordcount_dag.py for tasks to queue
[2025-05-02T07:39:58.619+0000] {logging_mixin.py:190} INFO - [2025-05-02T07:39:58.619+0000] {dagbag.py:588} INFO - Filling up the DagBag from /opt/airflow/dags/wordcount_dag.py
[2025-05-02T07:39:58.781+0000] {processor.py:925} INFO - DAG(s) 'news_dag' retrieved from /opt/airflow/dags/wordcount_dag.py
[2025-05-02T07:39:58.791+0000] {logging_mixin.py:190} INFO - [2025-05-02T07:39:58.790+0000] {dag.py:3239} INFO - Sync 1 DAGs
[2025-05-02T07:39:58.796+0000] {logging_mixin.py:190} INFO - [2025-05-02T07:39:58.796+0000] {dag.py:4180} INFO - Setting next_dagrun for news_dag to None, run_after=None
[2025-05-02T07:39:58.805+0000] {processor.py:208} INFO - Processing /opt/airflow/dags/wordcount_dag.py took 0.190 seconds
[2025-05-02T07:40:29.022+0000] {processor.py:186} INFO - Started process (PID=603) to work on /opt/airflow/dags/wordcount_dag.py
[2025-05-02T07:40:29.023+0000] {processor.py:914} INFO - Processing file /opt/airflow/dags/wordcount_dag.py for tasks to queue
[2025-05-02T07:40:29.023+0000] {logging_mixin.py:190} INFO - [2025-05-02T07:40:29.023+0000] {dagbag.py:588} INFO - Filling up the DagBag from /opt/airflow/dags/wordcount_dag.py
[2025-05-02T07:40:29.185+0000] {processor.py:925} INFO - DAG(s) 'news_dag' retrieved from /opt/airflow/dags/wordcount_dag.py
[2025-05-02T07:40:29.196+0000] {logging_mixin.py:190} INFO - [2025-05-02T07:40:29.196+0000] {dag.py:3239} INFO - Sync 1 DAGs
[2025-05-02T07:40:29.201+0000] {logging_mixin.py:190} INFO - [2025-05-02T07:40:29.201+0000] {dag.py:4180} INFO - Setting next_dagrun for news_dag to None, run_after=None
[2025-05-02T07:40:29.210+0000] {processor.py:208} INFO - Processing /opt/airflow/dags/wordcount_dag.py took 0.192 seconds
[2025-05-02T07:40:59.427+0000] {processor.py:186} INFO - Started process (PID=607) to work on /opt/airflow/dags/wordcount_dag.py
[2025-05-02T07:40:59.428+0000] {processor.py:914} INFO - Processing file /opt/airflow/dags/wordcount_dag.py for tasks to queue
[2025-05-02T07:40:59.428+0000] {logging_mixin.py:190} INFO - [2025-05-02T07:40:59.428+0000] {dagbag.py:588} INFO - Filling up the DagBag from /opt/airflow/dags/wordcount_dag.py
[2025-05-02T07:40:59.587+0000] {processor.py:925} INFO - DAG(s) 'news_dag' retrieved from /opt/airflow/dags/wordcount_dag.py
[2025-05-02T07:40:59.595+0000] {logging_mixin.py:190} INFO - [2025-05-02T07:40:59.595+0000] {dag.py:3239} INFO - Sync 1 DAGs
[2025-05-02T07:40:59.600+0000] {logging_mixin.py:190} INFO - [2025-05-02T07:40:59.600+0000] {dag.py:4180} INFO - Setting next_dagrun for news_dag to None, run_after=None
[2025-05-02T07:40:59.611+0000] {processor.py:208} INFO - Processing /opt/airflow/dags/wordcount_dag.py took 0.187 seconds
[2025-05-02T07:41:29.906+0000] {processor.py:186} INFO - Started process (PID=611) to work on /opt/airflow/dags/wordcount_dag.py
[2025-05-02T07:41:29.907+0000] {processor.py:914} INFO - Processing file /opt/airflow/dags/wordcount_dag.py for tasks to queue
[2025-05-02T07:41:29.908+0000] {logging_mixin.py:190} INFO - [2025-05-02T07:41:29.907+0000] {dagbag.py:588} INFO - Filling up the DagBag from /opt/airflow/dags/wordcount_dag.py
[2025-05-02T07:41:30.068+0000] {processor.py:925} INFO - DAG(s) 'news_dag' retrieved from /opt/airflow/dags/wordcount_dag.py
[2025-05-02T07:41:30.080+0000] {logging_mixin.py:190} INFO - [2025-05-02T07:41:30.079+0000] {dag.py:3239} INFO - Sync 1 DAGs
[2025-05-02T07:41:30.087+0000] {logging_mixin.py:190} INFO - [2025-05-02T07:41:30.086+0000] {dag.py:4180} INFO - Setting next_dagrun for news_dag to None, run_after=None
[2025-05-02T07:41:30.094+0000] {processor.py:208} INFO - Processing /opt/airflow/dags/wordcount_dag.py took 0.191 seconds
[2025-05-02T07:42:00.432+0000] {processor.py:186} INFO - Started process (PID=615) to work on /opt/airflow/dags/wordcount_dag.py
[2025-05-02T07:42:00.432+0000] {processor.py:914} INFO - Processing file /opt/airflow/dags/wordcount_dag.py for tasks to queue
[2025-05-02T07:42:00.433+0000] {logging_mixin.py:190} INFO - [2025-05-02T07:42:00.433+0000] {dagbag.py:588} INFO - Filling up the DagBag from /opt/airflow/dags/wordcount_dag.py
[2025-05-02T07:42:00.570+0000] {processor.py:925} INFO - DAG(s) 'news_dag' retrieved from /opt/airflow/dags/wordcount_dag.py
[2025-05-02T07:42:00.578+0000] {logging_mixin.py:190} INFO - [2025-05-02T07:42:00.578+0000] {dag.py:3239} INFO - Sync 1 DAGs
[2025-05-02T07:42:00.583+0000] {logging_mixin.py:190} INFO - [2025-05-02T07:42:00.583+0000] {dag.py:4180} INFO - Setting next_dagrun for news_dag to None, run_after=None
[2025-05-02T07:42:00.589+0000] {processor.py:208} INFO - Processing /opt/airflow/dags/wordcount_dag.py took 0.160 seconds
[2025-05-02T07:42:30.936+0000] {processor.py:186} INFO - Started process (PID=619) to work on /opt/airflow/dags/wordcount_dag.py
[2025-05-02T07:42:30.937+0000] {processor.py:914} INFO - Processing file /opt/airflow/dags/wordcount_dag.py for tasks to queue
[2025-05-02T07:42:30.938+0000] {logging_mixin.py:190} INFO - [2025-05-02T07:42:30.937+0000] {dagbag.py:588} INFO - Filling up the DagBag from /opt/airflow/dags/wordcount_dag.py
[2025-05-02T07:42:31.072+0000] {processor.py:925} INFO - DAG(s) 'news_dag' retrieved from /opt/airflow/dags/wordcount_dag.py
[2025-05-02T07:42:31.080+0000] {logging_mixin.py:190} INFO - [2025-05-02T07:42:31.080+0000] {dag.py:3239} INFO - Sync 1 DAGs
[2025-05-02T07:42:31.084+0000] {logging_mixin.py:190} INFO - [2025-05-02T07:42:31.084+0000] {dag.py:4180} INFO - Setting next_dagrun for news_dag to None, run_after=None
[2025-05-02T07:42:31.090+0000] {processor.py:208} INFO - Processing /opt/airflow/dags/wordcount_dag.py took 0.158 seconds
[2025-05-02T07:43:01.479+0000] {processor.py:186} INFO - Started process (PID=623) to work on /opt/airflow/dags/wordcount_dag.py
[2025-05-02T07:43:01.479+0000] {processor.py:914} INFO - Processing file /opt/airflow/dags/wordcount_dag.py for tasks to queue
[2025-05-02T07:43:01.480+0000] {logging_mixin.py:190} INFO - [2025-05-02T07:43:01.479+0000] {dagbag.py:588} INFO - Filling up the DagBag from /opt/airflow/dags/wordcount_dag.py
[2025-05-02T07:43:01.626+0000] {processor.py:925} INFO - DAG(s) 'news_dag' retrieved from /opt/airflow/dags/wordcount_dag.py
[2025-05-02T07:43:01.635+0000] {logging_mixin.py:190} INFO - [2025-05-02T07:43:01.635+0000] {dag.py:3239} INFO - Sync 1 DAGs
[2025-05-02T07:43:01.640+0000] {logging_mixin.py:190} INFO - [2025-05-02T07:43:01.639+0000] {dag.py:4180} INFO - Setting next_dagrun for news_dag to None, run_after=None
[2025-05-02T07:43:01.647+0000] {processor.py:208} INFO - Processing /opt/airflow/dags/wordcount_dag.py took 0.172 seconds
[2025-05-02T07:43:32.076+0000] {processor.py:186} INFO - Started process (PID=627) to work on /opt/airflow/dags/wordcount_dag.py
[2025-05-02T07:43:32.076+0000] {processor.py:914} INFO - Processing file /opt/airflow/dags/wordcount_dag.py for tasks to queue
[2025-05-02T07:43:32.077+0000] {logging_mixin.py:190} INFO - [2025-05-02T07:43:32.077+0000] {dagbag.py:588} INFO - Filling up the DagBag from /opt/airflow/dags/wordcount_dag.py
[2025-05-02T07:43:32.208+0000] {processor.py:925} INFO - DAG(s) 'news_dag' retrieved from /opt/airflow/dags/wordcount_dag.py
[2025-05-02T07:43:32.216+0000] {logging_mixin.py:190} INFO - [2025-05-02T07:43:32.216+0000] {dag.py:3239} INFO - Sync 1 DAGs
[2025-05-02T07:43:32.220+0000] {logging_mixin.py:190} INFO - [2025-05-02T07:43:32.220+0000] {dag.py:4180} INFO - Setting next_dagrun for news_dag to None, run_after=None
[2025-05-02T07:43:32.225+0000] {processor.py:208} INFO - Processing /opt/airflow/dags/wordcount_dag.py took 0.153 seconds
[2025-05-02T07:44:02.690+0000] {processor.py:186} INFO - Started process (PID=631) to work on /opt/airflow/dags/wordcount_dag.py
[2025-05-02T07:44:02.690+0000] {processor.py:914} INFO - Processing file /opt/airflow/dags/wordcount_dag.py for tasks to queue
[2025-05-02T07:44:02.691+0000] {logging_mixin.py:190} INFO - [2025-05-02T07:44:02.691+0000] {dagbag.py:588} INFO - Filling up the DagBag from /opt/airflow/dags/wordcount_dag.py
[2025-05-02T07:44:02.826+0000] {processor.py:925} INFO - DAG(s) 'news_dag' retrieved from /opt/airflow/dags/wordcount_dag.py
[2025-05-02T07:44:02.833+0000] {logging_mixin.py:190} INFO - [2025-05-02T07:44:02.833+0000] {dag.py:3239} INFO - Sync 1 DAGs
[2025-05-02T07:44:02.838+0000] {logging_mixin.py:190} INFO - [2025-05-02T07:44:02.838+0000] {dag.py:4180} INFO - Setting next_dagrun for news_dag to None, run_after=None
[2025-05-02T07:44:02.843+0000] {processor.py:208} INFO - Processing /opt/airflow/dags/wordcount_dag.py took 0.156 seconds
[2025-05-02T07:44:33.343+0000] {processor.py:186} INFO - Started process (PID=635) to work on /opt/airflow/dags/wordcount_dag.py
[2025-05-02T07:44:33.344+0000] {processor.py:914} INFO - Processing file /opt/airflow/dags/wordcount_dag.py for tasks to queue
[2025-05-02T07:44:33.345+0000] {logging_mixin.py:190} INFO - [2025-05-02T07:44:33.345+0000] {dagbag.py:588} INFO - Filling up the DagBag from /opt/airflow/dags/wordcount_dag.py
[2025-05-02T07:44:33.483+0000] {processor.py:925} INFO - DAG(s) 'news_dag' retrieved from /opt/airflow/dags/wordcount_dag.py
[2025-05-02T07:44:33.493+0000] {logging_mixin.py:190} INFO - [2025-05-02T07:44:33.493+0000] {dag.py:3239} INFO - Sync 1 DAGs
[2025-05-02T07:44:33.498+0000] {logging_mixin.py:190} INFO - [2025-05-02T07:44:33.498+0000] {dag.py:4180} INFO - Setting next_dagrun for news_dag to None, run_after=None
[2025-05-02T07:44:33.505+0000] {processor.py:208} INFO - Processing /opt/airflow/dags/wordcount_dag.py took 0.165 seconds
[2025-05-02T07:45:03.913+0000] {processor.py:186} INFO - Started process (PID=639) to work on /opt/airflow/dags/wordcount_dag.py
[2025-05-02T07:45:03.914+0000] {processor.py:914} INFO - Processing file /opt/airflow/dags/wordcount_dag.py for tasks to queue
[2025-05-02T07:45:03.914+0000] {logging_mixin.py:190} INFO - [2025-05-02T07:45:03.914+0000] {dagbag.py:588} INFO - Filling up the DagBag from /opt/airflow/dags/wordcount_dag.py
[2025-05-02T07:45:04.050+0000] {processor.py:925} INFO - DAG(s) 'news_dag' retrieved from /opt/airflow/dags/wordcount_dag.py
[2025-05-02T07:45:04.058+0000] {logging_mixin.py:190} INFO - [2025-05-02T07:45:04.058+0000] {dag.py:3239} INFO - Sync 1 DAGs
[2025-05-02T07:45:04.063+0000] {logging_mixin.py:190} INFO - [2025-05-02T07:45:04.063+0000] {dag.py:4180} INFO - Setting next_dagrun for news_dag to None, run_after=None
[2025-05-02T07:45:04.069+0000] {processor.py:208} INFO - Processing /opt/airflow/dags/wordcount_dag.py took 0.159 seconds
[2025-05-02T07:45:34.544+0000] {processor.py:186} INFO - Started process (PID=643) to work on /opt/airflow/dags/wordcount_dag.py
[2025-05-02T07:45:34.545+0000] {processor.py:914} INFO - Processing file /opt/airflow/dags/wordcount_dag.py for tasks to queue
[2025-05-02T07:45:34.545+0000] {logging_mixin.py:190} INFO - [2025-05-02T07:45:34.545+0000] {dagbag.py:588} INFO - Filling up the DagBag from /opt/airflow/dags/wordcount_dag.py
[2025-05-02T07:45:34.676+0000] {processor.py:925} INFO - DAG(s) 'news_dag' retrieved from /opt/airflow/dags/wordcount_dag.py
[2025-05-02T07:45:34.684+0000] {logging_mixin.py:190} INFO - [2025-05-02T07:45:34.683+0000] {dag.py:3239} INFO - Sync 1 DAGs
[2025-05-02T07:45:34.688+0000] {logging_mixin.py:190} INFO - [2025-05-02T07:45:34.688+0000] {dag.py:4180} INFO - Setting next_dagrun for news_dag to None, run_after=None
[2025-05-02T07:45:34.693+0000] {processor.py:208} INFO - Processing /opt/airflow/dags/wordcount_dag.py took 0.152 seconds
[2025-05-02T07:46:05.202+0000] {processor.py:186} INFO - Started process (PID=647) to work on /opt/airflow/dags/wordcount_dag.py
[2025-05-02T07:46:05.203+0000] {processor.py:914} INFO - Processing file /opt/airflow/dags/wordcount_dag.py for tasks to queue
[2025-05-02T07:46:05.203+0000] {logging_mixin.py:190} INFO - [2025-05-02T07:46:05.203+0000] {dagbag.py:588} INFO - Filling up the DagBag from /opt/airflow/dags/wordcount_dag.py
[2025-05-02T07:46:05.333+0000] {processor.py:925} INFO - DAG(s) 'news_dag' retrieved from /opt/airflow/dags/wordcount_dag.py
[2025-05-02T07:46:05.341+0000] {logging_mixin.py:190} INFO - [2025-05-02T07:46:05.341+0000] {dag.py:3239} INFO - Sync 1 DAGs
[2025-05-02T07:46:05.345+0000] {logging_mixin.py:190} INFO - [2025-05-02T07:46:05.345+0000] {dag.py:4180} INFO - Setting next_dagrun for news_dag to None, run_after=None
[2025-05-02T07:46:05.351+0000] {processor.py:208} INFO - Processing /opt/airflow/dags/wordcount_dag.py took 0.153 seconds
[2025-05-02T07:46:35.858+0000] {processor.py:186} INFO - Started process (PID=651) to work on /opt/airflow/dags/wordcount_dag.py
[2025-05-02T07:46:35.859+0000] {processor.py:914} INFO - Processing file /opt/airflow/dags/wordcount_dag.py for tasks to queue
[2025-05-02T07:46:35.860+0000] {logging_mixin.py:190} INFO - [2025-05-02T07:46:35.859+0000] {dagbag.py:588} INFO - Filling up the DagBag from /opt/airflow/dags/wordcount_dag.py
[2025-05-02T07:46:35.989+0000] {processor.py:925} INFO - DAG(s) 'news_dag' retrieved from /opt/airflow/dags/wordcount_dag.py
[2025-05-02T07:46:35.997+0000] {logging_mixin.py:190} INFO - [2025-05-02T07:46:35.997+0000] {dag.py:3239} INFO - Sync 1 DAGs
[2025-05-02T07:46:36.001+0000] {logging_mixin.py:190} INFO - [2025-05-02T07:46:36.001+0000] {dag.py:4180} INFO - Setting next_dagrun for news_dag to None, run_after=None
[2025-05-02T07:46:36.007+0000] {processor.py:208} INFO - Processing /opt/airflow/dags/wordcount_dag.py took 0.153 seconds
[2025-05-02T07:47:06.567+0000] {processor.py:186} INFO - Started process (PID=655) to work on /opt/airflow/dags/wordcount_dag.py
[2025-05-02T07:47:06.568+0000] {processor.py:914} INFO - Processing file /opt/airflow/dags/wordcount_dag.py for tasks to queue
[2025-05-02T07:47:06.568+0000] {logging_mixin.py:190} INFO - [2025-05-02T07:47:06.568+0000] {dagbag.py:588} INFO - Filling up the DagBag from /opt/airflow/dags/wordcount_dag.py
[2025-05-02T07:47:06.708+0000] {processor.py:925} INFO - DAG(s) 'news_dag' retrieved from /opt/airflow/dags/wordcount_dag.py
[2025-05-02T07:47:06.716+0000] {logging_mixin.py:190} INFO - [2025-05-02T07:47:06.716+0000] {dag.py:3239} INFO - Sync 1 DAGs
[2025-05-02T07:47:06.721+0000] {logging_mixin.py:190} INFO - [2025-05-02T07:47:06.721+0000] {dag.py:4180} INFO - Setting next_dagrun for news_dag to None, run_after=None
[2025-05-02T07:47:06.727+0000] {processor.py:208} INFO - Processing /opt/airflow/dags/wordcount_dag.py took 0.163 seconds
[2025-05-02T07:47:37.242+0000] {processor.py:186} INFO - Started process (PID=659) to work on /opt/airflow/dags/wordcount_dag.py
[2025-05-02T07:47:37.243+0000] {processor.py:914} INFO - Processing file /opt/airflow/dags/wordcount_dag.py for tasks to queue
[2025-05-02T07:47:37.244+0000] {logging_mixin.py:190} INFO - [2025-05-02T07:47:37.244+0000] {dagbag.py:588} INFO - Filling up the DagBag from /opt/airflow/dags/wordcount_dag.py
[2025-05-02T07:47:37.401+0000] {processor.py:925} INFO - DAG(s) 'news_dag' retrieved from /opt/airflow/dags/wordcount_dag.py
[2025-05-02T07:47:37.409+0000] {logging_mixin.py:190} INFO - [2025-05-02T07:47:37.409+0000] {dag.py:3239} INFO - Sync 1 DAGs
[2025-05-02T07:47:37.414+0000] {logging_mixin.py:190} INFO - [2025-05-02T07:47:37.414+0000] {dag.py:4180} INFO - Setting next_dagrun for news_dag to None, run_after=None
[2025-05-02T07:47:37.421+0000] {processor.py:208} INFO - Processing /opt/airflow/dags/wordcount_dag.py took 0.181 seconds
[2025-05-02T07:48:07.809+0000] {processor.py:186} INFO - Started process (PID=663) to work on /opt/airflow/dags/wordcount_dag.py
[2025-05-02T07:48:07.810+0000] {processor.py:914} INFO - Processing file /opt/airflow/dags/wordcount_dag.py for tasks to queue
[2025-05-02T07:48:07.811+0000] {logging_mixin.py:190} INFO - [2025-05-02T07:48:07.811+0000] {dagbag.py:588} INFO - Filling up the DagBag from /opt/airflow/dags/wordcount_dag.py
[2025-05-02T07:48:07.942+0000] {processor.py:925} INFO - DAG(s) 'news_dag' retrieved from /opt/airflow/dags/wordcount_dag.py
[2025-05-02T07:48:07.950+0000] {logging_mixin.py:190} INFO - [2025-05-02T07:48:07.950+0000] {dag.py:3239} INFO - Sync 1 DAGs
[2025-05-02T07:48:07.955+0000] {logging_mixin.py:190} INFO - [2025-05-02T07:48:07.954+0000] {dag.py:4180} INFO - Setting next_dagrun for news_dag to None, run_after=None
[2025-05-02T07:48:07.961+0000] {processor.py:208} INFO - Processing /opt/airflow/dags/wordcount_dag.py took 0.155 seconds
[2025-05-02T07:48:38.367+0000] {processor.py:186} INFO - Started process (PID=667) to work on /opt/airflow/dags/wordcount_dag.py
[2025-05-02T07:48:38.367+0000] {processor.py:914} INFO - Processing file /opt/airflow/dags/wordcount_dag.py for tasks to queue
[2025-05-02T07:48:38.368+0000] {logging_mixin.py:190} INFO - [2025-05-02T07:48:38.368+0000] {dagbag.py:588} INFO - Filling up the DagBag from /opt/airflow/dags/wordcount_dag.py
[2025-05-02T07:48:38.505+0000] {processor.py:925} INFO - DAG(s) 'news_dag' retrieved from /opt/airflow/dags/wordcount_dag.py
[2025-05-02T07:48:38.513+0000] {logging_mixin.py:190} INFO - [2025-05-02T07:48:38.513+0000] {dag.py:3239} INFO - Sync 1 DAGs
[2025-05-02T07:48:38.517+0000] {logging_mixin.py:190} INFO - [2025-05-02T07:48:38.517+0000] {dag.py:4180} INFO - Setting next_dagrun for news_dag to None, run_after=None
[2025-05-02T07:48:38.523+0000] {processor.py:208} INFO - Processing /opt/airflow/dags/wordcount_dag.py took 0.160 seconds
[2025-05-02T07:49:08.973+0000] {processor.py:186} INFO - Started process (PID=671) to work on /opt/airflow/dags/wordcount_dag.py
[2025-05-02T07:49:08.974+0000] {processor.py:914} INFO - Processing file /opt/airflow/dags/wordcount_dag.py for tasks to queue
[2025-05-02T07:49:08.974+0000] {logging_mixin.py:190} INFO - [2025-05-02T07:49:08.974+0000] {dagbag.py:588} INFO - Filling up the DagBag from /opt/airflow/dags/wordcount_dag.py
[2025-05-02T07:49:09.106+0000] {processor.py:925} INFO - DAG(s) 'news_dag' retrieved from /opt/airflow/dags/wordcount_dag.py
[2025-05-02T07:49:09.114+0000] {logging_mixin.py:190} INFO - [2025-05-02T07:49:09.114+0000] {dag.py:3239} INFO - Sync 1 DAGs
[2025-05-02T07:49:09.119+0000] {logging_mixin.py:190} INFO - [2025-05-02T07:49:09.119+0000] {dag.py:4180} INFO - Setting next_dagrun for news_dag to None, run_after=None
[2025-05-02T07:49:09.125+0000] {processor.py:208} INFO - Processing /opt/airflow/dags/wordcount_dag.py took 0.155 seconds
[2025-05-02T07:49:39.481+0000] {processor.py:186} INFO - Started process (PID=675) to work on /opt/airflow/dags/wordcount_dag.py
[2025-05-02T07:49:39.481+0000] {processor.py:914} INFO - Processing file /opt/airflow/dags/wordcount_dag.py for tasks to queue
[2025-05-02T07:49:39.482+0000] {logging_mixin.py:190} INFO - [2025-05-02T07:49:39.482+0000] {dagbag.py:588} INFO - Filling up the DagBag from /opt/airflow/dags/wordcount_dag.py
[2025-05-02T07:49:39.611+0000] {processor.py:925} INFO - DAG(s) 'news_dag' retrieved from /opt/airflow/dags/wordcount_dag.py
[2025-05-02T07:49:39.619+0000] {logging_mixin.py:190} INFO - [2025-05-02T07:49:39.618+0000] {dag.py:3239} INFO - Sync 1 DAGs
[2025-05-02T07:49:39.623+0000] {logging_mixin.py:190} INFO - [2025-05-02T07:49:39.623+0000] {dag.py:4180} INFO - Setting next_dagrun for news_dag to None, run_after=None
[2025-05-02T07:49:39.630+0000] {processor.py:208} INFO - Processing /opt/airflow/dags/wordcount_dag.py took 0.152 seconds
[2025-05-02T07:50:09.941+0000] {processor.py:186} INFO - Started process (PID=679) to work on /opt/airflow/dags/wordcount_dag.py
[2025-05-02T07:50:09.942+0000] {processor.py:914} INFO - Processing file /opt/airflow/dags/wordcount_dag.py for tasks to queue
[2025-05-02T07:50:09.942+0000] {logging_mixin.py:190} INFO - [2025-05-02T07:50:09.942+0000] {dagbag.py:588} INFO - Filling up the DagBag from /opt/airflow/dags/wordcount_dag.py
[2025-05-02T07:50:10.083+0000] {processor.py:925} INFO - DAG(s) 'news_dag' retrieved from /opt/airflow/dags/wordcount_dag.py
[2025-05-02T07:50:10.091+0000] {logging_mixin.py:190} INFO - [2025-05-02T07:50:10.091+0000] {dag.py:3239} INFO - Sync 1 DAGs
[2025-05-02T07:50:10.096+0000] {logging_mixin.py:190} INFO - [2025-05-02T07:50:10.096+0000] {dag.py:4180} INFO - Setting next_dagrun for news_dag to None, run_after=None
[2025-05-02T07:50:10.102+0000] {processor.py:208} INFO - Processing /opt/airflow/dags/wordcount_dag.py took 0.164 seconds
[2025-05-02T07:50:40.392+0000] {processor.py:186} INFO - Started process (PID=683) to work on /opt/airflow/dags/wordcount_dag.py
[2025-05-02T07:50:40.392+0000] {processor.py:914} INFO - Processing file /opt/airflow/dags/wordcount_dag.py for tasks to queue
[2025-05-02T07:50:40.393+0000] {logging_mixin.py:190} INFO - [2025-05-02T07:50:40.393+0000] {dagbag.py:588} INFO - Filling up the DagBag from /opt/airflow/dags/wordcount_dag.py
[2025-05-02T07:50:40.531+0000] {processor.py:925} INFO - DAG(s) 'news_dag' retrieved from /opt/airflow/dags/wordcount_dag.py
[2025-05-02T07:50:40.540+0000] {logging_mixin.py:190} INFO - [2025-05-02T07:50:40.540+0000] {dag.py:3239} INFO - Sync 1 DAGs
[2025-05-02T07:50:40.546+0000] {logging_mixin.py:190} INFO - [2025-05-02T07:50:40.546+0000] {dag.py:4180} INFO - Setting next_dagrun for news_dag to None, run_after=None
[2025-05-02T07:50:40.553+0000] {processor.py:208} INFO - Processing /opt/airflow/dags/wordcount_dag.py took 0.164 seconds
[2025-05-02T07:51:10.902+0000] {processor.py:186} INFO - Started process (PID=687) to work on /opt/airflow/dags/wordcount_dag.py
[2025-05-02T07:51:10.903+0000] {processor.py:914} INFO - Processing file /opt/airflow/dags/wordcount_dag.py for tasks to queue
[2025-05-02T07:51:10.903+0000] {logging_mixin.py:190} INFO - [2025-05-02T07:51:10.903+0000] {dagbag.py:588} INFO - Filling up the DagBag from /opt/airflow/dags/wordcount_dag.py
[2025-05-02T07:51:11.045+0000] {processor.py:925} INFO - DAG(s) 'news_dag' retrieved from /opt/airflow/dags/wordcount_dag.py
[2025-05-02T07:51:11.055+0000] {logging_mixin.py:190} INFO - [2025-05-02T07:51:11.055+0000] {dag.py:3239} INFO - Sync 1 DAGs
[2025-05-02T07:51:11.060+0000] {logging_mixin.py:190} INFO - [2025-05-02T07:51:11.060+0000] {dag.py:4180} INFO - Setting next_dagrun for news_dag to None, run_after=None
[2025-05-02T07:51:11.066+0000] {processor.py:208} INFO - Processing /opt/airflow/dags/wordcount_dag.py took 0.168 seconds
[2025-05-02T07:51:41.390+0000] {processor.py:186} INFO - Started process (PID=691) to work on /opt/airflow/dags/wordcount_dag.py
[2025-05-02T07:51:41.390+0000] {processor.py:914} INFO - Processing file /opt/airflow/dags/wordcount_dag.py for tasks to queue
[2025-05-02T07:51:41.391+0000] {logging_mixin.py:190} INFO - [2025-05-02T07:51:41.391+0000] {dagbag.py:588} INFO - Filling up the DagBag from /opt/airflow/dags/wordcount_dag.py
[2025-05-02T07:51:41.520+0000] {processor.py:925} INFO - DAG(s) 'news_dag' retrieved from /opt/airflow/dags/wordcount_dag.py
[2025-05-02T07:51:41.528+0000] {logging_mixin.py:190} INFO - [2025-05-02T07:51:41.527+0000] {dag.py:3239} INFO - Sync 1 DAGs
[2025-05-02T07:51:41.532+0000] {logging_mixin.py:190} INFO - [2025-05-02T07:51:41.532+0000] {dag.py:4180} INFO - Setting next_dagrun for news_dag to None, run_after=None
[2025-05-02T07:51:41.537+0000] {processor.py:208} INFO - Processing /opt/airflow/dags/wordcount_dag.py took 0.151 seconds
[2025-05-02T07:52:11.797+0000] {processor.py:186} INFO - Started process (PID=695) to work on /opt/airflow/dags/wordcount_dag.py
[2025-05-02T07:52:11.797+0000] {processor.py:914} INFO - Processing file /opt/airflow/dags/wordcount_dag.py for tasks to queue
[2025-05-02T07:52:11.798+0000] {logging_mixin.py:190} INFO - [2025-05-02T07:52:11.798+0000] {dagbag.py:588} INFO - Filling up the DagBag from /opt/airflow/dags/wordcount_dag.py
[2025-05-02T07:52:11.951+0000] {processor.py:925} INFO - DAG(s) 'news_dag' retrieved from /opt/airflow/dags/wordcount_dag.py
[2025-05-02T07:52:11.959+0000] {logging_mixin.py:190} INFO - [2025-05-02T07:52:11.959+0000] {dag.py:3239} INFO - Sync 1 DAGs
[2025-05-02T07:52:11.964+0000] {logging_mixin.py:190} INFO - [2025-05-02T07:52:11.964+0000] {dag.py:4180} INFO - Setting next_dagrun for news_dag to None, run_after=None
[2025-05-02T07:52:11.976+0000] {processor.py:208} INFO - Processing /opt/airflow/dags/wordcount_dag.py took 0.182 seconds
[2025-05-02T07:52:42.334+0000] {processor.py:186} INFO - Started process (PID=699) to work on /opt/airflow/dags/wordcount_dag.py
[2025-05-02T07:52:42.334+0000] {processor.py:914} INFO - Processing file /opt/airflow/dags/wordcount_dag.py for tasks to queue
[2025-05-02T07:52:42.335+0000] {logging_mixin.py:190} INFO - [2025-05-02T07:52:42.335+0000] {dagbag.py:588} INFO - Filling up the DagBag from /opt/airflow/dags/wordcount_dag.py
[2025-05-02T07:52:42.468+0000] {processor.py:925} INFO - DAG(s) 'news_dag' retrieved from /opt/airflow/dags/wordcount_dag.py
[2025-05-02T07:52:42.476+0000] {logging_mixin.py:190} INFO - [2025-05-02T07:52:42.476+0000] {dag.py:3239} INFO - Sync 1 DAGs
[2025-05-02T07:52:42.481+0000] {logging_mixin.py:190} INFO - [2025-05-02T07:52:42.481+0000] {dag.py:4180} INFO - Setting next_dagrun for news_dag to None, run_after=None
[2025-05-02T07:52:42.487+0000] {processor.py:208} INFO - Processing /opt/airflow/dags/wordcount_dag.py took 0.156 seconds
[2025-05-02T07:53:12.850+0000] {processor.py:186} INFO - Started process (PID=703) to work on /opt/airflow/dags/wordcount_dag.py
[2025-05-02T07:53:12.851+0000] {processor.py:914} INFO - Processing file /opt/airflow/dags/wordcount_dag.py for tasks to queue
[2025-05-02T07:53:12.851+0000] {logging_mixin.py:190} INFO - [2025-05-02T07:53:12.851+0000] {dagbag.py:588} INFO - Filling up the DagBag from /opt/airflow/dags/wordcount_dag.py
[2025-05-02T07:53:12.995+0000] {processor.py:925} INFO - DAG(s) 'news_dag' retrieved from /opt/airflow/dags/wordcount_dag.py
[2025-05-02T07:53:13.003+0000] {logging_mixin.py:190} INFO - [2025-05-02T07:53:13.003+0000] {dag.py:3239} INFO - Sync 1 DAGs
[2025-05-02T07:53:13.008+0000] {logging_mixin.py:190} INFO - [2025-05-02T07:53:13.008+0000] {dag.py:4180} INFO - Setting next_dagrun for news_dag to None, run_after=None
[2025-05-02T07:53:13.014+0000] {processor.py:208} INFO - Processing /opt/airflow/dags/wordcount_dag.py took 0.167 seconds
[2025-05-02T07:53:43.191+0000] {processor.py:186} INFO - Started process (PID=707) to work on /opt/airflow/dags/wordcount_dag.py
[2025-05-02T07:53:43.192+0000] {processor.py:914} INFO - Processing file /opt/airflow/dags/wordcount_dag.py for tasks to queue
[2025-05-02T07:53:43.192+0000] {logging_mixin.py:190} INFO - [2025-05-02T07:53:43.192+0000] {dagbag.py:588} INFO - Filling up the DagBag from /opt/airflow/dags/wordcount_dag.py
[2025-05-02T07:53:43.359+0000] {processor.py:925} INFO - DAG(s) 'news_dag' retrieved from /opt/airflow/dags/wordcount_dag.py
[2025-05-02T07:53:43.370+0000] {logging_mixin.py:190} INFO - [2025-05-02T07:53:43.369+0000] {dag.py:3239} INFO - Sync 1 DAGs
[2025-05-02T07:53:43.375+0000] {logging_mixin.py:190} INFO - [2025-05-02T07:53:43.375+0000] {dag.py:4180} INFO - Setting next_dagrun for news_dag to None, run_after=None
[2025-05-02T07:53:43.384+0000] {processor.py:208} INFO - Processing /opt/airflow/dags/wordcount_dag.py took 0.196 seconds
[2025-05-02T07:54:13.609+0000] {processor.py:186} INFO - Started process (PID=711) to work on /opt/airflow/dags/wordcount_dag.py
[2025-05-02T07:54:13.610+0000] {processor.py:914} INFO - Processing file /opt/airflow/dags/wordcount_dag.py for tasks to queue
[2025-05-02T07:54:13.611+0000] {logging_mixin.py:190} INFO - [2025-05-02T07:54:13.610+0000] {dagbag.py:588} INFO - Filling up the DagBag from /opt/airflow/dags/wordcount_dag.py
[2025-05-02T07:54:13.766+0000] {processor.py:925} INFO - DAG(s) 'news_dag' retrieved from /opt/airflow/dags/wordcount_dag.py
[2025-05-02T07:54:13.773+0000] {logging_mixin.py:190} INFO - [2025-05-02T07:54:13.773+0000] {dag.py:3239} INFO - Sync 1 DAGs
[2025-05-02T07:54:13.777+0000] {logging_mixin.py:190} INFO - [2025-05-02T07:54:13.777+0000] {dag.py:4180} INFO - Setting next_dagrun for news_dag to None, run_after=None
[2025-05-02T07:54:13.785+0000] {processor.py:208} INFO - Processing /opt/airflow/dags/wordcount_dag.py took 0.179 seconds
[2025-05-02T07:54:44.102+0000] {processor.py:186} INFO - Started process (PID=715) to work on /opt/airflow/dags/wordcount_dag.py
[2025-05-02T07:54:44.102+0000] {processor.py:914} INFO - Processing file /opt/airflow/dags/wordcount_dag.py for tasks to queue
[2025-05-02T07:54:44.103+0000] {logging_mixin.py:190} INFO - [2025-05-02T07:54:44.103+0000] {dagbag.py:588} INFO - Filling up the DagBag from /opt/airflow/dags/wordcount_dag.py
[2025-05-02T07:54:44.243+0000] {processor.py:925} INFO - DAG(s) 'news_dag' retrieved from /opt/airflow/dags/wordcount_dag.py
[2025-05-02T07:54:44.250+0000] {logging_mixin.py:190} INFO - [2025-05-02T07:54:44.250+0000] {dag.py:3239} INFO - Sync 1 DAGs
[2025-05-02T07:54:44.254+0000] {logging_mixin.py:190} INFO - [2025-05-02T07:54:44.254+0000] {dag.py:4180} INFO - Setting next_dagrun for news_dag to None, run_after=None
[2025-05-02T07:54:44.260+0000] {processor.py:208} INFO - Processing /opt/airflow/dags/wordcount_dag.py took 0.162 seconds
[2025-05-02T07:55:14.695+0000] {processor.py:186} INFO - Started process (PID=719) to work on /opt/airflow/dags/wordcount_dag.py
[2025-05-02T07:55:14.695+0000] {processor.py:914} INFO - Processing file /opt/airflow/dags/wordcount_dag.py for tasks to queue
[2025-05-02T07:55:14.696+0000] {logging_mixin.py:190} INFO - [2025-05-02T07:55:14.696+0000] {dagbag.py:588} INFO - Filling up the DagBag from /opt/airflow/dags/wordcount_dag.py
[2025-05-02T07:55:14.845+0000] {processor.py:925} INFO - DAG(s) 'news_dag' retrieved from /opt/airflow/dags/wordcount_dag.py
[2025-05-02T07:55:14.853+0000] {logging_mixin.py:190} INFO - [2025-05-02T07:55:14.853+0000] {dag.py:3239} INFO - Sync 1 DAGs
[2025-05-02T07:55:14.858+0000] {logging_mixin.py:190} INFO - [2025-05-02T07:55:14.858+0000] {dag.py:4180} INFO - Setting next_dagrun for news_dag to None, run_after=None
[2025-05-02T07:55:14.864+0000] {processor.py:208} INFO - Processing /opt/airflow/dags/wordcount_dag.py took 0.172 seconds
[2025-05-02T07:55:45.213+0000] {processor.py:186} INFO - Started process (PID=723) to work on /opt/airflow/dags/wordcount_dag.py
[2025-05-02T07:55:45.214+0000] {processor.py:914} INFO - Processing file /opt/airflow/dags/wordcount_dag.py for tasks to queue
[2025-05-02T07:55:45.214+0000] {logging_mixin.py:190} INFO - [2025-05-02T07:55:45.214+0000] {dagbag.py:588} INFO - Filling up the DagBag from /opt/airflow/dags/wordcount_dag.py
[2025-05-02T07:55:45.358+0000] {processor.py:925} INFO - DAG(s) 'news_dag' retrieved from /opt/airflow/dags/wordcount_dag.py
[2025-05-02T07:55:45.366+0000] {logging_mixin.py:190} INFO - [2025-05-02T07:55:45.366+0000] {dag.py:3239} INFO - Sync 1 DAGs
[2025-05-02T07:55:45.371+0000] {logging_mixin.py:190} INFO - [2025-05-02T07:55:45.371+0000] {dag.py:4180} INFO - Setting next_dagrun for news_dag to None, run_after=None
[2025-05-02T07:55:45.376+0000] {processor.py:208} INFO - Processing /opt/airflow/dags/wordcount_dag.py took 0.166 seconds
[2025-05-02T07:56:15.877+0000] {processor.py:186} INFO - Started process (PID=728) to work on /opt/airflow/dags/wordcount_dag.py
[2025-05-02T07:56:15.878+0000] {processor.py:914} INFO - Processing file /opt/airflow/dags/wordcount_dag.py for tasks to queue
[2025-05-02T07:56:15.878+0000] {logging_mixin.py:190} INFO - [2025-05-02T07:56:15.878+0000] {dagbag.py:588} INFO - Filling up the DagBag from /opt/airflow/dags/wordcount_dag.py
[2025-05-02T07:56:16.031+0000] {processor.py:925} INFO - DAG(s) 'news_dag' retrieved from /opt/airflow/dags/wordcount_dag.py
[2025-05-02T07:56:16.040+0000] {logging_mixin.py:190} INFO - [2025-05-02T07:56:16.040+0000] {dag.py:3239} INFO - Sync 1 DAGs
[2025-05-02T07:56:16.045+0000] {logging_mixin.py:190} INFO - [2025-05-02T07:56:16.045+0000] {dag.py:4180} INFO - Setting next_dagrun for news_dag to None, run_after=None
[2025-05-02T07:56:16.052+0000] {processor.py:208} INFO - Processing /opt/airflow/dags/wordcount_dag.py took 0.179 seconds
[2025-05-02T07:56:46.257+0000] {processor.py:186} INFO - Started process (PID=732) to work on /opt/airflow/dags/wordcount_dag.py
[2025-05-02T07:56:46.258+0000] {processor.py:914} INFO - Processing file /opt/airflow/dags/wordcount_dag.py for tasks to queue
[2025-05-02T07:56:46.259+0000] {logging_mixin.py:190} INFO - [2025-05-02T07:56:46.259+0000] {dagbag.py:588} INFO - Filling up the DagBag from /opt/airflow/dags/wordcount_dag.py
[2025-05-02T07:56:46.406+0000] {processor.py:925} INFO - DAG(s) 'news_dag' retrieved from /opt/airflow/dags/wordcount_dag.py
[2025-05-02T07:56:46.416+0000] {logging_mixin.py:190} INFO - [2025-05-02T07:56:46.415+0000] {dag.py:3239} INFO - Sync 1 DAGs
[2025-05-02T07:56:46.420+0000] {logging_mixin.py:190} INFO - [2025-05-02T07:56:46.420+0000] {dag.py:4180} INFO - Setting next_dagrun for news_dag to None, run_after=None
[2025-05-02T07:56:46.427+0000] {processor.py:208} INFO - Processing /opt/airflow/dags/wordcount_dag.py took 0.173 seconds
[2025-05-02T07:57:16.647+0000] {processor.py:186} INFO - Started process (PID=736) to work on /opt/airflow/dags/wordcount_dag.py
[2025-05-02T07:57:16.648+0000] {processor.py:914} INFO - Processing file /opt/airflow/dags/wordcount_dag.py for tasks to queue
[2025-05-02T07:57:16.649+0000] {logging_mixin.py:190} INFO - [2025-05-02T07:57:16.649+0000] {dagbag.py:588} INFO - Filling up the DagBag from /opt/airflow/dags/wordcount_dag.py
[2025-05-02T07:57:16.811+0000] {processor.py:925} INFO - DAG(s) 'news_dag' retrieved from /opt/airflow/dags/wordcount_dag.py
[2025-05-02T07:57:16.821+0000] {logging_mixin.py:190} INFO - [2025-05-02T07:57:16.821+0000] {dag.py:3239} INFO - Sync 1 DAGs
[2025-05-02T07:57:16.826+0000] {logging_mixin.py:190} INFO - [2025-05-02T07:57:16.826+0000] {dag.py:4180} INFO - Setting next_dagrun for news_dag to None, run_after=None
[2025-05-02T07:57:16.834+0000] {processor.py:208} INFO - Processing /opt/airflow/dags/wordcount_dag.py took 0.190 seconds
[2025-05-02T20:21:48.886+0000] {processor.py:186} INFO - Started process (PID=37) to work on /opt/airflow/dags/wordcount_dag.py
[2025-05-02T20:21:48.887+0000] {processor.py:914} INFO - Processing file /opt/airflow/dags/wordcount_dag.py for tasks to queue
[2025-05-02T20:21:48.888+0000] {logging_mixin.py:190} INFO - [2025-05-02T20:21:48.888+0000] {dagbag.py:588} INFO - Filling up the DagBag from /opt/airflow/dags/wordcount_dag.py
[2025-05-02T20:21:49.209+0000] {processor.py:925} INFO - DAG(s) 'news_dag' retrieved from /opt/airflow/dags/wordcount_dag.py
[2025-05-02T20:21:49.221+0000] {logging_mixin.py:190} INFO - [2025-05-02T20:21:49.221+0000] {dag.py:3239} INFO - Sync 1 DAGs
[2025-05-02T20:21:49.227+0000] {logging_mixin.py:190} INFO - [2025-05-02T20:21:49.227+0000] {dag.py:4180} INFO - Setting next_dagrun for news_dag to None, run_after=None
[2025-05-02T20:21:49.240+0000] {processor.py:208} INFO - Processing /opt/airflow/dags/wordcount_dag.py took 0.357 seconds
[2025-05-02T20:22:19.547+0000] {processor.py:186} INFO - Started process (PID=39) to work on /opt/airflow/dags/wordcount_dag.py
[2025-05-02T20:22:19.548+0000] {processor.py:914} INFO - Processing file /opt/airflow/dags/wordcount_dag.py for tasks to queue
[2025-05-02T20:22:19.549+0000] {logging_mixin.py:190} INFO - [2025-05-02T20:22:19.548+0000] {dagbag.py:588} INFO - Filling up the DagBag from /opt/airflow/dags/wordcount_dag.py
[2025-05-02T20:22:19.725+0000] {processor.py:925} INFO - DAG(s) 'news_dag' retrieved from /opt/airflow/dags/wordcount_dag.py
[2025-05-02T20:22:19.734+0000] {logging_mixin.py:190} INFO - [2025-05-02T20:22:19.734+0000] {dag.py:3239} INFO - Sync 1 DAGs
[2025-05-02T20:22:19.740+0000] {logging_mixin.py:190} INFO - [2025-05-02T20:22:19.740+0000] {dag.py:4180} INFO - Setting next_dagrun for news_dag to None, run_after=None
[2025-05-02T20:22:19.747+0000] {processor.py:208} INFO - Processing /opt/airflow/dags/wordcount_dag.py took 0.203 seconds
[2025-05-02T20:22:50.126+0000] {processor.py:186} INFO - Started process (PID=43) to work on /opt/airflow/dags/wordcount_dag.py
[2025-05-02T20:22:50.127+0000] {processor.py:914} INFO - Processing file /opt/airflow/dags/wordcount_dag.py for tasks to queue
[2025-05-02T20:22:50.127+0000] {logging_mixin.py:190} INFO - [2025-05-02T20:22:50.127+0000] {dagbag.py:588} INFO - Filling up the DagBag from /opt/airflow/dags/wordcount_dag.py
[2025-05-02T20:22:50.263+0000] {processor.py:925} INFO - DAG(s) 'news_dag' retrieved from /opt/airflow/dags/wordcount_dag.py
[2025-05-02T20:22:50.271+0000] {logging_mixin.py:190} INFO - [2025-05-02T20:22:50.270+0000] {dag.py:3239} INFO - Sync 1 DAGs
[2025-05-02T20:22:50.275+0000] {logging_mixin.py:190} INFO - [2025-05-02T20:22:50.275+0000] {dag.py:4180} INFO - Setting next_dagrun for news_dag to None, run_after=None
[2025-05-02T20:22:50.281+0000] {processor.py:208} INFO - Processing /opt/airflow/dags/wordcount_dag.py took 0.158 seconds
[2025-05-02T20:23:20.661+0000] {processor.py:186} INFO - Started process (PID=46) to work on /opt/airflow/dags/wordcount_dag.py
[2025-05-02T20:23:20.662+0000] {processor.py:914} INFO - Processing file /opt/airflow/dags/wordcount_dag.py for tasks to queue
[2025-05-02T20:23:20.662+0000] {logging_mixin.py:190} INFO - [2025-05-02T20:23:20.662+0000] {dagbag.py:588} INFO - Filling up the DagBag from /opt/airflow/dags/wordcount_dag.py
[2025-05-02T20:23:20.795+0000] {processor.py:925} INFO - DAG(s) 'news_dag' retrieved from /opt/airflow/dags/wordcount_dag.py
[2025-05-02T20:23:20.803+0000] {logging_mixin.py:190} INFO - [2025-05-02T20:23:20.803+0000] {dag.py:3239} INFO - Sync 1 DAGs
[2025-05-02T20:23:20.807+0000] {logging_mixin.py:190} INFO - [2025-05-02T20:23:20.807+0000] {dag.py:4180} INFO - Setting next_dagrun for news_dag to None, run_after=None
[2025-05-02T20:23:20.813+0000] {processor.py:208} INFO - Processing /opt/airflow/dags/wordcount_dag.py took 0.154 seconds
[2025-05-02T20:23:51.194+0000] {processor.py:186} INFO - Started process (PID=49) to work on /opt/airflow/dags/wordcount_dag.py
[2025-05-02T20:23:51.195+0000] {processor.py:914} INFO - Processing file /opt/airflow/dags/wordcount_dag.py for tasks to queue
[2025-05-02T20:23:51.195+0000] {logging_mixin.py:190} INFO - [2025-05-02T20:23:51.195+0000] {dagbag.py:588} INFO - Filling up the DagBag from /opt/airflow/dags/wordcount_dag.py
[2025-05-02T20:23:51.326+0000] {processor.py:925} INFO - DAG(s) 'news_dag' retrieved from /opt/airflow/dags/wordcount_dag.py
[2025-05-02T20:23:51.334+0000] {logging_mixin.py:190} INFO - [2025-05-02T20:23:51.334+0000] {dag.py:3239} INFO - Sync 1 DAGs
[2025-05-02T20:23:51.338+0000] {logging_mixin.py:190} INFO - [2025-05-02T20:23:51.338+0000] {dag.py:4180} INFO - Setting next_dagrun for news_dag to None, run_after=None
[2025-05-02T20:23:51.345+0000] {processor.py:208} INFO - Processing /opt/airflow/dags/wordcount_dag.py took 0.154 seconds
[2025-05-02T20:24:21.706+0000] {processor.py:186} INFO - Started process (PID=52) to work on /opt/airflow/dags/wordcount_dag.py
[2025-05-02T20:24:21.706+0000] {processor.py:914} INFO - Processing file /opt/airflow/dags/wordcount_dag.py for tasks to queue
[2025-05-02T20:24:21.706+0000] {logging_mixin.py:190} INFO - [2025-05-02T20:24:21.706+0000] {dagbag.py:588} INFO - Filling up the DagBag from /opt/airflow/dags/wordcount_dag.py
[2025-05-02T20:24:21.845+0000] {processor.py:925} INFO - DAG(s) 'news_dag' retrieved from /opt/airflow/dags/wordcount_dag.py
[2025-05-02T20:24:21.852+0000] {logging_mixin.py:190} INFO - [2025-05-02T20:24:21.851+0000] {dag.py:3239} INFO - Sync 1 DAGs
[2025-05-02T20:24:21.855+0000] {logging_mixin.py:190} INFO - [2025-05-02T20:24:21.855+0000] {dag.py:4180} INFO - Setting next_dagrun for news_dag to None, run_after=None
[2025-05-02T20:24:21.861+0000] {processor.py:208} INFO - Processing /opt/airflow/dags/wordcount_dag.py took 0.158 seconds
[2025-05-02T20:24:52.184+0000] {processor.py:186} INFO - Started process (PID=55) to work on /opt/airflow/dags/wordcount_dag.py
[2025-05-02T20:24:52.185+0000] {processor.py:914} INFO - Processing file /opt/airflow/dags/wordcount_dag.py for tasks to queue
[2025-05-02T20:24:52.185+0000] {logging_mixin.py:190} INFO - [2025-05-02T20:24:52.185+0000] {dagbag.py:588} INFO - Filling up the DagBag from /opt/airflow/dags/wordcount_dag.py
[2025-05-02T20:24:52.315+0000] {processor.py:925} INFO - DAG(s) 'news_dag' retrieved from /opt/airflow/dags/wordcount_dag.py
[2025-05-02T20:24:52.322+0000] {logging_mixin.py:190} INFO - [2025-05-02T20:24:52.322+0000] {dag.py:3239} INFO - Sync 1 DAGs
[2025-05-02T20:24:52.326+0000] {logging_mixin.py:190} INFO - [2025-05-02T20:24:52.326+0000] {dag.py:4180} INFO - Setting next_dagrun for news_dag to None, run_after=None
[2025-05-02T20:24:52.332+0000] {processor.py:208} INFO - Processing /opt/airflow/dags/wordcount_dag.py took 0.150 seconds
[2025-05-02T20:25:22.700+0000] {processor.py:186} INFO - Started process (PID=58) to work on /opt/airflow/dags/wordcount_dag.py
[2025-05-02T20:25:22.700+0000] {processor.py:914} INFO - Processing file /opt/airflow/dags/wordcount_dag.py for tasks to queue
[2025-05-02T20:25:22.701+0000] {logging_mixin.py:190} INFO - [2025-05-02T20:25:22.701+0000] {dagbag.py:588} INFO - Filling up the DagBag from /opt/airflow/dags/wordcount_dag.py
[2025-05-02T20:25:22.829+0000] {processor.py:925} INFO - DAG(s) 'news_dag' retrieved from /opt/airflow/dags/wordcount_dag.py
[2025-05-02T20:25:22.837+0000] {logging_mixin.py:190} INFO - [2025-05-02T20:25:22.836+0000] {dag.py:3239} INFO - Sync 1 DAGs
[2025-05-02T20:25:22.841+0000] {logging_mixin.py:190} INFO - [2025-05-02T20:25:22.840+0000] {dag.py:4180} INFO - Setting next_dagrun for news_dag to None, run_after=None
[2025-05-02T20:25:22.846+0000] {processor.py:208} INFO - Processing /opt/airflow/dags/wordcount_dag.py took 0.149 seconds
[2025-05-02T20:25:53.236+0000] {processor.py:186} INFO - Started process (PID=61) to work on /opt/airflow/dags/wordcount_dag.py
[2025-05-02T20:25:53.236+0000] {processor.py:914} INFO - Processing file /opt/airflow/dags/wordcount_dag.py for tasks to queue
[2025-05-02T20:25:53.237+0000] {logging_mixin.py:190} INFO - [2025-05-02T20:25:53.237+0000] {dagbag.py:588} INFO - Filling up the DagBag from /opt/airflow/dags/wordcount_dag.py
[2025-05-02T20:25:53.366+0000] {processor.py:925} INFO - DAG(s) 'news_dag' retrieved from /opt/airflow/dags/wordcount_dag.py
[2025-05-02T20:25:53.373+0000] {logging_mixin.py:190} INFO - [2025-05-02T20:25:53.373+0000] {dag.py:3239} INFO - Sync 1 DAGs
[2025-05-02T20:25:53.377+0000] {logging_mixin.py:190} INFO - [2025-05-02T20:25:53.377+0000] {dag.py:4180} INFO - Setting next_dagrun for news_dag to None, run_after=None
[2025-05-02T20:25:53.382+0000] {processor.py:208} INFO - Processing /opt/airflow/dags/wordcount_dag.py took 0.149 seconds
[2025-05-02T20:26:23.745+0000] {processor.py:186} INFO - Started process (PID=64) to work on /opt/airflow/dags/wordcount_dag.py
[2025-05-02T20:26:23.746+0000] {processor.py:914} INFO - Processing file /opt/airflow/dags/wordcount_dag.py for tasks to queue
[2025-05-02T20:26:23.746+0000] {logging_mixin.py:190} INFO - [2025-05-02T20:26:23.746+0000] {dagbag.py:588} INFO - Filling up the DagBag from /opt/airflow/dags/wordcount_dag.py
[2025-05-02T20:26:23.875+0000] {processor.py:925} INFO - DAG(s) 'news_dag' retrieved from /opt/airflow/dags/wordcount_dag.py
[2025-05-02T20:26:23.882+0000] {logging_mixin.py:190} INFO - [2025-05-02T20:26:23.882+0000] {dag.py:3239} INFO - Sync 1 DAGs
[2025-05-02T20:26:23.886+0000] {logging_mixin.py:190} INFO - [2025-05-02T20:26:23.886+0000] {dag.py:4180} INFO - Setting next_dagrun for news_dag to None, run_after=None
[2025-05-02T20:26:23.891+0000] {processor.py:208} INFO - Processing /opt/airflow/dags/wordcount_dag.py took 0.149 seconds
[2025-05-02T20:26:54.277+0000] {processor.py:186} INFO - Started process (PID=67) to work on /opt/airflow/dags/wordcount_dag.py
[2025-05-02T20:26:54.278+0000] {processor.py:914} INFO - Processing file /opt/airflow/dags/wordcount_dag.py for tasks to queue
[2025-05-02T20:26:54.278+0000] {logging_mixin.py:190} INFO - [2025-05-02T20:26:54.278+0000] {dagbag.py:588} INFO - Filling up the DagBag from /opt/airflow/dags/wordcount_dag.py
[2025-05-02T20:26:54.404+0000] {processor.py:925} INFO - DAG(s) 'news_dag' retrieved from /opt/airflow/dags/wordcount_dag.py
[2025-05-02T20:26:54.411+0000] {logging_mixin.py:190} INFO - [2025-05-02T20:26:54.411+0000] {dag.py:3239} INFO - Sync 1 DAGs
[2025-05-02T20:26:54.415+0000] {logging_mixin.py:190} INFO - [2025-05-02T20:26:54.415+0000] {dag.py:4180} INFO - Setting next_dagrun for news_dag to None, run_after=None
[2025-05-02T20:26:54.421+0000] {processor.py:208} INFO - Processing /opt/airflow/dags/wordcount_dag.py took 0.147 seconds
[2025-05-02T20:27:24.788+0000] {processor.py:186} INFO - Started process (PID=70) to work on /opt/airflow/dags/wordcount_dag.py
[2025-05-02T20:27:24.788+0000] {processor.py:914} INFO - Processing file /opt/airflow/dags/wordcount_dag.py for tasks to queue
[2025-05-02T20:27:24.789+0000] {logging_mixin.py:190} INFO - [2025-05-02T20:27:24.788+0000] {dagbag.py:588} INFO - Filling up the DagBag from /opt/airflow/dags/wordcount_dag.py
[2025-05-02T20:27:24.917+0000] {processor.py:925} INFO - DAG(s) 'news_dag' retrieved from /opt/airflow/dags/wordcount_dag.py
[2025-05-02T20:27:24.924+0000] {logging_mixin.py:190} INFO - [2025-05-02T20:27:24.923+0000] {dag.py:3239} INFO - Sync 1 DAGs
[2025-05-02T20:27:24.928+0000] {logging_mixin.py:190} INFO - [2025-05-02T20:27:24.928+0000] {dag.py:4180} INFO - Setting next_dagrun for news_dag to None, run_after=None
[2025-05-02T20:27:24.933+0000] {processor.py:208} INFO - Processing /opt/airflow/dags/wordcount_dag.py took 0.149 seconds
[2025-05-02T20:27:55.328+0000] {processor.py:186} INFO - Started process (PID=73) to work on /opt/airflow/dags/wordcount_dag.py
[2025-05-02T20:27:55.328+0000] {processor.py:914} INFO - Processing file /opt/airflow/dags/wordcount_dag.py for tasks to queue
[2025-05-02T20:27:55.329+0000] {logging_mixin.py:190} INFO - [2025-05-02T20:27:55.329+0000] {dagbag.py:588} INFO - Filling up the DagBag from /opt/airflow/dags/wordcount_dag.py
[2025-05-02T20:27:55.457+0000] {processor.py:925} INFO - DAG(s) 'news_dag' retrieved from /opt/airflow/dags/wordcount_dag.py
[2025-05-02T20:27:55.465+0000] {logging_mixin.py:190} INFO - [2025-05-02T20:27:55.465+0000] {dag.py:3239} INFO - Sync 1 DAGs
[2025-05-02T20:27:55.469+0000] {logging_mixin.py:190} INFO - [2025-05-02T20:27:55.469+0000] {dag.py:4180} INFO - Setting next_dagrun for news_dag to None, run_after=None
[2025-05-02T20:27:55.474+0000] {processor.py:208} INFO - Processing /opt/airflow/dags/wordcount_dag.py took 0.150 seconds
[2025-05-02T20:28:25.815+0000] {processor.py:186} INFO - Started process (PID=76) to work on /opt/airflow/dags/wordcount_dag.py
[2025-05-02T20:28:25.815+0000] {processor.py:914} INFO - Processing file /opt/airflow/dags/wordcount_dag.py for tasks to queue
[2025-05-02T20:28:25.816+0000] {logging_mixin.py:190} INFO - [2025-05-02T20:28:25.815+0000] {dagbag.py:588} INFO - Filling up the DagBag from /opt/airflow/dags/wordcount_dag.py
[2025-05-02T20:28:25.942+0000] {processor.py:925} INFO - DAG(s) 'news_dag' retrieved from /opt/airflow/dags/wordcount_dag.py
[2025-05-02T20:28:25.950+0000] {logging_mixin.py:190} INFO - [2025-05-02T20:28:25.949+0000] {dag.py:3239} INFO - Sync 1 DAGs
[2025-05-02T20:28:25.954+0000] {logging_mixin.py:190} INFO - [2025-05-02T20:28:25.954+0000] {dag.py:4180} INFO - Setting next_dagrun for news_dag to None, run_after=None
[2025-05-02T20:28:25.959+0000] {processor.py:208} INFO - Processing /opt/airflow/dags/wordcount_dag.py took 0.148 seconds
[2025-05-02T20:28:56.333+0000] {processor.py:186} INFO - Started process (PID=79) to work on /opt/airflow/dags/wordcount_dag.py
[2025-05-02T20:28:56.334+0000] {processor.py:914} INFO - Processing file /opt/airflow/dags/wordcount_dag.py for tasks to queue
[2025-05-02T20:28:56.335+0000] {logging_mixin.py:190} INFO - [2025-05-02T20:28:56.335+0000] {dagbag.py:588} INFO - Filling up the DagBag from /opt/airflow/dags/wordcount_dag.py
[2025-05-02T20:28:56.460+0000] {processor.py:925} INFO - DAG(s) 'news_dag' retrieved from /opt/airflow/dags/wordcount_dag.py
[2025-05-02T20:28:56.468+0000] {logging_mixin.py:190} INFO - [2025-05-02T20:28:56.468+0000] {dag.py:3239} INFO - Sync 1 DAGs
[2025-05-02T20:28:56.472+0000] {logging_mixin.py:190} INFO - [2025-05-02T20:28:56.472+0000] {dag.py:4180} INFO - Setting next_dagrun for news_dag to None, run_after=None
[2025-05-02T20:28:56.477+0000] {processor.py:208} INFO - Processing /opt/airflow/dags/wordcount_dag.py took 0.147 seconds
[2025-05-02T20:29:26.864+0000] {processor.py:186} INFO - Started process (PID=82) to work on /opt/airflow/dags/wordcount_dag.py
[2025-05-02T20:29:26.864+0000] {processor.py:914} INFO - Processing file /opt/airflow/dags/wordcount_dag.py for tasks to queue
[2025-05-02T20:29:26.865+0000] {logging_mixin.py:190} INFO - [2025-05-02T20:29:26.865+0000] {dagbag.py:588} INFO - Filling up the DagBag from /opt/airflow/dags/wordcount_dag.py
[2025-05-02T20:29:26.993+0000] {processor.py:925} INFO - DAG(s) 'news_dag' retrieved from /opt/airflow/dags/wordcount_dag.py
[2025-05-02T20:29:27.000+0000] {logging_mixin.py:190} INFO - [2025-05-02T20:29:27.000+0000] {dag.py:3239} INFO - Sync 1 DAGs
[2025-05-02T20:29:27.004+0000] {logging_mixin.py:190} INFO - [2025-05-02T20:29:27.004+0000] {dag.py:4180} INFO - Setting next_dagrun for news_dag to None, run_after=None
[2025-05-02T20:29:27.009+0000] {processor.py:208} INFO - Processing /opt/airflow/dags/wordcount_dag.py took 0.149 seconds
[2025-05-02T20:29:57.340+0000] {processor.py:186} INFO - Started process (PID=85) to work on /opt/airflow/dags/wordcount_dag.py
[2025-05-02T20:29:57.341+0000] {processor.py:914} INFO - Processing file /opt/airflow/dags/wordcount_dag.py for tasks to queue
[2025-05-02T20:29:57.341+0000] {logging_mixin.py:190} INFO - [2025-05-02T20:29:57.341+0000] {dagbag.py:588} INFO - Filling up the DagBag from /opt/airflow/dags/wordcount_dag.py
[2025-05-02T20:29:57.467+0000] {processor.py:925} INFO - DAG(s) 'news_dag' retrieved from /opt/airflow/dags/wordcount_dag.py
[2025-05-02T20:29:57.475+0000] {logging_mixin.py:190} INFO - [2025-05-02T20:29:57.475+0000] {dag.py:3239} INFO - Sync 1 DAGs
[2025-05-02T20:29:57.479+0000] {logging_mixin.py:190} INFO - [2025-05-02T20:29:57.479+0000] {dag.py:4180} INFO - Setting next_dagrun for news_dag to None, run_after=None
[2025-05-02T20:29:57.485+0000] {processor.py:208} INFO - Processing /opt/airflow/dags/wordcount_dag.py took 0.148 seconds
[2025-05-02T20:30:27.828+0000] {processor.py:186} INFO - Started process (PID=88) to work on /opt/airflow/dags/wordcount_dag.py
[2025-05-02T20:30:27.829+0000] {processor.py:914} INFO - Processing file /opt/airflow/dags/wordcount_dag.py for tasks to queue
[2025-05-02T20:30:27.829+0000] {logging_mixin.py:190} INFO - [2025-05-02T20:30:27.829+0000] {dagbag.py:588} INFO - Filling up the DagBag from /opt/airflow/dags/wordcount_dag.py
[2025-05-02T20:30:27.959+0000] {processor.py:925} INFO - DAG(s) 'news_dag' retrieved from /opt/airflow/dags/wordcount_dag.py
[2025-05-02T20:30:27.966+0000] {logging_mixin.py:190} INFO - [2025-05-02T20:30:27.966+0000] {dag.py:3239} INFO - Sync 1 DAGs
[2025-05-02T20:30:27.970+0000] {logging_mixin.py:190} INFO - [2025-05-02T20:30:27.970+0000] {dag.py:4180} INFO - Setting next_dagrun for news_dag to None, run_after=None
[2025-05-02T20:30:27.976+0000] {processor.py:208} INFO - Processing /opt/airflow/dags/wordcount_dag.py took 0.151 seconds
[2025-05-02T20:30:58.349+0000] {processor.py:186} INFO - Started process (PID=91) to work on /opt/airflow/dags/wordcount_dag.py
[2025-05-02T20:30:58.350+0000] {processor.py:914} INFO - Processing file /opt/airflow/dags/wordcount_dag.py for tasks to queue
[2025-05-02T20:30:58.351+0000] {logging_mixin.py:190} INFO - [2025-05-02T20:30:58.350+0000] {dagbag.py:588} INFO - Filling up the DagBag from /opt/airflow/dags/wordcount_dag.py
[2025-05-02T20:30:58.478+0000] {processor.py:925} INFO - DAG(s) 'news_dag' retrieved from /opt/airflow/dags/wordcount_dag.py
[2025-05-02T20:30:58.485+0000] {logging_mixin.py:190} INFO - [2025-05-02T20:30:58.485+0000] {dag.py:3239} INFO - Sync 1 DAGs
[2025-05-02T20:30:58.490+0000] {logging_mixin.py:190} INFO - [2025-05-02T20:30:58.490+0000] {dag.py:4180} INFO - Setting next_dagrun for news_dag to None, run_after=None
[2025-05-02T20:30:58.495+0000] {processor.py:208} INFO - Processing /opt/airflow/dags/wordcount_dag.py took 0.148 seconds
[2025-05-02T20:31:28.878+0000] {processor.py:186} INFO - Started process (PID=94) to work on /opt/airflow/dags/wordcount_dag.py
[2025-05-02T20:31:28.879+0000] {processor.py:914} INFO - Processing file /opt/airflow/dags/wordcount_dag.py for tasks to queue
[2025-05-02T20:31:28.879+0000] {logging_mixin.py:190} INFO - [2025-05-02T20:31:28.879+0000] {dagbag.py:588} INFO - Filling up the DagBag from /opt/airflow/dags/wordcount_dag.py
[2025-05-02T20:31:29.007+0000] {processor.py:925} INFO - DAG(s) 'news_dag' retrieved from /opt/airflow/dags/wordcount_dag.py
[2025-05-02T20:31:29.015+0000] {logging_mixin.py:190} INFO - [2025-05-02T20:31:29.015+0000] {dag.py:3239} INFO - Sync 1 DAGs
[2025-05-02T20:31:29.019+0000] {logging_mixin.py:190} INFO - [2025-05-02T20:31:29.019+0000] {dag.py:4180} INFO - Setting next_dagrun for news_dag to None, run_after=None
[2025-05-02T20:31:29.025+0000] {processor.py:208} INFO - Processing /opt/airflow/dags/wordcount_dag.py took 0.149 seconds
[2025-05-02T20:31:59.385+0000] {processor.py:186} INFO - Started process (PID=97) to work on /opt/airflow/dags/wordcount_dag.py
[2025-05-02T20:31:59.386+0000] {processor.py:914} INFO - Processing file /opt/airflow/dags/wordcount_dag.py for tasks to queue
[2025-05-02T20:31:59.387+0000] {logging_mixin.py:190} INFO - [2025-05-02T20:31:59.386+0000] {dagbag.py:588} INFO - Filling up the DagBag from /opt/airflow/dags/wordcount_dag.py
[2025-05-02T20:31:59.512+0000] {processor.py:925} INFO - DAG(s) 'news_dag' retrieved from /opt/airflow/dags/wordcount_dag.py
[2025-05-02T20:31:59.519+0000] {logging_mixin.py:190} INFO - [2025-05-02T20:31:59.519+0000] {dag.py:3239} INFO - Sync 1 DAGs
[2025-05-02T20:31:59.523+0000] {logging_mixin.py:190} INFO - [2025-05-02T20:31:59.523+0000] {dag.py:4180} INFO - Setting next_dagrun for news_dag to None, run_after=None
[2025-05-02T20:31:59.528+0000] {processor.py:208} INFO - Processing /opt/airflow/dags/wordcount_dag.py took 0.146 seconds
[2025-05-02T20:32:29.912+0000] {processor.py:186} INFO - Started process (PID=100) to work on /opt/airflow/dags/wordcount_dag.py
[2025-05-02T20:32:29.913+0000] {processor.py:914} INFO - Processing file /opt/airflow/dags/wordcount_dag.py for tasks to queue
[2025-05-02T20:32:29.913+0000] {logging_mixin.py:190} INFO - [2025-05-02T20:32:29.913+0000] {dagbag.py:588} INFO - Filling up the DagBag from /opt/airflow/dags/wordcount_dag.py
[2025-05-02T20:32:30.041+0000] {processor.py:925} INFO - DAG(s) 'news_dag' retrieved from /opt/airflow/dags/wordcount_dag.py
[2025-05-02T20:32:30.048+0000] {logging_mixin.py:190} INFO - [2025-05-02T20:32:30.048+0000] {dag.py:3239} INFO - Sync 1 DAGs
[2025-05-02T20:32:30.052+0000] {logging_mixin.py:190} INFO - [2025-05-02T20:32:30.052+0000] {dag.py:4180} INFO - Setting next_dagrun for news_dag to None, run_after=None
[2025-05-02T20:32:30.057+0000] {processor.py:208} INFO - Processing /opt/airflow/dags/wordcount_dag.py took 0.148 seconds
[2025-05-02T20:33:00.425+0000] {processor.py:186} INFO - Started process (PID=103) to work on /opt/airflow/dags/wordcount_dag.py
[2025-05-02T20:33:00.425+0000] {processor.py:914} INFO - Processing file /opt/airflow/dags/wordcount_dag.py for tasks to queue
[2025-05-02T20:33:00.426+0000] {logging_mixin.py:190} INFO - [2025-05-02T20:33:00.426+0000] {dagbag.py:588} INFO - Filling up the DagBag from /opt/airflow/dags/wordcount_dag.py
[2025-05-02T20:33:00.552+0000] {processor.py:925} INFO - DAG(s) 'news_dag' retrieved from /opt/airflow/dags/wordcount_dag.py
[2025-05-02T20:33:00.560+0000] {logging_mixin.py:190} INFO - [2025-05-02T20:33:00.559+0000] {dag.py:3239} INFO - Sync 1 DAGs
[2025-05-02T20:33:00.564+0000] {logging_mixin.py:190} INFO - [2025-05-02T20:33:00.564+0000] {dag.py:4180} INFO - Setting next_dagrun for news_dag to None, run_after=None
[2025-05-02T20:33:00.570+0000] {processor.py:208} INFO - Processing /opt/airflow/dags/wordcount_dag.py took 0.148 seconds
[2025-05-02T20:33:30.928+0000] {processor.py:186} INFO - Started process (PID=106) to work on /opt/airflow/dags/wordcount_dag.py
[2025-05-02T20:33:30.929+0000] {processor.py:914} INFO - Processing file /opt/airflow/dags/wordcount_dag.py for tasks to queue
[2025-05-02T20:33:30.929+0000] {logging_mixin.py:190} INFO - [2025-05-02T20:33:30.929+0000] {dagbag.py:588} INFO - Filling up the DagBag from /opt/airflow/dags/wordcount_dag.py
[2025-05-02T20:33:31.057+0000] {processor.py:925} INFO - DAG(s) 'news_dag' retrieved from /opt/airflow/dags/wordcount_dag.py
[2025-05-02T20:33:31.064+0000] {logging_mixin.py:190} INFO - [2025-05-02T20:33:31.064+0000] {dag.py:3239} INFO - Sync 1 DAGs
[2025-05-02T20:33:31.068+0000] {logging_mixin.py:190} INFO - [2025-05-02T20:33:31.068+0000] {dag.py:4180} INFO - Setting next_dagrun for news_dag to None, run_after=None
[2025-05-02T20:33:31.074+0000] {processor.py:208} INFO - Processing /opt/airflow/dags/wordcount_dag.py took 0.149 seconds
[2025-05-02T20:34:01.351+0000] {processor.py:186} INFO - Started process (PID=109) to work on /opt/airflow/dags/wordcount_dag.py
[2025-05-02T20:34:01.352+0000] {processor.py:914} INFO - Processing file /opt/airflow/dags/wordcount_dag.py for tasks to queue
[2025-05-02T20:34:01.353+0000] {logging_mixin.py:190} INFO - [2025-05-02T20:34:01.353+0000] {dagbag.py:588} INFO - Filling up the DagBag from /opt/airflow/dags/wordcount_dag.py
[2025-05-02T20:34:01.524+0000] {processor.py:925} INFO - DAG(s) 'news_dag' retrieved from /opt/airflow/dags/wordcount_dag.py
[2025-05-02T20:34:01.535+0000] {logging_mixin.py:190} INFO - [2025-05-02T20:34:01.534+0000] {dag.py:3239} INFO - Sync 1 DAGs
[2025-05-02T20:34:01.541+0000] {logging_mixin.py:190} INFO - [2025-05-02T20:34:01.541+0000] {dag.py:4180} INFO - Setting next_dagrun for news_dag to None, run_after=None
[2025-05-02T20:34:01.549+0000] {processor.py:208} INFO - Processing /opt/airflow/dags/wordcount_dag.py took 0.203 seconds
[2025-05-02T20:34:31.794+0000] {processor.py:186} INFO - Started process (PID=112) to work on /opt/airflow/dags/wordcount_dag.py
[2025-05-02T20:34:31.795+0000] {processor.py:914} INFO - Processing file /opt/airflow/dags/wordcount_dag.py for tasks to queue
[2025-05-02T20:34:31.795+0000] {logging_mixin.py:190} INFO - [2025-05-02T20:34:31.795+0000] {dagbag.py:588} INFO - Filling up the DagBag from /opt/airflow/dags/wordcount_dag.py
[2025-05-02T20:34:31.931+0000] {processor.py:925} INFO - DAG(s) 'news_dag' retrieved from /opt/airflow/dags/wordcount_dag.py
[2025-05-02T20:34:31.939+0000] {logging_mixin.py:190} INFO - [2025-05-02T20:34:31.938+0000] {dag.py:3239} INFO - Sync 1 DAGs
[2025-05-02T20:34:31.943+0000] {logging_mixin.py:190} INFO - [2025-05-02T20:34:31.943+0000] {dag.py:4180} INFO - Setting next_dagrun for news_dag to None, run_after=None
[2025-05-02T20:34:31.949+0000] {processor.py:208} INFO - Processing /opt/airflow/dags/wordcount_dag.py took 0.158 seconds
[2025-05-02T20:35:02.370+0000] {processor.py:186} INFO - Started process (PID=115) to work on /opt/airflow/dags/wordcount_dag.py
[2025-05-02T20:35:02.371+0000] {processor.py:914} INFO - Processing file /opt/airflow/dags/wordcount_dag.py for tasks to queue
[2025-05-02T20:35:02.371+0000] {logging_mixin.py:190} INFO - [2025-05-02T20:35:02.371+0000] {dagbag.py:588} INFO - Filling up the DagBag from /opt/airflow/dags/wordcount_dag.py
[2025-05-02T20:35:02.509+0000] {processor.py:925} INFO - DAG(s) 'news_dag' retrieved from /opt/airflow/dags/wordcount_dag.py
[2025-05-02T20:35:02.516+0000] {logging_mixin.py:190} INFO - [2025-05-02T20:35:02.516+0000] {dag.py:3239} INFO - Sync 1 DAGs
[2025-05-02T20:35:02.521+0000] {logging_mixin.py:190} INFO - [2025-05-02T20:35:02.521+0000] {dag.py:4180} INFO - Setting next_dagrun for news_dag to None, run_after=None
[2025-05-02T20:35:02.526+0000] {processor.py:208} INFO - Processing /opt/airflow/dags/wordcount_dag.py took 0.160 seconds
[2025-05-02T20:35:32.946+0000] {processor.py:186} INFO - Started process (PID=118) to work on /opt/airflow/dags/wordcount_dag.py
[2025-05-02T20:35:32.946+0000] {processor.py:914} INFO - Processing file /opt/airflow/dags/wordcount_dag.py for tasks to queue
[2025-05-02T20:35:32.947+0000] {logging_mixin.py:190} INFO - [2025-05-02T20:35:32.947+0000] {dagbag.py:588} INFO - Filling up the DagBag from /opt/airflow/dags/wordcount_dag.py
[2025-05-02T20:35:33.074+0000] {processor.py:925} INFO - DAG(s) 'news_dag' retrieved from /opt/airflow/dags/wordcount_dag.py
[2025-05-02T20:35:33.081+0000] {logging_mixin.py:190} INFO - [2025-05-02T20:35:33.081+0000] {dag.py:3239} INFO - Sync 1 DAGs
[2025-05-02T20:35:33.085+0000] {logging_mixin.py:190} INFO - [2025-05-02T20:35:33.085+0000] {dag.py:4180} INFO - Setting next_dagrun for news_dag to None, run_after=None
[2025-05-02T20:35:33.092+0000] {processor.py:208} INFO - Processing /opt/airflow/dags/wordcount_dag.py took 0.149 seconds
[2025-05-02T20:36:03.443+0000] {processor.py:186} INFO - Started process (PID=121) to work on /opt/airflow/dags/wordcount_dag.py
[2025-05-02T20:36:03.443+0000] {processor.py:914} INFO - Processing file /opt/airflow/dags/wordcount_dag.py for tasks to queue
[2025-05-02T20:36:03.444+0000] {logging_mixin.py:190} INFO - [2025-05-02T20:36:03.444+0000] {dagbag.py:588} INFO - Filling up the DagBag from /opt/airflow/dags/wordcount_dag.py
[2025-05-02T20:36:03.588+0000] {processor.py:925} INFO - DAG(s) 'news_dag' retrieved from /opt/airflow/dags/wordcount_dag.py
[2025-05-02T20:36:03.596+0000] {logging_mixin.py:190} INFO - [2025-05-02T20:36:03.596+0000] {dag.py:3239} INFO - Sync 1 DAGs
[2025-05-02T20:36:03.602+0000] {logging_mixin.py:190} INFO - [2025-05-02T20:36:03.602+0000] {dag.py:4180} INFO - Setting next_dagrun for news_dag to None, run_after=None
[2025-05-02T20:36:03.608+0000] {processor.py:208} INFO - Processing /opt/airflow/dags/wordcount_dag.py took 0.169 seconds
[2025-05-02T20:36:33.968+0000] {processor.py:186} INFO - Started process (PID=124) to work on /opt/airflow/dags/wordcount_dag.py
[2025-05-02T20:36:33.969+0000] {processor.py:914} INFO - Processing file /opt/airflow/dags/wordcount_dag.py for tasks to queue
[2025-05-02T20:36:33.969+0000] {logging_mixin.py:190} INFO - [2025-05-02T20:36:33.969+0000] {dagbag.py:588} INFO - Filling up the DagBag from /opt/airflow/dags/wordcount_dag.py
[2025-05-02T20:36:34.101+0000] {processor.py:925} INFO - DAG(s) 'news_dag' retrieved from /opt/airflow/dags/wordcount_dag.py
[2025-05-02T20:36:34.109+0000] {logging_mixin.py:190} INFO - [2025-05-02T20:36:34.108+0000] {dag.py:3239} INFO - Sync 1 DAGs
[2025-05-02T20:36:34.113+0000] {logging_mixin.py:190} INFO - [2025-05-02T20:36:34.113+0000] {dag.py:4180} INFO - Setting next_dagrun for news_dag to None, run_after=None
[2025-05-02T20:36:34.119+0000] {processor.py:208} INFO - Processing /opt/airflow/dags/wordcount_dag.py took 0.154 seconds
[2025-05-02T20:37:04.481+0000] {processor.py:186} INFO - Started process (PID=127) to work on /opt/airflow/dags/wordcount_dag.py
[2025-05-02T20:37:04.482+0000] {processor.py:914} INFO - Processing file /opt/airflow/dags/wordcount_dag.py for tasks to queue
[2025-05-02T20:37:04.482+0000] {logging_mixin.py:190} INFO - [2025-05-02T20:37:04.482+0000] {dagbag.py:588} INFO - Filling up the DagBag from /opt/airflow/dags/wordcount_dag.py
[2025-05-02T20:37:04.612+0000] {processor.py:925} INFO - DAG(s) 'news_dag' retrieved from /opt/airflow/dags/wordcount_dag.py
[2025-05-02T20:37:04.619+0000] {logging_mixin.py:190} INFO - [2025-05-02T20:37:04.619+0000] {dag.py:3239} INFO - Sync 1 DAGs
[2025-05-02T20:37:04.623+0000] {logging_mixin.py:190} INFO - [2025-05-02T20:37:04.623+0000] {dag.py:4180} INFO - Setting next_dagrun for news_dag to None, run_after=None
[2025-05-02T20:37:04.629+0000] {processor.py:208} INFO - Processing /opt/airflow/dags/wordcount_dag.py took 0.151 seconds
[2025-05-02T20:37:34.964+0000] {processor.py:186} INFO - Started process (PID=130) to work on /opt/airflow/dags/wordcount_dag.py
[2025-05-02T20:37:34.964+0000] {processor.py:914} INFO - Processing file /opt/airflow/dags/wordcount_dag.py for tasks to queue
[2025-05-02T20:37:34.965+0000] {logging_mixin.py:190} INFO - [2025-05-02T20:37:34.965+0000] {dagbag.py:588} INFO - Filling up the DagBag from /opt/airflow/dags/wordcount_dag.py
[2025-05-02T20:37:35.097+0000] {processor.py:925} INFO - DAG(s) 'news_dag' retrieved from /opt/airflow/dags/wordcount_dag.py
[2025-05-02T20:37:35.104+0000] {logging_mixin.py:190} INFO - [2025-05-02T20:37:35.104+0000] {dag.py:3239} INFO - Sync 1 DAGs
[2025-05-02T20:37:35.108+0000] {logging_mixin.py:190} INFO - [2025-05-02T20:37:35.108+0000] {dag.py:4180} INFO - Setting next_dagrun for news_dag to None, run_after=None
[2025-05-02T20:37:35.113+0000] {processor.py:208} INFO - Processing /opt/airflow/dags/wordcount_dag.py took 0.153 seconds
[2025-05-02T20:38:05.470+0000] {processor.py:186} INFO - Started process (PID=133) to work on /opt/airflow/dags/wordcount_dag.py
[2025-05-02T20:38:05.470+0000] {processor.py:914} INFO - Processing file /opt/airflow/dags/wordcount_dag.py for tasks to queue
[2025-05-02T20:38:05.471+0000] {logging_mixin.py:190} INFO - [2025-05-02T20:38:05.471+0000] {dagbag.py:588} INFO - Filling up the DagBag from /opt/airflow/dags/wordcount_dag.py
[2025-05-02T20:38:05.598+0000] {processor.py:925} INFO - DAG(s) 'news_dag' retrieved from /opt/airflow/dags/wordcount_dag.py
[2025-05-02T20:38:05.605+0000] {logging_mixin.py:190} INFO - [2025-05-02T20:38:05.605+0000] {dag.py:3239} INFO - Sync 1 DAGs
[2025-05-02T20:38:05.609+0000] {logging_mixin.py:190} INFO - [2025-05-02T20:38:05.609+0000] {dag.py:4180} INFO - Setting next_dagrun for news_dag to None, run_after=None
[2025-05-02T20:38:05.614+0000] {processor.py:208} INFO - Processing /opt/airflow/dags/wordcount_dag.py took 0.148 seconds
[2025-05-02T20:38:36.021+0000] {processor.py:186} INFO - Started process (PID=136) to work on /opt/airflow/dags/wordcount_dag.py
[2025-05-02T20:38:36.021+0000] {processor.py:914} INFO - Processing file /opt/airflow/dags/wordcount_dag.py for tasks to queue
[2025-05-02T20:38:36.022+0000] {logging_mixin.py:190} INFO - [2025-05-02T20:38:36.021+0000] {dagbag.py:588} INFO - Filling up the DagBag from /opt/airflow/dags/wordcount_dag.py
[2025-05-02T20:38:36.167+0000] {processor.py:925} INFO - DAG(s) 'news_dag' retrieved from /opt/airflow/dags/wordcount_dag.py
[2025-05-02T20:38:36.174+0000] {logging_mixin.py:190} INFO - [2025-05-02T20:38:36.174+0000] {dag.py:3239} INFO - Sync 1 DAGs
[2025-05-02T20:38:36.179+0000] {logging_mixin.py:190} INFO - [2025-05-02T20:38:36.179+0000] {dag.py:4180} INFO - Setting next_dagrun for news_dag to None, run_after=None
[2025-05-02T20:38:36.186+0000] {processor.py:208} INFO - Processing /opt/airflow/dags/wordcount_dag.py took 0.168 seconds
[2025-05-02T20:39:06.545+0000] {processor.py:186} INFO - Started process (PID=139) to work on /opt/airflow/dags/wordcount_dag.py
[2025-05-02T20:39:06.546+0000] {processor.py:914} INFO - Processing file /opt/airflow/dags/wordcount_dag.py for tasks to queue
[2025-05-02T20:39:06.547+0000] {logging_mixin.py:190} INFO - [2025-05-02T20:39:06.547+0000] {dagbag.py:588} INFO - Filling up the DagBag from /opt/airflow/dags/wordcount_dag.py
[2025-05-02T20:39:06.678+0000] {processor.py:925} INFO - DAG(s) 'news_dag' retrieved from /opt/airflow/dags/wordcount_dag.py
[2025-05-02T20:39:06.686+0000] {logging_mixin.py:190} INFO - [2025-05-02T20:39:06.686+0000] {dag.py:3239} INFO - Sync 1 DAGs
[2025-05-02T20:39:06.691+0000] {logging_mixin.py:190} INFO - [2025-05-02T20:39:06.691+0000] {dag.py:4180} INFO - Setting next_dagrun for news_dag to None, run_after=None
[2025-05-02T20:39:06.697+0000] {processor.py:208} INFO - Processing /opt/airflow/dags/wordcount_dag.py took 0.154 seconds
[2025-05-02T20:39:37.158+0000] {processor.py:186} INFO - Started process (PID=142) to work on /opt/airflow/dags/wordcount_dag.py
[2025-05-02T20:39:37.159+0000] {processor.py:914} INFO - Processing file /opt/airflow/dags/wordcount_dag.py for tasks to queue
[2025-05-02T20:39:37.159+0000] {logging_mixin.py:190} INFO - [2025-05-02T20:39:37.159+0000] {dagbag.py:588} INFO - Filling up the DagBag from /opt/airflow/dags/wordcount_dag.py
[2025-05-02T20:39:37.289+0000] {processor.py:925} INFO - DAG(s) 'news_dag' retrieved from /opt/airflow/dags/wordcount_dag.py
[2025-05-02T20:39:37.297+0000] {logging_mixin.py:190} INFO - [2025-05-02T20:39:37.297+0000] {dag.py:3239} INFO - Sync 1 DAGs
[2025-05-02T20:39:37.302+0000] {logging_mixin.py:190} INFO - [2025-05-02T20:39:37.301+0000] {dag.py:4180} INFO - Setting next_dagrun for news_dag to None, run_after=None
[2025-05-02T20:39:37.307+0000] {processor.py:208} INFO - Processing /opt/airflow/dags/wordcount_dag.py took 0.152 seconds
[2025-05-02T20:40:07.734+0000] {processor.py:186} INFO - Started process (PID=145) to work on /opt/airflow/dags/wordcount_dag.py
[2025-05-02T20:40:07.735+0000] {processor.py:914} INFO - Processing file /opt/airflow/dags/wordcount_dag.py for tasks to queue
[2025-05-02T20:40:07.735+0000] {logging_mixin.py:190} INFO - [2025-05-02T20:40:07.735+0000] {dagbag.py:588} INFO - Filling up the DagBag from /opt/airflow/dags/wordcount_dag.py
[2025-05-02T20:40:07.865+0000] {processor.py:925} INFO - DAG(s) 'news_dag' retrieved from /opt/airflow/dags/wordcount_dag.py
[2025-05-02T20:40:07.872+0000] {logging_mixin.py:190} INFO - [2025-05-02T20:40:07.872+0000] {dag.py:3239} INFO - Sync 1 DAGs
[2025-05-02T20:40:07.876+0000] {logging_mixin.py:190} INFO - [2025-05-02T20:40:07.876+0000] {dag.py:4180} INFO - Setting next_dagrun for news_dag to None, run_after=None
[2025-05-02T20:40:07.882+0000] {processor.py:208} INFO - Processing /opt/airflow/dags/wordcount_dag.py took 0.150 seconds
[2025-05-02T20:40:38.354+0000] {processor.py:186} INFO - Started process (PID=148) to work on /opt/airflow/dags/wordcount_dag.py
[2025-05-02T20:40:38.354+0000] {processor.py:914} INFO - Processing file /opt/airflow/dags/wordcount_dag.py for tasks to queue
[2025-05-02T20:40:38.355+0000] {logging_mixin.py:190} INFO - [2025-05-02T20:40:38.355+0000] {dagbag.py:588} INFO - Filling up the DagBag from /opt/airflow/dags/wordcount_dag.py
[2025-05-02T20:40:38.485+0000] {processor.py:925} INFO - DAG(s) 'news_dag' retrieved from /opt/airflow/dags/wordcount_dag.py
[2025-05-02T20:40:38.493+0000] {logging_mixin.py:190} INFO - [2025-05-02T20:40:38.492+0000] {dag.py:3239} INFO - Sync 1 DAGs
[2025-05-02T20:40:38.497+0000] {logging_mixin.py:190} INFO - [2025-05-02T20:40:38.497+0000] {dag.py:4180} INFO - Setting next_dagrun for news_dag to None, run_after=None
[2025-05-02T20:40:38.502+0000] {processor.py:208} INFO - Processing /opt/airflow/dags/wordcount_dag.py took 0.152 seconds
[2025-05-02T20:41:08.948+0000] {processor.py:186} INFO - Started process (PID=151) to work on /opt/airflow/dags/wordcount_dag.py
[2025-05-02T20:41:08.949+0000] {processor.py:914} INFO - Processing file /opt/airflow/dags/wordcount_dag.py for tasks to queue
[2025-05-02T20:41:08.949+0000] {logging_mixin.py:190} INFO - [2025-05-02T20:41:08.949+0000] {dagbag.py:588} INFO - Filling up the DagBag from /opt/airflow/dags/wordcount_dag.py
[2025-05-02T20:41:09.079+0000] {processor.py:925} INFO - DAG(s) 'news_dag' retrieved from /opt/airflow/dags/wordcount_dag.py
[2025-05-02T20:41:09.086+0000] {logging_mixin.py:190} INFO - [2025-05-02T20:41:09.086+0000] {dag.py:3239} INFO - Sync 1 DAGs
[2025-05-02T20:41:09.090+0000] {logging_mixin.py:190} INFO - [2025-05-02T20:41:09.090+0000] {dag.py:4180} INFO - Setting next_dagrun for news_dag to None, run_after=None
[2025-05-02T20:41:09.097+0000] {processor.py:208} INFO - Processing /opt/airflow/dags/wordcount_dag.py took 0.152 seconds
[2025-05-02T20:41:39.547+0000] {processor.py:186} INFO - Started process (PID=154) to work on /opt/airflow/dags/wordcount_dag.py
[2025-05-02T20:41:39.548+0000] {processor.py:914} INFO - Processing file /opt/airflow/dags/wordcount_dag.py for tasks to queue
[2025-05-02T20:41:39.548+0000] {logging_mixin.py:190} INFO - [2025-05-02T20:41:39.548+0000] {dagbag.py:588} INFO - Filling up the DagBag from /opt/airflow/dags/wordcount_dag.py
[2025-05-02T20:41:39.679+0000] {processor.py:925} INFO - DAG(s) 'news_dag' retrieved from /opt/airflow/dags/wordcount_dag.py
[2025-05-02T20:41:39.686+0000] {logging_mixin.py:190} INFO - [2025-05-02T20:41:39.686+0000] {dag.py:3239} INFO - Sync 1 DAGs
[2025-05-02T20:41:39.690+0000] {logging_mixin.py:190} INFO - [2025-05-02T20:41:39.690+0000] {dag.py:4180} INFO - Setting next_dagrun for news_dag to None, run_after=None
[2025-05-02T20:41:39.696+0000] {processor.py:208} INFO - Processing /opt/airflow/dags/wordcount_dag.py took 0.152 seconds
[2025-05-02T20:42:10.150+0000] {processor.py:186} INFO - Started process (PID=157) to work on /opt/airflow/dags/wordcount_dag.py
[2025-05-02T20:42:10.151+0000] {processor.py:914} INFO - Processing file /opt/airflow/dags/wordcount_dag.py for tasks to queue
[2025-05-02T20:42:10.151+0000] {logging_mixin.py:190} INFO - [2025-05-02T20:42:10.151+0000] {dagbag.py:588} INFO - Filling up the DagBag from /opt/airflow/dags/wordcount_dag.py
[2025-05-02T20:42:10.281+0000] {processor.py:925} INFO - DAG(s) 'news_dag' retrieved from /opt/airflow/dags/wordcount_dag.py
[2025-05-02T20:42:10.288+0000] {logging_mixin.py:190} INFO - [2025-05-02T20:42:10.288+0000] {dag.py:3239} INFO - Sync 1 DAGs
[2025-05-02T20:42:10.292+0000] {logging_mixin.py:190} INFO - [2025-05-02T20:42:10.292+0000] {dag.py:4180} INFO - Setting next_dagrun for news_dag to None, run_after=None
[2025-05-02T20:42:10.298+0000] {processor.py:208} INFO - Processing /opt/airflow/dags/wordcount_dag.py took 0.151 seconds
[2025-05-02T20:42:40.717+0000] {processor.py:186} INFO - Started process (PID=160) to work on /opt/airflow/dags/wordcount_dag.py
[2025-05-02T20:42:40.717+0000] {processor.py:914} INFO - Processing file /opt/airflow/dags/wordcount_dag.py for tasks to queue
[2025-05-02T20:42:40.718+0000] {logging_mixin.py:190} INFO - [2025-05-02T20:42:40.718+0000] {dagbag.py:588} INFO - Filling up the DagBag from /opt/airflow/dags/wordcount_dag.py
[2025-05-02T20:42:40.848+0000] {processor.py:925} INFO - DAG(s) 'news_dag' retrieved from /opt/airflow/dags/wordcount_dag.py
[2025-05-02T20:42:40.856+0000] {logging_mixin.py:190} INFO - [2025-05-02T20:42:40.856+0000] {dag.py:3239} INFO - Sync 1 DAGs
[2025-05-02T20:42:40.860+0000] {logging_mixin.py:190} INFO - [2025-05-02T20:42:40.860+0000] {dag.py:4180} INFO - Setting next_dagrun for news_dag to None, run_after=None
[2025-05-02T20:42:40.865+0000] {processor.py:208} INFO - Processing /opt/airflow/dags/wordcount_dag.py took 0.152 seconds
[2025-05-02T20:43:11.299+0000] {processor.py:186} INFO - Started process (PID=163) to work on /opt/airflow/dags/wordcount_dag.py
[2025-05-02T20:43:11.300+0000] {processor.py:914} INFO - Processing file /opt/airflow/dags/wordcount_dag.py for tasks to queue
[2025-05-02T20:43:11.300+0000] {logging_mixin.py:190} INFO - [2025-05-02T20:43:11.300+0000] {dagbag.py:588} INFO - Filling up the DagBag from /opt/airflow/dags/wordcount_dag.py
[2025-05-02T20:43:11.428+0000] {processor.py:925} INFO - DAG(s) 'news_dag' retrieved from /opt/airflow/dags/wordcount_dag.py
[2025-05-02T20:43:11.435+0000] {logging_mixin.py:190} INFO - [2025-05-02T20:43:11.435+0000] {dag.py:3239} INFO - Sync 1 DAGs
[2025-05-02T20:43:11.439+0000] {logging_mixin.py:190} INFO - [2025-05-02T20:43:11.439+0000] {dag.py:4180} INFO - Setting next_dagrun for news_dag to None, run_after=None
[2025-05-02T20:43:11.445+0000] {processor.py:208} INFO - Processing /opt/airflow/dags/wordcount_dag.py took 0.149 seconds
[2025-05-02T20:43:41.934+0000] {processor.py:186} INFO - Started process (PID=166) to work on /opt/airflow/dags/wordcount_dag.py
[2025-05-02T20:43:41.935+0000] {processor.py:914} INFO - Processing file /opt/airflow/dags/wordcount_dag.py for tasks to queue
[2025-05-02T20:43:41.935+0000] {logging_mixin.py:190} INFO - [2025-05-02T20:43:41.935+0000] {dagbag.py:588} INFO - Filling up the DagBag from /opt/airflow/dags/wordcount_dag.py
[2025-05-02T20:43:42.073+0000] {processor.py:925} INFO - DAG(s) 'news_dag' retrieved from /opt/airflow/dags/wordcount_dag.py
[2025-05-02T20:43:42.080+0000] {logging_mixin.py:190} INFO - [2025-05-02T20:43:42.080+0000] {dag.py:3239} INFO - Sync 1 DAGs
[2025-05-02T20:43:42.085+0000] {logging_mixin.py:190} INFO - [2025-05-02T20:43:42.085+0000] {dag.py:4180} INFO - Setting next_dagrun for news_dag to None, run_after=None
[2025-05-02T20:43:42.090+0000] {processor.py:208} INFO - Processing /opt/airflow/dags/wordcount_dag.py took 0.161 seconds
[2025-05-02T20:44:12.532+0000] {processor.py:186} INFO - Started process (PID=169) to work on /opt/airflow/dags/wordcount_dag.py
[2025-05-02T20:44:12.532+0000] {processor.py:914} INFO - Processing file /opt/airflow/dags/wordcount_dag.py for tasks to queue
[2025-05-02T20:44:12.533+0000] {logging_mixin.py:190} INFO - [2025-05-02T20:44:12.533+0000] {dagbag.py:588} INFO - Filling up the DagBag from /opt/airflow/dags/wordcount_dag.py
[2025-05-02T20:44:12.665+0000] {processor.py:925} INFO - DAG(s) 'news_dag' retrieved from /opt/airflow/dags/wordcount_dag.py
[2025-05-02T20:44:12.672+0000] {logging_mixin.py:190} INFO - [2025-05-02T20:44:12.672+0000] {dag.py:3239} INFO - Sync 1 DAGs
[2025-05-02T20:44:12.676+0000] {logging_mixin.py:190} INFO - [2025-05-02T20:44:12.676+0000] {dag.py:4180} INFO - Setting next_dagrun for news_dag to None, run_after=None
[2025-05-02T20:44:12.682+0000] {processor.py:208} INFO - Processing /opt/airflow/dags/wordcount_dag.py took 0.153 seconds
[2025-05-02T20:44:43.072+0000] {processor.py:186} INFO - Started process (PID=172) to work on /opt/airflow/dags/wordcount_dag.py
[2025-05-02T20:44:43.073+0000] {processor.py:914} INFO - Processing file /opt/airflow/dags/wordcount_dag.py for tasks to queue
[2025-05-02T20:44:43.073+0000] {logging_mixin.py:190} INFO - [2025-05-02T20:44:43.073+0000] {dagbag.py:588} INFO - Filling up the DagBag from /opt/airflow/dags/wordcount_dag.py
[2025-05-02T20:44:43.203+0000] {processor.py:925} INFO - DAG(s) 'news_dag' retrieved from /opt/airflow/dags/wordcount_dag.py
[2025-05-02T20:44:43.211+0000] {logging_mixin.py:190} INFO - [2025-05-02T20:44:43.211+0000] {dag.py:3239} INFO - Sync 1 DAGs
[2025-05-02T20:44:43.216+0000] {logging_mixin.py:190} INFO - [2025-05-02T20:44:43.216+0000] {dag.py:4180} INFO - Setting next_dagrun for news_dag to None, run_after=None
[2025-05-02T20:44:43.222+0000] {processor.py:208} INFO - Processing /opt/airflow/dags/wordcount_dag.py took 0.153 seconds
[2025-05-02T20:45:13.696+0000] {processor.py:186} INFO - Started process (PID=175) to work on /opt/airflow/dags/wordcount_dag.py
[2025-05-02T20:45:13.696+0000] {processor.py:914} INFO - Processing file /opt/airflow/dags/wordcount_dag.py for tasks to queue
[2025-05-02T20:45:13.697+0000] {logging_mixin.py:190} INFO - [2025-05-02T20:45:13.696+0000] {dagbag.py:588} INFO - Filling up the DagBag from /opt/airflow/dags/wordcount_dag.py
[2025-05-02T20:45:13.827+0000] {processor.py:925} INFO - DAG(s) 'news_dag' retrieved from /opt/airflow/dags/wordcount_dag.py
[2025-05-02T20:45:13.834+0000] {logging_mixin.py:190} INFO - [2025-05-02T20:45:13.834+0000] {dag.py:3239} INFO - Sync 1 DAGs
[2025-05-02T20:45:13.838+0000] {logging_mixin.py:190} INFO - [2025-05-02T20:45:13.838+0000] {dag.py:4180} INFO - Setting next_dagrun for news_dag to None, run_after=None
[2025-05-02T20:45:13.843+0000] {processor.py:208} INFO - Processing /opt/airflow/dags/wordcount_dag.py took 0.151 seconds
[2025-05-02T20:45:44.076+0000] {processor.py:186} INFO - Started process (PID=178) to work on /opt/airflow/dags/wordcount_dag.py
[2025-05-02T20:45:44.076+0000] {processor.py:914} INFO - Processing file /opt/airflow/dags/wordcount_dag.py for tasks to queue
[2025-05-02T20:45:44.077+0000] {logging_mixin.py:190} INFO - [2025-05-02T20:45:44.077+0000] {dagbag.py:588} INFO - Filling up the DagBag from /opt/airflow/dags/wordcount_dag.py
[2025-05-02T20:45:44.210+0000] {processor.py:925} INFO - DAG(s) 'news_dag' retrieved from /opt/airflow/dags/wordcount_dag.py
[2025-05-02T20:45:44.218+0000] {logging_mixin.py:190} INFO - [2025-05-02T20:45:44.218+0000] {dag.py:3239} INFO - Sync 1 DAGs
[2025-05-02T20:45:44.222+0000] {logging_mixin.py:190} INFO - [2025-05-02T20:45:44.222+0000] {dag.py:4180} INFO - Setting next_dagrun for news_dag to None, run_after=None
[2025-05-02T20:45:44.227+0000] {processor.py:208} INFO - Processing /opt/airflow/dags/wordcount_dag.py took 0.154 seconds
[2025-05-02T20:46:14.511+0000] {processor.py:186} INFO - Started process (PID=181) to work on /opt/airflow/dags/wordcount_dag.py
[2025-05-02T20:46:14.512+0000] {processor.py:914} INFO - Processing file /opt/airflow/dags/wordcount_dag.py for tasks to queue
[2025-05-02T20:46:14.513+0000] {logging_mixin.py:190} INFO - [2025-05-02T20:46:14.512+0000] {dagbag.py:588} INFO - Filling up the DagBag from /opt/airflow/dags/wordcount_dag.py
[2025-05-02T20:46:14.646+0000] {processor.py:925} INFO - DAG(s) 'news_dag' retrieved from /opt/airflow/dags/wordcount_dag.py
[2025-05-02T20:46:14.654+0000] {logging_mixin.py:190} INFO - [2025-05-02T20:46:14.654+0000] {dag.py:3239} INFO - Sync 1 DAGs
[2025-05-02T20:46:14.658+0000] {logging_mixin.py:190} INFO - [2025-05-02T20:46:14.658+0000] {dag.py:4180} INFO - Setting next_dagrun for news_dag to None, run_after=None
[2025-05-02T20:46:14.665+0000] {processor.py:208} INFO - Processing /opt/airflow/dags/wordcount_dag.py took 0.157 seconds
[2025-05-02T20:46:44.913+0000] {processor.py:186} INFO - Started process (PID=184) to work on /opt/airflow/dags/wordcount_dag.py
[2025-05-02T20:46:44.914+0000] {processor.py:914} INFO - Processing file /opt/airflow/dags/wordcount_dag.py for tasks to queue
[2025-05-02T20:46:44.914+0000] {logging_mixin.py:190} INFO - [2025-05-02T20:46:44.914+0000] {dagbag.py:588} INFO - Filling up the DagBag from /opt/airflow/dags/wordcount_dag.py
[2025-05-02T20:46:45.044+0000] {processor.py:925} INFO - DAG(s) 'news_dag' retrieved from /opt/airflow/dags/wordcount_dag.py
[2025-05-02T20:46:45.052+0000] {logging_mixin.py:190} INFO - [2025-05-02T20:46:45.051+0000] {dag.py:3239} INFO - Sync 1 DAGs
[2025-05-02T20:46:45.056+0000] {logging_mixin.py:190} INFO - [2025-05-02T20:46:45.056+0000] {dag.py:4180} INFO - Setting next_dagrun for news_dag to None, run_after=None
[2025-05-02T20:46:45.064+0000] {processor.py:208} INFO - Processing /opt/airflow/dags/wordcount_dag.py took 0.154 seconds
[2025-05-02T20:47:15.375+0000] {processor.py:186} INFO - Started process (PID=187) to work on /opt/airflow/dags/wordcount_dag.py
[2025-05-02T20:47:15.376+0000] {processor.py:914} INFO - Processing file /opt/airflow/dags/wordcount_dag.py for tasks to queue
[2025-05-02T20:47:15.376+0000] {logging_mixin.py:190} INFO - [2025-05-02T20:47:15.376+0000] {dagbag.py:588} INFO - Filling up the DagBag from /opt/airflow/dags/wordcount_dag.py
[2025-05-02T20:47:15.512+0000] {processor.py:925} INFO - DAG(s) 'news_dag' retrieved from /opt/airflow/dags/wordcount_dag.py
[2025-05-02T20:47:15.520+0000] {logging_mixin.py:190} INFO - [2025-05-02T20:47:15.520+0000] {dag.py:3239} INFO - Sync 1 DAGs
[2025-05-02T20:47:15.525+0000] {logging_mixin.py:190} INFO - [2025-05-02T20:47:15.524+0000] {dag.py:4180} INFO - Setting next_dagrun for news_dag to None, run_after=None
[2025-05-02T20:47:15.531+0000] {processor.py:208} INFO - Processing /opt/airflow/dags/wordcount_dag.py took 0.160 seconds
[2025-05-02T20:47:45.916+0000] {processor.py:186} INFO - Started process (PID=190) to work on /opt/airflow/dags/wordcount_dag.py
[2025-05-02T20:47:45.917+0000] {processor.py:914} INFO - Processing file /opt/airflow/dags/wordcount_dag.py for tasks to queue
[2025-05-02T20:47:45.917+0000] {logging_mixin.py:190} INFO - [2025-05-02T20:47:45.917+0000] {dagbag.py:588} INFO - Filling up the DagBag from /opt/airflow/dags/wordcount_dag.py
[2025-05-02T20:47:46.054+0000] {processor.py:925} INFO - DAG(s) 'news_dag' retrieved from /opt/airflow/dags/wordcount_dag.py
[2025-05-02T20:47:46.062+0000] {logging_mixin.py:190} INFO - [2025-05-02T20:47:46.062+0000] {dag.py:3239} INFO - Sync 1 DAGs
[2025-05-02T20:47:46.067+0000] {logging_mixin.py:190} INFO - [2025-05-02T20:47:46.067+0000] {dag.py:4180} INFO - Setting next_dagrun for news_dag to None, run_after=None
[2025-05-02T20:47:46.073+0000] {processor.py:208} INFO - Processing /opt/airflow/dags/wordcount_dag.py took 0.159 seconds
[2025-05-02T20:48:16.514+0000] {processor.py:186} INFO - Started process (PID=193) to work on /opt/airflow/dags/wordcount_dag.py
[2025-05-02T20:48:16.514+0000] {processor.py:914} INFO - Processing file /opt/airflow/dags/wordcount_dag.py for tasks to queue
[2025-05-02T20:48:16.515+0000] {logging_mixin.py:190} INFO - [2025-05-02T20:48:16.515+0000] {dagbag.py:588} INFO - Filling up the DagBag from /opt/airflow/dags/wordcount_dag.py
[2025-05-02T20:48:16.645+0000] {processor.py:925} INFO - DAG(s) 'news_dag' retrieved from /opt/airflow/dags/wordcount_dag.py
[2025-05-02T20:48:16.653+0000] {logging_mixin.py:190} INFO - [2025-05-02T20:48:16.652+0000] {dag.py:3239} INFO - Sync 1 DAGs
[2025-05-02T20:48:16.657+0000] {logging_mixin.py:190} INFO - [2025-05-02T20:48:16.657+0000] {dag.py:4180} INFO - Setting next_dagrun for news_dag to None, run_after=None
[2025-05-02T20:48:16.662+0000] {processor.py:208} INFO - Processing /opt/airflow/dags/wordcount_dag.py took 0.152 seconds
[2025-05-02T20:48:47.095+0000] {processor.py:186} INFO - Started process (PID=196) to work on /opt/airflow/dags/wordcount_dag.py
[2025-05-02T20:48:47.096+0000] {processor.py:914} INFO - Processing file /opt/airflow/dags/wordcount_dag.py for tasks to queue
[2025-05-02T20:48:47.096+0000] {logging_mixin.py:190} INFO - [2025-05-02T20:48:47.096+0000] {dagbag.py:588} INFO - Filling up the DagBag from /opt/airflow/dags/wordcount_dag.py
[2025-05-02T20:48:47.225+0000] {processor.py:925} INFO - DAG(s) 'news_dag' retrieved from /opt/airflow/dags/wordcount_dag.py
[2025-05-02T20:48:47.233+0000] {logging_mixin.py:190} INFO - [2025-05-02T20:48:47.233+0000] {dag.py:3239} INFO - Sync 1 DAGs
[2025-05-02T20:48:47.237+0000] {logging_mixin.py:190} INFO - [2025-05-02T20:48:47.237+0000] {dag.py:4180} INFO - Setting next_dagrun for news_dag to None, run_after=None
[2025-05-02T20:48:47.243+0000] {processor.py:208} INFO - Processing /opt/airflow/dags/wordcount_dag.py took 0.151 seconds
[2025-05-02T20:49:17.675+0000] {processor.py:186} INFO - Started process (PID=199) to work on /opt/airflow/dags/wordcount_dag.py
[2025-05-02T20:49:17.675+0000] {processor.py:914} INFO - Processing file /opt/airflow/dags/wordcount_dag.py for tasks to queue
[2025-05-02T20:49:17.676+0000] {logging_mixin.py:190} INFO - [2025-05-02T20:49:17.676+0000] {dagbag.py:588} INFO - Filling up the DagBag from /opt/airflow/dags/wordcount_dag.py
[2025-05-02T20:49:17.805+0000] {processor.py:925} INFO - DAG(s) 'news_dag' retrieved from /opt/airflow/dags/wordcount_dag.py
[2025-05-02T20:49:17.813+0000] {logging_mixin.py:190} INFO - [2025-05-02T20:49:17.813+0000] {dag.py:3239} INFO - Sync 1 DAGs
[2025-05-02T20:49:17.817+0000] {logging_mixin.py:190} INFO - [2025-05-02T20:49:17.817+0000] {dag.py:4180} INFO - Setting next_dagrun for news_dag to None, run_after=None
[2025-05-02T20:49:17.823+0000] {processor.py:208} INFO - Processing /opt/airflow/dags/wordcount_dag.py took 0.152 seconds
[2025-05-02T20:49:48.281+0000] {processor.py:186} INFO - Started process (PID=202) to work on /opt/airflow/dags/wordcount_dag.py
[2025-05-02T20:49:48.282+0000] {processor.py:914} INFO - Processing file /opt/airflow/dags/wordcount_dag.py for tasks to queue
[2025-05-02T20:49:48.282+0000] {logging_mixin.py:190} INFO - [2025-05-02T20:49:48.282+0000] {dagbag.py:588} INFO - Filling up the DagBag from /opt/airflow/dags/wordcount_dag.py
[2025-05-02T20:49:48.413+0000] {processor.py:925} INFO - DAG(s) 'news_dag' retrieved from /opt/airflow/dags/wordcount_dag.py
[2025-05-02T20:49:48.421+0000] {logging_mixin.py:190} INFO - [2025-05-02T20:49:48.420+0000] {dag.py:3239} INFO - Sync 1 DAGs
[2025-05-02T20:49:48.425+0000] {logging_mixin.py:190} INFO - [2025-05-02T20:49:48.425+0000] {dag.py:4180} INFO - Setting next_dagrun for news_dag to None, run_after=None
[2025-05-02T20:49:48.430+0000] {processor.py:208} INFO - Processing /opt/airflow/dags/wordcount_dag.py took 0.152 seconds
[2025-05-02T20:50:18.745+0000] {processor.py:186} INFO - Started process (PID=205) to work on /opt/airflow/dags/wordcount_dag.py
[2025-05-02T20:50:18.745+0000] {processor.py:914} INFO - Processing file /opt/airflow/dags/wordcount_dag.py for tasks to queue
[2025-05-02T20:50:18.746+0000] {logging_mixin.py:190} INFO - [2025-05-02T20:50:18.745+0000] {dagbag.py:588} INFO - Filling up the DagBag from /opt/airflow/dags/wordcount_dag.py
[2025-05-02T20:50:18.877+0000] {processor.py:925} INFO - DAG(s) 'news_dag' retrieved from /opt/airflow/dags/wordcount_dag.py
[2025-05-02T20:50:18.885+0000] {logging_mixin.py:190} INFO - [2025-05-02T20:50:18.885+0000] {dag.py:3239} INFO - Sync 1 DAGs
[2025-05-02T20:50:18.891+0000] {logging_mixin.py:190} INFO - [2025-05-02T20:50:18.891+0000] {dag.py:4180} INFO - Setting next_dagrun for news_dag to None, run_after=None
[2025-05-02T20:50:18.898+0000] {processor.py:208} INFO - Processing /opt/airflow/dags/wordcount_dag.py took 0.156 seconds
[2025-05-02T20:50:49.254+0000] {processor.py:186} INFO - Started process (PID=208) to work on /opt/airflow/dags/wordcount_dag.py
[2025-05-02T20:50:49.254+0000] {processor.py:914} INFO - Processing file /opt/airflow/dags/wordcount_dag.py for tasks to queue
[2025-05-02T20:50:49.255+0000] {logging_mixin.py:190} INFO - [2025-05-02T20:50:49.255+0000] {dagbag.py:588} INFO - Filling up the DagBag from /opt/airflow/dags/wordcount_dag.py
[2025-05-02T20:50:49.394+0000] {processor.py:925} INFO - DAG(s) 'news_dag' retrieved from /opt/airflow/dags/wordcount_dag.py
[2025-05-02T20:50:49.401+0000] {logging_mixin.py:190} INFO - [2025-05-02T20:50:49.401+0000] {dag.py:3239} INFO - Sync 1 DAGs
[2025-05-02T20:50:49.405+0000] {logging_mixin.py:190} INFO - [2025-05-02T20:50:49.405+0000] {dag.py:4180} INFO - Setting next_dagrun for news_dag to None, run_after=None
[2025-05-02T20:50:49.411+0000] {processor.py:208} INFO - Processing /opt/airflow/dags/wordcount_dag.py took 0.160 seconds
[2025-05-02T20:51:19.870+0000] {processor.py:186} INFO - Started process (PID=211) to work on /opt/airflow/dags/wordcount_dag.py
[2025-05-02T20:51:19.871+0000] {processor.py:914} INFO - Processing file /opt/airflow/dags/wordcount_dag.py for tasks to queue
[2025-05-02T20:51:19.872+0000] {logging_mixin.py:190} INFO - [2025-05-02T20:51:19.871+0000] {dagbag.py:588} INFO - Filling up the DagBag from /opt/airflow/dags/wordcount_dag.py
[2025-05-02T20:51:20.000+0000] {processor.py:925} INFO - DAG(s) 'news_dag' retrieved from /opt/airflow/dags/wordcount_dag.py
[2025-05-02T20:51:20.007+0000] {logging_mixin.py:190} INFO - [2025-05-02T20:51:20.007+0000] {dag.py:3239} INFO - Sync 1 DAGs
[2025-05-02T20:51:20.011+0000] {logging_mixin.py:190} INFO - [2025-05-02T20:51:20.011+0000] {dag.py:4180} INFO - Setting next_dagrun for news_dag to None, run_after=None
[2025-05-02T20:51:20.017+0000] {processor.py:208} INFO - Processing /opt/airflow/dags/wordcount_dag.py took 0.150 seconds
[2025-05-02T20:51:50.389+0000] {processor.py:186} INFO - Started process (PID=214) to work on /opt/airflow/dags/wordcount_dag.py
[2025-05-02T20:51:50.389+0000] {processor.py:914} INFO - Processing file /opt/airflow/dags/wordcount_dag.py for tasks to queue
[2025-05-02T20:51:50.390+0000] {logging_mixin.py:190} INFO - [2025-05-02T20:51:50.390+0000] {dagbag.py:588} INFO - Filling up the DagBag from /opt/airflow/dags/wordcount_dag.py
[2025-05-02T20:51:50.529+0000] {processor.py:925} INFO - DAG(s) 'news_dag' retrieved from /opt/airflow/dags/wordcount_dag.py
[2025-05-02T20:51:50.536+0000] {logging_mixin.py:190} INFO - [2025-05-02T20:51:50.536+0000] {dag.py:3239} INFO - Sync 1 DAGs
[2025-05-02T20:51:50.541+0000] {logging_mixin.py:190} INFO - [2025-05-02T20:51:50.541+0000] {dag.py:4180} INFO - Setting next_dagrun for news_dag to None, run_after=None
[2025-05-02T20:51:50.547+0000] {processor.py:208} INFO - Processing /opt/airflow/dags/wordcount_dag.py took 0.162 seconds
[2025-05-02T20:52:20.862+0000] {processor.py:186} INFO - Started process (PID=217) to work on /opt/airflow/dags/wordcount_dag.py
[2025-05-02T20:52:20.863+0000] {processor.py:914} INFO - Processing file /opt/airflow/dags/wordcount_dag.py for tasks to queue
[2025-05-02T20:52:20.863+0000] {logging_mixin.py:190} INFO - [2025-05-02T20:52:20.863+0000] {dagbag.py:588} INFO - Filling up the DagBag from /opt/airflow/dags/wordcount_dag.py
[2025-05-02T20:52:20.992+0000] {processor.py:925} INFO - DAG(s) 'news_dag' retrieved from /opt/airflow/dags/wordcount_dag.py
[2025-05-02T20:52:20.999+0000] {logging_mixin.py:190} INFO - [2025-05-02T20:52:20.999+0000] {dag.py:3239} INFO - Sync 1 DAGs
[2025-05-02T20:52:21.003+0000] {logging_mixin.py:190} INFO - [2025-05-02T20:52:21.003+0000] {dag.py:4180} INFO - Setting next_dagrun for news_dag to None, run_after=None
[2025-05-02T20:52:21.009+0000] {processor.py:208} INFO - Processing /opt/airflow/dags/wordcount_dag.py took 0.150 seconds
[2025-05-02T20:56:13.672+0000] {processor.py:186} INFO - Started process (PID=220) to work on /opt/airflow/dags/wordcount_dag.py
[2025-05-02T20:56:13.672+0000] {processor.py:914} INFO - Processing file /opt/airflow/dags/wordcount_dag.py for tasks to queue
[2025-05-02T20:56:13.673+0000] {logging_mixin.py:190} INFO - [2025-05-02T20:56:13.673+0000] {dagbag.py:588} INFO - Filling up the DagBag from /opt/airflow/dags/wordcount_dag.py
[2025-05-02T20:56:13.805+0000] {processor.py:925} INFO - DAG(s) 'news_dag' retrieved from /opt/airflow/dags/wordcount_dag.py
[2025-05-02T20:56:13.813+0000] {logging_mixin.py:190} INFO - [2025-05-02T20:56:13.813+0000] {dag.py:3239} INFO - Sync 1 DAGs
[2025-05-02T20:56:13.817+0000] {logging_mixin.py:190} INFO - [2025-05-02T20:56:13.817+0000] {dag.py:4180} INFO - Setting next_dagrun for news_dag to None, run_after=None
[2025-05-02T20:56:13.823+0000] {processor.py:208} INFO - Processing /opt/airflow/dags/wordcount_dag.py took 0.154 seconds
[2025-05-02T20:56:44.221+0000] {processor.py:186} INFO - Started process (PID=223) to work on /opt/airflow/dags/wordcount_dag.py
[2025-05-02T20:56:44.222+0000] {processor.py:914} INFO - Processing file /opt/airflow/dags/wordcount_dag.py for tasks to queue
[2025-05-02T20:56:44.223+0000] {logging_mixin.py:190} INFO - [2025-05-02T20:56:44.222+0000] {dagbag.py:588} INFO - Filling up the DagBag from /opt/airflow/dags/wordcount_dag.py
[2025-05-02T20:56:44.357+0000] {processor.py:925} INFO - DAG(s) 'news_dag' retrieved from /opt/airflow/dags/wordcount_dag.py
[2025-05-02T20:56:44.365+0000] {logging_mixin.py:190} INFO - [2025-05-02T20:56:44.364+0000] {dag.py:3239} INFO - Sync 1 DAGs
[2025-05-02T20:56:44.369+0000] {logging_mixin.py:190} INFO - [2025-05-02T20:56:44.368+0000] {dag.py:4180} INFO - Setting next_dagrun for news_dag to None, run_after=None
[2025-05-02T20:56:44.374+0000] {processor.py:208} INFO - Processing /opt/airflow/dags/wordcount_dag.py took 0.156 seconds
[2025-05-02T20:57:14.789+0000] {processor.py:186} INFO - Started process (PID=226) to work on /opt/airflow/dags/wordcount_dag.py
[2025-05-02T20:57:14.789+0000] {processor.py:914} INFO - Processing file /opt/airflow/dags/wordcount_dag.py for tasks to queue
[2025-05-02T20:57:14.790+0000] {logging_mixin.py:190} INFO - [2025-05-02T20:57:14.790+0000] {dagbag.py:588} INFO - Filling up the DagBag from /opt/airflow/dags/wordcount_dag.py
[2025-05-02T20:57:14.918+0000] {processor.py:925} INFO - DAG(s) 'news_dag' retrieved from /opt/airflow/dags/wordcount_dag.py
[2025-05-02T20:57:14.925+0000] {logging_mixin.py:190} INFO - [2025-05-02T20:57:14.925+0000] {dag.py:3239} INFO - Sync 1 DAGs
[2025-05-02T20:57:14.929+0000] {logging_mixin.py:190} INFO - [2025-05-02T20:57:14.929+0000] {dag.py:4180} INFO - Setting next_dagrun for news_dag to None, run_after=None
[2025-05-02T20:57:14.934+0000] {processor.py:208} INFO - Processing /opt/airflow/dags/wordcount_dag.py took 0.148 seconds
[2025-05-02T20:57:45.337+0000] {processor.py:186} INFO - Started process (PID=229) to work on /opt/airflow/dags/wordcount_dag.py
[2025-05-02T20:57:45.338+0000] {processor.py:914} INFO - Processing file /opt/airflow/dags/wordcount_dag.py for tasks to queue
[2025-05-02T20:57:45.339+0000] {logging_mixin.py:190} INFO - [2025-05-02T20:57:45.338+0000] {dagbag.py:588} INFO - Filling up the DagBag from /opt/airflow/dags/wordcount_dag.py
[2025-05-02T20:57:45.473+0000] {processor.py:925} INFO - DAG(s) 'news_dag' retrieved from /opt/airflow/dags/wordcount_dag.py
[2025-05-02T20:57:45.481+0000] {logging_mixin.py:190} INFO - [2025-05-02T20:57:45.480+0000] {dag.py:3239} INFO - Sync 1 DAGs
[2025-05-02T20:57:45.485+0000] {logging_mixin.py:190} INFO - [2025-05-02T20:57:45.485+0000] {dag.py:4180} INFO - Setting next_dagrun for news_dag to None, run_after=None
[2025-05-02T20:57:45.490+0000] {processor.py:208} INFO - Processing /opt/airflow/dags/wordcount_dag.py took 0.156 seconds
[2025-05-02T20:58:15.919+0000] {processor.py:186} INFO - Started process (PID=232) to work on /opt/airflow/dags/wordcount_dag.py
[2025-05-02T20:58:15.919+0000] {processor.py:914} INFO - Processing file /opt/airflow/dags/wordcount_dag.py for tasks to queue
[2025-05-02T20:58:15.920+0000] {logging_mixin.py:190} INFO - [2025-05-02T20:58:15.920+0000] {dagbag.py:588} INFO - Filling up the DagBag from /opt/airflow/dags/wordcount_dag.py
[2025-05-02T20:58:16.049+0000] {processor.py:925} INFO - DAG(s) 'news_dag' retrieved from /opt/airflow/dags/wordcount_dag.py
[2025-05-02T20:58:16.056+0000] {logging_mixin.py:190} INFO - [2025-05-02T20:58:16.056+0000] {dag.py:3239} INFO - Sync 1 DAGs
[2025-05-02T20:58:16.060+0000] {logging_mixin.py:190} INFO - [2025-05-02T20:58:16.060+0000] {dag.py:4180} INFO - Setting next_dagrun for news_dag to None, run_after=None
[2025-05-02T20:58:16.066+0000] {processor.py:208} INFO - Processing /opt/airflow/dags/wordcount_dag.py took 0.150 seconds
[2025-05-02T20:58:46.502+0000] {processor.py:186} INFO - Started process (PID=235) to work on /opt/airflow/dags/wordcount_dag.py
[2025-05-02T20:58:46.503+0000] {processor.py:914} INFO - Processing file /opt/airflow/dags/wordcount_dag.py for tasks to queue
[2025-05-02T20:58:46.504+0000] {logging_mixin.py:190} INFO - [2025-05-02T20:58:46.504+0000] {dagbag.py:588} INFO - Filling up the DagBag from /opt/airflow/dags/wordcount_dag.py
[2025-05-02T20:58:46.635+0000] {processor.py:925} INFO - DAG(s) 'news_dag' retrieved from /opt/airflow/dags/wordcount_dag.py
[2025-05-02T20:58:46.642+0000] {logging_mixin.py:190} INFO - [2025-05-02T20:58:46.642+0000] {dag.py:3239} INFO - Sync 1 DAGs
[2025-05-02T20:58:46.646+0000] {logging_mixin.py:190} INFO - [2025-05-02T20:58:46.646+0000] {dag.py:4180} INFO - Setting next_dagrun for news_dag to None, run_after=None
[2025-05-02T20:58:46.652+0000] {processor.py:208} INFO - Processing /opt/airflow/dags/wordcount_dag.py took 0.153 seconds
[2025-05-02T20:59:17.052+0000] {processor.py:186} INFO - Started process (PID=238) to work on /opt/airflow/dags/wordcount_dag.py
[2025-05-02T20:59:17.052+0000] {processor.py:914} INFO - Processing file /opt/airflow/dags/wordcount_dag.py for tasks to queue
[2025-05-02T20:59:17.053+0000] {logging_mixin.py:190} INFO - [2025-05-02T20:59:17.053+0000] {dagbag.py:588} INFO - Filling up the DagBag from /opt/airflow/dags/wordcount_dag.py
[2025-05-02T20:59:17.183+0000] {processor.py:925} INFO - DAG(s) 'news_dag' retrieved from /opt/airflow/dags/wordcount_dag.py
[2025-05-02T20:59:17.190+0000] {logging_mixin.py:190} INFO - [2025-05-02T20:59:17.190+0000] {dag.py:3239} INFO - Sync 1 DAGs
[2025-05-02T20:59:17.195+0000] {logging_mixin.py:190} INFO - [2025-05-02T20:59:17.195+0000] {dag.py:4180} INFO - Setting next_dagrun for news_dag to None, run_after=None
[2025-05-02T20:59:17.200+0000] {processor.py:208} INFO - Processing /opt/airflow/dags/wordcount_dag.py took 0.151 seconds
[2025-05-02T20:59:47.548+0000] {processor.py:186} INFO - Started process (PID=241) to work on /opt/airflow/dags/wordcount_dag.py
[2025-05-02T20:59:47.548+0000] {processor.py:914} INFO - Processing file /opt/airflow/dags/wordcount_dag.py for tasks to queue
[2025-05-02T20:59:47.549+0000] {logging_mixin.py:190} INFO - [2025-05-02T20:59:47.549+0000] {dagbag.py:588} INFO - Filling up the DagBag from /opt/airflow/dags/wordcount_dag.py
[2025-05-02T20:59:47.680+0000] {processor.py:925} INFO - DAG(s) 'news_dag' retrieved from /opt/airflow/dags/wordcount_dag.py
[2025-05-02T20:59:47.688+0000] {logging_mixin.py:190} INFO - [2025-05-02T20:59:47.687+0000] {dag.py:3239} INFO - Sync 1 DAGs
[2025-05-02T20:59:47.692+0000] {logging_mixin.py:190} INFO - [2025-05-02T20:59:47.692+0000] {dag.py:4180} INFO - Setting next_dagrun for news_dag to None, run_after=None
[2025-05-02T20:59:47.697+0000] {processor.py:208} INFO - Processing /opt/airflow/dags/wordcount_dag.py took 0.153 seconds
[2025-05-02T21:00:17.949+0000] {processor.py:186} INFO - Started process (PID=244) to work on /opt/airflow/dags/wordcount_dag.py
[2025-05-02T21:00:17.949+0000] {processor.py:914} INFO - Processing file /opt/airflow/dags/wordcount_dag.py for tasks to queue
[2025-05-02T21:00:17.950+0000] {logging_mixin.py:190} INFO - [2025-05-02T21:00:17.950+0000] {dagbag.py:588} INFO - Filling up the DagBag from /opt/airflow/dags/wordcount_dag.py
[2025-05-02T21:00:18.095+0000] {processor.py:925} INFO - DAG(s) 'news_dag' retrieved from /opt/airflow/dags/wordcount_dag.py
[2025-05-02T21:00:18.102+0000] {logging_mixin.py:190} INFO - [2025-05-02T21:00:18.102+0000] {dag.py:3239} INFO - Sync 1 DAGs
[2025-05-02T21:00:18.106+0000] {logging_mixin.py:190} INFO - [2025-05-02T21:00:18.106+0000] {dag.py:4180} INFO - Setting next_dagrun for news_dag to None, run_after=None
[2025-05-02T21:00:18.112+0000] {processor.py:208} INFO - Processing /opt/airflow/dags/wordcount_dag.py took 0.166 seconds
[2025-05-02T21:00:48.453+0000] {processor.py:186} INFO - Started process (PID=247) to work on /opt/airflow/dags/wordcount_dag.py
[2025-05-02T21:00:48.453+0000] {processor.py:914} INFO - Processing file /opt/airflow/dags/wordcount_dag.py for tasks to queue
[2025-05-02T21:00:48.454+0000] {logging_mixin.py:190} INFO - [2025-05-02T21:00:48.454+0000] {dagbag.py:588} INFO - Filling up the DagBag from /opt/airflow/dags/wordcount_dag.py
[2025-05-02T21:00:48.591+0000] {processor.py:925} INFO - DAG(s) 'news_dag' retrieved from /opt/airflow/dags/wordcount_dag.py
[2025-05-02T21:00:48.599+0000] {logging_mixin.py:190} INFO - [2025-05-02T21:00:48.598+0000] {dag.py:3239} INFO - Sync 1 DAGs
[2025-05-02T21:00:48.603+0000] {logging_mixin.py:190} INFO - [2025-05-02T21:00:48.602+0000] {dag.py:4180} INFO - Setting next_dagrun for news_dag to None, run_after=None
[2025-05-02T21:00:48.608+0000] {processor.py:208} INFO - Processing /opt/airflow/dags/wordcount_dag.py took 0.159 seconds
[2025-05-02T21:01:19.043+0000] {processor.py:186} INFO - Started process (PID=250) to work on /opt/airflow/dags/wordcount_dag.py
[2025-05-02T21:01:19.043+0000] {processor.py:914} INFO - Processing file /opt/airflow/dags/wordcount_dag.py for tasks to queue
[2025-05-02T21:01:19.044+0000] {logging_mixin.py:190} INFO - [2025-05-02T21:01:19.043+0000] {dagbag.py:588} INFO - Filling up the DagBag from /opt/airflow/dags/wordcount_dag.py
[2025-05-02T21:01:19.179+0000] {processor.py:925} INFO - DAG(s) 'news_dag' retrieved from /opt/airflow/dags/wordcount_dag.py
[2025-05-02T21:01:19.188+0000] {logging_mixin.py:190} INFO - [2025-05-02T21:01:19.187+0000] {dag.py:3239} INFO - Sync 1 DAGs
[2025-05-02T21:01:19.194+0000] {logging_mixin.py:190} INFO - [2025-05-02T21:01:19.194+0000] {dag.py:4180} INFO - Setting next_dagrun for news_dag to None, run_after=None
[2025-05-02T21:01:19.200+0000] {processor.py:208} INFO - Processing /opt/airflow/dags/wordcount_dag.py took 0.160 seconds
[2025-05-02T21:01:49.514+0000] {processor.py:186} INFO - Started process (PID=253) to work on /opt/airflow/dags/wordcount_dag.py
[2025-05-02T21:01:49.515+0000] {processor.py:914} INFO - Processing file /opt/airflow/dags/wordcount_dag.py for tasks to queue
[2025-05-02T21:01:49.515+0000] {logging_mixin.py:190} INFO - [2025-05-02T21:01:49.515+0000] {dagbag.py:588} INFO - Filling up the DagBag from /opt/airflow/dags/wordcount_dag.py
[2025-05-02T21:01:49.658+0000] {processor.py:925} INFO - DAG(s) 'news_dag' retrieved from /opt/airflow/dags/wordcount_dag.py
[2025-05-02T21:01:49.668+0000] {logging_mixin.py:190} INFO - [2025-05-02T21:01:49.667+0000] {dag.py:3239} INFO - Sync 1 DAGs
[2025-05-02T21:01:49.672+0000] {logging_mixin.py:190} INFO - [2025-05-02T21:01:49.672+0000] {dag.py:4180} INFO - Setting next_dagrun for news_dag to None, run_after=None
[2025-05-02T21:01:49.680+0000] {processor.py:208} INFO - Processing /opt/airflow/dags/wordcount_dag.py took 0.169 seconds
[2025-05-02T21:02:19.969+0000] {processor.py:186} INFO - Started process (PID=256) to work on /opt/airflow/dags/wordcount_dag.py
[2025-05-02T21:02:19.969+0000] {processor.py:914} INFO - Processing file /opt/airflow/dags/wordcount_dag.py for tasks to queue
[2025-05-02T21:02:19.970+0000] {logging_mixin.py:190} INFO - [2025-05-02T21:02:19.970+0000] {dagbag.py:588} INFO - Filling up the DagBag from /opt/airflow/dags/wordcount_dag.py
[2025-05-02T21:02:20.101+0000] {processor.py:925} INFO - DAG(s) 'news_dag' retrieved from /opt/airflow/dags/wordcount_dag.py
[2025-05-02T21:02:20.109+0000] {logging_mixin.py:190} INFO - [2025-05-02T21:02:20.108+0000] {dag.py:3239} INFO - Sync 1 DAGs
[2025-05-02T21:02:20.113+0000] {logging_mixin.py:190} INFO - [2025-05-02T21:02:20.113+0000] {dag.py:4180} INFO - Setting next_dagrun for news_dag to None, run_after=None
[2025-05-02T21:02:20.118+0000] {processor.py:208} INFO - Processing /opt/airflow/dags/wordcount_dag.py took 0.152 seconds
[2025-05-02T21:02:50.427+0000] {processor.py:186} INFO - Started process (PID=259) to work on /opt/airflow/dags/wordcount_dag.py
[2025-05-02T21:02:50.428+0000] {processor.py:914} INFO - Processing file /opt/airflow/dags/wordcount_dag.py for tasks to queue
[2025-05-02T21:02:50.428+0000] {logging_mixin.py:190} INFO - [2025-05-02T21:02:50.428+0000] {dagbag.py:588} INFO - Filling up the DagBag from /opt/airflow/dags/wordcount_dag.py
[2025-05-02T21:02:50.568+0000] {processor.py:925} INFO - DAG(s) 'news_dag' retrieved from /opt/airflow/dags/wordcount_dag.py
[2025-05-02T21:02:50.576+0000] {logging_mixin.py:190} INFO - [2025-05-02T21:02:50.576+0000] {dag.py:3239} INFO - Sync 1 DAGs
[2025-05-02T21:02:50.581+0000] {logging_mixin.py:190} INFO - [2025-05-02T21:02:50.581+0000] {dag.py:4180} INFO - Setting next_dagrun for news_dag to None, run_after=None
[2025-05-02T21:02:50.588+0000] {processor.py:208} INFO - Processing /opt/airflow/dags/wordcount_dag.py took 0.164 seconds
[2025-05-02T21:03:20.852+0000] {processor.py:186} INFO - Started process (PID=262) to work on /opt/airflow/dags/wordcount_dag.py
[2025-05-02T21:03:20.853+0000] {processor.py:914} INFO - Processing file /opt/airflow/dags/wordcount_dag.py for tasks to queue
[2025-05-02T21:03:20.853+0000] {logging_mixin.py:190} INFO - [2025-05-02T21:03:20.853+0000] {dagbag.py:588} INFO - Filling up the DagBag from /opt/airflow/dags/wordcount_dag.py
[2025-05-02T21:03:20.990+0000] {processor.py:925} INFO - DAG(s) 'news_dag' retrieved from /opt/airflow/dags/wordcount_dag.py
[2025-05-02T21:03:20.998+0000] {logging_mixin.py:190} INFO - [2025-05-02T21:03:20.997+0000] {dag.py:3239} INFO - Sync 1 DAGs
[2025-05-02T21:03:21.002+0000] {logging_mixin.py:190} INFO - [2025-05-02T21:03:21.001+0000] {dag.py:4180} INFO - Setting next_dagrun for news_dag to None, run_after=None
[2025-05-02T21:03:21.007+0000] {processor.py:208} INFO - Processing /opt/airflow/dags/wordcount_dag.py took 0.158 seconds
[2025-05-02T21:03:51.312+0000] {processor.py:186} INFO - Started process (PID=265) to work on /opt/airflow/dags/wordcount_dag.py
[2025-05-02T21:03:51.313+0000] {processor.py:914} INFO - Processing file /opt/airflow/dags/wordcount_dag.py for tasks to queue
[2025-05-02T21:03:51.313+0000] {logging_mixin.py:190} INFO - [2025-05-02T21:03:51.313+0000] {dagbag.py:588} INFO - Filling up the DagBag from /opt/airflow/dags/wordcount_dag.py
[2025-05-02T21:03:51.443+0000] {processor.py:925} INFO - DAG(s) 'news_dag' retrieved from /opt/airflow/dags/wordcount_dag.py
[2025-05-02T21:03:51.451+0000] {logging_mixin.py:190} INFO - [2025-05-02T21:03:51.450+0000] {dag.py:3239} INFO - Sync 1 DAGs
[2025-05-02T21:03:51.455+0000] {logging_mixin.py:190} INFO - [2025-05-02T21:03:51.455+0000] {dag.py:4180} INFO - Setting next_dagrun for news_dag to None, run_after=None
[2025-05-02T21:03:51.462+0000] {processor.py:208} INFO - Processing /opt/airflow/dags/wordcount_dag.py took 0.153 seconds
[2025-05-02T21:04:21.712+0000] {processor.py:186} INFO - Started process (PID=268) to work on /opt/airflow/dags/wordcount_dag.py
[2025-05-02T21:04:21.713+0000] {processor.py:914} INFO - Processing file /opt/airflow/dags/wordcount_dag.py for tasks to queue
[2025-05-02T21:04:21.713+0000] {logging_mixin.py:190} INFO - [2025-05-02T21:04:21.713+0000] {dagbag.py:588} INFO - Filling up the DagBag from /opt/airflow/dags/wordcount_dag.py
[2025-05-02T21:04:21.872+0000] {processor.py:925} INFO - DAG(s) 'news_dag' retrieved from /opt/airflow/dags/wordcount_dag.py
[2025-05-02T21:04:21.882+0000] {logging_mixin.py:190} INFO - [2025-05-02T21:04:21.881+0000] {dag.py:3239} INFO - Sync 1 DAGs
[2025-05-02T21:04:21.887+0000] {logging_mixin.py:190} INFO - [2025-05-02T21:04:21.887+0000] {dag.py:4180} INFO - Setting next_dagrun for news_dag to None, run_after=None
[2025-05-02T21:04:21.892+0000] {processor.py:208} INFO - Processing /opt/airflow/dags/wordcount_dag.py took 0.183 seconds
[2025-05-02T21:04:52.160+0000] {processor.py:186} INFO - Started process (PID=271) to work on /opt/airflow/dags/wordcount_dag.py
[2025-05-02T21:04:52.161+0000] {processor.py:914} INFO - Processing file /opt/airflow/dags/wordcount_dag.py for tasks to queue
[2025-05-02T21:04:52.161+0000] {logging_mixin.py:190} INFO - [2025-05-02T21:04:52.161+0000] {dagbag.py:588} INFO - Filling up the DagBag from /opt/airflow/dags/wordcount_dag.py
[2025-05-02T21:04:52.302+0000] {processor.py:925} INFO - DAG(s) 'news_dag' retrieved from /opt/airflow/dags/wordcount_dag.py
[2025-05-02T21:04:52.309+0000] {logging_mixin.py:190} INFO - [2025-05-02T21:04:52.309+0000] {dag.py:3239} INFO - Sync 1 DAGs
[2025-05-02T21:04:52.314+0000] {logging_mixin.py:190} INFO - [2025-05-02T21:04:52.314+0000] {dag.py:4180} INFO - Setting next_dagrun for news_dag to None, run_after=None
[2025-05-02T21:04:52.319+0000] {processor.py:208} INFO - Processing /opt/airflow/dags/wordcount_dag.py took 0.162 seconds
[2025-05-02T21:05:22.625+0000] {processor.py:186} INFO - Started process (PID=274) to work on /opt/airflow/dags/wordcount_dag.py
[2025-05-02T21:05:22.625+0000] {processor.py:914} INFO - Processing file /opt/airflow/dags/wordcount_dag.py for tasks to queue
[2025-05-02T21:05:22.626+0000] {logging_mixin.py:190} INFO - [2025-05-02T21:05:22.626+0000] {dagbag.py:588} INFO - Filling up the DagBag from /opt/airflow/dags/wordcount_dag.py
[2025-05-02T21:05:22.757+0000] {processor.py:925} INFO - DAG(s) 'news_dag' retrieved from /opt/airflow/dags/wordcount_dag.py
[2025-05-02T21:05:22.765+0000] {logging_mixin.py:190} INFO - [2025-05-02T21:05:22.765+0000] {dag.py:3239} INFO - Sync 1 DAGs
[2025-05-02T21:05:22.769+0000] {logging_mixin.py:190} INFO - [2025-05-02T21:05:22.769+0000] {dag.py:4180} INFO - Setting next_dagrun for news_dag to None, run_after=None
[2025-05-02T21:05:22.775+0000] {processor.py:208} INFO - Processing /opt/airflow/dags/wordcount_dag.py took 0.153 seconds
[2025-05-02T21:05:53.154+0000] {processor.py:186} INFO - Started process (PID=277) to work on /opt/airflow/dags/wordcount_dag.py
[2025-05-02T21:05:53.154+0000] {processor.py:914} INFO - Processing file /opt/airflow/dags/wordcount_dag.py for tasks to queue
[2025-05-02T21:05:53.155+0000] {logging_mixin.py:190} INFO - [2025-05-02T21:05:53.155+0000] {dagbag.py:588} INFO - Filling up the DagBag from /opt/airflow/dags/wordcount_dag.py
[2025-05-02T21:05:53.288+0000] {processor.py:925} INFO - DAG(s) 'news_dag' retrieved from /opt/airflow/dags/wordcount_dag.py
[2025-05-02T21:05:53.296+0000] {logging_mixin.py:190} INFO - [2025-05-02T21:05:53.296+0000] {dag.py:3239} INFO - Sync 1 DAGs
[2025-05-02T21:05:53.300+0000] {logging_mixin.py:190} INFO - [2025-05-02T21:05:53.300+0000] {dag.py:4180} INFO - Setting next_dagrun for news_dag to None, run_after=None
[2025-05-02T21:05:53.306+0000] {processor.py:208} INFO - Processing /opt/airflow/dags/wordcount_dag.py took 0.155 seconds
[2025-05-02T21:06:23.653+0000] {processor.py:186} INFO - Started process (PID=280) to work on /opt/airflow/dags/wordcount_dag.py
[2025-05-02T21:06:23.654+0000] {processor.py:914} INFO - Processing file /opt/airflow/dags/wordcount_dag.py for tasks to queue
[2025-05-02T21:06:23.654+0000] {logging_mixin.py:190} INFO - [2025-05-02T21:06:23.654+0000] {dagbag.py:588} INFO - Filling up the DagBag from /opt/airflow/dags/wordcount_dag.py
[2025-05-02T21:06:23.795+0000] {processor.py:925} INFO - DAG(s) 'news_dag' retrieved from /opt/airflow/dags/wordcount_dag.py
[2025-05-02T21:06:23.804+0000] {logging_mixin.py:190} INFO - [2025-05-02T21:06:23.803+0000] {dag.py:3239} INFO - Sync 1 DAGs
[2025-05-02T21:06:23.808+0000] {logging_mixin.py:190} INFO - [2025-05-02T21:06:23.808+0000] {dag.py:4180} INFO - Setting next_dagrun for news_dag to None, run_after=None
[2025-05-02T21:06:23.815+0000] {processor.py:208} INFO - Processing /opt/airflow/dags/wordcount_dag.py took 0.165 seconds
[2025-05-02T21:06:54.279+0000] {processor.py:186} INFO - Started process (PID=283) to work on /opt/airflow/dags/wordcount_dag.py
[2025-05-02T21:06:54.280+0000] {processor.py:914} INFO - Processing file /opt/airflow/dags/wordcount_dag.py for tasks to queue
[2025-05-02T21:06:54.281+0000] {logging_mixin.py:190} INFO - [2025-05-02T21:06:54.280+0000] {dagbag.py:588} INFO - Filling up the DagBag from /opt/airflow/dags/wordcount_dag.py
[2025-05-02T21:06:54.415+0000] {processor.py:925} INFO - DAG(s) 'news_dag' retrieved from /opt/airflow/dags/wordcount_dag.py
[2025-05-02T21:06:54.422+0000] {logging_mixin.py:190} INFO - [2025-05-02T21:06:54.422+0000] {dag.py:3239} INFO - Sync 1 DAGs
[2025-05-02T21:06:54.427+0000] {logging_mixin.py:190} INFO - [2025-05-02T21:06:54.427+0000] {dag.py:4180} INFO - Setting next_dagrun for news_dag to None, run_after=None
[2025-05-02T21:06:54.432+0000] {processor.py:208} INFO - Processing /opt/airflow/dags/wordcount_dag.py took 0.156 seconds
[2025-05-02T21:07:24.829+0000] {processor.py:186} INFO - Started process (PID=286) to work on /opt/airflow/dags/wordcount_dag.py
[2025-05-02T21:07:24.830+0000] {processor.py:914} INFO - Processing file /opt/airflow/dags/wordcount_dag.py for tasks to queue
[2025-05-02T21:07:24.830+0000] {logging_mixin.py:190} INFO - [2025-05-02T21:07:24.830+0000] {dagbag.py:588} INFO - Filling up the DagBag from /opt/airflow/dags/wordcount_dag.py
[2025-05-02T21:07:24.958+0000] {processor.py:925} INFO - DAG(s) 'news_dag' retrieved from /opt/airflow/dags/wordcount_dag.py
[2025-05-02T21:07:24.966+0000] {logging_mixin.py:190} INFO - [2025-05-02T21:07:24.966+0000] {dag.py:3239} INFO - Sync 1 DAGs
[2025-05-02T21:07:24.970+0000] {logging_mixin.py:190} INFO - [2025-05-02T21:07:24.970+0000] {dag.py:4180} INFO - Setting next_dagrun for news_dag to None, run_after=None
[2025-05-02T21:07:24.975+0000] {processor.py:208} INFO - Processing /opt/airflow/dags/wordcount_dag.py took 0.149 seconds
[2025-05-02T21:07:55.388+0000] {processor.py:186} INFO - Started process (PID=289) to work on /opt/airflow/dags/wordcount_dag.py
[2025-05-02T21:07:55.389+0000] {processor.py:914} INFO - Processing file /opt/airflow/dags/wordcount_dag.py for tasks to queue
[2025-05-02T21:07:55.389+0000] {logging_mixin.py:190} INFO - [2025-05-02T21:07:55.389+0000] {dagbag.py:588} INFO - Filling up the DagBag from /opt/airflow/dags/wordcount_dag.py
[2025-05-02T21:07:55.530+0000] {processor.py:925} INFO - DAG(s) 'news_dag' retrieved from /opt/airflow/dags/wordcount_dag.py
[2025-05-02T21:07:55.540+0000] {logging_mixin.py:190} INFO - [2025-05-02T21:07:55.540+0000] {dag.py:3239} INFO - Sync 1 DAGs
[2025-05-02T21:07:55.544+0000] {logging_mixin.py:190} INFO - [2025-05-02T21:07:55.544+0000] {dag.py:4180} INFO - Setting next_dagrun for news_dag to None, run_after=None
[2025-05-02T21:07:55.551+0000] {processor.py:208} INFO - Processing /opt/airflow/dags/wordcount_dag.py took 0.167 seconds
[2025-05-02T21:08:25.985+0000] {processor.py:186} INFO - Started process (PID=292) to work on /opt/airflow/dags/wordcount_dag.py
[2025-05-02T21:08:25.986+0000] {processor.py:914} INFO - Processing file /opt/airflow/dags/wordcount_dag.py for tasks to queue
[2025-05-02T21:08:25.986+0000] {logging_mixin.py:190} INFO - [2025-05-02T21:08:25.986+0000] {dagbag.py:588} INFO - Filling up the DagBag from /opt/airflow/dags/wordcount_dag.py
[2025-05-02T21:08:26.115+0000] {processor.py:925} INFO - DAG(s) 'news_dag' retrieved from /opt/airflow/dags/wordcount_dag.py
[2025-05-02T21:08:26.122+0000] {logging_mixin.py:190} INFO - [2025-05-02T21:08:26.122+0000] {dag.py:3239} INFO - Sync 1 DAGs
[2025-05-02T21:08:26.126+0000] {logging_mixin.py:190} INFO - [2025-05-02T21:08:26.126+0000] {dag.py:4180} INFO - Setting next_dagrun for news_dag to None, run_after=None
[2025-05-02T21:08:26.131+0000] {processor.py:208} INFO - Processing /opt/airflow/dags/wordcount_dag.py took 0.149 seconds
[2025-05-02T21:08:56.535+0000] {processor.py:186} INFO - Started process (PID=295) to work on /opt/airflow/dags/wordcount_dag.py
[2025-05-02T21:08:56.536+0000] {processor.py:914} INFO - Processing file /opt/airflow/dags/wordcount_dag.py for tasks to queue
[2025-05-02T21:08:56.537+0000] {logging_mixin.py:190} INFO - [2025-05-02T21:08:56.537+0000] {dagbag.py:588} INFO - Filling up the DagBag from /opt/airflow/dags/wordcount_dag.py
[2025-05-02T21:08:56.666+0000] {processor.py:925} INFO - DAG(s) 'news_dag' retrieved from /opt/airflow/dags/wordcount_dag.py
[2025-05-02T21:08:56.674+0000] {logging_mixin.py:190} INFO - [2025-05-02T21:08:56.673+0000] {dag.py:3239} INFO - Sync 1 DAGs
[2025-05-02T21:08:56.678+0000] {logging_mixin.py:190} INFO - [2025-05-02T21:08:56.678+0000] {dag.py:4180} INFO - Setting next_dagrun for news_dag to None, run_after=None
[2025-05-02T21:08:56.684+0000] {processor.py:208} INFO - Processing /opt/airflow/dags/wordcount_dag.py took 0.152 seconds
[2025-05-02T21:09:27.133+0000] {processor.py:186} INFO - Started process (PID=298) to work on /opt/airflow/dags/wordcount_dag.py
[2025-05-02T21:09:27.134+0000] {processor.py:914} INFO - Processing file /opt/airflow/dags/wordcount_dag.py for tasks to queue
[2025-05-02T21:09:27.134+0000] {logging_mixin.py:190} INFO - [2025-05-02T21:09:27.134+0000] {dagbag.py:588} INFO - Filling up the DagBag from /opt/airflow/dags/wordcount_dag.py
[2025-05-02T21:09:27.263+0000] {processor.py:925} INFO - DAG(s) 'news_dag' retrieved from /opt/airflow/dags/wordcount_dag.py
[2025-05-02T21:09:27.270+0000] {logging_mixin.py:190} INFO - [2025-05-02T21:09:27.270+0000] {dag.py:3239} INFO - Sync 1 DAGs
[2025-05-02T21:09:27.274+0000] {logging_mixin.py:190} INFO - [2025-05-02T21:09:27.274+0000] {dag.py:4180} INFO - Setting next_dagrun for news_dag to None, run_after=None
[2025-05-02T21:09:27.280+0000] {processor.py:208} INFO - Processing /opt/airflow/dags/wordcount_dag.py took 0.150 seconds
[2025-05-02T21:09:57.738+0000] {processor.py:186} INFO - Started process (PID=301) to work on /opt/airflow/dags/wordcount_dag.py
[2025-05-02T21:09:57.739+0000] {processor.py:914} INFO - Processing file /opt/airflow/dags/wordcount_dag.py for tasks to queue
[2025-05-02T21:09:57.739+0000] {logging_mixin.py:190} INFO - [2025-05-02T21:09:57.739+0000] {dagbag.py:588} INFO - Filling up the DagBag from /opt/airflow/dags/wordcount_dag.py
[2025-05-02T21:09:57.866+0000] {processor.py:925} INFO - DAG(s) 'news_dag' retrieved from /opt/airflow/dags/wordcount_dag.py
[2025-05-02T21:09:57.874+0000] {logging_mixin.py:190} INFO - [2025-05-02T21:09:57.873+0000] {dag.py:3239} INFO - Sync 1 DAGs
[2025-05-02T21:09:57.878+0000] {logging_mixin.py:190} INFO - [2025-05-02T21:09:57.878+0000] {dag.py:4180} INFO - Setting next_dagrun for news_dag to None, run_after=None
[2025-05-02T21:09:57.883+0000] {processor.py:208} INFO - Processing /opt/airflow/dags/wordcount_dag.py took 0.148 seconds
[2025-05-02T21:10:28.274+0000] {processor.py:186} INFO - Started process (PID=304) to work on /opt/airflow/dags/wordcount_dag.py
[2025-05-02T21:10:28.275+0000] {processor.py:914} INFO - Processing file /opt/airflow/dags/wordcount_dag.py for tasks to queue
[2025-05-02T21:10:28.275+0000] {logging_mixin.py:190} INFO - [2025-05-02T21:10:28.275+0000] {dagbag.py:588} INFO - Filling up the DagBag from /opt/airflow/dags/wordcount_dag.py
[2025-05-02T21:10:28.410+0000] {processor.py:925} INFO - DAG(s) 'news_dag' retrieved from /opt/airflow/dags/wordcount_dag.py
[2025-05-02T21:10:28.419+0000] {logging_mixin.py:190} INFO - [2025-05-02T21:10:28.419+0000] {dag.py:3239} INFO - Sync 1 DAGs
[2025-05-02T21:10:28.424+0000] {logging_mixin.py:190} INFO - [2025-05-02T21:10:28.424+0000] {dag.py:4180} INFO - Setting next_dagrun for news_dag to None, run_after=None
[2025-05-02T21:10:28.430+0000] {processor.py:208} INFO - Processing /opt/airflow/dags/wordcount_dag.py took 0.159 seconds
[2025-05-02T21:10:58.853+0000] {processor.py:186} INFO - Started process (PID=307) to work on /opt/airflow/dags/wordcount_dag.py
[2025-05-02T21:10:58.854+0000] {processor.py:914} INFO - Processing file /opt/airflow/dags/wordcount_dag.py for tasks to queue
[2025-05-02T21:10:58.854+0000] {logging_mixin.py:190} INFO - [2025-05-02T21:10:58.854+0000] {dagbag.py:588} INFO - Filling up the DagBag from /opt/airflow/dags/wordcount_dag.py
[2025-05-02T21:10:58.992+0000] {processor.py:925} INFO - DAG(s) 'news_dag' retrieved from /opt/airflow/dags/wordcount_dag.py
[2025-05-02T21:10:59.001+0000] {logging_mixin.py:190} INFO - [2025-05-02T21:10:59.000+0000] {dag.py:3239} INFO - Sync 1 DAGs
[2025-05-02T21:10:59.005+0000] {logging_mixin.py:190} INFO - [2025-05-02T21:10:59.005+0000] {dag.py:4180} INFO - Setting next_dagrun for news_dag to None, run_after=None
[2025-05-02T21:10:59.011+0000] {processor.py:208} INFO - Processing /opt/airflow/dags/wordcount_dag.py took 0.161 seconds
[2025-05-02T21:11:29.290+0000] {processor.py:186} INFO - Started process (PID=310) to work on /opt/airflow/dags/wordcount_dag.py
[2025-05-02T21:11:29.290+0000] {processor.py:914} INFO - Processing file /opt/airflow/dags/wordcount_dag.py for tasks to queue
[2025-05-02T21:11:29.291+0000] {logging_mixin.py:190} INFO - [2025-05-02T21:11:29.291+0000] {dagbag.py:588} INFO - Filling up the DagBag from /opt/airflow/dags/wordcount_dag.py
[2025-05-02T21:11:29.419+0000] {processor.py:925} INFO - DAG(s) 'news_dag' retrieved from /opt/airflow/dags/wordcount_dag.py
[2025-05-02T21:11:29.427+0000] {logging_mixin.py:190} INFO - [2025-05-02T21:11:29.426+0000] {dag.py:3239} INFO - Sync 1 DAGs
[2025-05-02T21:11:29.431+0000] {logging_mixin.py:190} INFO - [2025-05-02T21:11:29.431+0000] {dag.py:4180} INFO - Setting next_dagrun for news_dag to None, run_after=None
[2025-05-02T21:11:29.437+0000] {processor.py:208} INFO - Processing /opt/airflow/dags/wordcount_dag.py took 0.150 seconds
[2025-05-02T21:11:59.672+0000] {processor.py:186} INFO - Started process (PID=313) to work on /opt/airflow/dags/wordcount_dag.py
[2025-05-02T21:11:59.673+0000] {processor.py:914} INFO - Processing file /opt/airflow/dags/wordcount_dag.py for tasks to queue
[2025-05-02T21:11:59.674+0000] {logging_mixin.py:190} INFO - [2025-05-02T21:11:59.674+0000] {dagbag.py:588} INFO - Filling up the DagBag from /opt/airflow/dags/wordcount_dag.py
[2025-05-02T21:11:59.817+0000] {processor.py:925} INFO - DAG(s) 'news_dag' retrieved from /opt/airflow/dags/wordcount_dag.py
[2025-05-02T21:11:59.824+0000] {logging_mixin.py:190} INFO - [2025-05-02T21:11:59.824+0000] {dag.py:3239} INFO - Sync 1 DAGs
[2025-05-02T21:11:59.828+0000] {logging_mixin.py:190} INFO - [2025-05-02T21:11:59.828+0000] {dag.py:4180} INFO - Setting next_dagrun for news_dag to None, run_after=None
[2025-05-02T21:11:59.836+0000] {processor.py:208} INFO - Processing /opt/airflow/dags/wordcount_dag.py took 0.167 seconds
[2025-05-02T21:12:30.216+0000] {processor.py:186} INFO - Started process (PID=316) to work on /opt/airflow/dags/wordcount_dag.py
[2025-05-02T21:12:30.216+0000] {processor.py:914} INFO - Processing file /opt/airflow/dags/wordcount_dag.py for tasks to queue
[2025-05-02T21:12:30.217+0000] {logging_mixin.py:190} INFO - [2025-05-02T21:12:30.217+0000] {dagbag.py:588} INFO - Filling up the DagBag from /opt/airflow/dags/wordcount_dag.py
[2025-05-02T21:12:30.350+0000] {processor.py:925} INFO - DAG(s) 'news_dag' retrieved from /opt/airflow/dags/wordcount_dag.py
[2025-05-02T21:12:30.357+0000] {logging_mixin.py:190} INFO - [2025-05-02T21:12:30.357+0000] {dag.py:3239} INFO - Sync 1 DAGs
[2025-05-02T21:12:30.361+0000] {logging_mixin.py:190} INFO - [2025-05-02T21:12:30.361+0000] {dag.py:4180} INFO - Setting next_dagrun for news_dag to None, run_after=None
[2025-05-02T21:12:30.367+0000] {processor.py:208} INFO - Processing /opt/airflow/dags/wordcount_dag.py took 0.154 seconds
[2025-05-02T21:13:00.604+0000] {processor.py:186} INFO - Started process (PID=319) to work on /opt/airflow/dags/wordcount_dag.py
[2025-05-02T21:13:00.605+0000] {processor.py:914} INFO - Processing file /opt/airflow/dags/wordcount_dag.py for tasks to queue
[2025-05-02T21:13:00.606+0000] {logging_mixin.py:190} INFO - [2025-05-02T21:13:00.606+0000] {dagbag.py:588} INFO - Filling up the DagBag from /opt/airflow/dags/wordcount_dag.py
[2025-05-02T21:13:00.744+0000] {processor.py:925} INFO - DAG(s) 'news_dag' retrieved from /opt/airflow/dags/wordcount_dag.py
[2025-05-02T21:13:00.752+0000] {logging_mixin.py:190} INFO - [2025-05-02T21:13:00.751+0000] {dag.py:3239} INFO - Sync 1 DAGs
[2025-05-02T21:13:00.757+0000] {logging_mixin.py:190} INFO - [2025-05-02T21:13:00.757+0000] {dag.py:4180} INFO - Setting next_dagrun for news_dag to None, run_after=None
[2025-05-02T21:13:00.762+0000] {processor.py:208} INFO - Processing /opt/airflow/dags/wordcount_dag.py took 0.162 seconds
[2025-05-02T21:13:31.035+0000] {processor.py:186} INFO - Started process (PID=322) to work on /opt/airflow/dags/wordcount_dag.py
[2025-05-02T21:13:31.036+0000] {processor.py:914} INFO - Processing file /opt/airflow/dags/wordcount_dag.py for tasks to queue
[2025-05-02T21:13:31.036+0000] {logging_mixin.py:190} INFO - [2025-05-02T21:13:31.036+0000] {dagbag.py:588} INFO - Filling up the DagBag from /opt/airflow/dags/wordcount_dag.py
[2025-05-02T21:13:31.170+0000] {processor.py:925} INFO - DAG(s) 'news_dag' retrieved from /opt/airflow/dags/wordcount_dag.py
[2025-05-02T21:13:31.178+0000] {logging_mixin.py:190} INFO - [2025-05-02T21:13:31.178+0000] {dag.py:3239} INFO - Sync 1 DAGs
[2025-05-02T21:13:31.182+0000] {logging_mixin.py:190} INFO - [2025-05-02T21:13:31.182+0000] {dag.py:4180} INFO - Setting next_dagrun for news_dag to None, run_after=None
[2025-05-02T21:13:31.188+0000] {processor.py:208} INFO - Processing /opt/airflow/dags/wordcount_dag.py took 0.155 seconds
[2025-05-02T21:14:01.468+0000] {processor.py:186} INFO - Started process (PID=325) to work on /opt/airflow/dags/wordcount_dag.py
[2025-05-02T21:14:01.468+0000] {processor.py:914} INFO - Processing file /opt/airflow/dags/wordcount_dag.py for tasks to queue
[2025-05-02T21:14:01.469+0000] {logging_mixin.py:190} INFO - [2025-05-02T21:14:01.469+0000] {dagbag.py:588} INFO - Filling up the DagBag from /opt/airflow/dags/wordcount_dag.py
[2025-05-02T21:14:01.601+0000] {processor.py:925} INFO - DAG(s) 'news_dag' retrieved from /opt/airflow/dags/wordcount_dag.py
[2025-05-02T21:14:01.608+0000] {logging_mixin.py:190} INFO - [2025-05-02T21:14:01.608+0000] {dag.py:3239} INFO - Sync 1 DAGs
[2025-05-02T21:14:01.612+0000] {logging_mixin.py:190} INFO - [2025-05-02T21:14:01.612+0000] {dag.py:4180} INFO - Setting next_dagrun for news_dag to None, run_after=None
[2025-05-02T21:14:01.618+0000] {processor.py:208} INFO - Processing /opt/airflow/dags/wordcount_dag.py took 0.153 seconds
[2025-05-02T21:14:31.955+0000] {processor.py:186} INFO - Started process (PID=328) to work on /opt/airflow/dags/wordcount_dag.py
[2025-05-02T21:14:31.955+0000] {processor.py:914} INFO - Processing file /opt/airflow/dags/wordcount_dag.py for tasks to queue
[2025-05-02T21:14:31.955+0000] {logging_mixin.py:190} INFO - [2025-05-02T21:14:31.955+0000] {dagbag.py:588} INFO - Filling up the DagBag from /opt/airflow/dags/wordcount_dag.py
[2025-05-02T21:14:32.093+0000] {processor.py:925} INFO - DAG(s) 'news_dag' retrieved from /opt/airflow/dags/wordcount_dag.py
[2025-05-02T21:14:32.100+0000] {logging_mixin.py:190} INFO - [2025-05-02T21:14:32.100+0000] {dag.py:3239} INFO - Sync 1 DAGs
[2025-05-02T21:14:32.105+0000] {logging_mixin.py:190} INFO - [2025-05-02T21:14:32.105+0000] {dag.py:4180} INFO - Setting next_dagrun for news_dag to None, run_after=None
[2025-05-02T21:14:32.110+0000] {processor.py:208} INFO - Processing /opt/airflow/dags/wordcount_dag.py took 0.159 seconds
[2025-05-02T21:15:02.541+0000] {processor.py:186} INFO - Started process (PID=331) to work on /opt/airflow/dags/wordcount_dag.py
[2025-05-02T21:15:02.542+0000] {processor.py:914} INFO - Processing file /opt/airflow/dags/wordcount_dag.py for tasks to queue
[2025-05-02T21:15:02.543+0000] {logging_mixin.py:190} INFO - [2025-05-02T21:15:02.543+0000] {dagbag.py:588} INFO - Filling up the DagBag from /opt/airflow/dags/wordcount_dag.py
[2025-05-02T21:15:02.679+0000] {processor.py:925} INFO - DAG(s) 'news_dag' retrieved from /opt/airflow/dags/wordcount_dag.py
[2025-05-02T21:15:02.687+0000] {logging_mixin.py:190} INFO - [2025-05-02T21:15:02.687+0000] {dag.py:3239} INFO - Sync 1 DAGs
[2025-05-02T21:15:02.692+0000] {logging_mixin.py:190} INFO - [2025-05-02T21:15:02.692+0000] {dag.py:4180} INFO - Setting next_dagrun for news_dag to None, run_after=None
[2025-05-02T21:15:02.700+0000] {processor.py:208} INFO - Processing /opt/airflow/dags/wordcount_dag.py took 0.162 seconds
[2025-05-02T21:15:33.148+0000] {processor.py:186} INFO - Started process (PID=334) to work on /opt/airflow/dags/wordcount_dag.py
[2025-05-02T21:15:33.149+0000] {processor.py:914} INFO - Processing file /opt/airflow/dags/wordcount_dag.py for tasks to queue
[2025-05-02T21:15:33.150+0000] {logging_mixin.py:190} INFO - [2025-05-02T21:15:33.150+0000] {dagbag.py:588} INFO - Filling up the DagBag from /opt/airflow/dags/wordcount_dag.py
[2025-05-02T21:15:33.279+0000] {processor.py:925} INFO - DAG(s) 'news_dag' retrieved from /opt/airflow/dags/wordcount_dag.py
[2025-05-02T21:15:33.286+0000] {logging_mixin.py:190} INFO - [2025-05-02T21:15:33.286+0000] {dag.py:3239} INFO - Sync 1 DAGs
[2025-05-02T21:15:33.290+0000] {logging_mixin.py:190} INFO - [2025-05-02T21:15:33.290+0000] {dag.py:4180} INFO - Setting next_dagrun for news_dag to None, run_after=None
[2025-05-02T21:15:33.295+0000] {processor.py:208} INFO - Processing /opt/airflow/dags/wordcount_dag.py took 0.150 seconds
[2025-05-02T21:16:03.679+0000] {processor.py:186} INFO - Started process (PID=337) to work on /opt/airflow/dags/wordcount_dag.py
[2025-05-02T21:16:03.680+0000] {processor.py:914} INFO - Processing file /opt/airflow/dags/wordcount_dag.py for tasks to queue
[2025-05-02T21:16:03.681+0000] {logging_mixin.py:190} INFO - [2025-05-02T21:16:03.680+0000] {dagbag.py:588} INFO - Filling up the DagBag from /opt/airflow/dags/wordcount_dag.py
[2025-05-02T21:16:03.828+0000] {processor.py:925} INFO - DAG(s) 'news_dag' retrieved from /opt/airflow/dags/wordcount_dag.py
[2025-05-02T21:16:03.838+0000] {logging_mixin.py:190} INFO - [2025-05-02T21:16:03.837+0000] {dag.py:3239} INFO - Sync 1 DAGs
[2025-05-02T21:16:03.842+0000] {logging_mixin.py:190} INFO - [2025-05-02T21:16:03.842+0000] {dag.py:4180} INFO - Setting next_dagrun for news_dag to None, run_after=None
[2025-05-02T21:16:03.847+0000] {processor.py:208} INFO - Processing /opt/airflow/dags/wordcount_dag.py took 0.172 seconds
[2025-05-02T21:16:34.170+0000] {processor.py:186} INFO - Started process (PID=340) to work on /opt/airflow/dags/wordcount_dag.py
[2025-05-02T21:16:34.170+0000] {processor.py:914} INFO - Processing file /opt/airflow/dags/wordcount_dag.py for tasks to queue
[2025-05-02T21:16:34.171+0000] {logging_mixin.py:190} INFO - [2025-05-02T21:16:34.170+0000] {dagbag.py:588} INFO - Filling up the DagBag from /opt/airflow/dags/wordcount_dag.py
[2025-05-02T21:16:34.307+0000] {processor.py:925} INFO - DAG(s) 'news_dag' retrieved from /opt/airflow/dags/wordcount_dag.py
[2025-05-02T21:16:34.315+0000] {logging_mixin.py:190} INFO - [2025-05-02T21:16:34.315+0000] {dag.py:3239} INFO - Sync 1 DAGs
[2025-05-02T21:16:34.319+0000] {logging_mixin.py:190} INFO - [2025-05-02T21:16:34.319+0000] {dag.py:4180} INFO - Setting next_dagrun for news_dag to None, run_after=None
[2025-05-02T21:16:34.325+0000] {processor.py:208} INFO - Processing /opt/airflow/dags/wordcount_dag.py took 0.158 seconds
[2025-05-02T21:17:04.627+0000] {processor.py:186} INFO - Started process (PID=344) to work on /opt/airflow/dags/wordcount_dag.py
[2025-05-02T21:17:04.628+0000] {processor.py:914} INFO - Processing file /opt/airflow/dags/wordcount_dag.py for tasks to queue
[2025-05-02T21:17:04.628+0000] {logging_mixin.py:190} INFO - [2025-05-02T21:17:04.628+0000] {dagbag.py:588} INFO - Filling up the DagBag from /opt/airflow/dags/wordcount_dag.py
[2025-05-02T21:17:04.762+0000] {processor.py:925} INFO - DAG(s) 'news_dag' retrieved from /opt/airflow/dags/wordcount_dag.py
[2025-05-02T21:17:04.769+0000] {logging_mixin.py:190} INFO - [2025-05-02T21:17:04.768+0000] {dag.py:3239} INFO - Sync 1 DAGs
[2025-05-02T21:17:04.773+0000] {logging_mixin.py:190} INFO - [2025-05-02T21:17:04.773+0000] {dag.py:4180} INFO - Setting next_dagrun for news_dag to None, run_after=None
[2025-05-02T21:17:04.778+0000] {processor.py:208} INFO - Processing /opt/airflow/dags/wordcount_dag.py took 0.154 seconds
[2025-05-02T21:17:35.088+0000] {processor.py:186} INFO - Started process (PID=348) to work on /opt/airflow/dags/wordcount_dag.py
[2025-05-02T21:17:35.088+0000] {processor.py:914} INFO - Processing file /opt/airflow/dags/wordcount_dag.py for tasks to queue
[2025-05-02T21:17:35.089+0000] {logging_mixin.py:190} INFO - [2025-05-02T21:17:35.089+0000] {dagbag.py:588} INFO - Filling up the DagBag from /opt/airflow/dags/wordcount_dag.py
[2025-05-02T21:17:35.217+0000] {processor.py:925} INFO - DAG(s) 'news_dag' retrieved from /opt/airflow/dags/wordcount_dag.py
[2025-05-02T21:17:35.225+0000] {logging_mixin.py:190} INFO - [2025-05-02T21:17:35.225+0000] {dag.py:3239} INFO - Sync 1 DAGs
[2025-05-02T21:17:35.229+0000] {logging_mixin.py:190} INFO - [2025-05-02T21:17:35.229+0000] {dag.py:4180} INFO - Setting next_dagrun for news_dag to None, run_after=None
[2025-05-02T21:17:35.237+0000] {processor.py:208} INFO - Processing /opt/airflow/dags/wordcount_dag.py took 0.151 seconds
[2025-05-02T21:18:05.739+0000] {processor.py:186} INFO - Started process (PID=353) to work on /opt/airflow/dags/wordcount_dag.py
[2025-05-02T21:18:05.739+0000] {processor.py:914} INFO - Processing file /opt/airflow/dags/wordcount_dag.py for tasks to queue
[2025-05-02T21:18:05.740+0000] {logging_mixin.py:190} INFO - [2025-05-02T21:18:05.740+0000] {dagbag.py:588} INFO - Filling up the DagBag from /opt/airflow/dags/wordcount_dag.py
[2025-05-02T21:18:05.895+0000] {processor.py:925} INFO - DAG(s) 'news_dag' retrieved from /opt/airflow/dags/wordcount_dag.py
[2025-05-02T21:18:05.905+0000] {logging_mixin.py:190} INFO - [2025-05-02T21:18:05.904+0000] {dag.py:3239} INFO - Sync 1 DAGs
[2025-05-02T21:18:05.910+0000] {logging_mixin.py:190} INFO - [2025-05-02T21:18:05.910+0000] {dag.py:4180} INFO - Setting next_dagrun for news_dag to None, run_after=None
[2025-05-02T21:18:05.917+0000] {processor.py:208} INFO - Processing /opt/airflow/dags/wordcount_dag.py took 0.181 seconds
[2025-05-02T21:18:36.239+0000] {processor.py:186} INFO - Started process (PID=357) to work on /opt/airflow/dags/wordcount_dag.py
[2025-05-02T21:18:36.239+0000] {processor.py:914} INFO - Processing file /opt/airflow/dags/wordcount_dag.py for tasks to queue
[2025-05-02T21:18:36.240+0000] {logging_mixin.py:190} INFO - [2025-05-02T21:18:36.240+0000] {dagbag.py:588} INFO - Filling up the DagBag from /opt/airflow/dags/wordcount_dag.py
[2025-05-02T21:18:36.370+0000] {processor.py:925} INFO - DAG(s) 'news_dag' retrieved from /opt/airflow/dags/wordcount_dag.py
[2025-05-02T21:18:36.376+0000] {logging_mixin.py:190} INFO - [2025-05-02T21:18:36.376+0000] {dag.py:3239} INFO - Sync 1 DAGs
[2025-05-02T21:18:36.380+0000] {logging_mixin.py:190} INFO - [2025-05-02T21:18:36.380+0000] {dag.py:4180} INFO - Setting next_dagrun for news_dag to None, run_after=None
[2025-05-02T21:18:36.385+0000] {processor.py:208} INFO - Processing /opt/airflow/dags/wordcount_dag.py took 0.149 seconds
[2025-05-02T21:19:06.723+0000] {processor.py:186} INFO - Started process (PID=361) to work on /opt/airflow/dags/wordcount_dag.py
[2025-05-02T21:19:06.724+0000] {processor.py:914} INFO - Processing file /opt/airflow/dags/wordcount_dag.py for tasks to queue
[2025-05-02T21:19:06.724+0000] {logging_mixin.py:190} INFO - [2025-05-02T21:19:06.724+0000] {dagbag.py:588} INFO - Filling up the DagBag from /opt/airflow/dags/wordcount_dag.py
[2025-05-02T21:19:06.853+0000] {processor.py:925} INFO - DAG(s) 'news_dag' retrieved from /opt/airflow/dags/wordcount_dag.py
[2025-05-02T21:19:06.860+0000] {logging_mixin.py:190} INFO - [2025-05-02T21:19:06.859+0000] {dag.py:3239} INFO - Sync 1 DAGs
[2025-05-02T21:19:06.863+0000] {logging_mixin.py:190} INFO - [2025-05-02T21:19:06.863+0000] {dag.py:4180} INFO - Setting next_dagrun for news_dag to None, run_after=None
[2025-05-02T21:19:06.869+0000] {processor.py:208} INFO - Processing /opt/airflow/dags/wordcount_dag.py took 0.149 seconds
[2025-05-02T21:19:37.179+0000] {processor.py:186} INFO - Started process (PID=366) to work on /opt/airflow/dags/wordcount_dag.py
[2025-05-02T21:19:37.180+0000] {processor.py:914} INFO - Processing file /opt/airflow/dags/wordcount_dag.py for tasks to queue
[2025-05-02T21:19:37.180+0000] {logging_mixin.py:190} INFO - [2025-05-02T21:19:37.180+0000] {dagbag.py:588} INFO - Filling up the DagBag from /opt/airflow/dags/wordcount_dag.py
[2025-05-02T21:19:37.324+0000] {processor.py:925} INFO - DAG(s) 'news_dag' retrieved from /opt/airflow/dags/wordcount_dag.py
[2025-05-02T21:19:37.331+0000] {logging_mixin.py:190} INFO - [2025-05-02T21:19:37.331+0000] {dag.py:3239} INFO - Sync 1 DAGs
[2025-05-02T21:19:37.335+0000] {logging_mixin.py:190} INFO - [2025-05-02T21:19:37.335+0000] {dag.py:4180} INFO - Setting next_dagrun for news_dag to None, run_after=None
[2025-05-02T21:19:37.341+0000] {processor.py:208} INFO - Processing /opt/airflow/dags/wordcount_dag.py took 0.164 seconds
[2025-05-02T21:20:07.799+0000] {processor.py:186} INFO - Started process (PID=370) to work on /opt/airflow/dags/wordcount_dag.py
[2025-05-02T21:20:07.800+0000] {processor.py:914} INFO - Processing file /opt/airflow/dags/wordcount_dag.py for tasks to queue
[2025-05-02T21:20:07.801+0000] {logging_mixin.py:190} INFO - [2025-05-02T21:20:07.801+0000] {dagbag.py:588} INFO - Filling up the DagBag from /opt/airflow/dags/wordcount_dag.py
[2025-05-02T21:20:07.945+0000] {processor.py:925} INFO - DAG(s) 'news_dag' retrieved from /opt/airflow/dags/wordcount_dag.py
[2025-05-02T21:20:07.952+0000] {logging_mixin.py:190} INFO - [2025-05-02T21:20:07.952+0000] {dag.py:3239} INFO - Sync 1 DAGs
[2025-05-02T21:20:07.956+0000] {logging_mixin.py:190} INFO - [2025-05-02T21:20:07.956+0000] {dag.py:4180} INFO - Setting next_dagrun for news_dag to None, run_after=None
[2025-05-02T21:20:07.961+0000] {processor.py:208} INFO - Processing /opt/airflow/dags/wordcount_dag.py took 0.166 seconds
[2025-05-02T21:20:38.477+0000] {processor.py:186} INFO - Started process (PID=374) to work on /opt/airflow/dags/wordcount_dag.py
[2025-05-02T21:20:38.477+0000] {processor.py:914} INFO - Processing file /opt/airflow/dags/wordcount_dag.py for tasks to queue
[2025-05-02T21:20:38.477+0000] {logging_mixin.py:190} INFO - [2025-05-02T21:20:38.477+0000] {dagbag.py:588} INFO - Filling up the DagBag from /opt/airflow/dags/wordcount_dag.py
[2025-05-02T21:20:38.621+0000] {processor.py:925} INFO - DAG(s) 'news_dag' retrieved from /opt/airflow/dags/wordcount_dag.py
[2025-05-02T21:20:38.629+0000] {logging_mixin.py:190} INFO - [2025-05-02T21:20:38.628+0000] {dag.py:3239} INFO - Sync 1 DAGs
[2025-05-02T21:20:38.633+0000] {logging_mixin.py:190} INFO - [2025-05-02T21:20:38.633+0000] {dag.py:4180} INFO - Setting next_dagrun for news_dag to None, run_after=None
[2025-05-02T21:20:38.639+0000] {processor.py:208} INFO - Processing /opt/airflow/dags/wordcount_dag.py took 0.165 seconds
[2025-05-02T21:21:09.042+0000] {processor.py:186} INFO - Started process (PID=378) to work on /opt/airflow/dags/wordcount_dag.py
[2025-05-02T21:21:09.043+0000] {processor.py:914} INFO - Processing file /opt/airflow/dags/wordcount_dag.py for tasks to queue
[2025-05-02T21:21:09.043+0000] {logging_mixin.py:190} INFO - [2025-05-02T21:21:09.043+0000] {dagbag.py:588} INFO - Filling up the DagBag from /opt/airflow/dags/wordcount_dag.py
[2025-05-02T21:21:09.188+0000] {processor.py:925} INFO - DAG(s) 'news_dag' retrieved from /opt/airflow/dags/wordcount_dag.py
[2025-05-02T21:21:09.196+0000] {logging_mixin.py:190} INFO - [2025-05-02T21:21:09.196+0000] {dag.py:3239} INFO - Sync 1 DAGs
[2025-05-02T21:21:09.201+0000] {logging_mixin.py:190} INFO - [2025-05-02T21:21:09.201+0000] {dag.py:4180} INFO - Setting next_dagrun for news_dag to None, run_after=None
[2025-05-02T21:21:09.208+0000] {processor.py:208} INFO - Processing /opt/airflow/dags/wordcount_dag.py took 0.169 seconds
[2025-05-02T21:21:39.653+0000] {processor.py:186} INFO - Started process (PID=382) to work on /opt/airflow/dags/wordcount_dag.py
[2025-05-02T21:21:39.653+0000] {processor.py:914} INFO - Processing file /opt/airflow/dags/wordcount_dag.py for tasks to queue
[2025-05-02T21:21:39.653+0000] {logging_mixin.py:190} INFO - [2025-05-02T21:21:39.653+0000] {dagbag.py:588} INFO - Filling up the DagBag from /opt/airflow/dags/wordcount_dag.py
[2025-05-02T21:21:39.791+0000] {processor.py:925} INFO - DAG(s) 'news_dag' retrieved from /opt/airflow/dags/wordcount_dag.py
[2025-05-02T21:21:39.798+0000] {logging_mixin.py:190} INFO - [2025-05-02T21:21:39.798+0000] {dag.py:3239} INFO - Sync 1 DAGs
[2025-05-02T21:21:39.803+0000] {logging_mixin.py:190} INFO - [2025-05-02T21:21:39.803+0000] {dag.py:4180} INFO - Setting next_dagrun for news_dag to None, run_after=None
[2025-05-02T21:21:39.808+0000] {processor.py:208} INFO - Processing /opt/airflow/dags/wordcount_dag.py took 0.158 seconds
[2025-05-02T21:22:10.044+0000] {processor.py:186} INFO - Started process (PID=386) to work on /opt/airflow/dags/wordcount_dag.py
[2025-05-02T21:22:10.045+0000] {processor.py:914} INFO - Processing file /opt/airflow/dags/wordcount_dag.py for tasks to queue
[2025-05-02T21:22:10.045+0000] {logging_mixin.py:190} INFO - [2025-05-02T21:22:10.045+0000] {dagbag.py:588} INFO - Filling up the DagBag from /opt/airflow/dags/wordcount_dag.py
[2025-05-02T21:22:10.186+0000] {processor.py:925} INFO - DAG(s) 'news_dag' retrieved from /opt/airflow/dags/wordcount_dag.py
[2025-05-02T21:22:10.194+0000] {logging_mixin.py:190} INFO - [2025-05-02T21:22:10.194+0000] {dag.py:3239} INFO - Sync 1 DAGs
[2025-05-02T21:22:10.199+0000] {logging_mixin.py:190} INFO - [2025-05-02T21:22:10.199+0000] {dag.py:4180} INFO - Setting next_dagrun for news_dag to None, run_after=None
[2025-05-02T21:22:10.205+0000] {processor.py:208} INFO - Processing /opt/airflow/dags/wordcount_dag.py took 0.164 seconds
[2025-05-02T21:22:40.485+0000] {processor.py:186} INFO - Started process (PID=390) to work on /opt/airflow/dags/wordcount_dag.py
[2025-05-02T21:22:40.485+0000] {processor.py:914} INFO - Processing file /opt/airflow/dags/wordcount_dag.py for tasks to queue
[2025-05-02T21:22:40.486+0000] {logging_mixin.py:190} INFO - [2025-05-02T21:22:40.486+0000] {dagbag.py:588} INFO - Filling up the DagBag from /opt/airflow/dags/wordcount_dag.py
[2025-05-02T21:22:40.616+0000] {processor.py:925} INFO - DAG(s) 'news_dag' retrieved from /opt/airflow/dags/wordcount_dag.py
[2025-05-02T21:22:40.624+0000] {logging_mixin.py:190} INFO - [2025-05-02T21:22:40.623+0000] {dag.py:3239} INFO - Sync 1 DAGs
[2025-05-02T21:22:40.628+0000] {logging_mixin.py:190} INFO - [2025-05-02T21:22:40.628+0000] {dag.py:4180} INFO - Setting next_dagrun for news_dag to None, run_after=None
[2025-05-02T21:22:40.634+0000] {processor.py:208} INFO - Processing /opt/airflow/dags/wordcount_dag.py took 0.152 seconds
[2025-05-02T21:23:10.880+0000] {processor.py:186} INFO - Started process (PID=394) to work on /opt/airflow/dags/wordcount_dag.py
[2025-05-02T21:23:10.881+0000] {processor.py:914} INFO - Processing file /opt/airflow/dags/wordcount_dag.py for tasks to queue
[2025-05-02T21:23:10.881+0000] {logging_mixin.py:190} INFO - [2025-05-02T21:23:10.881+0000] {dagbag.py:588} INFO - Filling up the DagBag from /opt/airflow/dags/wordcount_dag.py
[2025-05-02T21:23:11.086+0000] {processor.py:925} INFO - DAG(s) 'news_dag' retrieved from /opt/airflow/dags/wordcount_dag.py
[2025-05-02T21:23:11.096+0000] {logging_mixin.py:190} INFO - [2025-05-02T21:23:11.096+0000] {dag.py:3239} INFO - Sync 1 DAGs
[2025-05-02T21:23:11.103+0000] {logging_mixin.py:190} INFO - [2025-05-02T21:23:11.103+0000] {dag.py:4180} INFO - Setting next_dagrun for news_dag to None, run_after=None
[2025-05-02T21:23:11.117+0000] {processor.py:208} INFO - Processing /opt/airflow/dags/wordcount_dag.py took 0.240 seconds
[2025-05-02T21:23:41.394+0000] {processor.py:186} INFO - Started process (PID=398) to work on /opt/airflow/dags/wordcount_dag.py
[2025-05-02T21:23:41.395+0000] {processor.py:914} INFO - Processing file /opt/airflow/dags/wordcount_dag.py for tasks to queue
[2025-05-02T21:23:41.396+0000] {logging_mixin.py:190} INFO - [2025-05-02T21:23:41.395+0000] {dagbag.py:588} INFO - Filling up the DagBag from /opt/airflow/dags/wordcount_dag.py
[2025-05-02T21:23:41.548+0000] {processor.py:925} INFO - DAG(s) 'news_dag' retrieved from /opt/airflow/dags/wordcount_dag.py
[2025-05-02T21:23:41.557+0000] {logging_mixin.py:190} INFO - [2025-05-02T21:23:41.557+0000] {dag.py:3239} INFO - Sync 1 DAGs
[2025-05-02T21:23:41.562+0000] {logging_mixin.py:190} INFO - [2025-05-02T21:23:41.562+0000] {dag.py:4180} INFO - Setting next_dagrun for news_dag to None, run_after=None
[2025-05-02T21:23:41.568+0000] {processor.py:208} INFO - Processing /opt/airflow/dags/wordcount_dag.py took 0.177 seconds
[2025-05-02T21:24:11.826+0000] {processor.py:186} INFO - Started process (PID=402) to work on /opt/airflow/dags/wordcount_dag.py
[2025-05-02T21:24:11.827+0000] {processor.py:914} INFO - Processing file /opt/airflow/dags/wordcount_dag.py for tasks to queue
[2025-05-02T21:24:11.828+0000] {logging_mixin.py:190} INFO - [2025-05-02T21:24:11.828+0000] {dagbag.py:588} INFO - Filling up the DagBag from /opt/airflow/dags/wordcount_dag.py
[2025-05-02T21:24:11.989+0000] {processor.py:925} INFO - DAG(s) 'news_dag' retrieved from /opt/airflow/dags/wordcount_dag.py
[2025-05-02T21:24:11.997+0000] {logging_mixin.py:190} INFO - [2025-05-02T21:24:11.997+0000] {dag.py:3239} INFO - Sync 1 DAGs
[2025-05-02T21:24:12.002+0000] {logging_mixin.py:190} INFO - [2025-05-02T21:24:12.002+0000] {dag.py:4180} INFO - Setting next_dagrun for news_dag to None, run_after=None
[2025-05-02T21:24:12.008+0000] {processor.py:208} INFO - Processing /opt/airflow/dags/wordcount_dag.py took 0.186 seconds
[2025-05-02T21:24:42.349+0000] {processor.py:186} INFO - Started process (PID=407) to work on /opt/airflow/dags/wordcount_dag.py
[2025-05-02T21:24:42.349+0000] {processor.py:914} INFO - Processing file /opt/airflow/dags/wordcount_dag.py for tasks to queue
[2025-05-02T21:24:42.350+0000] {logging_mixin.py:190} INFO - [2025-05-02T21:24:42.350+0000] {dagbag.py:588} INFO - Filling up the DagBag from /opt/airflow/dags/wordcount_dag.py
[2025-05-02T21:24:42.503+0000] {processor.py:925} INFO - DAG(s) 'news_dag' retrieved from /opt/airflow/dags/wordcount_dag.py
[2025-05-02T21:24:42.511+0000] {logging_mixin.py:190} INFO - [2025-05-02T21:24:42.511+0000] {dag.py:3239} INFO - Sync 1 DAGs
[2025-05-02T21:24:42.515+0000] {logging_mixin.py:190} INFO - [2025-05-02T21:24:42.515+0000] {dag.py:4180} INFO - Setting next_dagrun for news_dag to None, run_after=None
[2025-05-02T21:24:42.521+0000] {processor.py:208} INFO - Processing /opt/airflow/dags/wordcount_dag.py took 0.175 seconds
[2025-05-02T21:25:12.742+0000] {processor.py:186} INFO - Started process (PID=411) to work on /opt/airflow/dags/wordcount_dag.py
[2025-05-02T21:25:12.743+0000] {processor.py:914} INFO - Processing file /opt/airflow/dags/wordcount_dag.py for tasks to queue
[2025-05-02T21:25:12.744+0000] {logging_mixin.py:190} INFO - [2025-05-02T21:25:12.744+0000] {dagbag.py:588} INFO - Filling up the DagBag from /opt/airflow/dags/wordcount_dag.py
[2025-05-02T21:25:12.924+0000] {processor.py:925} INFO - DAG(s) 'news_dag' retrieved from /opt/airflow/dags/wordcount_dag.py
[2025-05-02T21:25:12.933+0000] {logging_mixin.py:190} INFO - [2025-05-02T21:25:12.933+0000] {dag.py:3239} INFO - Sync 1 DAGs
[2025-05-02T21:25:12.939+0000] {logging_mixin.py:190} INFO - [2025-05-02T21:25:12.938+0000] {dag.py:4180} INFO - Setting next_dagrun for news_dag to None, run_after=None
[2025-05-02T21:25:12.947+0000] {processor.py:208} INFO - Processing /opt/airflow/dags/wordcount_dag.py took 0.207 seconds
[2025-05-02T21:25:43.178+0000] {processor.py:186} INFO - Started process (PID=415) to work on /opt/airflow/dags/wordcount_dag.py
[2025-05-02T21:25:43.178+0000] {processor.py:914} INFO - Processing file /opt/airflow/dags/wordcount_dag.py for tasks to queue
[2025-05-02T21:25:43.179+0000] {logging_mixin.py:190} INFO - [2025-05-02T21:25:43.178+0000] {dagbag.py:588} INFO - Filling up the DagBag from /opt/airflow/dags/wordcount_dag.py
[2025-05-02T21:25:43.316+0000] {processor.py:925} INFO - DAG(s) 'news_dag' retrieved from /opt/airflow/dags/wordcount_dag.py
[2025-05-02T21:25:43.323+0000] {logging_mixin.py:190} INFO - [2025-05-02T21:25:43.323+0000] {dag.py:3239} INFO - Sync 1 DAGs
[2025-05-02T21:25:43.327+0000] {logging_mixin.py:190} INFO - [2025-05-02T21:25:43.327+0000] {dag.py:4180} INFO - Setting next_dagrun for news_dag to None, run_after=None
[2025-05-02T21:25:43.333+0000] {processor.py:208} INFO - Processing /opt/airflow/dags/wordcount_dag.py took 0.159 seconds
[2025-05-02T21:26:13.676+0000] {processor.py:186} INFO - Started process (PID=419) to work on /opt/airflow/dags/wordcount_dag.py
[2025-05-02T21:26:13.677+0000] {processor.py:914} INFO - Processing file /opt/airflow/dags/wordcount_dag.py for tasks to queue
[2025-05-02T21:26:13.677+0000] {logging_mixin.py:190} INFO - [2025-05-02T21:26:13.677+0000] {dagbag.py:588} INFO - Filling up the DagBag from /opt/airflow/dags/wordcount_dag.py
[2025-05-02T21:26:13.835+0000] {processor.py:925} INFO - DAG(s) 'news_dag' retrieved from /opt/airflow/dags/wordcount_dag.py
[2025-05-02T21:26:13.842+0000] {logging_mixin.py:190} INFO - [2025-05-02T21:26:13.842+0000] {dag.py:3239} INFO - Sync 1 DAGs
[2025-05-02T21:26:13.846+0000] {logging_mixin.py:190} INFO - [2025-05-02T21:26:13.846+0000] {dag.py:4180} INFO - Setting next_dagrun for news_dag to None, run_after=None
[2025-05-02T21:26:13.851+0000] {processor.py:208} INFO - Processing /opt/airflow/dags/wordcount_dag.py took 0.178 seconds
[2025-05-02T21:26:44.055+0000] {processor.py:186} INFO - Started process (PID=423) to work on /opt/airflow/dags/wordcount_dag.py
[2025-05-02T21:26:44.055+0000] {processor.py:914} INFO - Processing file /opt/airflow/dags/wordcount_dag.py for tasks to queue
[2025-05-02T21:26:44.056+0000] {logging_mixin.py:190} INFO - [2025-05-02T21:26:44.056+0000] {dagbag.py:588} INFO - Filling up the DagBag from /opt/airflow/dags/wordcount_dag.py
[2025-05-02T21:26:44.205+0000] {processor.py:925} INFO - DAG(s) 'news_dag' retrieved from /opt/airflow/dags/wordcount_dag.py
[2025-05-02T21:26:44.215+0000] {logging_mixin.py:190} INFO - [2025-05-02T21:26:44.215+0000] {dag.py:3239} INFO - Sync 1 DAGs
[2025-05-02T21:26:44.219+0000] {logging_mixin.py:190} INFO - [2025-05-02T21:26:44.219+0000] {dag.py:4180} INFO - Setting next_dagrun for news_dag to None, run_after=None
[2025-05-02T21:26:44.227+0000] {processor.py:208} INFO - Processing /opt/airflow/dags/wordcount_dag.py took 0.176 seconds
[2025-05-02T21:27:14.439+0000] {processor.py:186} INFO - Started process (PID=427) to work on /opt/airflow/dags/wordcount_dag.py
[2025-05-02T21:27:14.439+0000] {processor.py:914} INFO - Processing file /opt/airflow/dags/wordcount_dag.py for tasks to queue
[2025-05-02T21:27:14.440+0000] {logging_mixin.py:190} INFO - [2025-05-02T21:27:14.440+0000] {dagbag.py:588} INFO - Filling up the DagBag from /opt/airflow/dags/wordcount_dag.py
[2025-05-02T21:27:14.587+0000] {processor.py:925} INFO - DAG(s) 'news_dag' retrieved from /opt/airflow/dags/wordcount_dag.py
[2025-05-02T21:27:14.596+0000] {logging_mixin.py:190} INFO - [2025-05-02T21:27:14.596+0000] {dag.py:3239} INFO - Sync 1 DAGs
[2025-05-02T21:27:14.600+0000] {logging_mixin.py:190} INFO - [2025-05-02T21:27:14.600+0000] {dag.py:4180} INFO - Setting next_dagrun for news_dag to None, run_after=None
[2025-05-02T21:27:14.607+0000] {processor.py:208} INFO - Processing /opt/airflow/dags/wordcount_dag.py took 0.171 seconds
[2025-05-02T21:27:44.821+0000] {processor.py:186} INFO - Started process (PID=431) to work on /opt/airflow/dags/wordcount_dag.py
[2025-05-02T21:27:44.822+0000] {processor.py:914} INFO - Processing file /opt/airflow/dags/wordcount_dag.py for tasks to queue
[2025-05-02T21:27:44.822+0000] {logging_mixin.py:190} INFO - [2025-05-02T21:27:44.822+0000] {dagbag.py:588} INFO - Filling up the DagBag from /opt/airflow/dags/wordcount_dag.py
[2025-05-02T21:27:44.980+0000] {processor.py:925} INFO - DAG(s) 'news_dag' retrieved from /opt/airflow/dags/wordcount_dag.py
[2025-05-02T21:27:44.989+0000] {logging_mixin.py:190} INFO - [2025-05-02T21:27:44.989+0000] {dag.py:3239} INFO - Sync 1 DAGs
[2025-05-02T21:27:44.993+0000] {logging_mixin.py:190} INFO - [2025-05-02T21:27:44.993+0000] {dag.py:4180} INFO - Setting next_dagrun for news_dag to None, run_after=None
[2025-05-02T21:27:45.003+0000] {processor.py:208} INFO - Processing /opt/airflow/dags/wordcount_dag.py took 0.185 seconds
[2025-05-02T21:28:15.216+0000] {processor.py:186} INFO - Started process (PID=435) to work on /opt/airflow/dags/wordcount_dag.py
[2025-05-02T21:28:15.217+0000] {processor.py:914} INFO - Processing file /opt/airflow/dags/wordcount_dag.py for tasks to queue
[2025-05-02T21:28:15.218+0000] {logging_mixin.py:190} INFO - [2025-05-02T21:28:15.218+0000] {dagbag.py:588} INFO - Filling up the DagBag from /opt/airflow/dags/wordcount_dag.py
[2025-05-02T21:28:15.364+0000] {processor.py:925} INFO - DAG(s) 'news_dag' retrieved from /opt/airflow/dags/wordcount_dag.py
[2025-05-02T21:28:15.372+0000] {logging_mixin.py:190} INFO - [2025-05-02T21:28:15.372+0000] {dag.py:3239} INFO - Sync 1 DAGs
[2025-05-02T21:28:15.376+0000] {logging_mixin.py:190} INFO - [2025-05-02T21:28:15.376+0000] {dag.py:4180} INFO - Setting next_dagrun for news_dag to None, run_after=None
[2025-05-02T21:28:15.383+0000] {processor.py:208} INFO - Processing /opt/airflow/dags/wordcount_dag.py took 0.170 seconds
[2025-05-02T21:28:45.604+0000] {processor.py:186} INFO - Started process (PID=439) to work on /opt/airflow/dags/wordcount_dag.py
[2025-05-02T21:28:45.604+0000] {processor.py:914} INFO - Processing file /opt/airflow/dags/wordcount_dag.py for tasks to queue
[2025-05-02T21:28:45.605+0000] {logging_mixin.py:190} INFO - [2025-05-02T21:28:45.605+0000] {dagbag.py:588} INFO - Filling up the DagBag from /opt/airflow/dags/wordcount_dag.py
[2025-05-02T21:28:45.768+0000] {processor.py:925} INFO - DAG(s) 'news_dag' retrieved from /opt/airflow/dags/wordcount_dag.py
[2025-05-02T21:28:45.777+0000] {logging_mixin.py:190} INFO - [2025-05-02T21:28:45.777+0000] {dag.py:3239} INFO - Sync 1 DAGs
[2025-05-02T21:28:45.783+0000] {logging_mixin.py:190} INFO - [2025-05-02T21:28:45.783+0000] {dag.py:4180} INFO - Setting next_dagrun for news_dag to None, run_after=None
[2025-05-02T21:28:45.789+0000] {processor.py:208} INFO - Processing /opt/airflow/dags/wordcount_dag.py took 0.189 seconds
[2025-05-02T21:29:16.151+0000] {processor.py:186} INFO - Started process (PID=443) to work on /opt/airflow/dags/wordcount_dag.py
[2025-05-02T21:29:16.152+0000] {processor.py:914} INFO - Processing file /opt/airflow/dags/wordcount_dag.py for tasks to queue
[2025-05-02T21:29:16.153+0000] {logging_mixin.py:190} INFO - [2025-05-02T21:29:16.153+0000] {dagbag.py:588} INFO - Filling up the DagBag from /opt/airflow/dags/wordcount_dag.py
[2025-05-02T21:29:16.287+0000] {processor.py:925} INFO - DAG(s) 'news_dag' retrieved from /opt/airflow/dags/wordcount_dag.py
[2025-05-02T21:29:16.296+0000] {logging_mixin.py:190} INFO - [2025-05-02T21:29:16.296+0000] {dag.py:3239} INFO - Sync 1 DAGs
[2025-05-02T21:29:16.301+0000] {logging_mixin.py:190} INFO - [2025-05-02T21:29:16.300+0000] {dag.py:4180} INFO - Setting next_dagrun for news_dag to None, run_after=None
[2025-05-02T21:29:16.306+0000] {processor.py:208} INFO - Processing /opt/airflow/dags/wordcount_dag.py took 0.158 seconds
[2025-05-02T21:29:46.698+0000] {processor.py:186} INFO - Started process (PID=447) to work on /opt/airflow/dags/wordcount_dag.py
[2025-05-02T21:29:46.698+0000] {processor.py:914} INFO - Processing file /opt/airflow/dags/wordcount_dag.py for tasks to queue
[2025-05-02T21:29:46.699+0000] {logging_mixin.py:190} INFO - [2025-05-02T21:29:46.699+0000] {dagbag.py:588} INFO - Filling up the DagBag from /opt/airflow/dags/wordcount_dag.py
[2025-05-02T21:29:46.830+0000] {processor.py:925} INFO - DAG(s) 'news_dag' retrieved from /opt/airflow/dags/wordcount_dag.py
[2025-05-02T21:29:46.837+0000] {logging_mixin.py:190} INFO - [2025-05-02T21:29:46.837+0000] {dag.py:3239} INFO - Sync 1 DAGs
[2025-05-02T21:29:46.842+0000] {logging_mixin.py:190} INFO - [2025-05-02T21:29:46.842+0000] {dag.py:4180} INFO - Setting next_dagrun for news_dag to None, run_after=None
[2025-05-02T21:29:46.848+0000] {processor.py:208} INFO - Processing /opt/airflow/dags/wordcount_dag.py took 0.153 seconds
[2025-05-02T21:30:17.324+0000] {processor.py:186} INFO - Started process (PID=451) to work on /opt/airflow/dags/wordcount_dag.py
[2025-05-02T21:30:17.325+0000] {processor.py:914} INFO - Processing file /opt/airflow/dags/wordcount_dag.py for tasks to queue
[2025-05-02T21:30:17.326+0000] {logging_mixin.py:190} INFO - [2025-05-02T21:30:17.325+0000] {dagbag.py:588} INFO - Filling up the DagBag from /opt/airflow/dags/wordcount_dag.py
[2025-05-02T21:30:17.455+0000] {processor.py:925} INFO - DAG(s) 'news_dag' retrieved from /opt/airflow/dags/wordcount_dag.py
[2025-05-02T21:30:17.463+0000] {logging_mixin.py:190} INFO - [2025-05-02T21:30:17.463+0000] {dag.py:3239} INFO - Sync 1 DAGs
[2025-05-02T21:30:17.467+0000] {logging_mixin.py:190} INFO - [2025-05-02T21:30:17.467+0000] {dag.py:4180} INFO - Setting next_dagrun for news_dag to None, run_after=None
[2025-05-02T21:30:17.473+0000] {processor.py:208} INFO - Processing /opt/airflow/dags/wordcount_dag.py took 0.152 seconds
[2025-05-02T21:30:47.758+0000] {processor.py:186} INFO - Started process (PID=455) to work on /opt/airflow/dags/wordcount_dag.py
[2025-05-02T21:30:47.758+0000] {processor.py:914} INFO - Processing file /opt/airflow/dags/wordcount_dag.py for tasks to queue
[2025-05-02T21:30:47.759+0000] {logging_mixin.py:190} INFO - [2025-05-02T21:30:47.759+0000] {dagbag.py:588} INFO - Filling up the DagBag from /opt/airflow/dags/wordcount_dag.py
[2025-05-02T21:30:47.892+0000] {processor.py:925} INFO - DAG(s) 'news_dag' retrieved from /opt/airflow/dags/wordcount_dag.py
[2025-05-02T21:30:47.899+0000] {logging_mixin.py:190} INFO - [2025-05-02T21:30:47.898+0000] {dag.py:3239} INFO - Sync 1 DAGs
[2025-05-02T21:30:47.903+0000] {logging_mixin.py:190} INFO - [2025-05-02T21:30:47.903+0000] {dag.py:4180} INFO - Setting next_dagrun for news_dag to None, run_after=None
[2025-05-02T21:30:47.908+0000] {processor.py:208} INFO - Processing /opt/airflow/dags/wordcount_dag.py took 0.153 seconds
[2025-05-02T21:31:18.190+0000] {processor.py:186} INFO - Started process (PID=459) to work on /opt/airflow/dags/wordcount_dag.py
[2025-05-02T21:31:18.191+0000] {processor.py:914} INFO - Processing file /opt/airflow/dags/wordcount_dag.py for tasks to queue
[2025-05-02T21:31:18.191+0000] {logging_mixin.py:190} INFO - [2025-05-02T21:31:18.191+0000] {dagbag.py:588} INFO - Filling up the DagBag from /opt/airflow/dags/wordcount_dag.py
[2025-05-02T21:31:18.409+0000] {processor.py:925} INFO - DAG(s) 'news_dag' retrieved from /opt/airflow/dags/wordcount_dag.py
[2025-05-02T21:31:18.417+0000] {logging_mixin.py:190} INFO - [2025-05-02T21:31:18.417+0000] {dag.py:3239} INFO - Sync 1 DAGs
[2025-05-02T21:31:18.421+0000] {logging_mixin.py:190} INFO - [2025-05-02T21:31:18.421+0000] {dag.py:4180} INFO - Setting next_dagrun for news_dag to None, run_after=None
[2025-05-02T21:31:18.427+0000] {processor.py:208} INFO - Processing /opt/airflow/dags/wordcount_dag.py took 0.241 seconds
[2025-05-02T21:31:48.972+0000] {processor.py:186} INFO - Started process (PID=463) to work on /opt/airflow/dags/wordcount_dag.py
[2025-05-02T21:31:48.973+0000] {processor.py:914} INFO - Processing file /opt/airflow/dags/wordcount_dag.py for tasks to queue
[2025-05-02T21:31:48.974+0000] {logging_mixin.py:190} INFO - [2025-05-02T21:31:48.973+0000] {dagbag.py:588} INFO - Filling up the DagBag from /opt/airflow/dags/wordcount_dag.py
[2025-05-02T21:31:49.121+0000] {processor.py:925} INFO - DAG(s) 'news_dag' retrieved from /opt/airflow/dags/wordcount_dag.py
[2025-05-02T21:31:49.129+0000] {logging_mixin.py:190} INFO - [2025-05-02T21:31:49.129+0000] {dag.py:3239} INFO - Sync 1 DAGs
[2025-05-02T21:31:49.135+0000] {logging_mixin.py:190} INFO - [2025-05-02T21:31:49.135+0000] {dag.py:4180} INFO - Setting next_dagrun for news_dag to None, run_after=None
[2025-05-02T21:31:49.142+0000] {processor.py:208} INFO - Processing /opt/airflow/dags/wordcount_dag.py took 0.173 seconds
[2025-05-02T21:32:19.566+0000] {processor.py:186} INFO - Started process (PID=467) to work on /opt/airflow/dags/wordcount_dag.py
[2025-05-02T21:32:19.566+0000] {processor.py:914} INFO - Processing file /opt/airflow/dags/wordcount_dag.py for tasks to queue
[2025-05-02T21:32:19.567+0000] {logging_mixin.py:190} INFO - [2025-05-02T21:32:19.567+0000] {dagbag.py:588} INFO - Filling up the DagBag from /opt/airflow/dags/wordcount_dag.py
[2025-05-02T21:32:19.696+0000] {processor.py:925} INFO - DAG(s) 'news_dag' retrieved from /opt/airflow/dags/wordcount_dag.py
[2025-05-02T21:32:19.703+0000] {logging_mixin.py:190} INFO - [2025-05-02T21:32:19.703+0000] {dag.py:3239} INFO - Sync 1 DAGs
[2025-05-02T21:32:19.708+0000] {logging_mixin.py:190} INFO - [2025-05-02T21:32:19.708+0000] {dag.py:4180} INFO - Setting next_dagrun for news_dag to None, run_after=None
[2025-05-02T21:32:19.713+0000] {processor.py:208} INFO - Processing /opt/airflow/dags/wordcount_dag.py took 0.151 seconds
[2025-05-02T21:32:50.163+0000] {processor.py:186} INFO - Started process (PID=471) to work on /opt/airflow/dags/wordcount_dag.py
[2025-05-02T21:32:50.163+0000] {processor.py:914} INFO - Processing file /opt/airflow/dags/wordcount_dag.py for tasks to queue
[2025-05-02T21:32:50.164+0000] {logging_mixin.py:190} INFO - [2025-05-02T21:32:50.164+0000] {dagbag.py:588} INFO - Filling up the DagBag from /opt/airflow/dags/wordcount_dag.py
[2025-05-02T21:32:50.307+0000] {processor.py:925} INFO - DAG(s) 'news_dag' retrieved from /opt/airflow/dags/wordcount_dag.py
[2025-05-02T21:32:50.316+0000] {logging_mixin.py:190} INFO - [2025-05-02T21:32:50.316+0000] {dag.py:3239} INFO - Sync 1 DAGs
[2025-05-02T21:32:50.321+0000] {logging_mixin.py:190} INFO - [2025-05-02T21:32:50.321+0000] {dag.py:4180} INFO - Setting next_dagrun for news_dag to None, run_after=None
[2025-05-02T21:32:50.328+0000] {processor.py:208} INFO - Processing /opt/airflow/dags/wordcount_dag.py took 0.168 seconds
[2025-05-02T21:33:20.703+0000] {processor.py:186} INFO - Started process (PID=475) to work on /opt/airflow/dags/wordcount_dag.py
[2025-05-02T21:33:20.704+0000] {processor.py:914} INFO - Processing file /opt/airflow/dags/wordcount_dag.py for tasks to queue
[2025-05-02T21:33:20.705+0000] {logging_mixin.py:190} INFO - [2025-05-02T21:33:20.705+0000] {dagbag.py:588} INFO - Filling up the DagBag from /opt/airflow/dags/wordcount_dag.py
[2025-05-02T21:33:20.847+0000] {processor.py:925} INFO - DAG(s) 'news_dag' retrieved from /opt/airflow/dags/wordcount_dag.py
[2025-05-02T21:33:20.855+0000] {logging_mixin.py:190} INFO - [2025-05-02T21:33:20.855+0000] {dag.py:3239} INFO - Sync 1 DAGs
[2025-05-02T21:33:20.859+0000] {logging_mixin.py:190} INFO - [2025-05-02T21:33:20.859+0000] {dag.py:4180} INFO - Setting next_dagrun for news_dag to None, run_after=None
[2025-05-02T21:33:20.865+0000] {processor.py:208} INFO - Processing /opt/airflow/dags/wordcount_dag.py took 0.165 seconds
[2025-05-02T21:33:51.174+0000] {processor.py:186} INFO - Started process (PID=479) to work on /opt/airflow/dags/wordcount_dag.py
[2025-05-02T21:33:51.174+0000] {processor.py:914} INFO - Processing file /opt/airflow/dags/wordcount_dag.py for tasks to queue
[2025-05-02T21:33:51.175+0000] {logging_mixin.py:190} INFO - [2025-05-02T21:33:51.175+0000] {dagbag.py:588} INFO - Filling up the DagBag from /opt/airflow/dags/wordcount_dag.py
[2025-05-02T21:33:51.307+0000] {processor.py:925} INFO - DAG(s) 'news_dag' retrieved from /opt/airflow/dags/wordcount_dag.py
[2025-05-02T21:33:51.314+0000] {logging_mixin.py:190} INFO - [2025-05-02T21:33:51.314+0000] {dag.py:3239} INFO - Sync 1 DAGs
[2025-05-02T21:33:51.318+0000] {logging_mixin.py:190} INFO - [2025-05-02T21:33:51.318+0000] {dag.py:4180} INFO - Setting next_dagrun for news_dag to None, run_after=None
[2025-05-02T21:33:51.324+0000] {processor.py:208} INFO - Processing /opt/airflow/dags/wordcount_dag.py took 0.153 seconds
[2025-05-02T21:34:21.590+0000] {processor.py:186} INFO - Started process (PID=483) to work on /opt/airflow/dags/wordcount_dag.py
[2025-05-02T21:34:21.591+0000] {processor.py:914} INFO - Processing file /opt/airflow/dags/wordcount_dag.py for tasks to queue
[2025-05-02T21:34:21.591+0000] {logging_mixin.py:190} INFO - [2025-05-02T21:34:21.591+0000] {dagbag.py:588} INFO - Filling up the DagBag from /opt/airflow/dags/wordcount_dag.py
[2025-05-02T21:34:21.720+0000] {processor.py:925} INFO - DAG(s) 'news_dag' retrieved from /opt/airflow/dags/wordcount_dag.py
[2025-05-02T21:34:21.728+0000] {logging_mixin.py:190} INFO - [2025-05-02T21:34:21.728+0000] {dag.py:3239} INFO - Sync 1 DAGs
[2025-05-02T21:34:21.733+0000] {logging_mixin.py:190} INFO - [2025-05-02T21:34:21.733+0000] {dag.py:4180} INFO - Setting next_dagrun for news_dag to None, run_after=None
[2025-05-02T21:34:21.738+0000] {processor.py:208} INFO - Processing /opt/airflow/dags/wordcount_dag.py took 0.152 seconds
[2025-05-02T21:34:52.110+0000] {processor.py:186} INFO - Started process (PID=487) to work on /opt/airflow/dags/wordcount_dag.py
[2025-05-02T21:34:52.111+0000] {processor.py:914} INFO - Processing file /opt/airflow/dags/wordcount_dag.py for tasks to queue
[2025-05-02T21:34:52.111+0000] {logging_mixin.py:190} INFO - [2025-05-02T21:34:52.111+0000] {dagbag.py:588} INFO - Filling up the DagBag from /opt/airflow/dags/wordcount_dag.py
[2025-05-02T21:34:52.291+0000] {processor.py:925} INFO - DAG(s) 'news_dag' retrieved from /opt/airflow/dags/wordcount_dag.py
[2025-05-02T21:34:52.304+0000] {logging_mixin.py:190} INFO - [2025-05-02T21:34:52.304+0000] {dag.py:3239} INFO - Sync 1 DAGs
[2025-05-02T21:34:52.311+0000] {logging_mixin.py:190} INFO - [2025-05-02T21:34:52.311+0000] {dag.py:4180} INFO - Setting next_dagrun for news_dag to None, run_after=None
[2025-05-02T21:34:52.321+0000] {processor.py:208} INFO - Processing /opt/airflow/dags/wordcount_dag.py took 0.215 seconds
[2025-05-02T21:35:22.518+0000] {processor.py:186} INFO - Started process (PID=491) to work on /opt/airflow/dags/wordcount_dag.py
[2025-05-02T21:35:22.518+0000] {processor.py:914} INFO - Processing file /opt/airflow/dags/wordcount_dag.py for tasks to queue
[2025-05-02T21:35:22.519+0000] {logging_mixin.py:190} INFO - [2025-05-02T21:35:22.519+0000] {dagbag.py:588} INFO - Filling up the DagBag from /opt/airflow/dags/wordcount_dag.py
[2025-05-02T21:35:22.678+0000] {processor.py:925} INFO - DAG(s) 'news_dag' retrieved from /opt/airflow/dags/wordcount_dag.py
[2025-05-02T21:35:22.686+0000] {logging_mixin.py:190} INFO - [2025-05-02T21:35:22.685+0000] {dag.py:3239} INFO - Sync 1 DAGs
[2025-05-02T21:35:22.692+0000] {logging_mixin.py:190} INFO - [2025-05-02T21:35:22.692+0000] {dag.py:4180} INFO - Setting next_dagrun for news_dag to None, run_after=None
[2025-05-02T21:35:22.698+0000] {processor.py:208} INFO - Processing /opt/airflow/dags/wordcount_dag.py took 0.184 seconds
[2025-05-02T21:35:52.898+0000] {processor.py:186} INFO - Started process (PID=495) to work on /opt/airflow/dags/wordcount_dag.py
[2025-05-02T21:35:52.899+0000] {processor.py:914} INFO - Processing file /opt/airflow/dags/wordcount_dag.py for tasks to queue
[2025-05-02T21:35:52.899+0000] {logging_mixin.py:190} INFO - [2025-05-02T21:35:52.899+0000] {dagbag.py:588} INFO - Filling up the DagBag from /opt/airflow/dags/wordcount_dag.py
[2025-05-02T21:35:53.045+0000] {processor.py:925} INFO - DAG(s) 'news_dag' retrieved from /opt/airflow/dags/wordcount_dag.py
[2025-05-02T21:35:53.056+0000] {logging_mixin.py:190} INFO - [2025-05-02T21:35:53.055+0000] {dag.py:3239} INFO - Sync 1 DAGs
[2025-05-02T21:35:53.060+0000] {logging_mixin.py:190} INFO - [2025-05-02T21:35:53.060+0000] {dag.py:4180} INFO - Setting next_dagrun for news_dag to None, run_after=None
[2025-05-02T21:35:53.067+0000] {processor.py:208} INFO - Processing /opt/airflow/dags/wordcount_dag.py took 0.172 seconds
[2025-05-02T21:36:23.288+0000] {processor.py:186} INFO - Started process (PID=499) to work on /opt/airflow/dags/wordcount_dag.py
[2025-05-02T21:36:23.289+0000] {processor.py:914} INFO - Processing file /opt/airflow/dags/wordcount_dag.py for tasks to queue
[2025-05-02T21:36:23.290+0000] {logging_mixin.py:190} INFO - [2025-05-02T21:36:23.290+0000] {dagbag.py:588} INFO - Filling up the DagBag from /opt/airflow/dags/wordcount_dag.py
[2025-05-02T21:36:23.445+0000] {processor.py:925} INFO - DAG(s) 'news_dag' retrieved from /opt/airflow/dags/wordcount_dag.py
[2025-05-02T21:36:23.454+0000] {logging_mixin.py:190} INFO - [2025-05-02T21:36:23.454+0000] {dag.py:3239} INFO - Sync 1 DAGs
[2025-05-02T21:36:23.458+0000] {logging_mixin.py:190} INFO - [2025-05-02T21:36:23.458+0000] {dag.py:4180} INFO - Setting next_dagrun for news_dag to None, run_after=None
[2025-05-02T21:36:23.466+0000] {processor.py:208} INFO - Processing /opt/airflow/dags/wordcount_dag.py took 0.181 seconds
[2025-05-02T21:36:53.707+0000] {processor.py:186} INFO - Started process (PID=503) to work on /opt/airflow/dags/wordcount_dag.py
[2025-05-02T21:36:53.708+0000] {processor.py:914} INFO - Processing file /opt/airflow/dags/wordcount_dag.py for tasks to queue
[2025-05-02T21:36:53.709+0000] {logging_mixin.py:190} INFO - [2025-05-02T21:36:53.709+0000] {dagbag.py:588} INFO - Filling up the DagBag from /opt/airflow/dags/wordcount_dag.py
[2025-05-02T21:36:53.884+0000] {processor.py:925} INFO - DAG(s) 'news_dag' retrieved from /opt/airflow/dags/wordcount_dag.py
[2025-05-02T21:36:53.896+0000] {logging_mixin.py:190} INFO - [2025-05-02T21:36:53.896+0000] {dag.py:3239} INFO - Sync 1 DAGs
[2025-05-02T21:36:53.901+0000] {logging_mixin.py:190} INFO - [2025-05-02T21:36:53.901+0000] {dag.py:4180} INFO - Setting next_dagrun for news_dag to None, run_after=None
[2025-05-02T21:36:53.913+0000] {processor.py:208} INFO - Processing /opt/airflow/dags/wordcount_dag.py took 0.209 seconds
[2025-05-02T21:37:24.408+0000] {processor.py:186} INFO - Started process (PID=507) to work on /opt/airflow/dags/wordcount_dag.py
[2025-05-02T21:37:24.409+0000] {processor.py:914} INFO - Processing file /opt/airflow/dags/wordcount_dag.py for tasks to queue
[2025-05-02T21:37:24.409+0000] {logging_mixin.py:190} INFO - [2025-05-02T21:37:24.409+0000] {dagbag.py:588} INFO - Filling up the DagBag from /opt/airflow/dags/wordcount_dag.py
[2025-05-02T21:37:24.561+0000] {processor.py:925} INFO - DAG(s) 'news_dag' retrieved from /opt/airflow/dags/wordcount_dag.py
[2025-05-02T21:37:24.571+0000] {logging_mixin.py:190} INFO - [2025-05-02T21:37:24.571+0000] {dag.py:3239} INFO - Sync 1 DAGs
[2025-05-02T21:37:24.576+0000] {logging_mixin.py:190} INFO - [2025-05-02T21:37:24.576+0000] {dag.py:4180} INFO - Setting next_dagrun for news_dag to None, run_after=None
[2025-05-02T21:37:24.582+0000] {processor.py:208} INFO - Processing /opt/airflow/dags/wordcount_dag.py took 0.177 seconds
[2025-05-02T21:37:54.760+0000] {processor.py:186} INFO - Started process (PID=511) to work on /opt/airflow/dags/wordcount_dag.py
[2025-05-02T21:37:54.760+0000] {processor.py:914} INFO - Processing file /opt/airflow/dags/wordcount_dag.py for tasks to queue
[2025-05-02T21:37:54.761+0000] {logging_mixin.py:190} INFO - [2025-05-02T21:37:54.761+0000] {dagbag.py:588} INFO - Filling up the DagBag from /opt/airflow/dags/wordcount_dag.py
[2025-05-02T21:37:54.903+0000] {processor.py:925} INFO - DAG(s) 'news_dag' retrieved from /opt/airflow/dags/wordcount_dag.py
[2025-05-02T21:37:54.916+0000] {logging_mixin.py:190} INFO - [2025-05-02T21:37:54.915+0000] {dag.py:3239} INFO - Sync 1 DAGs
[2025-05-02T21:37:54.922+0000] {logging_mixin.py:190} INFO - [2025-05-02T21:37:54.922+0000] {dag.py:4180} INFO - Setting next_dagrun for news_dag to None, run_after=None
[2025-05-02T21:37:54.933+0000] {processor.py:208} INFO - Processing /opt/airflow/dags/wordcount_dag.py took 0.177 seconds
[2025-05-02T21:38:25.191+0000] {processor.py:186} INFO - Started process (PID=515) to work on /opt/airflow/dags/wordcount_dag.py
[2025-05-02T21:38:25.192+0000] {processor.py:914} INFO - Processing file /opt/airflow/dags/wordcount_dag.py for tasks to queue
[2025-05-02T21:38:25.192+0000] {logging_mixin.py:190} INFO - [2025-05-02T21:38:25.192+0000] {dagbag.py:588} INFO - Filling up the DagBag from /opt/airflow/dags/wordcount_dag.py
[2025-05-02T21:38:25.339+0000] {processor.py:925} INFO - DAG(s) 'news_dag' retrieved from /opt/airflow/dags/wordcount_dag.py
[2025-05-02T21:38:25.349+0000] {logging_mixin.py:190} INFO - [2025-05-02T21:38:25.348+0000] {dag.py:3239} INFO - Sync 1 DAGs
[2025-05-02T21:38:25.353+0000] {logging_mixin.py:190} INFO - [2025-05-02T21:38:25.353+0000] {dag.py:4180} INFO - Setting next_dagrun for news_dag to None, run_after=None
[2025-05-02T21:38:25.360+0000] {processor.py:208} INFO - Processing /opt/airflow/dags/wordcount_dag.py took 0.171 seconds
[2025-05-02T21:38:55.636+0000] {processor.py:186} INFO - Started process (PID=519) to work on /opt/airflow/dags/wordcount_dag.py
[2025-05-02T21:38:55.636+0000] {processor.py:914} INFO - Processing file /opt/airflow/dags/wordcount_dag.py for tasks to queue
[2025-05-02T21:38:55.637+0000] {logging_mixin.py:190} INFO - [2025-05-02T21:38:55.637+0000] {dagbag.py:588} INFO - Filling up the DagBag from /opt/airflow/dags/wordcount_dag.py
[2025-05-02T21:38:55.879+0000] {processor.py:925} INFO - DAG(s) 'news_dag' retrieved from /opt/airflow/dags/wordcount_dag.py
[2025-05-02T21:38:55.886+0000] {logging_mixin.py:190} INFO - [2025-05-02T21:38:55.886+0000] {dag.py:3239} INFO - Sync 1 DAGs
[2025-05-02T21:38:55.890+0000] {logging_mixin.py:190} INFO - [2025-05-02T21:38:55.890+0000] {dag.py:4180} INFO - Setting next_dagrun for news_dag to None, run_after=None
[2025-05-02T21:38:55.896+0000] {processor.py:208} INFO - Processing /opt/airflow/dags/wordcount_dag.py took 0.263 seconds
[2025-05-02T21:39:26.256+0000] {processor.py:186} INFO - Started process (PID=523) to work on /opt/airflow/dags/wordcount_dag.py
[2025-05-02T21:39:26.256+0000] {processor.py:914} INFO - Processing file /opt/airflow/dags/wordcount_dag.py for tasks to queue
[2025-05-02T21:39:26.257+0000] {logging_mixin.py:190} INFO - [2025-05-02T21:39:26.257+0000] {dagbag.py:588} INFO - Filling up the DagBag from /opt/airflow/dags/wordcount_dag.py
[2025-05-02T21:39:26.405+0000] {processor.py:925} INFO - DAG(s) 'news_dag' retrieved from /opt/airflow/dags/wordcount_dag.py
[2025-05-02T21:39:26.414+0000] {logging_mixin.py:190} INFO - [2025-05-02T21:39:26.414+0000] {dag.py:3239} INFO - Sync 1 DAGs
[2025-05-02T21:39:26.420+0000] {logging_mixin.py:190} INFO - [2025-05-02T21:39:26.420+0000] {dag.py:4180} INFO - Setting next_dagrun for news_dag to None, run_after=None
[2025-05-02T21:39:26.427+0000] {processor.py:208} INFO - Processing /opt/airflow/dags/wordcount_dag.py took 0.175 seconds
[2025-05-02T21:39:56.778+0000] {processor.py:186} INFO - Started process (PID=527) to work on /opt/airflow/dags/wordcount_dag.py
[2025-05-02T21:39:56.778+0000] {processor.py:914} INFO - Processing file /opt/airflow/dags/wordcount_dag.py for tasks to queue
[2025-05-02T21:39:56.779+0000] {logging_mixin.py:190} INFO - [2025-05-02T21:39:56.779+0000] {dagbag.py:588} INFO - Filling up the DagBag from /opt/airflow/dags/wordcount_dag.py
[2025-05-02T21:39:56.936+0000] {processor.py:925} INFO - DAG(s) 'news_dag' retrieved from /opt/airflow/dags/wordcount_dag.py
[2025-05-02T21:39:56.944+0000] {logging_mixin.py:190} INFO - [2025-05-02T21:39:56.944+0000] {dag.py:3239} INFO - Sync 1 DAGs
[2025-05-02T21:39:56.949+0000] {logging_mixin.py:190} INFO - [2025-05-02T21:39:56.949+0000] {dag.py:4180} INFO - Setting next_dagrun for news_dag to None, run_after=None
[2025-05-02T21:39:56.956+0000] {processor.py:208} INFO - Processing /opt/airflow/dags/wordcount_dag.py took 0.181 seconds
[2025-05-02T21:40:27.311+0000] {processor.py:186} INFO - Started process (PID=531) to work on /opt/airflow/dags/wordcount_dag.py
[2025-05-02T21:40:27.312+0000] {processor.py:914} INFO - Processing file /opt/airflow/dags/wordcount_dag.py for tasks to queue
[2025-05-02T21:40:27.313+0000] {logging_mixin.py:190} INFO - [2025-05-02T21:40:27.313+0000] {dagbag.py:588} INFO - Filling up the DagBag from /opt/airflow/dags/wordcount_dag.py
[2025-05-02T21:40:27.472+0000] {processor.py:925} INFO - DAG(s) 'news_dag' retrieved from /opt/airflow/dags/wordcount_dag.py
[2025-05-02T21:40:27.481+0000] {logging_mixin.py:190} INFO - [2025-05-02T21:40:27.481+0000] {dag.py:3239} INFO - Sync 1 DAGs
[2025-05-02T21:40:27.487+0000] {logging_mixin.py:190} INFO - [2025-05-02T21:40:27.487+0000] {dag.py:4180} INFO - Setting next_dagrun for news_dag to None, run_after=None
[2025-05-02T21:40:27.496+0000] {processor.py:208} INFO - Processing /opt/airflow/dags/wordcount_dag.py took 0.188 seconds
[2025-05-02T21:40:57.800+0000] {processor.py:186} INFO - Started process (PID=535) to work on /opt/airflow/dags/wordcount_dag.py
[2025-05-02T21:40:57.800+0000] {processor.py:914} INFO - Processing file /opt/airflow/dags/wordcount_dag.py for tasks to queue
[2025-05-02T21:40:57.801+0000] {logging_mixin.py:190} INFO - [2025-05-02T21:40:57.800+0000] {dagbag.py:588} INFO - Filling up the DagBag from /opt/airflow/dags/wordcount_dag.py
[2025-05-02T21:40:57.936+0000] {processor.py:925} INFO - DAG(s) 'news_dag' retrieved from /opt/airflow/dags/wordcount_dag.py
[2025-05-02T21:40:57.943+0000] {logging_mixin.py:190} INFO - [2025-05-02T21:40:57.942+0000] {dag.py:3239} INFO - Sync 1 DAGs
[2025-05-02T21:40:57.947+0000] {logging_mixin.py:190} INFO - [2025-05-02T21:40:57.947+0000] {dag.py:4180} INFO - Setting next_dagrun for news_dag to None, run_after=None
[2025-05-02T21:40:57.952+0000] {processor.py:208} INFO - Processing /opt/airflow/dags/wordcount_dag.py took 0.156 seconds
[2025-05-02T21:41:28.391+0000] {processor.py:186} INFO - Started process (PID=539) to work on /opt/airflow/dags/wordcount_dag.py
[2025-05-02T21:41:28.392+0000] {processor.py:914} INFO - Processing file /opt/airflow/dags/wordcount_dag.py for tasks to queue
[2025-05-02T21:41:28.392+0000] {logging_mixin.py:190} INFO - [2025-05-02T21:41:28.392+0000] {dagbag.py:588} INFO - Filling up the DagBag from /opt/airflow/dags/wordcount_dag.py
[2025-05-02T21:41:28.525+0000] {processor.py:925} INFO - DAG(s) 'news_dag' retrieved from /opt/airflow/dags/wordcount_dag.py
[2025-05-02T21:41:28.534+0000] {logging_mixin.py:190} INFO - [2025-05-02T21:41:28.533+0000] {dag.py:3239} INFO - Sync 1 DAGs
[2025-05-02T21:41:28.538+0000] {logging_mixin.py:190} INFO - [2025-05-02T21:41:28.538+0000] {dag.py:4180} INFO - Setting next_dagrun for news_dag to None, run_after=None
[2025-05-02T21:41:28.544+0000] {processor.py:208} INFO - Processing /opt/airflow/dags/wordcount_dag.py took 0.156 seconds
[2025-05-02T21:41:58.899+0000] {processor.py:186} INFO - Started process (PID=543) to work on /opt/airflow/dags/wordcount_dag.py
[2025-05-02T21:41:58.900+0000] {processor.py:914} INFO - Processing file /opt/airflow/dags/wordcount_dag.py for tasks to queue
[2025-05-02T21:41:58.900+0000] {logging_mixin.py:190} INFO - [2025-05-02T21:41:58.900+0000] {dagbag.py:588} INFO - Filling up the DagBag from /opt/airflow/dags/wordcount_dag.py
[2025-05-02T21:41:59.036+0000] {processor.py:925} INFO - DAG(s) 'news_dag' retrieved from /opt/airflow/dags/wordcount_dag.py
[2025-05-02T21:41:59.044+0000] {logging_mixin.py:190} INFO - [2025-05-02T21:41:59.044+0000] {dag.py:3239} INFO - Sync 1 DAGs
[2025-05-02T21:41:59.048+0000] {logging_mixin.py:190} INFO - [2025-05-02T21:41:59.048+0000] {dag.py:4180} INFO - Setting next_dagrun for news_dag to None, run_after=None
[2025-05-02T21:41:59.054+0000] {processor.py:208} INFO - Processing /opt/airflow/dags/wordcount_dag.py took 0.158 seconds
[2025-05-02T21:42:29.407+0000] {processor.py:186} INFO - Started process (PID=547) to work on /opt/airflow/dags/wordcount_dag.py
[2025-05-02T21:42:29.408+0000] {processor.py:914} INFO - Processing file /opt/airflow/dags/wordcount_dag.py for tasks to queue
[2025-05-02T21:42:29.408+0000] {logging_mixin.py:190} INFO - [2025-05-02T21:42:29.408+0000] {dagbag.py:588} INFO - Filling up the DagBag from /opt/airflow/dags/wordcount_dag.py
[2025-05-02T21:42:29.545+0000] {processor.py:925} INFO - DAG(s) 'news_dag' retrieved from /opt/airflow/dags/wordcount_dag.py
[2025-05-02T21:42:29.553+0000] {logging_mixin.py:190} INFO - [2025-05-02T21:42:29.552+0000] {dag.py:3239} INFO - Sync 1 DAGs
[2025-05-02T21:42:29.557+0000] {logging_mixin.py:190} INFO - [2025-05-02T21:42:29.557+0000] {dag.py:4180} INFO - Setting next_dagrun for news_dag to None, run_after=None
[2025-05-02T21:42:29.563+0000] {processor.py:208} INFO - Processing /opt/airflow/dags/wordcount_dag.py took 0.159 seconds
[2025-05-02T21:43:00.110+0000] {processor.py:186} INFO - Started process (PID=551) to work on /opt/airflow/dags/wordcount_dag.py
[2025-05-02T21:43:00.110+0000] {processor.py:914} INFO - Processing file /opt/airflow/dags/wordcount_dag.py for tasks to queue
[2025-05-02T21:43:00.111+0000] {logging_mixin.py:190} INFO - [2025-05-02T21:43:00.111+0000] {dagbag.py:588} INFO - Filling up the DagBag from /opt/airflow/dags/wordcount_dag.py
[2025-05-02T21:43:00.252+0000] {processor.py:925} INFO - DAG(s) 'news_dag' retrieved from /opt/airflow/dags/wordcount_dag.py
[2025-05-02T21:43:00.260+0000] {logging_mixin.py:190} INFO - [2025-05-02T21:43:00.260+0000] {dag.py:3239} INFO - Sync 1 DAGs
[2025-05-02T21:43:00.265+0000] {logging_mixin.py:190} INFO - [2025-05-02T21:43:00.265+0000] {dag.py:4180} INFO - Setting next_dagrun for news_dag to None, run_after=None
[2025-05-02T21:43:00.271+0000] {processor.py:208} INFO - Processing /opt/airflow/dags/wordcount_dag.py took 0.164 seconds
[2025-05-02T21:43:30.800+0000] {processor.py:186} INFO - Started process (PID=555) to work on /opt/airflow/dags/wordcount_dag.py
[2025-05-02T21:43:30.801+0000] {processor.py:914} INFO - Processing file /opt/airflow/dags/wordcount_dag.py for tasks to queue
[2025-05-02T21:43:30.802+0000] {logging_mixin.py:190} INFO - [2025-05-02T21:43:30.801+0000] {dagbag.py:588} INFO - Filling up the DagBag from /opt/airflow/dags/wordcount_dag.py
[2025-05-02T21:43:30.944+0000] {processor.py:925} INFO - DAG(s) 'news_dag' retrieved from /opt/airflow/dags/wordcount_dag.py
[2025-05-02T21:43:30.952+0000] {logging_mixin.py:190} INFO - [2025-05-02T21:43:30.952+0000] {dag.py:3239} INFO - Sync 1 DAGs
[2025-05-02T21:43:30.957+0000] {logging_mixin.py:190} INFO - [2025-05-02T21:43:30.957+0000] {dag.py:4180} INFO - Setting next_dagrun for news_dag to None, run_after=None
[2025-05-02T21:43:30.963+0000] {processor.py:208} INFO - Processing /opt/airflow/dags/wordcount_dag.py took 0.167 seconds
[2025-05-02T21:44:01.418+0000] {processor.py:186} INFO - Started process (PID=559) to work on /opt/airflow/dags/wordcount_dag.py
[2025-05-02T21:44:01.418+0000] {processor.py:914} INFO - Processing file /opt/airflow/dags/wordcount_dag.py for tasks to queue
[2025-05-02T21:44:01.419+0000] {logging_mixin.py:190} INFO - [2025-05-02T21:44:01.419+0000] {dagbag.py:588} INFO - Filling up the DagBag from /opt/airflow/dags/wordcount_dag.py
[2025-05-02T21:44:01.558+0000] {processor.py:925} INFO - DAG(s) 'news_dag' retrieved from /opt/airflow/dags/wordcount_dag.py
[2025-05-02T21:44:01.566+0000] {logging_mixin.py:190} INFO - [2025-05-02T21:44:01.566+0000] {dag.py:3239} INFO - Sync 1 DAGs
[2025-05-02T21:44:01.570+0000] {logging_mixin.py:190} INFO - [2025-05-02T21:44:01.570+0000] {dag.py:4180} INFO - Setting next_dagrun for news_dag to None, run_after=None
[2025-05-02T21:44:01.576+0000] {processor.py:208} INFO - Processing /opt/airflow/dags/wordcount_dag.py took 0.161 seconds
[2025-05-02T21:44:32.043+0000] {processor.py:186} INFO - Started process (PID=563) to work on /opt/airflow/dags/wordcount_dag.py
[2025-05-02T21:44:32.044+0000] {processor.py:914} INFO - Processing file /opt/airflow/dags/wordcount_dag.py for tasks to queue
[2025-05-02T21:44:32.045+0000] {logging_mixin.py:190} INFO - [2025-05-02T21:44:32.045+0000] {dagbag.py:588} INFO - Filling up the DagBag from /opt/airflow/dags/wordcount_dag.py
[2025-05-02T21:44:32.185+0000] {processor.py:925} INFO - DAG(s) 'news_dag' retrieved from /opt/airflow/dags/wordcount_dag.py
[2025-05-02T21:44:32.193+0000] {logging_mixin.py:190} INFO - [2025-05-02T21:44:32.192+0000] {dag.py:3239} INFO - Sync 1 DAGs
[2025-05-02T21:44:32.197+0000] {logging_mixin.py:190} INFO - [2025-05-02T21:44:32.197+0000] {dag.py:4180} INFO - Setting next_dagrun for news_dag to None, run_after=None
[2025-05-02T21:44:32.203+0000] {processor.py:208} INFO - Processing /opt/airflow/dags/wordcount_dag.py took 0.163 seconds
[2025-05-02T21:45:02.660+0000] {processor.py:186} INFO - Started process (PID=567) to work on /opt/airflow/dags/wordcount_dag.py
[2025-05-02T21:45:02.660+0000] {processor.py:914} INFO - Processing file /opt/airflow/dags/wordcount_dag.py for tasks to queue
[2025-05-02T21:45:02.661+0000] {logging_mixin.py:190} INFO - [2025-05-02T21:45:02.661+0000] {dagbag.py:588} INFO - Filling up the DagBag from /opt/airflow/dags/wordcount_dag.py
[2025-05-02T21:45:02.806+0000] {processor.py:925} INFO - DAG(s) 'news_dag' retrieved from /opt/airflow/dags/wordcount_dag.py
[2025-05-02T21:45:02.814+0000] {logging_mixin.py:190} INFO - [2025-05-02T21:45:02.813+0000] {dag.py:3239} INFO - Sync 1 DAGs
[2025-05-02T21:45:02.818+0000] {logging_mixin.py:190} INFO - [2025-05-02T21:45:02.818+0000] {dag.py:4180} INFO - Setting next_dagrun for news_dag to None, run_after=None
[2025-05-02T21:45:02.825+0000] {processor.py:208} INFO - Processing /opt/airflow/dags/wordcount_dag.py took 0.168 seconds
[2025-05-02T21:45:33.352+0000] {processor.py:186} INFO - Started process (PID=571) to work on /opt/airflow/dags/wordcount_dag.py
[2025-05-02T21:45:33.353+0000] {processor.py:914} INFO - Processing file /opt/airflow/dags/wordcount_dag.py for tasks to queue
[2025-05-02T21:45:33.354+0000] {logging_mixin.py:190} INFO - [2025-05-02T21:45:33.353+0000] {dagbag.py:588} INFO - Filling up the DagBag from /opt/airflow/dags/wordcount_dag.py
[2025-05-02T21:45:33.492+0000] {processor.py:925} INFO - DAG(s) 'news_dag' retrieved from /opt/airflow/dags/wordcount_dag.py
[2025-05-02T21:45:33.499+0000] {logging_mixin.py:190} INFO - [2025-05-02T21:45:33.499+0000] {dag.py:3239} INFO - Sync 1 DAGs
[2025-05-02T21:45:33.504+0000] {logging_mixin.py:190} INFO - [2025-05-02T21:45:33.504+0000] {dag.py:4180} INFO - Setting next_dagrun for news_dag to None, run_after=None
[2025-05-02T21:45:33.510+0000] {processor.py:208} INFO - Processing /opt/airflow/dags/wordcount_dag.py took 0.160 seconds
[2025-05-02T21:46:04.045+0000] {processor.py:186} INFO - Started process (PID=575) to work on /opt/airflow/dags/wordcount_dag.py
[2025-05-02T21:46:04.046+0000] {processor.py:914} INFO - Processing file /opt/airflow/dags/wordcount_dag.py for tasks to queue
[2025-05-02T21:46:04.046+0000] {logging_mixin.py:190} INFO - [2025-05-02T21:46:04.046+0000] {dagbag.py:588} INFO - Filling up the DagBag from /opt/airflow/dags/wordcount_dag.py
[2025-05-02T21:46:04.186+0000] {processor.py:925} INFO - DAG(s) 'news_dag' retrieved from /opt/airflow/dags/wordcount_dag.py
[2025-05-02T21:46:04.194+0000] {logging_mixin.py:190} INFO - [2025-05-02T21:46:04.194+0000] {dag.py:3239} INFO - Sync 1 DAGs
[2025-05-02T21:46:04.199+0000] {logging_mixin.py:190} INFO - [2025-05-02T21:46:04.199+0000] {dag.py:4180} INFO - Setting next_dagrun for news_dag to None, run_after=None
[2025-05-02T21:46:04.205+0000] {processor.py:208} INFO - Processing /opt/airflow/dags/wordcount_dag.py took 0.163 seconds
[2025-05-02T21:46:34.652+0000] {processor.py:186} INFO - Started process (PID=579) to work on /opt/airflow/dags/wordcount_dag.py
[2025-05-02T21:46:34.653+0000] {processor.py:914} INFO - Processing file /opt/airflow/dags/wordcount_dag.py for tasks to queue
[2025-05-02T21:46:34.653+0000] {logging_mixin.py:190} INFO - [2025-05-02T21:46:34.653+0000] {dagbag.py:588} INFO - Filling up the DagBag from /opt/airflow/dags/wordcount_dag.py
[2025-05-02T21:46:34.796+0000] {processor.py:925} INFO - DAG(s) 'news_dag' retrieved from /opt/airflow/dags/wordcount_dag.py
[2025-05-02T21:46:34.805+0000] {logging_mixin.py:190} INFO - [2025-05-02T21:46:34.805+0000] {dag.py:3239} INFO - Sync 1 DAGs
[2025-05-02T21:46:34.809+0000] {logging_mixin.py:190} INFO - [2025-05-02T21:46:34.809+0000] {dag.py:4180} INFO - Setting next_dagrun for news_dag to None, run_after=None
[2025-05-02T21:46:34.816+0000] {processor.py:208} INFO - Processing /opt/airflow/dags/wordcount_dag.py took 0.167 seconds
[2025-05-02T21:47:05.335+0000] {processor.py:186} INFO - Started process (PID=583) to work on /opt/airflow/dags/wordcount_dag.py
[2025-05-02T21:47:05.336+0000] {processor.py:914} INFO - Processing file /opt/airflow/dags/wordcount_dag.py for tasks to queue
[2025-05-02T21:47:05.336+0000] {logging_mixin.py:190} INFO - [2025-05-02T21:47:05.336+0000] {dagbag.py:588} INFO - Filling up the DagBag from /opt/airflow/dags/wordcount_dag.py
[2025-05-02T21:47:05.471+0000] {processor.py:925} INFO - DAG(s) 'news_dag' retrieved from /opt/airflow/dags/wordcount_dag.py
[2025-05-02T21:47:05.478+0000] {logging_mixin.py:190} INFO - [2025-05-02T21:47:05.478+0000] {dag.py:3239} INFO - Sync 1 DAGs
[2025-05-02T21:47:05.482+0000] {logging_mixin.py:190} INFO - [2025-05-02T21:47:05.482+0000] {dag.py:4180} INFO - Setting next_dagrun for news_dag to None, run_after=None
[2025-05-02T21:47:05.488+0000] {processor.py:208} INFO - Processing /opt/airflow/dags/wordcount_dag.py took 0.155 seconds
[2025-05-02T21:47:36.143+0000] {processor.py:186} INFO - Started process (PID=587) to work on /opt/airflow/dags/wordcount_dag.py
[2025-05-02T21:47:36.143+0000] {processor.py:914} INFO - Processing file /opt/airflow/dags/wordcount_dag.py for tasks to queue
[2025-05-02T21:47:36.144+0000] {logging_mixin.py:190} INFO - [2025-05-02T21:47:36.144+0000] {dagbag.py:588} INFO - Filling up the DagBag from /opt/airflow/dags/wordcount_dag.py
[2025-05-02T21:47:36.270+0000] {processor.py:925} INFO - DAG(s) 'news_dag' retrieved from /opt/airflow/dags/wordcount_dag.py
[2025-05-02T21:47:36.277+0000] {logging_mixin.py:190} INFO - [2025-05-02T21:47:36.276+0000] {dag.py:3239} INFO - Sync 1 DAGs
[2025-05-02T21:47:36.280+0000] {logging_mixin.py:190} INFO - [2025-05-02T21:47:36.280+0000] {dag.py:4180} INFO - Setting next_dagrun for news_dag to None, run_after=None
[2025-05-02T21:47:36.285+0000] {processor.py:208} INFO - Processing /opt/airflow/dags/wordcount_dag.py took 0.145 seconds
[2025-05-02T21:48:06.650+0000] {processor.py:186} INFO - Started process (PID=591) to work on /opt/airflow/dags/wordcount_dag.py
[2025-05-02T21:48:06.650+0000] {processor.py:914} INFO - Processing file /opt/airflow/dags/wordcount_dag.py for tasks to queue
[2025-05-02T21:48:06.651+0000] {logging_mixin.py:190} INFO - [2025-05-02T21:48:06.651+0000] {dagbag.py:588} INFO - Filling up the DagBag from /opt/airflow/dags/wordcount_dag.py
[2025-05-02T21:48:06.786+0000] {processor.py:925} INFO - DAG(s) 'news_dag' retrieved from /opt/airflow/dags/wordcount_dag.py
[2025-05-02T21:48:06.793+0000] {logging_mixin.py:190} INFO - [2025-05-02T21:48:06.793+0000] {dag.py:3239} INFO - Sync 1 DAGs
[2025-05-02T21:48:06.798+0000] {logging_mixin.py:190} INFO - [2025-05-02T21:48:06.798+0000] {dag.py:4180} INFO - Setting next_dagrun for news_dag to None, run_after=None
[2025-05-02T21:48:06.804+0000] {processor.py:208} INFO - Processing /opt/airflow/dags/wordcount_dag.py took 0.158 seconds
[2025-05-02T21:48:37.383+0000] {processor.py:186} INFO - Started process (PID=595) to work on /opt/airflow/dags/wordcount_dag.py
[2025-05-02T21:48:37.384+0000] {processor.py:914} INFO - Processing file /opt/airflow/dags/wordcount_dag.py for tasks to queue
[2025-05-02T21:48:37.385+0000] {logging_mixin.py:190} INFO - [2025-05-02T21:48:37.385+0000] {dagbag.py:588} INFO - Filling up the DagBag from /opt/airflow/dags/wordcount_dag.py
[2025-05-02T21:48:37.525+0000] {processor.py:925} INFO - DAG(s) 'news_dag' retrieved from /opt/airflow/dags/wordcount_dag.py
[2025-05-02T21:48:37.533+0000] {logging_mixin.py:190} INFO - [2025-05-02T21:48:37.533+0000] {dag.py:3239} INFO - Sync 1 DAGs
[2025-05-02T21:48:37.538+0000] {logging_mixin.py:190} INFO - [2025-05-02T21:48:37.537+0000] {dag.py:4180} INFO - Setting next_dagrun for news_dag to None, run_after=None
[2025-05-02T21:48:37.543+0000] {processor.py:208} INFO - Processing /opt/airflow/dags/wordcount_dag.py took 0.163 seconds
[2025-05-02T21:49:08.239+0000] {processor.py:186} INFO - Started process (PID=599) to work on /opt/airflow/dags/wordcount_dag.py
[2025-05-02T21:49:08.240+0000] {processor.py:914} INFO - Processing file /opt/airflow/dags/wordcount_dag.py for tasks to queue
[2025-05-02T21:49:08.240+0000] {logging_mixin.py:190} INFO - [2025-05-02T21:49:08.240+0000] {dagbag.py:588} INFO - Filling up the DagBag from /opt/airflow/dags/wordcount_dag.py
[2025-05-02T21:49:08.393+0000] {processor.py:925} INFO - DAG(s) 'news_dag' retrieved from /opt/airflow/dags/wordcount_dag.py
[2025-05-02T21:49:08.402+0000] {logging_mixin.py:190} INFO - [2025-05-02T21:49:08.402+0000] {dag.py:3239} INFO - Sync 1 DAGs
[2025-05-02T21:49:08.407+0000] {logging_mixin.py:190} INFO - [2025-05-02T21:49:08.407+0000] {dag.py:4180} INFO - Setting next_dagrun for news_dag to None, run_after=None
[2025-05-02T21:49:08.413+0000] {processor.py:208} INFO - Processing /opt/airflow/dags/wordcount_dag.py took 0.178 seconds
[2025-05-02T21:49:38.877+0000] {processor.py:186} INFO - Started process (PID=603) to work on /opt/airflow/dags/wordcount_dag.py
[2025-05-02T21:49:38.878+0000] {processor.py:914} INFO - Processing file /opt/airflow/dags/wordcount_dag.py for tasks to queue
[2025-05-02T21:49:38.879+0000] {logging_mixin.py:190} INFO - [2025-05-02T21:49:38.878+0000] {dagbag.py:588} INFO - Filling up the DagBag from /opt/airflow/dags/wordcount_dag.py
[2025-05-02T21:49:39.016+0000] {processor.py:925} INFO - DAG(s) 'news_dag' retrieved from /opt/airflow/dags/wordcount_dag.py
[2025-05-02T21:49:39.023+0000] {logging_mixin.py:190} INFO - [2025-05-02T21:49:39.023+0000] {dag.py:3239} INFO - Sync 1 DAGs
[2025-05-02T21:49:39.027+0000] {logging_mixin.py:190} INFO - [2025-05-02T21:49:39.027+0000] {dag.py:4180} INFO - Setting next_dagrun for news_dag to None, run_after=None
[2025-05-02T21:49:39.032+0000] {processor.py:208} INFO - Processing /opt/airflow/dags/wordcount_dag.py took 0.158 seconds
[2025-05-02T21:50:09.470+0000] {processor.py:186} INFO - Started process (PID=607) to work on /opt/airflow/dags/wordcount_dag.py
[2025-05-02T21:50:09.471+0000] {processor.py:914} INFO - Processing file /opt/airflow/dags/wordcount_dag.py for tasks to queue
[2025-05-02T21:50:09.471+0000] {logging_mixin.py:190} INFO - [2025-05-02T21:50:09.471+0000] {dagbag.py:588} INFO - Filling up the DagBag from /opt/airflow/dags/wordcount_dag.py
[2025-05-02T21:50:09.613+0000] {processor.py:925} INFO - DAG(s) 'news_dag' retrieved from /opt/airflow/dags/wordcount_dag.py
[2025-05-02T21:50:09.620+0000] {logging_mixin.py:190} INFO - [2025-05-02T21:50:09.620+0000] {dag.py:3239} INFO - Sync 1 DAGs
[2025-05-02T21:50:09.625+0000] {logging_mixin.py:190} INFO - [2025-05-02T21:50:09.625+0000] {dag.py:4180} INFO - Setting next_dagrun for news_dag to None, run_after=None
[2025-05-02T21:50:09.632+0000] {processor.py:208} INFO - Processing /opt/airflow/dags/wordcount_dag.py took 0.165 seconds
[2025-05-02T21:50:39.992+0000] {processor.py:186} INFO - Started process (PID=611) to work on /opt/airflow/dags/wordcount_dag.py
[2025-05-02T21:50:39.993+0000] {processor.py:914} INFO - Processing file /opt/airflow/dags/wordcount_dag.py for tasks to queue
[2025-05-02T21:50:39.994+0000] {logging_mixin.py:190} INFO - [2025-05-02T21:50:39.993+0000] {dagbag.py:588} INFO - Filling up the DagBag from /opt/airflow/dags/wordcount_dag.py
[2025-05-02T21:50:40.127+0000] {processor.py:925} INFO - DAG(s) 'news_dag' retrieved from /opt/airflow/dags/wordcount_dag.py
[2025-05-02T21:50:40.134+0000] {logging_mixin.py:190} INFO - [2025-05-02T21:50:40.134+0000] {dag.py:3239} INFO - Sync 1 DAGs
[2025-05-02T21:50:40.139+0000] {logging_mixin.py:190} INFO - [2025-05-02T21:50:40.138+0000] {dag.py:4180} INFO - Setting next_dagrun for news_dag to None, run_after=None
[2025-05-02T21:50:40.145+0000] {processor.py:208} INFO - Processing /opt/airflow/dags/wordcount_dag.py took 0.156 seconds
[2025-05-02T21:51:10.665+0000] {processor.py:186} INFO - Started process (PID=615) to work on /opt/airflow/dags/wordcount_dag.py
[2025-05-02T21:51:10.665+0000] {processor.py:914} INFO - Processing file /opt/airflow/dags/wordcount_dag.py for tasks to queue
[2025-05-02T21:51:10.666+0000] {logging_mixin.py:190} INFO - [2025-05-02T21:51:10.665+0000] {dagbag.py:588} INFO - Filling up the DagBag from /opt/airflow/dags/wordcount_dag.py
[2025-05-02T21:51:10.803+0000] {processor.py:925} INFO - DAG(s) 'news_dag' retrieved from /opt/airflow/dags/wordcount_dag.py
[2025-05-02T21:51:10.810+0000] {logging_mixin.py:190} INFO - [2025-05-02T21:51:10.810+0000] {dag.py:3239} INFO - Sync 1 DAGs
[2025-05-02T21:51:10.815+0000] {logging_mixin.py:190} INFO - [2025-05-02T21:51:10.815+0000] {dag.py:4180} INFO - Setting next_dagrun for news_dag to None, run_after=None
[2025-05-02T21:51:10.819+0000] {processor.py:208} INFO - Processing /opt/airflow/dags/wordcount_dag.py took 0.158 seconds
[2025-05-02T21:51:41.318+0000] {processor.py:186} INFO - Started process (PID=619) to work on /opt/airflow/dags/wordcount_dag.py
[2025-05-02T21:51:41.318+0000] {processor.py:914} INFO - Processing file /opt/airflow/dags/wordcount_dag.py for tasks to queue
[2025-05-02T21:51:41.319+0000] {logging_mixin.py:190} INFO - [2025-05-02T21:51:41.319+0000] {dagbag.py:588} INFO - Filling up the DagBag from /opt/airflow/dags/wordcount_dag.py
[2025-05-02T21:51:41.455+0000] {processor.py:925} INFO - DAG(s) 'news_dag' retrieved from /opt/airflow/dags/wordcount_dag.py
[2025-05-02T21:51:41.462+0000] {logging_mixin.py:190} INFO - [2025-05-02T21:51:41.462+0000] {dag.py:3239} INFO - Sync 1 DAGs
[2025-05-02T21:51:41.467+0000] {logging_mixin.py:190} INFO - [2025-05-02T21:51:41.467+0000] {dag.py:4180} INFO - Setting next_dagrun for news_dag to None, run_after=None
[2025-05-02T21:51:41.472+0000] {processor.py:208} INFO - Processing /opt/airflow/dags/wordcount_dag.py took 0.157 seconds
[2025-05-02T21:52:11.905+0000] {processor.py:186} INFO - Started process (PID=623) to work on /opt/airflow/dags/wordcount_dag.py
[2025-05-02T21:52:11.906+0000] {processor.py:914} INFO - Processing file /opt/airflow/dags/wordcount_dag.py for tasks to queue
[2025-05-02T21:52:11.906+0000] {logging_mixin.py:190} INFO - [2025-05-02T21:52:11.906+0000] {dagbag.py:588} INFO - Filling up the DagBag from /opt/airflow/dags/wordcount_dag.py
[2025-05-02T21:52:12.042+0000] {processor.py:925} INFO - DAG(s) 'news_dag' retrieved from /opt/airflow/dags/wordcount_dag.py
[2025-05-02T21:52:12.050+0000] {logging_mixin.py:190} INFO - [2025-05-02T21:52:12.049+0000] {dag.py:3239} INFO - Sync 1 DAGs
[2025-05-02T21:52:12.054+0000] {logging_mixin.py:190} INFO - [2025-05-02T21:52:12.054+0000] {dag.py:4180} INFO - Setting next_dagrun for news_dag to None, run_after=None
[2025-05-02T21:52:12.060+0000] {processor.py:208} INFO - Processing /opt/airflow/dags/wordcount_dag.py took 0.158 seconds
[2025-05-02T21:52:42.526+0000] {processor.py:186} INFO - Started process (PID=627) to work on /opt/airflow/dags/wordcount_dag.py
[2025-05-02T21:52:42.526+0000] {processor.py:914} INFO - Processing file /opt/airflow/dags/wordcount_dag.py for tasks to queue
[2025-05-02T21:52:42.527+0000] {logging_mixin.py:190} INFO - [2025-05-02T21:52:42.527+0000] {dagbag.py:588} INFO - Filling up the DagBag from /opt/airflow/dags/wordcount_dag.py
[2025-05-02T21:52:42.662+0000] {processor.py:925} INFO - DAG(s) 'news_dag' retrieved from /opt/airflow/dags/wordcount_dag.py
[2025-05-02T21:52:42.669+0000] {logging_mixin.py:190} INFO - [2025-05-02T21:52:42.669+0000] {dag.py:3239} INFO - Sync 1 DAGs
[2025-05-02T21:52:42.673+0000] {logging_mixin.py:190} INFO - [2025-05-02T21:52:42.673+0000] {dag.py:4180} INFO - Setting next_dagrun for news_dag to None, run_after=None
[2025-05-02T21:52:42.678+0000] {processor.py:208} INFO - Processing /opt/airflow/dags/wordcount_dag.py took 0.156 seconds
[2025-05-02T21:53:13.119+0000] {processor.py:186} INFO - Started process (PID=631) to work on /opt/airflow/dags/wordcount_dag.py
[2025-05-02T21:53:13.120+0000] {processor.py:914} INFO - Processing file /opt/airflow/dags/wordcount_dag.py for tasks to queue
[2025-05-02T21:53:13.120+0000] {logging_mixin.py:190} INFO - [2025-05-02T21:53:13.120+0000] {dagbag.py:588} INFO - Filling up the DagBag from /opt/airflow/dags/wordcount_dag.py
[2025-05-02T21:53:13.258+0000] {processor.py:925} INFO - DAG(s) 'news_dag' retrieved from /opt/airflow/dags/wordcount_dag.py
[2025-05-02T21:53:13.265+0000] {logging_mixin.py:190} INFO - [2025-05-02T21:53:13.265+0000] {dag.py:3239} INFO - Sync 1 DAGs
[2025-05-02T21:53:13.269+0000] {logging_mixin.py:190} INFO - [2025-05-02T21:53:13.269+0000] {dag.py:4180} INFO - Setting next_dagrun for news_dag to None, run_after=None
[2025-05-02T21:53:13.275+0000] {processor.py:208} INFO - Processing /opt/airflow/dags/wordcount_dag.py took 0.159 seconds
[2025-05-02T21:53:43.825+0000] {processor.py:186} INFO - Started process (PID=635) to work on /opt/airflow/dags/wordcount_dag.py
[2025-05-02T21:53:43.826+0000] {processor.py:914} INFO - Processing file /opt/airflow/dags/wordcount_dag.py for tasks to queue
[2025-05-02T21:53:43.826+0000] {logging_mixin.py:190} INFO - [2025-05-02T21:53:43.826+0000] {dagbag.py:588} INFO - Filling up the DagBag from /opt/airflow/dags/wordcount_dag.py
[2025-05-02T21:53:43.972+0000] {processor.py:925} INFO - DAG(s) 'news_dag' retrieved from /opt/airflow/dags/wordcount_dag.py
[2025-05-02T21:53:43.980+0000] {logging_mixin.py:190} INFO - [2025-05-02T21:53:43.980+0000] {dag.py:3239} INFO - Sync 1 DAGs
[2025-05-02T21:53:43.984+0000] {logging_mixin.py:190} INFO - [2025-05-02T21:53:43.984+0000] {dag.py:4180} INFO - Setting next_dagrun for news_dag to None, run_after=None
[2025-05-02T21:53:43.990+0000] {processor.py:208} INFO - Processing /opt/airflow/dags/wordcount_dag.py took 0.169 seconds
[2025-05-02T21:54:14.513+0000] {processor.py:186} INFO - Started process (PID=639) to work on /opt/airflow/dags/wordcount_dag.py
[2025-05-02T21:54:14.513+0000] {processor.py:914} INFO - Processing file /opt/airflow/dags/wordcount_dag.py for tasks to queue
[2025-05-02T21:54:14.514+0000] {logging_mixin.py:190} INFO - [2025-05-02T21:54:14.514+0000] {dagbag.py:588} INFO - Filling up the DagBag from /opt/airflow/dags/wordcount_dag.py
[2025-05-02T21:54:14.653+0000] {processor.py:925} INFO - DAG(s) 'news_dag' retrieved from /opt/airflow/dags/wordcount_dag.py
[2025-05-02T21:54:14.660+0000] {logging_mixin.py:190} INFO - [2025-05-02T21:54:14.660+0000] {dag.py:3239} INFO - Sync 1 DAGs
[2025-05-02T21:54:14.665+0000] {logging_mixin.py:190} INFO - [2025-05-02T21:54:14.665+0000] {dag.py:4180} INFO - Setting next_dagrun for news_dag to None, run_after=None
[2025-05-02T21:54:14.670+0000] {processor.py:208} INFO - Processing /opt/airflow/dags/wordcount_dag.py took 0.161 seconds
[2025-05-02T21:54:45.187+0000] {processor.py:186} INFO - Started process (PID=643) to work on /opt/airflow/dags/wordcount_dag.py
[2025-05-02T21:54:45.187+0000] {processor.py:914} INFO - Processing file /opt/airflow/dags/wordcount_dag.py for tasks to queue
[2025-05-02T21:54:45.188+0000] {logging_mixin.py:190} INFO - [2025-05-02T21:54:45.188+0000] {dagbag.py:588} INFO - Filling up the DagBag from /opt/airflow/dags/wordcount_dag.py
[2025-05-02T21:54:45.325+0000] {processor.py:925} INFO - DAG(s) 'news_dag' retrieved from /opt/airflow/dags/wordcount_dag.py
[2025-05-02T21:54:45.333+0000] {logging_mixin.py:190} INFO - [2025-05-02T21:54:45.332+0000] {dag.py:3239} INFO - Sync 1 DAGs
[2025-05-02T21:54:45.337+0000] {logging_mixin.py:190} INFO - [2025-05-02T21:54:45.337+0000] {dag.py:4180} INFO - Setting next_dagrun for news_dag to None, run_after=None
[2025-05-02T21:54:45.343+0000] {processor.py:208} INFO - Processing /opt/airflow/dags/wordcount_dag.py took 0.159 seconds
[2025-05-02T21:55:15.772+0000] {processor.py:186} INFO - Started process (PID=647) to work on /opt/airflow/dags/wordcount_dag.py
[2025-05-02T21:55:15.773+0000] {processor.py:914} INFO - Processing file /opt/airflow/dags/wordcount_dag.py for tasks to queue
[2025-05-02T21:55:15.774+0000] {logging_mixin.py:190} INFO - [2025-05-02T21:55:15.774+0000] {dagbag.py:588} INFO - Filling up the DagBag from /opt/airflow/dags/wordcount_dag.py
[2025-05-02T21:55:15.915+0000] {processor.py:925} INFO - DAG(s) 'news_dag' retrieved from /opt/airflow/dags/wordcount_dag.py
[2025-05-02T21:55:15.923+0000] {logging_mixin.py:190} INFO - [2025-05-02T21:55:15.923+0000] {dag.py:3239} INFO - Sync 1 DAGs
[2025-05-02T21:55:15.927+0000] {logging_mixin.py:190} INFO - [2025-05-02T21:55:15.927+0000] {dag.py:4180} INFO - Setting next_dagrun for news_dag to None, run_after=None
[2025-05-02T21:55:15.933+0000] {processor.py:208} INFO - Processing /opt/airflow/dags/wordcount_dag.py took 0.164 seconds
[2025-05-02T21:55:46.269+0000] {processor.py:186} INFO - Started process (PID=651) to work on /opt/airflow/dags/wordcount_dag.py
[2025-05-02T21:55:46.269+0000] {processor.py:914} INFO - Processing file /opt/airflow/dags/wordcount_dag.py for tasks to queue
[2025-05-02T21:55:46.270+0000] {logging_mixin.py:190} INFO - [2025-05-02T21:55:46.270+0000] {dagbag.py:588} INFO - Filling up the DagBag from /opt/airflow/dags/wordcount_dag.py
[2025-05-02T21:55:46.403+0000] {processor.py:925} INFO - DAG(s) 'news_dag' retrieved from /opt/airflow/dags/wordcount_dag.py
[2025-05-02T21:55:46.410+0000] {logging_mixin.py:190} INFO - [2025-05-02T21:55:46.410+0000] {dag.py:3239} INFO - Sync 1 DAGs
[2025-05-02T21:55:46.414+0000] {logging_mixin.py:190} INFO - [2025-05-02T21:55:46.414+0000] {dag.py:4180} INFO - Setting next_dagrun for news_dag to None, run_after=None
[2025-05-02T21:55:46.419+0000] {processor.py:208} INFO - Processing /opt/airflow/dags/wordcount_dag.py took 0.154 seconds
[2025-05-02T21:56:16.919+0000] {processor.py:186} INFO - Started process (PID=655) to work on /opt/airflow/dags/wordcount_dag.py
[2025-05-02T21:56:16.920+0000] {processor.py:914} INFO - Processing file /opt/airflow/dags/wordcount_dag.py for tasks to queue
[2025-05-02T21:56:16.920+0000] {logging_mixin.py:190} INFO - [2025-05-02T21:56:16.920+0000] {dagbag.py:588} INFO - Filling up the DagBag from /opt/airflow/dags/wordcount_dag.py
[2025-05-02T21:56:17.053+0000] {processor.py:925} INFO - DAG(s) 'news_dag' retrieved from /opt/airflow/dags/wordcount_dag.py
[2025-05-02T21:56:17.060+0000] {logging_mixin.py:190} INFO - [2025-05-02T21:56:17.060+0000] {dag.py:3239} INFO - Sync 1 DAGs
[2025-05-02T21:56:17.065+0000] {logging_mixin.py:190} INFO - [2025-05-02T21:56:17.065+0000] {dag.py:4180} INFO - Setting next_dagrun for news_dag to None, run_after=None
[2025-05-02T21:56:17.071+0000] {processor.py:208} INFO - Processing /opt/airflow/dags/wordcount_dag.py took 0.154 seconds
[2025-05-02T21:56:47.627+0000] {processor.py:186} INFO - Started process (PID=659) to work on /opt/airflow/dags/wordcount_dag.py
[2025-05-02T21:56:47.627+0000] {processor.py:914} INFO - Processing file /opt/airflow/dags/wordcount_dag.py for tasks to queue
[2025-05-02T21:56:47.628+0000] {logging_mixin.py:190} INFO - [2025-05-02T21:56:47.628+0000] {dagbag.py:588} INFO - Filling up the DagBag from /opt/airflow/dags/wordcount_dag.py
[2025-05-02T21:56:47.772+0000] {processor.py:925} INFO - DAG(s) 'news_dag' retrieved from /opt/airflow/dags/wordcount_dag.py
[2025-05-02T21:56:47.778+0000] {logging_mixin.py:190} INFO - [2025-05-02T21:56:47.778+0000] {dag.py:3239} INFO - Sync 1 DAGs
[2025-05-02T21:56:47.783+0000] {logging_mixin.py:190} INFO - [2025-05-02T21:56:47.783+0000] {dag.py:4180} INFO - Setting next_dagrun for news_dag to None, run_after=None
[2025-05-02T21:56:47.788+0000] {processor.py:208} INFO - Processing /opt/airflow/dags/wordcount_dag.py took 0.164 seconds
[2025-05-02T21:57:18.177+0000] {processor.py:186} INFO - Started process (PID=663) to work on /opt/airflow/dags/wordcount_dag.py
[2025-05-02T21:57:18.177+0000] {processor.py:914} INFO - Processing file /opt/airflow/dags/wordcount_dag.py for tasks to queue
[2025-05-02T21:57:18.178+0000] {logging_mixin.py:190} INFO - [2025-05-02T21:57:18.177+0000] {dagbag.py:588} INFO - Filling up the DagBag from /opt/airflow/dags/wordcount_dag.py
[2025-05-02T21:57:18.319+0000] {processor.py:925} INFO - DAG(s) 'news_dag' retrieved from /opt/airflow/dags/wordcount_dag.py
[2025-05-02T21:57:18.327+0000] {logging_mixin.py:190} INFO - [2025-05-02T21:57:18.326+0000] {dag.py:3239} INFO - Sync 1 DAGs
[2025-05-02T21:57:18.331+0000] {logging_mixin.py:190} INFO - [2025-05-02T21:57:18.331+0000] {dag.py:4180} INFO - Setting next_dagrun for news_dag to None, run_after=None
[2025-05-02T21:57:18.337+0000] {processor.py:208} INFO - Processing /opt/airflow/dags/wordcount_dag.py took 0.163 seconds
[2025-05-02T21:57:48.802+0000] {processor.py:186} INFO - Started process (PID=667) to work on /opt/airflow/dags/wordcount_dag.py
[2025-05-02T21:57:48.803+0000] {processor.py:914} INFO - Processing file /opt/airflow/dags/wordcount_dag.py for tasks to queue
[2025-05-02T21:57:48.804+0000] {logging_mixin.py:190} INFO - [2025-05-02T21:57:48.804+0000] {dagbag.py:588} INFO - Filling up the DagBag from /opt/airflow/dags/wordcount_dag.py
[2025-05-02T21:57:48.936+0000] {processor.py:925} INFO - DAG(s) 'news_dag' retrieved from /opt/airflow/dags/wordcount_dag.py
[2025-05-02T21:57:48.944+0000] {logging_mixin.py:190} INFO - [2025-05-02T21:57:48.944+0000] {dag.py:3239} INFO - Sync 1 DAGs
[2025-05-02T21:57:48.949+0000] {logging_mixin.py:190} INFO - [2025-05-02T21:57:48.949+0000] {dag.py:4180} INFO - Setting next_dagrun for news_dag to None, run_after=None
[2025-05-02T21:57:48.954+0000] {processor.py:208} INFO - Processing /opt/airflow/dags/wordcount_dag.py took 0.155 seconds
[2025-05-02T21:58:19.348+0000] {processor.py:186} INFO - Started process (PID=671) to work on /opt/airflow/dags/wordcount_dag.py
[2025-05-02T21:58:19.349+0000] {processor.py:914} INFO - Processing file /opt/airflow/dags/wordcount_dag.py for tasks to queue
[2025-05-02T21:58:19.350+0000] {logging_mixin.py:190} INFO - [2025-05-02T21:58:19.350+0000] {dagbag.py:588} INFO - Filling up the DagBag from /opt/airflow/dags/wordcount_dag.py
[2025-05-02T21:58:19.506+0000] {processor.py:925} INFO - DAG(s) 'news_dag' retrieved from /opt/airflow/dags/wordcount_dag.py
[2025-05-02T21:58:19.515+0000] {logging_mixin.py:190} INFO - [2025-05-02T21:58:19.515+0000] {dag.py:3239} INFO - Sync 1 DAGs
[2025-05-02T21:58:19.520+0000] {logging_mixin.py:190} INFO - [2025-05-02T21:58:19.520+0000] {dag.py:4180} INFO - Setting next_dagrun for news_dag to None, run_after=None
[2025-05-02T21:58:19.527+0000] {processor.py:208} INFO - Processing /opt/airflow/dags/wordcount_dag.py took 0.181 seconds
[2025-05-02T21:58:49.945+0000] {processor.py:186} INFO - Started process (PID=675) to work on /opt/airflow/dags/wordcount_dag.py
[2025-05-02T21:58:49.945+0000] {processor.py:914} INFO - Processing file /opt/airflow/dags/wordcount_dag.py for tasks to queue
[2025-05-02T21:58:49.946+0000] {logging_mixin.py:190} INFO - [2025-05-02T21:58:49.946+0000] {dagbag.py:588} INFO - Filling up the DagBag from /opt/airflow/dags/wordcount_dag.py
[2025-05-02T21:58:50.076+0000] {processor.py:925} INFO - DAG(s) 'news_dag' retrieved from /opt/airflow/dags/wordcount_dag.py
[2025-05-02T21:58:50.083+0000] {logging_mixin.py:190} INFO - [2025-05-02T21:58:50.083+0000] {dag.py:3239} INFO - Sync 1 DAGs
[2025-05-02T21:58:50.087+0000] {logging_mixin.py:190} INFO - [2025-05-02T21:58:50.087+0000] {dag.py:4180} INFO - Setting next_dagrun for news_dag to None, run_after=None
[2025-05-02T21:58:50.094+0000] {processor.py:208} INFO - Processing /opt/airflow/dags/wordcount_dag.py took 0.152 seconds
[2025-05-02T21:59:20.631+0000] {processor.py:186} INFO - Started process (PID=679) to work on /opt/airflow/dags/wordcount_dag.py
[2025-05-02T21:59:20.632+0000] {processor.py:914} INFO - Processing file /opt/airflow/dags/wordcount_dag.py for tasks to queue
[2025-05-02T21:59:20.632+0000] {logging_mixin.py:190} INFO - [2025-05-02T21:59:20.632+0000] {dagbag.py:588} INFO - Filling up the DagBag from /opt/airflow/dags/wordcount_dag.py
[2025-05-02T21:59:20.769+0000] {processor.py:925} INFO - DAG(s) 'news_dag' retrieved from /opt/airflow/dags/wordcount_dag.py
[2025-05-02T21:59:20.777+0000] {logging_mixin.py:190} INFO - [2025-05-02T21:59:20.777+0000] {dag.py:3239} INFO - Sync 1 DAGs
[2025-05-02T21:59:20.782+0000] {logging_mixin.py:190} INFO - [2025-05-02T21:59:20.782+0000] {dag.py:4180} INFO - Setting next_dagrun for news_dag to None, run_after=None
[2025-05-02T21:59:20.786+0000] {processor.py:208} INFO - Processing /opt/airflow/dags/wordcount_dag.py took 0.158 seconds
[2025-05-02T21:59:51.296+0000] {processor.py:186} INFO - Started process (PID=683) to work on /opt/airflow/dags/wordcount_dag.py
[2025-05-02T21:59:51.296+0000] {processor.py:914} INFO - Processing file /opt/airflow/dags/wordcount_dag.py for tasks to queue
[2025-05-02T21:59:51.297+0000] {logging_mixin.py:190} INFO - [2025-05-02T21:59:51.296+0000] {dagbag.py:588} INFO - Filling up the DagBag from /opt/airflow/dags/wordcount_dag.py
[2025-05-02T21:59:51.427+0000] {processor.py:925} INFO - DAG(s) 'news_dag' retrieved from /opt/airflow/dags/wordcount_dag.py
[2025-05-02T21:59:51.434+0000] {logging_mixin.py:190} INFO - [2025-05-02T21:59:51.434+0000] {dag.py:3239} INFO - Sync 1 DAGs
[2025-05-02T21:59:51.439+0000] {logging_mixin.py:190} INFO - [2025-05-02T21:59:51.439+0000] {dag.py:4180} INFO - Setting next_dagrun for news_dag to None, run_after=None
[2025-05-02T21:59:51.445+0000] {processor.py:208} INFO - Processing /opt/airflow/dags/wordcount_dag.py took 0.152 seconds
[2025-05-02T22:00:21.921+0000] {processor.py:186} INFO - Started process (PID=687) to work on /opt/airflow/dags/wordcount_dag.py
[2025-05-02T22:00:21.922+0000] {processor.py:914} INFO - Processing file /opt/airflow/dags/wordcount_dag.py for tasks to queue
[2025-05-02T22:00:21.923+0000] {logging_mixin.py:190} INFO - [2025-05-02T22:00:21.922+0000] {dagbag.py:588} INFO - Filling up the DagBag from /opt/airflow/dags/wordcount_dag.py
[2025-05-02T22:00:22.052+0000] {processor.py:925} INFO - DAG(s) 'news_dag' retrieved from /opt/airflow/dags/wordcount_dag.py
[2025-05-02T22:00:22.060+0000] {logging_mixin.py:190} INFO - [2025-05-02T22:00:22.060+0000] {dag.py:3239} INFO - Sync 1 DAGs
[2025-05-02T22:00:22.064+0000] {logging_mixin.py:190} INFO - [2025-05-02T22:00:22.064+0000] {dag.py:4180} INFO - Setting next_dagrun for news_dag to None, run_after=None
[2025-05-02T22:00:22.069+0000] {processor.py:208} INFO - Processing /opt/airflow/dags/wordcount_dag.py took 0.151 seconds
[2025-05-02T22:00:52.513+0000] {processor.py:186} INFO - Started process (PID=691) to work on /opt/airflow/dags/wordcount_dag.py
[2025-05-02T22:00:52.514+0000] {processor.py:914} INFO - Processing file /opt/airflow/dags/wordcount_dag.py for tasks to queue
[2025-05-02T22:00:52.514+0000] {logging_mixin.py:190} INFO - [2025-05-02T22:00:52.514+0000] {dagbag.py:588} INFO - Filling up the DagBag from /opt/airflow/dags/wordcount_dag.py
[2025-05-02T22:00:52.644+0000] {processor.py:925} INFO - DAG(s) 'news_dag' retrieved from /opt/airflow/dags/wordcount_dag.py
[2025-05-02T22:00:52.652+0000] {logging_mixin.py:190} INFO - [2025-05-02T22:00:52.652+0000] {dag.py:3239} INFO - Sync 1 DAGs
[2025-05-02T22:00:52.656+0000] {logging_mixin.py:190} INFO - [2025-05-02T22:00:52.656+0000] {dag.py:4180} INFO - Setting next_dagrun for news_dag to None, run_after=None
[2025-05-02T22:00:52.662+0000] {processor.py:208} INFO - Processing /opt/airflow/dags/wordcount_dag.py took 0.152 seconds
[2025-05-02T22:01:23.144+0000] {processor.py:186} INFO - Started process (PID=695) to work on /opt/airflow/dags/wordcount_dag.py
[2025-05-02T22:01:23.145+0000] {processor.py:914} INFO - Processing file /opt/airflow/dags/wordcount_dag.py for tasks to queue
[2025-05-02T22:01:23.145+0000] {logging_mixin.py:190} INFO - [2025-05-02T22:01:23.145+0000] {dagbag.py:588} INFO - Filling up the DagBag from /opt/airflow/dags/wordcount_dag.py
[2025-05-02T22:01:23.277+0000] {processor.py:925} INFO - DAG(s) 'news_dag' retrieved from /opt/airflow/dags/wordcount_dag.py
[2025-05-02T22:01:23.284+0000] {logging_mixin.py:190} INFO - [2025-05-02T22:01:23.284+0000] {dag.py:3239} INFO - Sync 1 DAGs
[2025-05-02T22:01:23.288+0000] {logging_mixin.py:190} INFO - [2025-05-02T22:01:23.288+0000] {dag.py:4180} INFO - Setting next_dagrun for news_dag to None, run_after=None
[2025-05-02T22:01:23.294+0000] {processor.py:208} INFO - Processing /opt/airflow/dags/wordcount_dag.py took 0.153 seconds
[2025-05-02T22:01:53.777+0000] {processor.py:186} INFO - Started process (PID=699) to work on /opt/airflow/dags/wordcount_dag.py
[2025-05-02T22:01:53.777+0000] {processor.py:914} INFO - Processing file /opt/airflow/dags/wordcount_dag.py for tasks to queue
[2025-05-02T22:01:53.778+0000] {logging_mixin.py:190} INFO - [2025-05-02T22:01:53.778+0000] {dagbag.py:588} INFO - Filling up the DagBag from /opt/airflow/dags/wordcount_dag.py
[2025-05-02T22:01:53.910+0000] {processor.py:925} INFO - DAG(s) 'news_dag' retrieved from /opt/airflow/dags/wordcount_dag.py
[2025-05-02T22:01:53.917+0000] {logging_mixin.py:190} INFO - [2025-05-02T22:01:53.917+0000] {dag.py:3239} INFO - Sync 1 DAGs
[2025-05-02T22:01:53.922+0000] {logging_mixin.py:190} INFO - [2025-05-02T22:01:53.922+0000] {dag.py:4180} INFO - Setting next_dagrun for news_dag to None, run_after=None
[2025-05-02T22:01:53.929+0000] {processor.py:208} INFO - Processing /opt/airflow/dags/wordcount_dag.py took 0.155 seconds
[2025-05-02T22:02:24.488+0000] {processor.py:186} INFO - Started process (PID=703) to work on /opt/airflow/dags/wordcount_dag.py
[2025-05-02T22:02:24.489+0000] {processor.py:914} INFO - Processing file /opt/airflow/dags/wordcount_dag.py for tasks to queue
[2025-05-02T22:02:24.490+0000] {logging_mixin.py:190} INFO - [2025-05-02T22:02:24.490+0000] {dagbag.py:588} INFO - Filling up the DagBag from /opt/airflow/dags/wordcount_dag.py
[2025-05-02T22:02:24.621+0000] {processor.py:925} INFO - DAG(s) 'news_dag' retrieved from /opt/airflow/dags/wordcount_dag.py
[2025-05-02T22:02:24.629+0000] {logging_mixin.py:190} INFO - [2025-05-02T22:02:24.629+0000] {dag.py:3239} INFO - Sync 1 DAGs
[2025-05-02T22:02:24.633+0000] {logging_mixin.py:190} INFO - [2025-05-02T22:02:24.633+0000] {dag.py:4180} INFO - Setting next_dagrun for news_dag to None, run_after=None
[2025-05-02T22:02:24.639+0000] {processor.py:208} INFO - Processing /opt/airflow/dags/wordcount_dag.py took 0.153 seconds
[2025-05-02T22:02:55.132+0000] {processor.py:186} INFO - Started process (PID=707) to work on /opt/airflow/dags/wordcount_dag.py
[2025-05-02T22:02:55.133+0000] {processor.py:914} INFO - Processing file /opt/airflow/dags/wordcount_dag.py for tasks to queue
[2025-05-02T22:02:55.133+0000] {logging_mixin.py:190} INFO - [2025-05-02T22:02:55.133+0000] {dagbag.py:588} INFO - Filling up the DagBag from /opt/airflow/dags/wordcount_dag.py
[2025-05-02T22:02:55.270+0000] {processor.py:925} INFO - DAG(s) 'news_dag' retrieved from /opt/airflow/dags/wordcount_dag.py
[2025-05-02T22:02:55.280+0000] {logging_mixin.py:190} INFO - [2025-05-02T22:02:55.280+0000] {dag.py:3239} INFO - Sync 1 DAGs
[2025-05-02T22:02:55.284+0000] {logging_mixin.py:190} INFO - [2025-05-02T22:02:55.284+0000] {dag.py:4180} INFO - Setting next_dagrun for news_dag to None, run_after=None
[2025-05-02T22:02:55.290+0000] {processor.py:208} INFO - Processing /opt/airflow/dags/wordcount_dag.py took 0.161 seconds
[2025-05-02T22:03:25.679+0000] {processor.py:186} INFO - Started process (PID=711) to work on /opt/airflow/dags/wordcount_dag.py
[2025-05-02T22:03:25.679+0000] {processor.py:914} INFO - Processing file /opt/airflow/dags/wordcount_dag.py for tasks to queue
[2025-05-02T22:03:25.680+0000] {logging_mixin.py:190} INFO - [2025-05-02T22:03:25.680+0000] {dagbag.py:588} INFO - Filling up the DagBag from /opt/airflow/dags/wordcount_dag.py
[2025-05-02T22:03:25.747+0000] {processor.py:925} INFO - DAG(s) 'news_dag' retrieved from /opt/airflow/dags/wordcount_dag.py
[2025-05-02T22:03:25.756+0000] {logging_mixin.py:190} INFO - [2025-05-02T22:03:25.756+0000] {dag.py:3239} INFO - Sync 1 DAGs
[2025-05-02T22:03:25.761+0000] {logging_mixin.py:190} INFO - [2025-05-02T22:03:25.761+0000] {dag.py:4180} INFO - Setting next_dagrun for news_dag to None, run_after=None
[2025-05-02T22:03:25.767+0000] {processor.py:208} INFO - Processing /opt/airflow/dags/wordcount_dag.py took 0.091 seconds
[2025-05-02T22:03:56.226+0000] {processor.py:186} INFO - Started process (PID=715) to work on /opt/airflow/dags/wordcount_dag.py
[2025-05-02T22:03:56.226+0000] {processor.py:914} INFO - Processing file /opt/airflow/dags/wordcount_dag.py for tasks to queue
[2025-05-02T22:03:56.227+0000] {logging_mixin.py:190} INFO - [2025-05-02T22:03:56.227+0000] {dagbag.py:588} INFO - Filling up the DagBag from /opt/airflow/dags/wordcount_dag.py
[2025-05-02T22:03:56.293+0000] {processor.py:925} INFO - DAG(s) 'news_dag' retrieved from /opt/airflow/dags/wordcount_dag.py
[2025-05-02T22:03:56.301+0000] {logging_mixin.py:190} INFO - [2025-05-02T22:03:56.301+0000] {dag.py:3239} INFO - Sync 1 DAGs
[2025-05-02T22:03:56.306+0000] {logging_mixin.py:190} INFO - [2025-05-02T22:03:56.306+0000] {dag.py:4180} INFO - Setting next_dagrun for news_dag to None, run_after=None
[2025-05-02T22:03:56.312+0000] {processor.py:208} INFO - Processing /opt/airflow/dags/wordcount_dag.py took 0.089 seconds
[2025-05-02T22:04:28.972+0000] {processor.py:186} INFO - Started process (PID=719) to work on /opt/airflow/dags/wordcount_dag.py
[2025-05-02T22:04:28.972+0000] {processor.py:914} INFO - Processing file /opt/airflow/dags/wordcount_dag.py for tasks to queue
[2025-05-02T22:04:28.973+0000] {logging_mixin.py:190} INFO - [2025-05-02T22:04:28.973+0000] {dagbag.py:588} INFO - Filling up the DagBag from /opt/airflow/dags/wordcount_dag.py
[2025-05-02T22:04:29.041+0000] {processor.py:925} INFO - DAG(s) 'news_dag' retrieved from /opt/airflow/dags/wordcount_dag.py
[2025-05-02T22:04:29.051+0000] {logging_mixin.py:190} INFO - [2025-05-02T22:04:29.051+0000] {dag.py:3239} INFO - Sync 1 DAGs
[2025-05-02T22:04:29.056+0000] {logging_mixin.py:190} INFO - [2025-05-02T22:04:29.056+0000] {dag.py:4180} INFO - Setting next_dagrun for news_dag to None, run_after=None
[2025-05-02T22:04:29.062+0000] {processor.py:208} INFO - Processing /opt/airflow/dags/wordcount_dag.py took 0.093 seconds
[2025-05-02T22:04:59.510+0000] {processor.py:186} INFO - Started process (PID=723) to work on /opt/airflow/dags/wordcount_dag.py
[2025-05-02T22:04:59.511+0000] {processor.py:914} INFO - Processing file /opt/airflow/dags/wordcount_dag.py for tasks to queue
[2025-05-02T22:04:59.511+0000] {logging_mixin.py:190} INFO - [2025-05-02T22:04:59.511+0000] {dagbag.py:588} INFO - Filling up the DagBag from /opt/airflow/dags/wordcount_dag.py
[2025-05-02T22:04:59.582+0000] {processor.py:925} INFO - DAG(s) 'news_dag' retrieved from /opt/airflow/dags/wordcount_dag.py
[2025-05-02T22:04:59.591+0000] {logging_mixin.py:190} INFO - [2025-05-02T22:04:59.591+0000] {dag.py:3239} INFO - Sync 1 DAGs
[2025-05-02T22:04:59.598+0000] {logging_mixin.py:190} INFO - [2025-05-02T22:04:59.598+0000] {dag.py:4180} INFO - Setting next_dagrun for news_dag to None, run_after=None
[2025-05-02T22:04:59.607+0000] {processor.py:208} INFO - Processing /opt/airflow/dags/wordcount_dag.py took 0.100 seconds
[2025-05-02T22:05:29.992+0000] {processor.py:186} INFO - Started process (PID=727) to work on /opt/airflow/dags/wordcount_dag.py
[2025-05-02T22:05:29.992+0000] {processor.py:914} INFO - Processing file /opt/airflow/dags/wordcount_dag.py for tasks to queue
[2025-05-02T22:05:29.993+0000] {logging_mixin.py:190} INFO - [2025-05-02T22:05:29.993+0000] {dagbag.py:588} INFO - Filling up the DagBag from /opt/airflow/dags/wordcount_dag.py
[2025-05-02T22:05:30.062+0000] {processor.py:925} INFO - DAG(s) 'news_dag' retrieved from /opt/airflow/dags/wordcount_dag.py
[2025-05-02T22:05:30.072+0000] {logging_mixin.py:190} INFO - [2025-05-02T22:05:30.072+0000] {dag.py:3239} INFO - Sync 1 DAGs
[2025-05-02T22:05:30.078+0000] {logging_mixin.py:190} INFO - [2025-05-02T22:05:30.078+0000] {dag.py:4180} INFO - Setting next_dagrun for news_dag to None, run_after=None
[2025-05-02T22:05:30.084+0000] {processor.py:208} INFO - Processing /opt/airflow/dags/wordcount_dag.py took 0.095 seconds
[2025-05-02T22:06:00.488+0000] {processor.py:186} INFO - Started process (PID=731) to work on /opt/airflow/dags/wordcount_dag.py
[2025-05-02T22:06:00.488+0000] {processor.py:914} INFO - Processing file /opt/airflow/dags/wordcount_dag.py for tasks to queue
[2025-05-02T22:06:00.489+0000] {logging_mixin.py:190} INFO - [2025-05-02T22:06:00.489+0000] {dagbag.py:588} INFO - Filling up the DagBag from /opt/airflow/dags/wordcount_dag.py
[2025-05-02T22:06:00.558+0000] {processor.py:925} INFO - DAG(s) 'news_dag' retrieved from /opt/airflow/dags/wordcount_dag.py
[2025-05-02T22:06:00.569+0000] {logging_mixin.py:190} INFO - [2025-05-02T22:06:00.568+0000] {dag.py:3239} INFO - Sync 1 DAGs
[2025-05-02T22:06:00.574+0000] {logging_mixin.py:190} INFO - [2025-05-02T22:06:00.574+0000] {dag.py:4180} INFO - Setting next_dagrun for news_dag to None, run_after=None
[2025-05-02T22:06:00.580+0000] {processor.py:208} INFO - Processing /opt/airflow/dags/wordcount_dag.py took 0.095 seconds
[2025-05-02T22:06:31.036+0000] {processor.py:186} INFO - Started process (PID=735) to work on /opt/airflow/dags/wordcount_dag.py
[2025-05-02T22:06:31.037+0000] {processor.py:914} INFO - Processing file /opt/airflow/dags/wordcount_dag.py for tasks to queue
[2025-05-02T22:06:31.038+0000] {logging_mixin.py:190} INFO - [2025-05-02T22:06:31.037+0000] {dagbag.py:588} INFO - Filling up the DagBag from /opt/airflow/dags/wordcount_dag.py
[2025-05-02T22:06:31.106+0000] {processor.py:925} INFO - DAG(s) 'news_dag' retrieved from /opt/airflow/dags/wordcount_dag.py
[2025-05-02T22:06:31.115+0000] {logging_mixin.py:190} INFO - [2025-05-02T22:06:31.115+0000] {dag.py:3239} INFO - Sync 1 DAGs
[2025-05-02T22:06:31.120+0000] {logging_mixin.py:190} INFO - [2025-05-02T22:06:31.120+0000] {dag.py:4180} INFO - Setting next_dagrun for news_dag to None, run_after=None
[2025-05-02T22:06:31.127+0000] {processor.py:208} INFO - Processing /opt/airflow/dags/wordcount_dag.py took 0.093 seconds
[2025-05-02T22:07:01.635+0000] {processor.py:186} INFO - Started process (PID=739) to work on /opt/airflow/dags/wordcount_dag.py
[2025-05-02T22:07:01.636+0000] {processor.py:914} INFO - Processing file /opt/airflow/dags/wordcount_dag.py for tasks to queue
[2025-05-02T22:07:01.636+0000] {logging_mixin.py:190} INFO - [2025-05-02T22:07:01.636+0000] {dagbag.py:588} INFO - Filling up the DagBag from /opt/airflow/dags/wordcount_dag.py
[2025-05-02T22:07:01.704+0000] {processor.py:925} INFO - DAG(s) 'news_dag' retrieved from /opt/airflow/dags/wordcount_dag.py
[2025-05-02T22:07:01.713+0000] {logging_mixin.py:190} INFO - [2025-05-02T22:07:01.713+0000] {dag.py:3239} INFO - Sync 1 DAGs
[2025-05-02T22:07:01.718+0000] {logging_mixin.py:190} INFO - [2025-05-02T22:07:01.718+0000] {dag.py:4180} INFO - Setting next_dagrun for news_dag to None, run_after=None
[2025-05-02T22:07:01.724+0000] {processor.py:208} INFO - Processing /opt/airflow/dags/wordcount_dag.py took 0.091 seconds
[2025-05-02T22:07:32.239+0000] {processor.py:186} INFO - Started process (PID=743) to work on /opt/airflow/dags/wordcount_dag.py
[2025-05-02T22:07:32.240+0000] {processor.py:914} INFO - Processing file /opt/airflow/dags/wordcount_dag.py for tasks to queue
[2025-05-02T22:07:32.240+0000] {logging_mixin.py:190} INFO - [2025-05-02T22:07:32.240+0000] {dagbag.py:588} INFO - Filling up the DagBag from /opt/airflow/dags/wordcount_dag.py
[2025-05-02T22:07:32.308+0000] {processor.py:925} INFO - DAG(s) 'news_dag' retrieved from /opt/airflow/dags/wordcount_dag.py
[2025-05-02T22:07:32.316+0000] {logging_mixin.py:190} INFO - [2025-05-02T22:07:32.316+0000] {dag.py:3239} INFO - Sync 1 DAGs
[2025-05-02T22:07:32.321+0000] {logging_mixin.py:190} INFO - [2025-05-02T22:07:32.321+0000] {dag.py:4180} INFO - Setting next_dagrun for news_dag to None, run_after=None
[2025-05-02T22:07:32.328+0000] {processor.py:208} INFO - Processing /opt/airflow/dags/wordcount_dag.py took 0.091 seconds
[2025-05-02T22:08:02.737+0000] {processor.py:186} INFO - Started process (PID=747) to work on /opt/airflow/dags/wordcount_dag.py
[2025-05-02T22:08:02.738+0000] {processor.py:914} INFO - Processing file /opt/airflow/dags/wordcount_dag.py for tasks to queue
[2025-05-02T22:08:02.739+0000] {logging_mixin.py:190} INFO - [2025-05-02T22:08:02.738+0000] {dagbag.py:588} INFO - Filling up the DagBag from /opt/airflow/dags/wordcount_dag.py
[2025-05-02T22:08:02.807+0000] {processor.py:925} INFO - DAG(s) 'news_dag' retrieved from /opt/airflow/dags/wordcount_dag.py
[2025-05-02T22:08:02.817+0000] {logging_mixin.py:190} INFO - [2025-05-02T22:08:02.816+0000] {dag.py:3239} INFO - Sync 1 DAGs
[2025-05-02T22:08:02.822+0000] {logging_mixin.py:190} INFO - [2025-05-02T22:08:02.822+0000] {dag.py:4180} INFO - Setting next_dagrun for news_dag to None, run_after=None
[2025-05-02T22:08:02.828+0000] {processor.py:208} INFO - Processing /opt/airflow/dags/wordcount_dag.py took 0.094 seconds
[2025-05-02T22:08:33.308+0000] {processor.py:186} INFO - Started process (PID=751) to work on /opt/airflow/dags/wordcount_dag.py
[2025-05-02T22:08:33.308+0000] {processor.py:914} INFO - Processing file /opt/airflow/dags/wordcount_dag.py for tasks to queue
[2025-05-02T22:08:33.309+0000] {logging_mixin.py:190} INFO - [2025-05-02T22:08:33.309+0000] {dagbag.py:588} INFO - Filling up the DagBag from /opt/airflow/dags/wordcount_dag.py
[2025-05-02T22:08:33.381+0000] {processor.py:925} INFO - DAG(s) 'news_dag' retrieved from /opt/airflow/dags/wordcount_dag.py
[2025-05-02T22:08:33.392+0000] {logging_mixin.py:190} INFO - [2025-05-02T22:08:33.392+0000] {dag.py:3239} INFO - Sync 1 DAGs
[2025-05-02T22:08:33.398+0000] {logging_mixin.py:190} INFO - [2025-05-02T22:08:33.398+0000] {dag.py:4180} INFO - Setting next_dagrun for news_dag to None, run_after=None
[2025-05-02T22:08:33.404+0000] {processor.py:208} INFO - Processing /opt/airflow/dags/wordcount_dag.py took 0.099 seconds
[2025-05-02T22:09:03.849+0000] {processor.py:186} INFO - Started process (PID=755) to work on /opt/airflow/dags/wordcount_dag.py
[2025-05-02T22:09:03.850+0000] {processor.py:914} INFO - Processing file /opt/airflow/dags/wordcount_dag.py for tasks to queue
[2025-05-02T22:09:03.851+0000] {logging_mixin.py:190} INFO - [2025-05-02T22:09:03.850+0000] {dagbag.py:588} INFO - Filling up the DagBag from /opt/airflow/dags/wordcount_dag.py
[2025-05-02T22:09:03.920+0000] {processor.py:925} INFO - DAG(s) 'news_dag' retrieved from /opt/airflow/dags/wordcount_dag.py
[2025-05-02T22:09:03.929+0000] {logging_mixin.py:190} INFO - [2025-05-02T22:09:03.929+0000] {dag.py:3239} INFO - Sync 1 DAGs
[2025-05-02T22:09:03.934+0000] {logging_mixin.py:190} INFO - [2025-05-02T22:09:03.934+0000] {dag.py:4180} INFO - Setting next_dagrun for news_dag to None, run_after=None
[2025-05-02T22:09:03.940+0000] {processor.py:208} INFO - Processing /opt/airflow/dags/wordcount_dag.py took 0.094 seconds
[2025-05-02T22:09:34.289+0000] {processor.py:186} INFO - Started process (PID=759) to work on /opt/airflow/dags/wordcount_dag.py
[2025-05-02T22:09:34.290+0000] {processor.py:914} INFO - Processing file /opt/airflow/dags/wordcount_dag.py for tasks to queue
[2025-05-02T22:09:34.290+0000] {logging_mixin.py:190} INFO - [2025-05-02T22:09:34.290+0000] {dagbag.py:588} INFO - Filling up the DagBag from /opt/airflow/dags/wordcount_dag.py
[2025-05-02T22:09:34.358+0000] {processor.py:925} INFO - DAG(s) 'news_dag' retrieved from /opt/airflow/dags/wordcount_dag.py
[2025-05-02T22:09:34.368+0000] {logging_mixin.py:190} INFO - [2025-05-02T22:09:34.368+0000] {dag.py:3239} INFO - Sync 1 DAGs
[2025-05-02T22:09:34.372+0000] {logging_mixin.py:190} INFO - [2025-05-02T22:09:34.372+0000] {dag.py:4180} INFO - Setting next_dagrun for news_dag to None, run_after=None
[2025-05-02T22:09:34.378+0000] {processor.py:208} INFO - Processing /opt/airflow/dags/wordcount_dag.py took 0.092 seconds
[2025-05-02T22:10:04.693+0000] {processor.py:186} INFO - Started process (PID=763) to work on /opt/airflow/dags/wordcount_dag.py
[2025-05-02T22:10:04.694+0000] {processor.py:914} INFO - Processing file /opt/airflow/dags/wordcount_dag.py for tasks to queue
[2025-05-02T22:10:04.695+0000] {logging_mixin.py:190} INFO - [2025-05-02T22:10:04.694+0000] {dagbag.py:588} INFO - Filling up the DagBag from /opt/airflow/dags/wordcount_dag.py
[2025-05-02T22:10:04.767+0000] {processor.py:925} INFO - DAG(s) 'news_dag' retrieved from /opt/airflow/dags/wordcount_dag.py
[2025-05-02T22:10:04.779+0000] {logging_mixin.py:190} INFO - [2025-05-02T22:10:04.779+0000] {dag.py:3239} INFO - Sync 1 DAGs
[2025-05-02T22:10:04.784+0000] {logging_mixin.py:190} INFO - [2025-05-02T22:10:04.784+0000] {dag.py:4180} INFO - Setting next_dagrun for news_dag to None, run_after=None
[2025-05-02T22:10:04.791+0000] {processor.py:208} INFO - Processing /opt/airflow/dags/wordcount_dag.py took 0.101 seconds
[2025-05-02T22:10:35.111+0000] {processor.py:186} INFO - Started process (PID=767) to work on /opt/airflow/dags/wordcount_dag.py
[2025-05-02T22:10:35.111+0000] {processor.py:914} INFO - Processing file /opt/airflow/dags/wordcount_dag.py for tasks to queue
[2025-05-02T22:10:35.112+0000] {logging_mixin.py:190} INFO - [2025-05-02T22:10:35.111+0000] {dagbag.py:588} INFO - Filling up the DagBag from /opt/airflow/dags/wordcount_dag.py
[2025-05-02T22:10:35.178+0000] {processor.py:925} INFO - DAG(s) 'news_dag' retrieved from /opt/airflow/dags/wordcount_dag.py
[2025-05-02T22:10:35.187+0000] {logging_mixin.py:190} INFO - [2025-05-02T22:10:35.187+0000] {dag.py:3239} INFO - Sync 1 DAGs
[2025-05-02T22:10:35.193+0000] {logging_mixin.py:190} INFO - [2025-05-02T22:10:35.193+0000] {dag.py:4180} INFO - Setting next_dagrun for news_dag to None, run_after=None
[2025-05-02T22:10:35.199+0000] {processor.py:208} INFO - Processing /opt/airflow/dags/wordcount_dag.py took 0.091 seconds
[2025-05-02T22:11:05.494+0000] {processor.py:186} INFO - Started process (PID=771) to work on /opt/airflow/dags/wordcount_dag.py
[2025-05-02T22:11:05.495+0000] {processor.py:914} INFO - Processing file /opt/airflow/dags/wordcount_dag.py for tasks to queue
[2025-05-02T22:11:05.496+0000] {logging_mixin.py:190} INFO - [2025-05-02T22:11:05.495+0000] {dagbag.py:588} INFO - Filling up the DagBag from /opt/airflow/dags/wordcount_dag.py
[2025-05-02T22:11:05.562+0000] {processor.py:925} INFO - DAG(s) 'news_dag' retrieved from /opt/airflow/dags/wordcount_dag.py
[2025-05-02T22:11:05.571+0000] {logging_mixin.py:190} INFO - [2025-05-02T22:11:05.570+0000] {dag.py:3239} INFO - Sync 1 DAGs
[2025-05-02T22:11:05.576+0000] {logging_mixin.py:190} INFO - [2025-05-02T22:11:05.576+0000] {dag.py:4180} INFO - Setting next_dagrun for news_dag to None, run_after=None
[2025-05-02T22:11:05.582+0000] {processor.py:208} INFO - Processing /opt/airflow/dags/wordcount_dag.py took 0.092 seconds
[2025-05-02T22:11:35.877+0000] {processor.py:186} INFO - Started process (PID=775) to work on /opt/airflow/dags/wordcount_dag.py
[2025-05-02T22:11:35.878+0000] {processor.py:914} INFO - Processing file /opt/airflow/dags/wordcount_dag.py for tasks to queue
[2025-05-02T22:11:35.878+0000] {logging_mixin.py:190} INFO - [2025-05-02T22:11:35.878+0000] {dagbag.py:588} INFO - Filling up the DagBag from /opt/airflow/dags/wordcount_dag.py
[2025-05-02T22:11:35.944+0000] {processor.py:925} INFO - DAG(s) 'news_dag' retrieved from /opt/airflow/dags/wordcount_dag.py
[2025-05-02T22:11:35.953+0000] {logging_mixin.py:190} INFO - [2025-05-02T22:11:35.953+0000] {dag.py:3239} INFO - Sync 1 DAGs
[2025-05-02T22:11:35.958+0000] {logging_mixin.py:190} INFO - [2025-05-02T22:11:35.958+0000] {dag.py:4180} INFO - Setting next_dagrun for news_dag to None, run_after=None
[2025-05-02T22:11:35.964+0000] {processor.py:208} INFO - Processing /opt/airflow/dags/wordcount_dag.py took 0.090 seconds
[2025-05-02T22:12:06.276+0000] {processor.py:186} INFO - Started process (PID=779) to work on /opt/airflow/dags/wordcount_dag.py
[2025-05-02T22:12:06.276+0000] {processor.py:914} INFO - Processing file /opt/airflow/dags/wordcount_dag.py for tasks to queue
[2025-05-02T22:12:06.277+0000] {logging_mixin.py:190} INFO - [2025-05-02T22:12:06.277+0000] {dagbag.py:588} INFO - Filling up the DagBag from /opt/airflow/dags/wordcount_dag.py
[2025-05-02T22:12:06.344+0000] {processor.py:925} INFO - DAG(s) 'news_dag' retrieved from /opt/airflow/dags/wordcount_dag.py
[2025-05-02T22:12:06.355+0000] {logging_mixin.py:190} INFO - [2025-05-02T22:12:06.355+0000] {dag.py:3239} INFO - Sync 1 DAGs
[2025-05-02T22:12:06.360+0000] {logging_mixin.py:190} INFO - [2025-05-02T22:12:06.360+0000] {dag.py:4180} INFO - Setting next_dagrun for news_dag to None, run_after=None
[2025-05-02T22:12:06.366+0000] {processor.py:208} INFO - Processing /opt/airflow/dags/wordcount_dag.py took 0.094 seconds
[2025-05-02T22:12:36.762+0000] {processor.py:186} INFO - Started process (PID=783) to work on /opt/airflow/dags/wordcount_dag.py
[2025-05-02T22:12:36.763+0000] {processor.py:914} INFO - Processing file /opt/airflow/dags/wordcount_dag.py for tasks to queue
[2025-05-02T22:12:36.764+0000] {logging_mixin.py:190} INFO - [2025-05-02T22:12:36.763+0000] {dagbag.py:588} INFO - Filling up the DagBag from /opt/airflow/dags/wordcount_dag.py
[2025-05-02T22:12:36.831+0000] {processor.py:925} INFO - DAG(s) 'news_dag' retrieved from /opt/airflow/dags/wordcount_dag.py
[2025-05-02T22:12:36.840+0000] {logging_mixin.py:190} INFO - [2025-05-02T22:12:36.840+0000] {dag.py:3239} INFO - Sync 1 DAGs
[2025-05-02T22:12:36.845+0000] {logging_mixin.py:190} INFO - [2025-05-02T22:12:36.845+0000] {dag.py:4180} INFO - Setting next_dagrun for news_dag to None, run_after=None
[2025-05-02T22:12:36.851+0000] {processor.py:208} INFO - Processing /opt/airflow/dags/wordcount_dag.py took 0.092 seconds
[2025-05-02T22:13:07.308+0000] {processor.py:186} INFO - Started process (PID=787) to work on /opt/airflow/dags/wordcount_dag.py
[2025-05-02T22:13:07.308+0000] {processor.py:914} INFO - Processing file /opt/airflow/dags/wordcount_dag.py for tasks to queue
[2025-05-02T22:13:07.309+0000] {logging_mixin.py:190} INFO - [2025-05-02T22:13:07.309+0000] {dagbag.py:588} INFO - Filling up the DagBag from /opt/airflow/dags/wordcount_dag.py
[2025-05-02T22:13:07.379+0000] {processor.py:925} INFO - DAG(s) 'news_dag' retrieved from /opt/airflow/dags/wordcount_dag.py
[2025-05-02T22:13:07.388+0000] {logging_mixin.py:190} INFO - [2025-05-02T22:13:07.388+0000] {dag.py:3239} INFO - Sync 1 DAGs
[2025-05-02T22:13:07.393+0000] {logging_mixin.py:190} INFO - [2025-05-02T22:13:07.393+0000] {dag.py:4180} INFO - Setting next_dagrun for news_dag to None, run_after=None
[2025-05-02T22:13:07.400+0000] {processor.py:208} INFO - Processing /opt/airflow/dags/wordcount_dag.py took 0.095 seconds
[2025-05-02T22:13:37.888+0000] {processor.py:186} INFO - Started process (PID=791) to work on /opt/airflow/dags/wordcount_dag.py
[2025-05-02T22:13:37.888+0000] {processor.py:914} INFO - Processing file /opt/airflow/dags/wordcount_dag.py for tasks to queue
[2025-05-02T22:13:37.889+0000] {logging_mixin.py:190} INFO - [2025-05-02T22:13:37.889+0000] {dagbag.py:588} INFO - Filling up the DagBag from /opt/airflow/dags/wordcount_dag.py
[2025-05-02T22:13:37.956+0000] {processor.py:925} INFO - DAG(s) 'news_dag' retrieved from /opt/airflow/dags/wordcount_dag.py
[2025-05-02T22:13:37.965+0000] {logging_mixin.py:190} INFO - [2025-05-02T22:13:37.965+0000] {dag.py:3239} INFO - Sync 1 DAGs
[2025-05-02T22:13:37.971+0000] {logging_mixin.py:190} INFO - [2025-05-02T22:13:37.970+0000] {dag.py:4180} INFO - Setting next_dagrun for news_dag to None, run_after=None
[2025-05-02T22:13:37.977+0000] {processor.py:208} INFO - Processing /opt/airflow/dags/wordcount_dag.py took 0.091 seconds
[2025-05-02T22:14:08.443+0000] {processor.py:186} INFO - Started process (PID=795) to work on /opt/airflow/dags/wordcount_dag.py
[2025-05-02T22:14:08.444+0000] {processor.py:914} INFO - Processing file /opt/airflow/dags/wordcount_dag.py for tasks to queue
[2025-05-02T22:14:08.444+0000] {logging_mixin.py:190} INFO - [2025-05-02T22:14:08.444+0000] {dagbag.py:588} INFO - Filling up the DagBag from /opt/airflow/dags/wordcount_dag.py
[2025-05-02T22:14:08.512+0000] {processor.py:925} INFO - DAG(s) 'news_dag' retrieved from /opt/airflow/dags/wordcount_dag.py
[2025-05-02T22:14:08.523+0000] {logging_mixin.py:190} INFO - [2025-05-02T22:14:08.522+0000] {dag.py:3239} INFO - Sync 1 DAGs
[2025-05-02T22:14:08.527+0000] {logging_mixin.py:190} INFO - [2025-05-02T22:14:08.527+0000] {dag.py:4180} INFO - Setting next_dagrun for news_dag to None, run_after=None
[2025-05-02T22:14:08.533+0000] {processor.py:208} INFO - Processing /opt/airflow/dags/wordcount_dag.py took 0.092 seconds
[2025-05-02T22:14:38.977+0000] {processor.py:186} INFO - Started process (PID=799) to work on /opt/airflow/dags/wordcount_dag.py
[2025-05-02T22:14:38.977+0000] {processor.py:914} INFO - Processing file /opt/airflow/dags/wordcount_dag.py for tasks to queue
[2025-05-02T22:14:38.977+0000] {logging_mixin.py:190} INFO - [2025-05-02T22:14:38.977+0000] {dagbag.py:588} INFO - Filling up the DagBag from /opt/airflow/dags/wordcount_dag.py
[2025-05-02T22:14:39.045+0000] {processor.py:925} INFO - DAG(s) 'news_dag' retrieved from /opt/airflow/dags/wordcount_dag.py
[2025-05-02T22:14:39.055+0000] {logging_mixin.py:190} INFO - [2025-05-02T22:14:39.054+0000] {dag.py:3239} INFO - Sync 1 DAGs
[2025-05-02T22:14:39.060+0000] {logging_mixin.py:190} INFO - [2025-05-02T22:14:39.059+0000] {dag.py:4180} INFO - Setting next_dagrun for news_dag to None, run_after=None
[2025-05-02T22:14:39.066+0000] {processor.py:208} INFO - Processing /opt/airflow/dags/wordcount_dag.py took 0.092 seconds
[2025-05-02T22:15:09.336+0000] {processor.py:186} INFO - Started process (PID=803) to work on /opt/airflow/dags/wordcount_dag.py
[2025-05-02T22:15:09.337+0000] {processor.py:914} INFO - Processing file /opt/airflow/dags/wordcount_dag.py for tasks to queue
[2025-05-02T22:15:09.338+0000] {logging_mixin.py:190} INFO - [2025-05-02T22:15:09.337+0000] {dagbag.py:588} INFO - Filling up the DagBag from /opt/airflow/dags/wordcount_dag.py
[2025-05-02T22:15:09.403+0000] {processor.py:925} INFO - DAG(s) 'news_dag' retrieved from /opt/airflow/dags/wordcount_dag.py
[2025-05-02T22:15:09.412+0000] {logging_mixin.py:190} INFO - [2025-05-02T22:15:09.412+0000] {dag.py:3239} INFO - Sync 1 DAGs
[2025-05-02T22:15:09.417+0000] {logging_mixin.py:190} INFO - [2025-05-02T22:15:09.417+0000] {dag.py:4180} INFO - Setting next_dagrun for news_dag to None, run_after=None
[2025-05-02T22:15:09.423+0000] {processor.py:208} INFO - Processing /opt/airflow/dags/wordcount_dag.py took 0.090 seconds
[2025-05-02T22:15:39.897+0000] {processor.py:186} INFO - Started process (PID=807) to work on /opt/airflow/dags/wordcount_dag.py
[2025-05-02T22:15:39.897+0000] {processor.py:914} INFO - Processing file /opt/airflow/dags/wordcount_dag.py for tasks to queue
[2025-05-02T22:15:39.898+0000] {logging_mixin.py:190} INFO - [2025-05-02T22:15:39.898+0000] {dagbag.py:588} INFO - Filling up the DagBag from /opt/airflow/dags/wordcount_dag.py
[2025-05-02T22:15:39.971+0000] {processor.py:925} INFO - DAG(s) 'news_dag' retrieved from /opt/airflow/dags/wordcount_dag.py
[2025-05-02T22:15:39.982+0000] {logging_mixin.py:190} INFO - [2025-05-02T22:15:39.982+0000] {dag.py:3239} INFO - Sync 1 DAGs
[2025-05-02T22:15:39.987+0000] {logging_mixin.py:190} INFO - [2025-05-02T22:15:39.987+0000] {dag.py:4180} INFO - Setting next_dagrun for news_dag to None, run_after=None
[2025-05-02T22:15:39.994+0000] {processor.py:208} INFO - Processing /opt/airflow/dags/wordcount_dag.py took 0.101 seconds
[2025-05-02T22:16:10.468+0000] {processor.py:186} INFO - Started process (PID=811) to work on /opt/airflow/dags/wordcount_dag.py
[2025-05-02T22:16:10.469+0000] {processor.py:914} INFO - Processing file /opt/airflow/dags/wordcount_dag.py for tasks to queue
[2025-05-02T22:16:10.469+0000] {logging_mixin.py:190} INFO - [2025-05-02T22:16:10.469+0000] {dagbag.py:588} INFO - Filling up the DagBag from /opt/airflow/dags/wordcount_dag.py
[2025-05-02T22:16:10.535+0000] {processor.py:925} INFO - DAG(s) 'news_dag' retrieved from /opt/airflow/dags/wordcount_dag.py
[2025-05-02T22:16:10.544+0000] {logging_mixin.py:190} INFO - [2025-05-02T22:16:10.544+0000] {dag.py:3239} INFO - Sync 1 DAGs
[2025-05-02T22:16:10.549+0000] {logging_mixin.py:190} INFO - [2025-05-02T22:16:10.549+0000] {dag.py:4180} INFO - Setting next_dagrun for news_dag to None, run_after=None
[2025-05-02T22:16:10.555+0000] {processor.py:208} INFO - Processing /opt/airflow/dags/wordcount_dag.py took 0.090 seconds
[2025-05-02T22:16:40.991+0000] {processor.py:186} INFO - Started process (PID=815) to work on /opt/airflow/dags/wordcount_dag.py
[2025-05-02T22:16:40.991+0000] {processor.py:914} INFO - Processing file /opt/airflow/dags/wordcount_dag.py for tasks to queue
[2025-05-02T22:16:40.992+0000] {logging_mixin.py:190} INFO - [2025-05-02T22:16:40.992+0000] {dagbag.py:588} INFO - Filling up the DagBag from /opt/airflow/dags/wordcount_dag.py
[2025-05-02T22:16:41.061+0000] {processor.py:925} INFO - DAG(s) 'news_dag' retrieved from /opt/airflow/dags/wordcount_dag.py
[2025-05-02T22:16:41.072+0000] {logging_mixin.py:190} INFO - [2025-05-02T22:16:41.071+0000] {dag.py:3239} INFO - Sync 1 DAGs
[2025-05-02T22:16:41.077+0000] {logging_mixin.py:190} INFO - [2025-05-02T22:16:41.077+0000] {dag.py:4180} INFO - Setting next_dagrun for news_dag to None, run_after=None
[2025-05-02T22:16:41.083+0000] {processor.py:208} INFO - Processing /opt/airflow/dags/wordcount_dag.py took 0.096 seconds
[2025-05-02T22:17:11.452+0000] {processor.py:186} INFO - Started process (PID=819) to work on /opt/airflow/dags/wordcount_dag.py
[2025-05-02T22:17:11.452+0000] {processor.py:914} INFO - Processing file /opt/airflow/dags/wordcount_dag.py for tasks to queue
[2025-05-02T22:17:11.453+0000] {logging_mixin.py:190} INFO - [2025-05-02T22:17:11.453+0000] {dagbag.py:588} INFO - Filling up the DagBag from /opt/airflow/dags/wordcount_dag.py
[2025-05-02T22:17:11.520+0000] {processor.py:925} INFO - DAG(s) 'news_dag' retrieved from /opt/airflow/dags/wordcount_dag.py
[2025-05-02T22:17:11.530+0000] {logging_mixin.py:190} INFO - [2025-05-02T22:17:11.530+0000] {dag.py:3239} INFO - Sync 1 DAGs
[2025-05-02T22:17:11.535+0000] {logging_mixin.py:190} INFO - [2025-05-02T22:17:11.535+0000] {dag.py:4180} INFO - Setting next_dagrun for news_dag to None, run_after=None
[2025-05-02T22:17:11.542+0000] {processor.py:208} INFO - Processing /opt/airflow/dags/wordcount_dag.py took 0.093 seconds
[2025-05-02T22:17:42.018+0000] {processor.py:186} INFO - Started process (PID=823) to work on /opt/airflow/dags/wordcount_dag.py
[2025-05-02T22:17:42.018+0000] {processor.py:914} INFO - Processing file /opt/airflow/dags/wordcount_dag.py for tasks to queue
[2025-05-02T22:17:42.019+0000] {logging_mixin.py:190} INFO - [2025-05-02T22:17:42.019+0000] {dagbag.py:588} INFO - Filling up the DagBag from /opt/airflow/dags/wordcount_dag.py
[2025-05-02T22:17:42.087+0000] {processor.py:925} INFO - DAG(s) 'news_dag' retrieved from /opt/airflow/dags/wordcount_dag.py
[2025-05-02T22:17:42.097+0000] {logging_mixin.py:190} INFO - [2025-05-02T22:17:42.096+0000] {dag.py:3239} INFO - Sync 1 DAGs
[2025-05-02T22:17:42.102+0000] {logging_mixin.py:190} INFO - [2025-05-02T22:17:42.101+0000] {dag.py:4180} INFO - Setting next_dagrun for news_dag to None, run_after=None
[2025-05-02T22:17:42.108+0000] {processor.py:208} INFO - Processing /opt/airflow/dags/wordcount_dag.py took 0.093 seconds
[2025-05-02T22:18:12.543+0000] {processor.py:186} INFO - Started process (PID=827) to work on /opt/airflow/dags/wordcount_dag.py
[2025-05-02T22:18:12.544+0000] {processor.py:914} INFO - Processing file /opt/airflow/dags/wordcount_dag.py for tasks to queue
[2025-05-02T22:18:12.544+0000] {logging_mixin.py:190} INFO - [2025-05-02T22:18:12.544+0000] {dagbag.py:588} INFO - Filling up the DagBag from /opt/airflow/dags/wordcount_dag.py
[2025-05-02T22:18:12.614+0000] {processor.py:925} INFO - DAG(s) 'news_dag' retrieved from /opt/airflow/dags/wordcount_dag.py
[2025-05-02T22:18:12.626+0000] {logging_mixin.py:190} INFO - [2025-05-02T22:18:12.625+0000] {dag.py:3239} INFO - Sync 1 DAGs
[2025-05-02T22:18:12.631+0000] {logging_mixin.py:190} INFO - [2025-05-02T22:18:12.631+0000] {dag.py:4180} INFO - Setting next_dagrun for news_dag to None, run_after=None
[2025-05-02T22:18:12.639+0000] {processor.py:208} INFO - Processing /opt/airflow/dags/wordcount_dag.py took 0.099 seconds
[2025-05-02T22:18:43.111+0000] {processor.py:186} INFO - Started process (PID=831) to work on /opt/airflow/dags/wordcount_dag.py
[2025-05-02T22:18:43.112+0000] {processor.py:914} INFO - Processing file /opt/airflow/dags/wordcount_dag.py for tasks to queue
[2025-05-02T22:18:43.112+0000] {logging_mixin.py:190} INFO - [2025-05-02T22:18:43.112+0000] {dagbag.py:588} INFO - Filling up the DagBag from /opt/airflow/dags/wordcount_dag.py
[2025-05-02T22:18:43.180+0000] {processor.py:925} INFO - DAG(s) 'news_dag' retrieved from /opt/airflow/dags/wordcount_dag.py
[2025-05-02T22:18:43.189+0000] {logging_mixin.py:190} INFO - [2025-05-02T22:18:43.189+0000] {dag.py:3239} INFO - Sync 1 DAGs
[2025-05-02T22:18:43.193+0000] {logging_mixin.py:190} INFO - [2025-05-02T22:18:43.193+0000] {dag.py:4180} INFO - Setting next_dagrun for news_dag to None, run_after=None
[2025-05-02T22:18:43.199+0000] {processor.py:208} INFO - Processing /opt/airflow/dags/wordcount_dag.py took 0.090 seconds
[2025-05-02T22:19:13.682+0000] {processor.py:186} INFO - Started process (PID=835) to work on /opt/airflow/dags/wordcount_dag.py
[2025-05-02T22:19:13.683+0000] {processor.py:914} INFO - Processing file /opt/airflow/dags/wordcount_dag.py for tasks to queue
[2025-05-02T22:19:13.683+0000] {logging_mixin.py:190} INFO - [2025-05-02T22:19:13.683+0000] {dagbag.py:588} INFO - Filling up the DagBag from /opt/airflow/dags/wordcount_dag.py
[2025-05-02T22:19:13.752+0000] {processor.py:925} INFO - DAG(s) 'news_dag' retrieved from /opt/airflow/dags/wordcount_dag.py
[2025-05-02T22:19:13.761+0000] {logging_mixin.py:190} INFO - [2025-05-02T22:19:13.761+0000] {dag.py:3239} INFO - Sync 1 DAGs
[2025-05-02T22:19:13.767+0000] {logging_mixin.py:190} INFO - [2025-05-02T22:19:13.767+0000] {dag.py:4180} INFO - Setting next_dagrun for news_dag to None, run_after=None
[2025-05-02T22:19:13.773+0000] {processor.py:208} INFO - Processing /opt/airflow/dags/wordcount_dag.py took 0.094 seconds
[2025-05-02T22:19:44.258+0000] {processor.py:186} INFO - Started process (PID=839) to work on /opt/airflow/dags/wordcount_dag.py
[2025-05-02T22:19:44.258+0000] {processor.py:914} INFO - Processing file /opt/airflow/dags/wordcount_dag.py for tasks to queue
[2025-05-02T22:19:44.258+0000] {logging_mixin.py:190} INFO - [2025-05-02T22:19:44.258+0000] {dagbag.py:588} INFO - Filling up the DagBag from /opt/airflow/dags/wordcount_dag.py
[2025-05-02T22:19:44.325+0000] {processor.py:925} INFO - DAG(s) 'news_dag' retrieved from /opt/airflow/dags/wordcount_dag.py
[2025-05-02T22:19:44.337+0000] {logging_mixin.py:190} INFO - [2025-05-02T22:19:44.336+0000] {dag.py:3239} INFO - Sync 1 DAGs
[2025-05-02T22:19:44.342+0000] {logging_mixin.py:190} INFO - [2025-05-02T22:19:44.342+0000] {dag.py:4180} INFO - Setting next_dagrun for news_dag to None, run_after=None
[2025-05-02T22:19:44.348+0000] {processor.py:208} INFO - Processing /opt/airflow/dags/wordcount_dag.py took 0.093 seconds
[2025-05-02T22:20:14.831+0000] {processor.py:186} INFO - Started process (PID=843) to work on /opt/airflow/dags/wordcount_dag.py
[2025-05-02T22:20:14.832+0000] {processor.py:914} INFO - Processing file /opt/airflow/dags/wordcount_dag.py for tasks to queue
[2025-05-02T22:20:14.832+0000] {logging_mixin.py:190} INFO - [2025-05-02T22:20:14.832+0000] {dagbag.py:588} INFO - Filling up the DagBag from /opt/airflow/dags/wordcount_dag.py
[2025-05-02T22:20:14.896+0000] {processor.py:925} INFO - DAG(s) 'news_dag' retrieved from /opt/airflow/dags/wordcount_dag.py
[2025-05-02T22:20:14.905+0000] {logging_mixin.py:190} INFO - [2025-05-02T22:20:14.905+0000] {dag.py:3239} INFO - Sync 1 DAGs
[2025-05-02T22:20:14.910+0000] {logging_mixin.py:190} INFO - [2025-05-02T22:20:14.910+0000] {dag.py:4180} INFO - Setting next_dagrun for news_dag to None, run_after=None
[2025-05-02T22:20:14.916+0000] {processor.py:208} INFO - Processing /opt/airflow/dags/wordcount_dag.py took 0.088 seconds
[2025-05-02T22:20:45.386+0000] {processor.py:186} INFO - Started process (PID=847) to work on /opt/airflow/dags/wordcount_dag.py
[2025-05-02T22:20:45.386+0000] {processor.py:914} INFO - Processing file /opt/airflow/dags/wordcount_dag.py for tasks to queue
[2025-05-02T22:20:45.387+0000] {logging_mixin.py:190} INFO - [2025-05-02T22:20:45.386+0000] {dagbag.py:588} INFO - Filling up the DagBag from /opt/airflow/dags/wordcount_dag.py
[2025-05-02T22:20:45.453+0000] {processor.py:925} INFO - DAG(s) 'news_dag' retrieved from /opt/airflow/dags/wordcount_dag.py
[2025-05-02T22:20:45.463+0000] {logging_mixin.py:190} INFO - [2025-05-02T22:20:45.462+0000] {dag.py:3239} INFO - Sync 1 DAGs
[2025-05-02T22:20:45.467+0000] {logging_mixin.py:190} INFO - [2025-05-02T22:20:45.467+0000] {dag.py:4180} INFO - Setting next_dagrun for news_dag to None, run_after=None
[2025-05-02T22:20:45.473+0000] {processor.py:208} INFO - Processing /opt/airflow/dags/wordcount_dag.py took 0.090 seconds
[2025-05-02T22:21:15.943+0000] {processor.py:186} INFO - Started process (PID=851) to work on /opt/airflow/dags/wordcount_dag.py
[2025-05-02T22:21:15.944+0000] {processor.py:914} INFO - Processing file /opt/airflow/dags/wordcount_dag.py for tasks to queue
[2025-05-02T22:21:15.944+0000] {logging_mixin.py:190} INFO - [2025-05-02T22:21:15.944+0000] {dagbag.py:588} INFO - Filling up the DagBag from /opt/airflow/dags/wordcount_dag.py
[2025-05-02T22:21:16.011+0000] {processor.py:925} INFO - DAG(s) 'news_dag' retrieved from /opt/airflow/dags/wordcount_dag.py
[2025-05-02T22:21:16.021+0000] {logging_mixin.py:190} INFO - [2025-05-02T22:21:16.021+0000] {dag.py:3239} INFO - Sync 1 DAGs
[2025-05-02T22:21:16.027+0000] {logging_mixin.py:190} INFO - [2025-05-02T22:21:16.026+0000] {dag.py:4180} INFO - Setting next_dagrun for news_dag to None, run_after=None
[2025-05-02T22:21:16.032+0000] {processor.py:208} INFO - Processing /opt/airflow/dags/wordcount_dag.py took 0.092 seconds
[2025-05-02T22:21:46.507+0000] {processor.py:186} INFO - Started process (PID=855) to work on /opt/airflow/dags/wordcount_dag.py
[2025-05-02T22:21:46.507+0000] {processor.py:914} INFO - Processing file /opt/airflow/dags/wordcount_dag.py for tasks to queue
[2025-05-02T22:21:46.508+0000] {logging_mixin.py:190} INFO - [2025-05-02T22:21:46.508+0000] {dagbag.py:588} INFO - Filling up the DagBag from /opt/airflow/dags/wordcount_dag.py
[2025-05-02T22:21:46.577+0000] {processor.py:925} INFO - DAG(s) 'news_dag' retrieved from /opt/airflow/dags/wordcount_dag.py
[2025-05-02T22:21:46.588+0000] {logging_mixin.py:190} INFO - [2025-05-02T22:21:46.588+0000] {dag.py:3239} INFO - Sync 1 DAGs
[2025-05-02T22:21:46.595+0000] {logging_mixin.py:190} INFO - [2025-05-02T22:21:46.595+0000] {dag.py:4180} INFO - Setting next_dagrun for news_dag to None, run_after=None
[2025-05-02T22:21:46.601+0000] {processor.py:208} INFO - Processing /opt/airflow/dags/wordcount_dag.py took 0.097 seconds
[2025-05-02T22:22:17.066+0000] {processor.py:186} INFO - Started process (PID=859) to work on /opt/airflow/dags/wordcount_dag.py
[2025-05-02T22:22:17.066+0000] {processor.py:914} INFO - Processing file /opt/airflow/dags/wordcount_dag.py for tasks to queue
[2025-05-02T22:22:17.067+0000] {logging_mixin.py:190} INFO - [2025-05-02T22:22:17.067+0000] {dagbag.py:588} INFO - Filling up the DagBag from /opt/airflow/dags/wordcount_dag.py
[2025-05-02T22:22:17.134+0000] {processor.py:925} INFO - DAG(s) 'news_dag' retrieved from /opt/airflow/dags/wordcount_dag.py
[2025-05-02T22:22:17.144+0000] {logging_mixin.py:190} INFO - [2025-05-02T22:22:17.144+0000] {dag.py:3239} INFO - Sync 1 DAGs
[2025-05-02T22:22:17.150+0000] {logging_mixin.py:190} INFO - [2025-05-02T22:22:17.150+0000] {dag.py:4180} INFO - Setting next_dagrun for news_dag to None, run_after=None
[2025-05-02T22:22:17.156+0000] {processor.py:208} INFO - Processing /opt/airflow/dags/wordcount_dag.py took 0.093 seconds
[2025-05-02T22:22:47.644+0000] {processor.py:186} INFO - Started process (PID=863) to work on /opt/airflow/dags/wordcount_dag.py
[2025-05-02T22:22:47.644+0000] {processor.py:914} INFO - Processing file /opt/airflow/dags/wordcount_dag.py for tasks to queue
[2025-05-02T22:22:47.644+0000] {logging_mixin.py:190} INFO - [2025-05-02T22:22:47.644+0000] {dagbag.py:588} INFO - Filling up the DagBag from /opt/airflow/dags/wordcount_dag.py
[2025-05-02T22:22:47.709+0000] {processor.py:925} INFO - DAG(s) 'news_dag' retrieved from /opt/airflow/dags/wordcount_dag.py
[2025-05-02T22:22:47.720+0000] {logging_mixin.py:190} INFO - [2025-05-02T22:22:47.720+0000] {dag.py:3239} INFO - Sync 1 DAGs
[2025-05-02T22:22:47.725+0000] {logging_mixin.py:190} INFO - [2025-05-02T22:22:47.725+0000] {dag.py:4180} INFO - Setting next_dagrun for news_dag to None, run_after=None
[2025-05-02T22:22:47.731+0000] {processor.py:208} INFO - Processing /opt/airflow/dags/wordcount_dag.py took 0.090 seconds
[2025-05-02T22:23:18.220+0000] {processor.py:186} INFO - Started process (PID=867) to work on /opt/airflow/dags/wordcount_dag.py
[2025-05-02T22:23:18.221+0000] {processor.py:914} INFO - Processing file /opt/airflow/dags/wordcount_dag.py for tasks to queue
[2025-05-02T22:23:18.221+0000] {logging_mixin.py:190} INFO - [2025-05-02T22:23:18.221+0000] {dagbag.py:588} INFO - Filling up the DagBag from /opt/airflow/dags/wordcount_dag.py
[2025-05-02T22:23:18.290+0000] {processor.py:925} INFO - DAG(s) 'news_dag' retrieved from /opt/airflow/dags/wordcount_dag.py
[2025-05-02T22:23:18.299+0000] {logging_mixin.py:190} INFO - [2025-05-02T22:23:18.299+0000] {dag.py:3239} INFO - Sync 1 DAGs
[2025-05-02T22:23:18.304+0000] {logging_mixin.py:190} INFO - [2025-05-02T22:23:18.304+0000] {dag.py:4180} INFO - Setting next_dagrun for news_dag to None, run_after=None
[2025-05-02T22:23:18.310+0000] {processor.py:208} INFO - Processing /opt/airflow/dags/wordcount_dag.py took 0.093 seconds
[2025-05-02T22:23:48.781+0000] {processor.py:186} INFO - Started process (PID=871) to work on /opt/airflow/dags/wordcount_dag.py
[2025-05-02T22:23:48.781+0000] {processor.py:914} INFO - Processing file /opt/airflow/dags/wordcount_dag.py for tasks to queue
[2025-05-02T22:23:48.782+0000] {logging_mixin.py:190} INFO - [2025-05-02T22:23:48.782+0000] {dagbag.py:588} INFO - Filling up the DagBag from /opt/airflow/dags/wordcount_dag.py
[2025-05-02T22:23:48.847+0000] {processor.py:925} INFO - DAG(s) 'news_dag' retrieved from /opt/airflow/dags/wordcount_dag.py
[2025-05-02T22:23:48.856+0000] {logging_mixin.py:190} INFO - [2025-05-02T22:23:48.856+0000] {dag.py:3239} INFO - Sync 1 DAGs
[2025-05-02T22:23:48.861+0000] {logging_mixin.py:190} INFO - [2025-05-02T22:23:48.861+0000] {dag.py:4180} INFO - Setting next_dagrun for news_dag to None, run_after=None
[2025-05-02T22:23:48.867+0000] {processor.py:208} INFO - Processing /opt/airflow/dags/wordcount_dag.py took 0.089 seconds
[2025-05-02T22:24:19.250+0000] {processor.py:186} INFO - Started process (PID=875) to work on /opt/airflow/dags/wordcount_dag.py
[2025-05-02T22:24:19.251+0000] {processor.py:914} INFO - Processing file /opt/airflow/dags/wordcount_dag.py for tasks to queue
[2025-05-02T22:24:19.251+0000] {logging_mixin.py:190} INFO - [2025-05-02T22:24:19.251+0000] {dagbag.py:588} INFO - Filling up the DagBag from /opt/airflow/dags/wordcount_dag.py
[2025-05-02T22:24:19.318+0000] {processor.py:925} INFO - DAG(s) 'news_dag' retrieved from /opt/airflow/dags/wordcount_dag.py
[2025-05-02T22:24:19.327+0000] {logging_mixin.py:190} INFO - [2025-05-02T22:24:19.327+0000] {dag.py:3239} INFO - Sync 1 DAGs
[2025-05-02T22:24:19.332+0000] {logging_mixin.py:190} INFO - [2025-05-02T22:24:19.332+0000] {dag.py:4180} INFO - Setting next_dagrun for news_dag to None, run_after=None
[2025-05-02T22:24:19.337+0000] {processor.py:208} INFO - Processing /opt/airflow/dags/wordcount_dag.py took 0.091 seconds
[2025-05-02T22:24:49.764+0000] {processor.py:186} INFO - Started process (PID=879) to work on /opt/airflow/dags/wordcount_dag.py
[2025-05-02T22:24:49.764+0000] {processor.py:914} INFO - Processing file /opt/airflow/dags/wordcount_dag.py for tasks to queue
[2025-05-02T22:24:49.765+0000] {logging_mixin.py:190} INFO - [2025-05-02T22:24:49.765+0000] {dagbag.py:588} INFO - Filling up the DagBag from /opt/airflow/dags/wordcount_dag.py
[2025-05-02T22:24:49.834+0000] {processor.py:925} INFO - DAG(s) 'news_dag' retrieved from /opt/airflow/dags/wordcount_dag.py
[2025-05-02T22:24:49.846+0000] {logging_mixin.py:190} INFO - [2025-05-02T22:24:49.845+0000] {dag.py:3239} INFO - Sync 1 DAGs
[2025-05-02T22:24:49.852+0000] {logging_mixin.py:190} INFO - [2025-05-02T22:24:49.852+0000] {dag.py:4180} INFO - Setting next_dagrun for news_dag to None, run_after=None
[2025-05-02T22:24:49.859+0000] {processor.py:208} INFO - Processing /opt/airflow/dags/wordcount_dag.py took 0.098 seconds
[2025-05-02T22:25:20.319+0000] {processor.py:186} INFO - Started process (PID=883) to work on /opt/airflow/dags/wordcount_dag.py
[2025-05-02T22:25:20.320+0000] {processor.py:914} INFO - Processing file /opt/airflow/dags/wordcount_dag.py for tasks to queue
[2025-05-02T22:25:20.320+0000] {logging_mixin.py:190} INFO - [2025-05-02T22:25:20.320+0000] {dagbag.py:588} INFO - Filling up the DagBag from /opt/airflow/dags/wordcount_dag.py
[2025-05-02T22:25:20.386+0000] {processor.py:925} INFO - DAG(s) 'news_dag' retrieved from /opt/airflow/dags/wordcount_dag.py
[2025-05-02T22:25:20.396+0000] {logging_mixin.py:190} INFO - [2025-05-02T22:25:20.395+0000] {dag.py:3239} INFO - Sync 1 DAGs
[2025-05-02T22:25:20.401+0000] {logging_mixin.py:190} INFO - [2025-05-02T22:25:20.401+0000] {dag.py:4180} INFO - Setting next_dagrun for news_dag to None, run_after=None
[2025-05-02T22:25:20.407+0000] {processor.py:208} INFO - Processing /opt/airflow/dags/wordcount_dag.py took 0.091 seconds
[2025-05-02T22:25:50.866+0000] {processor.py:186} INFO - Started process (PID=887) to work on /opt/airflow/dags/wordcount_dag.py
[2025-05-02T22:25:50.866+0000] {processor.py:914} INFO - Processing file /opt/airflow/dags/wordcount_dag.py for tasks to queue
[2025-05-02T22:25:50.867+0000] {logging_mixin.py:190} INFO - [2025-05-02T22:25:50.867+0000] {dagbag.py:588} INFO - Filling up the DagBag from /opt/airflow/dags/wordcount_dag.py
[2025-05-02T22:25:50.935+0000] {processor.py:925} INFO - DAG(s) 'news_dag' retrieved from /opt/airflow/dags/wordcount_dag.py
[2025-05-02T22:25:50.946+0000] {logging_mixin.py:190} INFO - [2025-05-02T22:25:50.945+0000] {dag.py:3239} INFO - Sync 1 DAGs
[2025-05-02T22:25:50.951+0000] {logging_mixin.py:190} INFO - [2025-05-02T22:25:50.951+0000] {dag.py:4180} INFO - Setting next_dagrun for news_dag to None, run_after=None
[2025-05-02T22:25:50.958+0000] {processor.py:208} INFO - Processing /opt/airflow/dags/wordcount_dag.py took 0.095 seconds
[2025-05-02T22:26:21.393+0000] {processor.py:186} INFO - Started process (PID=891) to work on /opt/airflow/dags/wordcount_dag.py
[2025-05-02T22:26:21.394+0000] {processor.py:914} INFO - Processing file /opt/airflow/dags/wordcount_dag.py for tasks to queue
[2025-05-02T22:26:21.394+0000] {logging_mixin.py:190} INFO - [2025-05-02T22:26:21.394+0000] {dagbag.py:588} INFO - Filling up the DagBag from /opt/airflow/dags/wordcount_dag.py
[2025-05-02T22:26:21.464+0000] {processor.py:925} INFO - DAG(s) 'news_dag' retrieved from /opt/airflow/dags/wordcount_dag.py
[2025-05-02T22:26:21.473+0000] {logging_mixin.py:190} INFO - [2025-05-02T22:26:21.473+0000] {dag.py:3239} INFO - Sync 1 DAGs
[2025-05-02T22:26:21.478+0000] {logging_mixin.py:190} INFO - [2025-05-02T22:26:21.478+0000] {dag.py:4180} INFO - Setting next_dagrun for news_dag to None, run_after=None
[2025-05-02T22:26:21.484+0000] {processor.py:208} INFO - Processing /opt/airflow/dags/wordcount_dag.py took 0.094 seconds
[2025-05-02T22:26:51.963+0000] {processor.py:186} INFO - Started process (PID=895) to work on /opt/airflow/dags/wordcount_dag.py
[2025-05-02T22:26:51.963+0000] {processor.py:914} INFO - Processing file /opt/airflow/dags/wordcount_dag.py for tasks to queue
[2025-05-02T22:26:51.964+0000] {logging_mixin.py:190} INFO - [2025-05-02T22:26:51.964+0000] {dagbag.py:588} INFO - Filling up the DagBag from /opt/airflow/dags/wordcount_dag.py
[2025-05-02T22:26:52.030+0000] {processor.py:925} INFO - DAG(s) 'news_dag' retrieved from /opt/airflow/dags/wordcount_dag.py
[2025-05-02T22:26:52.038+0000] {logging_mixin.py:190} INFO - [2025-05-02T22:26:52.038+0000] {dag.py:3239} INFO - Sync 1 DAGs
[2025-05-02T22:26:52.044+0000] {logging_mixin.py:190} INFO - [2025-05-02T22:26:52.044+0000] {dag.py:4180} INFO - Setting next_dagrun for news_dag to None, run_after=None
[2025-05-02T22:26:52.051+0000] {processor.py:208} INFO - Processing /opt/airflow/dags/wordcount_dag.py took 0.091 seconds
[2025-05-02T22:27:22.557+0000] {processor.py:186} INFO - Started process (PID=899) to work on /opt/airflow/dags/wordcount_dag.py
[2025-05-02T22:27:22.557+0000] {processor.py:914} INFO - Processing file /opt/airflow/dags/wordcount_dag.py for tasks to queue
[2025-05-02T22:27:22.558+0000] {logging_mixin.py:190} INFO - [2025-05-02T22:27:22.558+0000] {dagbag.py:588} INFO - Filling up the DagBag from /opt/airflow/dags/wordcount_dag.py
[2025-05-02T22:27:22.627+0000] {processor.py:925} INFO - DAG(s) 'news_dag' retrieved from /opt/airflow/dags/wordcount_dag.py
[2025-05-02T22:27:22.637+0000] {logging_mixin.py:190} INFO - [2025-05-02T22:27:22.637+0000] {dag.py:3239} INFO - Sync 1 DAGs
[2025-05-02T22:27:22.644+0000] {logging_mixin.py:190} INFO - [2025-05-02T22:27:22.643+0000] {dag.py:4180} INFO - Setting next_dagrun for news_dag to None, run_after=None
[2025-05-02T22:27:22.650+0000] {processor.py:208} INFO - Processing /opt/airflow/dags/wordcount_dag.py took 0.096 seconds
[2025-05-02T22:27:53.142+0000] {processor.py:186} INFO - Started process (PID=903) to work on /opt/airflow/dags/wordcount_dag.py
[2025-05-02T22:27:53.143+0000] {processor.py:914} INFO - Processing file /opt/airflow/dags/wordcount_dag.py for tasks to queue
[2025-05-02T22:27:53.144+0000] {logging_mixin.py:190} INFO - [2025-05-02T22:27:53.143+0000] {dagbag.py:588} INFO - Filling up the DagBag from /opt/airflow/dags/wordcount_dag.py
[2025-05-02T22:27:53.211+0000] {processor.py:925} INFO - DAG(s) 'news_dag' retrieved from /opt/airflow/dags/wordcount_dag.py
[2025-05-02T22:27:53.222+0000] {logging_mixin.py:190} INFO - [2025-05-02T22:27:53.221+0000] {dag.py:3239} INFO - Sync 1 DAGs
[2025-05-02T22:27:53.228+0000] {logging_mixin.py:190} INFO - [2025-05-02T22:27:53.227+0000] {dag.py:4180} INFO - Setting next_dagrun for news_dag to None, run_after=None
[2025-05-02T22:27:53.233+0000] {processor.py:208} INFO - Processing /opt/airflow/dags/wordcount_dag.py took 0.094 seconds
[2025-05-02T22:28:23.595+0000] {processor.py:186} INFO - Started process (PID=907) to work on /opt/airflow/dags/wordcount_dag.py
[2025-05-02T22:28:23.596+0000] {processor.py:914} INFO - Processing file /opt/airflow/dags/wordcount_dag.py for tasks to queue
[2025-05-02T22:28:23.596+0000] {logging_mixin.py:190} INFO - [2025-05-02T22:28:23.596+0000] {dagbag.py:588} INFO - Filling up the DagBag from /opt/airflow/dags/wordcount_dag.py
[2025-05-02T22:28:23.663+0000] {processor.py:925} INFO - DAG(s) 'news_dag' retrieved from /opt/airflow/dags/wordcount_dag.py
[2025-05-02T22:28:23.673+0000] {logging_mixin.py:190} INFO - [2025-05-02T22:28:23.673+0000] {dag.py:3239} INFO - Sync 1 DAGs
[2025-05-02T22:28:23.678+0000] {logging_mixin.py:190} INFO - [2025-05-02T22:28:23.678+0000] {dag.py:4180} INFO - Setting next_dagrun for news_dag to None, run_after=None
[2025-05-02T22:28:23.685+0000] {processor.py:208} INFO - Processing /opt/airflow/dags/wordcount_dag.py took 0.093 seconds
[2025-05-02T22:28:54.109+0000] {processor.py:186} INFO - Started process (PID=911) to work on /opt/airflow/dags/wordcount_dag.py
[2025-05-02T22:28:54.109+0000] {processor.py:914} INFO - Processing file /opt/airflow/dags/wordcount_dag.py for tasks to queue
[2025-05-02T22:28:54.110+0000] {logging_mixin.py:190} INFO - [2025-05-02T22:28:54.110+0000] {dagbag.py:588} INFO - Filling up the DagBag from /opt/airflow/dags/wordcount_dag.py
[2025-05-02T22:28:54.180+0000] {processor.py:925} INFO - DAG(s) 'news_dag' retrieved from /opt/airflow/dags/wordcount_dag.py
[2025-05-02T22:28:54.191+0000] {logging_mixin.py:190} INFO - [2025-05-02T22:28:54.191+0000] {dag.py:3239} INFO - Sync 1 DAGs
[2025-05-02T22:28:54.197+0000] {logging_mixin.py:190} INFO - [2025-05-02T22:28:54.197+0000] {dag.py:4180} INFO - Setting next_dagrun for news_dag to None, run_after=None
[2025-05-02T22:28:54.204+0000] {processor.py:208} INFO - Processing /opt/airflow/dags/wordcount_dag.py took 0.098 seconds
[2025-05-02T22:29:24.678+0000] {processor.py:186} INFO - Started process (PID=915) to work on /opt/airflow/dags/wordcount_dag.py
[2025-05-02T22:29:24.679+0000] {processor.py:914} INFO - Processing file /opt/airflow/dags/wordcount_dag.py for tasks to queue
[2025-05-02T22:29:24.679+0000] {logging_mixin.py:190} INFO - [2025-05-02T22:29:24.679+0000] {dagbag.py:588} INFO - Filling up the DagBag from /opt/airflow/dags/wordcount_dag.py
[2025-05-02T22:29:24.747+0000] {processor.py:925} INFO - DAG(s) 'news_dag' retrieved from /opt/airflow/dags/wordcount_dag.py
[2025-05-02T22:29:24.757+0000] {logging_mixin.py:190} INFO - [2025-05-02T22:29:24.757+0000] {dag.py:3239} INFO - Sync 1 DAGs
[2025-05-02T22:29:24.762+0000] {logging_mixin.py:190} INFO - [2025-05-02T22:29:24.762+0000] {dag.py:4180} INFO - Setting next_dagrun for news_dag to None, run_after=None
[2025-05-02T22:29:24.768+0000] {processor.py:208} INFO - Processing /opt/airflow/dags/wordcount_dag.py took 0.093 seconds
[2025-05-02T22:29:55.224+0000] {processor.py:186} INFO - Started process (PID=919) to work on /opt/airflow/dags/wordcount_dag.py
[2025-05-02T22:29:55.224+0000] {processor.py:914} INFO - Processing file /opt/airflow/dags/wordcount_dag.py for tasks to queue
[2025-05-02T22:29:55.225+0000] {logging_mixin.py:190} INFO - [2025-05-02T22:29:55.225+0000] {dagbag.py:588} INFO - Filling up the DagBag from /opt/airflow/dags/wordcount_dag.py
[2025-05-02T22:29:55.296+0000] {processor.py:925} INFO - DAG(s) 'news_dag' retrieved from /opt/airflow/dags/wordcount_dag.py
[2025-05-02T22:29:55.307+0000] {logging_mixin.py:190} INFO - [2025-05-02T22:29:55.307+0000] {dag.py:3239} INFO - Sync 1 DAGs
[2025-05-02T22:29:55.312+0000] {logging_mixin.py:190} INFO - [2025-05-02T22:29:55.312+0000] {dag.py:4180} INFO - Setting next_dagrun for news_dag to None, run_after=None
[2025-05-02T22:29:55.320+0000] {processor.py:208} INFO - Processing /opt/airflow/dags/wordcount_dag.py took 0.100 seconds
[2025-05-02T22:30:25.785+0000] {processor.py:186} INFO - Started process (PID=923) to work on /opt/airflow/dags/wordcount_dag.py
[2025-05-02T22:30:25.785+0000] {processor.py:914} INFO - Processing file /opt/airflow/dags/wordcount_dag.py for tasks to queue
[2025-05-02T22:30:25.786+0000] {logging_mixin.py:190} INFO - [2025-05-02T22:30:25.786+0000] {dagbag.py:588} INFO - Filling up the DagBag from /opt/airflow/dags/wordcount_dag.py
[2025-05-02T22:30:25.855+0000] {processor.py:925} INFO - DAG(s) 'news_dag' retrieved from /opt/airflow/dags/wordcount_dag.py
[2025-05-02T22:30:25.865+0000] {logging_mixin.py:190} INFO - [2025-05-02T22:30:25.865+0000] {dag.py:3239} INFO - Sync 1 DAGs
[2025-05-02T22:30:25.871+0000] {logging_mixin.py:190} INFO - [2025-05-02T22:30:25.871+0000] {dag.py:4180} INFO - Setting next_dagrun for news_dag to None, run_after=None
[2025-05-02T22:30:25.877+0000] {processor.py:208} INFO - Processing /opt/airflow/dags/wordcount_dag.py took 0.095 seconds
[2025-05-02T22:30:56.323+0000] {processor.py:186} INFO - Started process (PID=927) to work on /opt/airflow/dags/wordcount_dag.py
[2025-05-02T22:30:56.323+0000] {processor.py:914} INFO - Processing file /opt/airflow/dags/wordcount_dag.py for tasks to queue
[2025-05-02T22:30:56.324+0000] {logging_mixin.py:190} INFO - [2025-05-02T22:30:56.324+0000] {dagbag.py:588} INFO - Filling up the DagBag from /opt/airflow/dags/wordcount_dag.py
[2025-05-02T22:30:56.391+0000] {processor.py:925} INFO - DAG(s) 'news_dag' retrieved from /opt/airflow/dags/wordcount_dag.py
[2025-05-02T22:30:56.402+0000] {logging_mixin.py:190} INFO - [2025-05-02T22:30:56.402+0000] {dag.py:3239} INFO - Sync 1 DAGs
[2025-05-02T22:30:56.407+0000] {logging_mixin.py:190} INFO - [2025-05-02T22:30:56.407+0000] {dag.py:4180} INFO - Setting next_dagrun for news_dag to None, run_after=None
[2025-05-02T22:30:56.413+0000] {processor.py:208} INFO - Processing /opt/airflow/dags/wordcount_dag.py took 0.094 seconds
[2025-05-02T22:31:26.926+0000] {processor.py:186} INFO - Started process (PID=931) to work on /opt/airflow/dags/wordcount_dag.py
[2025-05-02T22:31:26.926+0000] {processor.py:914} INFO - Processing file /opt/airflow/dags/wordcount_dag.py for tasks to queue
[2025-05-02T22:31:26.927+0000] {logging_mixin.py:190} INFO - [2025-05-02T22:31:26.927+0000] {dagbag.py:588} INFO - Filling up the DagBag from /opt/airflow/dags/wordcount_dag.py
[2025-05-02T22:31:26.993+0000] {processor.py:925} INFO - DAG(s) 'news_dag' retrieved from /opt/airflow/dags/wordcount_dag.py
[2025-05-02T22:31:27.002+0000] {logging_mixin.py:190} INFO - [2025-05-02T22:31:27.001+0000] {dag.py:3239} INFO - Sync 1 DAGs
[2025-05-02T22:31:27.007+0000] {logging_mixin.py:190} INFO - [2025-05-02T22:31:27.007+0000] {dag.py:4180} INFO - Setting next_dagrun for news_dag to None, run_after=None
[2025-05-02T22:31:27.013+0000] {processor.py:208} INFO - Processing /opt/airflow/dags/wordcount_dag.py took 0.089 seconds
[2025-05-02T22:31:57.474+0000] {processor.py:186} INFO - Started process (PID=935) to work on /opt/airflow/dags/wordcount_dag.py
[2025-05-02T22:31:57.474+0000] {processor.py:914} INFO - Processing file /opt/airflow/dags/wordcount_dag.py for tasks to queue
[2025-05-02T22:31:57.475+0000] {logging_mixin.py:190} INFO - [2025-05-02T22:31:57.475+0000] {dagbag.py:588} INFO - Filling up the DagBag from /opt/airflow/dags/wordcount_dag.py
[2025-05-02T22:31:57.549+0000] {processor.py:925} INFO - DAG(s) 'news_dag' retrieved from /opt/airflow/dags/wordcount_dag.py
[2025-05-02T22:31:57.558+0000] {logging_mixin.py:190} INFO - [2025-05-02T22:31:57.558+0000] {dag.py:3239} INFO - Sync 1 DAGs
[2025-05-02T22:31:57.564+0000] {logging_mixin.py:190} INFO - [2025-05-02T22:31:57.564+0000] {dag.py:4180} INFO - Setting next_dagrun for news_dag to None, run_after=None
[2025-05-02T22:31:57.570+0000] {processor.py:208} INFO - Processing /opt/airflow/dags/wordcount_dag.py took 0.099 seconds
[2025-05-02T22:32:28.040+0000] {processor.py:186} INFO - Started process (PID=939) to work on /opt/airflow/dags/wordcount_dag.py
[2025-05-02T22:32:28.041+0000] {processor.py:914} INFO - Processing file /opt/airflow/dags/wordcount_dag.py for tasks to queue
[2025-05-02T22:32:28.041+0000] {logging_mixin.py:190} INFO - [2025-05-02T22:32:28.041+0000] {dagbag.py:588} INFO - Filling up the DagBag from /opt/airflow/dags/wordcount_dag.py
[2025-05-02T22:32:28.108+0000] {processor.py:925} INFO - DAG(s) 'news_dag' retrieved from /opt/airflow/dags/wordcount_dag.py
[2025-05-02T22:32:28.117+0000] {logging_mixin.py:190} INFO - [2025-05-02T22:32:28.117+0000] {dag.py:3239} INFO - Sync 1 DAGs
[2025-05-02T22:32:28.122+0000] {logging_mixin.py:190} INFO - [2025-05-02T22:32:28.122+0000] {dag.py:4180} INFO - Setting next_dagrun for news_dag to None, run_after=None
[2025-05-02T22:32:28.128+0000] {processor.py:208} INFO - Processing /opt/airflow/dags/wordcount_dag.py took 0.092 seconds
[2025-05-02T22:32:58.627+0000] {processor.py:186} INFO - Started process (PID=943) to work on /opt/airflow/dags/wordcount_dag.py
[2025-05-02T22:32:58.628+0000] {processor.py:914} INFO - Processing file /opt/airflow/dags/wordcount_dag.py for tasks to queue
[2025-05-02T22:32:58.628+0000] {logging_mixin.py:190} INFO - [2025-05-02T22:32:58.628+0000] {dagbag.py:588} INFO - Filling up the DagBag from /opt/airflow/dags/wordcount_dag.py
[2025-05-02T22:32:58.702+0000] {processor.py:925} INFO - DAG(s) 'news_dag' retrieved from /opt/airflow/dags/wordcount_dag.py
[2025-05-02T22:32:58.714+0000] {logging_mixin.py:190} INFO - [2025-05-02T22:32:58.713+0000] {dag.py:3239} INFO - Sync 1 DAGs
[2025-05-02T22:32:58.720+0000] {logging_mixin.py:190} INFO - [2025-05-02T22:32:58.720+0000] {dag.py:4180} INFO - Setting next_dagrun for news_dag to None, run_after=None
[2025-05-02T22:32:58.727+0000] {processor.py:208} INFO - Processing /opt/airflow/dags/wordcount_dag.py took 0.104 seconds
[2025-05-02T22:33:29.213+0000] {processor.py:186} INFO - Started process (PID=947) to work on /opt/airflow/dags/wordcount_dag.py
[2025-05-02T22:33:29.214+0000] {processor.py:914} INFO - Processing file /opt/airflow/dags/wordcount_dag.py for tasks to queue
[2025-05-02T22:33:29.214+0000] {logging_mixin.py:190} INFO - [2025-05-02T22:33:29.214+0000] {dagbag.py:588} INFO - Filling up the DagBag from /opt/airflow/dags/wordcount_dag.py
[2025-05-02T22:33:29.283+0000] {processor.py:925} INFO - DAG(s) 'news_dag' retrieved from /opt/airflow/dags/wordcount_dag.py
[2025-05-02T22:33:29.294+0000] {logging_mixin.py:190} INFO - [2025-05-02T22:33:29.293+0000] {dag.py:3239} INFO - Sync 1 DAGs
[2025-05-02T22:33:29.299+0000] {logging_mixin.py:190} INFO - [2025-05-02T22:33:29.299+0000] {dag.py:4180} INFO - Setting next_dagrun for news_dag to None, run_after=None
[2025-05-02T22:33:29.305+0000] {processor.py:208} INFO - Processing /opt/airflow/dags/wordcount_dag.py took 0.095 seconds
[2025-05-02T22:33:59.724+0000] {processor.py:186} INFO - Started process (PID=951) to work on /opt/airflow/dags/wordcount_dag.py
[2025-05-02T22:33:59.725+0000] {processor.py:914} INFO - Processing file /opt/airflow/dags/wordcount_dag.py for tasks to queue
[2025-05-02T22:33:59.725+0000] {logging_mixin.py:190} INFO - [2025-05-02T22:33:59.725+0000] {dagbag.py:588} INFO - Filling up the DagBag from /opt/airflow/dags/wordcount_dag.py
[2025-05-02T22:33:59.794+0000] {processor.py:925} INFO - DAG(s) 'news_dag' retrieved from /opt/airflow/dags/wordcount_dag.py
[2025-05-02T22:33:59.805+0000] {logging_mixin.py:190} INFO - [2025-05-02T22:33:59.804+0000] {dag.py:3239} INFO - Sync 1 DAGs
[2025-05-02T22:33:59.810+0000] {logging_mixin.py:190} INFO - [2025-05-02T22:33:59.809+0000] {dag.py:4180} INFO - Setting next_dagrun for news_dag to None, run_after=None
[2025-05-02T22:33:59.816+0000] {processor.py:208} INFO - Processing /opt/airflow/dags/wordcount_dag.py took 0.095 seconds
[2025-05-02T22:34:30.287+0000] {processor.py:186} INFO - Started process (PID=955) to work on /opt/airflow/dags/wordcount_dag.py
[2025-05-02T22:34:30.288+0000] {processor.py:914} INFO - Processing file /opt/airflow/dags/wordcount_dag.py for tasks to queue
[2025-05-02T22:34:30.288+0000] {logging_mixin.py:190} INFO - [2025-05-02T22:34:30.288+0000] {dagbag.py:588} INFO - Filling up the DagBag from /opt/airflow/dags/wordcount_dag.py
[2025-05-02T22:34:30.353+0000] {processor.py:925} INFO - DAG(s) 'news_dag' retrieved from /opt/airflow/dags/wordcount_dag.py
[2025-05-02T22:34:30.362+0000] {logging_mixin.py:190} INFO - [2025-05-02T22:34:30.362+0000] {dag.py:3239} INFO - Sync 1 DAGs
[2025-05-02T22:34:30.367+0000] {logging_mixin.py:190} INFO - [2025-05-02T22:34:30.367+0000] {dag.py:4180} INFO - Setting next_dagrun for news_dag to None, run_after=None
[2025-05-02T22:34:30.372+0000] {processor.py:208} INFO - Processing /opt/airflow/dags/wordcount_dag.py took 0.088 seconds
[2025-05-02T22:35:00.716+0000] {processor.py:186} INFO - Started process (PID=959) to work on /opt/airflow/dags/wordcount_dag.py
[2025-05-02T22:35:00.716+0000] {processor.py:914} INFO - Processing file /opt/airflow/dags/wordcount_dag.py for tasks to queue
[2025-05-02T22:35:00.717+0000] {logging_mixin.py:190} INFO - [2025-05-02T22:35:00.717+0000] {dagbag.py:588} INFO - Filling up the DagBag from /opt/airflow/dags/wordcount_dag.py
[2025-05-02T22:35:00.784+0000] {processor.py:925} INFO - DAG(s) 'news_dag' retrieved from /opt/airflow/dags/wordcount_dag.py
[2025-05-02T22:35:00.794+0000] {logging_mixin.py:190} INFO - [2025-05-02T22:35:00.793+0000] {dag.py:3239} INFO - Sync 1 DAGs
[2025-05-02T22:35:00.799+0000] {logging_mixin.py:190} INFO - [2025-05-02T22:35:00.799+0000] {dag.py:4180} INFO - Setting next_dagrun for news_dag to None, run_after=None
[2025-05-02T22:35:00.805+0000] {processor.py:208} INFO - Processing /opt/airflow/dags/wordcount_dag.py took 0.092 seconds
[2025-05-02T22:35:31.149+0000] {processor.py:186} INFO - Started process (PID=963) to work on /opt/airflow/dags/wordcount_dag.py
[2025-05-02T22:35:31.149+0000] {processor.py:914} INFO - Processing file /opt/airflow/dags/wordcount_dag.py for tasks to queue
[2025-05-02T22:35:31.150+0000] {logging_mixin.py:190} INFO - [2025-05-02T22:35:31.150+0000] {dagbag.py:588} INFO - Filling up the DagBag from /opt/airflow/dags/wordcount_dag.py
[2025-05-02T22:35:31.217+0000] {processor.py:925} INFO - DAG(s) 'news_dag' retrieved from /opt/airflow/dags/wordcount_dag.py
[2025-05-02T22:35:31.227+0000] {logging_mixin.py:190} INFO - [2025-05-02T22:35:31.227+0000] {dag.py:3239} INFO - Sync 1 DAGs
[2025-05-02T22:35:31.233+0000] {logging_mixin.py:190} INFO - [2025-05-02T22:35:31.232+0000] {dag.py:4180} INFO - Setting next_dagrun for news_dag to None, run_after=None
[2025-05-02T22:35:31.239+0000] {processor.py:208} INFO - Processing /opt/airflow/dags/wordcount_dag.py took 0.093 seconds
[2025-05-02T22:36:01.634+0000] {processor.py:186} INFO - Started process (PID=967) to work on /opt/airflow/dags/wordcount_dag.py
[2025-05-02T22:36:01.634+0000] {processor.py:914} INFO - Processing file /opt/airflow/dags/wordcount_dag.py for tasks to queue
[2025-05-02T22:36:01.635+0000] {logging_mixin.py:190} INFO - [2025-05-02T22:36:01.634+0000] {dagbag.py:588} INFO - Filling up the DagBag from /opt/airflow/dags/wordcount_dag.py
[2025-05-02T22:36:01.703+0000] {processor.py:925} INFO - DAG(s) 'news_dag' retrieved from /opt/airflow/dags/wordcount_dag.py
[2025-05-02T22:36:01.712+0000] {logging_mixin.py:190} INFO - [2025-05-02T22:36:01.712+0000] {dag.py:3239} INFO - Sync 1 DAGs
[2025-05-02T22:36:01.719+0000] {logging_mixin.py:190} INFO - [2025-05-02T22:36:01.719+0000] {dag.py:4180} INFO - Setting next_dagrun for news_dag to None, run_after=None
[2025-05-02T22:36:01.725+0000] {processor.py:208} INFO - Processing /opt/airflow/dags/wordcount_dag.py took 0.095 seconds
[2025-05-02T22:36:32.054+0000] {processor.py:186} INFO - Started process (PID=971) to work on /opt/airflow/dags/wordcount_dag.py
[2025-05-02T22:36:32.055+0000] {processor.py:914} INFO - Processing file /opt/airflow/dags/wordcount_dag.py for tasks to queue
[2025-05-02T22:36:32.055+0000] {logging_mixin.py:190} INFO - [2025-05-02T22:36:32.055+0000] {dagbag.py:588} INFO - Filling up the DagBag from /opt/airflow/dags/wordcount_dag.py
[2025-05-02T22:36:32.126+0000] {processor.py:925} INFO - DAG(s) 'news_dag' retrieved from /opt/airflow/dags/wordcount_dag.py
[2025-05-02T22:36:32.137+0000] {logging_mixin.py:190} INFO - [2025-05-02T22:36:32.136+0000] {dag.py:3239} INFO - Sync 1 DAGs
[2025-05-02T22:36:32.142+0000] {logging_mixin.py:190} INFO - [2025-05-02T22:36:32.142+0000] {dag.py:4180} INFO - Setting next_dagrun for news_dag to None, run_after=None
[2025-05-02T22:36:32.148+0000] {processor.py:208} INFO - Processing /opt/airflow/dags/wordcount_dag.py took 0.097 seconds
[2025-05-02T22:37:02.626+0000] {processor.py:186} INFO - Started process (PID=975) to work on /opt/airflow/dags/wordcount_dag.py
[2025-05-02T22:37:02.627+0000] {processor.py:914} INFO - Processing file /opt/airflow/dags/wordcount_dag.py for tasks to queue
[2025-05-02T22:37:02.627+0000] {logging_mixin.py:190} INFO - [2025-05-02T22:37:02.627+0000] {dagbag.py:588} INFO - Filling up the DagBag from /opt/airflow/dags/wordcount_dag.py
[2025-05-02T22:37:02.697+0000] {processor.py:925} INFO - DAG(s) 'news_dag' retrieved from /opt/airflow/dags/wordcount_dag.py
[2025-05-02T22:37:02.707+0000] {logging_mixin.py:190} INFO - [2025-05-02T22:37:02.707+0000] {dag.py:3239} INFO - Sync 1 DAGs
[2025-05-02T22:37:02.712+0000] {logging_mixin.py:190} INFO - [2025-05-02T22:37:02.712+0000] {dag.py:4180} INFO - Setting next_dagrun for news_dag to None, run_after=None
[2025-05-02T22:37:02.720+0000] {processor.py:208} INFO - Processing /opt/airflow/dags/wordcount_dag.py took 0.097 seconds
[2025-05-02T22:37:33.198+0000] {processor.py:186} INFO - Started process (PID=979) to work on /opt/airflow/dags/wordcount_dag.py
[2025-05-02T22:37:33.198+0000] {processor.py:914} INFO - Processing file /opt/airflow/dags/wordcount_dag.py for tasks to queue
[2025-05-02T22:37:33.199+0000] {logging_mixin.py:190} INFO - [2025-05-02T22:37:33.199+0000] {dagbag.py:588} INFO - Filling up the DagBag from /opt/airflow/dags/wordcount_dag.py
[2025-05-02T22:37:33.266+0000] {processor.py:925} INFO - DAG(s) 'news_dag' retrieved from /opt/airflow/dags/wordcount_dag.py
[2025-05-02T22:37:33.276+0000] {logging_mixin.py:190} INFO - [2025-05-02T22:37:33.276+0000] {dag.py:3239} INFO - Sync 1 DAGs
[2025-05-02T22:37:33.282+0000] {logging_mixin.py:190} INFO - [2025-05-02T22:37:33.282+0000] {dag.py:4180} INFO - Setting next_dagrun for news_dag to None, run_after=None
[2025-05-02T22:37:33.288+0000] {processor.py:208} INFO - Processing /opt/airflow/dags/wordcount_dag.py took 0.094 seconds
[2025-05-02T22:38:03.767+0000] {processor.py:186} INFO - Started process (PID=983) to work on /opt/airflow/dags/wordcount_dag.py
[2025-05-02T22:38:03.767+0000] {processor.py:914} INFO - Processing file /opt/airflow/dags/wordcount_dag.py for tasks to queue
[2025-05-02T22:38:03.768+0000] {logging_mixin.py:190} INFO - [2025-05-02T22:38:03.768+0000] {dagbag.py:588} INFO - Filling up the DagBag from /opt/airflow/dags/wordcount_dag.py
[2025-05-02T22:38:03.833+0000] {processor.py:925} INFO - DAG(s) 'news_dag' retrieved from /opt/airflow/dags/wordcount_dag.py
[2025-05-02T22:38:03.845+0000] {logging_mixin.py:190} INFO - [2025-05-02T22:38:03.845+0000] {dag.py:3239} INFO - Sync 1 DAGs
[2025-05-02T22:38:03.850+0000] {logging_mixin.py:190} INFO - [2025-05-02T22:38:03.850+0000] {dag.py:4180} INFO - Setting next_dagrun for news_dag to None, run_after=None
[2025-05-02T22:38:03.858+0000] {processor.py:208} INFO - Processing /opt/airflow/dags/wordcount_dag.py took 0.094 seconds
[2025-05-02T22:38:34.330+0000] {processor.py:186} INFO - Started process (PID=987) to work on /opt/airflow/dags/wordcount_dag.py
[2025-05-02T22:38:34.331+0000] {processor.py:914} INFO - Processing file /opt/airflow/dags/wordcount_dag.py for tasks to queue
[2025-05-02T22:38:34.331+0000] {logging_mixin.py:190} INFO - [2025-05-02T22:38:34.331+0000] {dagbag.py:588} INFO - Filling up the DagBag from /opt/airflow/dags/wordcount_dag.py
[2025-05-02T22:38:34.398+0000] {processor.py:925} INFO - DAG(s) 'news_dag' retrieved from /opt/airflow/dags/wordcount_dag.py
[2025-05-02T22:38:34.409+0000] {logging_mixin.py:190} INFO - [2025-05-02T22:38:34.409+0000] {dag.py:3239} INFO - Sync 1 DAGs
[2025-05-02T22:38:34.415+0000] {logging_mixin.py:190} INFO - [2025-05-02T22:38:34.415+0000] {dag.py:4180} INFO - Setting next_dagrun for news_dag to None, run_after=None
[2025-05-02T22:38:34.422+0000] {processor.py:208} INFO - Processing /opt/airflow/dags/wordcount_dag.py took 0.095 seconds
[2025-05-02T22:39:04.904+0000] {processor.py:186} INFO - Started process (PID=991) to work on /opt/airflow/dags/wordcount_dag.py
[2025-05-02T22:39:04.904+0000] {processor.py:914} INFO - Processing file /opt/airflow/dags/wordcount_dag.py for tasks to queue
[2025-05-02T22:39:04.905+0000] {logging_mixin.py:190} INFO - [2025-05-02T22:39:04.905+0000] {dagbag.py:588} INFO - Filling up the DagBag from /opt/airflow/dags/wordcount_dag.py
[2025-05-02T22:39:04.973+0000] {processor.py:925} INFO - DAG(s) 'news_dag' retrieved from /opt/airflow/dags/wordcount_dag.py
[2025-05-02T22:39:04.984+0000] {logging_mixin.py:190} INFO - [2025-05-02T22:39:04.983+0000] {dag.py:3239} INFO - Sync 1 DAGs
[2025-05-02T22:39:04.989+0000] {logging_mixin.py:190} INFO - [2025-05-02T22:39:04.989+0000] {dag.py:4180} INFO - Setting next_dagrun for news_dag to None, run_after=None
[2025-05-02T22:39:04.997+0000] {processor.py:208} INFO - Processing /opt/airflow/dags/wordcount_dag.py took 0.096 seconds
[2025-05-02T22:39:35.400+0000] {processor.py:186} INFO - Started process (PID=995) to work on /opt/airflow/dags/wordcount_dag.py
[2025-05-02T22:39:35.401+0000] {processor.py:914} INFO - Processing file /opt/airflow/dags/wordcount_dag.py for tasks to queue
[2025-05-02T22:39:35.401+0000] {logging_mixin.py:190} INFO - [2025-05-02T22:39:35.401+0000] {dagbag.py:588} INFO - Filling up the DagBag from /opt/airflow/dags/wordcount_dag.py
[2025-05-02T22:39:35.466+0000] {processor.py:925} INFO - DAG(s) 'news_dag' retrieved from /opt/airflow/dags/wordcount_dag.py
[2025-05-02T22:39:35.477+0000] {logging_mixin.py:190} INFO - [2025-05-02T22:39:35.477+0000] {dag.py:3239} INFO - Sync 1 DAGs
[2025-05-02T22:39:35.482+0000] {logging_mixin.py:190} INFO - [2025-05-02T22:39:35.482+0000] {dag.py:4180} INFO - Setting next_dagrun for news_dag to None, run_after=None
[2025-05-02T22:39:35.489+0000] {processor.py:208} INFO - Processing /opt/airflow/dags/wordcount_dag.py took 0.091 seconds
[2025-05-02T22:40:05.864+0000] {processor.py:186} INFO - Started process (PID=999) to work on /opt/airflow/dags/wordcount_dag.py
[2025-05-02T22:40:05.864+0000] {processor.py:914} INFO - Processing file /opt/airflow/dags/wordcount_dag.py for tasks to queue
[2025-05-02T22:40:05.865+0000] {logging_mixin.py:190} INFO - [2025-05-02T22:40:05.864+0000] {dagbag.py:588} INFO - Filling up the DagBag from /opt/airflow/dags/wordcount_dag.py
[2025-05-02T22:40:05.929+0000] {processor.py:925} INFO - DAG(s) 'news_dag' retrieved from /opt/airflow/dags/wordcount_dag.py
[2025-05-02T22:40:05.939+0000] {logging_mixin.py:190} INFO - [2025-05-02T22:40:05.938+0000] {dag.py:3239} INFO - Sync 1 DAGs
[2025-05-02T22:40:05.944+0000] {logging_mixin.py:190} INFO - [2025-05-02T22:40:05.944+0000] {dag.py:4180} INFO - Setting next_dagrun for news_dag to None, run_after=None
[2025-05-02T22:40:05.952+0000] {processor.py:208} INFO - Processing /opt/airflow/dags/wordcount_dag.py took 0.091 seconds
[2025-05-02T22:40:36.353+0000] {processor.py:186} INFO - Started process (PID=1003) to work on /opt/airflow/dags/wordcount_dag.py
[2025-05-02T22:40:36.354+0000] {processor.py:914} INFO - Processing file /opt/airflow/dags/wordcount_dag.py for tasks to queue
[2025-05-02T22:40:36.354+0000] {logging_mixin.py:190} INFO - [2025-05-02T22:40:36.354+0000] {dagbag.py:588} INFO - Filling up the DagBag from /opt/airflow/dags/wordcount_dag.py
[2025-05-02T22:40:36.420+0000] {processor.py:925} INFO - DAG(s) 'news_dag' retrieved from /opt/airflow/dags/wordcount_dag.py
[2025-05-02T22:40:36.431+0000] {logging_mixin.py:190} INFO - [2025-05-02T22:40:36.431+0000] {dag.py:3239} INFO - Sync 1 DAGs
[2025-05-02T22:40:36.436+0000] {logging_mixin.py:190} INFO - [2025-05-02T22:40:36.436+0000] {dag.py:4180} INFO - Setting next_dagrun for news_dag to None, run_after=None
[2025-05-02T22:40:36.442+0000] {processor.py:208} INFO - Processing /opt/airflow/dags/wordcount_dag.py took 0.092 seconds
[2025-05-02T22:41:06.885+0000] {processor.py:186} INFO - Started process (PID=1007) to work on /opt/airflow/dags/wordcount_dag.py
[2025-05-02T22:41:06.885+0000] {processor.py:914} INFO - Processing file /opt/airflow/dags/wordcount_dag.py for tasks to queue
[2025-05-02T22:41:06.886+0000] {logging_mixin.py:190} INFO - [2025-05-02T22:41:06.886+0000] {dagbag.py:588} INFO - Filling up the DagBag from /opt/airflow/dags/wordcount_dag.py
[2025-05-02T22:41:06.952+0000] {processor.py:925} INFO - DAG(s) 'news_dag' retrieved from /opt/airflow/dags/wordcount_dag.py
[2025-05-02T22:41:06.962+0000] {logging_mixin.py:190} INFO - [2025-05-02T22:41:06.962+0000] {dag.py:3239} INFO - Sync 1 DAGs
[2025-05-02T22:41:06.968+0000] {logging_mixin.py:190} INFO - [2025-05-02T22:41:06.968+0000] {dag.py:4180} INFO - Setting next_dagrun for news_dag to None, run_after=None
[2025-05-02T22:41:06.975+0000] {processor.py:208} INFO - Processing /opt/airflow/dags/wordcount_dag.py took 0.092 seconds
[2025-05-02T22:41:37.378+0000] {processor.py:186} INFO - Started process (PID=1011) to work on /opt/airflow/dags/wordcount_dag.py
[2025-05-02T22:41:37.379+0000] {processor.py:914} INFO - Processing file /opt/airflow/dags/wordcount_dag.py for tasks to queue
[2025-05-02T22:41:37.379+0000] {logging_mixin.py:190} INFO - [2025-05-02T22:41:37.379+0000] {dagbag.py:588} INFO - Filling up the DagBag from /opt/airflow/dags/wordcount_dag.py
[2025-05-02T22:41:37.443+0000] {processor.py:925} INFO - DAG(s) 'news_dag' retrieved from /opt/airflow/dags/wordcount_dag.py
[2025-05-02T22:41:37.454+0000] {logging_mixin.py:190} INFO - [2025-05-02T22:41:37.453+0000] {dag.py:3239} INFO - Sync 1 DAGs
[2025-05-02T22:41:37.459+0000] {logging_mixin.py:190} INFO - [2025-05-02T22:41:37.459+0000] {dag.py:4180} INFO - Setting next_dagrun for news_dag to None, run_after=None
[2025-05-02T22:41:37.466+0000] {processor.py:208} INFO - Processing /opt/airflow/dags/wordcount_dag.py took 0.091 seconds
[2025-05-02T22:42:07.904+0000] {processor.py:186} INFO - Started process (PID=1015) to work on /opt/airflow/dags/wordcount_dag.py
[2025-05-02T22:42:07.905+0000] {processor.py:914} INFO - Processing file /opt/airflow/dags/wordcount_dag.py for tasks to queue
[2025-05-02T22:42:07.905+0000] {logging_mixin.py:190} INFO - [2025-05-02T22:42:07.905+0000] {dagbag.py:588} INFO - Filling up the DagBag from /opt/airflow/dags/wordcount_dag.py
[2025-05-02T22:42:07.968+0000] {processor.py:925} INFO - DAG(s) 'news_dag' retrieved from /opt/airflow/dags/wordcount_dag.py
[2025-05-02T22:42:07.980+0000] {logging_mixin.py:190} INFO - [2025-05-02T22:42:07.980+0000] {dag.py:3239} INFO - Sync 1 DAGs
[2025-05-02T22:42:07.986+0000] {logging_mixin.py:190} INFO - [2025-05-02T22:42:07.986+0000] {dag.py:4180} INFO - Setting next_dagrun for news_dag to None, run_after=None
[2025-05-02T22:42:07.993+0000] {processor.py:208} INFO - Processing /opt/airflow/dags/wordcount_dag.py took 0.091 seconds
[2025-05-02T22:42:38.388+0000] {processor.py:186} INFO - Started process (PID=1019) to work on /opt/airflow/dags/wordcount_dag.py
[2025-05-02T22:42:38.388+0000] {processor.py:914} INFO - Processing file /opt/airflow/dags/wordcount_dag.py for tasks to queue
[2025-05-02T22:42:38.389+0000] {logging_mixin.py:190} INFO - [2025-05-02T22:42:38.389+0000] {dagbag.py:588} INFO - Filling up the DagBag from /opt/airflow/dags/wordcount_dag.py
[2025-05-02T22:42:38.455+0000] {processor.py:925} INFO - DAG(s) 'news_dag' retrieved from /opt/airflow/dags/wordcount_dag.py
[2025-05-02T22:42:38.465+0000] {logging_mixin.py:190} INFO - [2025-05-02T22:42:38.465+0000] {dag.py:3239} INFO - Sync 1 DAGs
[2025-05-02T22:42:38.470+0000] {logging_mixin.py:190} INFO - [2025-05-02T22:42:38.470+0000] {dag.py:4180} INFO - Setting next_dagrun for news_dag to None, run_after=None
[2025-05-02T22:42:38.476+0000] {processor.py:208} INFO - Processing /opt/airflow/dags/wordcount_dag.py took 0.091 seconds
[2025-05-02T22:43:08.902+0000] {processor.py:186} INFO - Started process (PID=1023) to work on /opt/airflow/dags/wordcount_dag.py
[2025-05-02T22:43:08.902+0000] {processor.py:914} INFO - Processing file /opt/airflow/dags/wordcount_dag.py for tasks to queue
[2025-05-02T22:43:08.903+0000] {logging_mixin.py:190} INFO - [2025-05-02T22:43:08.903+0000] {dagbag.py:588} INFO - Filling up the DagBag from /opt/airflow/dags/wordcount_dag.py
[2025-05-02T22:43:08.970+0000] {processor.py:925} INFO - DAG(s) 'news_dag' retrieved from /opt/airflow/dags/wordcount_dag.py
[2025-05-02T22:43:08.981+0000] {logging_mixin.py:190} INFO - [2025-05-02T22:43:08.981+0000] {dag.py:3239} INFO - Sync 1 DAGs
[2025-05-02T22:43:08.986+0000] {logging_mixin.py:190} INFO - [2025-05-02T22:43:08.986+0000] {dag.py:4180} INFO - Setting next_dagrun for news_dag to None, run_after=None
[2025-05-02T22:43:08.992+0000] {processor.py:208} INFO - Processing /opt/airflow/dags/wordcount_dag.py took 0.094 seconds
[2025-05-02T22:43:39.326+0000] {processor.py:186} INFO - Started process (PID=1027) to work on /opt/airflow/dags/wordcount_dag.py
[2025-05-02T22:43:39.327+0000] {processor.py:914} INFO - Processing file /opt/airflow/dags/wordcount_dag.py for tasks to queue
[2025-05-02T22:43:39.328+0000] {logging_mixin.py:190} INFO - [2025-05-02T22:43:39.327+0000] {dagbag.py:588} INFO - Filling up the DagBag from /opt/airflow/dags/wordcount_dag.py
[2025-05-02T22:43:39.393+0000] {processor.py:925} INFO - DAG(s) 'news_dag' retrieved from /opt/airflow/dags/wordcount_dag.py
[2025-05-02T22:43:39.403+0000] {logging_mixin.py:190} INFO - [2025-05-02T22:43:39.403+0000] {dag.py:3239} INFO - Sync 1 DAGs
[2025-05-02T22:43:39.409+0000] {logging_mixin.py:190} INFO - [2025-05-02T22:43:39.409+0000] {dag.py:4180} INFO - Setting next_dagrun for news_dag to None, run_after=None
[2025-05-02T22:43:39.415+0000] {processor.py:208} INFO - Processing /opt/airflow/dags/wordcount_dag.py took 0.091 seconds
[2025-05-02T22:44:09.806+0000] {processor.py:186} INFO - Started process (PID=1031) to work on /opt/airflow/dags/wordcount_dag.py
[2025-05-02T22:44:09.806+0000] {processor.py:914} INFO - Processing file /opt/airflow/dags/wordcount_dag.py for tasks to queue
[2025-05-02T22:44:09.807+0000] {logging_mixin.py:190} INFO - [2025-05-02T22:44:09.807+0000] {dagbag.py:588} INFO - Filling up the DagBag from /opt/airflow/dags/wordcount_dag.py
[2025-05-02T22:44:09.873+0000] {processor.py:925} INFO - DAG(s) 'news_dag' retrieved from /opt/airflow/dags/wordcount_dag.py
[2025-05-02T22:44:09.884+0000] {logging_mixin.py:190} INFO - [2025-05-02T22:44:09.884+0000] {dag.py:3239} INFO - Sync 1 DAGs
[2025-05-02T22:44:09.890+0000] {logging_mixin.py:190} INFO - [2025-05-02T22:44:09.890+0000] {dag.py:4180} INFO - Setting next_dagrun for news_dag to None, run_after=None
[2025-05-02T22:44:09.896+0000] {processor.py:208} INFO - Processing /opt/airflow/dags/wordcount_dag.py took 0.093 seconds
[2025-05-02T22:44:40.274+0000] {processor.py:186} INFO - Started process (PID=1035) to work on /opt/airflow/dags/wordcount_dag.py
[2025-05-02T22:44:40.274+0000] {processor.py:914} INFO - Processing file /opt/airflow/dags/wordcount_dag.py for tasks to queue
[2025-05-02T22:44:40.275+0000] {logging_mixin.py:190} INFO - [2025-05-02T22:44:40.275+0000] {dagbag.py:588} INFO - Filling up the DagBag from /opt/airflow/dags/wordcount_dag.py
[2025-05-02T22:44:40.340+0000] {processor.py:925} INFO - DAG(s) 'news_dag' retrieved from /opt/airflow/dags/wordcount_dag.py
[2025-05-02T22:44:40.350+0000] {logging_mixin.py:190} INFO - [2025-05-02T22:44:40.350+0000] {dag.py:3239} INFO - Sync 1 DAGs
[2025-05-02T22:44:40.356+0000] {logging_mixin.py:190} INFO - [2025-05-02T22:44:40.355+0000] {dag.py:4180} INFO - Setting next_dagrun for news_dag to None, run_after=None
[2025-05-02T22:44:40.362+0000] {processor.py:208} INFO - Processing /opt/airflow/dags/wordcount_dag.py took 0.091 seconds
[2025-05-02T22:45:10.778+0000] {processor.py:186} INFO - Started process (PID=1039) to work on /opt/airflow/dags/wordcount_dag.py
[2025-05-02T22:45:10.778+0000] {processor.py:914} INFO - Processing file /opt/airflow/dags/wordcount_dag.py for tasks to queue
[2025-05-02T22:45:10.779+0000] {logging_mixin.py:190} INFO - [2025-05-02T22:45:10.779+0000] {dagbag.py:588} INFO - Filling up the DagBag from /opt/airflow/dags/wordcount_dag.py
[2025-05-02T22:45:10.847+0000] {processor.py:925} INFO - DAG(s) 'news_dag' retrieved from /opt/airflow/dags/wordcount_dag.py
[2025-05-02T22:45:10.857+0000] {logging_mixin.py:190} INFO - [2025-05-02T22:45:10.857+0000] {dag.py:3239} INFO - Sync 1 DAGs
[2025-05-02T22:45:10.863+0000] {logging_mixin.py:190} INFO - [2025-05-02T22:45:10.863+0000] {dag.py:4180} INFO - Setting next_dagrun for news_dag to None, run_after=None
[2025-05-02T22:45:10.870+0000] {processor.py:208} INFO - Processing /opt/airflow/dags/wordcount_dag.py took 0.094 seconds
[2025-05-02T22:45:41.232+0000] {processor.py:186} INFO - Started process (PID=1043) to work on /opt/airflow/dags/wordcount_dag.py
[2025-05-02T22:45:41.233+0000] {processor.py:914} INFO - Processing file /opt/airflow/dags/wordcount_dag.py for tasks to queue
[2025-05-02T22:45:41.233+0000] {logging_mixin.py:190} INFO - [2025-05-02T22:45:41.233+0000] {dagbag.py:588} INFO - Filling up the DagBag from /opt/airflow/dags/wordcount_dag.py
[2025-05-02T22:45:41.298+0000] {processor.py:925} INFO - DAG(s) 'news_dag' retrieved from /opt/airflow/dags/wordcount_dag.py
[2025-05-02T22:45:41.308+0000] {logging_mixin.py:190} INFO - [2025-05-02T22:45:41.308+0000] {dag.py:3239} INFO - Sync 1 DAGs
[2025-05-02T22:45:41.314+0000] {logging_mixin.py:190} INFO - [2025-05-02T22:45:41.314+0000] {dag.py:4180} INFO - Setting next_dagrun for news_dag to None, run_after=None
[2025-05-02T22:45:41.320+0000] {processor.py:208} INFO - Processing /opt/airflow/dags/wordcount_dag.py took 0.092 seconds
[2025-05-02T22:46:11.728+0000] {processor.py:186} INFO - Started process (PID=1047) to work on /opt/airflow/dags/wordcount_dag.py
[2025-05-02T22:46:11.729+0000] {processor.py:914} INFO - Processing file /opt/airflow/dags/wordcount_dag.py for tasks to queue
[2025-05-02T22:46:11.729+0000] {logging_mixin.py:190} INFO - [2025-05-02T22:46:11.729+0000] {dagbag.py:588} INFO - Filling up the DagBag from /opt/airflow/dags/wordcount_dag.py
[2025-05-02T22:46:11.796+0000] {processor.py:925} INFO - DAG(s) 'news_dag' retrieved from /opt/airflow/dags/wordcount_dag.py
[2025-05-02T22:46:11.807+0000] {logging_mixin.py:190} INFO - [2025-05-02T22:46:11.807+0000] {dag.py:3239} INFO - Sync 1 DAGs
[2025-05-02T22:46:11.813+0000] {logging_mixin.py:190} INFO - [2025-05-02T22:46:11.813+0000] {dag.py:4180} INFO - Setting next_dagrun for news_dag to None, run_after=None
[2025-05-02T22:46:11.820+0000] {processor.py:208} INFO - Processing /opt/airflow/dags/wordcount_dag.py took 0.095 seconds
[2025-05-02T22:46:42.232+0000] {processor.py:186} INFO - Started process (PID=1051) to work on /opt/airflow/dags/wordcount_dag.py
[2025-05-02T22:46:42.232+0000] {processor.py:914} INFO - Processing file /opt/airflow/dags/wordcount_dag.py for tasks to queue
[2025-05-02T22:46:42.233+0000] {logging_mixin.py:190} INFO - [2025-05-02T22:46:42.232+0000] {dagbag.py:588} INFO - Filling up the DagBag from /opt/airflow/dags/wordcount_dag.py
[2025-05-02T22:46:42.297+0000] {processor.py:925} INFO - DAG(s) 'news_dag' retrieved from /opt/airflow/dags/wordcount_dag.py
[2025-05-02T22:46:42.307+0000] {logging_mixin.py:190} INFO - [2025-05-02T22:46:42.307+0000] {dag.py:3239} INFO - Sync 1 DAGs
[2025-05-02T22:46:42.313+0000] {logging_mixin.py:190} INFO - [2025-05-02T22:46:42.312+0000] {dag.py:4180} INFO - Setting next_dagrun for news_dag to None, run_after=None
[2025-05-02T22:46:42.318+0000] {processor.py:208} INFO - Processing /opt/airflow/dags/wordcount_dag.py took 0.090 seconds
[2025-05-02T22:47:12.739+0000] {processor.py:186} INFO - Started process (PID=1055) to work on /opt/airflow/dags/wordcount_dag.py
[2025-05-02T22:47:12.740+0000] {processor.py:914} INFO - Processing file /opt/airflow/dags/wordcount_dag.py for tasks to queue
[2025-05-02T22:47:12.740+0000] {logging_mixin.py:190} INFO - [2025-05-02T22:47:12.740+0000] {dagbag.py:588} INFO - Filling up the DagBag from /opt/airflow/dags/wordcount_dag.py
[2025-05-02T22:47:12.807+0000] {processor.py:925} INFO - DAG(s) 'news_dag' retrieved from /opt/airflow/dags/wordcount_dag.py
[2025-05-02T22:47:12.818+0000] {logging_mixin.py:190} INFO - [2025-05-02T22:47:12.818+0000] {dag.py:3239} INFO - Sync 1 DAGs
[2025-05-02T22:47:12.824+0000] {logging_mixin.py:190} INFO - [2025-05-02T22:47:12.823+0000] {dag.py:4180} INFO - Setting next_dagrun for news_dag to None, run_after=None
[2025-05-02T22:47:12.829+0000] {processor.py:208} INFO - Processing /opt/airflow/dags/wordcount_dag.py took 0.093 seconds
[2025-05-02T22:47:43.220+0000] {processor.py:186} INFO - Started process (PID=1059) to work on /opt/airflow/dags/wordcount_dag.py
[2025-05-02T22:47:43.221+0000] {processor.py:914} INFO - Processing file /opt/airflow/dags/wordcount_dag.py for tasks to queue
[2025-05-02T22:47:43.221+0000] {logging_mixin.py:190} INFO - [2025-05-02T22:47:43.221+0000] {dagbag.py:588} INFO - Filling up the DagBag from /opt/airflow/dags/wordcount_dag.py
[2025-05-02T22:47:43.286+0000] {processor.py:925} INFO - DAG(s) 'news_dag' retrieved from /opt/airflow/dags/wordcount_dag.py
[2025-05-02T22:47:43.296+0000] {logging_mixin.py:190} INFO - [2025-05-02T22:47:43.296+0000] {dag.py:3239} INFO - Sync 1 DAGs
[2025-05-02T22:47:43.302+0000] {logging_mixin.py:190} INFO - [2025-05-02T22:47:43.302+0000] {dag.py:4180} INFO - Setting next_dagrun for news_dag to None, run_after=None
[2025-05-02T22:47:43.308+0000] {processor.py:208} INFO - Processing /opt/airflow/dags/wordcount_dag.py took 0.091 seconds
[2025-05-02T22:48:13.741+0000] {processor.py:186} INFO - Started process (PID=1063) to work on /opt/airflow/dags/wordcount_dag.py
[2025-05-02T22:48:13.741+0000] {processor.py:914} INFO - Processing file /opt/airflow/dags/wordcount_dag.py for tasks to queue
[2025-05-02T22:48:13.742+0000] {logging_mixin.py:190} INFO - [2025-05-02T22:48:13.742+0000] {dagbag.py:588} INFO - Filling up the DagBag from /opt/airflow/dags/wordcount_dag.py
[2025-05-02T22:48:13.806+0000] {processor.py:925} INFO - DAG(s) 'news_dag' retrieved from /opt/airflow/dags/wordcount_dag.py
[2025-05-02T22:48:13.816+0000] {logging_mixin.py:190} INFO - [2025-05-02T22:48:13.816+0000] {dag.py:3239} INFO - Sync 1 DAGs
[2025-05-02T22:48:13.821+0000] {logging_mixin.py:190} INFO - [2025-05-02T22:48:13.821+0000] {dag.py:4180} INFO - Setting next_dagrun for news_dag to None, run_after=None
[2025-05-02T22:48:13.828+0000] {processor.py:208} INFO - Processing /opt/airflow/dags/wordcount_dag.py took 0.090 seconds
[2025-05-02T22:48:44.249+0000] {processor.py:186} INFO - Started process (PID=1067) to work on /opt/airflow/dags/wordcount_dag.py
[2025-05-02T22:48:44.250+0000] {processor.py:914} INFO - Processing file /opt/airflow/dags/wordcount_dag.py for tasks to queue
[2025-05-02T22:48:44.250+0000] {logging_mixin.py:190} INFO - [2025-05-02T22:48:44.250+0000] {dagbag.py:588} INFO - Filling up the DagBag from /opt/airflow/dags/wordcount_dag.py
[2025-05-02T22:48:44.318+0000] {processor.py:925} INFO - DAG(s) 'news_dag' retrieved from /opt/airflow/dags/wordcount_dag.py
[2025-05-02T22:48:44.327+0000] {logging_mixin.py:190} INFO - [2025-05-02T22:48:44.327+0000] {dag.py:3239} INFO - Sync 1 DAGs
[2025-05-02T22:48:44.333+0000] {logging_mixin.py:190} INFO - [2025-05-02T22:48:44.333+0000] {dag.py:4180} INFO - Setting next_dagrun for news_dag to None, run_after=None
[2025-05-02T22:48:44.339+0000] {processor.py:208} INFO - Processing /opt/airflow/dags/wordcount_dag.py took 0.093 seconds
[2025-05-02T22:49:14.775+0000] {processor.py:186} INFO - Started process (PID=1071) to work on /opt/airflow/dags/wordcount_dag.py
[2025-05-02T22:49:14.775+0000] {processor.py:914} INFO - Processing file /opt/airflow/dags/wordcount_dag.py for tasks to queue
[2025-05-02T22:49:14.776+0000] {logging_mixin.py:190} INFO - [2025-05-02T22:49:14.775+0000] {dagbag.py:588} INFO - Filling up the DagBag from /opt/airflow/dags/wordcount_dag.py
[2025-05-02T22:49:14.841+0000] {processor.py:925} INFO - DAG(s) 'news_dag' retrieved from /opt/airflow/dags/wordcount_dag.py
[2025-05-02T22:49:14.851+0000] {logging_mixin.py:190} INFO - [2025-05-02T22:49:14.851+0000] {dag.py:3239} INFO - Sync 1 DAGs
[2025-05-02T22:49:14.857+0000] {logging_mixin.py:190} INFO - [2025-05-02T22:49:14.857+0000] {dag.py:4180} INFO - Setting next_dagrun for news_dag to None, run_after=None
[2025-05-02T22:49:14.864+0000] {processor.py:208} INFO - Processing /opt/airflow/dags/wordcount_dag.py took 0.092 seconds
[2025-05-02T22:49:45.258+0000] {processor.py:186} INFO - Started process (PID=1075) to work on /opt/airflow/dags/wordcount_dag.py
[2025-05-02T22:49:45.259+0000] {processor.py:914} INFO - Processing file /opt/airflow/dags/wordcount_dag.py for tasks to queue
[2025-05-02T22:49:45.260+0000] {logging_mixin.py:190} INFO - [2025-05-02T22:49:45.259+0000] {dagbag.py:588} INFO - Filling up the DagBag from /opt/airflow/dags/wordcount_dag.py
[2025-05-02T22:49:45.323+0000] {processor.py:925} INFO - DAG(s) 'news_dag' retrieved from /opt/airflow/dags/wordcount_dag.py
[2025-05-02T22:49:45.334+0000] {logging_mixin.py:190} INFO - [2025-05-02T22:49:45.333+0000] {dag.py:3239} INFO - Sync 1 DAGs
[2025-05-02T22:49:45.339+0000] {logging_mixin.py:190} INFO - [2025-05-02T22:49:45.339+0000] {dag.py:4180} INFO - Setting next_dagrun for news_dag to None, run_after=None
[2025-05-02T22:49:45.346+0000] {processor.py:208} INFO - Processing /opt/airflow/dags/wordcount_dag.py took 0.090 seconds
[2025-05-02T22:50:15.768+0000] {processor.py:186} INFO - Started process (PID=1079) to work on /opt/airflow/dags/wordcount_dag.py
[2025-05-02T22:50:15.769+0000] {processor.py:914} INFO - Processing file /opt/airflow/dags/wordcount_dag.py for tasks to queue
[2025-05-02T22:50:15.769+0000] {logging_mixin.py:190} INFO - [2025-05-02T22:50:15.769+0000] {dagbag.py:588} INFO - Filling up the DagBag from /opt/airflow/dags/wordcount_dag.py
[2025-05-02T22:50:15.835+0000] {processor.py:925} INFO - DAG(s) 'news_dag' retrieved from /opt/airflow/dags/wordcount_dag.py
[2025-05-02T22:50:15.845+0000] {logging_mixin.py:190} INFO - [2025-05-02T22:50:15.845+0000] {dag.py:3239} INFO - Sync 1 DAGs
[2025-05-02T22:50:15.851+0000] {logging_mixin.py:190} INFO - [2025-05-02T22:50:15.851+0000] {dag.py:4180} INFO - Setting next_dagrun for news_dag to None, run_after=None
[2025-05-02T22:50:15.858+0000] {processor.py:208} INFO - Processing /opt/airflow/dags/wordcount_dag.py took 0.092 seconds
[2025-05-02T22:50:46.258+0000] {processor.py:186} INFO - Started process (PID=1083) to work on /opt/airflow/dags/wordcount_dag.py
[2025-05-02T22:50:46.259+0000] {processor.py:914} INFO - Processing file /opt/airflow/dags/wordcount_dag.py for tasks to queue
[2025-05-02T22:50:46.259+0000] {logging_mixin.py:190} INFO - [2025-05-02T22:50:46.259+0000] {dagbag.py:588} INFO - Filling up the DagBag from /opt/airflow/dags/wordcount_dag.py
[2025-05-02T22:50:46.326+0000] {processor.py:925} INFO - DAG(s) 'news_dag' retrieved from /opt/airflow/dags/wordcount_dag.py
[2025-05-02T22:50:46.337+0000] {logging_mixin.py:190} INFO - [2025-05-02T22:50:46.337+0000] {dag.py:3239} INFO - Sync 1 DAGs
[2025-05-02T22:50:46.343+0000] {logging_mixin.py:190} INFO - [2025-05-02T22:50:46.343+0000] {dag.py:4180} INFO - Setting next_dagrun for news_dag to None, run_after=None
[2025-05-02T22:50:46.350+0000] {processor.py:208} INFO - Processing /opt/airflow/dags/wordcount_dag.py took 0.094 seconds
[2025-05-02T22:51:16.764+0000] {processor.py:186} INFO - Started process (PID=1087) to work on /opt/airflow/dags/wordcount_dag.py
[2025-05-02T22:51:16.764+0000] {processor.py:914} INFO - Processing file /opt/airflow/dags/wordcount_dag.py for tasks to queue
[2025-05-02T22:51:16.764+0000] {logging_mixin.py:190} INFO - [2025-05-02T22:51:16.764+0000] {dagbag.py:588} INFO - Filling up the DagBag from /opt/airflow/dags/wordcount_dag.py
[2025-05-02T22:51:16.829+0000] {processor.py:925} INFO - DAG(s) 'news_dag' retrieved from /opt/airflow/dags/wordcount_dag.py
[2025-05-02T22:51:16.840+0000] {logging_mixin.py:190} INFO - [2025-05-02T22:51:16.840+0000] {dag.py:3239} INFO - Sync 1 DAGs
[2025-05-02T22:51:16.845+0000] {logging_mixin.py:190} INFO - [2025-05-02T22:51:16.845+0000] {dag.py:4180} INFO - Setting next_dagrun for news_dag to None, run_after=None
[2025-05-02T22:51:16.851+0000] {processor.py:208} INFO - Processing /opt/airflow/dags/wordcount_dag.py took 0.090 seconds
[2025-05-02T22:51:47.254+0000] {processor.py:186} INFO - Started process (PID=1091) to work on /opt/airflow/dags/wordcount_dag.py
[2025-05-02T22:51:47.255+0000] {processor.py:914} INFO - Processing file /opt/airflow/dags/wordcount_dag.py for tasks to queue
[2025-05-02T22:51:47.255+0000] {logging_mixin.py:190} INFO - [2025-05-02T22:51:47.255+0000] {dagbag.py:588} INFO - Filling up the DagBag from /opt/airflow/dags/wordcount_dag.py
[2025-05-02T22:51:47.319+0000] {processor.py:925} INFO - DAG(s) 'news_dag' retrieved from /opt/airflow/dags/wordcount_dag.py
[2025-05-02T22:51:47.330+0000] {logging_mixin.py:190} INFO - [2025-05-02T22:51:47.329+0000] {dag.py:3239} INFO - Sync 1 DAGs
[2025-05-02T22:51:47.335+0000] {logging_mixin.py:190} INFO - [2025-05-02T22:51:47.335+0000] {dag.py:4180} INFO - Setting next_dagrun for news_dag to None, run_after=None
[2025-05-02T22:51:47.342+0000] {processor.py:208} INFO - Processing /opt/airflow/dags/wordcount_dag.py took 0.090 seconds
[2025-05-02T22:52:17.741+0000] {processor.py:186} INFO - Started process (PID=1095) to work on /opt/airflow/dags/wordcount_dag.py
[2025-05-02T22:52:17.742+0000] {processor.py:914} INFO - Processing file /opt/airflow/dags/wordcount_dag.py for tasks to queue
[2025-05-02T22:52:17.742+0000] {logging_mixin.py:190} INFO - [2025-05-02T22:52:17.742+0000] {dagbag.py:588} INFO - Filling up the DagBag from /opt/airflow/dags/wordcount_dag.py
[2025-05-02T22:52:17.811+0000] {processor.py:925} INFO - DAG(s) 'news_dag' retrieved from /opt/airflow/dags/wordcount_dag.py
[2025-05-02T22:52:17.822+0000] {logging_mixin.py:190} INFO - [2025-05-02T22:52:17.822+0000] {dag.py:3239} INFO - Sync 1 DAGs
[2025-05-02T22:52:17.828+0000] {logging_mixin.py:190} INFO - [2025-05-02T22:52:17.828+0000] {dag.py:4180} INFO - Setting next_dagrun for news_dag to None, run_after=None
[2025-05-02T22:52:17.836+0000] {processor.py:208} INFO - Processing /opt/airflow/dags/wordcount_dag.py took 0.098 seconds
[2025-05-02T22:52:48.282+0000] {processor.py:186} INFO - Started process (PID=1099) to work on /opt/airflow/dags/wordcount_dag.py
[2025-05-02T22:52:48.283+0000] {processor.py:914} INFO - Processing file /opt/airflow/dags/wordcount_dag.py for tasks to queue
[2025-05-02T22:52:48.283+0000] {logging_mixin.py:190} INFO - [2025-05-02T22:52:48.283+0000] {dagbag.py:588} INFO - Filling up the DagBag from /opt/airflow/dags/wordcount_dag.py
[2025-05-02T22:52:48.350+0000] {processor.py:925} INFO - DAG(s) 'news_dag' retrieved from /opt/airflow/dags/wordcount_dag.py
[2025-05-02T22:52:48.360+0000] {logging_mixin.py:190} INFO - [2025-05-02T22:52:48.360+0000] {dag.py:3239} INFO - Sync 1 DAGs
[2025-05-02T22:52:48.365+0000] {logging_mixin.py:190} INFO - [2025-05-02T22:52:48.365+0000] {dag.py:4180} INFO - Setting next_dagrun for news_dag to None, run_after=None
[2025-05-02T22:52:48.372+0000] {processor.py:208} INFO - Processing /opt/airflow/dags/wordcount_dag.py took 0.093 seconds
[2025-05-02T22:53:18.803+0000] {processor.py:186} INFO - Started process (PID=1103) to work on /opt/airflow/dags/wordcount_dag.py
[2025-05-02T22:53:18.803+0000] {processor.py:914} INFO - Processing file /opt/airflow/dags/wordcount_dag.py for tasks to queue
[2025-05-02T22:53:18.804+0000] {logging_mixin.py:190} INFO - [2025-05-02T22:53:18.803+0000] {dagbag.py:588} INFO - Filling up the DagBag from /opt/airflow/dags/wordcount_dag.py
[2025-05-02T22:53:18.871+0000] {processor.py:925} INFO - DAG(s) 'news_dag' retrieved from /opt/airflow/dags/wordcount_dag.py
[2025-05-02T22:53:18.881+0000] {logging_mixin.py:190} INFO - [2025-05-02T22:53:18.881+0000] {dag.py:3239} INFO - Sync 1 DAGs
[2025-05-02T22:53:18.886+0000] {logging_mixin.py:190} INFO - [2025-05-02T22:53:18.886+0000] {dag.py:4180} INFO - Setting next_dagrun for news_dag to None, run_after=None
[2025-05-02T22:53:18.893+0000] {processor.py:208} INFO - Processing /opt/airflow/dags/wordcount_dag.py took 0.093 seconds
[2025-05-02T22:53:49.346+0000] {processor.py:186} INFO - Started process (PID=1107) to work on /opt/airflow/dags/wordcount_dag.py
[2025-05-02T22:53:49.346+0000] {processor.py:914} INFO - Processing file /opt/airflow/dags/wordcount_dag.py for tasks to queue
[2025-05-02T22:53:49.347+0000] {logging_mixin.py:190} INFO - [2025-05-02T22:53:49.346+0000] {dagbag.py:588} INFO - Filling up the DagBag from /opt/airflow/dags/wordcount_dag.py
[2025-05-02T22:53:49.411+0000] {processor.py:925} INFO - DAG(s) 'news_dag' retrieved from /opt/airflow/dags/wordcount_dag.py
[2025-05-02T22:53:49.421+0000] {logging_mixin.py:190} INFO - [2025-05-02T22:53:49.421+0000] {dag.py:3239} INFO - Sync 1 DAGs
[2025-05-02T22:53:49.426+0000] {logging_mixin.py:190} INFO - [2025-05-02T22:53:49.426+0000] {dag.py:4180} INFO - Setting next_dagrun for news_dag to None, run_after=None
[2025-05-02T22:53:49.433+0000] {processor.py:208} INFO - Processing /opt/airflow/dags/wordcount_dag.py took 0.090 seconds
[2025-05-02T22:54:19.897+0000] {processor.py:186} INFO - Started process (PID=1111) to work on /opt/airflow/dags/wordcount_dag.py
[2025-05-02T22:54:19.897+0000] {processor.py:914} INFO - Processing file /opt/airflow/dags/wordcount_dag.py for tasks to queue
[2025-05-02T22:54:19.898+0000] {logging_mixin.py:190} INFO - [2025-05-02T22:54:19.898+0000] {dagbag.py:588} INFO - Filling up the DagBag from /opt/airflow/dags/wordcount_dag.py
[2025-05-02T22:54:19.964+0000] {processor.py:925} INFO - DAG(s) 'news_dag' retrieved from /opt/airflow/dags/wordcount_dag.py
[2025-05-02T22:54:19.975+0000] {logging_mixin.py:190} INFO - [2025-05-02T22:54:19.975+0000] {dag.py:3239} INFO - Sync 1 DAGs
[2025-05-02T22:54:19.980+0000] {logging_mixin.py:190} INFO - [2025-05-02T22:54:19.980+0000] {dag.py:4180} INFO - Setting next_dagrun for news_dag to None, run_after=None
[2025-05-02T22:54:19.988+0000] {processor.py:208} INFO - Processing /opt/airflow/dags/wordcount_dag.py took 0.094 seconds
[2025-05-02T22:54:50.516+0000] {processor.py:186} INFO - Started process (PID=1115) to work on /opt/airflow/dags/wordcount_dag.py
[2025-05-02T22:54:50.517+0000] {processor.py:914} INFO - Processing file /opt/airflow/dags/wordcount_dag.py for tasks to queue
[2025-05-02T22:54:50.517+0000] {logging_mixin.py:190} INFO - [2025-05-02T22:54:50.517+0000] {dagbag.py:588} INFO - Filling up the DagBag from /opt/airflow/dags/wordcount_dag.py
[2025-05-02T22:54:50.583+0000] {processor.py:925} INFO - DAG(s) 'news_dag' retrieved from /opt/airflow/dags/wordcount_dag.py
[2025-05-02T22:54:50.594+0000] {logging_mixin.py:190} INFO - [2025-05-02T22:54:50.594+0000] {dag.py:3239} INFO - Sync 1 DAGs
[2025-05-02T22:54:50.600+0000] {logging_mixin.py:190} INFO - [2025-05-02T22:54:50.600+0000] {dag.py:4180} INFO - Setting next_dagrun for news_dag to None, run_after=None
[2025-05-02T22:54:50.606+0000] {processor.py:208} INFO - Processing /opt/airflow/dags/wordcount_dag.py took 0.093 seconds
[2025-05-02T22:55:21.079+0000] {processor.py:186} INFO - Started process (PID=1119) to work on /opt/airflow/dags/wordcount_dag.py
[2025-05-02T22:55:21.080+0000] {processor.py:914} INFO - Processing file /opt/airflow/dags/wordcount_dag.py for tasks to queue
[2025-05-02T22:55:21.080+0000] {logging_mixin.py:190} INFO - [2025-05-02T22:55:21.080+0000] {dagbag.py:588} INFO - Filling up the DagBag from /opt/airflow/dags/wordcount_dag.py
[2025-05-02T22:55:21.146+0000] {processor.py:925} INFO - DAG(s) 'news_dag' retrieved from /opt/airflow/dags/wordcount_dag.py
[2025-05-02T22:55:21.157+0000] {logging_mixin.py:190} INFO - [2025-05-02T22:55:21.157+0000] {dag.py:3239} INFO - Sync 1 DAGs
[2025-05-02T22:55:21.162+0000] {logging_mixin.py:190} INFO - [2025-05-02T22:55:21.162+0000] {dag.py:4180} INFO - Setting next_dagrun for news_dag to None, run_after=None
[2025-05-02T22:55:21.169+0000] {processor.py:208} INFO - Processing /opt/airflow/dags/wordcount_dag.py took 0.092 seconds
[2025-05-02T22:55:51.648+0000] {processor.py:186} INFO - Started process (PID=1123) to work on /opt/airflow/dags/wordcount_dag.py
[2025-05-02T22:55:51.648+0000] {processor.py:914} INFO - Processing file /opt/airflow/dags/wordcount_dag.py for tasks to queue
[2025-05-02T22:55:51.649+0000] {logging_mixin.py:190} INFO - [2025-05-02T22:55:51.649+0000] {dagbag.py:588} INFO - Filling up the DagBag from /opt/airflow/dags/wordcount_dag.py
[2025-05-02T22:55:51.713+0000] {processor.py:925} INFO - DAG(s) 'news_dag' retrieved from /opt/airflow/dags/wordcount_dag.py
[2025-05-02T22:55:51.724+0000] {logging_mixin.py:190} INFO - [2025-05-02T22:55:51.723+0000] {dag.py:3239} INFO - Sync 1 DAGs
[2025-05-02T22:55:51.729+0000] {logging_mixin.py:190} INFO - [2025-05-02T22:55:51.729+0000] {dag.py:4180} INFO - Setting next_dagrun for news_dag to None, run_after=None
[2025-05-02T22:55:51.736+0000] {processor.py:208} INFO - Processing /opt/airflow/dags/wordcount_dag.py took 0.091 seconds
[2025-05-02T22:56:22.231+0000] {processor.py:186} INFO - Started process (PID=1127) to work on /opt/airflow/dags/wordcount_dag.py
[2025-05-02T22:56:22.231+0000] {processor.py:914} INFO - Processing file /opt/airflow/dags/wordcount_dag.py for tasks to queue
[2025-05-02T22:56:22.232+0000] {logging_mixin.py:190} INFO - [2025-05-02T22:56:22.232+0000] {dagbag.py:588} INFO - Filling up the DagBag from /opt/airflow/dags/wordcount_dag.py
[2025-05-02T22:56:22.295+0000] {processor.py:925} INFO - DAG(s) 'news_dag' retrieved from /opt/airflow/dags/wordcount_dag.py
[2025-05-02T22:56:22.306+0000] {logging_mixin.py:190} INFO - [2025-05-02T22:56:22.306+0000] {dag.py:3239} INFO - Sync 1 DAGs
[2025-05-02T22:56:22.311+0000] {logging_mixin.py:190} INFO - [2025-05-02T22:56:22.311+0000] {dag.py:4180} INFO - Setting next_dagrun for news_dag to None, run_after=None
[2025-05-02T22:56:22.318+0000] {processor.py:208} INFO - Processing /opt/airflow/dags/wordcount_dag.py took 0.089 seconds
[2025-05-02T22:56:52.809+0000] {processor.py:186} INFO - Started process (PID=1131) to work on /opt/airflow/dags/wordcount_dag.py
[2025-05-02T22:56:52.809+0000] {processor.py:914} INFO - Processing file /opt/airflow/dags/wordcount_dag.py for tasks to queue
[2025-05-02T22:56:52.810+0000] {logging_mixin.py:190} INFO - [2025-05-02T22:56:52.810+0000] {dagbag.py:588} INFO - Filling up the DagBag from /opt/airflow/dags/wordcount_dag.py
[2025-05-02T22:56:52.875+0000] {processor.py:925} INFO - DAG(s) 'news_dag' retrieved from /opt/airflow/dags/wordcount_dag.py
[2025-05-02T22:56:52.885+0000] {logging_mixin.py:190} INFO - [2025-05-02T22:56:52.885+0000] {dag.py:3239} INFO - Sync 1 DAGs
[2025-05-02T22:56:52.890+0000] {logging_mixin.py:190} INFO - [2025-05-02T22:56:52.890+0000] {dag.py:4180} INFO - Setting next_dagrun for news_dag to None, run_after=None
[2025-05-02T22:56:52.897+0000] {processor.py:208} INFO - Processing /opt/airflow/dags/wordcount_dag.py took 0.091 seconds
[2025-05-02T22:57:23.396+0000] {processor.py:186} INFO - Started process (PID=1135) to work on /opt/airflow/dags/wordcount_dag.py
[2025-05-02T22:57:23.397+0000] {processor.py:914} INFO - Processing file /opt/airflow/dags/wordcount_dag.py for tasks to queue
[2025-05-02T22:57:23.397+0000] {logging_mixin.py:190} INFO - [2025-05-02T22:57:23.397+0000] {dagbag.py:588} INFO - Filling up the DagBag from /opt/airflow/dags/wordcount_dag.py
[2025-05-02T22:57:23.474+0000] {processor.py:925} INFO - DAG(s) 'news_dag' retrieved from /opt/airflow/dags/wordcount_dag.py
[2025-05-02T22:57:23.485+0000] {logging_mixin.py:190} INFO - [2025-05-02T22:57:23.485+0000] {dag.py:3239} INFO - Sync 1 DAGs
[2025-05-02T22:57:23.491+0000] {logging_mixin.py:190} INFO - [2025-05-02T22:57:23.491+0000] {dag.py:4180} INFO - Setting next_dagrun for news_dag to None, run_after=None
[2025-05-02T22:57:23.500+0000] {processor.py:208} INFO - Processing /opt/airflow/dags/wordcount_dag.py took 0.107 seconds
[2025-05-02T22:57:53.980+0000] {processor.py:186} INFO - Started process (PID=1139) to work on /opt/airflow/dags/wordcount_dag.py
[2025-05-02T22:57:53.981+0000] {processor.py:914} INFO - Processing file /opt/airflow/dags/wordcount_dag.py for tasks to queue
[2025-05-02T22:57:53.981+0000] {logging_mixin.py:190} INFO - [2025-05-02T22:57:53.981+0000] {dagbag.py:588} INFO - Filling up the DagBag from /opt/airflow/dags/wordcount_dag.py
[2025-05-02T22:57:54.050+0000] {processor.py:925} INFO - DAG(s) 'news_dag' retrieved from /opt/airflow/dags/wordcount_dag.py
[2025-05-02T22:57:54.062+0000] {logging_mixin.py:190} INFO - [2025-05-02T22:57:54.062+0000] {dag.py:3239} INFO - Sync 1 DAGs
[2025-05-02T22:57:54.068+0000] {logging_mixin.py:190} INFO - [2025-05-02T22:57:54.068+0000] {dag.py:4180} INFO - Setting next_dagrun for news_dag to None, run_after=None
[2025-05-02T22:57:54.074+0000] {processor.py:208} INFO - Processing /opt/airflow/dags/wordcount_dag.py took 0.097 seconds
[2025-05-02T22:58:24.525+0000] {processor.py:186} INFO - Started process (PID=1143) to work on /opt/airflow/dags/wordcount_dag.py
[2025-05-02T22:58:24.526+0000] {processor.py:914} INFO - Processing file /opt/airflow/dags/wordcount_dag.py for tasks to queue
[2025-05-02T22:58:24.527+0000] {logging_mixin.py:190} INFO - [2025-05-02T22:58:24.527+0000] {dagbag.py:588} INFO - Filling up the DagBag from /opt/airflow/dags/wordcount_dag.py
[2025-05-02T22:58:24.592+0000] {processor.py:925} INFO - DAG(s) 'news_dag' retrieved from /opt/airflow/dags/wordcount_dag.py
[2025-05-02T22:58:24.604+0000] {logging_mixin.py:190} INFO - [2025-05-02T22:58:24.604+0000] {dag.py:3239} INFO - Sync 1 DAGs
[2025-05-02T22:58:24.609+0000] {logging_mixin.py:190} INFO - [2025-05-02T22:58:24.609+0000] {dag.py:4180} INFO - Setting next_dagrun for news_dag to None, run_after=None
[2025-05-02T22:58:24.615+0000] {processor.py:208} INFO - Processing /opt/airflow/dags/wordcount_dag.py took 0.093 seconds
[2025-05-02T22:58:54.902+0000] {processor.py:186} INFO - Started process (PID=1147) to work on /opt/airflow/dags/wordcount_dag.py
[2025-05-02T22:58:54.903+0000] {processor.py:914} INFO - Processing file /opt/airflow/dags/wordcount_dag.py for tasks to queue
[2025-05-02T22:58:54.903+0000] {logging_mixin.py:190} INFO - [2025-05-02T22:58:54.903+0000] {dagbag.py:588} INFO - Filling up the DagBag from /opt/airflow/dags/wordcount_dag.py
[2025-05-02T22:58:54.975+0000] {processor.py:925} INFO - DAG(s) 'news_dag' retrieved from /opt/airflow/dags/wordcount_dag.py
[2025-05-02T22:58:54.985+0000] {logging_mixin.py:190} INFO - [2025-05-02T22:58:54.985+0000] {dag.py:3239} INFO - Sync 1 DAGs
[2025-05-02T22:58:54.991+0000] {logging_mixin.py:190} INFO - [2025-05-02T22:58:54.991+0000] {dag.py:4180} INFO - Setting next_dagrun for news_dag to None, run_after=None
[2025-05-02T22:58:54.998+0000] {processor.py:208} INFO - Processing /opt/airflow/dags/wordcount_dag.py took 0.100 seconds
[2025-05-02T22:59:25.289+0000] {processor.py:186} INFO - Started process (PID=1151) to work on /opt/airflow/dags/wordcount_dag.py
[2025-05-02T22:59:25.290+0000] {processor.py:914} INFO - Processing file /opt/airflow/dags/wordcount_dag.py for tasks to queue
[2025-05-02T22:59:25.290+0000] {logging_mixin.py:190} INFO - [2025-05-02T22:59:25.290+0000] {dagbag.py:588} INFO - Filling up the DagBag from /opt/airflow/dags/wordcount_dag.py
[2025-05-02T22:59:25.354+0000] {processor.py:925} INFO - DAG(s) 'news_dag' retrieved from /opt/airflow/dags/wordcount_dag.py
[2025-05-02T22:59:25.364+0000] {logging_mixin.py:190} INFO - [2025-05-02T22:59:25.364+0000] {dag.py:3239} INFO - Sync 1 DAGs
[2025-05-02T22:59:25.369+0000] {logging_mixin.py:190} INFO - [2025-05-02T22:59:25.369+0000] {dag.py:4180} INFO - Setting next_dagrun for news_dag to None, run_after=None
[2025-05-02T22:59:25.376+0000] {processor.py:208} INFO - Processing /opt/airflow/dags/wordcount_dag.py took 0.090 seconds
[2025-05-02T22:59:55.751+0000] {processor.py:186} INFO - Started process (PID=1155) to work on /opt/airflow/dags/wordcount_dag.py
[2025-05-02T22:59:55.751+0000] {processor.py:914} INFO - Processing file /opt/airflow/dags/wordcount_dag.py for tasks to queue
[2025-05-02T22:59:55.752+0000] {logging_mixin.py:190} INFO - [2025-05-02T22:59:55.752+0000] {dagbag.py:588} INFO - Filling up the DagBag from /opt/airflow/dags/wordcount_dag.py
[2025-05-02T22:59:55.817+0000] {processor.py:925} INFO - DAG(s) 'news_dag' retrieved from /opt/airflow/dags/wordcount_dag.py
[2025-05-02T22:59:55.827+0000] {logging_mixin.py:190} INFO - [2025-05-02T22:59:55.826+0000] {dag.py:3239} INFO - Sync 1 DAGs
[2025-05-02T22:59:55.832+0000] {logging_mixin.py:190} INFO - [2025-05-02T22:59:55.832+0000] {dag.py:4180} INFO - Setting next_dagrun for news_dag to None, run_after=None
[2025-05-02T22:59:55.839+0000] {processor.py:208} INFO - Processing /opt/airflow/dags/wordcount_dag.py took 0.091 seconds
[2025-05-02T23:00:26.231+0000] {processor.py:186} INFO - Started process (PID=1159) to work on /opt/airflow/dags/wordcount_dag.py
[2025-05-02T23:00:26.231+0000] {processor.py:914} INFO - Processing file /opt/airflow/dags/wordcount_dag.py for tasks to queue
[2025-05-02T23:00:26.231+0000] {logging_mixin.py:190} INFO - [2025-05-02T23:00:26.231+0000] {dagbag.py:588} INFO - Filling up the DagBag from /opt/airflow/dags/wordcount_dag.py
[2025-05-02T23:00:26.296+0000] {processor.py:925} INFO - DAG(s) 'news_dag' retrieved from /opt/airflow/dags/wordcount_dag.py
[2025-05-02T23:00:26.304+0000] {logging_mixin.py:190} INFO - [2025-05-02T23:00:26.304+0000] {dag.py:3239} INFO - Sync 1 DAGs
[2025-05-02T23:00:26.309+0000] {logging_mixin.py:190} INFO - [2025-05-02T23:00:26.309+0000] {dag.py:4180} INFO - Setting next_dagrun for news_dag to None, run_after=None
[2025-05-02T23:00:26.314+0000] {processor.py:208} INFO - Processing /opt/airflow/dags/wordcount_dag.py took 0.086 seconds
[2025-05-02T23:00:56.620+0000] {processor.py:186} INFO - Started process (PID=1163) to work on /opt/airflow/dags/wordcount_dag.py
[2025-05-02T23:00:56.621+0000] {processor.py:914} INFO - Processing file /opt/airflow/dags/wordcount_dag.py for tasks to queue
[2025-05-02T23:00:56.621+0000] {logging_mixin.py:190} INFO - [2025-05-02T23:00:56.621+0000] {dagbag.py:588} INFO - Filling up the DagBag from /opt/airflow/dags/wordcount_dag.py
[2025-05-02T23:00:56.688+0000] {processor.py:925} INFO - DAG(s) 'news_dag' retrieved from /opt/airflow/dags/wordcount_dag.py
[2025-05-02T23:00:56.698+0000] {logging_mixin.py:190} INFO - [2025-05-02T23:00:56.698+0000] {dag.py:3239} INFO - Sync 1 DAGs
[2025-05-02T23:00:56.703+0000] {logging_mixin.py:190} INFO - [2025-05-02T23:00:56.703+0000] {dag.py:4180} INFO - Setting next_dagrun for news_dag to None, run_after=None
[2025-05-02T23:00:56.710+0000] {processor.py:208} INFO - Processing /opt/airflow/dags/wordcount_dag.py took 0.093 seconds
[2025-05-02T23:01:27.091+0000] {processor.py:186} INFO - Started process (PID=1167) to work on /opt/airflow/dags/wordcount_dag.py
[2025-05-02T23:01:27.092+0000] {processor.py:914} INFO - Processing file /opt/airflow/dags/wordcount_dag.py for tasks to queue
[2025-05-02T23:01:27.092+0000] {logging_mixin.py:190} INFO - [2025-05-02T23:01:27.092+0000] {dagbag.py:588} INFO - Filling up the DagBag from /opt/airflow/dags/wordcount_dag.py
[2025-05-02T23:01:27.161+0000] {processor.py:925} INFO - DAG(s) 'news_dag' retrieved from /opt/airflow/dags/wordcount_dag.py
[2025-05-02T23:01:27.171+0000] {logging_mixin.py:190} INFO - [2025-05-02T23:01:27.171+0000] {dag.py:3239} INFO - Sync 1 DAGs
[2025-05-02T23:01:27.177+0000] {logging_mixin.py:190} INFO - [2025-05-02T23:01:27.177+0000] {dag.py:4180} INFO - Setting next_dagrun for news_dag to None, run_after=None
[2025-05-02T23:01:27.184+0000] {processor.py:208} INFO - Processing /opt/airflow/dags/wordcount_dag.py took 0.096 seconds
[2025-05-02T23:01:57.641+0000] {processor.py:186} INFO - Started process (PID=1171) to work on /opt/airflow/dags/wordcount_dag.py
[2025-05-02T23:01:57.642+0000] {processor.py:914} INFO - Processing file /opt/airflow/dags/wordcount_dag.py for tasks to queue
[2025-05-02T23:01:57.642+0000] {logging_mixin.py:190} INFO - [2025-05-02T23:01:57.642+0000] {dagbag.py:588} INFO - Filling up the DagBag from /opt/airflow/dags/wordcount_dag.py
[2025-05-02T23:01:57.709+0000] {processor.py:925} INFO - DAG(s) 'news_dag' retrieved from /opt/airflow/dags/wordcount_dag.py
[2025-05-02T23:01:57.719+0000] {logging_mixin.py:190} INFO - [2025-05-02T23:01:57.718+0000] {dag.py:3239} INFO - Sync 1 DAGs
[2025-05-02T23:01:57.724+0000] {logging_mixin.py:190} INFO - [2025-05-02T23:01:57.724+0000] {dag.py:4180} INFO - Setting next_dagrun for news_dag to None, run_after=None
[2025-05-02T23:01:57.730+0000] {processor.py:208} INFO - Processing /opt/airflow/dags/wordcount_dag.py took 0.092 seconds
[2025-05-02T23:02:28.075+0000] {processor.py:186} INFO - Started process (PID=1175) to work on /opt/airflow/dags/wordcount_dag.py
[2025-05-02T23:02:28.075+0000] {processor.py:914} INFO - Processing file /opt/airflow/dags/wordcount_dag.py for tasks to queue
[2025-05-02T23:02:28.076+0000] {logging_mixin.py:190} INFO - [2025-05-02T23:02:28.076+0000] {dagbag.py:588} INFO - Filling up the DagBag from /opt/airflow/dags/wordcount_dag.py
[2025-05-02T23:02:28.148+0000] {processor.py:925} INFO - DAG(s) 'news_dag' retrieved from /opt/airflow/dags/wordcount_dag.py
[2025-05-02T23:02:28.159+0000] {logging_mixin.py:190} INFO - [2025-05-02T23:02:28.159+0000] {dag.py:3239} INFO - Sync 1 DAGs
[2025-05-02T23:02:28.164+0000] {logging_mixin.py:190} INFO - [2025-05-02T23:02:28.164+0000] {dag.py:4180} INFO - Setting next_dagrun for news_dag to None, run_after=None
[2025-05-02T23:02:28.170+0000] {processor.py:208} INFO - Processing /opt/airflow/dags/wordcount_dag.py took 0.099 seconds
[2025-05-02T23:02:58.435+0000] {processor.py:186} INFO - Started process (PID=1179) to work on /opt/airflow/dags/wordcount_dag.py
[2025-05-02T23:02:58.436+0000] {processor.py:914} INFO - Processing file /opt/airflow/dags/wordcount_dag.py for tasks to queue
[2025-05-02T23:02:58.436+0000] {logging_mixin.py:190} INFO - [2025-05-02T23:02:58.436+0000] {dagbag.py:588} INFO - Filling up the DagBag from /opt/airflow/dags/wordcount_dag.py
[2025-05-02T23:02:58.501+0000] {processor.py:925} INFO - DAG(s) 'news_dag' retrieved from /opt/airflow/dags/wordcount_dag.py
[2025-05-02T23:02:58.511+0000] {logging_mixin.py:190} INFO - [2025-05-02T23:02:58.510+0000] {dag.py:3239} INFO - Sync 1 DAGs
[2025-05-02T23:02:58.517+0000] {logging_mixin.py:190} INFO - [2025-05-02T23:02:58.517+0000] {dag.py:4180} INFO - Setting next_dagrun for news_dag to None, run_after=None
[2025-05-02T23:02:58.524+0000] {processor.py:208} INFO - Processing /opt/airflow/dags/wordcount_dag.py took 0.092 seconds
[2025-05-02T23:03:28.797+0000] {processor.py:186} INFO - Started process (PID=1183) to work on /opt/airflow/dags/wordcount_dag.py
[2025-05-02T23:03:28.798+0000] {processor.py:914} INFO - Processing file /opt/airflow/dags/wordcount_dag.py for tasks to queue
[2025-05-02T23:03:28.799+0000] {logging_mixin.py:190} INFO - [2025-05-02T23:03:28.798+0000] {dagbag.py:588} INFO - Filling up the DagBag from /opt/airflow/dags/wordcount_dag.py
[2025-05-02T23:03:28.877+0000] {processor.py:925} INFO - DAG(s) 'news_dag' retrieved from /opt/airflow/dags/wordcount_dag.py
[2025-05-02T23:03:28.890+0000] {logging_mixin.py:190} INFO - [2025-05-02T23:03:28.889+0000] {dag.py:3239} INFO - Sync 1 DAGs
[2025-05-02T23:03:28.897+0000] {logging_mixin.py:190} INFO - [2025-05-02T23:03:28.897+0000] {dag.py:4180} INFO - Setting next_dagrun for news_dag to None, run_after=None
[2025-05-02T23:03:28.904+0000] {processor.py:208} INFO - Processing /opt/airflow/dags/wordcount_dag.py took 0.110 seconds
[2025-05-02T23:03:59.207+0000] {processor.py:186} INFO - Started process (PID=1187) to work on /opt/airflow/dags/wordcount_dag.py
[2025-05-02T23:03:59.207+0000] {processor.py:914} INFO - Processing file /opt/airflow/dags/wordcount_dag.py for tasks to queue
[2025-05-02T23:03:59.208+0000] {logging_mixin.py:190} INFO - [2025-05-02T23:03:59.208+0000] {dagbag.py:588} INFO - Filling up the DagBag from /opt/airflow/dags/wordcount_dag.py
[2025-05-02T23:03:59.273+0000] {processor.py:925} INFO - DAG(s) 'news_dag' retrieved from /opt/airflow/dags/wordcount_dag.py
[2025-05-02T23:03:59.283+0000] {logging_mixin.py:190} INFO - [2025-05-02T23:03:59.283+0000] {dag.py:3239} INFO - Sync 1 DAGs
[2025-05-02T23:03:59.288+0000] {logging_mixin.py:190} INFO - [2025-05-02T23:03:59.288+0000] {dag.py:4180} INFO - Setting next_dagrun for news_dag to None, run_after=None
[2025-05-02T23:03:59.294+0000] {processor.py:208} INFO - Processing /opt/airflow/dags/wordcount_dag.py took 0.089 seconds
[2025-05-02T23:04:29.580+0000] {processor.py:186} INFO - Started process (PID=1191) to work on /opt/airflow/dags/wordcount_dag.py
[2025-05-02T23:04:29.580+0000] {processor.py:914} INFO - Processing file /opt/airflow/dags/wordcount_dag.py for tasks to queue
[2025-05-02T23:04:29.580+0000] {logging_mixin.py:190} INFO - [2025-05-02T23:04:29.580+0000] {dagbag.py:588} INFO - Filling up the DagBag from /opt/airflow/dags/wordcount_dag.py
[2025-05-02T23:04:29.653+0000] {processor.py:925} INFO - DAG(s) 'news_dag' retrieved from /opt/airflow/dags/wordcount_dag.py
[2025-05-02T23:04:29.663+0000] {logging_mixin.py:190} INFO - [2025-05-02T23:04:29.663+0000] {dag.py:3239} INFO - Sync 1 DAGs
[2025-05-02T23:04:29.669+0000] {logging_mixin.py:190} INFO - [2025-05-02T23:04:29.668+0000] {dag.py:4180} INFO - Setting next_dagrun for news_dag to None, run_after=None
[2025-05-02T23:04:29.676+0000] {processor.py:208} INFO - Processing /opt/airflow/dags/wordcount_dag.py took 0.099 seconds
[2025-05-02T23:04:59.992+0000] {processor.py:186} INFO - Started process (PID=1195) to work on /opt/airflow/dags/wordcount_dag.py
[2025-05-02T23:04:59.993+0000] {processor.py:914} INFO - Processing file /opt/airflow/dags/wordcount_dag.py for tasks to queue
[2025-05-02T23:04:59.994+0000] {logging_mixin.py:190} INFO - [2025-05-02T23:04:59.994+0000] {dagbag.py:588} INFO - Filling up the DagBag from /opt/airflow/dags/wordcount_dag.py
[2025-05-02T23:05:00.067+0000] {processor.py:925} INFO - DAG(s) 'news_dag' retrieved from /opt/airflow/dags/wordcount_dag.py
[2025-05-02T23:05:00.076+0000] {logging_mixin.py:190} INFO - [2025-05-02T23:05:00.076+0000] {dag.py:3239} INFO - Sync 1 DAGs
[2025-05-02T23:05:00.083+0000] {logging_mixin.py:190} INFO - [2025-05-02T23:05:00.083+0000] {dag.py:4180} INFO - Setting next_dagrun for news_dag to None, run_after=None
[2025-05-02T23:05:00.091+0000] {processor.py:208} INFO - Processing /opt/airflow/dags/wordcount_dag.py took 0.102 seconds
[2025-05-02T23:05:18.816+0000] {processor.py:186} INFO - Started process (PID=39) to work on /opt/airflow/dags/wordcount_dag.py
[2025-05-02T23:05:18.816+0000] {processor.py:914} INFO - Processing file /opt/airflow/dags/wordcount_dag.py for tasks to queue
[2025-05-02T23:05:18.816+0000] {logging_mixin.py:190} INFO - [2025-05-02T23:05:18.816+0000] {dagbag.py:588} INFO - Filling up the DagBag from /opt/airflow/dags/wordcount_dag.py
[2025-05-02T23:05:18.948+0000] {processor.py:925} INFO - DAG(s) 'news_dag' retrieved from /opt/airflow/dags/wordcount_dag.py
[2025-05-02T23:05:18.956+0000] {logging_mixin.py:190} INFO - [2025-05-02T23:05:18.956+0000] {dag.py:3239} INFO - Sync 1 DAGs
[2025-05-02T23:05:18.960+0000] {logging_mixin.py:190} INFO - [2025-05-02T23:05:18.960+0000] {dag.py:4180} INFO - Setting next_dagrun for news_dag to None, run_after=None
[2025-05-02T23:05:18.966+0000] {processor.py:208} INFO - Processing /opt/airflow/dags/wordcount_dag.py took 0.153 seconds
[2025-05-02T23:05:49.154+0000] {processor.py:186} INFO - Started process (PID=44) to work on /opt/airflow/dags/wordcount_dag.py
[2025-05-02T23:05:49.155+0000] {processor.py:914} INFO - Processing file /opt/airflow/dags/wordcount_dag.py for tasks to queue
[2025-05-02T23:05:49.155+0000] {logging_mixin.py:190} INFO - [2025-05-02T23:05:49.155+0000] {dagbag.py:588} INFO - Filling up the DagBag from /opt/airflow/dags/wordcount_dag.py
[2025-05-02T23:05:49.284+0000] {processor.py:925} INFO - DAG(s) 'news_dag' retrieved from /opt/airflow/dags/wordcount_dag.py
[2025-05-02T23:05:49.293+0000] {logging_mixin.py:190} INFO - [2025-05-02T23:05:49.292+0000] {dag.py:3239} INFO - Sync 1 DAGs
[2025-05-02T23:05:49.297+0000] {logging_mixin.py:190} INFO - [2025-05-02T23:05:49.297+0000] {dag.py:4180} INFO - Setting next_dagrun for news_dag to None, run_after=None
[2025-05-02T23:05:49.303+0000] {processor.py:208} INFO - Processing /opt/airflow/dags/wordcount_dag.py took 0.152 seconds
[2025-05-02T23:06:19.786+0000] {processor.py:186} INFO - Started process (PID=49) to work on /opt/airflow/dags/wordcount_dag.py
[2025-05-02T23:06:19.787+0000] {processor.py:914} INFO - Processing file /opt/airflow/dags/wordcount_dag.py for tasks to queue
[2025-05-02T23:06:19.787+0000] {logging_mixin.py:190} INFO - [2025-05-02T23:06:19.787+0000] {dagbag.py:588} INFO - Filling up the DagBag from /opt/airflow/dags/wordcount_dag.py
[2025-05-02T23:06:19.921+0000] {processor.py:925} INFO - DAG(s) 'news_dag' retrieved from /opt/airflow/dags/wordcount_dag.py
[2025-05-02T23:06:19.929+0000] {logging_mixin.py:190} INFO - [2025-05-02T23:06:19.928+0000] {dag.py:3239} INFO - Sync 1 DAGs
[2025-05-02T23:06:19.933+0000] {logging_mixin.py:190} INFO - [2025-05-02T23:06:19.933+0000] {dag.py:4180} INFO - Setting next_dagrun for news_dag to None, run_after=None
[2025-05-02T23:06:19.938+0000] {processor.py:208} INFO - Processing /opt/airflow/dags/wordcount_dag.py took 0.154 seconds
[2025-05-02T23:06:50.283+0000] {processor.py:186} INFO - Started process (PID=54) to work on /opt/airflow/dags/wordcount_dag.py
[2025-05-02T23:06:50.283+0000] {processor.py:914} INFO - Processing file /opt/airflow/dags/wordcount_dag.py for tasks to queue
[2025-05-02T23:06:50.284+0000] {logging_mixin.py:190} INFO - [2025-05-02T23:06:50.284+0000] {dagbag.py:588} INFO - Filling up the DagBag from /opt/airflow/dags/wordcount_dag.py
[2025-05-02T23:06:50.409+0000] {processor.py:925} INFO - DAG(s) 'news_dag' retrieved from /opt/airflow/dags/wordcount_dag.py
[2025-05-02T23:06:50.417+0000] {logging_mixin.py:190} INFO - [2025-05-02T23:06:50.417+0000] {dag.py:3239} INFO - Sync 1 DAGs
[2025-05-02T23:06:50.421+0000] {logging_mixin.py:190} INFO - [2025-05-02T23:06:50.421+0000] {dag.py:4180} INFO - Setting next_dagrun for news_dag to None, run_after=None
[2025-05-02T23:06:50.427+0000] {processor.py:208} INFO - Processing /opt/airflow/dags/wordcount_dag.py took 0.147 seconds
[2025-05-02T23:07:20.741+0000] {processor.py:186} INFO - Started process (PID=59) to work on /opt/airflow/dags/wordcount_dag.py
[2025-05-02T23:07:20.742+0000] {processor.py:914} INFO - Processing file /opt/airflow/dags/wordcount_dag.py for tasks to queue
[2025-05-02T23:07:20.742+0000] {logging_mixin.py:190} INFO - [2025-05-02T23:07:20.742+0000] {dagbag.py:588} INFO - Filling up the DagBag from /opt/airflow/dags/wordcount_dag.py
[2025-05-02T23:07:20.862+0000] {processor.py:925} INFO - DAG(s) 'news_dag' retrieved from /opt/airflow/dags/wordcount_dag.py
[2025-05-02T23:07:20.869+0000] {logging_mixin.py:190} INFO - [2025-05-02T23:07:20.869+0000] {dag.py:3239} INFO - Sync 1 DAGs
[2025-05-02T23:07:20.873+0000] {logging_mixin.py:190} INFO - [2025-05-02T23:07:20.873+0000] {dag.py:4180} INFO - Setting next_dagrun for news_dag to None, run_after=None
[2025-05-02T23:07:20.878+0000] {processor.py:208} INFO - Processing /opt/airflow/dags/wordcount_dag.py took 0.139 seconds
[2025-05-02T23:07:51.254+0000] {processor.py:186} INFO - Started process (PID=64) to work on /opt/airflow/dags/wordcount_dag.py
[2025-05-02T23:07:51.254+0000] {processor.py:914} INFO - Processing file /opt/airflow/dags/wordcount_dag.py for tasks to queue
[2025-05-02T23:07:51.255+0000] {logging_mixin.py:190} INFO - [2025-05-02T23:07:51.255+0000] {dagbag.py:588} INFO - Filling up the DagBag from /opt/airflow/dags/wordcount_dag.py
[2025-05-02T23:07:51.376+0000] {processor.py:925} INFO - DAG(s) 'news_dag' retrieved from /opt/airflow/dags/wordcount_dag.py
[2025-05-02T23:07:51.382+0000] {logging_mixin.py:190} INFO - [2025-05-02T23:07:51.382+0000] {dag.py:3239} INFO - Sync 1 DAGs
[2025-05-02T23:07:51.386+0000] {logging_mixin.py:190} INFO - [2025-05-02T23:07:51.386+0000] {dag.py:4180} INFO - Setting next_dagrun for news_dag to None, run_after=None
[2025-05-02T23:07:51.391+0000] {processor.py:208} INFO - Processing /opt/airflow/dags/wordcount_dag.py took 0.140 seconds
[2025-05-02T23:08:03.178+0000] {processor.py:186} INFO - Started process (PID=39) to work on /opt/airflow/dags/wordcount_dag.py
[2025-05-02T23:08:03.179+0000] {processor.py:914} INFO - Processing file /opt/airflow/dags/wordcount_dag.py for tasks to queue
[2025-05-02T23:08:03.179+0000] {logging_mixin.py:190} INFO - [2025-05-02T23:08:03.179+0000] {dagbag.py:588} INFO - Filling up the DagBag from /opt/airflow/dags/wordcount_dag.py
[2025-05-02T23:08:03.343+0000] {processor.py:925} INFO - DAG(s) 'news_dag' retrieved from /opt/airflow/dags/wordcount_dag.py
[2025-05-02T23:08:03.355+0000] {logging_mixin.py:190} INFO - [2025-05-02T23:08:03.355+0000] {dag.py:3239} INFO - Sync 1 DAGs
[2025-05-02T23:08:03.360+0000] {logging_mixin.py:190} INFO - [2025-05-02T23:08:03.360+0000] {dag.py:4180} INFO - Setting next_dagrun for news_dag to None, run_after=None
[2025-05-02T23:08:03.369+0000] {processor.py:208} INFO - Processing /opt/airflow/dags/wordcount_dag.py took 0.194 seconds
[2025-05-02T23:08:33.773+0000] {processor.py:186} INFO - Started process (PID=44) to work on /opt/airflow/dags/wordcount_dag.py
[2025-05-02T23:08:33.774+0000] {processor.py:914} INFO - Processing file /opt/airflow/dags/wordcount_dag.py for tasks to queue
[2025-05-02T23:08:33.775+0000] {logging_mixin.py:190} INFO - [2025-05-02T23:08:33.774+0000] {dagbag.py:588} INFO - Filling up the DagBag from /opt/airflow/dags/wordcount_dag.py
[2025-05-02T23:08:33.926+0000] {processor.py:925} INFO - DAG(s) 'news_dag' retrieved from /opt/airflow/dags/wordcount_dag.py
[2025-05-02T23:08:33.937+0000] {logging_mixin.py:190} INFO - [2025-05-02T23:08:33.936+0000] {dag.py:3239} INFO - Sync 1 DAGs
[2025-05-02T23:08:33.942+0000] {logging_mixin.py:190} INFO - [2025-05-02T23:08:33.941+0000] {dag.py:4180} INFO - Setting next_dagrun for news_dag to None, run_after=None
[2025-05-02T23:08:33.948+0000] {processor.py:208} INFO - Processing /opt/airflow/dags/wordcount_dag.py took 0.178 seconds
[2025-05-02T23:09:19.936+0000] {processor.py:186} INFO - Started process (PID=39) to work on /opt/airflow/dags/wordcount_dag.py
[2025-05-02T23:09:19.937+0000] {processor.py:914} INFO - Processing file /opt/airflow/dags/wordcount_dag.py for tasks to queue
[2025-05-02T23:09:19.938+0000] {logging_mixin.py:190} INFO - [2025-05-02T23:09:19.938+0000] {dagbag.py:588} INFO - Filling up the DagBag from /opt/airflow/dags/wordcount_dag.py
[2025-05-02T23:09:20.147+0000] {processor.py:925} INFO - DAG(s) 'news_dag' retrieved from /opt/airflow/dags/wordcount_dag.py
[2025-05-02T23:09:20.157+0000] {logging_mixin.py:190} INFO - [2025-05-02T23:09:20.157+0000] {dag.py:3239} INFO - Sync 1 DAGs
[2025-05-02T23:09:20.163+0000] {logging_mixin.py:190} INFO - [2025-05-02T23:09:20.163+0000] {dag.py:4180} INFO - Setting next_dagrun for news_dag to None, run_after=None
[2025-05-02T23:09:20.173+0000] {processor.py:208} INFO - Processing /opt/airflow/dags/wordcount_dag.py took 0.241 seconds
[2025-05-02T23:09:50.532+0000] {processor.py:186} INFO - Started process (PID=44) to work on /opt/airflow/dags/wordcount_dag.py
[2025-05-02T23:09:50.533+0000] {processor.py:914} INFO - Processing file /opt/airflow/dags/wordcount_dag.py for tasks to queue
[2025-05-02T23:09:50.534+0000] {logging_mixin.py:190} INFO - [2025-05-02T23:09:50.533+0000] {dagbag.py:588} INFO - Filling up the DagBag from /opt/airflow/dags/wordcount_dag.py
[2025-05-02T23:09:50.697+0000] {processor.py:925} INFO - DAG(s) 'news_dag' retrieved from /opt/airflow/dags/wordcount_dag.py
[2025-05-02T23:09:50.705+0000] {logging_mixin.py:190} INFO - [2025-05-02T23:09:50.705+0000] {dag.py:3239} INFO - Sync 1 DAGs
[2025-05-02T23:09:50.711+0000] {logging_mixin.py:190} INFO - [2025-05-02T23:09:50.711+0000] {dag.py:4180} INFO - Setting next_dagrun for news_dag to None, run_after=None
[2025-05-02T23:09:50.725+0000] {processor.py:208} INFO - Processing /opt/airflow/dags/wordcount_dag.py took 0.195 seconds
[2025-05-02T23:10:21.171+0000] {processor.py:186} INFO - Started process (PID=49) to work on /opt/airflow/dags/wordcount_dag.py
[2025-05-02T23:10:21.172+0000] {processor.py:914} INFO - Processing file /opt/airflow/dags/wordcount_dag.py for tasks to queue
[2025-05-02T23:10:21.172+0000] {logging_mixin.py:190} INFO - [2025-05-02T23:10:21.172+0000] {dagbag.py:588} INFO - Filling up the DagBag from /opt/airflow/dags/wordcount_dag.py
[2025-05-02T23:10:21.316+0000] {processor.py:925} INFO - DAG(s) 'news_dag' retrieved from /opt/airflow/dags/wordcount_dag.py
[2025-05-02T23:10:21.326+0000] {logging_mixin.py:190} INFO - [2025-05-02T23:10:21.325+0000] {dag.py:3239} INFO - Sync 1 DAGs
[2025-05-02T23:10:21.330+0000] {logging_mixin.py:190} INFO - [2025-05-02T23:10:21.330+0000] {dag.py:4180} INFO - Setting next_dagrun for news_dag to None, run_after=None
[2025-05-02T23:10:21.336+0000] {processor.py:208} INFO - Processing /opt/airflow/dags/wordcount_dag.py took 0.168 seconds
[2025-05-02T23:10:51.693+0000] {processor.py:186} INFO - Started process (PID=54) to work on /opt/airflow/dags/wordcount_dag.py
[2025-05-02T23:10:51.694+0000] {processor.py:914} INFO - Processing file /opt/airflow/dags/wordcount_dag.py for tasks to queue
[2025-05-02T23:10:51.694+0000] {logging_mixin.py:190} INFO - [2025-05-02T23:10:51.694+0000] {dagbag.py:588} INFO - Filling up the DagBag from /opt/airflow/dags/wordcount_dag.py
[2025-05-02T23:10:51.838+0000] {processor.py:925} INFO - DAG(s) 'news_dag' retrieved from /opt/airflow/dags/wordcount_dag.py
[2025-05-02T23:10:51.847+0000] {logging_mixin.py:190} INFO - [2025-05-02T23:10:51.847+0000] {dag.py:3239} INFO - Sync 1 DAGs
[2025-05-02T23:10:51.851+0000] {logging_mixin.py:190} INFO - [2025-05-02T23:10:51.851+0000] {dag.py:4180} INFO - Setting next_dagrun for news_dag to None, run_after=None
[2025-05-02T23:10:51.857+0000] {processor.py:208} INFO - Processing /opt/airflow/dags/wordcount_dag.py took 0.167 seconds
[2025-05-02T23:11:22.345+0000] {processor.py:186} INFO - Started process (PID=59) to work on /opt/airflow/dags/wordcount_dag.py
[2025-05-02T23:11:22.345+0000] {processor.py:914} INFO - Processing file /opt/airflow/dags/wordcount_dag.py for tasks to queue
[2025-05-02T23:11:22.346+0000] {logging_mixin.py:190} INFO - [2025-05-02T23:11:22.346+0000] {dagbag.py:588} INFO - Filling up the DagBag from /opt/airflow/dags/wordcount_dag.py
[2025-05-02T23:11:22.487+0000] {processor.py:925} INFO - DAG(s) 'news_dag' retrieved from /opt/airflow/dags/wordcount_dag.py
[2025-05-02T23:11:22.497+0000] {logging_mixin.py:190} INFO - [2025-05-02T23:11:22.497+0000] {dag.py:3239} INFO - Sync 1 DAGs
[2025-05-02T23:11:22.501+0000] {logging_mixin.py:190} INFO - [2025-05-02T23:11:22.501+0000] {dag.py:4180} INFO - Setting next_dagrun for news_dag to None, run_after=None
[2025-05-02T23:11:22.508+0000] {processor.py:208} INFO - Processing /opt/airflow/dags/wordcount_dag.py took 0.166 seconds
[2025-05-02T23:11:52.949+0000] {processor.py:186} INFO - Started process (PID=64) to work on /opt/airflow/dags/wordcount_dag.py
[2025-05-02T23:11:52.949+0000] {processor.py:914} INFO - Processing file /opt/airflow/dags/wordcount_dag.py for tasks to queue
[2025-05-02T23:11:52.950+0000] {logging_mixin.py:190} INFO - [2025-05-02T23:11:52.950+0000] {dagbag.py:588} INFO - Filling up the DagBag from /opt/airflow/dags/wordcount_dag.py
[2025-05-02T23:11:53.104+0000] {processor.py:925} INFO - DAG(s) 'news_dag' retrieved from /opt/airflow/dags/wordcount_dag.py
[2025-05-02T23:11:53.113+0000] {logging_mixin.py:190} INFO - [2025-05-02T23:11:53.113+0000] {dag.py:3239} INFO - Sync 1 DAGs
[2025-05-02T23:11:53.117+0000] {logging_mixin.py:190} INFO - [2025-05-02T23:11:53.117+0000] {dag.py:4180} INFO - Setting next_dagrun for news_dag to None, run_after=None
[2025-05-02T23:11:53.124+0000] {processor.py:208} INFO - Processing /opt/airflow/dags/wordcount_dag.py took 0.179 seconds
[2025-05-02T23:12:23.532+0000] {processor.py:186} INFO - Started process (PID=69) to work on /opt/airflow/dags/wordcount_dag.py
[2025-05-02T23:12:23.532+0000] {processor.py:914} INFO - Processing file /opt/airflow/dags/wordcount_dag.py for tasks to queue
[2025-05-02T23:12:23.533+0000] {logging_mixin.py:190} INFO - [2025-05-02T23:12:23.533+0000] {dagbag.py:588} INFO - Filling up the DagBag from /opt/airflow/dags/wordcount_dag.py
[2025-05-02T23:12:23.675+0000] {processor.py:925} INFO - DAG(s) 'news_dag' retrieved from /opt/airflow/dags/wordcount_dag.py
[2025-05-02T23:12:23.682+0000] {logging_mixin.py:190} INFO - [2025-05-02T23:12:23.682+0000] {dag.py:3239} INFO - Sync 1 DAGs
[2025-05-02T23:12:23.687+0000] {logging_mixin.py:190} INFO - [2025-05-02T23:12:23.687+0000] {dag.py:4180} INFO - Setting next_dagrun for news_dag to None, run_after=None
[2025-05-02T23:12:23.694+0000] {processor.py:208} INFO - Processing /opt/airflow/dags/wordcount_dag.py took 0.165 seconds
[2025-05-02T23:12:54.117+0000] {processor.py:186} INFO - Started process (PID=74) to work on /opt/airflow/dags/wordcount_dag.py
[2025-05-02T23:12:54.117+0000] {processor.py:914} INFO - Processing file /opt/airflow/dags/wordcount_dag.py for tasks to queue
[2025-05-02T23:12:54.117+0000] {logging_mixin.py:190} INFO - [2025-05-02T23:12:54.117+0000] {dagbag.py:588} INFO - Filling up the DagBag from /opt/airflow/dags/wordcount_dag.py
[2025-05-02T23:12:54.268+0000] {processor.py:925} INFO - DAG(s) 'news_dag' retrieved from /opt/airflow/dags/wordcount_dag.py
[2025-05-02T23:12:54.275+0000] {logging_mixin.py:190} INFO - [2025-05-02T23:12:54.275+0000] {dag.py:3239} INFO - Sync 1 DAGs
[2025-05-02T23:12:54.279+0000] {logging_mixin.py:190} INFO - [2025-05-02T23:12:54.279+0000] {dag.py:4180} INFO - Setting next_dagrun for news_dag to None, run_after=None
[2025-05-02T23:12:54.284+0000] {processor.py:208} INFO - Processing /opt/airflow/dags/wordcount_dag.py took 0.170 seconds
[2025-05-02T23:13:24.614+0000] {processor.py:186} INFO - Started process (PID=79) to work on /opt/airflow/dags/wordcount_dag.py
[2025-05-02T23:13:24.615+0000] {processor.py:914} INFO - Processing file /opt/airflow/dags/wordcount_dag.py for tasks to queue
[2025-05-02T23:13:24.615+0000] {logging_mixin.py:190} INFO - [2025-05-02T23:13:24.615+0000] {dagbag.py:588} INFO - Filling up the DagBag from /opt/airflow/dags/wordcount_dag.py
[2025-05-02T23:13:24.781+0000] {processor.py:925} INFO - DAG(s) 'news_dag' retrieved from /opt/airflow/dags/wordcount_dag.py
[2025-05-02T23:13:24.793+0000] {logging_mixin.py:190} INFO - [2025-05-02T23:13:24.793+0000] {dag.py:3239} INFO - Sync 1 DAGs
[2025-05-02T23:13:24.798+0000] {logging_mixin.py:190} INFO - [2025-05-02T23:13:24.798+0000] {dag.py:4180} INFO - Setting next_dagrun for news_dag to None, run_after=None
[2025-05-02T23:13:24.806+0000] {processor.py:208} INFO - Processing /opt/airflow/dags/wordcount_dag.py took 0.195 seconds
[2025-05-02T23:14:22.184+0000] {processor.py:186} INFO - Started process (PID=39) to work on /opt/airflow/dags/wordcount_dag.py
[2025-05-02T23:14:22.184+0000] {processor.py:914} INFO - Processing file /opt/airflow/dags/wordcount_dag.py for tasks to queue
[2025-05-02T23:14:22.185+0000] {logging_mixin.py:190} INFO - [2025-05-02T23:14:22.185+0000] {dagbag.py:588} INFO - Filling up the DagBag from /opt/airflow/dags/wordcount_dag.py
[2025-05-02T23:14:22.421+0000] {processor.py:925} INFO - DAG(s) 'news_dag' retrieved from /opt/airflow/dags/wordcount_dag.py
[2025-05-02T23:14:22.430+0000] {logging_mixin.py:190} INFO - [2025-05-02T23:14:22.430+0000] {dag.py:3239} INFO - Sync 1 DAGs
[2025-05-02T23:14:22.435+0000] {logging_mixin.py:190} INFO - [2025-05-02T23:14:22.435+0000] {dag.py:4180} INFO - Setting next_dagrun for news_dag to None, run_after=None
[2025-05-02T23:14:22.442+0000] {processor.py:208} INFO - Processing /opt/airflow/dags/wordcount_dag.py took 0.262 seconds
[2025-05-02T23:14:52.832+0000] {processor.py:186} INFO - Started process (PID=44) to work on /opt/airflow/dags/wordcount_dag.py
[2025-05-02T23:14:52.833+0000] {processor.py:914} INFO - Processing file /opt/airflow/dags/wordcount_dag.py for tasks to queue
[2025-05-02T23:14:52.834+0000] {logging_mixin.py:190} INFO - [2025-05-02T23:14:52.834+0000] {dagbag.py:588} INFO - Filling up the DagBag from /opt/airflow/dags/wordcount_dag.py
[2025-05-02T23:14:52.991+0000] {processor.py:925} INFO - DAG(s) 'news_dag' retrieved from /opt/airflow/dags/wordcount_dag.py
[2025-05-02T23:14:53.000+0000] {logging_mixin.py:190} INFO - [2025-05-02T23:14:53.000+0000] {dag.py:3239} INFO - Sync 1 DAGs
[2025-05-02T23:14:53.005+0000] {logging_mixin.py:190} INFO - [2025-05-02T23:14:53.005+0000] {dag.py:4180} INFO - Setting next_dagrun for news_dag to None, run_after=None
[2025-05-02T23:14:53.011+0000] {processor.py:208} INFO - Processing /opt/airflow/dags/wordcount_dag.py took 0.182 seconds
[2025-05-02T23:15:23.208+0000] {processor.py:186} INFO - Started process (PID=49) to work on /opt/airflow/dags/wordcount_dag.py
[2025-05-02T23:15:23.208+0000] {processor.py:914} INFO - Processing file /opt/airflow/dags/wordcount_dag.py for tasks to queue
[2025-05-02T23:15:23.209+0000] {logging_mixin.py:190} INFO - [2025-05-02T23:15:23.209+0000] {dagbag.py:588} INFO - Filling up the DagBag from /opt/airflow/dags/wordcount_dag.py
[2025-05-02T23:15:23.357+0000] {processor.py:925} INFO - DAG(s) 'news_dag' retrieved from /opt/airflow/dags/wordcount_dag.py
[2025-05-02T23:15:23.366+0000] {logging_mixin.py:190} INFO - [2025-05-02T23:15:23.365+0000] {dag.py:3239} INFO - Sync 1 DAGs
[2025-05-02T23:15:23.371+0000] {logging_mixin.py:190} INFO - [2025-05-02T23:15:23.371+0000] {dag.py:4180} INFO - Setting next_dagrun for news_dag to None, run_after=None
[2025-05-02T23:15:23.384+0000] {processor.py:208} INFO - Processing /opt/airflow/dags/wordcount_dag.py took 0.180 seconds
[2025-05-02T23:15:53.700+0000] {processor.py:186} INFO - Started process (PID=54) to work on /opt/airflow/dags/wordcount_dag.py
[2025-05-02T23:15:53.700+0000] {processor.py:914} INFO - Processing file /opt/airflow/dags/wordcount_dag.py for tasks to queue
[2025-05-02T23:15:53.701+0000] {logging_mixin.py:190} INFO - [2025-05-02T23:15:53.701+0000] {dagbag.py:588} INFO - Filling up the DagBag from /opt/airflow/dags/wordcount_dag.py
[2025-05-02T23:15:53.851+0000] {processor.py:925} INFO - DAG(s) 'news_dag' retrieved from /opt/airflow/dags/wordcount_dag.py
[2025-05-02T23:15:53.861+0000] {logging_mixin.py:190} INFO - [2025-05-02T23:15:53.860+0000] {dag.py:3239} INFO - Sync 1 DAGs
[2025-05-02T23:15:53.865+0000] {logging_mixin.py:190} INFO - [2025-05-02T23:15:53.865+0000] {dag.py:4180} INFO - Setting next_dagrun for news_dag to None, run_after=None
[2025-05-02T23:15:53.871+0000] {processor.py:208} INFO - Processing /opt/airflow/dags/wordcount_dag.py took 0.175 seconds
[2025-05-02T23:16:24.156+0000] {processor.py:186} INFO - Started process (PID=59) to work on /opt/airflow/dags/wordcount_dag.py
[2025-05-02T23:16:24.156+0000] {processor.py:914} INFO - Processing file /opt/airflow/dags/wordcount_dag.py for tasks to queue
[2025-05-02T23:16:24.157+0000] {logging_mixin.py:190} INFO - [2025-05-02T23:16:24.157+0000] {dagbag.py:588} INFO - Filling up the DagBag from /opt/airflow/dags/wordcount_dag.py
[2025-05-02T23:16:24.294+0000] {processor.py:925} INFO - DAG(s) 'news_dag' retrieved from /opt/airflow/dags/wordcount_dag.py
[2025-05-02T23:16:24.302+0000] {logging_mixin.py:190} INFO - [2025-05-02T23:16:24.302+0000] {dag.py:3239} INFO - Sync 1 DAGs
[2025-05-02T23:16:24.307+0000] {logging_mixin.py:190} INFO - [2025-05-02T23:16:24.307+0000] {dag.py:4180} INFO - Setting next_dagrun for news_dag to None, run_after=None
[2025-05-02T23:16:24.315+0000] {processor.py:208} INFO - Processing /opt/airflow/dags/wordcount_dag.py took 0.162 seconds
[2025-05-02T23:16:54.620+0000] {processor.py:186} INFO - Started process (PID=64) to work on /opt/airflow/dags/wordcount_dag.py
[2025-05-02T23:16:54.621+0000] {processor.py:914} INFO - Processing file /opt/airflow/dags/wordcount_dag.py for tasks to queue
[2025-05-02T23:16:54.621+0000] {logging_mixin.py:190} INFO - [2025-05-02T23:16:54.621+0000] {dagbag.py:588} INFO - Filling up the DagBag from /opt/airflow/dags/wordcount_dag.py
[2025-05-02T23:16:54.789+0000] {processor.py:925} INFO - DAG(s) 'news_dag' retrieved from /opt/airflow/dags/wordcount_dag.py
[2025-05-02T23:16:54.800+0000] {logging_mixin.py:190} INFO - [2025-05-02T23:16:54.799+0000] {dag.py:3239} INFO - Sync 1 DAGs
[2025-05-02T23:16:54.804+0000] {logging_mixin.py:190} INFO - [2025-05-02T23:16:54.804+0000] {dag.py:4180} INFO - Setting next_dagrun for news_dag to None, run_after=None
[2025-05-02T23:16:54.811+0000] {processor.py:208} INFO - Processing /opt/airflow/dags/wordcount_dag.py took 0.193 seconds
[2025-05-02T23:17:25.183+0000] {processor.py:186} INFO - Started process (PID=69) to work on /opt/airflow/dags/wordcount_dag.py
[2025-05-02T23:17:25.183+0000] {processor.py:914} INFO - Processing file /opt/airflow/dags/wordcount_dag.py for tasks to queue
[2025-05-02T23:17:25.184+0000] {logging_mixin.py:190} INFO - [2025-05-02T23:17:25.184+0000] {dagbag.py:588} INFO - Filling up the DagBag from /opt/airflow/dags/wordcount_dag.py
[2025-05-02T23:17:25.328+0000] {processor.py:925} INFO - DAG(s) 'news_dag' retrieved from /opt/airflow/dags/wordcount_dag.py
[2025-05-02T23:17:25.336+0000] {logging_mixin.py:190} INFO - [2025-05-02T23:17:25.336+0000] {dag.py:3239} INFO - Sync 1 DAGs
[2025-05-02T23:17:25.341+0000] {logging_mixin.py:190} INFO - [2025-05-02T23:17:25.341+0000] {dag.py:4180} INFO - Setting next_dagrun for news_dag to None, run_after=None
[2025-05-02T23:17:25.348+0000] {processor.py:208} INFO - Processing /opt/airflow/dags/wordcount_dag.py took 0.169 seconds
[2025-05-02T23:17:55.693+0000] {processor.py:186} INFO - Started process (PID=74) to work on /opt/airflow/dags/wordcount_dag.py
[2025-05-02T23:17:55.694+0000] {processor.py:914} INFO - Processing file /opt/airflow/dags/wordcount_dag.py for tasks to queue
[2025-05-02T23:17:55.694+0000] {logging_mixin.py:190} INFO - [2025-05-02T23:17:55.694+0000] {dagbag.py:588} INFO - Filling up the DagBag from /opt/airflow/dags/wordcount_dag.py
[2025-05-02T23:17:55.823+0000] {processor.py:925} INFO - DAG(s) 'news_dag' retrieved from /opt/airflow/dags/wordcount_dag.py
[2025-05-02T23:17:55.831+0000] {logging_mixin.py:190} INFO - [2025-05-02T23:17:55.830+0000] {dag.py:3239} INFO - Sync 1 DAGs
[2025-05-02T23:17:55.835+0000] {logging_mixin.py:190} INFO - [2025-05-02T23:17:55.835+0000] {dag.py:4180} INFO - Setting next_dagrun for news_dag to None, run_after=None
[2025-05-02T23:17:55.841+0000] {processor.py:208} INFO - Processing /opt/airflow/dags/wordcount_dag.py took 0.150 seconds
[2025-05-02T23:18:26.147+0000] {processor.py:186} INFO - Started process (PID=79) to work on /opt/airflow/dags/wordcount_dag.py
[2025-05-02T23:18:26.148+0000] {processor.py:914} INFO - Processing file /opt/airflow/dags/wordcount_dag.py for tasks to queue
[2025-05-02T23:18:26.148+0000] {logging_mixin.py:190} INFO - [2025-05-02T23:18:26.148+0000] {dagbag.py:588} INFO - Filling up the DagBag from /opt/airflow/dags/wordcount_dag.py
[2025-05-02T23:18:26.306+0000] {processor.py:925} INFO - DAG(s) 'news_dag' retrieved from /opt/airflow/dags/wordcount_dag.py
[2025-05-02T23:18:26.316+0000] {logging_mixin.py:190} INFO - [2025-05-02T23:18:26.316+0000] {dag.py:3239} INFO - Sync 1 DAGs
[2025-05-02T23:18:26.321+0000] {logging_mixin.py:190} INFO - [2025-05-02T23:18:26.321+0000] {dag.py:4180} INFO - Setting next_dagrun for news_dag to None, run_after=None
[2025-05-02T23:18:26.330+0000] {processor.py:208} INFO - Processing /opt/airflow/dags/wordcount_dag.py took 0.186 seconds
[2025-05-02T23:18:56.666+0000] {processor.py:186} INFO - Started process (PID=84) to work on /opt/airflow/dags/wordcount_dag.py
[2025-05-02T23:18:56.666+0000] {processor.py:914} INFO - Processing file /opt/airflow/dags/wordcount_dag.py for tasks to queue
[2025-05-02T23:18:56.667+0000] {logging_mixin.py:190} INFO - [2025-05-02T23:18:56.667+0000] {dagbag.py:588} INFO - Filling up the DagBag from /opt/airflow/dags/wordcount_dag.py
[2025-05-02T23:18:56.798+0000] {processor.py:925} INFO - DAG(s) 'news_dag' retrieved from /opt/airflow/dags/wordcount_dag.py
[2025-05-02T23:18:56.805+0000] {logging_mixin.py:190} INFO - [2025-05-02T23:18:56.805+0000] {dag.py:3239} INFO - Sync 1 DAGs
[2025-05-02T23:18:56.809+0000] {logging_mixin.py:190} INFO - [2025-05-02T23:18:56.809+0000] {dag.py:4180} INFO - Setting next_dagrun for news_dag to None, run_after=None
[2025-05-02T23:18:56.816+0000] {processor.py:208} INFO - Processing /opt/airflow/dags/wordcount_dag.py took 0.152 seconds
[2025-05-02T23:19:27.103+0000] {processor.py:186} INFO - Started process (PID=89) to work on /opt/airflow/dags/wordcount_dag.py
[2025-05-02T23:19:27.104+0000] {processor.py:914} INFO - Processing file /opt/airflow/dags/wordcount_dag.py for tasks to queue
[2025-05-02T23:19:27.104+0000] {logging_mixin.py:190} INFO - [2025-05-02T23:19:27.104+0000] {dagbag.py:588} INFO - Filling up the DagBag from /opt/airflow/dags/wordcount_dag.py
[2025-05-02T23:19:27.234+0000] {processor.py:925} INFO - DAG(s) 'news_dag' retrieved from /opt/airflow/dags/wordcount_dag.py
[2025-05-02T23:19:27.241+0000] {logging_mixin.py:190} INFO - [2025-05-02T23:19:27.241+0000] {dag.py:3239} INFO - Sync 1 DAGs
[2025-05-02T23:19:27.245+0000] {logging_mixin.py:190} INFO - [2025-05-02T23:19:27.245+0000] {dag.py:4180} INFO - Setting next_dagrun for news_dag to None, run_after=None
[2025-05-02T23:19:27.252+0000] {processor.py:208} INFO - Processing /opt/airflow/dags/wordcount_dag.py took 0.152 seconds
[2025-05-02T23:19:57.529+0000] {processor.py:186} INFO - Started process (PID=94) to work on /opt/airflow/dags/wordcount_dag.py
[2025-05-02T23:19:57.530+0000] {processor.py:914} INFO - Processing file /opt/airflow/dags/wordcount_dag.py for tasks to queue
[2025-05-02T23:19:57.530+0000] {logging_mixin.py:190} INFO - [2025-05-02T23:19:57.530+0000] {dagbag.py:588} INFO - Filling up the DagBag from /opt/airflow/dags/wordcount_dag.py
[2025-05-02T23:19:57.660+0000] {processor.py:925} INFO - DAG(s) 'news_dag' retrieved from /opt/airflow/dags/wordcount_dag.py
[2025-05-02T23:19:57.668+0000] {logging_mixin.py:190} INFO - [2025-05-02T23:19:57.668+0000] {dag.py:3239} INFO - Sync 1 DAGs
[2025-05-02T23:19:57.673+0000] {logging_mixin.py:190} INFO - [2025-05-02T23:19:57.672+0000] {dag.py:4180} INFO - Setting next_dagrun for news_dag to None, run_after=None
[2025-05-02T23:19:57.679+0000] {processor.py:208} INFO - Processing /opt/airflow/dags/wordcount_dag.py took 0.152 seconds
[2025-05-02T23:20:28.089+0000] {processor.py:186} INFO - Started process (PID=99) to work on /opt/airflow/dags/wordcount_dag.py
[2025-05-02T23:20:28.089+0000] {processor.py:914} INFO - Processing file /opt/airflow/dags/wordcount_dag.py for tasks to queue
[2025-05-02T23:20:28.090+0000] {logging_mixin.py:190} INFO - [2025-05-02T23:20:28.090+0000] {dagbag.py:588} INFO - Filling up the DagBag from /opt/airflow/dags/wordcount_dag.py
[2025-05-02T23:20:28.220+0000] {processor.py:925} INFO - DAG(s) 'news_dag' retrieved from /opt/airflow/dags/wordcount_dag.py
[2025-05-02T23:20:28.228+0000] {logging_mixin.py:190} INFO - [2025-05-02T23:20:28.228+0000] {dag.py:3239} INFO - Sync 1 DAGs
[2025-05-02T23:20:28.232+0000] {logging_mixin.py:190} INFO - [2025-05-02T23:20:28.232+0000] {dag.py:4180} INFO - Setting next_dagrun for news_dag to None, run_after=None
[2025-05-02T23:20:28.238+0000] {processor.py:208} INFO - Processing /opt/airflow/dags/wordcount_dag.py took 0.153 seconds
[2025-05-02T23:20:58.562+0000] {processor.py:186} INFO - Started process (PID=104) to work on /opt/airflow/dags/wordcount_dag.py
[2025-05-02T23:20:58.562+0000] {processor.py:914} INFO - Processing file /opt/airflow/dags/wordcount_dag.py for tasks to queue
[2025-05-02T23:20:58.563+0000] {logging_mixin.py:190} INFO - [2025-05-02T23:20:58.563+0000] {dagbag.py:588} INFO - Filling up the DagBag from /opt/airflow/dags/wordcount_dag.py
[2025-05-02T23:20:58.693+0000] {processor.py:925} INFO - DAG(s) 'news_dag' retrieved from /opt/airflow/dags/wordcount_dag.py
[2025-05-02T23:20:58.701+0000] {logging_mixin.py:190} INFO - [2025-05-02T23:20:58.700+0000] {dag.py:3239} INFO - Sync 1 DAGs
[2025-05-02T23:20:58.705+0000] {logging_mixin.py:190} INFO - [2025-05-02T23:20:58.705+0000] {dag.py:4180} INFO - Setting next_dagrun for news_dag to None, run_after=None
[2025-05-02T23:20:58.711+0000] {processor.py:208} INFO - Processing /opt/airflow/dags/wordcount_dag.py took 0.153 seconds
[2025-05-02T23:21:29.114+0000] {processor.py:186} INFO - Started process (PID=109) to work on /opt/airflow/dags/wordcount_dag.py
[2025-05-02T23:21:29.114+0000] {processor.py:914} INFO - Processing file /opt/airflow/dags/wordcount_dag.py for tasks to queue
[2025-05-02T23:21:29.115+0000] {logging_mixin.py:190} INFO - [2025-05-02T23:21:29.115+0000] {dagbag.py:588} INFO - Filling up the DagBag from /opt/airflow/dags/wordcount_dag.py
[2025-05-02T23:21:29.243+0000] {processor.py:925} INFO - DAG(s) 'news_dag' retrieved from /opt/airflow/dags/wordcount_dag.py
[2025-05-02T23:21:29.251+0000] {logging_mixin.py:190} INFO - [2025-05-02T23:21:29.251+0000] {dag.py:3239} INFO - Sync 1 DAGs
[2025-05-02T23:21:29.256+0000] {logging_mixin.py:190} INFO - [2025-05-02T23:21:29.256+0000] {dag.py:4180} INFO - Setting next_dagrun for news_dag to None, run_after=None
[2025-05-02T23:21:29.261+0000] {processor.py:208} INFO - Processing /opt/airflow/dags/wordcount_dag.py took 0.151 seconds
[2025-05-02T23:21:59.600+0000] {processor.py:186} INFO - Started process (PID=114) to work on /opt/airflow/dags/wordcount_dag.py
[2025-05-02T23:21:59.600+0000] {processor.py:914} INFO - Processing file /opt/airflow/dags/wordcount_dag.py for tasks to queue
[2025-05-02T23:21:59.601+0000] {logging_mixin.py:190} INFO - [2025-05-02T23:21:59.601+0000] {dagbag.py:588} INFO - Filling up the DagBag from /opt/airflow/dags/wordcount_dag.py
[2025-05-02T23:21:59.731+0000] {processor.py:925} INFO - DAG(s) 'news_dag' retrieved from /opt/airflow/dags/wordcount_dag.py
[2025-05-02T23:21:59.738+0000] {logging_mixin.py:190} INFO - [2025-05-02T23:21:59.737+0000] {dag.py:3239} INFO - Sync 1 DAGs
[2025-05-02T23:21:59.742+0000] {logging_mixin.py:190} INFO - [2025-05-02T23:21:59.742+0000] {dag.py:4180} INFO - Setting next_dagrun for news_dag to None, run_after=None
[2025-05-02T23:21:59.747+0000] {processor.py:208} INFO - Processing /opt/airflow/dags/wordcount_dag.py took 0.151 seconds
[2025-05-02T23:22:30.030+0000] {processor.py:186} INFO - Started process (PID=119) to work on /opt/airflow/dags/wordcount_dag.py
[2025-05-02T23:22:30.031+0000] {processor.py:914} INFO - Processing file /opt/airflow/dags/wordcount_dag.py for tasks to queue
[2025-05-02T23:22:30.032+0000] {logging_mixin.py:190} INFO - [2025-05-02T23:22:30.032+0000] {dagbag.py:588} INFO - Filling up the DagBag from /opt/airflow/dags/wordcount_dag.py
[2025-05-02T23:22:30.174+0000] {processor.py:925} INFO - DAG(s) 'news_dag' retrieved from /opt/airflow/dags/wordcount_dag.py
[2025-05-02T23:22:30.182+0000] {logging_mixin.py:190} INFO - [2025-05-02T23:22:30.182+0000] {dag.py:3239} INFO - Sync 1 DAGs
[2025-05-02T23:22:30.187+0000] {logging_mixin.py:190} INFO - [2025-05-02T23:22:30.187+0000] {dag.py:4180} INFO - Setting next_dagrun for news_dag to None, run_after=None
[2025-05-02T23:22:30.195+0000] {processor.py:208} INFO - Processing /opt/airflow/dags/wordcount_dag.py took 0.168 seconds
[2025-05-02T23:23:00.531+0000] {processor.py:186} INFO - Started process (PID=124) to work on /opt/airflow/dags/wordcount_dag.py
[2025-05-02T23:23:00.531+0000] {processor.py:914} INFO - Processing file /opt/airflow/dags/wordcount_dag.py for tasks to queue
[2025-05-02T23:23:00.532+0000] {logging_mixin.py:190} INFO - [2025-05-02T23:23:00.532+0000] {dagbag.py:588} INFO - Filling up the DagBag from /opt/airflow/dags/wordcount_dag.py
[2025-05-02T23:23:00.663+0000] {processor.py:925} INFO - DAG(s) 'news_dag' retrieved from /opt/airflow/dags/wordcount_dag.py
[2025-05-02T23:23:00.670+0000] {logging_mixin.py:190} INFO - [2025-05-02T23:23:00.670+0000] {dag.py:3239} INFO - Sync 1 DAGs
[2025-05-02T23:23:00.674+0000] {logging_mixin.py:190} INFO - [2025-05-02T23:23:00.674+0000] {dag.py:4180} INFO - Setting next_dagrun for news_dag to None, run_after=None
[2025-05-02T23:23:00.680+0000] {processor.py:208} INFO - Processing /opt/airflow/dags/wordcount_dag.py took 0.152 seconds
[2025-05-02T23:23:31.097+0000] {processor.py:186} INFO - Started process (PID=129) to work on /opt/airflow/dags/wordcount_dag.py
[2025-05-02T23:23:31.097+0000] {processor.py:914} INFO - Processing file /opt/airflow/dags/wordcount_dag.py for tasks to queue
[2025-05-02T23:23:31.098+0000] {logging_mixin.py:190} INFO - [2025-05-02T23:23:31.098+0000] {dagbag.py:588} INFO - Filling up the DagBag from /opt/airflow/dags/wordcount_dag.py
[2025-05-02T23:23:31.230+0000] {processor.py:925} INFO - DAG(s) 'news_dag' retrieved from /opt/airflow/dags/wordcount_dag.py
[2025-05-02T23:23:31.238+0000] {logging_mixin.py:190} INFO - [2025-05-02T23:23:31.237+0000] {dag.py:3239} INFO - Sync 1 DAGs
[2025-05-02T23:23:31.242+0000] {logging_mixin.py:190} INFO - [2025-05-02T23:23:31.242+0000] {dag.py:4180} INFO - Setting next_dagrun for news_dag to None, run_after=None
[2025-05-02T23:23:31.248+0000] {processor.py:208} INFO - Processing /opt/airflow/dags/wordcount_dag.py took 0.155 seconds
[2025-05-02T23:24:01.680+0000] {processor.py:186} INFO - Started process (PID=134) to work on /opt/airflow/dags/wordcount_dag.py
[2025-05-02T23:24:01.680+0000] {processor.py:914} INFO - Processing file /opt/airflow/dags/wordcount_dag.py for tasks to queue
[2025-05-02T23:24:01.681+0000] {logging_mixin.py:190} INFO - [2025-05-02T23:24:01.681+0000] {dagbag.py:588} INFO - Filling up the DagBag from /opt/airflow/dags/wordcount_dag.py
[2025-05-02T23:24:01.813+0000] {processor.py:925} INFO - DAG(s) 'news_dag' retrieved from /opt/airflow/dags/wordcount_dag.py
[2025-05-02T23:24:01.821+0000] {logging_mixin.py:190} INFO - [2025-05-02T23:24:01.821+0000] {dag.py:3239} INFO - Sync 1 DAGs
[2025-05-02T23:24:01.825+0000] {logging_mixin.py:190} INFO - [2025-05-02T23:24:01.825+0000] {dag.py:4180} INFO - Setting next_dagrun for news_dag to None, run_after=None
[2025-05-02T23:24:01.830+0000] {processor.py:208} INFO - Processing /opt/airflow/dags/wordcount_dag.py took 0.154 seconds
[2025-05-02T23:24:32.249+0000] {processor.py:186} INFO - Started process (PID=139) to work on /opt/airflow/dags/wordcount_dag.py
[2025-05-02T23:24:32.250+0000] {processor.py:914} INFO - Processing file /opt/airflow/dags/wordcount_dag.py for tasks to queue
[2025-05-02T23:24:32.251+0000] {logging_mixin.py:190} INFO - [2025-05-02T23:24:32.251+0000] {dagbag.py:588} INFO - Filling up the DagBag from /opt/airflow/dags/wordcount_dag.py
[2025-05-02T23:24:32.399+0000] {processor.py:925} INFO - DAG(s) 'news_dag' retrieved from /opt/airflow/dags/wordcount_dag.py
[2025-05-02T23:24:32.408+0000] {logging_mixin.py:190} INFO - [2025-05-02T23:24:32.408+0000] {dag.py:3239} INFO - Sync 1 DAGs
[2025-05-02T23:24:32.413+0000] {logging_mixin.py:190} INFO - [2025-05-02T23:24:32.413+0000] {dag.py:4180} INFO - Setting next_dagrun for news_dag to None, run_after=None
[2025-05-02T23:24:32.419+0000] {processor.py:208} INFO - Processing /opt/airflow/dags/wordcount_dag.py took 0.173 seconds
[2025-05-02T23:25:02.876+0000] {processor.py:186} INFO - Started process (PID=144) to work on /opt/airflow/dags/wordcount_dag.py
[2025-05-02T23:25:02.876+0000] {processor.py:914} INFO - Processing file /opt/airflow/dags/wordcount_dag.py for tasks to queue
[2025-05-02T23:25:02.877+0000] {logging_mixin.py:190} INFO - [2025-05-02T23:25:02.877+0000] {dagbag.py:588} INFO - Filling up the DagBag from /opt/airflow/dags/wordcount_dag.py
[2025-05-02T23:25:03.010+0000] {processor.py:925} INFO - DAG(s) 'news_dag' retrieved from /opt/airflow/dags/wordcount_dag.py
[2025-05-02T23:25:03.018+0000] {logging_mixin.py:190} INFO - [2025-05-02T23:25:03.018+0000] {dag.py:3239} INFO - Sync 1 DAGs
[2025-05-02T23:25:03.022+0000] {logging_mixin.py:190} INFO - [2025-05-02T23:25:03.022+0000] {dag.py:4180} INFO - Setting next_dagrun for news_dag to None, run_after=None
[2025-05-02T23:25:03.028+0000] {processor.py:208} INFO - Processing /opt/airflow/dags/wordcount_dag.py took 0.156 seconds
[2025-05-02T23:25:33.515+0000] {processor.py:186} INFO - Started process (PID=149) to work on /opt/airflow/dags/wordcount_dag.py
[2025-05-02T23:25:33.516+0000] {processor.py:914} INFO - Processing file /opt/airflow/dags/wordcount_dag.py for tasks to queue
[2025-05-02T23:25:33.516+0000] {logging_mixin.py:190} INFO - [2025-05-02T23:25:33.516+0000] {dagbag.py:588} INFO - Filling up the DagBag from /opt/airflow/dags/wordcount_dag.py
[2025-05-02T23:25:33.649+0000] {processor.py:925} INFO - DAG(s) 'news_dag' retrieved from /opt/airflow/dags/wordcount_dag.py
[2025-05-02T23:25:33.657+0000] {logging_mixin.py:190} INFO - [2025-05-02T23:25:33.657+0000] {dag.py:3239} INFO - Sync 1 DAGs
[2025-05-02T23:25:33.662+0000] {logging_mixin.py:190} INFO - [2025-05-02T23:25:33.662+0000] {dag.py:4180} INFO - Setting next_dagrun for news_dag to None, run_after=None
[2025-05-02T23:25:33.667+0000] {processor.py:208} INFO - Processing /opt/airflow/dags/wordcount_dag.py took 0.155 seconds
[2025-05-02T23:26:04.021+0000] {processor.py:186} INFO - Started process (PID=154) to work on /opt/airflow/dags/wordcount_dag.py
[2025-05-02T23:26:04.022+0000] {processor.py:914} INFO - Processing file /opt/airflow/dags/wordcount_dag.py for tasks to queue
[2025-05-02T23:26:04.023+0000] {logging_mixin.py:190} INFO - [2025-05-02T23:26:04.022+0000] {dagbag.py:588} INFO - Filling up the DagBag from /opt/airflow/dags/wordcount_dag.py
[2025-05-02T23:26:04.161+0000] {processor.py:925} INFO - DAG(s) 'news_dag' retrieved from /opt/airflow/dags/wordcount_dag.py
[2025-05-02T23:26:04.171+0000] {logging_mixin.py:190} INFO - [2025-05-02T23:26:04.170+0000] {dag.py:3239} INFO - Sync 1 DAGs
[2025-05-02T23:26:04.177+0000] {logging_mixin.py:190} INFO - [2025-05-02T23:26:04.176+0000] {dag.py:4180} INFO - Setting next_dagrun for news_dag to None, run_after=None
[2025-05-02T23:26:04.184+0000] {processor.py:208} INFO - Processing /opt/airflow/dags/wordcount_dag.py took 0.166 seconds
[2025-05-02T23:26:34.548+0000] {processor.py:186} INFO - Started process (PID=159) to work on /opt/airflow/dags/wordcount_dag.py
[2025-05-02T23:26:34.549+0000] {processor.py:914} INFO - Processing file /opt/airflow/dags/wordcount_dag.py for tasks to queue
[2025-05-02T23:26:34.549+0000] {logging_mixin.py:190} INFO - [2025-05-02T23:26:34.549+0000] {dagbag.py:588} INFO - Filling up the DagBag from /opt/airflow/dags/wordcount_dag.py
[2025-05-02T23:26:34.686+0000] {processor.py:925} INFO - DAG(s) 'news_dag' retrieved from /opt/airflow/dags/wordcount_dag.py
[2025-05-02T23:26:34.695+0000] {logging_mixin.py:190} INFO - [2025-05-02T23:26:34.694+0000] {dag.py:3239} INFO - Sync 1 DAGs
[2025-05-02T23:26:34.699+0000] {logging_mixin.py:190} INFO - [2025-05-02T23:26:34.699+0000] {dag.py:4180} INFO - Setting next_dagrun for news_dag to None, run_after=None
[2025-05-02T23:26:34.705+0000] {processor.py:208} INFO - Processing /opt/airflow/dags/wordcount_dag.py took 0.160 seconds
[2025-05-02T23:27:05.098+0000] {processor.py:186} INFO - Started process (PID=164) to work on /opt/airflow/dags/wordcount_dag.py
[2025-05-02T23:27:05.099+0000] {processor.py:914} INFO - Processing file /opt/airflow/dags/wordcount_dag.py for tasks to queue
[2025-05-02T23:27:05.099+0000] {logging_mixin.py:190} INFO - [2025-05-02T23:27:05.099+0000] {dagbag.py:588} INFO - Filling up the DagBag from /opt/airflow/dags/wordcount_dag.py
[2025-05-02T23:27:05.236+0000] {processor.py:925} INFO - DAG(s) 'news_dag' retrieved from /opt/airflow/dags/wordcount_dag.py
[2025-05-02T23:27:05.243+0000] {logging_mixin.py:190} INFO - [2025-05-02T23:27:05.243+0000] {dag.py:3239} INFO - Sync 1 DAGs
[2025-05-02T23:27:05.247+0000] {logging_mixin.py:190} INFO - [2025-05-02T23:27:05.247+0000] {dag.py:4180} INFO - Setting next_dagrun for news_dag to None, run_after=None
[2025-05-02T23:27:05.253+0000] {processor.py:208} INFO - Processing /opt/airflow/dags/wordcount_dag.py took 0.159 seconds
[2025-05-02T23:27:35.643+0000] {processor.py:186} INFO - Started process (PID=169) to work on /opt/airflow/dags/wordcount_dag.py
[2025-05-02T23:27:35.643+0000] {processor.py:914} INFO - Processing file /opt/airflow/dags/wordcount_dag.py for tasks to queue
[2025-05-02T23:27:35.644+0000] {logging_mixin.py:190} INFO - [2025-05-02T23:27:35.644+0000] {dagbag.py:588} INFO - Filling up the DagBag from /opt/airflow/dags/wordcount_dag.py
[2025-05-02T23:27:35.774+0000] {processor.py:925} INFO - DAG(s) 'news_dag' retrieved from /opt/airflow/dags/wordcount_dag.py
[2025-05-02T23:27:35.781+0000] {logging_mixin.py:190} INFO - [2025-05-02T23:27:35.781+0000] {dag.py:3239} INFO - Sync 1 DAGs
[2025-05-02T23:27:35.785+0000] {logging_mixin.py:190} INFO - [2025-05-02T23:27:35.785+0000] {dag.py:4180} INFO - Setting next_dagrun for news_dag to None, run_after=None
[2025-05-02T23:27:35.790+0000] {processor.py:208} INFO - Processing /opt/airflow/dags/wordcount_dag.py took 0.151 seconds
[2025-05-02T23:28:06.112+0000] {processor.py:186} INFO - Started process (PID=174) to work on /opt/airflow/dags/wordcount_dag.py
[2025-05-02T23:28:06.113+0000] {processor.py:914} INFO - Processing file /opt/airflow/dags/wordcount_dag.py for tasks to queue
[2025-05-02T23:28:06.113+0000] {logging_mixin.py:190} INFO - [2025-05-02T23:28:06.113+0000] {dagbag.py:588} INFO - Filling up the DagBag from /opt/airflow/dags/wordcount_dag.py
[2025-05-02T23:28:06.254+0000] {processor.py:925} INFO - DAG(s) 'news_dag' retrieved from /opt/airflow/dags/wordcount_dag.py
[2025-05-02T23:28:06.266+0000] {logging_mixin.py:190} INFO - [2025-05-02T23:28:06.266+0000] {dag.py:3239} INFO - Sync 1 DAGs
[2025-05-02T23:28:06.271+0000] {logging_mixin.py:190} INFO - [2025-05-02T23:28:06.271+0000] {dag.py:4180} INFO - Setting next_dagrun for news_dag to None, run_after=None
[2025-05-02T23:28:06.278+0000] {processor.py:208} INFO - Processing /opt/airflow/dags/wordcount_dag.py took 0.169 seconds
[2025-05-02T23:28:36.721+0000] {processor.py:186} INFO - Started process (PID=179) to work on /opt/airflow/dags/wordcount_dag.py
[2025-05-02T23:28:36.722+0000] {processor.py:914} INFO - Processing file /opt/airflow/dags/wordcount_dag.py for tasks to queue
[2025-05-02T23:28:36.722+0000] {logging_mixin.py:190} INFO - [2025-05-02T23:28:36.722+0000] {dagbag.py:588} INFO - Filling up the DagBag from /opt/airflow/dags/wordcount_dag.py
[2025-05-02T23:28:36.853+0000] {processor.py:925} INFO - DAG(s) 'news_dag' retrieved from /opt/airflow/dags/wordcount_dag.py
[2025-05-02T23:28:36.862+0000] {logging_mixin.py:190} INFO - [2025-05-02T23:28:36.861+0000] {dag.py:3239} INFO - Sync 1 DAGs
[2025-05-02T23:28:36.866+0000] {logging_mixin.py:190} INFO - [2025-05-02T23:28:36.866+0000] {dag.py:4180} INFO - Setting next_dagrun for news_dag to None, run_after=None
[2025-05-02T23:28:36.872+0000] {processor.py:208} INFO - Processing /opt/airflow/dags/wordcount_dag.py took 0.155 seconds
[2025-05-02T23:29:07.310+0000] {processor.py:186} INFO - Started process (PID=184) to work on /opt/airflow/dags/wordcount_dag.py
[2025-05-02T23:29:07.310+0000] {processor.py:914} INFO - Processing file /opt/airflow/dags/wordcount_dag.py for tasks to queue
[2025-05-02T23:29:07.311+0000] {logging_mixin.py:190} INFO - [2025-05-02T23:29:07.311+0000] {dagbag.py:588} INFO - Filling up the DagBag from /opt/airflow/dags/wordcount_dag.py
[2025-05-02T23:29:07.445+0000] {processor.py:925} INFO - DAG(s) 'news_dag' retrieved from /opt/airflow/dags/wordcount_dag.py
[2025-05-02T23:29:07.452+0000] {logging_mixin.py:190} INFO - [2025-05-02T23:29:07.452+0000] {dag.py:3239} INFO - Sync 1 DAGs
[2025-05-02T23:29:07.456+0000] {logging_mixin.py:190} INFO - [2025-05-02T23:29:07.456+0000] {dag.py:4180} INFO - Setting next_dagrun for news_dag to None, run_after=None
[2025-05-02T23:29:07.462+0000] {processor.py:208} INFO - Processing /opt/airflow/dags/wordcount_dag.py took 0.155 seconds
[2025-05-02T23:29:37.905+0000] {processor.py:186} INFO - Started process (PID=189) to work on /opt/airflow/dags/wordcount_dag.py
[2025-05-02T23:29:37.905+0000] {processor.py:914} INFO - Processing file /opt/airflow/dags/wordcount_dag.py for tasks to queue
[2025-05-02T23:29:37.906+0000] {logging_mixin.py:190} INFO - [2025-05-02T23:29:37.906+0000] {dagbag.py:588} INFO - Filling up the DagBag from /opt/airflow/dags/wordcount_dag.py
[2025-05-02T23:29:38.047+0000] {processor.py:925} INFO - DAG(s) 'news_dag' retrieved from /opt/airflow/dags/wordcount_dag.py
[2025-05-02T23:29:38.056+0000] {logging_mixin.py:190} INFO - [2025-05-02T23:29:38.056+0000] {dag.py:3239} INFO - Sync 1 DAGs
[2025-05-02T23:29:38.060+0000] {logging_mixin.py:190} INFO - [2025-05-02T23:29:38.060+0000] {dag.py:4180} INFO - Setting next_dagrun for news_dag to None, run_after=None
[2025-05-02T23:29:38.067+0000] {processor.py:208} INFO - Processing /opt/airflow/dags/wordcount_dag.py took 0.166 seconds
[2025-05-02T23:30:08.377+0000] {processor.py:186} INFO - Started process (PID=194) to work on /opt/airflow/dags/wordcount_dag.py
[2025-05-02T23:30:08.378+0000] {processor.py:914} INFO - Processing file /opt/airflow/dags/wordcount_dag.py for tasks to queue
[2025-05-02T23:30:08.379+0000] {logging_mixin.py:190} INFO - [2025-05-02T23:30:08.379+0000] {dagbag.py:588} INFO - Filling up the DagBag from /opt/airflow/dags/wordcount_dag.py
[2025-05-02T23:30:08.518+0000] {processor.py:925} INFO - DAG(s) 'news_dag' retrieved from /opt/airflow/dags/wordcount_dag.py
[2025-05-02T23:30:08.527+0000] {logging_mixin.py:190} INFO - [2025-05-02T23:30:08.527+0000] {dag.py:3239} INFO - Sync 1 DAGs
[2025-05-02T23:30:08.533+0000] {logging_mixin.py:190} INFO - [2025-05-02T23:30:08.533+0000] {dag.py:4180} INFO - Setting next_dagrun for news_dag to None, run_after=None
[2025-05-02T23:30:08.540+0000] {processor.py:208} INFO - Processing /opt/airflow/dags/wordcount_dag.py took 0.165 seconds
[2025-05-02T23:30:32.453+0000] {processor.py:186} INFO - Started process (PID=39) to work on /opt/airflow/dags/wordcount_dag.py
[2025-05-02T23:30:32.454+0000] {processor.py:914} INFO - Processing file /opt/airflow/dags/wordcount_dag.py for tasks to queue
[2025-05-02T23:30:32.455+0000] {logging_mixin.py:190} INFO - [2025-05-02T23:30:32.454+0000] {dagbag.py:588} INFO - Filling up the DagBag from /opt/airflow/dags/wordcount_dag.py
[2025-05-02T23:30:32.597+0000] {processor.py:925} INFO - DAG(s) 'news_dag' retrieved from /opt/airflow/dags/wordcount_dag.py
[2025-05-02T23:30:32.606+0000] {logging_mixin.py:190} INFO - [2025-05-02T23:30:32.606+0000] {dag.py:3239} INFO - Sync 1 DAGs
[2025-05-02T23:30:32.611+0000] {logging_mixin.py:190} INFO - [2025-05-02T23:30:32.611+0000] {dag.py:4180} INFO - Setting next_dagrun for news_dag to None, run_after=None
[2025-05-02T23:30:32.619+0000] {processor.py:208} INFO - Processing /opt/airflow/dags/wordcount_dag.py took 0.169 seconds
[2025-05-02T23:31:03.048+0000] {processor.py:186} INFO - Started process (PID=44) to work on /opt/airflow/dags/wordcount_dag.py
[2025-05-02T23:31:03.049+0000] {processor.py:914} INFO - Processing file /opt/airflow/dags/wordcount_dag.py for tasks to queue
[2025-05-02T23:31:03.049+0000] {logging_mixin.py:190} INFO - [2025-05-02T23:31:03.049+0000] {dagbag.py:588} INFO - Filling up the DagBag from /opt/airflow/dags/wordcount_dag.py
[2025-05-02T23:31:03.177+0000] {processor.py:925} INFO - DAG(s) 'news_dag' retrieved from /opt/airflow/dags/wordcount_dag.py
[2025-05-02T23:31:03.185+0000] {logging_mixin.py:190} INFO - [2025-05-02T23:31:03.185+0000] {dag.py:3239} INFO - Sync 1 DAGs
[2025-05-02T23:31:03.190+0000] {logging_mixin.py:190} INFO - [2025-05-02T23:31:03.190+0000] {dag.py:4180} INFO - Setting next_dagrun for news_dag to None, run_after=None
[2025-05-02T23:31:03.197+0000] {processor.py:208} INFO - Processing /opt/airflow/dags/wordcount_dag.py took 0.152 seconds
[2025-05-02T23:31:33.687+0000] {processor.py:186} INFO - Started process (PID=49) to work on /opt/airflow/dags/wordcount_dag.py
[2025-05-02T23:31:33.687+0000] {processor.py:914} INFO - Processing file /opt/airflow/dags/wordcount_dag.py for tasks to queue
[2025-05-02T23:31:33.688+0000] {logging_mixin.py:190} INFO - [2025-05-02T23:31:33.687+0000] {dagbag.py:588} INFO - Filling up the DagBag from /opt/airflow/dags/wordcount_dag.py
[2025-05-02T23:31:33.815+0000] {processor.py:925} INFO - DAG(s) 'news_dag' retrieved from /opt/airflow/dags/wordcount_dag.py
[2025-05-02T23:31:33.822+0000] {logging_mixin.py:190} INFO - [2025-05-02T23:31:33.822+0000] {dag.py:3239} INFO - Sync 1 DAGs
[2025-05-02T23:31:33.826+0000] {logging_mixin.py:190} INFO - [2025-05-02T23:31:33.826+0000] {dag.py:4180} INFO - Setting next_dagrun for news_dag to None, run_after=None
[2025-05-02T23:31:33.832+0000] {processor.py:208} INFO - Processing /opt/airflow/dags/wordcount_dag.py took 0.148 seconds
[2025-05-02T23:32:04.207+0000] {processor.py:186} INFO - Started process (PID=54) to work on /opt/airflow/dags/wordcount_dag.py
[2025-05-02T23:32:04.207+0000] {processor.py:914} INFO - Processing file /opt/airflow/dags/wordcount_dag.py for tasks to queue
[2025-05-02T23:32:04.207+0000] {logging_mixin.py:190} INFO - [2025-05-02T23:32:04.207+0000] {dagbag.py:588} INFO - Filling up the DagBag from /opt/airflow/dags/wordcount_dag.py
[2025-05-02T23:32:04.329+0000] {processor.py:925} INFO - DAG(s) 'news_dag' retrieved from /opt/airflow/dags/wordcount_dag.py
[2025-05-02T23:32:04.336+0000] {logging_mixin.py:190} INFO - [2025-05-02T23:32:04.336+0000] {dag.py:3239} INFO - Sync 1 DAGs
[2025-05-02T23:32:04.339+0000] {logging_mixin.py:190} INFO - [2025-05-02T23:32:04.339+0000] {dag.py:4180} INFO - Setting next_dagrun for news_dag to None, run_after=None
[2025-05-02T23:32:04.344+0000] {processor.py:208} INFO - Processing /opt/airflow/dags/wordcount_dag.py took 0.145 seconds
[2025-05-02T23:32:34.744+0000] {processor.py:186} INFO - Started process (PID=59) to work on /opt/airflow/dags/wordcount_dag.py
[2025-05-02T23:32:34.745+0000] {processor.py:914} INFO - Processing file /opt/airflow/dags/wordcount_dag.py for tasks to queue
[2025-05-02T23:32:34.745+0000] {logging_mixin.py:190} INFO - [2025-05-02T23:32:34.745+0000] {dagbag.py:588} INFO - Filling up the DagBag from /opt/airflow/dags/wordcount_dag.py
[2025-05-02T23:32:34.871+0000] {processor.py:925} INFO - DAG(s) 'news_dag' retrieved from /opt/airflow/dags/wordcount_dag.py
[2025-05-02T23:32:34.879+0000] {logging_mixin.py:190} INFO - [2025-05-02T23:32:34.878+0000] {dag.py:3239} INFO - Sync 1 DAGs
[2025-05-02T23:32:34.883+0000] {logging_mixin.py:190} INFO - [2025-05-02T23:32:34.882+0000] {dag.py:4180} INFO - Setting next_dagrun for news_dag to None, run_after=None
[2025-05-02T23:32:34.890+0000] {processor.py:208} INFO - Processing /opt/airflow/dags/wordcount_dag.py took 0.148 seconds
[2025-05-02T23:33:05.349+0000] {processor.py:186} INFO - Started process (PID=64) to work on /opt/airflow/dags/wordcount_dag.py
[2025-05-02T23:33:05.350+0000] {processor.py:914} INFO - Processing file /opt/airflow/dags/wordcount_dag.py for tasks to queue
[2025-05-02T23:33:05.350+0000] {logging_mixin.py:190} INFO - [2025-05-02T23:33:05.350+0000] {dagbag.py:588} INFO - Filling up the DagBag from /opt/airflow/dags/wordcount_dag.py
[2025-05-02T23:33:05.479+0000] {processor.py:925} INFO - DAG(s) 'news_dag' retrieved from /opt/airflow/dags/wordcount_dag.py
[2025-05-02T23:33:05.486+0000] {logging_mixin.py:190} INFO - [2025-05-02T23:33:05.486+0000] {dag.py:3239} INFO - Sync 1 DAGs
[2025-05-02T23:33:05.490+0000] {logging_mixin.py:190} INFO - [2025-05-02T23:33:05.490+0000] {dag.py:4180} INFO - Setting next_dagrun for news_dag to None, run_after=None
[2025-05-02T23:33:05.496+0000] {processor.py:208} INFO - Processing /opt/airflow/dags/wordcount_dag.py took 0.149 seconds
[2025-05-02T23:33:35.967+0000] {processor.py:186} INFO - Started process (PID=69) to work on /opt/airflow/dags/wordcount_dag.py
[2025-05-02T23:33:35.968+0000] {processor.py:914} INFO - Processing file /opt/airflow/dags/wordcount_dag.py for tasks to queue
[2025-05-02T23:33:35.968+0000] {logging_mixin.py:190} INFO - [2025-05-02T23:33:35.968+0000] {dagbag.py:588} INFO - Filling up the DagBag from /opt/airflow/dags/wordcount_dag.py
[2025-05-02T23:33:36.093+0000] {processor.py:925} INFO - DAG(s) 'news_dag' retrieved from /opt/airflow/dags/wordcount_dag.py
[2025-05-02T23:33:36.100+0000] {logging_mixin.py:190} INFO - [2025-05-02T23:33:36.099+0000] {dag.py:3239} INFO - Sync 1 DAGs
[2025-05-02T23:33:36.103+0000] {logging_mixin.py:190} INFO - [2025-05-02T23:33:36.103+0000] {dag.py:4180} INFO - Setting next_dagrun for news_dag to None, run_after=None
[2025-05-02T23:33:36.109+0000] {processor.py:208} INFO - Processing /opt/airflow/dags/wordcount_dag.py took 0.144 seconds
[2025-05-02T23:35:20.679+0000] {processor.py:186} INFO - Started process (PID=39) to work on /opt/airflow/dags/wordcount_dag.py
[2025-05-02T23:35:20.680+0000] {processor.py:914} INFO - Processing file /opt/airflow/dags/wordcount_dag.py for tasks to queue
[2025-05-02T23:35:20.681+0000] {logging_mixin.py:190} INFO - [2025-05-02T23:35:20.681+0000] {dagbag.py:588} INFO - Filling up the DagBag from /opt/airflow/dags/wordcount_dag.py
[2025-05-02T23:35:20.942+0000] {processor.py:925} INFO - DAG(s) 'news_dag' retrieved from /opt/airflow/dags/wordcount_dag.py
[2025-05-02T23:35:20.953+0000] {logging_mixin.py:190} INFO - [2025-05-02T23:35:20.953+0000] {dag.py:3239} INFO - Sync 1 DAGs
[2025-05-02T23:35:20.960+0000] {logging_mixin.py:190} INFO - [2025-05-02T23:35:20.960+0000] {dag.py:4180} INFO - Setting next_dagrun for news_dag to None, run_after=None
[2025-05-02T23:35:20.985+0000] {processor.py:208} INFO - Processing /opt/airflow/dags/wordcount_dag.py took 0.308 seconds
[2025-05-02T23:35:51.277+0000] {processor.py:186} INFO - Started process (PID=44) to work on /opt/airflow/dags/wordcount_dag.py
[2025-05-02T23:35:51.277+0000] {processor.py:914} INFO - Processing file /opt/airflow/dags/wordcount_dag.py for tasks to queue
[2025-05-02T23:35:51.278+0000] {logging_mixin.py:190} INFO - [2025-05-02T23:35:51.278+0000] {dagbag.py:588} INFO - Filling up the DagBag from /opt/airflow/dags/wordcount_dag.py
[2025-05-02T23:35:51.455+0000] {processor.py:925} INFO - DAG(s) 'news_dag' retrieved from /opt/airflow/dags/wordcount_dag.py
[2025-05-02T23:35:51.464+0000] {logging_mixin.py:190} INFO - [2025-05-02T23:35:51.464+0000] {dag.py:3239} INFO - Sync 1 DAGs
[2025-05-02T23:35:51.469+0000] {logging_mixin.py:190} INFO - [2025-05-02T23:35:51.469+0000] {dag.py:4180} INFO - Setting next_dagrun for news_dag to None, run_after=None
[2025-05-02T23:35:51.476+0000] {processor.py:208} INFO - Processing /opt/airflow/dags/wordcount_dag.py took 0.203 seconds
[2025-05-02T23:36:21.919+0000] {processor.py:186} INFO - Started process (PID=49) to work on /opt/airflow/dags/wordcount_dag.py
[2025-05-02T23:36:21.919+0000] {processor.py:914} INFO - Processing file /opt/airflow/dags/wordcount_dag.py for tasks to queue
[2025-05-02T23:36:21.920+0000] {logging_mixin.py:190} INFO - [2025-05-02T23:36:21.919+0000] {dagbag.py:588} INFO - Filling up the DagBag from /opt/airflow/dags/wordcount_dag.py
[2025-05-02T23:36:22.062+0000] {processor.py:925} INFO - DAG(s) 'news_dag' retrieved from /opt/airflow/dags/wordcount_dag.py
[2025-05-02T23:36:22.070+0000] {logging_mixin.py:190} INFO - [2025-05-02T23:36:22.069+0000] {dag.py:3239} INFO - Sync 1 DAGs
[2025-05-02T23:36:22.075+0000] {logging_mixin.py:190} INFO - [2025-05-02T23:36:22.075+0000] {dag.py:4180} INFO - Setting next_dagrun for news_dag to None, run_after=None
[2025-05-02T23:36:22.082+0000] {processor.py:208} INFO - Processing /opt/airflow/dags/wordcount_dag.py took 0.167 seconds
[2025-05-02T23:36:52.643+0000] {processor.py:186} INFO - Started process (PID=54) to work on /opt/airflow/dags/wordcount_dag.py
[2025-05-02T23:36:52.643+0000] {processor.py:914} INFO - Processing file /opt/airflow/dags/wordcount_dag.py for tasks to queue
[2025-05-02T23:36:52.644+0000] {logging_mixin.py:190} INFO - [2025-05-02T23:36:52.644+0000] {dagbag.py:588} INFO - Filling up the DagBag from /opt/airflow/dags/wordcount_dag.py
[2025-05-02T23:36:52.790+0000] {processor.py:925} INFO - DAG(s) 'news_dag' retrieved from /opt/airflow/dags/wordcount_dag.py
[2025-05-02T23:36:52.801+0000] {logging_mixin.py:190} INFO - [2025-05-02T23:36:52.800+0000] {dag.py:3239} INFO - Sync 1 DAGs
[2025-05-02T23:36:52.805+0000] {logging_mixin.py:190} INFO - [2025-05-02T23:36:52.805+0000] {dag.py:4180} INFO - Setting next_dagrun for news_dag to None, run_after=None
[2025-05-02T23:36:52.814+0000] {processor.py:208} INFO - Processing /opt/airflow/dags/wordcount_dag.py took 0.174 seconds
[2025-05-02T23:37:23.362+0000] {processor.py:186} INFO - Started process (PID=59) to work on /opt/airflow/dags/wordcount_dag.py
[2025-05-02T23:37:23.363+0000] {processor.py:914} INFO - Processing file /opt/airflow/dags/wordcount_dag.py for tasks to queue
[2025-05-02T23:37:23.363+0000] {logging_mixin.py:190} INFO - [2025-05-02T23:37:23.363+0000] {dagbag.py:588} INFO - Filling up the DagBag from /opt/airflow/dags/wordcount_dag.py
[2025-05-02T23:37:23.503+0000] {processor.py:925} INFO - DAG(s) 'news_dag' retrieved from /opt/airflow/dags/wordcount_dag.py
[2025-05-02T23:37:23.511+0000] {logging_mixin.py:190} INFO - [2025-05-02T23:37:23.511+0000] {dag.py:3239} INFO - Sync 1 DAGs
[2025-05-02T23:37:23.516+0000] {logging_mixin.py:190} INFO - [2025-05-02T23:37:23.516+0000] {dag.py:4180} INFO - Setting next_dagrun for news_dag to None, run_after=None
[2025-05-02T23:37:23.524+0000] {processor.py:208} INFO - Processing /opt/airflow/dags/wordcount_dag.py took 0.165 seconds
[2025-05-02T23:37:53.838+0000] {processor.py:186} INFO - Started process (PID=64) to work on /opt/airflow/dags/wordcount_dag.py
[2025-05-02T23:37:53.839+0000] {processor.py:914} INFO - Processing file /opt/airflow/dags/wordcount_dag.py for tasks to queue
[2025-05-02T23:37:53.840+0000] {logging_mixin.py:190} INFO - [2025-05-02T23:37:53.840+0000] {dagbag.py:588} INFO - Filling up the DagBag from /opt/airflow/dags/wordcount_dag.py
[2025-05-02T23:37:53.975+0000] {processor.py:925} INFO - DAG(s) 'news_dag' retrieved from /opt/airflow/dags/wordcount_dag.py
[2025-05-02T23:37:53.983+0000] {logging_mixin.py:190} INFO - [2025-05-02T23:37:53.983+0000] {dag.py:3239} INFO - Sync 1 DAGs
[2025-05-02T23:37:53.988+0000] {logging_mixin.py:190} INFO - [2025-05-02T23:37:53.988+0000] {dag.py:4180} INFO - Setting next_dagrun for news_dag to None, run_after=None
[2025-05-02T23:37:53.995+0000] {processor.py:208} INFO - Processing /opt/airflow/dags/wordcount_dag.py took 0.159 seconds
[2025-05-02T23:38:24.495+0000] {processor.py:186} INFO - Started process (PID=69) to work on /opt/airflow/dags/wordcount_dag.py
[2025-05-02T23:38:24.496+0000] {processor.py:914} INFO - Processing file /opt/airflow/dags/wordcount_dag.py for tasks to queue
[2025-05-02T23:38:24.497+0000] {logging_mixin.py:190} INFO - [2025-05-02T23:38:24.497+0000] {dagbag.py:588} INFO - Filling up the DagBag from /opt/airflow/dags/wordcount_dag.py
[2025-05-02T23:38:24.634+0000] {processor.py:925} INFO - DAG(s) 'news_dag' retrieved from /opt/airflow/dags/wordcount_dag.py
[2025-05-02T23:38:24.643+0000] {logging_mixin.py:190} INFO - [2025-05-02T23:38:24.643+0000] {dag.py:3239} INFO - Sync 1 DAGs
[2025-05-02T23:38:24.648+0000] {logging_mixin.py:190} INFO - [2025-05-02T23:38:24.648+0000] {dag.py:4180} INFO - Setting next_dagrun for news_dag to None, run_after=None
[2025-05-02T23:38:24.654+0000] {processor.py:208} INFO - Processing /opt/airflow/dags/wordcount_dag.py took 0.162 seconds
[2025-05-02T23:38:55.172+0000] {processor.py:186} INFO - Started process (PID=74) to work on /opt/airflow/dags/wordcount_dag.py
[2025-05-02T23:38:55.172+0000] {processor.py:914} INFO - Processing file /opt/airflow/dags/wordcount_dag.py for tasks to queue
[2025-05-02T23:38:55.173+0000] {logging_mixin.py:190} INFO - [2025-05-02T23:38:55.172+0000] {dagbag.py:588} INFO - Filling up the DagBag from /opt/airflow/dags/wordcount_dag.py
[2025-05-02T23:38:55.308+0000] {processor.py:925} INFO - DAG(s) 'news_dag' retrieved from /opt/airflow/dags/wordcount_dag.py
[2025-05-02T23:38:55.316+0000] {logging_mixin.py:190} INFO - [2025-05-02T23:38:55.315+0000] {dag.py:3239} INFO - Sync 1 DAGs
[2025-05-02T23:38:55.319+0000] {logging_mixin.py:190} INFO - [2025-05-02T23:38:55.319+0000] {dag.py:4180} INFO - Setting next_dagrun for news_dag to None, run_after=None
[2025-05-02T23:38:55.324+0000] {processor.py:208} INFO - Processing /opt/airflow/dags/wordcount_dag.py took 0.155 seconds
[2025-05-02T23:39:25.651+0000] {processor.py:186} INFO - Started process (PID=79) to work on /opt/airflow/dags/wordcount_dag.py
[2025-05-02T23:39:25.652+0000] {processor.py:914} INFO - Processing file /opt/airflow/dags/wordcount_dag.py for tasks to queue
[2025-05-02T23:39:25.652+0000] {logging_mixin.py:190} INFO - [2025-05-02T23:39:25.652+0000] {dagbag.py:588} INFO - Filling up the DagBag from /opt/airflow/dags/wordcount_dag.py
[2025-05-02T23:39:25.805+0000] {processor.py:925} INFO - DAG(s) 'news_dag' retrieved from /opt/airflow/dags/wordcount_dag.py
[2025-05-02T23:39:25.815+0000] {logging_mixin.py:190} INFO - [2025-05-02T23:39:25.814+0000] {dag.py:3239} INFO - Sync 1 DAGs
[2025-05-02T23:39:25.819+0000] {logging_mixin.py:190} INFO - [2025-05-02T23:39:25.819+0000] {dag.py:4180} INFO - Setting next_dagrun for news_dag to None, run_after=None
[2025-05-02T23:39:25.827+0000] {processor.py:208} INFO - Processing /opt/airflow/dags/wordcount_dag.py took 0.178 seconds
[2025-05-02T23:39:56.255+0000] {processor.py:186} INFO - Started process (PID=84) to work on /opt/airflow/dags/wordcount_dag.py
[2025-05-02T23:39:56.255+0000] {processor.py:914} INFO - Processing file /opt/airflow/dags/wordcount_dag.py for tasks to queue
[2025-05-02T23:39:56.256+0000] {logging_mixin.py:190} INFO - [2025-05-02T23:39:56.255+0000] {dagbag.py:588} INFO - Filling up the DagBag from /opt/airflow/dags/wordcount_dag.py
[2025-05-02T23:39:56.404+0000] {processor.py:925} INFO - DAG(s) 'news_dag' retrieved from /opt/airflow/dags/wordcount_dag.py
[2025-05-02T23:39:56.413+0000] {logging_mixin.py:190} INFO - [2025-05-02T23:39:56.412+0000] {dag.py:3239} INFO - Sync 1 DAGs
[2025-05-02T23:39:56.418+0000] {logging_mixin.py:190} INFO - [2025-05-02T23:39:56.417+0000] {dag.py:4180} INFO - Setting next_dagrun for news_dag to None, run_after=None
[2025-05-02T23:39:56.425+0000] {processor.py:208} INFO - Processing /opt/airflow/dags/wordcount_dag.py took 0.173 seconds
[2025-05-02T23:40:26.777+0000] {processor.py:186} INFO - Started process (PID=89) to work on /opt/airflow/dags/wordcount_dag.py
[2025-05-02T23:40:26.778+0000] {processor.py:914} INFO - Processing file /opt/airflow/dags/wordcount_dag.py for tasks to queue
[2025-05-02T23:40:26.778+0000] {logging_mixin.py:190} INFO - [2025-05-02T23:40:26.778+0000] {dagbag.py:588} INFO - Filling up the DagBag from /opt/airflow/dags/wordcount_dag.py
[2025-05-02T23:40:26.914+0000] {processor.py:925} INFO - DAG(s) 'news_dag' retrieved from /opt/airflow/dags/wordcount_dag.py
[2025-05-02T23:40:26.921+0000] {logging_mixin.py:190} INFO - [2025-05-02T23:40:26.920+0000] {dag.py:3239} INFO - Sync 1 DAGs
[2025-05-02T23:40:26.924+0000] {logging_mixin.py:190} INFO - [2025-05-02T23:40:26.924+0000] {dag.py:4180} INFO - Setting next_dagrun for news_dag to None, run_after=None
[2025-05-02T23:40:26.929+0000] {processor.py:208} INFO - Processing /opt/airflow/dags/wordcount_dag.py took 0.154 seconds
[2025-05-02T23:40:57.330+0000] {processor.py:186} INFO - Started process (PID=94) to work on /opt/airflow/dags/wordcount_dag.py
[2025-05-02T23:40:57.331+0000] {processor.py:914} INFO - Processing file /opt/airflow/dags/wordcount_dag.py for tasks to queue
[2025-05-02T23:40:57.331+0000] {logging_mixin.py:190} INFO - [2025-05-02T23:40:57.331+0000] {dagbag.py:588} INFO - Filling up the DagBag from /opt/airflow/dags/wordcount_dag.py
[2025-05-02T23:40:57.466+0000] {processor.py:925} INFO - DAG(s) 'news_dag' retrieved from /opt/airflow/dags/wordcount_dag.py
[2025-05-02T23:40:57.473+0000] {logging_mixin.py:190} INFO - [2025-05-02T23:40:57.473+0000] {dag.py:3239} INFO - Sync 1 DAGs
[2025-05-02T23:40:57.478+0000] {logging_mixin.py:190} INFO - [2025-05-02T23:40:57.478+0000] {dag.py:4180} INFO - Setting next_dagrun for news_dag to None, run_after=None
[2025-05-02T23:40:57.484+0000] {processor.py:208} INFO - Processing /opt/airflow/dags/wordcount_dag.py took 0.156 seconds
[2025-05-02T23:41:27.936+0000] {processor.py:186} INFO - Started process (PID=99) to work on /opt/airflow/dags/wordcount_dag.py
[2025-05-02T23:41:27.936+0000] {processor.py:914} INFO - Processing file /opt/airflow/dags/wordcount_dag.py for tasks to queue
[2025-05-02T23:41:27.936+0000] {logging_mixin.py:190} INFO - [2025-05-02T23:41:27.936+0000] {dagbag.py:588} INFO - Filling up the DagBag from /opt/airflow/dags/wordcount_dag.py
[2025-05-02T23:41:28.065+0000] {processor.py:925} INFO - DAG(s) 'news_dag' retrieved from /opt/airflow/dags/wordcount_dag.py
[2025-05-02T23:41:28.072+0000] {logging_mixin.py:190} INFO - [2025-05-02T23:41:28.072+0000] {dag.py:3239} INFO - Sync 1 DAGs
[2025-05-02T23:41:28.075+0000] {logging_mixin.py:190} INFO - [2025-05-02T23:41:28.075+0000] {dag.py:4180} INFO - Setting next_dagrun for news_dag to None, run_after=None
[2025-05-02T23:41:28.080+0000] {processor.py:208} INFO - Processing /opt/airflow/dags/wordcount_dag.py took 0.147 seconds
[2025-05-02T23:41:58.577+0000] {processor.py:186} INFO - Started process (PID=104) to work on /opt/airflow/dags/wordcount_dag.py
[2025-05-02T23:41:58.577+0000] {processor.py:914} INFO - Processing file /opt/airflow/dags/wordcount_dag.py for tasks to queue
[2025-05-02T23:41:58.578+0000] {logging_mixin.py:190} INFO - [2025-05-02T23:41:58.577+0000] {dagbag.py:588} INFO - Filling up the DagBag from /opt/airflow/dags/wordcount_dag.py
[2025-05-02T23:41:58.715+0000] {processor.py:925} INFO - DAG(s) 'news_dag' retrieved from /opt/airflow/dags/wordcount_dag.py
[2025-05-02T23:41:58.722+0000] {logging_mixin.py:190} INFO - [2025-05-02T23:41:58.722+0000] {dag.py:3239} INFO - Sync 1 DAGs
[2025-05-02T23:41:58.726+0000] {logging_mixin.py:190} INFO - [2025-05-02T23:41:58.726+0000] {dag.py:4180} INFO - Setting next_dagrun for news_dag to None, run_after=None
[2025-05-02T23:41:58.732+0000] {processor.py:208} INFO - Processing /opt/airflow/dags/wordcount_dag.py took 0.158 seconds
[2025-05-02T23:42:29.026+0000] {processor.py:186} INFO - Started process (PID=109) to work on /opt/airflow/dags/wordcount_dag.py
[2025-05-02T23:42:29.027+0000] {processor.py:914} INFO - Processing file /opt/airflow/dags/wordcount_dag.py for tasks to queue
[2025-05-02T23:42:29.027+0000] {logging_mixin.py:190} INFO - [2025-05-02T23:42:29.027+0000] {dagbag.py:588} INFO - Filling up the DagBag from /opt/airflow/dags/wordcount_dag.py
[2025-05-02T23:42:29.160+0000] {processor.py:925} INFO - DAG(s) 'news_dag' retrieved from /opt/airflow/dags/wordcount_dag.py
[2025-05-02T23:42:29.167+0000] {logging_mixin.py:190} INFO - [2025-05-02T23:42:29.166+0000] {dag.py:3239} INFO - Sync 1 DAGs
[2025-05-02T23:42:29.170+0000] {logging_mixin.py:190} INFO - [2025-05-02T23:42:29.170+0000] {dag.py:4180} INFO - Setting next_dagrun for news_dag to None, run_after=None
[2025-05-02T23:42:29.175+0000] {processor.py:208} INFO - Processing /opt/airflow/dags/wordcount_dag.py took 0.152 seconds
[2025-05-02T23:43:04.385+0000] {processor.py:186} INFO - Started process (PID=39) to work on /opt/airflow/dags/wordcount_dag.py
[2025-05-02T23:43:04.386+0000] {processor.py:914} INFO - Processing file /opt/airflow/dags/wordcount_dag.py for tasks to queue
[2025-05-02T23:43:04.386+0000] {logging_mixin.py:190} INFO - [2025-05-02T23:43:04.386+0000] {dagbag.py:588} INFO - Filling up the DagBag from /opt/airflow/dags/wordcount_dag.py
[2025-05-02T23:43:04.545+0000] {processor.py:925} INFO - DAG(s) 'news_dag' retrieved from /opt/airflow/dags/wordcount_dag.py
[2025-05-02T23:43:04.553+0000] {logging_mixin.py:190} INFO - [2025-05-02T23:43:04.553+0000] {dag.py:3239} INFO - Sync 1 DAGs
[2025-05-02T23:43:04.557+0000] {logging_mixin.py:190} INFO - [2025-05-02T23:43:04.557+0000] {dag.py:4180} INFO - Setting next_dagrun for news_dag to None, run_after=None
[2025-05-02T23:43:04.564+0000] {processor.py:208} INFO - Processing /opt/airflow/dags/wordcount_dag.py took 0.182 seconds
[2025-05-02T23:43:35.019+0000] {processor.py:186} INFO - Started process (PID=44) to work on /opt/airflow/dags/wordcount_dag.py
[2025-05-02T23:43:35.020+0000] {processor.py:914} INFO - Processing file /opt/airflow/dags/wordcount_dag.py for tasks to queue
[2025-05-02T23:43:35.020+0000] {logging_mixin.py:190} INFO - [2025-05-02T23:43:35.020+0000] {dagbag.py:588} INFO - Filling up the DagBag from /opt/airflow/dags/wordcount_dag.py
[2025-05-02T23:43:35.163+0000] {processor.py:925} INFO - DAG(s) 'news_dag' retrieved from /opt/airflow/dags/wordcount_dag.py
[2025-05-02T23:43:35.170+0000] {logging_mixin.py:190} INFO - [2025-05-02T23:43:35.170+0000] {dag.py:3239} INFO - Sync 1 DAGs
[2025-05-02T23:43:35.175+0000] {logging_mixin.py:190} INFO - [2025-05-02T23:43:35.175+0000] {dag.py:4180} INFO - Setting next_dagrun for news_dag to None, run_after=None
[2025-05-02T23:43:35.182+0000] {processor.py:208} INFO - Processing /opt/airflow/dags/wordcount_dag.py took 0.165 seconds
[2025-05-02T23:44:05.581+0000] {processor.py:186} INFO - Started process (PID=49) to work on /opt/airflow/dags/wordcount_dag.py
[2025-05-02T23:44:05.581+0000] {processor.py:914} INFO - Processing file /opt/airflow/dags/wordcount_dag.py for tasks to queue
[2025-05-02T23:44:05.582+0000] {logging_mixin.py:190} INFO - [2025-05-02T23:44:05.582+0000] {dagbag.py:588} INFO - Filling up the DagBag from /opt/airflow/dags/wordcount_dag.py
[2025-05-02T23:44:05.720+0000] {processor.py:925} INFO - DAG(s) 'news_dag' retrieved from /opt/airflow/dags/wordcount_dag.py
[2025-05-02T23:44:05.728+0000] {logging_mixin.py:190} INFO - [2025-05-02T23:44:05.728+0000] {dag.py:3239} INFO - Sync 1 DAGs
[2025-05-02T23:44:05.733+0000] {logging_mixin.py:190} INFO - [2025-05-02T23:44:05.733+0000] {dag.py:4180} INFO - Setting next_dagrun for news_dag to None, run_after=None
[2025-05-02T23:44:05.739+0000] {processor.py:208} INFO - Processing /opt/airflow/dags/wordcount_dag.py took 0.161 seconds
[2025-05-02T23:44:36.070+0000] {processor.py:186} INFO - Started process (PID=54) to work on /opt/airflow/dags/wordcount_dag.py
[2025-05-02T23:44:36.070+0000] {processor.py:914} INFO - Processing file /opt/airflow/dags/wordcount_dag.py for tasks to queue
[2025-05-02T23:44:36.070+0000] {logging_mixin.py:190} INFO - [2025-05-02T23:44:36.070+0000] {dagbag.py:588} INFO - Filling up the DagBag from /opt/airflow/dags/wordcount_dag.py
[2025-05-02T23:44:36.213+0000] {processor.py:925} INFO - DAG(s) 'news_dag' retrieved from /opt/airflow/dags/wordcount_dag.py
[2025-05-02T23:44:36.220+0000] {logging_mixin.py:190} INFO - [2025-05-02T23:44:36.220+0000] {dag.py:3239} INFO - Sync 1 DAGs
[2025-05-02T23:44:36.224+0000] {logging_mixin.py:190} INFO - [2025-05-02T23:44:36.224+0000] {dag.py:4180} INFO - Setting next_dagrun for news_dag to None, run_after=None
[2025-05-02T23:44:36.229+0000] {processor.py:208} INFO - Processing /opt/airflow/dags/wordcount_dag.py took 0.162 seconds
[2025-05-02T23:45:06.596+0000] {processor.py:186} INFO - Started process (PID=59) to work on /opt/airflow/dags/wordcount_dag.py
[2025-05-02T23:45:06.596+0000] {processor.py:914} INFO - Processing file /opt/airflow/dags/wordcount_dag.py for tasks to queue
[2025-05-02T23:45:06.597+0000] {logging_mixin.py:190} INFO - [2025-05-02T23:45:06.597+0000] {dagbag.py:588} INFO - Filling up the DagBag from /opt/airflow/dags/wordcount_dag.py
[2025-05-02T23:45:06.742+0000] {processor.py:925} INFO - DAG(s) 'news_dag' retrieved from /opt/airflow/dags/wordcount_dag.py
[2025-05-02T23:45:06.751+0000] {logging_mixin.py:190} INFO - [2025-05-02T23:45:06.751+0000] {dag.py:3239} INFO - Sync 1 DAGs
[2025-05-02T23:45:06.756+0000] {logging_mixin.py:190} INFO - [2025-05-02T23:45:06.756+0000] {dag.py:4180} INFO - Setting next_dagrun for news_dag to None, run_after=None
[2025-05-02T23:45:06.765+0000] {processor.py:208} INFO - Processing /opt/airflow/dags/wordcount_dag.py took 0.172 seconds
[2025-05-02T23:45:37.143+0000] {processor.py:186} INFO - Started process (PID=64) to work on /opt/airflow/dags/wordcount_dag.py
[2025-05-02T23:45:37.143+0000] {processor.py:914} INFO - Processing file /opt/airflow/dags/wordcount_dag.py for tasks to queue
[2025-05-02T23:45:37.144+0000] {logging_mixin.py:190} INFO - [2025-05-02T23:45:37.144+0000] {dagbag.py:588} INFO - Filling up the DagBag from /opt/airflow/dags/wordcount_dag.py
[2025-05-02T23:45:37.315+0000] {processor.py:925} INFO - DAG(s) 'news_dag' retrieved from /opt/airflow/dags/wordcount_dag.py
[2025-05-02T23:45:37.322+0000] {logging_mixin.py:190} INFO - [2025-05-02T23:45:37.322+0000] {dag.py:3239} INFO - Sync 1 DAGs
[2025-05-02T23:45:37.326+0000] {logging_mixin.py:190} INFO - [2025-05-02T23:45:37.326+0000] {dag.py:4180} INFO - Setting next_dagrun for news_dag to None, run_after=None
[2025-05-02T23:45:37.332+0000] {processor.py:208} INFO - Processing /opt/airflow/dags/wordcount_dag.py took 0.193 seconds
[2025-05-02T23:46:07.733+0000] {processor.py:186} INFO - Started process (PID=69) to work on /opt/airflow/dags/wordcount_dag.py
[2025-05-02T23:46:07.734+0000] {processor.py:914} INFO - Processing file /opt/airflow/dags/wordcount_dag.py for tasks to queue
[2025-05-02T23:46:07.734+0000] {logging_mixin.py:190} INFO - [2025-05-02T23:46:07.734+0000] {dagbag.py:588} INFO - Filling up the DagBag from /opt/airflow/dags/wordcount_dag.py
[2025-05-02T23:46:07.869+0000] {processor.py:925} INFO - DAG(s) 'news_dag' retrieved from /opt/airflow/dags/wordcount_dag.py
[2025-05-02T23:46:07.876+0000] {logging_mixin.py:190} INFO - [2025-05-02T23:46:07.876+0000] {dag.py:3239} INFO - Sync 1 DAGs
[2025-05-02T23:46:07.880+0000] {logging_mixin.py:190} INFO - [2025-05-02T23:46:07.880+0000] {dag.py:4180} INFO - Setting next_dagrun for news_dag to None, run_after=None
[2025-05-02T23:46:07.886+0000] {processor.py:208} INFO - Processing /opt/airflow/dags/wordcount_dag.py took 0.155 seconds
[2025-05-02T23:46:38.177+0000] {processor.py:186} INFO - Started process (PID=74) to work on /opt/airflow/dags/wordcount_dag.py
[2025-05-02T23:46:38.177+0000] {processor.py:914} INFO - Processing file /opt/airflow/dags/wordcount_dag.py for tasks to queue
[2025-05-02T23:46:38.178+0000] {logging_mixin.py:190} INFO - [2025-05-02T23:46:38.178+0000] {dagbag.py:588} INFO - Filling up the DagBag from /opt/airflow/dags/wordcount_dag.py
[2025-05-02T23:46:38.323+0000] {processor.py:925} INFO - DAG(s) 'news_dag' retrieved from /opt/airflow/dags/wordcount_dag.py
[2025-05-02T23:46:38.333+0000] {logging_mixin.py:190} INFO - [2025-05-02T23:46:38.333+0000] {dag.py:3239} INFO - Sync 1 DAGs
[2025-05-02T23:46:38.338+0000] {logging_mixin.py:190} INFO - [2025-05-02T23:46:38.338+0000] {dag.py:4180} INFO - Setting next_dagrun for news_dag to None, run_after=None
[2025-05-02T23:46:38.345+0000] {processor.py:208} INFO - Processing /opt/airflow/dags/wordcount_dag.py took 0.170 seconds
[2025-05-02T23:47:08.754+0000] {processor.py:186} INFO - Started process (PID=79) to work on /opt/airflow/dags/wordcount_dag.py
[2025-05-02T23:47:08.754+0000] {processor.py:914} INFO - Processing file /opt/airflow/dags/wordcount_dag.py for tasks to queue
[2025-05-02T23:47:08.755+0000] {logging_mixin.py:190} INFO - [2025-05-02T23:47:08.754+0000] {dagbag.py:588} INFO - Filling up the DagBag from /opt/airflow/dags/wordcount_dag.py
[2025-05-02T23:47:08.886+0000] {processor.py:925} INFO - DAG(s) 'news_dag' retrieved from /opt/airflow/dags/wordcount_dag.py
[2025-05-02T23:47:08.893+0000] {logging_mixin.py:190} INFO - [2025-05-02T23:47:08.893+0000] {dag.py:3239} INFO - Sync 1 DAGs
[2025-05-02T23:47:08.897+0000] {logging_mixin.py:190} INFO - [2025-05-02T23:47:08.897+0000] {dag.py:4180} INFO - Setting next_dagrun for news_dag to None, run_after=None
[2025-05-02T23:47:08.902+0000] {processor.py:208} INFO - Processing /opt/airflow/dags/wordcount_dag.py took 0.151 seconds
[2025-05-02T23:47:39.297+0000] {processor.py:186} INFO - Started process (PID=84) to work on /opt/airflow/dags/wordcount_dag.py
[2025-05-02T23:47:39.298+0000] {processor.py:914} INFO - Processing file /opt/airflow/dags/wordcount_dag.py for tasks to queue
[2025-05-02T23:47:39.298+0000] {logging_mixin.py:190} INFO - [2025-05-02T23:47:39.298+0000] {dagbag.py:588} INFO - Filling up the DagBag from /opt/airflow/dags/wordcount_dag.py
[2025-05-02T23:47:39.436+0000] {processor.py:925} INFO - DAG(s) 'news_dag' retrieved from /opt/airflow/dags/wordcount_dag.py
[2025-05-02T23:47:39.443+0000] {logging_mixin.py:190} INFO - [2025-05-02T23:47:39.443+0000] {dag.py:3239} INFO - Sync 1 DAGs
[2025-05-02T23:47:39.447+0000] {logging_mixin.py:190} INFO - [2025-05-02T23:47:39.446+0000] {dag.py:4180} INFO - Setting next_dagrun for news_dag to None, run_after=None
[2025-05-02T23:47:39.453+0000] {processor.py:208} INFO - Processing /opt/airflow/dags/wordcount_dag.py took 0.159 seconds
[2025-05-02T23:48:09.939+0000] {processor.py:186} INFO - Started process (PID=89) to work on /opt/airflow/dags/wordcount_dag.py
[2025-05-02T23:48:09.940+0000] {processor.py:914} INFO - Processing file /opt/airflow/dags/wordcount_dag.py for tasks to queue
[2025-05-02T23:48:09.940+0000] {logging_mixin.py:190} INFO - [2025-05-02T23:48:09.940+0000] {dagbag.py:588} INFO - Filling up the DagBag from /opt/airflow/dags/wordcount_dag.py
[2025-05-02T23:48:10.077+0000] {processor.py:925} INFO - DAG(s) 'news_dag' retrieved from /opt/airflow/dags/wordcount_dag.py
[2025-05-02T23:48:10.085+0000] {logging_mixin.py:190} INFO - [2025-05-02T23:48:10.085+0000] {dag.py:3239} INFO - Sync 1 DAGs
[2025-05-02T23:48:10.089+0000] {logging_mixin.py:190} INFO - [2025-05-02T23:48:10.089+0000] {dag.py:4180} INFO - Setting next_dagrun for news_dag to None, run_after=None
[2025-05-02T23:48:10.094+0000] {processor.py:208} INFO - Processing /opt/airflow/dags/wordcount_dag.py took 0.158 seconds
[2025-05-02T23:48:40.628+0000] {processor.py:186} INFO - Started process (PID=94) to work on /opt/airflow/dags/wordcount_dag.py
[2025-05-02T23:48:40.628+0000] {processor.py:914} INFO - Processing file /opt/airflow/dags/wordcount_dag.py for tasks to queue
[2025-05-02T23:48:40.629+0000] {logging_mixin.py:190} INFO - [2025-05-02T23:48:40.629+0000] {dagbag.py:588} INFO - Filling up the DagBag from /opt/airflow/dags/wordcount_dag.py
[2025-05-02T23:48:40.776+0000] {processor.py:925} INFO - DAG(s) 'news_dag' retrieved from /opt/airflow/dags/wordcount_dag.py
[2025-05-02T23:48:40.784+0000] {logging_mixin.py:190} INFO - [2025-05-02T23:48:40.784+0000] {dag.py:3239} INFO - Sync 1 DAGs
[2025-05-02T23:48:40.789+0000] {logging_mixin.py:190} INFO - [2025-05-02T23:48:40.789+0000] {dag.py:4180} INFO - Setting next_dagrun for news_dag to None, run_after=None
[2025-05-02T23:48:40.796+0000] {processor.py:208} INFO - Processing /opt/airflow/dags/wordcount_dag.py took 0.171 seconds
[2025-05-02T23:49:11.364+0000] {processor.py:186} INFO - Started process (PID=99) to work on /opt/airflow/dags/wordcount_dag.py
[2025-05-02T23:49:11.365+0000] {processor.py:914} INFO - Processing file /opt/airflow/dags/wordcount_dag.py for tasks to queue
[2025-05-02T23:49:11.365+0000] {logging_mixin.py:190} INFO - [2025-05-02T23:49:11.365+0000] {dagbag.py:588} INFO - Filling up the DagBag from /opt/airflow/dags/wordcount_dag.py
[2025-05-02T23:49:11.500+0000] {processor.py:925} INFO - DAG(s) 'news_dag' retrieved from /opt/airflow/dags/wordcount_dag.py
[2025-05-02T23:49:11.507+0000] {logging_mixin.py:190} INFO - [2025-05-02T23:49:11.507+0000] {dag.py:3239} INFO - Sync 1 DAGs
[2025-05-02T23:49:11.511+0000] {logging_mixin.py:190} INFO - [2025-05-02T23:49:11.511+0000] {dag.py:4180} INFO - Setting next_dagrun for news_dag to None, run_after=None
[2025-05-02T23:49:11.516+0000] {processor.py:208} INFO - Processing /opt/airflow/dags/wordcount_dag.py took 0.155 seconds
[2025-05-02T23:49:42.090+0000] {processor.py:186} INFO - Started process (PID=104) to work on /opt/airflow/dags/wordcount_dag.py
[2025-05-02T23:49:42.090+0000] {processor.py:914} INFO - Processing file /opt/airflow/dags/wordcount_dag.py for tasks to queue
[2025-05-02T23:49:42.091+0000] {logging_mixin.py:190} INFO - [2025-05-02T23:49:42.090+0000] {dagbag.py:588} INFO - Filling up the DagBag from /opt/airflow/dags/wordcount_dag.py
[2025-05-02T23:49:42.226+0000] {processor.py:925} INFO - DAG(s) 'news_dag' retrieved from /opt/airflow/dags/wordcount_dag.py
[2025-05-02T23:49:42.233+0000] {logging_mixin.py:190} INFO - [2025-05-02T23:49:42.233+0000] {dag.py:3239} INFO - Sync 1 DAGs
[2025-05-02T23:49:42.238+0000] {logging_mixin.py:190} INFO - [2025-05-02T23:49:42.238+0000] {dag.py:4180} INFO - Setting next_dagrun for news_dag to None, run_after=None
[2025-05-02T23:49:42.243+0000] {processor.py:208} INFO - Processing /opt/airflow/dags/wordcount_dag.py took 0.156 seconds
[2025-05-02T23:50:12.845+0000] {processor.py:186} INFO - Started process (PID=109) to work on /opt/airflow/dags/wordcount_dag.py
[2025-05-02T23:50:12.846+0000] {processor.py:914} INFO - Processing file /opt/airflow/dags/wordcount_dag.py for tasks to queue
[2025-05-02T23:50:12.846+0000] {logging_mixin.py:190} INFO - [2025-05-02T23:50:12.846+0000] {dagbag.py:588} INFO - Filling up the DagBag from /opt/airflow/dags/wordcount_dag.py
[2025-05-02T23:50:12.979+0000] {processor.py:925} INFO - DAG(s) 'news_dag' retrieved from /opt/airflow/dags/wordcount_dag.py
[2025-05-02T23:50:12.986+0000] {logging_mixin.py:190} INFO - [2025-05-02T23:50:12.986+0000] {dag.py:3239} INFO - Sync 1 DAGs
[2025-05-02T23:50:12.990+0000] {logging_mixin.py:190} INFO - [2025-05-02T23:50:12.990+0000] {dag.py:4180} INFO - Setting next_dagrun for news_dag to None, run_after=None
[2025-05-02T23:50:12.995+0000] {processor.py:208} INFO - Processing /opt/airflow/dags/wordcount_dag.py took 0.153 seconds
[2025-05-02T23:50:43.584+0000] {processor.py:186} INFO - Started process (PID=114) to work on /opt/airflow/dags/wordcount_dag.py
[2025-05-02T23:50:43.585+0000] {processor.py:914} INFO - Processing file /opt/airflow/dags/wordcount_dag.py for tasks to queue
[2025-05-02T23:50:43.585+0000] {logging_mixin.py:190} INFO - [2025-05-02T23:50:43.585+0000] {dagbag.py:588} INFO - Filling up the DagBag from /opt/airflow/dags/wordcount_dag.py
[2025-05-02T23:50:43.718+0000] {processor.py:925} INFO - DAG(s) 'news_dag' retrieved from /opt/airflow/dags/wordcount_dag.py
[2025-05-02T23:50:43.725+0000] {logging_mixin.py:190} INFO - [2025-05-02T23:50:43.725+0000] {dag.py:3239} INFO - Sync 1 DAGs
[2025-05-02T23:50:43.729+0000] {logging_mixin.py:190} INFO - [2025-05-02T23:50:43.729+0000] {dag.py:4180} INFO - Setting next_dagrun for news_dag to None, run_after=None
[2025-05-02T23:50:43.734+0000] {processor.py:208} INFO - Processing /opt/airflow/dags/wordcount_dag.py took 0.153 seconds
[2025-05-02T23:51:14.253+0000] {processor.py:186} INFO - Started process (PID=119) to work on /opt/airflow/dags/wordcount_dag.py
[2025-05-02T23:51:14.254+0000] {processor.py:914} INFO - Processing file /opt/airflow/dags/wordcount_dag.py for tasks to queue
[2025-05-02T23:51:14.254+0000] {logging_mixin.py:190} INFO - [2025-05-02T23:51:14.254+0000] {dagbag.py:588} INFO - Filling up the DagBag from /opt/airflow/dags/wordcount_dag.py
[2025-05-02T23:51:14.385+0000] {processor.py:925} INFO - DAG(s) 'news_dag' retrieved from /opt/airflow/dags/wordcount_dag.py
[2025-05-02T23:51:14.392+0000] {logging_mixin.py:190} INFO - [2025-05-02T23:51:14.392+0000] {dag.py:3239} INFO - Sync 1 DAGs
[2025-05-02T23:51:14.396+0000] {logging_mixin.py:190} INFO - [2025-05-02T23:51:14.396+0000] {dag.py:4180} INFO - Setting next_dagrun for news_dag to None, run_after=None
[2025-05-02T23:51:14.401+0000] {processor.py:208} INFO - Processing /opt/airflow/dags/wordcount_dag.py took 0.150 seconds
[2025-05-02T23:51:44.972+0000] {processor.py:186} INFO - Started process (PID=124) to work on /opt/airflow/dags/wordcount_dag.py
[2025-05-02T23:51:44.972+0000] {processor.py:914} INFO - Processing file /opt/airflow/dags/wordcount_dag.py for tasks to queue
[2025-05-02T23:51:44.973+0000] {logging_mixin.py:190} INFO - [2025-05-02T23:51:44.973+0000] {dagbag.py:588} INFO - Filling up the DagBag from /opt/airflow/dags/wordcount_dag.py
[2025-05-02T23:51:45.107+0000] {processor.py:925} INFO - DAG(s) 'news_dag' retrieved from /opt/airflow/dags/wordcount_dag.py
[2025-05-02T23:51:45.114+0000] {logging_mixin.py:190} INFO - [2025-05-02T23:51:45.114+0000] {dag.py:3239} INFO - Sync 1 DAGs
[2025-05-02T23:51:45.119+0000] {logging_mixin.py:190} INFO - [2025-05-02T23:51:45.119+0000] {dag.py:4180} INFO - Setting next_dagrun for news_dag to None, run_after=None
[2025-05-02T23:51:45.124+0000] {processor.py:208} INFO - Processing /opt/airflow/dags/wordcount_dag.py took 0.156 seconds
[2025-05-02T23:52:15.620+0000] {processor.py:186} INFO - Started process (PID=129) to work on /opt/airflow/dags/wordcount_dag.py
[2025-05-02T23:52:15.621+0000] {processor.py:914} INFO - Processing file /opt/airflow/dags/wordcount_dag.py for tasks to queue
[2025-05-02T23:52:15.621+0000] {logging_mixin.py:190} INFO - [2025-05-02T23:52:15.621+0000] {dagbag.py:588} INFO - Filling up the DagBag from /opt/airflow/dags/wordcount_dag.py
[2025-05-02T23:52:15.750+0000] {processor.py:925} INFO - DAG(s) 'news_dag' retrieved from /opt/airflow/dags/wordcount_dag.py
[2025-05-02T23:52:15.758+0000] {logging_mixin.py:190} INFO - [2025-05-02T23:52:15.757+0000] {dag.py:3239} INFO - Sync 1 DAGs
[2025-05-02T23:52:15.761+0000] {logging_mixin.py:190} INFO - [2025-05-02T23:52:15.761+0000] {dag.py:4180} INFO - Setting next_dagrun for news_dag to None, run_after=None
[2025-05-02T23:52:15.766+0000] {processor.py:208} INFO - Processing /opt/airflow/dags/wordcount_dag.py took 0.148 seconds
[2025-05-02T23:52:46.387+0000] {processor.py:186} INFO - Started process (PID=134) to work on /opt/airflow/dags/wordcount_dag.py
[2025-05-02T23:52:46.388+0000] {processor.py:914} INFO - Processing file /opt/airflow/dags/wordcount_dag.py for tasks to queue
[2025-05-02T23:52:46.388+0000] {logging_mixin.py:190} INFO - [2025-05-02T23:52:46.388+0000] {dagbag.py:588} INFO - Filling up the DagBag from /opt/airflow/dags/wordcount_dag.py
[2025-05-02T23:52:46.520+0000] {processor.py:925} INFO - DAG(s) 'news_dag' retrieved from /opt/airflow/dags/wordcount_dag.py
[2025-05-02T23:52:46.528+0000] {logging_mixin.py:190} INFO - [2025-05-02T23:52:46.527+0000] {dag.py:3239} INFO - Sync 1 DAGs
[2025-05-02T23:52:46.532+0000] {logging_mixin.py:190} INFO - [2025-05-02T23:52:46.532+0000] {dag.py:4180} INFO - Setting next_dagrun for news_dag to None, run_after=None
[2025-05-02T23:52:46.537+0000] {processor.py:208} INFO - Processing /opt/airflow/dags/wordcount_dag.py took 0.153 seconds
[2025-05-02T23:53:16.931+0000] {processor.py:186} INFO - Started process (PID=139) to work on /opt/airflow/dags/wordcount_dag.py
[2025-05-02T23:53:16.932+0000] {processor.py:914} INFO - Processing file /opt/airflow/dags/wordcount_dag.py for tasks to queue
[2025-05-02T23:53:16.932+0000] {logging_mixin.py:190} INFO - [2025-05-02T23:53:16.932+0000] {dagbag.py:588} INFO - Filling up the DagBag from /opt/airflow/dags/wordcount_dag.py
[2025-05-02T23:53:17.058+0000] {processor.py:925} INFO - DAG(s) 'news_dag' retrieved from /opt/airflow/dags/wordcount_dag.py
[2025-05-02T23:53:17.064+0000] {logging_mixin.py:190} INFO - [2025-05-02T23:53:17.064+0000] {dag.py:3239} INFO - Sync 1 DAGs
[2025-05-02T23:53:17.068+0000] {logging_mixin.py:190} INFO - [2025-05-02T23:53:17.068+0000] {dag.py:4180} INFO - Setting next_dagrun for news_dag to None, run_after=None
[2025-05-02T23:53:17.074+0000] {processor.py:208} INFO - Processing /opt/airflow/dags/wordcount_dag.py took 0.145 seconds
[2025-05-02T23:53:47.581+0000] {processor.py:186} INFO - Started process (PID=144) to work on /opt/airflow/dags/wordcount_dag.py
[2025-05-02T23:53:47.582+0000] {processor.py:914} INFO - Processing file /opt/airflow/dags/wordcount_dag.py for tasks to queue
[2025-05-02T23:53:47.582+0000] {logging_mixin.py:190} INFO - [2025-05-02T23:53:47.582+0000] {dagbag.py:588} INFO - Filling up the DagBag from /opt/airflow/dags/wordcount_dag.py
[2025-05-02T23:53:47.717+0000] {processor.py:925} INFO - DAG(s) 'news_dag' retrieved from /opt/airflow/dags/wordcount_dag.py
[2025-05-02T23:53:47.724+0000] {logging_mixin.py:190} INFO - [2025-05-02T23:53:47.724+0000] {dag.py:3239} INFO - Sync 1 DAGs
[2025-05-02T23:53:47.728+0000] {logging_mixin.py:190} INFO - [2025-05-02T23:53:47.728+0000] {dag.py:4180} INFO - Setting next_dagrun for news_dag to None, run_after=None
[2025-05-02T23:53:47.733+0000] {processor.py:208} INFO - Processing /opt/airflow/dags/wordcount_dag.py took 0.154 seconds
[2025-05-02T23:54:18.288+0000] {processor.py:186} INFO - Started process (PID=149) to work on /opt/airflow/dags/wordcount_dag.py
[2025-05-02T23:54:18.288+0000] {processor.py:914} INFO - Processing file /opt/airflow/dags/wordcount_dag.py for tasks to queue
[2025-05-02T23:54:18.289+0000] {logging_mixin.py:190} INFO - [2025-05-02T23:54:18.289+0000] {dagbag.py:588} INFO - Filling up the DagBag from /opt/airflow/dags/wordcount_dag.py
[2025-05-02T23:54:18.421+0000] {processor.py:925} INFO - DAG(s) 'news_dag' retrieved from /opt/airflow/dags/wordcount_dag.py
[2025-05-02T23:54:18.428+0000] {logging_mixin.py:190} INFO - [2025-05-02T23:54:18.428+0000] {dag.py:3239} INFO - Sync 1 DAGs
[2025-05-02T23:54:18.432+0000] {logging_mixin.py:190} INFO - [2025-05-02T23:54:18.432+0000] {dag.py:4180} INFO - Setting next_dagrun for news_dag to None, run_after=None
[2025-05-02T23:54:18.438+0000] {processor.py:208} INFO - Processing /opt/airflow/dags/wordcount_dag.py took 0.152 seconds
[2025-05-02T23:54:48.926+0000] {processor.py:186} INFO - Started process (PID=154) to work on /opt/airflow/dags/wordcount_dag.py
[2025-05-02T23:54:48.926+0000] {processor.py:914} INFO - Processing file /opt/airflow/dags/wordcount_dag.py for tasks to queue
[2025-05-02T23:54:48.926+0000] {logging_mixin.py:190} INFO - [2025-05-02T23:54:48.926+0000] {dagbag.py:588} INFO - Filling up the DagBag from /opt/airflow/dags/wordcount_dag.py
[2025-05-02T23:54:49.057+0000] {processor.py:925} INFO - DAG(s) 'news_dag' retrieved from /opt/airflow/dags/wordcount_dag.py
[2025-05-02T23:54:49.063+0000] {logging_mixin.py:190} INFO - [2025-05-02T23:54:49.063+0000] {dag.py:3239} INFO - Sync 1 DAGs
[2025-05-02T23:54:49.068+0000] {logging_mixin.py:190} INFO - [2025-05-02T23:54:49.067+0000] {dag.py:4180} INFO - Setting next_dagrun for news_dag to None, run_after=None
[2025-05-02T23:54:49.072+0000] {processor.py:208} INFO - Processing /opt/airflow/dags/wordcount_dag.py took 0.149 seconds
[2025-05-02T23:55:19.450+0000] {processor.py:186} INFO - Started process (PID=159) to work on /opt/airflow/dags/wordcount_dag.py
[2025-05-02T23:55:19.451+0000] {processor.py:914} INFO - Processing file /opt/airflow/dags/wordcount_dag.py for tasks to queue
[2025-05-02T23:55:19.451+0000] {logging_mixin.py:190} INFO - [2025-05-02T23:55:19.451+0000] {dagbag.py:588} INFO - Filling up the DagBag from /opt/airflow/dags/wordcount_dag.py
[2025-05-02T23:55:19.577+0000] {processor.py:925} INFO - DAG(s) 'news_dag' retrieved from /opt/airflow/dags/wordcount_dag.py
[2025-05-02T23:55:19.584+0000] {logging_mixin.py:190} INFO - [2025-05-02T23:55:19.583+0000] {dag.py:3239} INFO - Sync 1 DAGs
[2025-05-02T23:55:19.587+0000] {logging_mixin.py:190} INFO - [2025-05-02T23:55:19.587+0000] {dag.py:4180} INFO - Setting next_dagrun for news_dag to None, run_after=None
[2025-05-02T23:55:19.592+0000] {processor.py:208} INFO - Processing /opt/airflow/dags/wordcount_dag.py took 0.144 seconds
[2025-05-02T23:55:50.093+0000] {processor.py:186} INFO - Started process (PID=164) to work on /opt/airflow/dags/wordcount_dag.py
[2025-05-02T23:55:50.094+0000] {processor.py:914} INFO - Processing file /opt/airflow/dags/wordcount_dag.py for tasks to queue
[2025-05-02T23:55:50.094+0000] {logging_mixin.py:190} INFO - [2025-05-02T23:55:50.094+0000] {dagbag.py:588} INFO - Filling up the DagBag from /opt/airflow/dags/wordcount_dag.py
[2025-05-02T23:55:50.231+0000] {processor.py:925} INFO - DAG(s) 'news_dag' retrieved from /opt/airflow/dags/wordcount_dag.py
[2025-05-02T23:55:50.239+0000] {logging_mixin.py:190} INFO - [2025-05-02T23:55:50.239+0000] {dag.py:3239} INFO - Sync 1 DAGs
[2025-05-02T23:55:50.243+0000] {logging_mixin.py:190} INFO - [2025-05-02T23:55:50.243+0000] {dag.py:4180} INFO - Setting next_dagrun for news_dag to None, run_after=None
[2025-05-02T23:55:50.248+0000] {processor.py:208} INFO - Processing /opt/airflow/dags/wordcount_dag.py took 0.157 seconds
[2025-05-02T23:56:20.767+0000] {processor.py:186} INFO - Started process (PID=169) to work on /opt/airflow/dags/wordcount_dag.py
[2025-05-02T23:56:20.768+0000] {processor.py:914} INFO - Processing file /opt/airflow/dags/wordcount_dag.py for tasks to queue
[2025-05-02T23:56:20.768+0000] {logging_mixin.py:190} INFO - [2025-05-02T23:56:20.768+0000] {dagbag.py:588} INFO - Filling up the DagBag from /opt/airflow/dags/wordcount_dag.py
[2025-05-02T23:56:20.896+0000] {processor.py:925} INFO - DAG(s) 'news_dag' retrieved from /opt/airflow/dags/wordcount_dag.py
[2025-05-02T23:56:20.902+0000] {logging_mixin.py:190} INFO - [2025-05-02T23:56:20.902+0000] {dag.py:3239} INFO - Sync 1 DAGs
[2025-05-02T23:56:20.906+0000] {logging_mixin.py:190} INFO - [2025-05-02T23:56:20.906+0000] {dag.py:4180} INFO - Setting next_dagrun for news_dag to None, run_after=None
[2025-05-02T23:56:20.911+0000] {processor.py:208} INFO - Processing /opt/airflow/dags/wordcount_dag.py took 0.147 seconds
[2025-05-02T23:56:51.388+0000] {processor.py:186} INFO - Started process (PID=174) to work on /opt/airflow/dags/wordcount_dag.py
[2025-05-02T23:56:51.389+0000] {processor.py:914} INFO - Processing file /opt/airflow/dags/wordcount_dag.py for tasks to queue
[2025-05-02T23:56:51.390+0000] {logging_mixin.py:190} INFO - [2025-05-02T23:56:51.390+0000] {dagbag.py:588} INFO - Filling up the DagBag from /opt/airflow/dags/wordcount_dag.py
[2025-05-02T23:56:51.526+0000] {processor.py:925} INFO - DAG(s) 'news_dag' retrieved from /opt/airflow/dags/wordcount_dag.py
[2025-05-02T23:56:51.534+0000] {logging_mixin.py:190} INFO - [2025-05-02T23:56:51.534+0000] {dag.py:3239} INFO - Sync 1 DAGs
[2025-05-02T23:56:51.538+0000] {logging_mixin.py:190} INFO - [2025-05-02T23:56:51.538+0000] {dag.py:4180} INFO - Setting next_dagrun for news_dag to None, run_after=None
[2025-05-02T23:56:51.544+0000] {processor.py:208} INFO - Processing /opt/airflow/dags/wordcount_dag.py took 0.158 seconds
[2025-05-02T23:57:21.986+0000] {processor.py:186} INFO - Started process (PID=179) to work on /opt/airflow/dags/wordcount_dag.py
[2025-05-02T23:57:21.987+0000] {processor.py:914} INFO - Processing file /opt/airflow/dags/wordcount_dag.py for tasks to queue
[2025-05-02T23:57:21.987+0000] {logging_mixin.py:190} INFO - [2025-05-02T23:57:21.987+0000] {dagbag.py:588} INFO - Filling up the DagBag from /opt/airflow/dags/wordcount_dag.py
[2025-05-02T23:57:22.120+0000] {processor.py:925} INFO - DAG(s) 'news_dag' retrieved from /opt/airflow/dags/wordcount_dag.py
[2025-05-02T23:57:22.127+0000] {logging_mixin.py:190} INFO - [2025-05-02T23:57:22.127+0000] {dag.py:3239} INFO - Sync 1 DAGs
[2025-05-02T23:57:22.131+0000] {logging_mixin.py:190} INFO - [2025-05-02T23:57:22.131+0000] {dag.py:4180} INFO - Setting next_dagrun for news_dag to None, run_after=None
[2025-05-02T23:57:22.136+0000] {processor.py:208} INFO - Processing /opt/airflow/dags/wordcount_dag.py took 0.153 seconds
[2025-05-02T23:57:52.624+0000] {processor.py:186} INFO - Started process (PID=184) to work on /opt/airflow/dags/wordcount_dag.py
[2025-05-02T23:57:52.625+0000] {processor.py:914} INFO - Processing file /opt/airflow/dags/wordcount_dag.py for tasks to queue
[2025-05-02T23:57:52.625+0000] {logging_mixin.py:190} INFO - [2025-05-02T23:57:52.625+0000] {dagbag.py:588} INFO - Filling up the DagBag from /opt/airflow/dags/wordcount_dag.py
[2025-05-02T23:57:52.757+0000] {processor.py:925} INFO - DAG(s) 'news_dag' retrieved from /opt/airflow/dags/wordcount_dag.py
[2025-05-02T23:57:52.763+0000] {logging_mixin.py:190} INFO - [2025-05-02T23:57:52.763+0000] {dag.py:3239} INFO - Sync 1 DAGs
[2025-05-02T23:57:52.767+0000] {logging_mixin.py:190} INFO - [2025-05-02T23:57:52.767+0000] {dag.py:4180} INFO - Setting next_dagrun for news_dag to None, run_after=None
[2025-05-02T23:57:52.772+0000] {processor.py:208} INFO - Processing /opt/airflow/dags/wordcount_dag.py took 0.151 seconds
[2025-05-02T23:58:23.174+0000] {processor.py:186} INFO - Started process (PID=189) to work on /opt/airflow/dags/wordcount_dag.py
[2025-05-02T23:58:23.174+0000] {processor.py:914} INFO - Processing file /opt/airflow/dags/wordcount_dag.py for tasks to queue
[2025-05-02T23:58:23.174+0000] {logging_mixin.py:190} INFO - [2025-05-02T23:58:23.174+0000] {dagbag.py:588} INFO - Filling up the DagBag from /opt/airflow/dags/wordcount_dag.py
[2025-05-02T23:58:23.303+0000] {processor.py:925} INFO - DAG(s) 'news_dag' retrieved from /opt/airflow/dags/wordcount_dag.py
[2025-05-02T23:58:23.310+0000] {logging_mixin.py:190} INFO - [2025-05-02T23:58:23.309+0000] {dag.py:3239} INFO - Sync 1 DAGs
[2025-05-02T23:58:23.313+0000] {logging_mixin.py:190} INFO - [2025-05-02T23:58:23.313+0000] {dag.py:4180} INFO - Setting next_dagrun for news_dag to None, run_after=None
[2025-05-02T23:58:23.318+0000] {processor.py:208} INFO - Processing /opt/airflow/dags/wordcount_dag.py took 0.147 seconds
[2025-05-02T23:58:53.714+0000] {processor.py:186} INFO - Started process (PID=194) to work on /opt/airflow/dags/wordcount_dag.py
[2025-05-02T23:58:53.715+0000] {processor.py:914} INFO - Processing file /opt/airflow/dags/wordcount_dag.py for tasks to queue
[2025-05-02T23:58:53.716+0000] {logging_mixin.py:190} INFO - [2025-05-02T23:58:53.715+0000] {dagbag.py:588} INFO - Filling up the DagBag from /opt/airflow/dags/wordcount_dag.py
[2025-05-02T23:58:53.847+0000] {processor.py:925} INFO - DAG(s) 'news_dag' retrieved from /opt/airflow/dags/wordcount_dag.py
[2025-05-02T23:58:53.854+0000] {logging_mixin.py:190} INFO - [2025-05-02T23:58:53.854+0000] {dag.py:3239} INFO - Sync 1 DAGs
[2025-05-02T23:58:53.858+0000] {logging_mixin.py:190} INFO - [2025-05-02T23:58:53.858+0000] {dag.py:4180} INFO - Setting next_dagrun for news_dag to None, run_after=None
[2025-05-02T23:58:53.863+0000] {processor.py:208} INFO - Processing /opt/airflow/dags/wordcount_dag.py took 0.151 seconds
[2025-05-02T23:59:24.250+0000] {processor.py:186} INFO - Started process (PID=199) to work on /opt/airflow/dags/wordcount_dag.py
[2025-05-02T23:59:24.251+0000] {processor.py:914} INFO - Processing file /opt/airflow/dags/wordcount_dag.py for tasks to queue
[2025-05-02T23:59:24.251+0000] {logging_mixin.py:190} INFO - [2025-05-02T23:59:24.251+0000] {dagbag.py:588} INFO - Filling up the DagBag from /opt/airflow/dags/wordcount_dag.py
[2025-05-02T23:59:24.392+0000] {processor.py:925} INFO - DAG(s) 'news_dag' retrieved from /opt/airflow/dags/wordcount_dag.py
[2025-05-02T23:59:24.400+0000] {logging_mixin.py:190} INFO - [2025-05-02T23:59:24.400+0000] {dag.py:3239} INFO - Sync 1 DAGs
[2025-05-02T23:59:24.405+0000] {logging_mixin.py:190} INFO - [2025-05-02T23:59:24.404+0000] {dag.py:4180} INFO - Setting next_dagrun for news_dag to None, run_after=None
[2025-05-02T23:59:24.412+0000] {processor.py:208} INFO - Processing /opt/airflow/dags/wordcount_dag.py took 0.165 seconds
[2025-05-02T23:59:54.902+0000] {processor.py:186} INFO - Started process (PID=204) to work on /opt/airflow/dags/wordcount_dag.py
[2025-05-02T23:59:54.902+0000] {processor.py:914} INFO - Processing file /opt/airflow/dags/wordcount_dag.py for tasks to queue
[2025-05-02T23:59:54.903+0000] {logging_mixin.py:190} INFO - [2025-05-02T23:59:54.903+0000] {dagbag.py:588} INFO - Filling up the DagBag from /opt/airflow/dags/wordcount_dag.py
[2025-05-02T23:59:55.033+0000] {processor.py:925} INFO - DAG(s) 'news_dag' retrieved from /opt/airflow/dags/wordcount_dag.py
[2025-05-02T23:59:55.040+0000] {logging_mixin.py:190} INFO - [2025-05-02T23:59:55.040+0000] {dag.py:3239} INFO - Sync 1 DAGs
[2025-05-02T23:59:55.044+0000] {logging_mixin.py:190} INFO - [2025-05-02T23:59:55.044+0000] {dag.py:4180} INFO - Setting next_dagrun for news_dag to None, run_after=None
[2025-05-02T23:59:55.049+0000] {processor.py:208} INFO - Processing /opt/airflow/dags/wordcount_dag.py took 0.150 seconds
